{"type":"FeatureCollection","features":[{"type":"Feature","properties":{"i":1176},"geometry":{"type":"Polygon","coordinates":[[[9.05598,45.43928],[9.05618,45.43938],[9.05618,45.43938],[9.05598,45.43928],[9.05598,45.43928]]]}},{"type":"Feature","properties":{"i":1177},"geometry":{"type":"Polygon","coordinates":[[[9.06017,45.43981],[9.06062,45.44005],[9.06092,45.43996],[9.06095,45.43973],[9.0605,45.43949],[9.06019,45.43958],[9.06017,45.43981]]]}},{"type":"Feature","properties":{"i":1179},"geometry":{"type":"Polygon","coordinates":[[[9.05791,45.44215],[9.05811,45.44226],[9.05811,45.44226],[9.05791,45.44215],[9.05791,45.44215]]]}},{"type":"Feature","properties":{"i":1180},"geometry":{"type":"Polygon","coordinates":[[[9.06749,45.43772],[9.06769,45.43782],[9.06769,45.43782],[9.06749,45.43772],[9.06749,45.43772]]]}},{"type":"Feature","properties":{"i":1181},"geometry":{"type":"Polygon","coordinates":[[[9.07197,45.43816],[9.07216,45.43827],[9.07216,45.43827],[9.07197,45.43816],[9.07197,45.43816]]]}},{"type":"Feature","properties":{"i":1182},"geometry":{"type":"Polygon","coordinates":[[[9.06556,45.43485],[9.06576,45.43495],[9.06576,45.43495],[9.06556,45.43485],[9.06556,45.43485]]]}},{"type":"Feature","properties":{"i":1183},"geometry":{"type":"Polygon","coordinates":[[[9.07004,45.43529],[9.07023,45.43539],[9.07023,45.43539],[9.07004,45.43529],[9.07004,45.43529]]]}},{"type":"Feature","properties":{"i":1184},"geometry":{"type":"Polygon","coordinates":[[[9.06485,45.44019],[9.06513,45.44033],[9.06521,45.44031],[9.06522,45.44023],[9.06495,45.44009],[9.06486,45.44011],[9.06485,45.44019]]]}},{"type":"Feature","properties":{"i":1185},"geometry":{"type":"Polygon","coordinates":[[[9.06933,45.44063],[9.06961,45.44077],[9.06969,45.44075],[9.0697,45.44067],[9.06943,45.44053],[9.06934,45.44056],[9.06933,45.44063]]]}},{"type":"Feature","properties":{"i":1186},"geometry":{"type":"Polygon","coordinates":[[[9.06292,45.43731],[9.0632,45.43745],[9.06328,45.43743],[9.06329,45.43736],[9.06302,45.43721],[9.06293,45.43724],[9.06292,45.43731]]]}},{"type":"Feature","properties":{"i":1194},"geometry":{"type":"Polygon","coordinates":[[[9.06108,45.4344],[9.06128,45.43451],[9.06128,45.43451],[9.06108,45.4344],[9.06108,45.4344]]]}},{"type":"Feature","properties":{"i":1196},"geometry":{"type":"Polygon","coordinates":[[[9.05281,45.44703],[9.05301,45.44713],[9.05301,45.44713],[9.05281,45.44703],[9.05281,45.44703]]]}},{"type":"Feature","properties":{"i":1197},"geometry":{"type":"Polygon","coordinates":[[[9.05729,45.44747],[9.05749,45.44757],[9.05749,45.44757],[9.05729,45.44747],[9.05729,45.44747]]]}},{"type":"Feature","properties":{"i":1198},"geometry":{"type":"Polygon","coordinates":[[[9.05536,45.44459],[9.05556,45.44469],[9.05556,45.44469],[9.05536,45.44459],[9.05536,45.44459]]]}},{"type":"Feature","properties":{"i":1199},"geometry":{"type":"Polygon","coordinates":[[[9.05026,45.44946],[9.05046,45.44956],[9.05046,45.44956],[9.05026,45.44946],[9.05026,45.44946]]]}},{"type":"Feature","properties":{"i":1200},"geometry":{"type":"Polygon","coordinates":[[[9.05474,45.4499],[9.05494,45.45001],[9.05494,45.45001],[9.05474,45.4499],[9.05474,45.4499]]]}},{"type":"Feature","properties":{"i":1201},"geometry":{"type":"Polygon","coordinates":[[[9.04833,45.44658],[9.04853,45.44669],[9.04853,45.44669],[9.04833,45.44658],[9.04833,45.44658]]]}},{"type":"Feature","properties":{"i":1202},"geometry":{"type":"Polygon","coordinates":[[[9.06432,45.44547],[9.06452,45.44557],[9.06452,45.44557],[9.06432,45.44547],[9.06432,45.44547]]]}},{"type":"Feature","properties":{"i":1203},"geometry":{"type":"Polygon","coordinates":[[[9.0688,45.44591],[9.069,45.44602],[9.069,45.44602],[9.0688,45.44591],[9.0688,45.44591]]]}},{"type":"Feature","properties":{"i":1204},"geometry":{"type":"Polygon","coordinates":[[[9.06135,45.44293],[9.06245,45.44349],[9.06353,45.44319],[9.06362,45.44237],[9.06253,45.4418],[9.06145,45.44211],[9.06135,45.44293]]]}},{"type":"Feature","properties":{"i":1205},"geometry":{"type":"Polygon","coordinates":[[[9.06687,45.44304],[9.06707,45.44314],[9.06707,45.44314],[9.06687,45.44304],[9.06687,45.44304]]]}},{"type":"Feature","properties":{"i":1206},"geometry":{"type":"Polygon","coordinates":[[[9.06177,45.44791],[9.06197,45.44801],[9.06197,45.44801],[9.06177,45.44791],[9.06177,45.44791]]]}},{"type":"Feature","properties":{"i":1207},"geometry":{"type":"Polygon","coordinates":[[[9.06523,45.44868],[9.06631,45.44924],[9.06737,45.44893],[9.06747,45.44813],[9.06639,45.44757],[9.06532,45.44787],[9.06523,45.44868]]]}},{"type":"Feature","properties":{"i":1208},"geometry":{"type":"Polygon","coordinates":[[[9.05984,45.44503],[9.06004,45.44513],[9.06004,45.44513],[9.05984,45.44503],[9.05984,45.44503]]]}},{"type":"Feature","properties":{"i":1235},"geometry":{"type":"Polygon","coordinates":[[[9.13462,45.41525],[9.13587,45.4159],[9.13714,45.41554],[9.13725,45.41458],[9.136,45.41393],[9.13473,45.41429],[9.13462,45.41525]]]}},{"type":"Feature","properties":{"i":1239},"geometry":{"type":"Polygon","coordinates":[[[9.1332,45.41733],[9.13348,45.41747],[9.13357,45.41745],[9.13357,45.41738],[9.1333,45.41723],[9.13321,45.41726],[9.1332,45.41733]]]}},{"type":"Feature","properties":{"i":1242},"geometry":{"type":"Polygon","coordinates":[[[9.15885,45.41174],[9.15905,45.41184],[9.15905,45.41184],[9.15885,45.41174],[9.15885,45.41174]]]}},{"type":"Feature","properties":{"i":1246},"geometry":{"type":"Polygon","coordinates":[[[9.15631,45.41418],[9.1565,45.41428],[9.1565,45.41428],[9.15631,45.41418],[9.15631,45.41418]]]}},{"type":"Feature","properties":{"i":1248},"geometry":{"type":"Polygon","coordinates":[[[9.16512,45.40998],[9.16598,45.41042],[9.16677,45.4102],[9.16684,45.40959],[9.16598,45.40915],[9.16519,45.40937],[9.16512,45.40998]]]}},{"type":"Feature","properties":{"i":1249},"geometry":{"type":"Polygon","coordinates":[[[9.16812,45.41089],[9.17026,45.41199],[9.1726,45.41133],[9.1728,45.40955],[9.17067,45.40845],[9.16832,45.40912],[9.16812,45.41089]]]}},{"type":"Feature","properties":{"i":1250},"geometry":{"type":"Polygon","coordinates":[[[9.16335,45.40705],[9.16407,45.40742],[9.16469,45.40724],[9.16474,45.40677],[9.16403,45.40639],[9.1634,45.40657],[9.16335,45.40705]]]}},{"type":"Feature","properties":{"i":1251},"geometry":{"type":"Polygon","coordinates":[[[9.16632,45.40797],[9.16834,45.40902],[9.17055,45.40839],[9.17074,45.40672],[9.16871,45.40567],[9.16651,45.4063],[9.16632,45.40797]]]}},{"type":"Feature","properties":{"i":1252},"geometry":{"type":"Polygon","coordinates":[[[9.16176,45.41268],[9.16332,45.41349],[9.16497,45.41302],[9.16511,45.41177],[9.16355,45.41096],[9.1619,45.41143],[9.16176,45.41268]]]}},{"type":"Feature","properties":{"i":1253},"geometry":{"type":"Polygon","coordinates":[[[9.16621,45.41312],[9.1678,45.41394],[9.16947,45.41347],[9.16962,45.4122],[9.16803,45.41138],[9.16636,45.41186],[9.16621,45.41312]]]}},{"type":"Feature","properties":{"i":1254},"geometry":{"type":"Polygon","coordinates":[[[9.1614,45.4093],[9.1616,45.4094],[9.1616,45.4094],[9.1614,45.4093],[9.1614,45.4093]]]}},{"type":"Feature","properties":{"i":1262},"geometry":{"type":"Polygon","coordinates":[[[9.15644,45.40389],[9.15759,45.40448],[9.15872,45.40416],[9.15882,45.40329],[9.15768,45.4027],[9.15654,45.40303],[9.15644,45.40389]]]}},{"type":"Feature","properties":{"i":1263},"geometry":{"type":"Polygon","coordinates":[[[9.16155,45.40413],[9.16215,45.40443],[9.16263,45.4043],[9.16267,45.40393],[9.16207,45.40362],[9.1616,45.40376],[9.16155,45.40413]]]}},{"type":"Feature","properties":{"i":1267},"geometry":{"type":"Polygon","coordinates":[[[9.15839,45.40676],[9.15952,45.40735],[9.16065,45.40703],[9.16075,45.40617],[9.15961,45.40559],[9.15849,45.40591],[9.15839,45.40676]]]}},{"type":"Feature","properties":{"i":1269},"geometry":{"type":"Polygon","coordinates":[[[9.15092,45.41915],[9.15137,45.41938],[9.15168,45.4193],[9.1517,45.41906],[9.15125,45.41883],[9.15095,45.41891],[9.15092,45.41915]]]}},{"type":"Feature","properties":{"i":1270},"geometry":{"type":"Polygon","coordinates":[[[9.15432,45.41993],[9.15571,45.42065],[9.15714,45.42024],[9.15726,45.41916],[9.15588,45.41844],[9.15445,45.41885],[9.15432,45.41993]]]}},{"type":"Feature","properties":{"i":1271},"geometry":{"type":"Polygon","coordinates":[[[9.14889,45.4163],[9.14943,45.41658],[9.14983,45.41646],[9.14986,45.41616],[9.14933,45.41588],[9.14893,45.41599],[9.14889,45.4163]]]}},{"type":"Feature","properties":{"i":1272},"geometry":{"type":"Polygon","coordinates":[[[9.15281,45.41692],[9.15383,45.41744],[9.15482,45.41716],[9.1549,45.41641],[9.15389,45.41589],[9.1529,45.41617],[9.15281,45.41692]]]}},{"type":"Feature","properties":{"i":1273},"geometry":{"type":"Polygon","coordinates":[[[9.14867,45.42149],[9.14886,45.4216],[9.14886,45.4216],[9.14867,45.42149],[9.14867,45.42149]]]}},{"type":"Feature","properties":{"i":1274},"geometry":{"type":"Polygon","coordinates":[[[9.15315,45.42193],[9.15334,45.42203],[9.15334,45.42203],[9.15315,45.42193],[9.15315,45.42193]]]}},{"type":"Feature","properties":{"i":1275},"geometry":{"type":"Polygon","coordinates":[[[9.14665,45.41864],[9.14692,45.41879],[9.14701,45.41876],[9.14702,45.41869],[9.14674,45.41855],[9.14665,45.41857],[9.14665,45.41864]]]}},{"type":"Feature","properties":{"i":1276},"geometry":{"type":"Polygon","coordinates":[[[9.16201,45.41772],[9.16282,45.41814],[9.16357,45.41793],[9.16364,45.41736],[9.16282,45.41694],[9.16207,45.41715],[9.16201,45.41772]]]}},{"type":"Feature","properties":{"i":1277},"geometry":{"type":"Polygon","coordinates":[[[9.16613,45.41827],[9.16726,45.41885],[9.16837,45.41853],[9.16847,45.41769],[9.16735,45.41711],[9.16623,45.41742],[9.16613,45.41827]]]}},{"type":"Feature","properties":{"i":1278},"geometry":{"type":"Polygon","coordinates":[[[9.15974,45.41495],[9.16085,45.41552],[9.16194,45.41521],[9.16203,45.41438],[9.16093,45.41381],[9.15984,45.41412],[9.15974,45.41495]]]}},{"type":"Feature","properties":{"i":1279},"geometry":{"type":"Polygon","coordinates":[[[9.16341,45.41564],[9.16522,45.41658],[9.16715,45.41602],[9.16732,45.41456],[9.16552,45.41363],[9.16358,45.41418],[9.16341,45.41564]]]}},{"type":"Feature","properties":{"i":1280},"geometry":{"type":"Polygon","coordinates":[[[9.15906,45.42029],[9.16022,45.42088],[9.16138,45.42056],[9.16148,45.41968],[9.16032,45.41908],[9.15916,45.41941],[9.15906,45.42029]]]}},{"type":"Feature","properties":{"i":1281},"geometry":{"type":"Polygon","coordinates":[[[9.16408,45.42055],[9.16478,45.42091],[9.16538,45.42074],[9.16543,45.42028],[9.16473,45.41992],[9.16413,45.42009],[9.16408,45.42055]]]}},{"type":"Feature","properties":{"i":1282},"geometry":{"type":"Polygon","coordinates":[[[9.15694,45.41747],[9.15826,45.41815],[9.15962,45.41777],[9.15974,45.41674],[9.15842,45.41605],[9.15706,45.41644],[9.15694,45.41747]]]}},{"type":"Feature","properties":{"i":1373},"geometry":{"type":"Polygon","coordinates":[[[9.1362,45.42848],[9.1367,45.42874],[9.13705,45.42864],[9.13708,45.42837],[9.13658,45.42811],[9.13623,45.42821],[9.1362,45.42848]]]}},{"type":"Feature","properties":{"i":1374},"geometry":{"type":"Polygon","coordinates":[[[9.13979,45.4292],[9.14105,45.42986],[9.14234,45.42949],[9.14245,45.42852],[9.14119,45.42787],[9.13991,45.42823],[9.13979,45.4292]]]}},{"type":"Feature","properties":{"i":1375},"geometry":{"type":"Polygon","coordinates":[[[9.13461,45.4255],[9.13481,45.4256],[9.13481,45.4256],[9.13461,45.4255],[9.13461,45.4255]]]}},{"type":"Feature","properties":{"i":1376},"geometry":{"type":"Polygon","coordinates":[[[9.13819,45.42622],[9.13917,45.42673],[9.1401,45.42646],[9.14018,45.42575],[9.13921,45.42524],[9.13827,45.42551],[9.13819,45.42622]]]}},{"type":"Feature","properties":{"i":1377},"geometry":{"type":"Polygon","coordinates":[[[9.13399,45.43081],[9.13419,45.43091],[9.13419,45.43091],[9.13399,45.43081],[9.13399,45.43081]]]}},{"type":"Feature","properties":{"i":1378},"geometry":{"type":"Polygon","coordinates":[[[9.13847,45.43125],[9.13867,45.43135],[9.13867,45.43135],[9.13847,45.43125],[9.13847,45.43125]]]}},{"type":"Feature","properties":{"i":1379},"geometry":{"type":"Polygon","coordinates":[[[9.13206,45.42793],[9.13226,45.42804],[9.13226,45.42804],[9.13206,45.42793],[9.13206,45.42793]]]}},{"type":"Feature","properties":{"i":1380},"geometry":{"type":"Polygon","coordinates":[[[9.14805,45.42681],[9.14825,45.42691],[9.14825,45.42691],[9.14805,45.42681],[9.14805,45.42681]]]}},{"type":"Feature","properties":{"i":1381},"geometry":{"type":"Polygon","coordinates":[[[9.1503,45.42796],[9.15243,45.42906],[9.15476,45.4284],[9.15496,45.42664],[9.15283,45.42554],[9.1505,45.4262],[9.1503,45.42796]]]}},{"type":"Feature","properties":{"i":1382},"geometry":{"type":"Polygon","coordinates":[[[9.14612,45.42393],[9.14631,45.42404],[9.14631,45.42404],[9.14612,45.42393],[9.14612,45.42393]]]}},{"type":"Feature","properties":{"i":1383},"geometry":{"type":"Polygon","coordinates":[[[9.1506,45.42437],[9.1508,45.42447],[9.1508,45.42447],[9.1506,45.42437],[9.1506,45.42437]]]}},{"type":"Feature","properties":{"i":1384},"geometry":{"type":"Polygon","coordinates":[[[9.14403,45.42972],[9.1455,45.43048],[9.14704,45.43005],[9.14718,45.42888],[9.1457,45.42812],[9.14416,45.42856],[9.14403,45.42972]]]}},{"type":"Feature","properties":{"i":1385},"geometry":{"type":"Polygon","coordinates":[[[9.14777,45.43039],[9.14988,45.43149],[9.15219,45.43083],[9.15239,45.42908],[9.15028,45.42799],[9.14798,45.42865],[9.14777,45.43039]]]}},{"type":"Feature","properties":{"i":1386},"geometry":{"type":"Polygon","coordinates":[[[9.1434,45.42643],[9.14375,45.42661],[9.14392,45.42656],[9.14394,45.42642],[9.14359,45.42624],[9.14342,45.42629],[9.1434,45.42643]]]}},{"type":"Feature","properties":{"i":1388},"geometry":{"type":"Polygon","coordinates":[[[9.13201,45.42283],[9.13279,45.42323],[9.13347,45.42303],[9.13353,45.42251],[9.13276,45.42211],[9.13207,45.42231],[9.13201,45.42283]]]}},{"type":"Feature","properties":{"i":1390},"geometry":{"type":"Polygon","coordinates":[[[9.12919,45.42024],[9.13073,45.42104],[9.13235,45.42058],[9.1325,45.41935],[9.13095,45.41855],[9.12933,45.41901],[9.12919,45.42024]]]}},{"type":"Feature","properties":{"i":1392},"geometry":{"type":"Polygon","coordinates":[[[9.12898,45.42543],[9.13017,45.42604],[9.13137,45.4257],[9.13147,45.42479],[9.13028,45.42418],[9.12908,45.42452],[9.12898,45.42543]]]}},{"type":"Feature","properties":{"i":1394},"geometry":{"type":"Polygon","coordinates":[[[9.13924,45.42077],[9.13984,45.42107],[9.14032,45.42094],[9.14036,45.42057],[9.13976,45.42026],[9.13929,45.4204],[9.13924,45.42077]]]}},{"type":"Feature","properties":{"i":1395},"geometry":{"type":"Polygon","coordinates":[[[9.14418,45.42106],[9.14438,45.42116],[9.14438,45.42116],[9.14418,45.42106],[9.14418,45.42106]]]}},{"type":"Feature","properties":{"i":1397},"geometry":{"type":"Polygon","coordinates":[[[9.14225,45.41818],[9.14245,45.41828],[9.14245,45.41828],[9.14225,45.41818],[9.14225,45.41818]]]}},{"type":"Feature","properties":{"i":1398},"geometry":{"type":"Polygon","coordinates":[[[9.13686,45.42315],[9.13732,45.42339],[9.13762,45.4233],[9.13765,45.42307],[9.13719,45.42283],[9.13689,45.42292],[9.13686,45.42315]]]}},{"type":"Feature","properties":{"i":1399},"geometry":{"type":"Polygon","coordinates":[[[9.14147,45.42355],[9.14181,45.42373],[9.14199,45.42368],[9.142,45.42354],[9.14166,45.42336],[9.14148,45.42341],[9.14147,45.42355]]]}},{"type":"Feature","properties":{"i":1400},"geometry":{"type":"Polygon","coordinates":[[[9.13522,45.42018],[9.13542,45.42028],[9.13542,45.42028],[9.13522,45.42018],[9.13522,45.42018]]]}},{"type":"Feature","properties":{"i":1401},"geometry":{"type":"Polygon","coordinates":[[[9.13243,45.43643],[9.13345,45.43696],[9.13444,45.43668],[9.13452,45.43593],[9.1335,45.4354],[9.13252,45.43568],[9.13243,45.43643]]]}},{"type":"Feature","properties":{"i":1402},"geometry":{"type":"Polygon","coordinates":[[[9.13658,45.43697],[9.13789,45.43765],[9.13922,45.43727],[9.13933,45.43626],[9.13803,45.43559],[9.1367,45.43597],[9.13658,45.43697]]]}},{"type":"Feature","properties":{"i":1403},"geometry":{"type":"Polygon","coordinates":[[[9.13087,45.43343],[9.13157,45.43379],[9.13216,45.43362],[9.13222,45.43317],[9.13152,45.43281],[9.13092,45.43298],[9.13087,45.43343]]]}},{"type":"Feature","properties":{"i":1404},"geometry":{"type":"Polygon","coordinates":[[[9.1353,45.43389],[9.13604,45.43427],[9.13669,45.43409],[9.13674,45.43359],[9.13601,45.43321],[9.13536,45.43339],[9.1353,45.43389]]]}},{"type":"Feature","properties":{"i":1405},"geometry":{"type":"Polygon","coordinates":[[[9.12897,45.43916],[9.13078,45.44009],[9.13272,45.43954],[9.13289,45.43807],[9.13108,45.43714],[9.12914,45.43769],[9.12897,45.43916]]]}},{"type":"Feature","properties":{"i":1406},"geometry":{"type":"Polygon","coordinates":[[[9.1335,45.43958],[9.13526,45.4405],[9.13716,45.43996],[9.13732,45.43853],[9.13556,45.43761],[9.13366,45.43815],[9.1335,45.43958]]]}},{"type":"Feature","properties":{"i":1407},"geometry":{"type":"Polygon","coordinates":[[[9.12837,45.43586],[9.12903,45.43619],[9.12957,45.43604],[9.12962,45.43562],[9.12896,45.43529],[9.12842,45.43544],[9.12837,45.43586]]]}},{"type":"Feature","properties":{"i":1408},"geometry":{"type":"Polygon","coordinates":[[[9.14269,45.43527],[9.14479,45.43635],[9.14709,45.4357],[9.14729,45.43396],[9.14519,45.43288],[9.14289,45.43353],[9.14269,45.43527]]]}},{"type":"Feature","properties":{"i":1409},"geometry":{"type":"Polygon","coordinates":[[[9.1474,45.43563],[9.1493,45.43661],[9.15136,45.43603],[9.15154,45.43448],[9.14964,45.43349],[9.14758,45.43408],[9.1474,45.43563]]]}},{"type":"Feature","properties":{"i":1410},"geometry":{"type":"Polygon","coordinates":[[[9.14167,45.4321],[9.14298,45.43278],[9.14432,45.43239],[9.14444,45.43138],[9.14313,45.4307],[9.14179,45.43108],[9.14167,45.4321]]]}},{"type":"Feature","properties":{"i":1411},"geometry":{"type":"Polygon","coordinates":[[[9.14541,45.43278],[9.14736,45.43379],[9.14948,45.43318],[9.14966,45.43158],[9.14771,45.43057],[9.14559,45.43117],[9.14541,45.43278]]]}},{"type":"Feature","properties":{"i":1412},"geometry":{"type":"Polygon","coordinates":[[[9.14117,45.43738],[9.14238,45.438],[9.1436,45.43766],[9.14371,45.43673],[9.1425,45.43611],[9.14128,45.43645],[9.14117,45.43738]]]}},{"type":"Feature","properties":{"i":1413},"geometry":{"type":"Polygon","coordinates":[[[9.14473,45.43811],[9.14674,45.43914],[9.14892,45.43852],[9.14911,45.43688],[9.1471,45.43584],[9.14493,45.43646],[9.14473,45.43811]]]}},{"type":"Feature","properties":{"i":1414},"geometry":{"type":"Polygon","coordinates":[[[9.14041,45.43413],[9.1406,45.43423],[9.1406,45.43423],[9.14041,45.43413],[9.14041,45.43413]]]}},{"type":"Feature","properties":{"i":1416},"geometry":{"type":"Polygon","coordinates":[[[9.12951,45.43037],[9.12971,45.43048],[9.12971,45.43048],[9.12951,45.43037],[9.12951,45.43037]]]}},{"type":"Feature","properties":{"i":1418},"geometry":{"type":"Polygon","coordinates":[[[9.12617,45.42795],[9.12759,45.42868],[9.12906,45.42826],[9.12919,45.42715],[9.12777,45.42642],[9.1263,45.42683],[9.12617,45.42795]]]}},{"type":"Feature","properties":{"i":1420},"geometry":{"type":"Polygon","coordinates":[[[9.12586,45.43317],[9.12701,45.43376],[9.12817,45.43343],[9.12827,45.43256],[9.12711,45.43196],[9.12596,45.43229],[9.12586,45.43317]]]}},{"type":"Feature","properties":{"i":1574},"geometry":{"type":"Polygon","coordinates":[[[9.26011,45.44121],[9.262,45.44219],[9.26405,45.4416],[9.26423,45.44005],[9.26233,45.43908],[9.26028,45.43966],[9.26011,45.44121]]]}},{"type":"Feature","properties":{"i":1576},"geometry":{"type":"Polygon","coordinates":[[[9.25967,45.43785],[9.26027,45.43816],[9.26075,45.43803],[9.26079,45.43766],[9.26019,45.43735],[9.25971,45.43749],[9.25967,45.43785]]]}},{"type":"Feature","properties":{"i":1577},"geometry":{"type":"Polygon","coordinates":[[[9.26266,45.43877],[9.26455,45.43974],[9.26659,45.43916],[9.26677,45.43761],[9.26488,45.43664],[9.26283,45.43722],[9.26266,45.43877]]]}},{"type":"Feature","properties":{"i":1578},"geometry":{"type":"Polygon","coordinates":[[[9.25814,45.44347],[9.25954,45.44418],[9.26097,45.44377],[9.2611,45.44268],[9.25971,45.44196],[9.25827,45.44238],[9.25814,45.44347]]]}},{"type":"Feature","properties":{"i":1579},"geometry":{"type":"Polygon","coordinates":[[[9.26185,45.44415],[9.26392,45.44522],[9.26617,45.44457],[9.26637,45.44286],[9.2643,45.4418],[9.26204,45.44244],[9.26185,45.44415]]]}},{"type":"Feature","properties":{"i":1580},"geometry":{"type":"Polygon","coordinates":[[[9.25758,45.44015],[9.25778,45.44025],[9.25778,45.44025],[9.25758,45.44015],[9.25758,45.44015]]]}},{"type":"Feature","properties":{"i":1588},"geometry":{"type":"Polygon","coordinates":[[[9.25371,45.4344],[9.2539,45.4345],[9.2539,45.4345],[9.25371,45.4344],[9.25371,45.4344]]]}},{"type":"Feature","properties":{"i":1589},"geometry":{"type":"Polygon","coordinates":[[[9.25819,45.43483],[9.25839,45.43493],[9.25839,45.43493],[9.25819,45.43483],[9.25819,45.43483]]]}},{"type":"Feature","properties":{"i":1590},"geometry":{"type":"Polygon","coordinates":[[[9.25177,45.43152],[9.25196,45.43162],[9.25196,45.43162],[9.25177,45.43152],[9.25177,45.43152]]]}},{"type":"Feature","properties":{"i":1591},"geometry":{"type":"Polygon","coordinates":[[[9.25625,45.43195],[9.25645,45.43206],[9.25645,45.43206],[9.25625,45.43195],[9.25625,45.43195]]]}},{"type":"Feature","properties":{"i":1592},"geometry":{"type":"Polygon","coordinates":[[[9.25116,45.43684],[9.25136,45.43694],[9.25136,45.43694],[9.25116,45.43684],[9.25116,45.43684]]]}},{"type":"Feature","properties":{"i":1593},"geometry":{"type":"Polygon","coordinates":[[[9.25564,45.43727],[9.25584,45.43737],[9.25584,45.43737],[9.25564,45.43727],[9.25564,45.43727]]]}},{"type":"Feature","properties":{"i":1594},"geometry":{"type":"Polygon","coordinates":[[[9.24719,45.43461],[9.24915,45.43562],[9.25127,45.43502],[9.25145,45.43341],[9.24949,45.4324],[9.24737,45.43301],[9.24719,45.43461]]]}},{"type":"Feature","properties":{"i":1599},"geometry":{"type":"Polygon","coordinates":[[[9.26268,45.43526],[9.26287,45.43536],[9.26287,45.43536],[9.26268,45.43526],[9.26268,45.43526]]]}},{"type":"Feature","properties":{"i":1601},"geometry":{"type":"Polygon","coordinates":[[[9.26006,45.43261],[9.26084,45.43301],[9.26155,45.43281],[9.26162,45.43227],[9.26083,45.43186],[9.26012,45.43207],[9.26006,45.43261]]]}},{"type":"Feature","properties":{"i":1602},"geometry":{"type":"Polygon","coordinates":[[[9.25751,45.44879],[9.25893,45.44952],[9.26039,45.4491],[9.26051,45.44799],[9.2591,45.44727],[9.25764,45.44768],[9.25751,45.44879]]]}},{"type":"Feature","properties":{"i":1603},"geometry":{"type":"Polygon","coordinates":[[[9.2634,45.44877],[9.2636,45.44888],[9.2636,45.44888],[9.2634,45.44877],[9.2634,45.44877]]]}},{"type":"Feature","properties":{"i":1604},"geometry":{"type":"Polygon","coordinates":[[[9.25543,45.44596],[9.25697,45.44676],[9.25858,45.44629],[9.25872,45.44507],[9.25718,45.44428],[9.25557,45.44474],[9.25543,45.44596]]]}},{"type":"Feature","properties":{"i":1605},"geometry":{"type":"Polygon","coordinates":[[[9.26078,45.44612],[9.26157,45.44652],[9.26228,45.44632],[9.26234,45.44578],[9.26155,45.44537],[9.26084,45.44558],[9.26078,45.44612]]]}},{"type":"Feature","properties":{"i":1606},"geometry":{"type":"Polygon","coordinates":[[[9.25538,45.4511],[9.25643,45.45164],[9.25747,45.45135],[9.25756,45.45057],[9.2565,45.45002],[9.25547,45.45032],[9.25538,45.4511]]]}},{"type":"Feature","properties":{"i":1607},"geometry":{"type":"Polygon","coordinates":[[[9.26019,45.45143],[9.26097,45.45183],[9.26165,45.45163],[9.26171,45.4511],[9.26094,45.45071],[9.26025,45.4509],[9.26019,45.45143]]]}},{"type":"Feature","properties":{"i":1608},"geometry":{"type":"Polygon","coordinates":[[[9.25254,45.44851],[9.25437,45.44945],[9.25634,45.44889],[9.25651,45.4474],[9.25468,45.44646],[9.25271,45.44702],[9.25254,45.44851]]]}},{"type":"Feature","properties":{"i":1615},"geometry":{"type":"Polygon","coordinates":[[[9.26595,45.44633],[9.26614,45.44643],[9.26614,45.44643],[9.26595,45.44633],[9.26595,45.44633]]]}},{"type":"Feature","properties":{"i":1616},"geometry":{"type":"Polygon","coordinates":[[[9.24998,45.44234],[9.25067,45.4427],[9.25127,45.44253],[9.25132,45.44207],[9.25063,45.44171],[9.25003,45.44188],[9.24998,45.44234]]]}},{"type":"Feature","properties":{"i":1617},"geometry":{"type":"Polygon","coordinates":[[[9.25504,45.44259],[9.25523,45.44269],[9.25523,45.44269],[9.25504,45.44259],[9.25504,45.44259]]]}},{"type":"Feature","properties":{"i":1618},"geometry":{"type":"Polygon","coordinates":[[[9.24861,45.43928],[9.24881,45.43938],[9.24881,45.43938],[9.24861,45.43928],[9.24861,45.43928]]]}},{"type":"Feature","properties":{"i":1619},"geometry":{"type":"Polygon","coordinates":[[[9.2531,45.43971],[9.2533,45.43982],[9.2533,45.43982],[9.2531,45.43971],[9.2531,45.43971]]]}},{"type":"Feature","properties":{"i":1620},"geometry":{"type":"Polygon","coordinates":[[[9.24604,45.44523],[9.24794,45.4462],[9.24999,45.44562],[9.25017,45.44407],[9.24827,45.44309],[9.24622,45.44368],[9.24604,45.44523]]]}},{"type":"Feature","properties":{"i":1621},"geometry":{"type":"Polygon","coordinates":[[[9.25058,45.44564],[9.25243,45.4466],[9.25443,45.44603],[9.2546,45.44452],[9.25275,45.44356],[9.25075,45.44413],[9.25058,45.44564]]]}},{"type":"Feature","properties":{"i":1622},"geometry":{"type":"Polygon","coordinates":[[[9.24432,45.44228],[9.24603,45.44316],[9.24785,45.44264],[9.24801,45.44126],[9.2463,45.44038],[9.24448,45.4409],[9.24432,45.44228]]]}},{"type":"Feature","properties":{"i":1675},"geometry":{"type":"Polygon","coordinates":[[[9.24994,45.42348],[9.25057,45.42381],[9.25108,45.42366],[9.25113,45.42327],[9.2505,45.42295],[9.24999,45.42309],[9.24994,45.42348]]]}},{"type":"Feature","properties":{"i":1684},"geometry":{"type":"Polygon","coordinates":[[[9.23855,45.41477],[9.24012,45.41558],[9.24178,45.41511],[9.24193,45.41385],[9.24035,45.41304],[9.23869,45.41352],[9.23855,45.41477]]]}},{"type":"Feature","properties":{"i":1685},"geometry":{"type":"Polygon","coordinates":[[[9.24462,45.4147],[9.24482,45.4148],[9.24482,45.4148],[9.24462,45.4147],[9.24462,45.4147]]]}},{"type":"Feature","properties":{"i":1686},"geometry":{"type":"Polygon","coordinates":[[[9.2382,45.41139],[9.2384,45.41149],[9.2384,45.41149],[9.2382,45.41139],[9.2382,45.41139]]]}},{"type":"Feature","properties":{"i":1687},"geometry":{"type":"Polygon","coordinates":[[[9.24269,45.41182],[9.24288,45.41192],[9.24288,45.41192],[9.24269,45.41182],[9.24269,45.41182]]]}},{"type":"Feature","properties":{"i":1688},"geometry":{"type":"Polygon","coordinates":[[[9.23594,45.41724],[9.23757,45.41808],[9.2393,45.41758],[9.23945,45.41627],[9.23782,45.41543],[9.23609,45.41593],[9.23594,45.41724]]]}},{"type":"Feature","properties":{"i":1689},"geometry":{"type":"Polygon","coordinates":[[[9.24031,45.41771],[9.24204,45.4186],[9.24388,45.41807],[9.24404,45.41667],[9.24231,45.41578],[9.24047,45.41631],[9.24031,45.41771]]]}},{"type":"Feature","properties":{"i":1690},"geometry":{"type":"Polygon","coordinates":[[[9.23566,45.41383],[9.23585,45.41393],[9.23585,45.41393],[9.23566,45.41383],[9.23566,45.41383]]]}},{"type":"Feature","properties":{"i":1698},"geometry":{"type":"Polygon","coordinates":[[[9.2446,45.42845],[9.24544,45.42889],[9.24622,45.42866],[9.24629,45.42807],[9.24544,45.42763],[9.24466,45.42786],[9.2446,45.42845]]]}},{"type":"Feature","properties":{"i":1699},"geometry":{"type":"Polygon","coordinates":[[[9.24844,45.42909],[9.24984,45.42981],[9.25129,45.4294],[9.25142,45.4283],[9.25001,45.42758],[9.24856,45.42799],[9.24844,45.42909]]]}},{"type":"Feature","properties":{"i":1700},"geometry":{"type":"Polygon","coordinates":[[[9.24341,45.42533],[9.2436,45.42544],[9.2436,45.42544],[9.24341,45.42533],[9.24341,45.42533]]]}},{"type":"Feature","properties":{"i":1701},"geometry":{"type":"Polygon","coordinates":[[[9.24772,45.42582],[9.24807,45.426],[9.24824,45.42595],[9.24826,45.42582],[9.24791,45.42564],[9.24774,45.42569],[9.24772,45.42582]]]}},{"type":"Feature","properties":{"i":1702},"geometry":{"type":"Polygon","coordinates":[[[9.24076,45.43131],[9.24272,45.43232],[9.24485,45.43171],[9.24504,45.4301],[9.24307,45.42909],[9.24094,45.42969],[9.24076,45.43131]]]}},{"type":"Feature","properties":{"i":1703},"geometry":{"type":"Polygon","coordinates":[[[9.24509,45.43179],[9.24719,45.43287],[9.24948,45.43222],[9.24967,45.43048],[9.24758,45.4294],[9.24529,45.43006],[9.24509,45.43179]]]}},{"type":"Feature","properties":{"i":1704},"geometry":{"type":"Polygon","coordinates":[[[9.24086,45.42778],[9.24106,45.42788],[9.24106,45.42788],[9.24086,45.42778],[9.24086,45.42778]]]}},{"type":"Feature","properties":{"i":1709},"geometry":{"type":"Polygon","coordinates":[[[9.25374,45.42926],[9.25444,45.42962],[9.25503,45.42945],[9.25509,45.42899],[9.25439,45.42864],[9.25379,45.42881],[9.25374,45.42926]]]}},{"type":"Feature","properties":{"i":1711},"geometry":{"type":"Polygon","coordinates":[[[9.25028,45.42687],[9.25229,45.42791],[9.25447,45.42728],[9.25466,45.42563],[9.25266,45.4246],[9.25047,45.42522],[9.25028,45.42687]]]}},{"type":"Feature","properties":{"i":1712},"geometry":{"type":"Polygon","coordinates":[[[9.23699,45.42202],[9.23718,45.42212],[9.23718,45.42212],[9.23699,45.42202],[9.23699,45.42202]]]}},{"type":"Feature","properties":{"i":1713},"geometry":{"type":"Polygon","coordinates":[[[9.24147,45.42246],[9.24167,45.42256],[9.24167,45.42256],[9.24147,45.42246],[9.24147,45.42246]]]}},{"type":"Feature","properties":{"i":1714},"geometry":{"type":"Polygon","coordinates":[[[9.23481,45.41922],[9.23522,45.41943],[9.23546,45.41936],[9.23548,45.41917],[9.23508,45.41896],[9.23483,45.41903],[9.23481,45.41922]]]}},{"type":"Feature","properties":{"i":1715},"geometry":{"type":"Polygon","coordinates":[[[9.23829,45.41998],[9.23956,45.42064],[9.24086,45.42027],[9.24097,45.41928],[9.2397,45.41862],[9.2384,45.419],[9.23829,45.41998]]]}},{"type":"Feature","properties":{"i":1716},"geometry":{"type":"Polygon","coordinates":[[[9.23415,45.42456],[9.2346,45.42479],[9.2349,45.42471],[9.23493,45.42447],[9.23448,45.42424],[9.23417,45.42432],[9.23415,45.42456]]]}},{"type":"Feature","properties":{"i":1717},"geometry":{"type":"Polygon","coordinates":[[[9.23892,45.4249],[9.23912,45.425],[9.23912,45.425],[9.23892,45.4249],[9.23892,45.4249]]]}},{"type":"Feature","properties":{"i":1718},"geometry":{"type":"Polygon","coordinates":[[[9.2325,45.42159],[9.2327,45.42169],[9.2327,45.42169],[9.2325,45.42159],[9.2325,45.42159]]]}},{"type":"Feature","properties":{"i":1768},"geometry":{"type":"Polygon","coordinates":[[[9.24204,45.45838],[9.24414,45.45946],[9.24644,45.4588],[9.24664,45.45707],[9.24454,45.45599],[9.24224,45.45664],[9.24204,45.45838]]]}},{"type":"Feature","properties":{"i":1769},"geometry":{"type":"Polygon","coordinates":[[[9.24656,45.4588],[9.24864,45.45987],[9.25089,45.45922],[9.25109,45.45751],[9.24902,45.45645],[9.24676,45.45709],[9.24656,45.4588]]]}},{"type":"Feature","properties":{"i":1770},"geometry":{"type":"Polygon","coordinates":[[[9.24011,45.4555],[9.24221,45.45658],[9.2445,45.45593],[9.24469,45.45419],[9.2426,45.45311],[9.24031,45.45377],[9.24011,45.4555]]]}},{"type":"Feature","properties":{"i":1771},"geometry":{"type":"Polygon","coordinates":[[[9.2447,45.4559],[9.24671,45.45694],[9.24889,45.45631],[9.24908,45.45466],[9.24707,45.45363],[9.24489,45.45425],[9.2447,45.4559]]]}},{"type":"Feature","properties":{"i":1772},"geometry":{"type":"Polygon","coordinates":[[[9.23948,45.46082],[9.24159,45.46191],[9.24391,45.46125],[9.24411,45.4595],[9.24199,45.45841],[9.23968,45.45907],[9.23948,45.46082]]]}},{"type":"Feature","properties":{"i":1773},"geometry":{"type":"Polygon","coordinates":[[[9.24409,45.46122],[9.2461,45.46225],[9.24828,45.46163],[9.24847,45.45998],[9.24646,45.45894],[9.24428,45.45956],[9.24409,45.46122]]]}},{"type":"Feature","properties":{"i":1774},"geometry":{"type":"Polygon","coordinates":[[[9.23803,45.45779],[9.23972,45.45866],[9.24152,45.45815],[9.24168,45.45679],[9.23999,45.45592],[9.23819,45.45643],[9.23803,45.45779]]]}},{"type":"Feature","properties":{"i":1775},"geometry":{"type":"Polygon","coordinates":[[[9.25542,45.45621],[9.25592,45.45646],[9.25627,45.45636],[9.2563,45.45609],[9.2558,45.45583],[9.25545,45.45594],[9.25542,45.45621]]]}},{"type":"Feature","properties":{"i":1776},"geometry":{"type":"Polygon","coordinates":[[[9.25885,45.45698],[9.26026,45.4577],[9.26171,45.45729],[9.26184,45.45619],[9.26043,45.45546],[9.25898,45.45588],[9.25885,45.45698]]]}},{"type":"Feature","properties":{"i":1777},"geometry":{"type":"Polygon","coordinates":[[[9.25359,45.4533],[9.25399,45.45351],[9.25423,45.45344],[9.25426,45.45325],[9.25385,45.45304],[9.25361,45.45311],[9.25359,45.4533]]]}},{"type":"Feature","properties":{"i":1778},"geometry":{"type":"Polygon","coordinates":[[[9.25744,45.45394],[9.25839,45.45442],[9.25929,45.45417],[9.25937,45.45348],[9.25842,45.45299],[9.25752,45.45325],[9.25744,45.45394]]]}},{"type":"Feature","properties":{"i":1779},"geometry":{"type":"Polygon","coordinates":[[[9.25208,45.4589],[9.25326,45.45951],[9.25444,45.45917],[9.25455,45.45828],[9.25336,45.45767],[9.25218,45.45801],[9.25208,45.4589]]]}},{"type":"Feature","properties":{"i":1780},"geometry":{"type":"Polygon","coordinates":[[[9.25663,45.45932],[9.25776,45.4599],[9.25887,45.45958],[9.25897,45.45873],[9.25784,45.45815],[9.25673,45.45847],[9.25663,45.45932]]]}},{"type":"Feature","properties":{"i":1781},"geometry":{"type":"Polygon","coordinates":[[[9.25002,45.45607],[9.25131,45.45673],[9.25261,45.45636],[9.25273,45.45536],[9.25144,45.4547],[9.25013,45.45508],[9.25002,45.45607]]]}},{"type":"Feature","properties":{"i":1782},"geometry":{"type":"Polygon","coordinates":[[[9.23483,45.45182],[9.23594,45.45239],[9.23703,45.45208],[9.23713,45.45125],[9.23602,45.45068],[9.23493,45.45099],[9.23483,45.45182]]]}},{"type":"Feature","properties":{"i":1783},"geometry":{"type":"Polygon","coordinates":[[[9.23892,45.45238],[9.24037,45.45313],[9.24188,45.4527],[9.24201,45.45156],[9.24056,45.45081],[9.23905,45.45124],[9.23892,45.45238]]]}},{"type":"Feature","properties":{"i":1784},"geometry":{"type":"Polygon","coordinates":[[[9.23334,45.4488],[9.23406,45.44917],[9.23468,45.44899],[9.23474,45.44852],[9.23402,45.44815],[9.2334,45.44833],[9.23334,45.4488]]]}},{"type":"Feature","properties":{"i":1785},"geometry":{"type":"Polygon","coordinates":[[[9.23714,45.44946],[9.23845,45.45014],[9.2398,45.44975],[9.23992,45.44873],[9.2386,45.44805],[9.23725,45.44844],[9.23714,45.44946]]]}},{"type":"Feature","properties":{"i":1786},"geometry":{"type":"Polygon","coordinates":[[[9.23333,45.45393],[9.23353,45.45403],[9.23353,45.45403],[9.23333,45.45393],[9.23333,45.45393]]]}},{"type":"Feature","properties":{"i":1787},"geometry":{"type":"Polygon","coordinates":[[[9.23584,45.455],[9.23775,45.45598],[9.23982,45.45539],[9.23999,45.45383],[9.23808,45.45284],[9.23602,45.45343],[9.23584,45.455]]]}},{"type":"Feature","properties":{"i":1788},"geometry":{"type":"Polygon","coordinates":[[[9.23018,45.45144],[9.23143,45.45208],[9.23269,45.45172],[9.2328,45.45076],[9.23156,45.45012],[9.23029,45.45048],[9.23018,45.45144]]]}},{"type":"Feature","properties":{"i":1789},"geometry":{"type":"Polygon","coordinates":[[[9.24612,45.45032],[9.24743,45.45099],[9.24875,45.45061],[9.24887,45.44961],[9.24757,45.44894],[9.24624,45.44932],[9.24612,45.45032]]]}},{"type":"Feature","properties":{"i":1790},"geometry":{"type":"Polygon","coordinates":[[[9.25044,45.45081],[9.25189,45.45156],[9.25339,45.45113],[9.25352,45.44999],[9.25208,45.44924],[9.25057,45.44967],[9.25044,45.45081]]]}},{"type":"Feature","properties":{"i":1791},"geometry":{"type":"Polygon","coordinates":[[[9.24325,45.44775],[9.24536,45.44883],[9.24767,45.44818],[9.24787,45.44643],[9.24576,45.44534],[9.24345,45.446],[9.24325,45.44775]]]}},{"type":"Feature","properties":{"i":1792},"geometry":{"type":"Polygon","coordinates":[[[9.24772,45.44819],[9.24984,45.44928],[9.25217,45.44862],[9.25237,45.44686],[9.25024,45.44576],[9.24792,45.44643],[9.24772,45.44819]]]}},{"type":"Feature","properties":{"i":1793},"geometry":{"type":"Polygon","coordinates":[[[9.24358,45.45276],[9.24488,45.45343],[9.24621,45.45305],[9.24632,45.45205],[9.24502,45.45138],[9.24369,45.45176],[9.24358,45.45276]]]}},{"type":"Feature","properties":{"i":1794},"geometry":{"type":"Polygon","coordinates":[[[9.24842,45.45308],[9.24941,45.4536],[9.25037,45.45332],[9.25045,45.4526],[9.24946,45.45208],[9.2485,45.45236],[9.24842,45.45308]]]}},{"type":"Feature","properties":{"i":1795},"geometry":{"type":"Polygon","coordinates":[[[9.24191,45.4498],[9.24298,45.45035],[9.24402,45.45005],[9.24411,45.44926],[9.24305,45.44871],[9.242,45.44901],[9.24191,45.4498]]]}},{"type":"Feature","properties":{"i":1796},"geometry":{"type":"Polygon","coordinates":[[[9.24025,45.46569],[9.24117,45.46617],[9.24204,45.46592],[9.24212,45.46526],[9.2412,45.46479],[9.24033,45.46504],[9.24025,45.46569]]]}},{"type":"Feature","properties":{"i":1797},"geometry":{"type":"Polygon","coordinates":[[[9.24557,45.46586],[9.24577,45.46596],[9.24577,45.46596],[9.24557,45.46586],[9.24557,45.46586]]]}},{"type":"Feature","properties":{"i":1798},"geometry":{"type":"Polygon","coordinates":[[[9.23725,45.46316],[9.23909,45.46411],[9.24107,45.46355],[9.24125,45.46205],[9.2394,45.4611],[9.23742,45.46166],[9.23725,45.46316]]]}},{"type":"Feature","properties":{"i":1799},"geometry":{"type":"Polygon","coordinates":[[[9.24204,45.4635],[9.24362,45.46431],[9.24528,45.46383],[9.24542,45.46258],[9.24385,45.46177],[9.24219,45.46224],[9.24204,45.4635]]]}},{"type":"Feature","properties":{"i":1800},"geometry":{"type":"Polygon","coordinates":[[[9.23728,45.46827],[9.23857,45.46894],[9.23988,45.46856],[9.24,45.46757],[9.23871,45.4669],[9.23739,45.46728],[9.23728,45.46827]]]}},{"type":"Feature","properties":{"i":1801},"geometry":{"type":"Polygon","coordinates":[[[9.24216,45.46858],[9.24311,45.46907],[9.24401,45.46881],[9.24409,45.46813],[9.24314,45.46764],[9.24224,45.4679],[9.24216,45.46858]]]}},{"type":"Feature","properties":{"i":1802},"geometry":{"type":"Polygon","coordinates":[[[9.23449,45.46567],[9.23651,45.46671],[9.23872,45.46608],[9.23891,45.46442],[9.23688,45.46338],[9.23468,45.464],[9.23449,45.46567]]]}},{"type":"Feature","properties":{"i":1803},"geometry":{"type":"Polygon","coordinates":[[[9.25261,45.46386],[9.2528,45.46396],[9.2528,45.46396],[9.25261,45.46386],[9.25261,45.46386]]]}},{"type":"Feature","properties":{"i":1804},"geometry":{"type":"Polygon","coordinates":[[[9.25692,45.46434],[9.25727,45.46452],[9.25744,45.46447],[9.25746,45.46434],[9.25711,45.46416],[9.25694,45.46421],[9.25692,45.46434]]]}},{"type":"Feature","properties":{"i":1805},"geometry":{"type":"Polygon","coordinates":[[[9.24904,45.4615],[9.25065,45.46233],[9.25235,45.46185],[9.25249,45.46056],[9.25088,45.45973],[9.24919,45.46022],[9.24904,45.4615]]]}},{"type":"Feature","properties":{"i":1806},"geometry":{"type":"Polygon","coordinates":[[[9.25435,45.46167],[9.25524,45.46214],[9.25608,45.4619],[9.25616,45.46126],[9.25526,45.4608],[9.25442,45.46104],[9.25435,45.46167]]]}},{"type":"Feature","properties":{"i":1807},"geometry":{"type":"Polygon","coordinates":[[[9.24954,45.46646],[9.25019,45.4668],[9.25073,45.46665],[9.25078,45.46623],[9.25013,45.4659],[9.24958,45.46605],[9.24954,45.46646]]]}},{"type":"Feature","properties":{"i":1808},"geometry":{"type":"Polygon","coordinates":[[[9.25397,45.46692],[9.25467,45.46728],[9.25527,45.4671],[9.25532,45.46665],[9.25462,45.46629],[9.25402,45.46646],[9.25397,45.46692]]]}},{"type":"Feature","properties":{"i":1809},"geometry":{"type":"Polygon","coordinates":[[[9.24763,45.46358],[9.24825,45.4639],[9.24877,45.46376],[9.24881,45.46337],[9.24818,45.46304],[9.24767,45.46319],[9.24763,45.46358]]]}},{"type":"Feature","properties":{"i":1810},"geometry":{"type":"Polygon","coordinates":[[[9.23127,45.45971],[9.23273,45.46046],[9.23424,45.46003],[9.23438,45.45888],[9.23292,45.45813],[9.2314,45.45856],[9.23127,45.45971]]]}},{"type":"Feature","properties":{"i":1811},"geometry":{"type":"Polygon","coordinates":[[[9.2355,45.46022],[9.23718,45.46109],[9.23896,45.46058],[9.23911,45.45923],[9.23744,45.45837],[9.23566,45.45888],[9.2355,45.46022]]]}},{"type":"Feature","properties":{"i":1812},"geometry":{"type":"Polygon","coordinates":[[[9.23044,45.45648],[9.23094,45.45673],[9.23129,45.45663],[9.23133,45.45636],[9.23083,45.4561],[9.23047,45.4562],[9.23044,45.45648]]]}},{"type":"Feature","properties":{"i":1813},"geometry":{"type":"Polygon","coordinates":[[[9.23481,45.45695],[9.23541,45.45726],[9.23589,45.45712],[9.23593,45.45676],[9.23533,45.45645],[9.23485,45.45658],[9.23481,45.45695]]]}},{"type":"Feature","properties":{"i":1814},"geometry":{"type":"Polygon","coordinates":[[[9.22793,45.4624],[9.23007,45.46351],[9.23242,45.46284],[9.23262,45.46107],[9.23048,45.45996],[9.22813,45.46063],[9.22793,45.4624]]]}},{"type":"Feature","properties":{"i":1815},"geometry":{"type":"Polygon","coordinates":[[[9.23242,45.46284],[9.23456,45.46394],[9.2369,45.46327],[9.23711,45.4615],[9.23496,45.4604],[9.23262,45.46107],[9.23242,45.46284]]]}},{"type":"Feature","properties":{"i":1816},"geometry":{"type":"Polygon","coordinates":[[[9.22679,45.45927],[9.22824,45.46002],[9.22976,45.45959],[9.22989,45.45844],[9.22843,45.4577],[9.22692,45.45813],[9.22679,45.45927]]]}},{"type":"Feature","properties":{"i":1837},"geometry":{"type":"Polygon","coordinates":[[[9.26136,45.45455],[9.2628,45.4553],[9.2643,45.45487],[9.26443,45.45373],[9.26299,45.45299],[9.26148,45.45342],[9.26136,45.45455]]]}},{"type":"Feature","properties":{"i":1845},"geometry":{"type":"Polygon","coordinates":[[[9.27211,45.46859],[9.27264,45.46887],[9.27304,45.46875],[9.27308,45.46844],[9.27254,45.46817],[9.27214,45.46828],[9.27211,45.46859]]]}},{"type":"Feature","properties":{"i":1847},"geometry":{"type":"Polygon","coordinates":[[[9.27055,45.46559],[9.27075,45.46569],[9.27075,45.46569],[9.27055,45.46559],[9.27055,45.46559]]]}},{"type":"Feature","properties":{"i":1849},"geometry":{"type":"Polygon","coordinates":[[[9.2694,45.47108],[9.27007,45.47143],[9.27064,45.47127],[9.27069,45.47083],[9.27002,45.47049],[9.26945,45.47065],[9.2694,45.47108]]]}},{"type":"Feature","properties":{"i":1851},"geometry":{"type":"Polygon","coordinates":[[[9.26801,45.46803],[9.2682,45.46813],[9.2682,45.46813],[9.26801,45.46803],[9.26801,45.46803]]]}},{"type":"Feature","properties":{"i":1859},"geometry":{"type":"Polygon","coordinates":[[[9.26374,45.46241],[9.26427,45.46268],[9.26468,45.46257],[9.26471,45.46226],[9.26418,45.46199],[9.26377,45.4621],[9.26374,45.46241]]]}},{"type":"Feature","properties":{"i":1860},"geometry":{"type":"Polygon","coordinates":[[[9.26823,45.46284],[9.26876,45.46312],[9.26916,45.463],[9.2692,45.46269],[9.26866,45.46242],[9.26826,45.46253],[9.26823,45.46284]]]}},{"type":"Feature","properties":{"i":1861},"geometry":{"type":"Polygon","coordinates":[[[9.26133,45.45968],[9.26227,45.46017],[9.26316,45.45991],[9.26324,45.45924],[9.2623,45.45875],[9.26141,45.45901],[9.26133,45.45968]]]}},{"type":"Feature","properties":{"i":1862},"geometry":{"type":"Polygon","coordinates":[[[9.26638,45.45994],[9.26683,45.46017],[9.26714,45.46008],[9.26716,45.45985],[9.26671,45.45962],[9.26641,45.4597],[9.26638,45.45994]]]}},{"type":"Feature","properties":{"i":1863},"geometry":{"type":"Polygon","coordinates":[[[9.26158,45.46472],[9.26178,45.46483],[9.26178,45.46483],[9.26158,45.46472],[9.26158,45.46472]]]}},{"type":"Feature","properties":{"i":1864},"geometry":{"type":"Polygon","coordinates":[[[9.26607,45.46516],[9.26626,45.46526],[9.26626,45.46526],[9.26607,45.46516],[9.26607,45.46516]]]}},{"type":"Feature","properties":{"i":1865},"geometry":{"type":"Polygon","coordinates":[[[9.25894,45.46207],[9.25975,45.46249],[9.26047,45.46228],[9.26054,45.46173],[9.25973,45.46131],[9.259,45.46152],[9.25894,45.46207]]]}},{"type":"Feature","properties":{"i":1866},"geometry":{"type":"Polygon","coordinates":[[[9.22889,45.43811],[9.23063,45.43901],[9.2325,45.43848],[9.23266,45.43707],[9.23091,45.43617],[9.22905,45.4367],[9.22889,45.43811]]]}},{"type":"Feature","properties":{"i":1867},"geometry":{"type":"Polygon","coordinates":[[[9.23395,45.43836],[9.2352,45.439],[9.23646,45.43865],[9.23656,45.43769],[9.23532,45.43705],[9.23406,45.43741],[9.23395,45.43836]]]}},{"type":"Feature","properties":{"i":1868},"geometry":{"type":"Polygon","coordinates":[[[9.22702,45.43522],[9.2287,45.43609],[9.2305,45.43557],[9.23066,45.43422],[9.22897,45.43335],[9.22717,45.43386],[9.22702,45.43522]]]}},{"type":"Feature","properties":{"i":1869},"geometry":{"type":"Polygon","coordinates":[[[9.2316,45.43562],[9.2332,45.43645],[9.2349,45.43596],[9.23504,45.43468],[9.23344,45.43385],[9.23174,45.43434],[9.2316,45.43562]]]}},{"type":"Feature","properties":{"i":1870},"geometry":{"type":"Polygon","coordinates":[[[9.22588,45.4407],[9.22802,45.44181],[9.23037,45.44114],[9.23057,45.43936],[9.22843,45.43826],[9.22609,45.43893],[9.22588,45.4407]]]}},{"type":"Feature","properties":{"i":1871},"geometry":{"type":"Polygon","coordinates":[[[9.23134,45.44083],[9.23264,45.4415],[9.23397,45.44112],[9.23408,45.44011],[9.23278,45.43944],[9.23146,45.43982],[9.23134,45.44083]]]}},{"type":"Feature","properties":{"i":1872},"geometry":{"type":"Polygon","coordinates":[[[9.22395,45.43783],[9.22609,45.43893],[9.22843,45.43826],[9.22863,45.43649],[9.22649,45.43539],[9.22415,45.43605],[9.22395,45.43783]]]}},{"type":"Feature","properties":{"i":1873},"geometry":{"type":"Polygon","coordinates":[[[9.23995,45.43669],[9.24209,45.43779],[9.24443,45.43712],[9.24463,45.43535],[9.24249,45.43425],[9.24015,45.43492],[9.23995,45.43669]]]}},{"type":"Feature","properties":{"i":1874},"geometry":{"type":"Polygon","coordinates":[[[9.24447,45.43711],[9.24658,45.4382],[9.24888,45.43754],[9.24908,45.4358],[9.24697,45.43471],[9.24467,45.43537],[9.24447,45.43711]]]}},{"type":"Feature","properties":{"i":1875},"geometry":{"type":"Polygon","coordinates":[[[9.23868,45.4336],[9.24024,45.4344],[9.24188,45.43393],[9.24202,45.43269],[9.24046,45.43189],[9.23882,45.43235],[9.23868,45.4336]]]}},{"type":"Feature","properties":{"i":1876},"geometry":{"type":"Polygon","coordinates":[[[9.24249,45.43425],[9.24463,45.43535],[9.24698,45.43468],[9.24718,45.43291],[9.24504,45.43181],[9.24269,45.43248],[9.24249,45.43425]]]}},{"type":"Feature","properties":{"i":1877},"geometry":{"type":"Polygon","coordinates":[[[9.23784,45.43899],[9.2396,45.4399],[9.24148,45.43936],[9.24164,45.43793],[9.23989,45.43703],[9.238,45.43757],[9.23784,45.43899]]]}},{"type":"Feature","properties":{"i":1878},"geometry":{"type":"Polygon","coordinates":[[[9.24218,45.43947],[9.24406,45.44044],[9.2461,45.43986],[9.24627,45.43832],[9.24439,45.43735],[9.24236,45.43793],[9.24218,45.43947]]]}},{"type":"Feature","properties":{"i":1879},"geometry":{"type":"Polygon","coordinates":[[[9.23611,45.43605],[9.23769,45.43686],[9.23935,45.43638],[9.2395,45.43513],[9.23792,45.43431],[9.23626,45.43479],[9.23611,45.43605]]]}},{"type":"Feature","properties":{"i":1880},"geometry":{"type":"Polygon","coordinates":[[[9.22034,45.43199],[9.22225,45.43298],[9.22432,45.43239],[9.2245,45.43082],[9.22258,45.42983],[9.22051,45.43042],[9.22034,45.43199]]]}},{"type":"Feature","properties":{"i":1881},"geometry":{"type":"Polygon","coordinates":[[[9.22608,45.43202],[9.2269,45.43244],[9.22765,45.43223],[9.22771,45.43166],[9.22689,45.43124],[9.22615,45.43145],[9.22608,45.43202]]]}},{"type":"Feature","properties":{"i":1882},"geometry":{"type":"Polygon","coordinates":[[[9.22038,45.42848],[9.22058,45.42858],[9.22058,45.42858],[9.22038,45.42848],[9.22038,45.42848]]]}},{"type":"Feature","properties":{"i":1883},"geometry":{"type":"Polygon","coordinates":[[[9.22424,45.42911],[9.22498,45.42949],[9.22563,45.42931],[9.22568,45.42882],[9.22494,45.42844],[9.2243,45.42862],[9.22424,45.42911]]]}},{"type":"Feature","properties":{"i":1884},"geometry":{"type":"Polygon","coordinates":[[[9.21758,45.4345],[9.21967,45.43558],[9.22196,45.43492],[9.22216,45.4332],[9.22006,45.43212],[9.21778,45.43277],[9.21758,45.4345]]]}},{"type":"Feature","properties":{"i":1885},"geometry":{"type":"Polygon","coordinates":[[[9.22201,45.43495],[9.22415,45.43605],[9.22649,45.43539],[9.2267,45.43361],[9.22456,45.43251],[9.22221,45.43318],[9.22201,45.43495]]]}},{"type":"Feature","properties":{"i":1886},"geometry":{"type":"Polygon","coordinates":[[[9.21667,45.43129],[9.21788,45.43191],[9.21909,45.43157],[9.21919,45.43065],[9.21799,45.43003],[9.21678,45.43037],[9.21667,45.43129]]]}},{"type":"Feature","properties":{"i":1887},"geometry":{"type":"Polygon","coordinates":[[[9.23383,45.42978],[9.23403,45.42988],[9.23403,45.42988],[9.23383,45.42978],[9.23383,45.42978]]]}},{"type":"Feature","properties":{"i":1888},"geometry":{"type":"Polygon","coordinates":[[[9.23769,45.43042],[9.23843,45.4308],[9.23908,45.43061],[9.23913,45.43012],[9.2384,45.42974],[9.23775,45.42992],[9.23769,45.43042]]]}},{"type":"Feature","properties":{"i":1889},"geometry":{"type":"Polygon","coordinates":[[[9.23116,45.42714],[9.23199,45.42757],[9.23276,45.42735],[9.23282,45.42677],[9.23199,45.42634],[9.23123,45.42656],[9.23116,45.42714]]]}},{"type":"Feature","properties":{"i":1890},"geometry":{"type":"Polygon","coordinates":[[[9.23638,45.42734],[9.23657,45.42744],[9.23657,45.42744],[9.23638,45.42734],[9.23638,45.42734]]]}},{"type":"Feature","properties":{"i":1891},"geometry":{"type":"Polygon","coordinates":[[[9.23128,45.43222],[9.23148,45.43233],[9.23148,45.43233],[9.23128,45.43222],[9.23128,45.43222]]]}},{"type":"Feature","properties":{"i":1892},"geometry":{"type":"Polygon","coordinates":[[[9.23504,45.43289],[9.23587,45.43332],[9.23663,45.43311],[9.2367,45.43253],[9.23586,45.4321],[9.2351,45.43231],[9.23504,45.43289]]]}},{"type":"Feature","properties":{"i":1893},"geometry":{"type":"Polygon","coordinates":[[[9.22877,45.42953],[9.22947,45.42989],[9.23007,45.42972],[9.23012,45.42927],[9.22942,45.42891],[9.22882,45.42908],[9.22877,45.42953]]]}},{"type":"Feature","properties":{"i":1894},"geometry":{"type":"Polygon","coordinates":[[[9.22528,45.44602],[9.22742,45.44712],[9.22975,45.44645],[9.22995,45.44468],[9.22782,45.44358],[9.22548,45.44425],[9.22528,45.44602]]]}},{"type":"Feature","properties":{"i":1895},"geometry":{"type":"Polygon","coordinates":[[[9.23052,45.44621],[9.232,45.44697],[9.23355,45.44653],[9.23368,45.44536],[9.2322,45.4446],[9.23065,45.44504],[9.23052,45.44621]]]}},{"type":"Feature","properties":{"i":1896},"geometry":{"type":"Polygon","coordinates":[[[9.22334,45.44314],[9.22548,45.44425],[9.22782,45.44358],[9.22802,45.44181],[9.22588,45.4407],[9.22354,45.44137],[9.22334,45.44314]]]}},{"type":"Feature","properties":{"i":1897},"geometry":{"type":"Polygon","coordinates":[[[9.22825,45.44344],[9.23002,45.44435],[9.23191,45.44381],[9.23208,45.44238],[9.23031,45.44147],[9.22841,45.44201],[9.22825,45.44344]]]}},{"type":"Feature","properties":{"i":1898},"geometry":{"type":"Polygon","coordinates":[[[9.22371,45.44815],[9.225,45.44881],[9.22632,45.44844],[9.22643,45.44744],[9.22514,45.44677],[9.22382,45.44715],[9.22371,45.44815]]]}},{"type":"Feature","properties":{"i":1899},"geometry":{"type":"Polygon","coordinates":[[[9.22878,45.44839],[9.22956,45.4488],[9.23027,45.4486],[9.23034,45.44806],[9.22955,45.44765],[9.22884,45.44785],[9.22878,45.44839]]]}},{"type":"Feature","properties":{"i":1900},"geometry":{"type":"Polygon","coordinates":[[[9.2209,45.44555],[9.22295,45.4466],[9.22517,45.44597],[9.22536,45.44428],[9.22332,45.44323],[9.2211,45.44386],[9.2209,45.44555]]]}},{"type":"Feature","properties":{"i":1901},"geometry":{"type":"Polygon","coordinates":[[[9.23805,45.44404],[9.2391,45.44458],[9.24013,45.44429],[9.24021,45.44351],[9.23917,45.44297],[9.23814,45.44327],[9.23805,45.44404]]]}},{"type":"Feature","properties":{"i":1902},"geometry":{"type":"Polygon","coordinates":[[[9.24128,45.44488],[9.24342,45.44599],[9.24576,45.44532],[9.24596,45.44354],[9.24382,45.44244],[9.24148,45.44311],[9.24128,45.44488]]]}},{"type":"Feature","properties":{"i":1903},"geometry":{"type":"Polygon","coordinates":[[[9.23664,45.441],[9.23724,45.44131],[9.23771,45.44117],[9.23776,45.44081],[9.23716,45.4405],[9.23668,45.44063],[9.23664,45.441]]]}},{"type":"Feature","properties":{"i":1904},"geometry":{"type":"Polygon","coordinates":[[[9.24028,45.4417],[9.24161,45.44238],[9.24296,45.442],[9.24308,45.44097],[9.24176,45.44029],[9.2404,45.44068],[9.24028,45.4417]]]}},{"type":"Feature","properties":{"i":1905},"geometry":{"type":"Polygon","coordinates":[[[9.23517,45.44659],[9.23651,45.44728],[9.23789,45.44689],[9.238,45.44585],[9.23666,45.44516],[9.23529,45.44555],[9.23517,45.44659]]]}},{"type":"Feature","properties":{"i":1906},"geometry":{"type":"Polygon","coordinates":[[[9.23897,45.44725],[9.2409,45.44824],[9.243,45.44765],[9.24318,45.44606],[9.24124,45.44507],[9.23915,45.44566],[9.23897,45.44725]]]}},{"type":"Feature","properties":{"i":1907},"geometry":{"type":"Polygon","coordinates":[[[9.23355,45.44362],[9.23461,45.44417],[9.23566,45.44387],[9.23575,45.44307],[9.23468,45.44252],[9.23364,45.44282],[9.23355,45.44362]]]}},{"type":"Feature","properties":{"i":1908},"geometry":{"type":"Polygon","coordinates":[[[9.21701,45.4398],[9.21907,45.44086],[9.22131,45.44022],[9.2215,45.43853],[9.21945,45.43747],[9.21721,45.43811],[9.21701,45.4398]]]}},{"type":"Feature","properties":{"i":1909},"geometry":{"type":"Polygon","coordinates":[[[9.2214,45.44027],[9.22354,45.44137],[9.22588,45.4407],[9.22609,45.43893],[9.22395,45.43783],[9.2216,45.43849],[9.2214,45.44027]]]}},{"type":"Feature","properties":{"i":1910},"geometry":{"type":"Polygon","coordinates":[[[9.21498,45.43696],[9.21712,45.43806],[9.21946,45.43739],[9.21967,45.43562],[9.21753,45.43451],[9.21518,45.43518],[9.21498,45.43696]]]}},{"type":"Feature","properties":{"i":1911},"geometry":{"type":"Polygon","coordinates":[[[9.21946,45.43739],[9.2216,45.43849],[9.22395,45.43783],[9.22415,45.43605],[9.22201,45.43495],[9.21967,45.43562],[9.21946,45.43739]]]}},{"type":"Feature","properties":{"i":1912},"geometry":{"type":"Polygon","coordinates":[[[9.21437,45.44227],[9.21651,45.44338],[9.21885,45.44271],[9.21906,45.44094],[9.21692,45.43983],[9.21457,45.4405],[9.21437,45.44227]]]}},{"type":"Feature","properties":{"i":1913},"geometry":{"type":"Polygon","coordinates":[[[9.21885,45.44271],[9.22099,45.44381],[9.22334,45.44314],[9.22354,45.44137],[9.2214,45.44027],[9.21906,45.44094],[9.21885,45.44271]]]}},{"type":"Feature","properties":{"i":1914},"geometry":{"type":"Polygon","coordinates":[[[9.21243,45.4394],[9.21457,45.4405],[9.21692,45.43983],[9.21712,45.43806],[9.21498,45.43696],[9.21263,45.43762],[9.21243,45.4394]]]}},{"type":"Feature","properties":{"i":1946},"geometry":{"type":"Polygon","coordinates":[[[9.202,45.39777],[9.20355,45.39857],[9.20519,45.39811],[9.20533,45.39687],[9.20377,45.39607],[9.20214,45.39653],[9.202,45.39777]]]}},{"type":"Feature","properties":{"i":1947},"geometry":{"type":"Polygon","coordinates":[[[9.20639,45.39823],[9.20802,45.39908],[9.20975,45.39858],[9.2099,45.39728],[9.20827,45.39643],[9.20654,45.39693],[9.20639,45.39823]]]}},{"type":"Feature","properties":{"i":1948},"geometry":{"type":"Polygon","coordinates":[[[9.20433,45.3954],[9.20607,45.3963],[9.20793,45.39577],[9.20809,45.39436],[9.20635,45.39346],[9.20449,45.39399],[9.20433,45.3954]]]}},{"type":"Feature","properties":{"i":1949},"geometry":{"type":"Polygon","coordinates":[[[9.20093,45.39974],[9.20121,45.39988],[9.20129,45.39986],[9.2013,45.39978],[9.20103,45.39964],[9.20094,45.39967],[9.20093,45.39974]]]}},{"type":"Feature","properties":{"i":1950},"geometry":{"type":"Polygon","coordinates":[[[9.20406,45.40061],[9.2055,45.40135],[9.207,45.40092],[9.20713,45.39979],[9.20569,45.39904],[9.20419,45.39947],[9.20406,45.40061]]]}},{"type":"Feature","properties":{"i":1951},"geometry":{"type":"Polygon","coordinates":[[[9.19908,45.39683],[9.19928,45.39693],[9.19928,45.39693],[9.19908,45.39683],[9.19908,45.39683]]]}},{"type":"Feature","properties":{"i":1952},"geometry":{"type":"Polygon","coordinates":[[[9.21145,45.39848],[9.21258,45.39907],[9.2137,45.39875],[9.2138,45.3979],[9.21267,45.39731],[9.21155,45.39763],[9.21145,45.39848]]]}},{"type":"Feature","properties":{"i":1953},"geometry":{"type":"Polygon","coordinates":[[[9.21701,45.39857],[9.21721,45.39868],[9.21721,45.39868],[9.21701,45.39857],[9.21701,45.39857]]]}},{"type":"Feature","properties":{"i":1954},"geometry":{"type":"Polygon","coordinates":[[[9.19521,45.39108],[9.19541,45.39118],[9.19541,45.39118],[9.19521,45.39108],[9.19521,45.39108]]]}},{"type":"Feature","properties":{"i":1955},"geometry":{"type":"Polygon","coordinates":[[[9.19969,45.39151],[9.19989,45.39162],[9.19989,45.39162],[9.19969,45.39151],[9.19969,45.39151]]]}},{"type":"Feature","properties":{"i":1956},"geometry":{"type":"Polygon","coordinates":[[[9.19328,45.3882],[9.19348,45.3883],[9.19348,45.3883],[9.19328,45.3882],[9.19328,45.3882]]]}},{"type":"Feature","properties":{"i":1957},"geometry":{"type":"Polygon","coordinates":[[[9.19776,45.38864],[9.19796,45.38874],[9.19796,45.38874],[9.19776,45.38864],[9.19776,45.38864]]]}},{"type":"Feature","properties":{"i":1958},"geometry":{"type":"Polygon","coordinates":[[[9.19267,45.39352],[9.19286,45.39362],[9.19286,45.39362],[9.19267,45.39352],[9.19267,45.39352]]]}},{"type":"Feature","properties":{"i":1959},"geometry":{"type":"Polygon","coordinates":[[[9.19715,45.39396],[9.19734,45.39406],[9.19734,45.39406],[9.19715,45.39396],[9.19715,45.39396]]]}},{"type":"Feature","properties":{"i":1960},"geometry":{"type":"Polygon","coordinates":[[[9.20007,45.40514],[9.20056,45.4054],[9.20092,45.40529],[9.20095,45.40502],[9.20045,45.40476],[9.2001,45.40487],[9.20007,45.40514]]]}},{"type":"Feature","properties":{"i":1961},"geometry":{"type":"Polygon","coordinates":[[[9.20411,45.40571],[9.20498,45.40616],[9.20579,45.40593],[9.20586,45.40532],[9.20499,45.40487],[9.20418,45.4051],[9.20411,45.40571]]]}},{"type":"Feature","properties":{"i":1962},"geometry":{"type":"Polygon","coordinates":[[[9.19847,45.40215],[9.19867,45.40225],[9.19867,45.40225],[9.19847,45.40215],[9.19847,45.40215]]]}},{"type":"Feature","properties":{"i":1963},"geometry":{"type":"Polygon","coordinates":[[[9.20165,45.40301],[9.20298,45.40369],[9.20434,45.4033],[9.20446,45.40227],[9.20313,45.40159],[9.20177,45.40197],[9.20165,45.40301]]]}},{"type":"Feature","properties":{"i":1964},"geometry":{"type":"Polygon","coordinates":[[[9.19786,45.40747],[9.19806,45.40757],[9.19806,45.40757],[9.19786,45.40747],[9.19786,45.40747]]]}},{"type":"Feature","properties":{"i":1965},"geometry":{"type":"Polygon","coordinates":[[[9.20226,45.40793],[9.20253,45.40808],[9.20262,45.40805],[9.20263,45.40798],[9.20235,45.40784],[9.20227,45.40786],[9.20226,45.40793]]]}},{"type":"Feature","properties":{"i":1966},"geometry":{"type":"Polygon","coordinates":[[[9.19593,45.40459],[9.19612,45.40469],[9.19612,45.40469],[9.19593,45.40459],[9.19593,45.40459]]]}},{"type":"Feature","properties":{"i":1967},"geometry":{"type":"Polygon","coordinates":[[[9.21192,45.40346],[9.21211,45.40356],[9.21211,45.40356],[9.21192,45.40346],[9.21192,45.40346]]]}},{"type":"Feature","properties":{"i":1968},"geometry":{"type":"Polygon","coordinates":[[[9.2164,45.40389],[9.2166,45.404],[9.2166,45.404],[9.2164,45.40389],[9.2164,45.40389]]]}},{"type":"Feature","properties":{"i":1969},"geometry":{"type":"Polygon","coordinates":[[[9.20899,45.4009],[9.21005,45.40144],[9.21108,45.40115],[9.21117,45.40037],[9.21011,45.39982],[9.20908,45.40012],[9.20899,45.4009]]]}},{"type":"Feature","properties":{"i":1970},"geometry":{"type":"Polygon","coordinates":[[[9.21446,45.40102],[9.21466,45.40112],[9.21466,45.40112],[9.21446,45.40102],[9.21446,45.40102]]]}},{"type":"Feature","properties":{"i":1971},"geometry":{"type":"Polygon","coordinates":[[[9.2092,45.40595],[9.20955,45.40613],[9.20972,45.40608],[9.20974,45.40595],[9.20939,45.40577],[9.20922,45.40582],[9.2092,45.40595]]]}},{"type":"Feature","properties":{"i":1972},"geometry":{"type":"Polygon","coordinates":[[[9.21385,45.40634],[9.21405,45.40644],[9.21405,45.40644],[9.21385,45.40634],[9.21385,45.40634]]]}},{"type":"Feature","properties":{"i":1973},"geometry":{"type":"Polygon","coordinates":[[[9.20644,45.40334],[9.2075,45.40389],[9.20854,45.40359],[9.20863,45.4028],[9.20757,45.40226],[9.20653,45.40255],[9.20644,45.40334]]]}},{"type":"Feature","properties":{"i":1974},"geometry":{"type":"Polygon","coordinates":[[[9.19206,45.39884],[9.19225,45.39894],[9.19225,45.39894],[9.19206,45.39884],[9.19206,45.39884]]]}},{"type":"Feature","properties":{"i":1975},"geometry":{"type":"Polygon","coordinates":[[[9.19654,45.39927],[9.19673,45.39938],[9.19673,45.39938],[9.19654,45.39927],[9.19654,45.39927]]]}},{"type":"Feature","properties":{"i":1976},"geometry":{"type":"Polygon","coordinates":[[[9.19012,45.39596],[9.19032,45.39606],[9.19032,45.39606],[9.19012,45.39596],[9.19012,45.39596]]]}},{"type":"Feature","properties":{"i":1977},"geometry":{"type":"Polygon","coordinates":[[[9.1946,45.3964],[9.1948,45.3965],[9.1948,45.3965],[9.1946,45.3964],[9.1946,45.3964]]]}},{"type":"Feature","properties":{"i":1978},"geometry":{"type":"Polygon","coordinates":[[[9.18951,45.40128],[9.18971,45.40138],[9.18971,45.40138],[9.18951,45.40128],[9.18951,45.40128]]]}},{"type":"Feature","properties":{"i":1979},"geometry":{"type":"Polygon","coordinates":[[[9.19399,45.40172],[9.19419,45.40182],[9.19419,45.40182],[9.19399,45.40172],[9.19399,45.40172]]]}},{"type":"Feature","properties":{"i":1980},"geometry":{"type":"Polygon","coordinates":[[[9.18758,45.3984],[9.18777,45.3985],[9.18777,45.3985],[9.18758,45.3984],[9.18758,45.3984]]]}},{"type":"Feature","properties":{"i":1998},"geometry":{"type":"Polygon","coordinates":[[[9.23071,45.40842],[9.23184,45.409],[9.23296,45.40868],[9.23305,45.40783],[9.23193,45.40725],[9.23081,45.40757],[9.23071,45.40842]]]}},{"type":"Feature","properties":{"i":2002},"geometry":{"type":"Polygon","coordinates":[[[9.22924,45.41052],[9.22943,45.41062],[9.22943,45.41062],[9.22924,45.41052],[9.22924,45.41052]]]}},{"type":"Feature","properties":{"i":2003},"geometry":{"type":"Polygon","coordinates":[[[9.23372,45.41095],[9.23392,45.41105],[9.23392,45.41105],[9.23372,45.41095],[9.23372,45.41095]]]}},{"type":"Feature","properties":{"i":2008},"geometry":{"type":"Polygon","coordinates":[[[9.24075,45.40894],[9.24094,45.40905],[9.24094,45.40905],[9.24075,45.40894],[9.24075,45.40894]]]}},{"type":"Feature","properties":{"i":2080},"geometry":{"type":"Polygon","coordinates":[[[9.18535,45.41448],[9.18589,45.41476],[9.18629,45.41464],[9.18632,45.41433],[9.18579,45.41406],[9.18539,45.41417],[9.18535,45.41448]]]}},{"type":"Feature","properties":{"i":2081},"geometry":{"type":"Polygon","coordinates":[[[9.19022,45.41479],[9.19042,45.41489],[9.19042,45.41489],[9.19022,45.41479],[9.19022,45.41479]]]}},{"type":"Feature","properties":{"i":2082},"geometry":{"type":"Polygon","coordinates":[[[9.18381,45.41148],[9.184,45.41158],[9.184,45.41158],[9.18381,45.41148],[9.18381,45.41148]]]}},{"type":"Feature","properties":{"i":2083},"geometry":{"type":"Polygon","coordinates":[[[9.18829,45.41192],[9.18848,45.41202],[9.18848,45.41202],[9.18829,45.41192],[9.18829,45.41192]]]}},{"type":"Feature","properties":{"i":2084},"geometry":{"type":"Polygon","coordinates":[[[9.18248,45.41703],[9.1833,45.41745],[9.18404,45.41724],[9.18411,45.41667],[9.18329,45.41625],[9.18254,45.41646],[9.18248,45.41703]]]}},{"type":"Feature","properties":{"i":2085},"geometry":{"type":"Polygon","coordinates":[[[9.18768,45.41723],[9.18787,45.41734],[9.18787,45.41734],[9.18768,45.41723],[9.18768,45.41723]]]}},{"type":"Feature","properties":{"i":2086},"geometry":{"type":"Polygon","coordinates":[[[9.18001,45.41432],[9.18129,45.41498],[9.18259,45.41461],[9.18271,45.41362],[9.18143,45.41296],[9.18012,45.41333],[9.18001,45.41432]]]}},{"type":"Feature","properties":{"i":2087},"geometry":{"type":"Polygon","coordinates":[[[9.19725,45.41279],[9.19745,45.41289],[9.19745,45.41289],[9.19725,45.41279],[9.19725,45.41279]]]}},{"type":"Feature","properties":{"i":2088},"geometry":{"type":"Polygon","coordinates":[[[9.20173,45.41322],[9.20193,45.41333],[9.20193,45.41333],[9.20173,45.41322],[9.20173,45.41322]]]}},{"type":"Feature","properties":{"i":2089},"geometry":{"type":"Polygon","coordinates":[[[9.19532,45.40991],[9.19551,45.41001],[9.19551,45.41001],[9.19532,45.40991],[9.19532,45.40991]]]}},{"type":"Feature","properties":{"i":2090},"geometry":{"type":"Polygon","coordinates":[[[9.1998,45.41035],[9.19999,45.41045],[9.19999,45.41045],[9.1998,45.41035],[9.1998,45.41035]]]}},{"type":"Feature","properties":{"i":2091},"geometry":{"type":"Polygon","coordinates":[[[9.1947,45.41523],[9.1949,45.41533],[9.1949,45.41533],[9.1947,45.41523],[9.1947,45.41523]]]}},{"type":"Feature","properties":{"i":2092},"geometry":{"type":"Polygon","coordinates":[[[9.19919,45.41567],[9.19938,45.41577],[9.19938,45.41577],[9.19919,45.41567],[9.19919,45.41567]]]}},{"type":"Feature","properties":{"i":2093},"geometry":{"type":"Polygon","coordinates":[[[9.19277,45.41235],[9.19297,45.41245],[9.19297,45.41245],[9.19277,45.41235],[9.19277,45.41235]]]}},{"type":"Feature","properties":{"i":2094},"geometry":{"type":"Polygon","coordinates":[[[9.17705,45.40828],[9.17754,45.40853],[9.1779,45.40843],[9.17793,45.40816],[9.17743,45.4079],[9.17708,45.408],[9.17705,45.40828]]]}},{"type":"Feature","properties":{"i":2095},"geometry":{"type":"Polygon","coordinates":[[[9.18179,45.40863],[9.18206,45.40877],[9.18215,45.40875],[9.18215,45.40868],[9.18188,45.40853],[9.18179,45.40856],[9.18179,45.40863]]]}},{"type":"Feature","properties":{"i":2096},"geometry":{"type":"Polygon","coordinates":[[[9.17376,45.40583],[9.17542,45.40669],[9.1772,45.40619],[9.17735,45.40485],[9.17568,45.40399],[9.17391,45.40449],[9.17376,45.40583]]]}},{"type":"Feature","properties":{"i":2097},"geometry":{"type":"Polygon","coordinates":[[[9.17994,45.40573],[9.18013,45.40583],[9.18013,45.40583],[9.17994,45.40573],[9.17994,45.40573]]]}},{"type":"Feature","properties":{"i":2098},"geometry":{"type":"Polygon","coordinates":[[[9.17272,45.41129],[9.17475,45.41234],[9.17697,45.41171],[9.17716,45.41003],[9.17513,45.40898],[9.17291,45.40961],[9.17272,45.41129]]]}},{"type":"Feature","properties":{"i":2099},"geometry":{"type":"Polygon","coordinates":[[[9.17916,45.4111],[9.1795,45.41128],[9.17968,45.41123],[9.17969,45.41109],[9.17934,45.41091],[9.17917,45.41096],[9.17916,45.4111]]]}},{"type":"Feature","properties":{"i":2100},"geometry":{"type":"Polygon","coordinates":[[[9.1707,45.40844],[9.17281,45.40953],[9.17512,45.40887],[9.17532,45.40712],[9.17321,45.40603],[9.1709,45.40669],[9.1707,45.40844]]]}},{"type":"Feature","properties":{"i":2101},"geometry":{"type":"Polygon","coordinates":[[[9.1889,45.4066],[9.1891,45.4067],[9.1891,45.4067],[9.1889,45.4066],[9.1889,45.4066]]]}},{"type":"Feature","properties":{"i":2102},"geometry":{"type":"Polygon","coordinates":[[[9.19338,45.40703],[9.19358,45.40714],[9.19358,45.40714],[9.19338,45.40703],[9.19338,45.40703]]]}},{"type":"Feature","properties":{"i":2103},"geometry":{"type":"Polygon","coordinates":[[[9.18696,45.40372],[9.18716,45.40382],[9.18716,45.40382],[9.18696,45.40372],[9.18696,45.40372]]]}},{"type":"Feature","properties":{"i":2104},"geometry":{"type":"Polygon","coordinates":[[[9.19145,45.40416],[9.19164,45.40426],[9.19164,45.40426],[9.19145,45.40416],[9.19145,45.40416]]]}},{"type":"Feature","properties":{"i":2105},"geometry":{"type":"Polygon","coordinates":[[[9.18635,45.40904],[9.18655,45.40914],[9.18655,45.40914],[9.18635,45.40904],[9.18635,45.40904]]]}},{"type":"Feature","properties":{"i":2106},"geometry":{"type":"Polygon","coordinates":[[[9.19083,45.40948],[9.19103,45.40958],[9.19103,45.40958],[9.19083,45.40948],[9.19083,45.40948]]]}},{"type":"Feature","properties":{"i":2107},"geometry":{"type":"Polygon","coordinates":[[[9.18442,45.40616],[9.18461,45.40626],[9.18461,45.40626],[9.18442,45.40616],[9.18442,45.40616]]]}},{"type":"Feature","properties":{"i":2108},"geometry":{"type":"Polygon","coordinates":[[[9.1822,45.42224],[9.18273,45.42251],[9.18313,45.4224],[9.18317,45.42209],[9.18263,45.42182],[9.18223,45.42193],[9.1822,45.42224]]]}},{"type":"Feature","properties":{"i":2109},"geometry":{"type":"Polygon","coordinates":[[[9.18706,45.42255],[9.18726,45.42265],[9.18726,45.42265],[9.18706,45.42255],[9.18706,45.42255]]]}},{"type":"Feature","properties":{"i":2110},"geometry":{"type":"Polygon","coordinates":[[[9.17871,45.41986],[9.18058,45.42083],[9.18261,45.42025],[9.18278,45.41872],[9.18091,45.41775],[9.17888,45.41833],[9.17871,45.41986]]]}},{"type":"Feature","properties":{"i":2111},"geometry":{"type":"Polygon","coordinates":[[[9.18513,45.41967],[9.18533,45.41978],[9.18533,45.41978],[9.18513,45.41967],[9.18513,45.41967]]]}},{"type":"Feature","properties":{"i":2112},"geometry":{"type":"Polygon","coordinates":[[[9.17816,45.42516],[9.17998,45.4261],[9.18194,45.42554],[9.18211,45.42406],[9.18029,45.42312],[9.17833,45.42367],[9.17816,45.42516]]]}},{"type":"Feature","properties":{"i":2113},"geometry":{"type":"Polygon","coordinates":[[[9.18452,45.42499],[9.18471,45.42509],[9.18471,45.42509],[9.18452,45.42499],[9.18452,45.42499]]]}},{"type":"Feature","properties":{"i":2114},"geometry":{"type":"Polygon","coordinates":[[[9.17614,45.42231],[9.17803,45.42328],[9.18008,45.4227],[9.18026,45.42115],[9.17836,45.42017],[9.17632,45.42076],[9.17614,45.42231]]]}},{"type":"Feature","properties":{"i":2115},"geometry":{"type":"Polygon","coordinates":[[[9.19409,45.42055],[9.19429,45.42065],[9.19429,45.42065],[9.19409,45.42055],[9.19409,45.42055]]]}},{"type":"Feature","properties":{"i":2116},"geometry":{"type":"Polygon","coordinates":[[[9.19808,45.42114],[9.19871,45.42146],[9.19922,45.42132],[9.19927,45.42093],[9.19864,45.4206],[9.19813,45.42075],[9.19808,45.42114]]]}},{"type":"Feature","properties":{"i":2117},"geometry":{"type":"Polygon","coordinates":[[[9.19216,45.41767],[9.19235,45.41777],[9.19235,45.41777],[9.19216,45.41767],[9.19216,45.41767]]]}},{"type":"Feature","properties":{"i":2118},"geometry":{"type":"Polygon","coordinates":[[[9.19594,45.41833],[9.19675,45.41875],[9.19747,45.41854],[9.19754,45.41798],[9.19673,45.41757],[9.196,45.41778],[9.19594,45.41833]]]}},{"type":"Feature","properties":{"i":2119},"geometry":{"type":"Polygon","coordinates":[[[9.19155,45.42299],[9.19174,45.42309],[9.19174,45.42309],[9.19155,45.42299],[9.19155,45.42299]]]}},{"type":"Feature","properties":{"i":2120},"geometry":{"type":"Polygon","coordinates":[[[9.19603,45.42342],[9.19623,45.42353],[9.19623,45.42353],[9.19603,45.42342],[9.19603,45.42342]]]}},{"type":"Feature","properties":{"i":2121},"geometry":{"type":"Polygon","coordinates":[[[9.18961,45.42011],[9.18981,45.42021],[9.18981,45.42021],[9.18961,45.42011],[9.18961,45.42011]]]}},{"type":"Feature","properties":{"i":2122},"geometry":{"type":"Polygon","coordinates":[[[9.17199,45.41664],[9.17413,45.41775],[9.17647,45.41708],[9.17667,45.41531],[9.17453,45.4142],[9.17219,45.41487],[9.17199,45.41664]]]}},{"type":"Feature","properties":{"i":2123},"geometry":{"type":"Polygon","coordinates":[[[9.1765,45.41707],[9.17861,45.41816],[9.18092,45.4175],[9.18112,45.41575],[9.17901,45.41466],[9.1767,45.41532],[9.1765,45.41707]]]}},{"type":"Feature","properties":{"i":2124},"geometry":{"type":"Polygon","coordinates":[[[9.17005,45.41377],[9.17219,45.41487],[9.17453,45.4142],[9.17474,45.41243],[9.1726,45.41133],[9.17026,45.41199],[9.17005,45.41377]]]}},{"type":"Feature","properties":{"i":2125},"geometry":{"type":"Polygon","coordinates":[[[9.17577,45.41381],[9.17684,45.41436],[9.1779,45.41406],[9.17799,45.41326],[9.17691,45.41271],[9.17586,45.41301],[9.17577,45.41381]]]}},{"type":"Feature","properties":{"i":2126},"geometry":{"type":"Polygon","coordinates":[[[9.16978,45.41897],[9.17162,45.41993],[9.17361,45.41936],[9.17379,45.41786],[9.17194,45.4169],[9.16995,45.41747],[9.16978,45.41897]]]}},{"type":"Feature","properties":{"i":2127},"geometry":{"type":"Polygon","coordinates":[[[9.17407,45.41947],[9.17608,45.42051],[9.17827,45.41989],[9.17846,45.41823],[9.17645,45.41719],[9.17426,45.41782],[9.17407,45.41947]]]}},{"type":"Feature","properties":{"i":2128},"geometry":{"type":"Polygon","coordinates":[[[9.16759,45.41618],[9.16966,45.41725],[9.17191,45.4166],[9.17211,45.4149],[9.17004,45.41383],[9.16779,45.41447],[9.16759,45.41618]]]}},{"type":"Feature","properties":{"i":2129},"geometry":{"type":"Polygon","coordinates":[[[9.21712,45.41741],[9.21731,45.41751],[9.21731,45.41751],[9.21712,45.41741],[9.21712,45.41741]]]}},{"type":"Feature","properties":{"i":2130},"geometry":{"type":"Polygon","coordinates":[[[9.2216,45.41784],[9.2218,45.41794],[9.2218,45.41794],[9.2216,45.41784],[9.2216,45.41784]]]}},{"type":"Feature","properties":{"i":2131},"geometry":{"type":"Polygon","coordinates":[[[9.21518,45.41453],[9.21538,45.41463],[9.21538,45.41463],[9.21518,45.41453],[9.21518,45.41453]]]}},{"type":"Feature","properties":{"i":2132},"geometry":{"type":"Polygon","coordinates":[[[9.21966,45.41497],[9.21986,45.41507],[9.21986,45.41507],[9.21966,45.41497],[9.21966,45.41497]]]}},{"type":"Feature","properties":{"i":2133},"geometry":{"type":"Polygon","coordinates":[[[9.21457,45.41985],[9.21477,45.41995],[9.21477,45.41995],[9.21457,45.41985],[9.21457,45.41985]]]}},{"type":"Feature","properties":{"i":2134},"geometry":{"type":"Polygon","coordinates":[[[9.21905,45.42028],[9.21925,45.42039],[9.21925,45.42039],[9.21905,45.42028],[9.21905,45.42028]]]}},{"type":"Feature","properties":{"i":2135},"geometry":{"type":"Polygon","coordinates":[[[9.21263,45.41697],[9.21283,45.41707],[9.21283,45.41707],[9.21263,45.41697],[9.21263,45.41697]]]}},{"type":"Feature","properties":{"i":2136},"geometry":{"type":"Polygon","coordinates":[[[9.22863,45.41584],[9.22882,45.41594],[9.22882,45.41594],[9.22863,45.41584],[9.22863,45.41584]]]}},{"type":"Feature","properties":{"i":2137},"geometry":{"type":"Polygon","coordinates":[[[9.23302,45.4163],[9.2333,45.41644],[9.23339,45.41642],[9.23339,45.41634],[9.23312,45.4162],[9.23303,45.41623],[9.23302,45.4163]]]}},{"type":"Feature","properties":{"i":2138},"geometry":{"type":"Polygon","coordinates":[[[9.22669,45.41296],[9.22689,45.41306],[9.22689,45.41306],[9.22669,45.41296],[9.22669,45.41296]]]}},{"type":"Feature","properties":{"i":2139},"geometry":{"type":"Polygon","coordinates":[[[9.23117,45.41339],[9.23137,45.4135],[9.23137,45.4135],[9.23117,45.41339],[9.23117,45.41339]]]}},{"type":"Feature","properties":{"i":2140},"geometry":{"type":"Polygon","coordinates":[[[9.22608,45.41828],[9.22628,45.41838],[9.22628,45.41838],[9.22608,45.41828],[9.22608,45.41828]]]}},{"type":"Feature","properties":{"i":2141},"geometry":{"type":"Polygon","coordinates":[[[9.23057,45.41871],[9.23076,45.41881],[9.23076,45.41881],[9.23057,45.41871],[9.23057,45.41871]]]}},{"type":"Feature","properties":{"i":2142},"geometry":{"type":"Polygon","coordinates":[[[9.22415,45.4154],[9.22434,45.4155],[9.22434,45.4155],[9.22415,45.4154],[9.22415,45.4154]]]}},{"type":"Feature","properties":{"i":2143},"geometry":{"type":"Polygon","coordinates":[[[9.20876,45.41122],[9.20896,45.41132],[9.20896,45.41132],[9.20876,45.41122],[9.20876,45.41122]]]}},{"type":"Feature","properties":{"i":2144},"geometry":{"type":"Polygon","coordinates":[[[9.21324,45.41165],[9.21344,45.41176],[9.21344,45.41176],[9.21324,45.41165],[9.21324,45.41165]]]}},{"type":"Feature","properties":{"i":2145},"geometry":{"type":"Polygon","coordinates":[[[9.20666,45.4084],[9.207,45.40857],[9.20718,45.40853],[9.20719,45.40839],[9.20685,45.40821],[9.20667,45.40826],[9.20666,45.4084]]]}},{"type":"Feature","properties":{"i":2146},"geometry":{"type":"Polygon","coordinates":[[[9.21131,45.40878],[9.2115,45.40888],[9.2115,45.40888],[9.21131,45.40878],[9.21131,45.40878]]]}},{"type":"Feature","properties":{"i":2147},"geometry":{"type":"Polygon","coordinates":[[[9.20622,45.41366],[9.20641,45.41376],[9.20641,45.41376],[9.20622,45.41366],[9.20622,45.41366]]]}},{"type":"Feature","properties":{"i":2148},"geometry":{"type":"Polygon","coordinates":[[[9.21024,45.41424],[9.21083,45.41455],[9.21131,45.41442],[9.21135,45.41405],[9.21076,45.41374],[9.21028,45.41388],[9.21024,45.41424]]]}},{"type":"Feature","properties":{"i":2149},"geometry":{"type":"Polygon","coordinates":[[[9.20428,45.41078],[9.20448,45.41088],[9.20448,45.41088],[9.20428,45.41078],[9.20428,45.41078]]]}},{"type":"Feature","properties":{"i":2150},"geometry":{"type":"Polygon","coordinates":[[[9.22019,45.40968],[9.22046,45.40982],[9.22055,45.40979],[9.22056,45.40972],[9.22028,45.40958],[9.22019,45.4096],[9.22019,45.40968]]]}},{"type":"Feature","properties":{"i":2151},"geometry":{"type":"Polygon","coordinates":[[[9.22475,45.41008],[9.22495,45.41018],[9.22495,45.41018],[9.22475,45.41008],[9.22475,45.41008]]]}},{"type":"Feature","properties":{"i":2152},"geometry":{"type":"Polygon","coordinates":[[[9.21773,45.41209],[9.21792,45.41219],[9.21792,45.41219],[9.21773,45.41209],[9.21773,45.41209]]]}},{"type":"Feature","properties":{"i":2153},"geometry":{"type":"Polygon","coordinates":[[[9.22221,45.41252],[9.22241,45.41263],[9.22241,45.41263],[9.22221,45.41252],[9.22221,45.41252]]]}},{"type":"Feature","properties":{"i":2154},"geometry":{"type":"Polygon","coordinates":[[[9.21579,45.40921],[9.21599,45.40931],[9.21599,45.40931],[9.21579,45.40921],[9.21579,45.40921]]]}},{"type":"Feature","properties":{"i":2155},"geometry":{"type":"Polygon","coordinates":[[[9.21303,45.42546],[9.21403,45.42598],[9.215,45.42571],[9.21509,45.42497],[9.21408,45.42445],[9.21312,45.42473],[9.21303,45.42546]]]}},{"type":"Feature","properties":{"i":2156},"geometry":{"type":"Polygon","coordinates":[[[9.21844,45.4256],[9.21864,45.4257],[9.21864,45.4257],[9.21844,45.4256],[9.21844,45.4256]]]}},{"type":"Feature","properties":{"i":2157},"geometry":{"type":"Polygon","coordinates":[[[9.21202,45.42229],[9.21222,45.42239],[9.21222,45.42239],[9.21202,45.42229],[9.21202,45.42229]]]}},{"type":"Feature","properties":{"i":2158},"geometry":{"type":"Polygon","coordinates":[[[9.21651,45.42273],[9.2167,45.42283],[9.2167,45.42283],[9.21651,45.42273],[9.21651,45.42273]]]}},{"type":"Feature","properties":{"i":2159},"geometry":{"type":"Polygon","coordinates":[[[9.20964,45.42817],[9.21137,45.42907],[9.21322,45.42854],[9.21338,45.42714],[9.21165,45.42625],[9.2098,45.42678],[9.20964,45.42817]]]}},{"type":"Feature","properties":{"i":2160},"geometry":{"type":"Polygon","coordinates":[[[9.21457,45.42847],[9.21592,45.42916],[9.2173,45.42877],[9.21741,45.42772],[9.21607,45.42703],[9.21469,45.42742],[9.21457,45.42847]]]}},{"type":"Feature","properties":{"i":2161},"geometry":{"type":"Polygon","coordinates":[[[9.20743,45.42539],[9.2094,45.4264],[9.21153,45.42579],[9.21172,45.42418],[9.20975,45.42316],[9.20762,45.42377],[9.20743,45.42539]]]}},{"type":"Feature","properties":{"i":2162},"geometry":{"type":"Polygon","coordinates":[[[9.22547,45.4236],[9.22567,45.4237],[9.22567,45.4237],[9.22547,45.4236],[9.22547,45.4236]]]}},{"type":"Feature","properties":{"i":2163},"geometry":{"type":"Polygon","coordinates":[[[9.22966,45.42412],[9.23012,45.42436],[9.23042,45.42427],[9.23045,45.42404],[9.22999,45.4238],[9.22969,45.42389],[9.22966,45.42412]]]}},{"type":"Feature","properties":{"i":2164},"geometry":{"type":"Polygon","coordinates":[[[9.22354,45.42072],[9.22373,45.42082],[9.22373,45.42082],[9.22354,45.42072],[9.22354,45.42072]]]}},{"type":"Feature","properties":{"i":2165},"geometry":{"type":"Polygon","coordinates":[[[9.22802,45.42115],[9.22822,45.42126],[9.22822,45.42126],[9.22802,45.42115],[9.22802,45.42115]]]}},{"type":"Feature","properties":{"i":2166},"geometry":{"type":"Polygon","coordinates":[[[9.22293,45.42604],[9.22312,45.42614],[9.22312,45.42614],[9.22293,45.42604],[9.22293,45.42604]]]}},{"type":"Feature","properties":{"i":2167},"geometry":{"type":"Polygon","coordinates":[[[9.22673,45.42669],[9.22752,45.4271],[9.22823,45.42689],[9.22829,45.42635],[9.2275,45.42595],[9.22679,45.42615],[9.22673,45.42669]]]}},{"type":"Feature","properties":{"i":2168},"geometry":{"type":"Polygon","coordinates":[[[9.22099,45.42316],[9.22119,45.42326],[9.22119,45.42326],[9.22099,45.42316],[9.22099,45.42316]]]}},{"type":"Feature","properties":{"i":2169},"geometry":{"type":"Polygon","coordinates":[[[9.20518,45.41911],[9.20575,45.41941],[9.20619,45.41928],[9.20623,45.41894],[9.20566,45.41865],[9.20522,45.41878],[9.20518,45.41911]]]}},{"type":"Feature","properties":{"i":2170},"geometry":{"type":"Polygon","coordinates":[[[9.21009,45.41941],[9.21028,45.41951],[9.21028,45.41951],[9.21009,45.41941],[9.21009,45.41941]]]}},{"type":"Feature","properties":{"i":2171},"geometry":{"type":"Polygon","coordinates":[[[9.20367,45.4161],[9.20387,45.4162],[9.20387,45.4162],[9.20367,45.4161],[9.20367,45.4161]]]}},{"type":"Feature","properties":{"i":2172},"geometry":{"type":"Polygon","coordinates":[[[9.20815,45.41654],[9.20835,45.41664],[9.20835,45.41664],[9.20815,45.41654],[9.20815,45.41654]]]}},{"type":"Feature","properties":{"i":2173},"geometry":{"type":"Polygon","coordinates":[[[9.2018,45.42182],[9.20309,45.42249],[9.2044,45.42211],[9.20452,45.42112],[9.20323,45.42045],[9.20191,45.42083],[9.2018,45.42182]]]}},{"type":"Feature","properties":{"i":2174},"geometry":{"type":"Polygon","coordinates":[[[9.20754,45.42185],[9.20774,45.42196],[9.20774,45.42196],[9.20754,45.42185],[9.20754,45.42185]]]}},{"type":"Feature","properties":{"i":2175},"geometry":{"type":"Polygon","coordinates":[[[9.20112,45.41854],[9.20132,45.41864],[9.20132,45.41864],[9.20112,45.41854],[9.20112,45.41854]]]}},{"type":"Feature","properties":{"i":2177},"geometry":{"type":"Polygon","coordinates":[[[9.17668,45.39465],[9.17688,45.39475],[9.17688,45.39475],[9.17668,45.39465],[9.17668,45.39465]]]}},{"type":"Feature","properties":{"i":2181},"geometry":{"type":"Polygon","coordinates":[[[9.17226,45.39769],[9.17408,45.39863],[9.17603,45.39807],[9.1762,45.3966],[9.17439,45.39566],[9.17243,45.39621],[9.17226,45.39769]]]}},{"type":"Feature","properties":{"i":2183},"geometry":{"type":"Polygon","coordinates":[[[9.18371,45.39265],[9.1839,45.39275],[9.1839,45.39275],[9.18371,45.39265],[9.18371,45.39265]]]}},{"type":"Feature","properties":{"i":2184},"geometry":{"type":"Polygon","coordinates":[[[9.18819,45.39308],[9.18838,45.39319],[9.18838,45.39319],[9.18819,45.39308],[9.18819,45.39308]]]}},{"type":"Feature","properties":{"i":2187},"geometry":{"type":"Polygon","coordinates":[[[9.18116,45.39509],[9.18136,45.39519],[9.18136,45.39519],[9.18116,45.39509],[9.18116,45.39509]]]}},{"type":"Feature","properties":{"i":2188},"geometry":{"type":"Polygon","coordinates":[[[9.18564,45.39553],[9.18584,45.39563],[9.18584,45.39563],[9.18564,45.39553],[9.18564,45.39553]]]}},{"type":"Feature","properties":{"i":2205},"geometry":{"type":"Polygon","coordinates":[[[9.17185,45.40295],[9.17349,45.4038],[9.17524,45.4033],[9.17539,45.40198],[9.17375,45.40113],[9.172,45.40163],[9.17185,45.40295]]]}},{"type":"Feature","properties":{"i":2208},"geometry":{"type":"Polygon","coordinates":[[[9.16493,45.40492],[9.16648,45.40572],[9.16811,45.40525],[9.16825,45.40402],[9.1667,45.40322],[9.16508,45.40368],[9.16493,45.40492]]]}},{"type":"Feature","properties":{"i":2209},"geometry":{"type":"Polygon","coordinates":[[[9.16873,45.40557],[9.17087,45.40668],[9.17321,45.40601],[9.17342,45.40424],[9.17128,45.40313],[9.16894,45.4038],[9.16873,45.40557]]]}},{"type":"Feature","properties":{"i":2211},"geometry":{"type":"Polygon","coordinates":[[[9.17898,45.40091],[9.18054,45.40171],[9.18217,45.40125],[9.18232,45.40001],[9.18076,45.3992],[9.17912,45.39967],[9.17898,45.40091]]]}},{"type":"Feature","properties":{"i":2212},"geometry":{"type":"Polygon","coordinates":[[[9.18443,45.40104],[9.18515,45.40141],[9.18577,45.40123],[9.18583,45.40075],[9.18511,45.40038],[9.18449,45.40056],[9.18443,45.40104]]]}},{"type":"Feature","properties":{"i":2213},"geometry":{"type":"Polygon","coordinates":[[[9.17862,45.39753],[9.17881,45.39763],[9.17881,45.39763],[9.17862,45.39753],[9.17862,45.39753]]]}},{"type":"Feature","properties":{"i":2214},"geometry":{"type":"Polygon","coordinates":[[[9.1831,45.39797],[9.18329,45.39807],[9.18329,45.39807],[9.1831,45.39797],[9.1831,45.39797]]]}},{"type":"Feature","properties":{"i":2215},"geometry":{"type":"Polygon","coordinates":[[[9.17659,45.4033],[9.17801,45.40404],[9.17948,45.40361],[9.17961,45.4025],[9.17819,45.40176],[9.17672,45.40218],[9.17659,45.4033]]]}},{"type":"Feature","properties":{"i":2216},"geometry":{"type":"Polygon","coordinates":[[[9.18076,45.40384],[9.18245,45.40471],[9.18424,45.40419],[9.1844,45.40284],[9.18271,45.40196],[9.18092,45.40248],[9.18076,45.40384]]]}},{"type":"Feature","properties":{"i":2217},"geometry":{"type":"Polygon","coordinates":[[[9.17607,45.39997],[9.17626,45.40007],[9.17626,45.40007],[9.17607,45.39997],[9.17607,45.39997]]]}},{"type":"Feature","properties":{"i":4931},"geometry":{"type":"Polygon","coordinates":[[[9.04947,45.45483],[9.04982,45.45501],[9.04999,45.45496],[9.05001,45.45482],[9.04966,45.45464],[9.04949,45.45469],[9.04947,45.45483]]]}},{"type":"Feature","properties":{"i":4932},"geometry":{"type":"Polygon","coordinates":[[[9.05388,45.45529],[9.05429,45.4555],[9.05453,45.45543],[9.05455,45.45524],[9.05415,45.45503],[9.0539,45.4551],[9.05388,45.45529]]]}},{"type":"Feature","properties":{"i":4933},"geometry":{"type":"Polygon","coordinates":[[[9.05219,45.45234],[9.05239,45.45244],[9.05239,45.45244],[9.05219,45.45234],[9.05219,45.45234]]]}},{"type":"Feature","properties":{"i":4934},"geometry":{"type":"Polygon","coordinates":[[[9.05157,45.45765],[9.05177,45.45775],[9.05177,45.45775],[9.05157,45.45765],[9.05157,45.45765]]]}},{"type":"Feature","properties":{"i":4935},"geometry":{"type":"Polygon","coordinates":[[[9.04473,45.44936],[9.04584,45.44993],[9.04694,45.44962],[9.04703,45.44879],[9.04592,45.44821],[9.04482,45.44852],[9.04473,45.44936]]]}},{"type":"Feature","properties":{"i":4936},"geometry":{"type":"Polygon","coordinates":[[[9.04351,45.44625],[9.04401,45.44651],[9.04436,45.44641],[9.04439,45.44613],[9.04389,45.44588],[9.04354,45.44598],[9.04351,45.44625]]]}},{"type":"Feature","properties":{"i":4937},"geometry":{"type":"Polygon","coordinates":[[[9.04647,45.46252],[9.04667,45.46262],[9.04667,45.46262],[9.04647,45.46252],[9.04647,45.46252]]]}},{"type":"Feature","properties":{"i":4938},"geometry":{"type":"Polygon","coordinates":[[[9.04859,45.46022],[9.04916,45.46052],[9.0496,45.46039],[9.04964,45.46005],[9.04907,45.45976],[9.04863,45.45988],[9.04859,45.46022]]]}},{"type":"Feature","properties":{"i":4939},"geometry":{"type":"Polygon","coordinates":[[[9.04392,45.46496],[9.04412,45.46506],[9.04412,45.46506],[9.04392,45.46496],[9.04392,45.46496]]]}},{"type":"Feature","properties":{"i":5084},"geometry":{"type":"Polygon","coordinates":[[[9.15793,45.50628],[9.15933,45.507],[9.16078,45.50659],[9.16091,45.50549],[9.15951,45.50477],[9.15806,45.50518],[9.15793,45.50628]]]}},{"type":"Feature","properties":{"i":5085},"geometry":{"type":"Polygon","coordinates":[[[9.16237,45.50673],[9.16381,45.50748],[9.16532,45.50705],[9.16545,45.50591],[9.164,45.50517],[9.1625,45.5056],[9.16237,45.50673]]]}},{"type":"Feature","properties":{"i":5086},"geometry":{"type":"Polygon","coordinates":[[[9.1564,45.50327],[9.15745,45.50381],[9.15848,45.50352],[9.15857,45.50275],[9.15752,45.50221],[9.15649,45.5025],[9.1564,45.50327]]]}},{"type":"Feature","properties":{"i":5087},"geometry":{"type":"Polygon","coordinates":[[[9.15975,45.50407],[9.16178,45.50512],[9.164,45.50449],[9.16419,45.50282],[9.16216,45.50178],[9.15995,45.5024],[9.15975,45.50407]]]}},{"type":"Feature","properties":{"i":5088},"geometry":{"type":"Polygon","coordinates":[[[9.15546,45.50869],[9.15679,45.50938],[9.15816,45.50899],[9.15828,45.50796],[9.15695,45.50727],[9.15558,45.50766],[9.15546,45.50869]]]}},{"type":"Feature","properties":{"i":5089},"geometry":{"type":"Polygon","coordinates":[[[9.16007,45.50909],[9.1613,45.50972],[9.16253,45.50937],[9.16264,45.50843],[9.16142,45.5078],[9.16018,45.50815],[9.16007,45.50909]]]}},{"type":"Feature","properties":{"i":5090},"geometry":{"type":"Polygon","coordinates":[[[9.15454,45.50549],[9.155,45.50573],[9.1553,45.50564],[9.15533,45.5054],[9.15487,45.50517],[9.15457,45.50526],[9.15454,45.50549]]]}},{"type":"Feature","properties":{"i":5091},"geometry":{"type":"Polygon","coordinates":[[[9.16872,45.50495],[9.17075,45.506],[9.17298,45.50537],[9.17317,45.5037],[9.17113,45.50264],[9.16891,45.50328],[9.16872,45.50495]]]}},{"type":"Feature","properties":{"i":5092},"geometry":{"type":"Polygon","coordinates":[[[9.17308,45.50543],[9.17522,45.50653],[9.17757,45.50587],[9.17777,45.5041],[9.17563,45.50299],[9.17329,45.50366],[9.17308,45.50543]]]}},{"type":"Feature","properties":{"i":5093},"geometry":{"type":"Polygon","coordinates":[[[9.16666,45.50212],[9.1688,45.50322],[9.17115,45.50255],[9.17135,45.50078],[9.16921,45.49968],[9.16687,45.50034],[9.16666,45.50212]]]}},{"type":"Feature","properties":{"i":5094},"geometry":{"type":"Polygon","coordinates":[[[9.17115,45.50255],[9.17329,45.50366],[9.17563,45.50299],[9.17584,45.50122],[9.1737,45.50012],[9.17135,45.50078],[9.17115,45.50255]]]}},{"type":"Feature","properties":{"i":5095},"geometry":{"type":"Polygon","coordinates":[[[9.16676,45.5072],[9.16829,45.50799],[9.16988,45.50753],[9.17002,45.50632],[9.1685,45.50554],[9.1669,45.50599],[9.16676,45.5072]]]}},{"type":"Feature","properties":{"i":5096},"geometry":{"type":"Polygon","coordinates":[[[9.1706,45.50784],[9.17268,45.50892],[9.17496,45.50827],[9.17516,45.50655],[9.17307,45.50548],[9.1708,45.50613],[9.1706,45.50784]]]}},{"type":"Feature","properties":{"i":5097},"geometry":{"type":"Polygon","coordinates":[[[9.16426,45.5045],[9.16627,45.50554],[9.16846,45.50492],[9.16865,45.50327],[9.16664,45.50223],[9.16445,45.50285],[9.16426,45.5045]]]}},{"type":"Feature","properties":{"i":5098},"geometry":{"type":"Polygon","coordinates":[[[9.14872,45.50036],[9.15086,45.50147],[9.1532,45.5008],[9.15341,45.49903],[9.15127,45.49793],[9.14892,45.49859],[9.14872,45.50036]]]}},{"type":"Feature","properties":{"i":5099},"geometry":{"type":"Polygon","coordinates":[[[9.15447,45.5004],[9.15552,45.50094],[9.15654,45.50065],[9.15663,45.49987],[9.15558,45.49933],[9.15456,45.49962],[9.15447,45.5004]]]}},{"type":"Feature","properties":{"i":5100},"geometry":{"type":"Polygon","coordinates":[[[9.14678,45.49749],[9.14892,45.49859],[9.15127,45.49793],[9.15147,45.49616],[9.14933,45.49505],[9.14699,45.49572],[9.14678,45.49749]]]}},{"type":"Feature","properties":{"i":5101},"geometry":{"type":"Polygon","coordinates":[[[9.15127,45.49793],[9.15341,45.49903],[9.15575,45.49836],[9.15596,45.49659],[9.15382,45.49549],[9.15147,45.49616],[9.15127,45.49793]]]}},{"type":"Feature","properties":{"i":5102},"geometry":{"type":"Polygon","coordinates":[[[9.14634,45.50274],[9.14833,45.50377],[9.1505,45.50316],[9.15068,45.50152],[9.14869,45.5005],[9.14653,45.50111],[9.14634,45.50274]]]}},{"type":"Feature","properties":{"i":5103},"geometry":{"type":"Polygon","coordinates":[[[9.15127,45.50304],[9.15288,45.50387],[9.15458,45.50339],[9.15473,45.5021],[9.15312,45.50127],[9.15142,45.50176],[9.15127,45.50304]]]}},{"type":"Feature","properties":{"i":5104},"geometry":{"type":"Polygon","coordinates":[[[9.14423,45.49992],[9.14637,45.50103],[9.14872,45.50036],[9.14892,45.49859],[9.14678,45.49749],[9.14444,45.49815],[9.14423,45.49992]]]}},{"type":"Feature","properties":{"i":5105},"geometry":{"type":"Polygon","coordinates":[[[9.16082,45.49862],[9.16246,45.49946],[9.1642,45.49897],[9.16435,45.49765],[9.16271,45.49681],[9.16097,45.4973],[9.16082,45.49862]]]}},{"type":"Feature","properties":{"i":5106},"geometry":{"type":"Polygon","coordinates":[[[9.16472,45.49924],[9.16687,45.50034],[9.16921,45.49968],[9.16942,45.49791],[9.16727,45.4968],[9.16493,45.49747],[9.16472,45.49924]]]}},{"type":"Feature","properties":{"i":5107},"geometry":{"type":"Polygon","coordinates":[[[9.1589,45.49574],[9.16053,45.49658],[9.16225,45.49609],[9.1624,45.49478],[9.16077,45.49394],[9.15905,45.49443],[9.1589,45.49574]]]}},{"type":"Feature","properties":{"i":5108},"geometry":{"type":"Polygon","coordinates":[[[9.16311,45.49626],[9.16497,45.49723],[9.16699,45.49666],[9.16716,45.49513],[9.1653,45.49417],[9.16328,45.49474],[9.16311,45.49626]]]}},{"type":"Feature","properties":{"i":5109},"geometry":{"type":"Polygon","coordinates":[[[9.15844,45.501],[9.15993,45.50177],[9.16149,45.50133],[9.16163,45.50015],[9.16014,45.49938],[9.15858,45.49982],[9.15844,45.501]]]}},{"type":"Feature","properties":{"i":5110},"geometry":{"type":"Polygon","coordinates":[[[9.16218,45.50168],[9.16432,45.50278],[9.16666,45.50212],[9.16687,45.50034],[9.16472,45.49924],[9.16238,45.49991],[9.16218,45.50168]]]}},{"type":"Feature","properties":{"i":5111},"geometry":{"type":"Polygon","coordinates":[[[9.1562,45.49822],[9.15795,45.49913],[9.15983,45.49859],[9.16,45.49717],[9.15824,45.49627],[9.15636,45.4968],[9.1562,45.49822]]]}},{"type":"Feature","properties":{"i":5112},"geometry":{"type":"Polygon","coordinates":[[[9.15419,45.51421],[9.15609,45.51519],[9.15814,45.51461],[9.15832,45.51306],[9.15642,45.51208],[9.15437,45.51266],[9.15419,45.51421]]]}},{"type":"Feature","properties":{"i":5113},"geometry":{"type":"Polygon","coordinates":[[[9.15887,45.51459],[9.1606,45.51548],[9.16246,45.51496],[9.16262,45.51356],[9.16088,45.51266],[9.15903,45.51319],[9.15887,45.51459]]]}},{"type":"Feature","properties":{"i":5114},"geometry":{"type":"Polygon","coordinates":[[[9.15274,45.51118],[9.15422,45.51195],[9.15577,45.51151],[9.1559,45.51034],[9.15442,45.50957],[9.15287,45.51001],[9.15274,45.51118]]]}},{"type":"Feature","properties":{"i":5115},"geometry":{"type":"Polygon","coordinates":[[[9.15726,45.51161],[9.15871,45.51235],[9.16022,45.51193],[9.16035,45.51079],[9.1589,45.51004],[9.15739,45.51047],[9.15726,45.51161]]]}},{"type":"Feature","properties":{"i":5116},"geometry":{"type":"Polygon","coordinates":[[[9.15158,45.51667],[9.15353,45.51767],[9.15564,45.51707],[9.15583,45.51548],[9.15388,45.51447],[9.15177,45.51507],[9.15158,45.51667]]]}},{"type":"Feature","properties":{"i":5117},"geometry":{"type":"Polygon","coordinates":[[[9.15601,45.51712],[9.15801,45.51815],[9.16018,45.51753],[9.16037,45.5159],[9.15837,45.51487],[9.1562,45.51548],[9.15601,45.51712]]]}},{"type":"Feature","properties":{"i":5118},"geometry":{"type":"Polygon","coordinates":[[[9.14952,45.51383],[9.15158,45.51489],[9.15383,45.51426],[9.15402,45.51256],[9.15196,45.5115],[9.14971,45.51213],[9.14952,45.51383]]]}},{"type":"Feature","properties":{"i":5119},"geometry":{"type":"Polygon","coordinates":[[[9.16609,45.51253],[9.16766,45.51334],[9.16932,45.51287],[9.16947,45.51162],[9.16789,45.51081],[9.16624,45.51128],[9.16609,45.51253]]]}},{"type":"Feature","properties":{"i":5120},"geometry":{"type":"Polygon","coordinates":[[[9.16998,45.51316],[9.17207,45.51423],[9.17435,45.51359],[9.17455,45.51186],[9.17246,45.51079],[9.17018,45.51144],[9.16998,45.51316]]]}},{"type":"Feature","properties":{"i":5121},"geometry":{"type":"Polygon","coordinates":[[[9.16457,45.50952],[9.16578,45.51015],[9.16701,45.5098],[9.16712,45.50887],[9.1659,45.50825],[9.16467,45.50859],[9.16457,45.50952]]]}},{"type":"Feature","properties":{"i":5122},"geometry":{"type":"Polygon","coordinates":[[[9.16855,45.51012],[9.1702,45.51098],[9.17196,45.51048],[9.17211,45.50915],[9.17046,45.50829],[9.1687,45.50879],[9.16855,45.51012]]]}},{"type":"Feature","properties":{"i":5123},"geometry":{"type":"Polygon","coordinates":[[[9.16369,45.51492],[9.16513,45.51566],[9.16664,45.51524],[9.16677,45.5141],[9.16532,45.51336],[9.16382,45.51378],[9.16369,45.51492]]]}},{"type":"Feature","properties":{"i":5124},"geometry":{"type":"Polygon","coordinates":[[[9.16737,45.51561],[9.16951,45.51672],[9.17186,45.51605],[9.17206,45.51428],[9.16992,45.51318],[9.16757,45.51384],[9.16737,45.51561]]]}},{"type":"Feature","properties":{"i":5125},"geometry":{"type":"Polygon","coordinates":[[[9.16233,45.51186],[9.16328,45.51235],[9.16418,45.51209],[9.16426,45.51141],[9.16331,45.51092],[9.16241,45.51118],[9.16233,45.51186]]]}},{"type":"Feature","properties":{"i":5126},"geometry":{"type":"Polygon","coordinates":[[[9.14691,45.50768],[9.14788,45.50818],[9.14881,45.50792],[9.14889,45.50721],[9.14792,45.50671],[9.14699,45.50698],[9.14691,45.50768]]]}},{"type":"Feature","properties":{"i":5127},"geometry":{"type":"Polygon","coordinates":[[[9.15229,45.50783],[9.15248,45.50794],[9.15248,45.50794],[9.15229,45.50783],[9.15229,45.50783]]]}},{"type":"Feature","properties":{"i":5128},"geometry":{"type":"Polygon","coordinates":[[[9.14419,45.50505],[9.14584,45.5059],[9.14758,45.50541],[9.14773,45.50409],[9.14609,45.50324],[9.14435,45.50374],[9.14419,45.50505]]]}},{"type":"Feature","properties":{"i":5129},"geometry":{"type":"Polygon","coordinates":[[[9.15035,45.50496],[9.15055,45.50506],[9.15055,45.50506],[9.15035,45.50496],[9.15035,45.50496]]]}},{"type":"Feature","properties":{"i":5130},"geometry":{"type":"Polygon","coordinates":[[[9.14324,45.51047],[9.14518,45.51147],[9.14728,45.51088],[9.14746,45.50929],[9.14552,45.50829],[9.14342,45.50889],[9.14324,45.51047]]]}},{"type":"Feature","properties":{"i":5131},"geometry":{"type":"Polygon","coordinates":[[[9.14871,45.5106],[9.1498,45.51115],[9.15086,45.51085],[9.15095,45.51005],[9.14987,45.50949],[9.14881,45.50979],[9.14871,45.5106]]]}},{"type":"Feature","properties":{"i":5132},"geometry":{"type":"Polygon","coordinates":[[[9.14225,45.5073],[9.14337,45.50787],[9.14448,45.50756],[9.14458,45.50672],[9.14346,45.50614],[9.14235,45.50646],[9.14225,45.5073]]]}},{"type":"Feature","properties":{"i":5133},"geometry":{"type":"Polygon","coordinates":[[[9.18869,45.50955],[9.19065,45.51055],[9.19277,45.50995],[9.19296,45.50835],[9.191,45.50734],[9.18888,45.50794],[9.18869,45.50955]]]}},{"type":"Feature","properties":{"i":5134},"geometry":{"type":"Polygon","coordinates":[[[9.19297,45.51005],[9.19511,45.51116],[9.19745,45.51049],[9.19766,45.50872],[9.19552,45.50761],[9.19317,45.50828],[9.19297,45.51005]]]}},{"type":"Feature","properties":{"i":5135},"geometry":{"type":"Polygon","coordinates":[[[9.18704,45.50658],[9.18875,45.50746],[9.19057,45.50694],[9.19073,45.50557],[9.18902,45.50469],[9.1872,45.5052],[9.18704,45.50658]]]}},{"type":"Feature","properties":{"i":5136},"geometry":{"type":"Polygon","coordinates":[[[9.19104,45.50717],[9.19317,45.50827],[9.19551,45.50761],[9.19571,45.50585],[9.19358,45.50475],[9.19124,45.50541],[9.19104,45.50717]]]}},{"type":"Feature","properties":{"i":5137},"geometry":{"type":"Polygon","coordinates":[[[9.18709,45.51168],[9.18823,45.51227],[9.18937,45.51195],[9.18946,45.51109],[9.18832,45.5105],[9.18719,45.51082],[9.18709,45.51168]]]}},{"type":"Feature","properties":{"i":5138},"geometry":{"type":"Polygon","coordinates":[[[9.19062,45.51243],[9.19259,45.51344],[9.19472,45.51283],[9.19491,45.51122],[9.19294,45.51021],[9.1908,45.51081],[9.19062,45.51243]]]}},{"type":"Feature","properties":{"i":5139},"geometry":{"type":"Polygon","coordinates":[[[9.18595,45.50855],[9.1864,45.50879],[9.18671,45.5087],[9.18673,45.50847],[9.18628,45.50823],[9.18597,45.50832],[9.18595,45.50855]]]}},{"type":"Feature","properties":{"i":5140},"geometry":{"type":"Polygon","coordinates":[[[9.2,45.50805],[9.20215,45.50915],[9.20449,45.50849],[9.2047,45.50672],[9.20255,45.50561],[9.20021,45.50628],[9.2,45.50805]]]}},{"type":"Feature","properties":{"i":5141},"geometry":{"type":"Polygon","coordinates":[[[9.20463,45.50844],[9.20665,45.50948],[9.20885,45.50886],[9.20904,45.5072],[9.20702,45.50616],[9.20483,45.50678],[9.20463,45.50844]]]}},{"type":"Feature","properties":{"i":5142},"geometry":{"type":"Polygon","coordinates":[[[9.19831,45.5051],[9.20024,45.50609],[9.20233,45.5055],[9.20252,45.50392],[9.20058,45.50292],[9.19849,45.50352],[9.19831,45.5051]]]}},{"type":"Feature","properties":{"i":5143},"geometry":{"type":"Polygon","coordinates":[[[9.20293,45.50549],[9.20475,45.50643],[9.2067,45.50587],[9.20687,45.5044],[9.20505,45.50346],[9.2031,45.50402],[9.20293,45.50549]]]}},{"type":"Feature","properties":{"i":5144},"geometry":{"type":"Polygon","coordinates":[[[9.19745,45.51049],[9.1996,45.51159],[9.20194,45.51093],[9.20215,45.50915],[9.2,45.50805],[9.19766,45.50872],[9.19745,45.51049]]]}},{"type":"Feature","properties":{"i":5145},"geometry":{"type":"Polygon","coordinates":[[[9.20194,45.51093],[9.20408,45.51203],[9.20643,45.51136],[9.20663,45.50959],[9.20449,45.50849],[9.20215,45.50915],[9.20194,45.51093]]]}},{"type":"Feature","properties":{"i":5146},"geometry":{"type":"Polygon","coordinates":[[[9.19552,45.50761],[9.19766,45.50872],[9.2,45.50805],[9.20021,45.50628],[9.19807,45.50518],[9.19572,45.50584],[9.19552,45.50761]]]}},{"type":"Feature","properties":{"i":5147},"geometry":{"type":"Polygon","coordinates":[[[9.18029,45.50337],[9.18228,45.5044],[9.18445,45.50378],[9.18464,45.50215],[9.18265,45.50112],[9.18048,45.50174],[9.18029,45.50337]]]}},{"type":"Feature","properties":{"i":5148},"geometry":{"type":"Polygon","coordinates":[[[9.18468,45.50384],[9.18676,45.50491],[9.18902,45.50427],[9.18922,45.50256],[9.18714,45.50149],[9.18488,45.50213],[9.18468,45.50384]]]}},{"type":"Feature","properties":{"i":5149},"geometry":{"type":"Polygon","coordinates":[[[9.17818,45.50055],[9.18032,45.50166],[9.18267,45.50099],[9.18287,45.49922],[9.18073,45.49812],[9.17839,45.49878],[9.17818,45.50055]]]}},{"type":"Feature","properties":{"i":5150},"geometry":{"type":"Polygon","coordinates":[[[9.18273,45.50097],[9.18482,45.50205],[9.1871,45.5014],[9.1873,45.49967],[9.18521,45.4986],[9.18292,45.49925],[9.18273,45.50097]]]}},{"type":"Feature","properties":{"i":5151},"geometry":{"type":"Polygon","coordinates":[[[9.17757,45.50587],[9.17971,45.50697],[9.18206,45.5063],[9.18226,45.50453],[9.18012,45.50343],[9.17777,45.5041],[9.17757,45.50587]]]}},{"type":"Feature","properties":{"i":5152},"geometry":{"type":"Polygon","coordinates":[[[9.18223,45.50625],[9.18422,45.50727],[9.18638,45.50666],[9.18657,45.50503],[9.18458,45.504],[9.18242,45.50461],[9.18223,45.50625]]]}},{"type":"Feature","properties":{"i":5153},"geometry":{"type":"Polygon","coordinates":[[[9.17563,45.50299],[9.17777,45.5041],[9.18012,45.50343],[9.18032,45.50166],[9.17818,45.50055],[9.17584,45.50122],[9.17563,45.50299]]]}},{"type":"Feature","properties":{"i":5154},"geometry":{"type":"Polygon","coordinates":[[[9.19164,45.50186],[9.19378,45.50297],[9.19613,45.5023],[9.19633,45.50053],[9.19419,45.49943],[9.19185,45.50009],[9.19164,45.50186]]]}},{"type":"Feature","properties":{"i":5155},"geometry":{"type":"Polygon","coordinates":[[[9.19613,45.5023],[9.19827,45.50341],[9.20062,45.50274],[9.20082,45.50097],[9.19868,45.49986],[9.19633,45.50053],[9.19613,45.5023]]]}},{"type":"Feature","properties":{"i":5156},"geometry":{"type":"Polygon","coordinates":[[[9.1897,45.49899],[9.19185,45.50009],[9.19419,45.49943],[9.1944,45.49766],[9.19225,45.49655],[9.18991,45.49722],[9.1897,45.49899]]]}},{"type":"Feature","properties":{"i":5157},"geometry":{"type":"Polygon","coordinates":[[[9.19419,45.49943],[9.19633,45.50053],[9.19868,45.49986],[9.19888,45.49809],[9.19674,45.49699],[9.1944,45.49766],[9.19419,45.49943]]]}},{"type":"Feature","properties":{"i":5158},"geometry":{"type":"Polygon","coordinates":[[[9.18909,45.5043],[9.19123,45.50541],[9.19358,45.50474],[9.19378,45.50297],[9.19164,45.50186],[9.1893,45.50253],[9.18909,45.5043]]]}},{"type":"Feature","properties":{"i":5159},"geometry":{"type":"Polygon","coordinates":[[[9.1936,45.50473],[9.19572,45.50583],[9.19805,45.50517],[9.19825,45.50341],[9.19613,45.50232],[9.1938,45.50298],[9.1936,45.50473]]]}},{"type":"Feature","properties":{"i":5160},"geometry":{"type":"Polygon","coordinates":[[[9.18716,45.50143],[9.1893,45.50253],[9.19164,45.50186],[9.19185,45.50009],[9.1897,45.49899],[9.18736,45.49966],[9.18716,45.50143]]]}},{"type":"Feature","properties":{"i":5161},"geometry":{"type":"Polygon","coordinates":[[[9.18532,45.51736],[9.18746,45.51847],[9.18981,45.5178],[9.19001,45.51603],[9.18787,45.51493],[9.18552,45.51559],[9.18532,45.51736]]]}},{"type":"Feature","properties":{"i":5162},"geometry":{"type":"Polygon","coordinates":[[[9.18981,45.5178],[9.19195,45.51891],[9.19429,45.51824],[9.1945,45.51647],[9.19236,45.51536],[9.19001,45.51603],[9.18981,45.5178]]]}},{"type":"Feature","properties":{"i":5163},"geometry":{"type":"Polygon","coordinates":[[[9.18402,45.51428],[9.18561,45.5151],[9.18728,45.51463],[9.18743,45.51336],[9.18584,45.51254],[9.18417,45.51302],[9.18402,45.51428]]]}},{"type":"Feature","properties":{"i":5164},"geometry":{"type":"Polygon","coordinates":[[[9.18793,45.51491],[9.19002,45.51599],[9.1923,45.51534],[9.1925,45.51361],[9.19041,45.51253],[9.18812,45.51318],[9.18793,45.51491]]]}},{"type":"Feature","properties":{"i":5165},"geometry":{"type":"Polygon","coordinates":[[[9.18328,45.51964],[9.18498,45.52052],[9.18679,45.52],[9.18695,45.51863],[9.18525,45.51775],[9.18344,45.51827],[9.18328,45.51964]]]}},{"type":"Feature","properties":{"i":5166},"geometry":{"type":"Polygon","coordinates":[[[9.1875,45.52016],[9.18943,45.52116],[9.19152,45.52056],[9.1917,45.51898],[9.18977,45.51799],[9.18768,45.51858],[9.1875,45.52016]]]}},{"type":"Feature","properties":{"i":5167},"geometry":{"type":"Polygon","coordinates":[[[9.18228,45.51646],[9.18317,45.51692],[9.184,45.51668],[9.18407,45.51606],[9.18318,45.5156],[9.18236,45.51584],[9.18228,45.51646]]]}},{"type":"Feature","properties":{"i":5168},"geometry":{"type":"Polygon","coordinates":[[[9.19746,45.5156],[9.19907,45.51643],[9.20077,45.51595],[9.20092,45.51466],[9.19931,45.51383],[9.19761,45.51432],[9.19746,45.5156]]]}},{"type":"Feature","properties":{"i":5169},"geometry":{"type":"Polygon","coordinates":[[[9.20157,45.51616],[9.20351,45.51716],[9.2056,45.51656],[9.20578,45.51498],[9.20385,45.51398],[9.20175,45.51458],[9.20157,45.51616]]]}},{"type":"Feature","properties":{"i":5170},"geometry":{"type":"Polygon","coordinates":[[[9.19506,45.51288],[9.19707,45.51391],[9.19925,45.51329],[9.19944,45.51164],[9.19743,45.51061],[9.19525,45.51123],[9.19506,45.51288]]]}},{"type":"Feature","properties":{"i":5171},"geometry":{"type":"Polygon","coordinates":[[[9.1999,45.5132],[9.2016,45.51408],[9.20342,45.51356],[9.20358,45.51219],[9.20187,45.51131],[9.20006,45.51183],[9.1999,45.5132]]]}},{"type":"Feature","properties":{"i":5172},"geometry":{"type":"Polygon","coordinates":[[[9.19429,45.51824],[9.19644,45.51934],[9.19878,45.51868],[9.19898,45.5169],[9.19684,45.5158],[9.1945,45.51647],[9.19429,45.51824]]]}},{"type":"Feature","properties":{"i":5173},"geometry":{"type":"Polygon","coordinates":[[[9.19878,45.51868],[9.20092,45.51978],[9.20327,45.51911],[9.20347,45.51734],[9.20133,45.51624],[9.19898,45.5169],[9.19878,45.51868]]]}},{"type":"Feature","properties":{"i":5174},"geometry":{"type":"Polygon","coordinates":[[[9.19242,45.51534],[9.19451,45.51642],[9.19678,45.51577],[9.19698,45.51405],[9.1949,45.51298],[9.19262,45.51363],[9.19242,45.51534]]]}},{"type":"Feature","properties":{"i":5175},"geometry":{"type":"Polygon","coordinates":[[[9.17698,45.51117],[9.1791,45.51226],[9.18142,45.5116],[9.18162,45.50985],[9.1795,45.50876],[9.17718,45.50942],[9.17698,45.51117]]]}},{"type":"Feature","properties":{"i":5176},"geometry":{"type":"Polygon","coordinates":[[[9.1834,45.51099],[9.18385,45.51123],[9.18416,45.51114],[9.18418,45.51091],[9.18373,45.51067],[9.18342,45.51076],[9.1834,45.51099]]]}},{"type":"Feature","properties":{"i":5177},"geometry":{"type":"Polygon","coordinates":[[[9.17502,45.5083],[9.17716,45.50941],[9.17951,45.50874],[9.17971,45.50697],[9.17757,45.50587],[9.17522,45.50653],[9.17502,45.5083]]]}},{"type":"Feature","properties":{"i":5178},"geometry":{"type":"Polygon","coordinates":[[[9.18009,45.50855],[9.18173,45.5094],[9.18346,45.5089],[9.18361,45.50759],[9.18198,45.50675],[9.18024,45.50724],[9.18009,45.50855]]]}},{"type":"Feature","properties":{"i":5179},"geometry":{"type":"Polygon","coordinates":[[[9.17441,45.51362],[9.17655,45.51472],[9.17889,45.51405],[9.1791,45.51228],[9.17696,45.51118],[9.17461,45.51184],[9.17441,45.51362]]]}},{"type":"Feature","properties":{"i":5180},"geometry":{"type":"Polygon","coordinates":[[[9.17982,45.51376],[9.18116,45.51445],[9.18254,45.51406],[9.18266,45.51302],[9.18132,45.51232],[9.17994,45.51272],[9.17982,45.51376]]]}},{"type":"Feature","properties":{"i":5181},"geometry":{"type":"Polygon","coordinates":[[[9.17247,45.51074],[9.17461,45.51184],[9.17696,45.51118],[9.17716,45.50941],[9.17502,45.5083],[9.17267,45.50897],[9.17247,45.51074]]]}},{"type":"Feature","properties":{"i":5182},"geometry":{"type":"Polygon","coordinates":[[[9.14396,45.48629],[9.14573,45.4872],[9.14762,45.48666],[9.14778,45.48523],[9.14602,45.48432],[9.14413,45.48486],[9.14396,45.48629]]]}},{"type":"Feature","properties":{"i":5183},"geometry":{"type":"Polygon","coordinates":[[[9.14846,45.48672],[9.15021,45.48763],[9.1521,45.48709],[9.15226,45.48567],[9.1505,45.48476],[9.14862,45.4853],[9.14846,45.48672]]]}},{"type":"Feature","properties":{"i":5184},"geometry":{"type":"Polygon","coordinates":[[[9.14162,45.48354],[9.14374,45.48463],[9.14605,45.48397],[9.14625,45.48223],[9.14414,45.48114],[9.14183,45.48179],[9.14162,45.48354]]]}},{"type":"Feature","properties":{"i":5185},"geometry":{"type":"Polygon","coordinates":[[[9.14628,45.48392],[9.14825,45.48494],[9.15038,45.48433],[9.15057,45.48272],[9.1486,45.4817],[9.14647,45.48231],[9.14628,45.48392]]]}},{"type":"Feature","properties":{"i":5186},"geometry":{"type":"Polygon","coordinates":[[[9.14134,45.48875],[9.14317,45.48969],[9.14513,45.48913],[9.1453,45.48765],[9.14348,45.4867],[9.14152,45.48726],[9.14134,45.48875]]]}},{"type":"Feature","properties":{"i":5187},"geometry":{"type":"Polygon","coordinates":[[[9.14571,45.48922],[9.14764,45.49022],[9.14972,45.48962],[9.14991,45.48805],[9.14798,45.48705],[9.14589,45.48764],[9.14571,45.48922]]]}},{"type":"Feature","properties":{"i":5188},"geometry":{"type":"Polygon","coordinates":[[[9.13921,45.48593],[9.14121,45.48696],[9.14338,45.48635],[9.14357,45.48471],[9.14157,45.48368],[9.1394,45.48429],[9.13921,45.48593]]]}},{"type":"Feature","properties":{"i":5189},"geometry":{"type":"Polygon","coordinates":[[[9.15505,45.48486],[9.15719,45.48597],[9.15953,45.4853],[9.15974,45.48353],[9.1576,45.48243],[9.15525,45.48309],[9.15505,45.48486]]]}},{"type":"Feature","properties":{"i":5190},"geometry":{"type":"Polygon","coordinates":[[[9.15953,45.4853],[9.16167,45.48641],[9.16402,45.48574],[9.16422,45.48397],[9.16208,45.48286],[9.15974,45.48353],[9.15953,45.4853]]]}},{"type":"Feature","properties":{"i":5191},"geometry":{"type":"Polygon","coordinates":[[[9.15342,45.48189],[9.15529,45.48286],[9.15732,45.48228],[9.15749,45.48075],[9.15562,45.47979],[9.1536,45.48036],[9.15342,45.48189]]]}},{"type":"Feature","properties":{"i":5192},"geometry":{"type":"Polygon","coordinates":[[[9.15787,45.48234],[9.15977,45.48332],[9.16183,45.48274],[9.16201,45.48118],[9.16011,45.4802],[9.15805,45.48078],[9.15787,45.48234]]]}},{"type":"Feature","properties":{"i":5193},"geometry":{"type":"Polygon","coordinates":[[[9.1525,45.4873],[9.15464,45.48841],[9.15698,45.48774],[9.15719,45.48597],[9.15505,45.48486],[9.1527,45.48553],[9.1525,45.4873]]]}},{"type":"Feature","properties":{"i":5194},"geometry":{"type":"Polygon","coordinates":[[[9.15698,45.48774],[9.15912,45.48884],[9.16147,45.48818],[9.16167,45.48641],[9.15953,45.4853],[9.15719,45.48597],[9.15698,45.48774]]]}},{"type":"Feature","properties":{"i":5195},"geometry":{"type":"Polygon","coordinates":[[[9.15101,45.48428],[9.15276,45.48519],[9.15464,45.48465],[9.1548,45.48324],[9.15305,45.48233],[9.15118,45.48287],[9.15101,45.48428]]]}},{"type":"Feature","properties":{"i":5196},"geometry":{"type":"Polygon","coordinates":[[[9.13589,45.48001],[9.13741,45.48079],[9.13901,45.48034],[9.13915,45.47913],[9.13763,45.47835],[9.13603,45.4788],[9.13589,45.48001]]]}},{"type":"Feature","properties":{"i":5197},"geometry":{"type":"Polygon","coordinates":[[[9.14027,45.48048],[9.14188,45.48131],[9.14359,45.48082],[9.14373,45.47954],[9.14212,45.47871],[9.14042,45.47919],[9.14027,45.48048]]]}},{"type":"Feature","properties":{"i":5198},"geometry":{"type":"Polygon","coordinates":[[[9.13373,45.4772],[9.13545,45.47809],[9.13728,45.47757],[9.13744,45.47618],[9.13572,45.4753],[9.13389,45.47582],[9.13373,45.4772]]]}},{"type":"Feature","properties":{"i":5199},"geometry":{"type":"Polygon","coordinates":[[[9.13793,45.47773],[9.13989,45.47874],[9.14202,45.47814],[9.14221,45.47653],[9.14025,45.47552],[9.13812,45.47612],[9.13793,45.47773]]]}},{"type":"Feature","properties":{"i":5200},"geometry":{"type":"Polygon","coordinates":[[[9.13394,45.48225],[9.13495,45.48277],[9.13591,45.48249],[9.136,45.48176],[9.13499,45.48124],[9.13403,45.48152],[9.13394,45.48225]]]}},{"type":"Feature","properties":{"i":5201},"geometry":{"type":"Polygon","coordinates":[[[9.13767,45.48293],[9.13933,45.48379],[9.14108,45.48329],[9.14124,45.48196],[9.13958,45.4811],[9.13782,45.4816],[9.13767,45.48293]]]}},{"type":"Feature","properties":{"i":5202},"geometry":{"type":"Polygon","coordinates":[[[9.13121,45.47963],[9.1329,45.4805],[9.13471,45.47999],[9.13486,45.47863],[9.13317,45.47775],[9.13137,45.47827],[9.13121,45.47963]]]}},{"type":"Feature","properties":{"i":5203},"geometry":{"type":"Polygon","coordinates":[[[9.14669,45.47867],[9.14883,45.47978],[9.15118,45.47911],[9.15138,45.47734],[9.14924,45.47624],[9.1469,45.4769],[9.14669,45.47867]]]}},{"type":"Feature","properties":{"i":5204},"geometry":{"type":"Polygon","coordinates":[[[9.15342,45.4784],[9.15362,45.4785],[9.15362,45.4785],[9.15342,45.4784],[9.15342,45.4784]]]}},{"type":"Feature","properties":{"i":5205},"geometry":{"type":"Polygon","coordinates":[[[9.14476,45.4758],[9.1469,45.4769],[9.14924,45.47624],[9.14945,45.47447],[9.14731,45.47336],[9.14496,45.47403],[9.14476,45.4758]]]}},{"type":"Feature","properties":{"i":5206},"geometry":{"type":"Polygon","coordinates":[[[9.14944,45.47617],[9.15141,45.47719],[9.15355,45.47658],[9.15373,45.47497],[9.15176,45.47395],[9.14963,45.47456],[9.14944,45.47617]]]}},{"type":"Feature","properties":{"i":5207},"geometry":{"type":"Polygon","coordinates":[[[9.14423,45.48108],[9.1463,45.48215],[9.14854,45.48151],[9.14874,45.47981],[9.14668,45.47874],[9.14443,45.47938],[9.14423,45.48108]]]}},{"type":"Feature","properties":{"i":5208},"geometry":{"type":"Polygon","coordinates":[[[9.14982,45.48117],[9.15093,45.48174],[9.15202,45.48143],[9.15212,45.4806],[9.15101,45.48003],[9.14992,45.48034],[9.14982,45.48117]]]}},{"type":"Feature","properties":{"i":5209},"geometry":{"type":"Polygon","coordinates":[[[9.14286,45.47803],[9.14444,45.47884],[9.1461,45.47837],[9.14625,45.47711],[9.14467,45.4763],[9.143,45.47677],[9.14286,45.47803]]]}},{"type":"Feature","properties":{"i":5210},"geometry":{"type":"Polygon","coordinates":[[[9.14046,45.49414],[9.14252,45.49521],[9.14476,45.49457],[9.14496,45.49287],[9.1429,45.49181],[9.14066,45.49245],[9.14046,45.49414]]]}},{"type":"Feature","properties":{"i":5211},"geometry":{"type":"Polygon","coordinates":[[[9.14485,45.49461],[9.14699,45.49572],[9.14933,45.49505],[9.14954,45.49328],[9.1474,45.49218],[9.14505,45.49284],[9.14485,45.49461]]]}},{"type":"Feature","properties":{"i":5212},"geometry":{"type":"Polygon","coordinates":[[[9.13947,45.49097],[9.14071,45.49161],[9.14197,45.49125],[9.14208,45.4903],[9.14084,45.48966],[9.13958,45.49001],[9.13947,45.49097]]]}},{"type":"Feature","properties":{"i":5213},"geometry":{"type":"Polygon","coordinates":[[[9.14376,45.49147],[9.14517,45.49219],[9.14663,45.49178],[9.14676,45.49068],[9.14535,45.48995],[9.14389,45.49036],[9.14376,45.49147]]]}},{"type":"Feature","properties":{"i":5214},"geometry":{"type":"Polygon","coordinates":[[[9.13787,45.49659],[9.13996,45.49767],[9.14225,45.49702],[9.14245,45.4953],[9.14036,45.49422],[9.13807,45.49487],[9.13787,45.49659]]]}},{"type":"Feature","properties":{"i":5215},"geometry":{"type":"Polygon","coordinates":[[[9.1423,45.49705],[9.14444,45.49815],[9.14678,45.49749],[9.14699,45.49572],[9.14485,45.49461],[9.1425,45.49528],[9.1423,45.49705]]]}},{"type":"Feature","properties":{"i":5216},"geometry":{"type":"Polygon","coordinates":[[[9.13641,45.49357],[9.13809,45.49444],[9.13988,45.49393],[9.14004,45.49257],[9.13836,45.4917],[9.13656,45.49221],[9.13641,45.49357]]]}},{"type":"Feature","properties":{"i":5217},"geometry":{"type":"Polygon","coordinates":[[[9.15188,45.49261],[9.15402,45.49372],[9.15637,45.49305],[9.15657,45.49128],[9.15443,45.49018],[9.15209,45.49084],[9.15188,45.49261]]]}},{"type":"Feature","properties":{"i":5218},"geometry":{"type":"Polygon","coordinates":[[[9.15637,45.49305],[9.15851,45.49416],[9.16085,45.49349],[9.16106,45.49172],[9.15892,45.49062],[9.15657,45.49128],[9.15637,45.49305]]]}},{"type":"Feature","properties":{"i":5219},"geometry":{"type":"Polygon","coordinates":[[[9.14995,45.48974],[9.15209,45.49084],[9.15443,45.49018],[9.15464,45.48841],[9.1525,45.4873],[9.15015,45.48797],[9.14995,45.48974]]]}},{"type":"Feature","properties":{"i":5220},"geometry":{"type":"Polygon","coordinates":[[[9.15459,45.49013],[9.15659,45.49116],[9.15877,45.49054],[9.15896,45.48889],[9.15696,45.48786],[9.15478,45.48848],[9.15459,45.49013]]]}},{"type":"Feature","properties":{"i":5221},"geometry":{"type":"Polygon","coordinates":[[[9.14933,45.49505],[9.15147,45.49616],[9.15382,45.49549],[9.15402,45.49372],[9.15188,45.49261],[9.14954,45.49328],[9.14933,45.49505]]]}},{"type":"Feature","properties":{"i":5222},"geometry":{"type":"Polygon","coordinates":[[[9.15385,45.49548],[9.15596,45.49657],[9.15828,45.49591],[9.15848,45.49417],[9.15636,45.49307],[9.15405,45.49373],[9.15385,45.49548]]]}},{"type":"Feature","properties":{"i":5223},"geometry":{"type":"Polygon","coordinates":[[[9.1474,45.49218],[9.14954,45.49328],[9.15188,45.49261],[9.15209,45.49084],[9.14995,45.48974],[9.1476,45.49041],[9.1474,45.49218]]]}},{"type":"Feature","properties":{"i":5224},"geometry":{"type":"Polygon","coordinates":[[[9.13339,45.48754],[9.13434,45.48803],[9.13524,45.48778],[9.13532,45.48709],[9.13437,45.4866],[9.13347,45.48686],[9.13339,45.48754]]]}},{"type":"Feature","properties":{"i":5225},"geometry":{"type":"Polygon","coordinates":[[[9.13668,45.48836],[9.13866,45.48938],[9.14081,45.48877],[9.14099,45.48715],[9.13902,45.48613],[9.13687,45.48674],[9.13668,45.48836]]]}},{"type":"Feature","properties":{"i":5226},"geometry":{"type":"Polygon","coordinates":[[[9.1305,45.48497],[9.13227,45.48589],[9.13417,45.48535],[9.13434,45.48391],[9.13257,45.483],[9.13067,45.48354],[9.1305,45.48497]]]}},{"type":"Feature","properties":{"i":5227},"geometry":{"type":"Polygon","coordinates":[[[9.13483,45.48546],[9.13674,45.48644],[9.13879,45.48586],[9.13897,45.4843],[9.13707,45.48332],[9.13501,45.48391],[9.13483,45.48546]]]}},{"type":"Feature","properties":{"i":5228},"geometry":{"type":"Polygon","coordinates":[[[9.13171,45.4897],[9.1319,45.48981],[9.1319,45.48981],[9.13171,45.4897],[9.13171,45.4897]]]}},{"type":"Feature","properties":{"i":5229},"geometry":{"type":"Polygon","coordinates":[[[9.13499,45.49053],[9.13623,45.49117],[9.13748,45.49081],[9.13759,45.48986],[9.13635,45.48922],[9.1351,45.48958],[9.13499,45.49053]]]}},{"type":"Feature","properties":{"i":5230},"geometry":{"type":"Polygon","coordinates":[[[9.12792,45.48742],[9.12972,45.48835],[9.13165,45.4878],[9.13182,45.48634],[9.13002,45.48541],[9.12809,45.48596],[9.12792,45.48742]]]}},{"type":"Feature","properties":{"i":5231},"geometry":{"type":"Polygon","coordinates":[[[9.17717,45.48877],[9.17737,45.48887],[9.17737,45.48887],[9.17717,45.48877],[9.17717,45.48877]]]}},{"type":"Feature","properties":{"i":5232},"geometry":{"type":"Polygon","coordinates":[[[9.17957,45.48988],[9.18157,45.49091],[9.18375,45.49029],[9.18394,45.48864],[9.18194,45.48761],[9.17976,45.48823],[9.17957,45.48988]]]}},{"type":"Feature","properties":{"i":5233},"geometry":{"type":"Polygon","coordinates":[[[9.17523,45.4859],[9.17543,45.486],[9.17543,45.486],[9.17523,45.4859],[9.17523,45.4859]]]}},{"type":"Feature","properties":{"i":5234},"geometry":{"type":"Polygon","coordinates":[[[9.17972,45.48633],[9.17992,45.48644],[9.17992,45.48644],[9.17972,45.48633],[9.17972,45.48633]]]}},{"type":"Feature","properties":{"i":5235},"geometry":{"type":"Polygon","coordinates":[[[9.17384,45.49146],[9.17471,45.49191],[9.17553,45.49168],[9.1756,45.49106],[9.17472,45.49061],[9.17391,45.49084],[9.17384,45.49146]]]}},{"type":"Feature","properties":{"i":5236},"geometry":{"type":"Polygon","coordinates":[[[9.17812,45.49196],[9.17917,45.4925],[9.1802,45.49221],[9.18029,45.49144],[9.17924,45.49089],[9.17821,45.49119],[9.17812,45.49196]]]}},{"type":"Feature","properties":{"i":5237},"geometry":{"type":"Polygon","coordinates":[[[9.17068,45.48898],[9.17261,45.48998],[9.17471,45.48938],[9.17489,45.4878],[9.17295,45.4868],[9.17086,45.48739],[9.17068,45.48898]]]}},{"type":"Feature","properties":{"i":5238},"geometry":{"type":"Polygon","coordinates":[[[9.18644,45.48793],[9.18858,45.48903],[9.19093,45.48836],[9.19113,45.48659],[9.18899,45.48549],[9.18665,45.48616],[9.18644,45.48793]]]}},{"type":"Feature","properties":{"i":5239},"geometry":{"type":"Polygon","coordinates":[[[9.19094,45.48836],[9.19307,45.48946],[9.1954,45.48879],[9.19561,45.48703],[9.19348,45.48593],[9.19114,45.4866],[9.19094,45.48836]]]}},{"type":"Feature","properties":{"i":5240},"geometry":{"type":"Polygon","coordinates":[[[9.18526,45.48481],[9.18675,45.48558],[9.18831,45.48514],[9.18845,45.48396],[9.18695,45.48319],[9.18539,45.48363],[9.18526,45.48481]]]}},{"type":"Feature","properties":{"i":5241},"geometry":{"type":"Polygon","coordinates":[[[9.18942,45.48535],[9.19119,45.48626],[9.19309,45.48572],[9.19325,45.48429],[9.19148,45.48338],[9.18959,45.48392],[9.18942,45.48535]]]}},{"type":"Feature","properties":{"i":5242},"geometry":{"type":"Polygon","coordinates":[[[9.18389,45.49036],[9.18603,45.49147],[9.18838,45.4908],[9.18858,45.48903],[9.18644,45.48793],[9.1841,45.48859],[9.18389,45.49036]]]}},{"type":"Feature","properties":{"i":5243},"geometry":{"type":"Polygon","coordinates":[[[9.18838,45.4908],[9.19052,45.49191],[9.19287,45.49124],[9.19307,45.48947],[9.19093,45.48836],[9.18858,45.48903],[9.18838,45.4908]]]}},{"type":"Feature","properties":{"i":5244},"geometry":{"type":"Polygon","coordinates":[[[9.18216,45.48742],[9.18413,45.48844],[9.18626,45.48783],[9.18644,45.48622],[9.18448,45.48521],[9.18235,45.48581],[9.18216,45.48742]]]}},{"type":"Feature","properties":{"i":5245},"geometry":{"type":"Polygon","coordinates":[[[9.16657,45.4833],[9.16871,45.48441],[9.17105,45.48374],[9.17125,45.48197],[9.16911,45.48086],[9.16677,45.48153],[9.16657,45.4833]]]}},{"type":"Feature","properties":{"i":5246},"geometry":{"type":"Polygon","coordinates":[[[9.17105,45.48374],[9.17319,45.48484],[9.17554,45.48418],[9.17574,45.48241],[9.1736,45.4813],[9.17125,45.48197],[9.17105,45.48374]]]}},{"type":"Feature","properties":{"i":5247},"geometry":{"type":"Polygon","coordinates":[[[9.16465,45.48042],[9.16677,45.48152],[9.1691,45.48086],[9.1693,45.4791],[9.16718,45.478],[9.16485,45.47866],[9.16465,45.48042]]]}},{"type":"Feature","properties":{"i":5248},"geometry":{"type":"Polygon","coordinates":[[[9.16911,45.48086],[9.17125,45.48197],[9.1736,45.4813],[9.1738,45.47953],[9.17166,45.47843],[9.16932,45.47909],[9.16911,45.48086]]]}},{"type":"Feature","properties":{"i":5249},"geometry":{"type":"Polygon","coordinates":[[[9.16404,45.48573],[9.16616,45.48683],[9.16848,45.48617],[9.16868,45.48441],[9.16656,45.48332],[9.16424,45.48398],[9.16404,45.48573]]]}},{"type":"Feature","properties":{"i":5250},"geometry":{"type":"Polygon","coordinates":[[[9.16853,45.48617],[9.17065,45.48726],[9.17296,45.4866],[9.17316,45.48485],[9.17105,45.48376],[9.16873,45.48442],[9.16853,45.48617]]]}},{"type":"Feature","properties":{"i":5251},"geometry":{"type":"Polygon","coordinates":[[[9.16208,45.48286],[9.16422,45.48397],[9.16657,45.4833],[9.16677,45.48153],[9.16463,45.48043],[9.16229,45.48109],[9.16208,45.48286]]]}},{"type":"Feature","properties":{"i":5252},"geometry":{"type":"Polygon","coordinates":[[[9.17808,45.48174],[9.18023,45.48284],[9.18257,45.48218],[9.18277,45.4804],[9.18063,45.4793],[9.17829,45.47997],[9.17808,45.48174]]]}},{"type":"Feature","properties":{"i":5253},"geometry":{"type":"Polygon","coordinates":[[[9.1826,45.48217],[9.18471,45.48326],[9.18703,45.4826],[9.18723,45.48085],[9.18511,45.47976],[9.1828,45.48042],[9.1826,45.48217]]]}},{"type":"Feature","properties":{"i":5254},"geometry":{"type":"Polygon","coordinates":[[[9.17615,45.47886],[9.17829,45.47997],[9.18063,45.4793],[9.18084,45.47753],[9.1787,45.47643],[9.17635,45.47709],[9.17615,45.47886]]]}},{"type":"Feature","properties":{"i":5255},"geometry":{"type":"Polygon","coordinates":[[[9.18063,45.4793],[9.18277,45.4804],[9.18512,45.47974],[9.18532,45.47797],[9.18318,45.47686],[9.18084,45.47753],[9.18063,45.4793]]]}},{"type":"Feature","properties":{"i":5256},"geometry":{"type":"Polygon","coordinates":[[[9.17581,45.48409],[9.17771,45.48507],[9.17977,45.48449],[9.17995,45.48293],[9.17805,45.48195],[9.17599,45.48253],[9.17581,45.48409]]]}},{"type":"Feature","properties":{"i":5257},"geometry":{"type":"Polygon","coordinates":[[[9.18013,45.48458],[9.18218,45.48564],[9.18441,45.485],[9.1846,45.48331],[9.18256,45.48226],[9.18032,45.48289],[9.18013,45.48458]]]}},{"type":"Feature","properties":{"i":5258},"geometry":{"type":"Polygon","coordinates":[[[9.1736,45.4813],[9.17574,45.48241],[9.17808,45.48174],[9.17829,45.47997],[9.17615,45.47886],[9.1738,45.47953],[9.1736,45.4813]]]}},{"type":"Feature","properties":{"i":5259},"geometry":{"type":"Polygon","coordinates":[[[9.17178,45.49724],[9.1739,45.49833],[9.17623,45.49767],[9.17643,45.49591],[9.17431,45.49482],[9.17198,45.49548],[9.17178,45.49724]]]}},{"type":"Feature","properties":{"i":5260},"geometry":{"type":"Polygon","coordinates":[[[9.17654,45.49758],[9.17843,45.49856],[9.18047,45.49798],[9.18064,45.49644],[9.17876,45.49546],[9.17672,45.49604],[9.17654,45.49758]]]}},{"type":"Feature","properties":{"i":5261},"geometry":{"type":"Polygon","coordinates":[[[9.17061,45.49411],[9.17207,45.49487],[9.1736,45.49444],[9.17373,45.49328],[9.17227,45.49253],[9.17074,45.49296],[9.17061,45.49411]]]}},{"type":"Feature","properties":{"i":5262},"geometry":{"type":"Polygon","coordinates":[[[9.17485,45.49463],[9.17652,45.49549],[9.1783,45.49499],[9.17846,45.49364],[9.17678,45.49278],[9.17501,45.49329],[9.17485,45.49463]]]}},{"type":"Feature","properties":{"i":5263},"geometry":{"type":"Polygon","coordinates":[[[9.16921,45.49968],[9.17135,45.50078],[9.1737,45.50012],[9.1739,45.49835],[9.17176,45.49724],[9.16942,45.49791],[9.16921,45.49968]]]}},{"type":"Feature","properties":{"i":5264},"geometry":{"type":"Polygon","coordinates":[[[9.17389,45.50005],[9.17586,45.50107],[9.17801,45.50046],[9.17819,45.49884],[9.17622,45.49783],[9.17408,45.49844],[9.17389,45.50005]]]}},{"type":"Feature","properties":{"i":5265},"geometry":{"type":"Polygon","coordinates":[[[9.16733,45.49679],[9.16942,45.49787],[9.17171,45.49722],[9.17191,45.49549],[9.16982,45.49441],[9.16753,45.49506],[9.16733,45.49679]]]}},{"type":"Feature","properties":{"i":5266},"geometry":{"type":"Polygon","coordinates":[[[9.18328,45.49568],[9.18542,45.49678],[9.18777,45.49611],[9.18797,45.49434],[9.18583,45.49324],[9.18349,45.49391],[9.18328,45.49568]]]}},{"type":"Feature","properties":{"i":5267},"geometry":{"type":"Polygon","coordinates":[[[9.18777,45.49611],[9.18991,45.49722],[9.19225,45.49655],[9.19246,45.49478],[9.19032,45.49368],[9.18797,45.49434],[9.18777,45.49611]]]}},{"type":"Feature","properties":{"i":5268},"geometry":{"type":"Polygon","coordinates":[[[9.18134,45.4928],[9.18349,45.49391],[9.18583,45.49324],[9.18603,45.49147],[9.18389,45.49036],[9.18155,45.49103],[9.18134,45.4928]]]}},{"type":"Feature","properties":{"i":5269},"geometry":{"type":"Polygon","coordinates":[[[9.18583,45.49324],[9.18797,45.49434],[9.19032,45.49368],[9.19052,45.49191],[9.18838,45.4908],[9.18603,45.49147],[9.18583,45.49324]]]}},{"type":"Feature","properties":{"i":5270},"geometry":{"type":"Polygon","coordinates":[[[9.18073,45.49812],[9.18287,45.49922],[9.18522,45.49855],[9.18542,45.49678],[9.18328,45.49568],[9.18094,45.49634],[9.18073,45.49812]]]}},{"type":"Feature","properties":{"i":5271},"geometry":{"type":"Polygon","coordinates":[[[9.18539,45.4985],[9.18738,45.49953],[9.18955,45.49891],[9.18974,45.49727],[9.18774,45.49624],[9.18558,45.49686],[9.18539,45.4985]]]}},{"type":"Feature","properties":{"i":5272},"geometry":{"type":"Polygon","coordinates":[[[9.17907,45.49515],[9.18097,45.49614],[9.18303,45.49555],[9.18321,45.49399],[9.18131,45.49301],[9.17925,45.4936],[9.17907,45.49515]]]}},{"type":"Feature","properties":{"i":5273},"geometry":{"type":"Polygon","coordinates":[[[9.1634,45.49105],[9.16554,45.49216],[9.16789,45.49149],[9.16809,45.48972],[9.16595,45.48862],[9.16361,45.48928],[9.1634,45.49105]]]}},{"type":"Feature","properties":{"i":5274},"geometry":{"type":"Polygon","coordinates":[[[9.16805,45.49144],[9.17005,45.49247],[9.17222,45.49185],[9.17241,45.49021],[9.17041,45.48918],[9.16824,45.4898],[9.16805,45.49144]]]}},{"type":"Feature","properties":{"i":5275},"geometry":{"type":"Polygon","coordinates":[[[9.16147,45.48818],[9.16361,45.48928],[9.16595,45.48862],[9.16616,45.48684],[9.16402,45.48574],[9.16167,45.48641],[9.16147,45.48818]]]}},{"type":"Feature","properties":{"i":5276},"geometry":{"type":"Polygon","coordinates":[[[9.16595,45.48862],[9.16809,45.48972],[9.17044,45.48905],[9.17064,45.48728],[9.1685,45.48618],[9.16616,45.48684],[9.16595,45.48862]]]}},{"type":"Feature","properties":{"i":5277},"geometry":{"type":"Polygon","coordinates":[[[9.16085,45.49349],[9.16299,45.49459],[9.16534,45.49393],[9.16554,45.49216],[9.1634,45.49105],[9.16106,45.49172],[9.16085,45.49349]]]}},{"type":"Feature","properties":{"i":5278},"geometry":{"type":"Polygon","coordinates":[[[9.16594,45.49374],[9.16756,45.49457],[9.16928,45.49408],[9.16943,45.49279],[9.16781,45.49195],[9.16609,45.49244],[9.16594,45.49374]]]}},{"type":"Feature","properties":{"i":5279},"geometry":{"type":"Polygon","coordinates":[[[9.15892,45.49062],[9.16106,45.49172],[9.1634,45.49105],[9.16361,45.48928],[9.16147,45.48818],[9.15912,45.48884],[9.15892,45.49062]]]}},{"type":"Feature","properties":{"i":5282},"geometry":{"type":"Polygon","coordinates":[[[9.13731,45.52072],[9.13943,45.52181],[9.14175,45.52116],[9.14195,45.51941],[9.13983,45.51832],[9.13752,45.51897],[9.13731,45.52072]]]}},{"type":"Feature","properties":{"i":5283},"geometry":{"type":"Polygon","coordinates":[[[9.14227,45.52101],[9.14398,45.52189],[9.1458,45.52137],[9.14596,45.52],[9.14425,45.51912],[9.14243,45.51963],[9.14227,45.52101]]]}},{"type":"Feature","properties":{"i":5287},"geometry":{"type":"Polygon","coordinates":[[[9.15105,45.52195],[9.15293,45.52292],[9.15496,45.52234],[9.15514,45.52081],[9.15325,45.51984],[9.15122,45.52042],[9.15105,45.52195]]]}},{"type":"Feature","properties":{"i":5288},"geometry":{"type":"Polygon","coordinates":[[[9.15661,45.52205],[9.15756,45.52254],[9.15847,45.52228],[9.15854,45.52159],[9.15759,45.5211],[9.15669,45.52136],[9.15661,45.52205]]]}},{"type":"Feature","properties":{"i":5289},"geometry":{"type":"Polygon","coordinates":[[[9.14946,45.51897],[9.15104,45.51978],[9.15271,45.51931],[9.15285,45.51805],[9.15127,45.51723],[9.14961,45.51771],[9.14946,45.51897]]]}},{"type":"Feature","properties":{"i":5290},"geometry":{"type":"Polygon","coordinates":[[[9.15397,45.51939],[9.15553,45.5202],[9.15717,45.51973],[9.15731,45.5185],[9.15575,45.51769],[9.15412,45.51816],[9.15397,45.51939]]]}},{"type":"Feature","properties":{"i":5292},"geometry":{"type":"Polygon","coordinates":[[[9.1541,45.52447],[9.15502,45.52495],[9.15588,45.5247],[9.15596,45.52404],[9.15504,45.52357],[9.15417,45.52381],[9.1541,45.52447]]]}},{"type":"Feature","properties":{"i":5293},"geometry":{"type":"Polygon","coordinates":[[[9.14779,45.52112],[9.14861,45.52154],[9.14936,45.52133],[9.14942,45.52077],[9.1486,45.52034],[9.14785,45.52055],[9.14779,45.52112]]]}},{"type":"Feature","properties":{"i":5294},"geometry":{"type":"Polygon","coordinates":[[[9.13175,45.51713],[9.13313,45.51784],[9.13455,45.51744],[9.13467,45.51637],[9.13329,45.51566],[9.13188,45.51606],[9.13175,45.51713]]]}},{"type":"Feature","properties":{"i":5295},"geometry":{"type":"Polygon","coordinates":[[[9.13535,45.51786],[9.13749,45.51896],[9.13984,45.5183],[9.14004,45.51652],[9.1379,45.51542],[9.13556,45.51609],[9.13535,45.51786]]]}},{"type":"Feature","properties":{"i":5296},"geometry":{"type":"Polygon","coordinates":[[[9.12912,45.51448],[9.1311,45.51551],[9.13325,45.51489],[9.13344,45.51327],[9.13146,45.51225],[9.1293,45.51286],[9.12912,45.51448]]]}},{"type":"Feature","properties":{"i":5297},"geometry":{"type":"Polygon","coordinates":[[[9.13342,45.51498],[9.13556,45.51609],[9.1379,45.51542],[9.13811,45.51365],[9.13597,45.51255],[9.13362,45.51321],[9.13342,45.51498]]]}},{"type":"Feature","properties":{"i":5298},"geometry":{"type":"Polygon","coordinates":[[[9.12833,45.51985],[9.13046,45.52094],[9.13278,45.52028],[9.13299,45.51853],[9.13086,45.51743],[9.12854,45.51809],[9.12833,45.51985]]]}},{"type":"Feature","properties":{"i":5299},"geometry":{"type":"Polygon","coordinates":[[[9.1328,45.52029],[9.13494,45.5214],[9.13729,45.52073],[9.13749,45.51896],[9.13535,45.51786],[9.13301,45.51852],[9.1328,45.52029]]]}},{"type":"Feature","properties":{"i":5300},"geometry":{"type":"Polygon","coordinates":[[[9.12638,45.51698],[9.12852,45.51808],[9.13087,45.51742],[9.13107,45.51565],[9.12893,45.51454],[9.12659,45.51521],[9.12638,45.51698]]]}},{"type":"Feature","properties":{"i":5301},"geometry":{"type":"Polygon","coordinates":[[[9.14239,45.51586],[9.14453,45.51696],[9.14687,45.5163],[9.14708,45.51453],[9.14494,45.51342],[9.14259,45.51409],[9.14239,45.51586]]]}},{"type":"Feature","properties":{"i":5302},"geometry":{"type":"Polygon","coordinates":[[[9.14703,45.51625],[9.14904,45.51729],[9.15122,45.51666],[9.15141,45.51501],[9.1494,45.51398],[9.14722,45.5146],[9.14703,45.51625]]]}},{"type":"Feature","properties":{"i":5303},"geometry":{"type":"Polygon","coordinates":[[[9.14045,45.51298],[9.14259,45.51409],[9.14494,45.51342],[9.14514,45.51165],[9.143,45.51055],[9.14066,45.51121],[9.14045,45.51298]]]}},{"type":"Feature","properties":{"i":5304},"geometry":{"type":"Polygon","coordinates":[[[9.14509,45.51338],[9.1471,45.51441],[9.14929,45.51379],[9.14948,45.51214],[9.14747,45.5111],[9.14528,45.51172],[9.14509,45.51338]]]}},{"type":"Feature","properties":{"i":5305},"geometry":{"type":"Polygon","coordinates":[[[9.13984,45.5183],[9.14198,45.5194],[9.14432,45.51873],[9.14453,45.51696],[9.14239,45.51586],[9.14004,45.51652],[9.13984,45.5183]]]}},{"type":"Feature","properties":{"i":5306},"geometry":{"type":"Polygon","coordinates":[[[9.14478,45.51859],[9.14653,45.51949],[9.14839,45.51896],[9.14856,45.51755],[9.14681,45.51665],[9.14494,45.51718],[9.14478,45.51859]]]}},{"type":"Feature","properties":{"i":5307},"geometry":{"type":"Polygon","coordinates":[[[9.13795,45.51541],[9.14005,45.51649],[9.14235,45.51584],[9.14255,45.5141],[9.14045,45.51302],[9.13815,45.51367],[9.13795,45.51541]]]}},{"type":"Feature","properties":{"i":5324},"geometry":{"type":"Polygon","coordinates":[[[9.12801,45.52157],[9.12821,45.52167],[9.12821,45.52167],[9.12801,45.52157],[9.12801,45.52157]]]}},{"type":"Feature","properties":{"i":5325},"geometry":{"type":"Polygon","coordinates":[[[9.13052,45.52264],[9.13243,45.52363],[9.13449,45.52304],[9.13467,45.52148],[9.13276,45.5205],[9.1307,45.52108],[9.13052,45.52264]]]}},{"type":"Feature","properties":{"i":5329},"geometry":{"type":"Polygon","coordinates":[[[9.17063,45.52667],[9.17277,45.52778],[9.17512,45.52711],[9.17532,45.52534],[9.17318,45.52424],[9.17083,45.5249],[9.17063,45.52667]]]}},{"type":"Feature","properties":{"i":5330},"geometry":{"type":"Polygon","coordinates":[[[9.17512,45.52711],[9.17726,45.52821],[9.1796,45.52755],[9.1798,45.52578],[9.17767,45.52468],[9.17533,45.52535],[9.17512,45.52711]]]}},{"type":"Feature","properties":{"i":5331},"geometry":{"type":"Polygon","coordinates":[[[9.16869,45.5238],[9.17083,45.5249],[9.17318,45.52424],[9.17338,45.52247],[9.17124,45.52136],[9.1689,45.52203],[9.16869,45.5238]]]}},{"type":"Feature","properties":{"i":5332},"geometry":{"type":"Polygon","coordinates":[[[9.17318,45.52424],[9.17532,45.52534],[9.17767,45.52468],[9.17787,45.52291],[9.17573,45.5218],[9.17338,45.52247],[9.17318,45.52424]]]}},{"type":"Feature","properties":{"i":5333},"geometry":{"type":"Polygon","coordinates":[[[9.16829,45.52904],[9.17025,45.53005],[9.17238,45.52945],[9.17256,45.52785],[9.1706,45.52684],[9.16848,45.52744],[9.16829,45.52904]]]}},{"type":"Feature","properties":{"i":5334},"geometry":{"type":"Polygon","coordinates":[[[9.17266,45.52952],[9.17472,45.53058],[9.17697,45.52994],[9.17717,45.52825],[9.1751,45.52718],[9.17286,45.52782],[9.17266,45.52952]]]}},{"type":"Feature","properties":{"i":5335},"geometry":{"type":"Polygon","coordinates":[[[9.16614,45.52624],[9.16828,45.52734],[9.17063,45.52667],[9.17083,45.5249],[9.16869,45.5238],[9.16635,45.52447],[9.16614,45.52624]]]}},{"type":"Feature","properties":{"i":5336},"geometry":{"type":"Polygon","coordinates":[[[9.1844,45.5244],[9.1846,45.5245],[9.1846,45.5245],[9.1844,45.5244],[9.1844,45.5244]]]}},{"type":"Feature","properties":{"i":5337},"geometry":{"type":"Polygon","coordinates":[[[9.18763,45.52524],[9.18892,45.5259],[9.19024,45.52553],[9.19035,45.52453],[9.18906,45.52387],[9.18774,45.52424],[9.18763,45.52524]]]}},{"type":"Feature","properties":{"i":5338},"geometry":{"type":"Polygon","coordinates":[[[9.1817,45.52177],[9.18256,45.52221],[9.18336,45.52198],[9.18343,45.52138],[9.18257,45.52093],[9.18177,45.52116],[9.1817,45.52177]]]}},{"type":"Feature","properties":{"i":5339},"geometry":{"type":"Polygon","coordinates":[[[9.18582,45.52232],[9.187,45.52293],[9.18818,45.52259],[9.18828,45.5217],[9.1871,45.52109],[9.18593,45.52143],[9.18582,45.52232]]]}},{"type":"Feature","properties":{"i":5340},"geometry":{"type":"Polygon","coordinates":[[[9.18075,45.52718],[9.1819,45.52778],[9.18305,45.52745],[9.18315,45.52658],[9.182,45.52599],[9.18085,45.52632],[9.18075,45.52718]]]}},{"type":"Feature","properties":{"i":5341},"geometry":{"type":"Polygon","coordinates":[[[9.18553,45.52753],[9.18643,45.52799],[9.18727,45.52775],[9.18735,45.52711],[9.18645,45.52665],[9.18561,45.52689],[9.18553,45.52753]]]}},{"type":"Feature","properties":{"i":5342},"geometry":{"type":"Polygon","coordinates":[[[9.17789,45.52461],[9.17984,45.52561],[9.18196,45.52501],[9.18214,45.52341],[9.18019,45.52241],[9.17807,45.52301],[9.17789,45.52461]]]}},{"type":"Feature","properties":{"i":5343},"geometry":{"type":"Polygon","coordinates":[[[9.1631,45.52022],[9.16452,45.52096],[9.166,45.52054],[9.16613,45.51942],[9.16471,45.51868],[9.16323,45.5191],[9.1631,45.52022]]]}},{"type":"Feature","properties":{"i":5344},"geometry":{"type":"Polygon","coordinates":[[[9.16676,45.52093],[9.1689,45.52203],[9.17124,45.52136],[9.17145,45.51959],[9.16931,45.51849],[9.16696,45.51916],[9.16676,45.52093]]]}},{"type":"Feature","properties":{"i":5345},"geometry":{"type":"Polygon","coordinates":[[[9.16082,45.51746],[9.16254,45.51835],[9.16438,45.51782],[9.16454,45.51644],[9.16282,45.51555],[9.16098,45.51607],[9.16082,45.51746]]]}},{"type":"Feature","properties":{"i":5346},"geometry":{"type":"Polygon","coordinates":[[[9.16523,45.51792],[9.16702,45.51884],[9.16893,45.5183],[9.1691,45.51685],[9.16731,45.51593],[9.1654,45.51647],[9.16523,45.51792]]]}},{"type":"Feature","properties":{"i":5347},"geometry":{"type":"Polygon","coordinates":[[[9.16004,45.52282],[9.1619,45.52378],[9.16391,45.52321],[9.16409,45.52169],[9.16223,45.52073],[9.16022,45.5213],[9.16004,45.52282]]]}},{"type":"Feature","properties":{"i":5348},"geometry":{"type":"Polygon","coordinates":[[[9.16446,45.52328],[9.16638,45.52427],[9.16846,45.52368],[9.16864,45.52211],[9.16672,45.52112],[9.16464,45.52171],[9.16446,45.52328]]]}},{"type":"Feature","properties":{"i":5349},"geometry":{"type":"Polygon","coordinates":[[[9.15917,45.51961],[9.16011,45.52009],[9.16101,45.51984],[9.16108,45.51916],[9.16014,45.51868],[9.15925,45.51893],[9.15917,45.51961]]]}},{"type":"Feature","properties":{"i":5350},"geometry":{"type":"Polygon","coordinates":[[[9.17393,45.51888],[9.17595,45.51993],[9.17816,45.5193],[9.17835,45.51764],[9.17633,45.51659],[9.17412,45.51722],[9.17393,45.51888]]]}},{"type":"Feature","properties":{"i":5351},"geometry":{"type":"Polygon","coordinates":[[[9.17979,45.51888],[9.18063,45.51931],[9.18139,45.51909],[9.18146,45.51851],[9.18062,45.51808],[9.17986,45.5183],[9.17979,45.51888]]]}},{"type":"Feature","properties":{"i":5352},"geometry":{"type":"Polygon","coordinates":[[[9.17186,45.51605],[9.174,45.51716],[9.17634,45.51649],[9.17655,45.51472],[9.17441,45.51362],[9.17206,45.51428],[9.17186,45.51605]]]}},{"type":"Feature","properties":{"i":5353},"geometry":{"type":"Polygon","coordinates":[[[9.1767,45.51638],[9.17853,45.51732],[9.18051,45.51676],[9.18068,45.51527],[9.17885,45.51432],[9.17687,45.51488],[9.1767,45.51638]]]}},{"type":"Feature","properties":{"i":5354},"geometry":{"type":"Polygon","coordinates":[[[9.17149,45.52128],[9.17342,45.52228],[9.1755,45.52168],[9.17569,45.52011],[9.17376,45.51912],[9.17167,45.51971],[9.17149,45.52128]]]}},{"type":"Feature","properties":{"i":5355},"geometry":{"type":"Polygon","coordinates":[[[9.17613,45.52167],[9.17793,45.5226],[9.17986,45.52205],[9.18003,45.52059],[9.17823,45.51967],[9.17629,45.52022],[9.17613,45.52167]]]}},{"type":"Feature","properties":{"i":5356},"geometry":{"type":"Polygon","coordinates":[[[9.16931,45.51849],[9.17145,45.51959],[9.17379,45.51893],[9.174,45.51716],[9.17186,45.51605],[9.16951,45.51672],[9.16931,45.51849]]]}},{"type":"Feature","properties":{"i":5357},"geometry":{"type":"Polygon","coordinates":[[[9.16884,45.53398],[9.1698,45.53447],[9.1707,45.53421],[9.17078,45.53353],[9.16983,45.53304],[9.16892,45.5333],[9.16884,45.53398]]]}},{"type":"Feature","properties":{"i":5358},"geometry":{"type":"Polygon","coordinates":[[[9.17318,45.53447],[9.17426,45.53503],[9.17533,45.53472],[9.17542,45.53392],[9.17434,45.53336],[9.17327,45.53366],[9.17318,45.53447]]]}},{"type":"Feature","properties":{"i":5359},"geometry":{"type":"Polygon","coordinates":[[[9.16622,45.53133],[9.16776,45.53213],[9.16939,45.53166],[9.16953,45.53043],[9.16799,45.52964],[9.16636,45.5301],[9.16622,45.53133]]]}},{"type":"Feature","properties":{"i":5360},"geometry":{"type":"Polygon","coordinates":[[[9.17025,45.53191],[9.17219,45.53291],[9.17429,45.53231],[9.17447,45.53073],[9.17253,45.52973],[9.17044,45.53033],[9.17025,45.53191]]]}},{"type":"Feature","properties":{"i":5363},"geometry":{"type":"Polygon","coordinates":[[[9.16417,45.5336],[9.16528,45.53417],[9.16638,45.53386],[9.16647,45.53303],[9.16536,45.53246],[9.16427,45.53277],[9.16417,45.5336]]]}},{"type":"Feature","properties":{"i":5364},"geometry":{"type":"Polygon","coordinates":[[[9.181,45.53222],[9.18141,45.53243],[9.18165,45.53236],[9.18167,45.53217],[9.18127,45.53196],[9.18102,45.53203],[9.181,45.53222]]]}},{"type":"Feature","properties":{"i":5366},"geometry":{"type":"Polygon","coordinates":[[[9.17821,45.52962],[9.17935,45.53021],[9.1805,45.52989],[9.18059,45.52902],[9.17945,45.52843],[9.17831,45.52875],[9.17821,45.52962]]]}},{"type":"Feature","properties":{"i":5367},"geometry":{"type":"Polygon","coordinates":[[[9.18362,45.52976],[9.18397,45.52994],[9.18414,45.52989],[9.18416,45.52975],[9.18381,45.52958],[9.18364,45.52962],[9.18362,45.52976]]]}},{"type":"Feature","properties":{"i":5368},"geometry":{"type":"Polygon","coordinates":[[[9.17721,45.53505],[9.17869,45.53582],[9.18023,45.53538],[9.18037,45.53421],[9.17889,45.53345],[9.17734,45.53389],[9.17721,45.53505]]]}},{"type":"Feature","properties":{"i":5370},"geometry":{"type":"Polygon","coordinates":[[[9.17569,45.53204],[9.17681,45.53262],[9.17791,45.5323],[9.17801,45.53147],[9.17689,45.5309],[9.17579,45.53121],[9.17569,45.53204]]]}},{"type":"Feature","properties":{"i":5371},"geometry":{"type":"Polygon","coordinates":[[[9.1591,45.52823],[9.16125,45.52934],[9.16359,45.52867],[9.1638,45.5269],[9.16166,45.5258],[9.15931,45.52646],[9.1591,45.52823]]]}},{"type":"Feature","properties":{"i":5372},"geometry":{"type":"Polygon","coordinates":[[[9.16378,45.52861],[9.16576,45.52963],[9.16791,45.52902],[9.1681,45.5274],[9.16612,45.52638],[9.16397,45.52699],[9.16378,45.52861]]]}},{"type":"Feature","properties":{"i":5373},"geometry":{"type":"Polygon","coordinates":[[[9.15717,45.52536],[9.15931,45.52646],[9.16165,45.5258],[9.16185,45.52403],[9.15972,45.52293],[9.15738,45.52359],[9.15717,45.52536]]]}},{"type":"Feature","properties":{"i":5374},"geometry":{"type":"Polygon","coordinates":[[[9.16174,45.52577],[9.16381,45.52684],[9.16606,45.5262],[9.16626,45.52449],[9.16419,45.52343],[9.16194,45.52407],[9.16174,45.52577]]]}},{"type":"Feature","properties":{"i":5375},"geometry":{"type":"Polygon","coordinates":[[[9.15676,45.5306],[9.15872,45.53161],[9.16085,45.53101],[9.16104,45.52941],[9.15908,45.5284],[9.15695,45.529],[9.15676,45.5306]]]}},{"type":"Feature","properties":{"i":5376},"geometry":{"type":"Polygon","coordinates":[[[9.16149,45.53097],[9.16324,45.53187],[9.16512,45.53134],[9.16528,45.52992],[9.16353,45.52902],[9.16165,45.52955],[9.16149,45.53097]]]}},{"type":"Feature","properties":{"i":5377},"geometry":{"type":"Polygon","coordinates":[[[9.1548,45.52774],[9.15678,45.52876],[9.15894,45.52815],[9.15913,45.52652],[9.15714,45.5255],[9.15499,45.52611],[9.1548,45.52774]]]}},{"type":"Feature","properties":{"i":5378},"geometry":{"type":"Polygon","coordinates":[[[9.12579,45.50345],[9.12783,45.5045],[9.13006,45.50387],[9.13026,45.50218],[9.12821,45.50113],[9.12598,45.50176],[9.12579,45.50345]]]}},{"type":"Feature","properties":{"i":5379},"geometry":{"type":"Polygon","coordinates":[[[9.13126,45.50357],[9.13245,45.50418],[9.13365,45.50384],[9.13375,45.50294],[9.13256,45.50233],[9.13137,45.50266],[9.13126,45.50357]]]}},{"type":"Feature","properties":{"i":5380},"geometry":{"type":"Polygon","coordinates":[[[9.12445,45.50038],[9.12598,45.50117],[9.12759,45.50071],[9.12773,45.4995],[9.1262,45.49871],[9.12459,45.49916],[9.12445,45.50038]]]}},{"type":"Feature","properties":{"i":5381},"geometry":{"type":"Polygon","coordinates":[[[9.12894,45.50082],[9.13047,45.5016],[9.13206,45.50115],[9.1322,45.49994],[9.13068,45.49916],[9.12908,45.49961],[9.12894,45.50082]]]}},{"type":"Feature","properties":{"i":5382},"geometry":{"type":"Polygon","coordinates":[[[9.12318,45.5059],[9.12527,45.50698],[9.12756,45.50633],[9.12776,45.5046],[9.12567,45.50352],[9.12338,45.50417],[9.12318,45.5059]]]}},{"type":"Feature","properties":{"i":5383},"geometry":{"type":"Polygon","coordinates":[[[9.12796,45.50625],[9.1298,45.5072],[9.13178,45.50663],[9.13196,45.50513],[9.13012,45.50418],[9.12813,45.50475],[9.12796,45.50625]]]}},{"type":"Feature","properties":{"i":5384},"geometry":{"type":"Polygon","coordinates":[[[9.12133,45.503],[9.12335,45.50404],[9.12555,45.50342],[9.12574,45.50175],[9.12372,45.50071],[9.12152,45.50134],[9.12133,45.503]]]}},{"type":"Feature","properties":{"i":5385},"geometry":{"type":"Polygon","coordinates":[[[9.13745,45.50184],[9.13937,45.50284],[9.14146,45.50225],[9.14164,45.50067],[9.13971,45.49968],[9.13763,45.50027],[9.13745,45.50184]]]}},{"type":"Feature","properties":{"i":5386},"geometry":{"type":"Polygon","coordinates":[[[9.14183,45.50231],[9.14384,45.50335],[9.14603,45.50273],[9.14622,45.50108],[9.14421,45.50004],[9.14202,45.50066],[9.14183,45.50231]]]}},{"type":"Feature","properties":{"i":5387},"geometry":{"type":"Polygon","coordinates":[[[9.13594,45.49883],[9.1375,45.49964],[9.13914,45.49917],[9.13928,45.49793],[9.13772,45.49712],[9.13608,45.49759],[9.13594,45.49883]]]}},{"type":"Feature","properties":{"i":5388},"geometry":{"type":"Polygon","coordinates":[[[9.13975,45.49949],[9.14189,45.50059],[9.14423,45.49992],[9.14444,45.49815],[9.1423,45.49705],[9.13995,45.49772],[9.13975,45.49949]]]}},{"type":"Feature","properties":{"i":5389},"geometry":{"type":"Polygon","coordinates":[[[9.1351,45.50421],[9.13685,45.50512],[9.13872,45.50459],[9.13889,45.50317],[9.13714,45.50227],[9.13526,45.5028],[9.1351,45.50421]]]}},{"type":"Feature","properties":{"i":5390},"geometry":{"type":"Polygon","coordinates":[[[9.13963,45.50464],[9.14134,45.50553],[9.14317,45.50501],[9.14333,45.50362],[9.14162,45.50274],[9.13979,45.50326],[9.13963,45.50464]]]}},{"type":"Feature","properties":{"i":5391},"geometry":{"type":"Polygon","coordinates":[[[9.13296,45.5014],[9.13489,45.5024],[9.13697,45.50181],[9.13716,45.50023],[9.13523,45.49924],[9.13314,45.49983],[9.13296,45.5014]]]}},{"type":"Feature","properties":{"i":5392},"geometry":{"type":"Polygon","coordinates":[[[9.11738,45.49727],[9.11947,45.49835],[9.12176,45.4977],[9.12196,45.49598],[9.11987,45.4949],[9.11758,45.49555],[9.11738,45.49727]]]}},{"type":"Feature","properties":{"i":5393},"geometry":{"type":"Polygon","coordinates":[[[9.12186,45.49771],[9.12396,45.49879],[9.12624,45.49814],[9.12644,45.49642],[9.12435,45.49534],[9.12207,45.49599],[9.12186,45.49771]]]}},{"type":"Feature","properties":{"i":5394},"geometry":{"type":"Polygon","coordinates":[[[9.11611,45.49419],[9.11763,45.49497],[9.11922,45.49452],[9.11936,45.49331],[9.11784,45.49253],[9.11625,45.49298],[9.11611,45.49419]]]}},{"type":"Feature","properties":{"i":5395},"geometry":{"type":"Polygon","coordinates":[[[9.11996,45.49483],[9.12203,45.4959],[9.12429,45.49526],[9.12448,45.49355],[9.12241,45.49248],[9.12016,45.49312],[9.11996,45.49483]]]}},{"type":"Feature","properties":{"i":5396},"geometry":{"type":"Polygon","coordinates":[[[9.11501,45.49965],[9.11695,45.50065],[9.11905,45.50006],[9.11923,45.49847],[9.11729,45.49747],[9.11519,45.49806],[9.11501,45.49965]]]}},{"type":"Feature","properties":{"i":5397},"geometry":{"type":"Polygon","coordinates":[[[9.11986,45.49997],[9.12148,45.50081],[9.1232,45.50033],[9.12335,45.49903],[9.12173,45.49819],[9.12001,45.49868],[9.11986,45.49997]]]}},{"type":"Feature","properties":{"i":5398},"geometry":{"type":"Polygon","coordinates":[[[9.11319,45.49674],[9.11503,45.49769],[9.11701,45.49713],[9.11718,45.49563],[9.11534,45.49468],[9.11336,45.49524],[9.11319,45.49674]]]}},{"type":"Feature","properties":{"i":5399},"geometry":{"type":"Polygon","coordinates":[[[9.12915,45.49563],[9.13103,45.4966],[9.13305,45.49603],[9.13322,45.4945],[9.13135,45.49353],[9.12933,45.49411],[9.12915,45.49563]]]}},{"type":"Feature","properties":{"i":5400},"geometry":{"type":"Polygon","coordinates":[[[9.13347,45.49613],[9.13549,45.49717],[9.13769,45.49654],[9.13788,45.49489],[9.13586,45.49384],[9.13366,45.49447],[9.13347,45.49613]]]}},{"type":"Feature","properties":{"i":5401},"geometry":{"type":"Polygon","coordinates":[[[9.12877,45.49226],[9.1293,45.49254],[9.1297,45.49243],[9.12974,45.49212],[9.12921,45.49184],[9.1288,45.49196],[9.12877,45.49226]]]}},{"type":"Feature","properties":{"i":5402},"geometry":{"type":"Polygon","coordinates":[[[9.13253,45.49293],[9.13369,45.49353],[9.13484,45.4932],[9.13494,45.49233],[9.13379,45.49173],[9.13264,45.49206],[9.13253,45.49293]]]}},{"type":"Feature","properties":{"i":5403},"geometry":{"type":"Polygon","coordinates":[[[9.12726,45.49786],[9.12857,45.49854],[9.1299,45.49816],[9.13002,45.49714],[9.12871,45.49647],[9.12737,45.49685],[9.12726,45.49786]]]}},{"type":"Feature","properties":{"i":5404},"geometry":{"type":"Polygon","coordinates":[[[9.13094,45.49856],[9.13294,45.49959],[9.13511,45.49897],[9.1353,45.49733],[9.13331,45.4963],[9.13113,45.49692],[9.13094,45.49856]]]}},{"type":"Feature","properties":{"i":5405},"geometry":{"type":"Polygon","coordinates":[[[9.12445,45.49527],[9.12651,45.49633],[9.12877,45.49569],[9.12896,45.49399],[9.1269,45.49292],[9.12464,45.49356],[9.12445,45.49527]]]}},{"type":"Feature","properties":{"i":5406},"geometry":{"type":"Polygon","coordinates":[[[9.12433,45.51065],[9.1249,45.51094],[9.12534,45.51082],[9.12538,45.51048],[9.12481,45.51018],[9.12437,45.51031],[9.12433,45.51065]]]}},{"type":"Feature","properties":{"i":5407},"geometry":{"type":"Polygon","coordinates":[[[9.12716,45.51162],[9.12916,45.51265],[9.13134,45.51203],[9.13153,45.51039],[9.12952,45.50935],[9.12735,45.50997],[9.12716,45.51162]]]}},{"type":"Feature","properties":{"i":5408},"geometry":{"type":"Polygon","coordinates":[[[9.12227,45.50781],[9.12295,45.50816],[9.12352,45.508],[9.12357,45.50756],[9.12289,45.50721],[9.12232,45.50738],[9.12227,45.50781]]]}},{"type":"Feature","properties":{"i":5409},"geometry":{"type":"Polygon","coordinates":[[[9.12578,45.50856],[9.1273,45.50935],[9.1289,45.5089],[9.12904,45.50769],[9.12751,45.5069],[9.12592,45.50736],[9.12578,45.50856]]]}},{"type":"Feature","properties":{"i":5410},"geometry":{"type":"Polygon","coordinates":[[[9.12152,45.51316],[9.12231,45.51357],[9.12302,45.51337],[9.12309,45.51283],[9.1223,45.51242],[9.12159,45.51262],[9.12152,45.51316]]]}},{"type":"Feature","properties":{"i":5411},"geometry":{"type":"Polygon","coordinates":[[[9.12464,45.51404],[9.12661,45.51506],[9.12875,45.51445],[9.12894,45.51283],[9.12697,45.51182],[9.12483,45.51242],[9.12464,45.51404]]]}},{"type":"Feature","properties":{"i":5412},"geometry":{"type":"Polygon","coordinates":[[[9.11981,45.51022],[9.12041,45.51053],[9.12089,45.51039],[9.12093,45.51003],[9.12033,45.50972],[9.11985,45.50985],[9.11981,45.51022]]]}},{"type":"Feature","properties":{"i":5413},"geometry":{"type":"Polygon","coordinates":[[[9.13436,45.50956],[9.13622,45.51052],[9.13822,45.50995],[9.13839,45.50844],[9.13654,45.50749],[9.13454,45.50806],[9.13436,45.50956]]]}},{"type":"Feature","properties":{"i":5414},"geometry":{"type":"Polygon","coordinates":[[[9.13861,45.51008],[9.14067,45.51114],[9.14292,45.5105],[9.14311,45.50881],[9.14105,45.50775],[9.13881,45.50838],[9.13861,45.51008]]]}},{"type":"Feature","properties":{"i":5415},"geometry":{"type":"Polygon","coordinates":[[[9.1326,45.50663],[9.13431,45.50752],[9.13613,45.507],[9.13629,45.50562],[9.13458,45.50474],[9.13276,45.50526],[9.1326,45.50663]]]}},{"type":"Feature","properties":{"i":5416},"geometry":{"type":"Polygon","coordinates":[[[9.13728,45.50701],[9.13882,45.5078],[9.14043,45.50734],[9.14057,45.50613],[9.13904,45.50533],[9.13743,45.50579],[9.13728,45.50701]]]}},{"type":"Feature","properties":{"i":5417},"geometry":{"type":"Polygon","coordinates":[[[9.13167,45.51205],[9.13365,45.51307],[9.13579,45.51246],[9.13598,45.51084],[9.13401,45.50982],[9.13186,45.51043],[9.13167,45.51205]]]}},{"type":"Feature","properties":{"i":5418},"geometry":{"type":"Polygon","coordinates":[[[9.13626,45.51245],[9.13815,45.51343],[9.14019,45.51285],[9.14037,45.51131],[9.13848,45.51033],[9.13644,45.51091],[9.13626,45.51245]]]}},{"type":"Feature","properties":{"i":5419},"geometry":{"type":"Polygon","coordinates":[[[9.12962,45.50921],[9.1317,45.51028],[9.13396,45.50964],[9.13416,45.50792],[9.13209,45.50685],[9.12982,45.5075],[9.12962,45.50921]]]}},{"type":"Feature","properties":{"i":5420},"geometry":{"type":"Polygon","coordinates":[[[9.1164,45.50432],[9.1166,45.50442],[9.1166,45.50442],[9.1164,45.50432],[9.1164,45.50432]]]}},{"type":"Feature","properties":{"i":5421},"geometry":{"type":"Polygon","coordinates":[[[9.1197,45.50514],[9.12093,45.50577],[9.12217,45.50542],[9.12228,45.50448],[9.12105,45.50385],[9.11981,45.5042],[9.1197,45.50514]]]}},{"type":"Feature","properties":{"i":5422},"geometry":{"type":"Polygon","coordinates":[[[9.11271,45.50201],[9.11443,45.5029],[9.11627,45.50238],[9.11643,45.50099],[9.11471,45.5001],[9.11287,45.50062],[9.11271,45.50201]]]}},{"type":"Feature","properties":{"i":5423},"geometry":{"type":"Polygon","coordinates":[[[9.11783,45.50225],[9.119,45.50285],[9.12018,45.50252],[9.12028,45.50163],[9.11911,45.50102],[9.11793,45.50135],[9.11783,45.50225]]]}},{"type":"Feature","properties":{"i":5424},"geometry":{"type":"Polygon","coordinates":[[[9.11385,45.50676],[9.11405,45.50686],[9.11405,45.50686],[9.11385,45.50676],[9.11385,45.50676]]]}},{"type":"Feature","properties":{"i":5425},"geometry":{"type":"Polygon","coordinates":[[[9.11834,45.5072],[9.11854,45.5073],[9.11854,45.5073],[9.11834,45.5072],[9.11834,45.5072]]]}},{"type":"Feature","properties":{"i":5426},"geometry":{"type":"Polygon","coordinates":[[[9.11045,45.50435],[9.11192,45.50511],[9.11345,45.50467],[9.11359,45.50351],[9.11212,45.50276],[9.11059,45.50319],[9.11045,45.50435]]]}},{"type":"Feature","properties":{"i":5427},"geometry":{"type":"Polygon","coordinates":[[[9.23809,45.49548],[9.23993,45.49643],[9.2419,45.49587],[9.24207,45.49437],[9.24024,45.49343],[9.23826,45.49399],[9.23809,45.49548]]]}},{"type":"Feature","properties":{"i":5428},"geometry":{"type":"Polygon","coordinates":[[[9.2443,45.49537],[9.24465,45.49555],[9.24482,45.4955],[9.24484,45.49536],[9.24449,45.49518],[9.24432,45.49523],[9.2443,45.49537]]]}},{"type":"Feature","properties":{"i":5429},"geometry":{"type":"Polygon","coordinates":[[[9.23613,45.49262],[9.23798,45.49357],[9.23998,45.493],[9.24016,45.49149],[9.2383,45.49054],[9.2363,45.49111],[9.23613,45.49262]]]}},{"type":"Feature","properties":{"i":5430},"geometry":{"type":"Polygon","coordinates":[[[9.24084,45.49298],[9.2425,45.49384],[9.24427,45.49333],[9.24442,45.492],[9.24276,45.49114],[9.24099,45.49164],[9.24084,45.49298]]]}},{"type":"Feature","properties":{"i":5431},"geometry":{"type":"Polygon","coordinates":[[[9.23527,45.49801],[9.23734,45.49908],[9.2396,45.49843],[9.2398,45.49673],[9.23772,45.49566],[9.23546,45.4963],[9.23527,45.49801]]]}},{"type":"Feature","properties":{"i":5432},"geometry":{"type":"Polygon","coordinates":[[[9.24057,45.49818],[9.24194,45.49889],[9.24335,45.49849],[9.24347,45.49742],[9.2421,45.49672],[9.2407,45.49712],[9.24057,45.49818]]]}},{"type":"Feature","properties":{"i":5433},"geometry":{"type":"Polygon","coordinates":[[[9.23325,45.49516],[9.23539,45.49627],[9.23774,45.4956],[9.23794,45.49383],[9.2358,45.49272],[9.23345,45.49339],[9.23325,45.49516]]]}},{"type":"Feature","properties":{"i":5434},"geometry":{"type":"Polygon","coordinates":[[[9.25151,45.49331],[9.2517,45.49341],[9.2517,45.49341],[9.25151,45.49331],[9.25151,45.49331]]]}},{"type":"Feature","properties":{"i":5435},"geometry":{"type":"Polygon","coordinates":[[[9.25557,45.49388],[9.25614,45.49417],[9.25658,45.49404],[9.25662,45.49371],[9.25605,45.49341],[9.25561,45.49354],[9.25557,45.49388]]]}},{"type":"Feature","properties":{"i":5436},"geometry":{"type":"Polygon","coordinates":[[[9.24792,45.49096],[9.24954,45.4918],[9.25126,45.49131],[9.25141,45.49001],[9.24979,45.48917],[9.24806,45.48966],[9.24792,45.49096]]]}},{"type":"Feature","properties":{"i":5437},"geometry":{"type":"Polygon","coordinates":[[[9.25343,45.49107],[9.25417,45.49145],[9.25482,45.49126],[9.25487,45.49077],[9.25414,45.49039],[9.25349,45.49057],[9.25343,45.49107]]]}},{"type":"Feature","properties":{"i":5438},"geometry":{"type":"Polygon","coordinates":[[[9.24896,45.49575],[9.24916,45.49585],[9.24916,45.49585],[9.24896,45.49575],[9.24896,45.49575]]]}},{"type":"Feature","properties":{"i":5439},"geometry":{"type":"Polygon","coordinates":[[[9.25345,45.49618],[9.25364,45.49628],[9.25364,45.49628],[9.25345,45.49618],[9.25345,45.49618]]]}},{"type":"Feature","properties":{"i":5440},"geometry":{"type":"Polygon","coordinates":[[[9.24604,45.49318],[9.24709,45.49372],[9.2481,45.49343],[9.24819,45.49266],[9.24715,45.49213],[9.24613,45.49242],[9.24604,45.49318]]]}},{"type":"Feature","properties":{"i":5441},"geometry":{"type":"Polygon","coordinates":[[[9.22937,45.48941],[9.23151,45.49052],[9.23386,45.48985],[9.23406,45.48808],[9.23192,45.48697],[9.22957,45.48764],[9.22937,45.48941]]]}},{"type":"Feature","properties":{"i":5442},"geometry":{"type":"Polygon","coordinates":[[[9.23393,45.48982],[9.23601,45.49089],[9.23827,45.49025],[9.23847,45.48854],[9.23639,45.48747],[9.23413,45.48811],[9.23393,45.48982]]]}},{"type":"Feature","properties":{"i":5443},"geometry":{"type":"Polygon","coordinates":[[[9.22743,45.48654],[9.22957,45.48764],[9.23192,45.48697],[9.23212,45.4852],[9.22998,45.4841],[9.22763,45.48477],[9.22743,45.48654]]]}},{"type":"Feature","properties":{"i":5444},"geometry":{"type":"Polygon","coordinates":[[[9.23192,45.48697],[9.23406,45.48808],[9.23641,45.48741],[9.23661,45.48564],[9.23447,45.48453],[9.23212,45.4852],[9.23192,45.48697]]]}},{"type":"Feature","properties":{"i":5445},"geometry":{"type":"Polygon","coordinates":[[[9.22682,45.49185],[9.22896,45.49296],[9.23131,45.49229],[9.23151,45.49052],[9.22937,45.48941],[9.22702,45.49008],[9.22682,45.49185]]]}},{"type":"Feature","properties":{"i":5446},"geometry":{"type":"Polygon","coordinates":[[[9.23131,45.49229],[9.23345,45.49339],[9.2358,45.49272],[9.236,45.49095],[9.23386,45.48985],[9.23151,45.49052],[9.23131,45.49229]]]}},{"type":"Feature","properties":{"i":5447},"geometry":{"type":"Polygon","coordinates":[[[9.22488,45.48898],[9.22702,45.49008],[9.22937,45.48941],[9.22957,45.48764],[9.22743,45.48654],[9.22509,45.48721],[9.22488,45.48898]]]}},{"type":"Feature","properties":{"i":5448},"geometry":{"type":"Polygon","coordinates":[[[9.24089,45.48784],[9.24303,45.48895],[9.24538,45.48828],[9.24558,45.48651],[9.24344,45.4854],[9.2411,45.48607],[9.24089,45.48784]]]}},{"type":"Feature","properties":{"i":5449},"geometry":{"type":"Polygon","coordinates":[[[9.24553,45.48823],[9.24754,45.48927],[9.24973,45.48864],[9.24992,45.48699],[9.24791,45.48595],[9.24572,45.48657],[9.24553,45.48823]]]}},{"type":"Feature","properties":{"i":5450},"geometry":{"type":"Polygon","coordinates":[[[9.23905,45.48494],[9.24111,45.48599],[9.24335,45.48536],[9.24354,45.48366],[9.24149,45.4826],[9.23925,45.48324],[9.23905,45.48494]]]}},{"type":"Feature","properties":{"i":5451},"geometry":{"type":"Polygon","coordinates":[[[9.24387,45.48527],[9.24564,45.48618],[9.24754,45.48564],[9.2477,45.4842],[9.24593,45.48329],[9.24403,45.48383],[9.24387,45.48527]]]}},{"type":"Feature","properties":{"i":5452},"geometry":{"type":"Polygon","coordinates":[[[9.2384,45.49027],[9.24049,45.49135],[9.24279,45.49069],[9.24298,45.48896],[9.24089,45.48788],[9.23859,45.48854],[9.2384,45.49027]]]}},{"type":"Feature","properties":{"i":5453},"geometry":{"type":"Polygon","coordinates":[[[9.24285,45.49071],[9.24498,45.4918],[9.2473,45.49114],[9.2475,45.48939],[9.24538,45.48829],[9.24305,45.48896],[9.24285,45.49071]]]}},{"type":"Feature","properties":{"i":5454},"geometry":{"type":"Polygon","coordinates":[[[9.23641,45.48741],[9.23855,45.48851],[9.24089,45.48784],[9.2411,45.48607],[9.23895,45.48497],[9.23661,45.48564],[9.23641,45.48741]]]}},{"type":"Feature","properties":{"i":5455},"geometry":{"type":"Polygon","coordinates":[[[9.23458,45.50335],[9.23672,45.50445],[9.23907,45.50379],[9.23927,45.50201],[9.23713,45.50091],[9.23478,45.50158],[9.23458,45.50335]]]}},{"type":"Feature","properties":{"i":5456},"geometry":{"type":"Polygon","coordinates":[[[9.23907,45.50379],[9.24121,45.50489],[9.24355,45.50422],[9.24376,45.50245],[9.24161,45.50135],[9.23927,45.50201],[9.23907,45.50379]]]}},{"type":"Feature","properties":{"i":5457},"geometry":{"type":"Polygon","coordinates":[[[9.23264,45.50048],[9.23478,45.50158],[9.23713,45.50091],[9.23733,45.49914],[9.23519,45.49804],[9.23284,45.4987],[9.23264,45.50048]]]}},{"type":"Feature","properties":{"i":5458},"geometry":{"type":"Polygon","coordinates":[[[9.23713,45.50091],[9.23927,45.50201],[9.24161,45.50135],[9.24182,45.49957],[9.23967,45.49847],[9.23733,45.49914],[9.23713,45.50091]]]}},{"type":"Feature","properties":{"i":5459},"geometry":{"type":"Polygon","coordinates":[[[9.23203,45.50579],[9.23417,45.50689],[9.23652,45.50622],[9.23672,45.50445],[9.23458,45.50335],[9.23223,45.50402],[9.23203,45.50579]]]}},{"type":"Feature","properties":{"i":5460},"geometry":{"type":"Polygon","coordinates":[[[9.23652,45.50622],[9.23866,45.50733],[9.24101,45.50666],[9.24121,45.50489],[9.23907,45.50379],[9.23672,45.50445],[9.23652,45.50622]]]}},{"type":"Feature","properties":{"i":5461},"geometry":{"type":"Polygon","coordinates":[[[9.23053,45.50277],[9.23229,45.50368],[9.23418,45.50314],[9.23434,45.50172],[9.23258,45.50081],[9.23069,45.50135],[9.23053,45.50277]]]}},{"type":"Feature","properties":{"i":5462},"geometry":{"type":"Polygon","coordinates":[[[9.24671,45.50158],[9.24833,45.50242],[9.25003,45.50193],[9.25018,45.50064],[9.24857,45.49981],[9.24686,45.5003],[9.24671,45.50158]]]}},{"type":"Feature","properties":{"i":5463},"geometry":{"type":"Polygon","coordinates":[[[9.25245,45.50162],[9.25299,45.5019],[9.25339,45.50178],[9.25342,45.50147],[9.25289,45.5012],[9.25249,45.50131],[9.25245,45.50162]]]}},{"type":"Feature","properties":{"i":5464},"geometry":{"type":"Polygon","coordinates":[[[9.2455,45.49848],[9.24649,45.49899],[9.24743,45.49872],[9.24752,45.498],[9.24653,45.49749],[9.24558,45.49776],[9.2455,45.49848]]]}},{"type":"Feature","properties":{"i":5465},"geometry":{"type":"Polygon","coordinates":[[[9.25081,45.49865],[9.25109,45.49879],[9.25117,45.49877],[9.25118,45.4987],[9.25091,45.49855],[9.25082,45.49858],[9.25081,45.49865]]]}},{"type":"Feature","properties":{"i":5466},"geometry":{"type":"Polygon","coordinates":[[[9.24355,45.50422],[9.2457,45.50532],[9.24804,45.50465],[9.24825,45.50288],[9.2461,45.50178],[9.24376,45.50245],[9.24355,45.50422]]]}},{"type":"Feature","properties":{"i":5467},"geometry":{"type":"Polygon","coordinates":[[[9.24863,45.50447],[9.25026,45.50531],[9.252,45.50482],[9.25215,45.5035],[9.25051,45.50266],[9.24878,45.50316],[9.24863,45.50447]]]}},{"type":"Feature","properties":{"i":5468},"geometry":{"type":"Polygon","coordinates":[[[9.24181,45.50128],[9.24378,45.5023],[9.24592,45.50169],[9.24611,45.50007],[9.24414,45.49906],[9.242,45.49967],[9.24181,45.50128]]]}},{"type":"Feature","properties":{"i":5469},"geometry":{"type":"Polygon","coordinates":[[[9.22621,45.49717],[9.22835,45.49827],[9.2307,45.4976],[9.2309,45.49583],[9.22876,45.49473],[9.22641,45.49539],[9.22621,45.49717]]]}},{"type":"Feature","properties":{"i":5470},"geometry":{"type":"Polygon","coordinates":[[[9.2307,45.4976],[9.23284,45.4987],[9.23519,45.49804],[9.23539,45.49627],[9.23325,45.49516],[9.2309,45.49583],[9.2307,45.4976]]]}},{"type":"Feature","properties":{"i":5471},"geometry":{"type":"Polygon","coordinates":[[[9.22427,45.49429],[9.22641,45.49539],[9.22876,45.49473],[9.22896,45.49296],[9.22682,45.49185],[9.22448,45.49252],[9.22427,45.49429]]]}},{"type":"Feature","properties":{"i":5472},"geometry":{"type":"Polygon","coordinates":[[[9.22895,45.49467],[9.23093,45.49569],[9.23308,45.49507],[9.23326,45.49345],[9.23128,45.49243],[9.22914,45.49304],[9.22895,45.49467]]]}},{"type":"Feature","properties":{"i":5473},"geometry":{"type":"Polygon","coordinates":[[[9.22377,45.49957],[9.22582,45.50062],[9.22805,45.49999],[9.22824,45.4983],[9.2262,45.49725],[9.22397,45.49789],[9.22377,45.49957]]]}},{"type":"Feature","properties":{"i":5474},"geometry":{"type":"Polygon","coordinates":[[[9.22833,45.49998],[9.23032,45.50101],[9.23248,45.50039],[9.23267,45.49876],[9.23068,45.49774],[9.22851,45.49835],[9.22833,45.49998]]]}},{"type":"Feature","properties":{"i":5475},"geometry":{"type":"Polygon","coordinates":[[[9.2218,45.4967],[9.22388,45.49777],[9.22614,45.49713],[9.22633,45.49542],[9.22426,45.49435],[9.222,45.495],[9.2218,45.4967]]]}},{"type":"Feature","properties":{"i":5494},"geometry":{"type":"Polygon","coordinates":[[[9.26002,45.49432],[9.26062,45.49463],[9.2611,45.4945],[9.26114,45.49413],[9.26054,45.49382],[9.26006,45.49396],[9.26002,45.49432]]]}},{"type":"Feature","properties":{"i":5496},"geometry":{"type":"Polygon","coordinates":[[[9.25776,45.49155],[9.25864,45.492],[9.25945,45.49177],[9.25952,45.49115],[9.25864,45.4907],[9.25783,45.49094],[9.25776,45.49155]]]}},{"type":"Feature","properties":{"i":5505},"geometry":{"type":"Polygon","coordinates":[[[9.27188,45.50638],[9.27282,45.50686],[9.27371,45.50661],[9.27379,45.50593],[9.27285,45.50545],[9.27195,45.5057],[9.27188,45.50638]]]}},{"type":"Feature","properties":{"i":5508},"geometry":{"type":"Polygon","coordinates":[[[9.26501,45.50833],[9.26581,45.50874],[9.26652,45.50854],[9.26658,45.508],[9.26579,45.50759],[9.26508,45.50779],[9.26501,45.50833]]]}},{"type":"Feature","properties":{"i":5509},"geometry":{"type":"Polygon","coordinates":[[[9.26906,45.50891],[9.27023,45.50951],[9.27141,45.50918],[9.27151,45.50829],[9.27034,45.50769],[9.26916,45.50802],[9.26906,45.50891]]]}},{"type":"Feature","properties":{"i":5510},"geometry":{"type":"Polygon","coordinates":[[[9.26231,45.5057],[9.26376,45.50645],[9.26527,45.50602],[9.2654,45.50488],[9.26395,45.50413],[9.26244,45.50456],[9.26231,45.5057]]]}},{"type":"Feature","properties":{"i":5517},"geometry":{"type":"Polygon","coordinates":[[[9.27482,45.50381],[9.27542,45.50412],[9.2759,45.50399],[9.27594,45.50362],[9.27534,45.50331],[9.27486,45.50345],[9.27482,45.50381]]]}},{"type":"Feature","properties":{"i":5518},"geometry":{"type":"Polygon","coordinates":[[[9.25987,45.49949],[9.26007,45.49959],[9.26007,45.49959],[9.25987,45.49949],[9.25987,45.49949]]]}},{"type":"Feature","properties":{"i":5520},"geometry":{"type":"Polygon","coordinates":[[[9.25793,45.49662],[9.25813,45.49672],[9.25813,45.49672],[9.25793,45.49662],[9.25793,45.49662]]]}},{"type":"Feature","properties":{"i":5522},"geometry":{"type":"Polygon","coordinates":[[[9.25733,45.50193],[9.25752,45.50203],[9.25752,45.50203],[9.25733,45.50193],[9.25733,45.50193]]]}},{"type":"Feature","properties":{"i":5524},"geometry":{"type":"Polygon","coordinates":[[[9.25509,45.49915],[9.25555,45.49938],[9.25585,45.4993],[9.25588,45.49906],[9.25542,45.49883],[9.25512,45.49892],[9.25509,45.49915]]]}},{"type":"Feature","properties":{"i":5525},"geometry":{"type":"Polygon","coordinates":[[[9.22435,45.47541],[9.22633,45.47644],[9.22848,45.47582],[9.22867,45.47419],[9.22669,45.47317],[9.22453,45.47379],[9.22435,45.47541]]]}},{"type":"Feature","properties":{"i":5526},"geometry":{"type":"Polygon","coordinates":[[[9.22911,45.47576],[9.23085,45.47666],[9.23271,45.47613],[9.23288,45.47472],[9.23113,45.47382],[9.22928,45.47435],[9.22911,45.47576]]]}},{"type":"Feature","properties":{"i":5527},"geometry":{"type":"Polygon","coordinates":[[[9.22223,45.4726],[9.22437,45.4737],[9.22671,45.47303],[9.22691,45.47126],[9.22477,45.47016],[9.22243,45.47083],[9.22223,45.4726]]]}},{"type":"Feature","properties":{"i":5528},"geometry":{"type":"Polygon","coordinates":[[[9.22671,45.47303],[9.22885,45.47414],[9.2312,45.47347],[9.2314,45.4717],[9.22926,45.47059],[9.22691,45.47126],[9.22671,45.47303]]]}},{"type":"Feature","properties":{"i":5529},"geometry":{"type":"Polygon","coordinates":[[[9.22164,45.47791],[9.22376,45.479],[9.22608,45.47834],[9.22628,45.47658],[9.22416,45.47549],[9.22184,45.47615],[9.22164,45.47791]]]}},{"type":"Feature","properties":{"i":5530},"geometry":{"type":"Polygon","coordinates":[[[9.2278,45.47781],[9.22847,45.47815],[9.22905,45.47799],[9.2291,45.47755],[9.22842,45.47721],[9.22785,45.47737],[9.2278,45.47781]]]}},{"type":"Feature","properties":{"i":5531},"geometry":{"type":"Polygon","coordinates":[[[9.21968,45.47504],[9.22182,45.47614],[9.22416,45.47547],[9.22437,45.4737],[9.22223,45.4726],[9.21988,45.47327],[9.21968,45.47504]]]}},{"type":"Feature","properties":{"i":5532},"geometry":{"type":"Polygon","coordinates":[[[9.23591,45.47383],[9.23786,45.47483],[9.23996,45.47423],[9.24014,45.47264],[9.2382,45.47164],[9.2361,45.47224],[9.23591,45.47383]]]}},{"type":"Feature","properties":{"i":5533},"geometry":{"type":"Polygon","coordinates":[[[9.2409,45.4741],[9.24241,45.47488],[9.24399,45.47443],[9.24413,45.47324],[9.24262,45.47246],[9.24104,45.47291],[9.2409,45.4741]]]}},{"type":"Feature","properties":{"i":5534},"geometry":{"type":"Polygon","coordinates":[[[9.23375,45.47103],[9.23589,45.47213],[9.23823,45.47146],[9.23843,45.46969],[9.23629,45.46859],[9.23395,45.46926],[9.23375,45.47103]]]}},{"type":"Feature","properties":{"i":5535},"geometry":{"type":"Polygon","coordinates":[[[9.23848,45.47138],[9.24041,45.47238],[9.2425,45.47178],[9.24268,45.4702],[9.24075,45.46921],[9.23866,45.46981],[9.23848,45.47138]]]}},{"type":"Feature","properties":{"i":5536},"geometry":{"type":"Polygon","coordinates":[[[9.23399,45.47607],[9.23539,45.47679],[9.23685,45.47638],[9.23697,45.47528],[9.23557,45.47456],[9.23412,45.47497],[9.23399,45.47607]]]}},{"type":"Feature","properties":{"i":5537},"geometry":{"type":"Polygon","coordinates":[[[9.23837,45.47654],[9.23987,45.47731],[9.24143,45.47687],[9.24157,45.47568],[9.24007,45.47491],[9.2385,45.47535],[9.23837,45.47654]]]}},{"type":"Feature","properties":{"i":5538},"geometry":{"type":"Polygon","coordinates":[[[9.2312,45.47347],[9.23334,45.47457],[9.23568,45.4739],[9.23589,45.47213],[9.23375,45.47103],[9.2314,45.4717],[9.2312,45.47347]]]}},{"type":"Feature","properties":{"i":5539},"geometry":{"type":"Polygon","coordinates":[[[9.2158,45.46929],[9.21794,45.47039],[9.22029,45.46972],[9.22049,45.46795],[9.21835,45.46685],[9.21601,45.46752],[9.2158,45.46929]]]}},{"type":"Feature","properties":{"i":5540},"geometry":{"type":"Polygon","coordinates":[[[9.22029,45.46972],[9.22243,45.47083],[9.22477,45.47016],[9.22498,45.46839],[9.22284,45.46728],[9.22049,45.46795],[9.22029,45.46972]]]}},{"type":"Feature","properties":{"i":5541},"geometry":{"type":"Polygon","coordinates":[[[9.21386,45.46641],[9.21601,45.46752],[9.21835,45.46685],[9.21855,45.46508],[9.21641,45.46397],[9.21407,45.46464],[9.21386,45.46641]]]}},{"type":"Feature","properties":{"i":5542},"geometry":{"type":"Polygon","coordinates":[[[9.21835,45.46685],[9.22049,45.46795],[9.22284,45.46728],[9.22304,45.46551],[9.2209,45.46441],[9.21855,45.46508],[9.21835,45.46685]]]}},{"type":"Feature","properties":{"i":5543},"geometry":{"type":"Polygon","coordinates":[[[9.21325,45.47173],[9.2154,45.47283],[9.21774,45.47216],[9.21794,45.47039],[9.2158,45.46929],[9.21346,45.46996],[9.21325,45.47173]]]}},{"type":"Feature","properties":{"i":5544},"geometry":{"type":"Polygon","coordinates":[[[9.21774,45.47216],[9.21988,45.47327],[9.22223,45.4726],[9.22243,45.47083],[9.22029,45.46972],[9.21794,45.47039],[9.21774,45.47216]]]}},{"type":"Feature","properties":{"i":5545},"geometry":{"type":"Polygon","coordinates":[[[9.21132,45.46885],[9.21346,45.46996],[9.2158,45.46929],[9.21601,45.46752],[9.21386,45.46641],[9.21152,45.46708],[9.21132,45.46885]]]}},{"type":"Feature","properties":{"i":5546},"geometry":{"type":"Polygon","coordinates":[[[9.22732,45.46772],[9.22946,45.46882],[9.23181,45.46815],[9.23201,45.46638],[9.22987,45.46528],[9.22752,45.46595],[9.22732,45.46772]]]}},{"type":"Feature","properties":{"i":5547},"geometry":{"type":"Polygon","coordinates":[[[9.23181,45.46815],[9.23395,45.46926],[9.23629,45.46859],[9.2365,45.46682],[9.23435,45.46571],[9.23201,45.46638],[9.23181,45.46815]]]}},{"type":"Feature","properties":{"i":5548},"geometry":{"type":"Polygon","coordinates":[[[9.22538,45.46484],[9.22752,45.46595],[9.22987,45.46528],[9.23007,45.46351],[9.22793,45.4624],[9.22559,45.46307],[9.22538,45.46484]]]}},{"type":"Feature","properties":{"i":5549},"geometry":{"type":"Polygon","coordinates":[[[9.22987,45.46528],[9.23201,45.46638],[9.23435,45.46571],[9.23456,45.46394],[9.23242,45.46284],[9.23007,45.46351],[9.22987,45.46528]]]}},{"type":"Feature","properties":{"i":5550},"geometry":{"type":"Polygon","coordinates":[[[9.22477,45.47016],[9.22691,45.47126],[9.22926,45.47059],[9.22946,45.46882],[9.22732,45.46772],[9.22498,45.46839],[9.22477,45.47016]]]}},{"type":"Feature","properties":{"i":5551},"geometry":{"type":"Polygon","coordinates":[[[9.22926,45.47059],[9.2314,45.4717],[9.23375,45.47103],[9.23395,45.46926],[9.23181,45.46815],[9.22946,45.46882],[9.22926,45.47059]]]}},{"type":"Feature","properties":{"i":5552},"geometry":{"type":"Polygon","coordinates":[[[9.22284,45.46728],[9.22498,45.46839],[9.22732,45.46772],[9.22752,45.46595],[9.22538,45.46484],[9.22304,45.46551],[9.22284,45.46728]]]}},{"type":"Feature","properties":{"i":5553},"geometry":{"type":"Polygon","coordinates":[[[9.22101,45.48323],[9.22315,45.48433],[9.22549,45.48366],[9.2257,45.48189],[9.22355,45.48079],[9.22121,45.48146],[9.22101,45.48323]]]}},{"type":"Feature","properties":{"i":5554},"geometry":{"type":"Polygon","coordinates":[[[9.22549,45.48366],[9.22763,45.48477],[9.22998,45.4841],[9.23018,45.48233],[9.22804,45.48122],[9.2257,45.48189],[9.22549,45.48366]]]}},{"type":"Feature","properties":{"i":5555},"geometry":{"type":"Polygon","coordinates":[[[9.21907,45.48035],[9.22121,45.48146],[9.22355,45.48079],[9.22376,45.47902],[9.22162,45.47791],[9.21927,45.47858],[9.21907,45.48035]]]}},{"type":"Feature","properties":{"i":5556},"geometry":{"type":"Polygon","coordinates":[[[9.22355,45.48079],[9.2257,45.48189],[9.22804,45.48122],[9.22824,45.47945],[9.2261,45.47835],[9.22376,45.47902],[9.22355,45.48079]]]}},{"type":"Feature","properties":{"i":5557},"geometry":{"type":"Polygon","coordinates":[[[9.2185,45.48565],[9.22061,45.48673],[9.2229,45.48608],[9.2231,45.48435],[9.221,45.48326],[9.2187,45.48392],[9.2185,45.48565]]]}},{"type":"Feature","properties":{"i":5558},"geometry":{"type":"Polygon","coordinates":[[[9.22294,45.4861],[9.22509,45.48721],[9.22743,45.48654],[9.22763,45.48477],[9.22549,45.48366],[9.22315,45.48433],[9.22294,45.4861]]]}},{"type":"Feature","properties":{"i":5559},"geometry":{"type":"Polygon","coordinates":[[[9.21652,45.48279],[9.21866,45.4839],[9.22101,45.48323],[9.22121,45.48146],[9.21907,45.48035],[9.21672,45.48102],[9.21652,45.48279]]]}},{"type":"Feature","properties":{"i":5560},"geometry":{"type":"Polygon","coordinates":[[[9.23253,45.48166],[9.23467,45.48276],[9.23701,45.48209],[9.23722,45.48032],[9.23508,45.47922],[9.23273,45.47989],[9.23253,45.48166]]]}},{"type":"Feature","properties":{"i":5561},"geometry":{"type":"Polygon","coordinates":[[[9.2374,45.48197],[9.23921,45.4829],[9.24115,45.48235],[9.24131,45.48088],[9.23951,45.47995],[9.23757,45.4805],[9.2374,45.48197]]]}},{"type":"Feature","properties":{"i":5562},"geometry":{"type":"Polygon","coordinates":[[[9.23172,45.47842],[9.23288,45.47902],[9.23405,45.47869],[9.23415,45.47781],[9.23298,45.47721],[9.23182,45.47754],[9.23172,45.47842]]]}},{"type":"Feature","properties":{"i":5563},"geometry":{"type":"Polygon","coordinates":[[[9.2357,45.47902],[9.2373,45.47985],[9.239,45.47936],[9.23914,45.47808],[9.23754,45.47726],[9.23584,45.47774],[9.2357,45.47902]]]}},{"type":"Feature","properties":{"i":5564},"geometry":{"type":"Polygon","coordinates":[[[9.22998,45.4841],[9.23212,45.4852],[9.23447,45.48453],[9.23467,45.48276],[9.23253,45.48166],[9.23018,45.48233],[9.22998,45.4841]]]}},{"type":"Feature","properties":{"i":5565},"geometry":{"type":"Polygon","coordinates":[[[9.23447,45.48453],[9.23661,45.48564],[9.23895,45.48497],[9.23916,45.4832],[9.23701,45.48209],[9.23467,45.48276],[9.23447,45.48453]]]}},{"type":"Feature","properties":{"i":5566},"geometry":{"type":"Polygon","coordinates":[[[9.22807,45.48121],[9.23019,45.4823],[9.2325,45.48164],[9.2327,45.4799],[9.23058,45.47881],[9.22827,45.47947],[9.22807,45.48121]]]}},{"type":"Feature","properties":{"i":5567},"geometry":{"type":"Polygon","coordinates":[[[9.21264,45.47704],[9.21478,45.47815],[9.21713,45.47748],[9.21733,45.47571],[9.21519,45.4746],[9.21285,45.47527],[9.21264,45.47704]]]}},{"type":"Feature","properties":{"i":5568},"geometry":{"type":"Polygon","coordinates":[[[9.21713,45.47748],[9.21927,45.47858],[9.22162,45.47791],[9.22182,45.47614],[9.21968,45.47504],[9.21733,45.47571],[9.21713,45.47748]]]}},{"type":"Feature","properties":{"i":5569},"geometry":{"type":"Polygon","coordinates":[[[9.21071,45.47417],[9.21285,45.47527],[9.21519,45.4746],[9.2154,45.47283],[9.21325,45.47173],[9.21091,45.47239],[9.21071,45.47417]]]}},{"type":"Feature","properties":{"i":5570},"geometry":{"type":"Polygon","coordinates":[[[9.21519,45.4746],[9.21733,45.47571],[9.21968,45.47504],[9.21988,45.47327],[9.21774,45.47216],[9.2154,45.47283],[9.21519,45.4746]]]}},{"type":"Feature","properties":{"i":5571},"geometry":{"type":"Polygon","coordinates":[[[9.2101,45.47948],[9.21224,45.48058],[9.21458,45.47992],[9.21478,45.47815],[9.21264,45.47704],[9.2103,45.47771],[9.2101,45.47948]]]}},{"type":"Feature","properties":{"i":5572},"geometry":{"type":"Polygon","coordinates":[[[9.21458,45.47992],[9.21672,45.48102],[9.21907,45.48035],[9.21927,45.47858],[9.21713,45.47748],[9.21478,45.47815],[9.21458,45.47992]]]}},{"type":"Feature","properties":{"i":5573},"geometry":{"type":"Polygon","coordinates":[[[9.20816,45.47661],[9.2103,45.47771],[9.21264,45.47704],[9.21285,45.47527],[9.21071,45.47417],[9.20836,45.47483],[9.20816,45.47661]]]}},{"type":"Feature","properties":{"i":5574},"geometry":{"type":"Polygon","coordinates":[[[9.25782,45.4778],[9.25802,45.4779],[9.25802,45.4779],[9.25782,45.4778],[9.25782,45.4778]]]}},{"type":"Feature","properties":{"i":5576},"geometry":{"type":"Polygon","coordinates":[[[9.25462,45.47533],[9.25591,45.47599],[9.25722,45.47562],[9.25734,45.47462],[9.25605,45.47395],[9.25473,45.47433],[9.25462,45.47533]]]}},{"type":"Feature","properties":{"i":5578},"geometry":{"type":"Polygon","coordinates":[[[9.25527,45.48024],[9.25547,45.48034],[9.25547,45.48034],[9.25527,45.48024],[9.25527,45.48024]]]}},{"type":"Feature","properties":{"i":5579},"geometry":{"type":"Polygon","coordinates":[[[9.25976,45.48067],[9.25996,45.48077],[9.25996,45.48077],[9.25976,45.48067],[9.25976,45.48067]]]}},{"type":"Feature","properties":{"i":5580},"geometry":{"type":"Polygon","coordinates":[[[9.25316,45.47742],[9.25351,45.4776],[9.25368,45.47755],[9.2537,45.47741],[9.25335,45.47723],[9.25318,45.47728],[9.25316,45.47742]]]}},{"type":"Feature","properties":{"i":5588},"geometry":{"type":"Polygon","coordinates":[[[9.24777,45.47215],[9.24942,45.47301],[9.25118,45.4725],[9.25133,45.47117],[9.24968,45.47032],[9.24792,45.47082],[9.24777,45.47215]]]}},{"type":"Feature","properties":{"i":5589},"geometry":{"type":"Polygon","coordinates":[[[9.25264,45.47246],[9.25396,45.47315],[9.25532,45.47276],[9.25544,45.47173],[9.25411,45.47105],[9.25275,45.47144],[9.25264,45.47246]]]}},{"type":"Feature","properties":{"i":5590},"geometry":{"type":"Polygon","coordinates":[[[9.24644,45.46908],[9.24757,45.46966],[9.24869,45.46934],[9.24879,45.46849],[9.24765,45.46791],[9.24653,45.46823],[9.24644,45.46908]]]}},{"type":"Feature","properties":{"i":5591},"geometry":{"type":"Polygon","coordinates":[[[9.25099,45.4695],[9.25206,45.47005],[9.25312,45.46975],[9.25321,45.46895],[9.25213,45.46839],[9.25108,45.4687],[9.25099,45.4695]]]}},{"type":"Feature","properties":{"i":5592},"geometry":{"type":"Polygon","coordinates":[[[9.24486,45.47471],[9.24683,45.47572],[9.24896,45.47511],[9.24914,45.4735],[9.24718,45.47249],[9.24505,45.4731],[9.24486,45.47471]]]}},{"type":"Feature","properties":{"i":5593},"geometry":{"type":"Polygon","coordinates":[[[9.24995,45.47495],[9.2514,45.47569],[9.2529,45.47527],[9.25303,45.47413],[9.25158,45.47338],[9.25008,45.47381],[9.24995,45.47495]]]}},{"type":"Feature","properties":{"i":5594},"geometry":{"type":"Polygon","coordinates":[[[9.24296,45.47182],[9.24489,45.47282],[9.24699,45.47222],[9.24717,45.47064],[9.24523,45.46964],[9.24314,45.47024],[9.24296,45.47182]]]}},{"type":"Feature","properties":{"i":5595},"geometry":{"type":"Polygon","coordinates":[[[9.26003,45.47034],[9.26105,45.47086],[9.26202,45.47058],[9.26211,45.46984],[9.2611,45.46932],[9.26012,45.4696],[9.26003,45.47034]]]}},{"type":"Feature","properties":{"i":5596},"geometry":{"type":"Polygon","coordinates":[[[9.26456,45.47076],[9.26554,45.47127],[9.26647,45.471],[9.26656,45.47029],[9.26558,45.46978],[9.26464,45.47005],[9.26456,45.47076]]]}},{"type":"Feature","properties":{"i":5597},"geometry":{"type":"Polygon","coordinates":[[[9.25903,45.46717],[9.25923,45.46727],[9.25923,45.46727],[9.25903,45.46717],[9.25903,45.46717]]]}},{"type":"Feature","properties":{"i":5598},"geometry":{"type":"Polygon","coordinates":[[[9.26352,45.4676],[9.26372,45.4677],[9.26372,45.4677],[9.26352,45.4676],[9.26352,45.4676]]]}},{"type":"Feature","properties":{"i":5599},"geometry":{"type":"Polygon","coordinates":[[[9.25774,45.4727],[9.25853,45.47311],[9.25924,45.4729],[9.2593,45.47236],[9.25851,45.47196],[9.2578,45.47216],[9.25774,45.4727]]]}},{"type":"Feature","properties":{"i":5601},"geometry":{"type":"Polygon","coordinates":[[[9.25563,45.46988],[9.25657,45.47036],[9.25746,45.47011],[9.25754,45.46943],[9.2566,45.46895],[9.25571,45.4692],[9.25563,45.46988]]]}},{"type":"Feature","properties":{"i":5602},"geometry":{"type":"Polygon","coordinates":[[[9.25457,45.48558],[9.25485,45.48572],[9.25494,45.4857],[9.25495,45.48563],[9.25467,45.48548],[9.25458,45.48551],[9.25457,45.48558]]]}},{"type":"Feature","properties":{"i":5604},"geometry":{"type":"Polygon","coordinates":[[[9.25272,45.48268],[9.25292,45.48278],[9.25292,45.48278],[9.25272,45.48268],[9.25272,45.48268]]]}},{"type":"Feature","properties":{"i":5605},"geometry":{"type":"Polygon","coordinates":[[[9.25721,45.48311],[9.25741,45.48321],[9.25741,45.48321],[9.25721,45.48311],[9.25721,45.48311]]]}},{"type":"Feature","properties":{"i":5606},"geometry":{"type":"Polygon","coordinates":[[[9.25145,45.48821],[9.25222,45.4886],[9.25291,45.48841],[9.25297,45.48788],[9.2522,45.48748],[9.25151,45.48768],[9.25145,45.48821]]]}},{"type":"Feature","properties":{"i":5607},"geometry":{"type":"Polygon","coordinates":[[[9.25555,45.48877],[9.25666,45.48934],[9.25776,45.48902],[9.25786,45.48819],[9.25674,45.48762],[9.25564,45.48793],[9.25555,45.48877]]]}},{"type":"Feature","properties":{"i":5608},"geometry":{"type":"Polygon","coordinates":[[[9.25017,45.48512],[9.25037,45.48522],[9.25037,45.48522],[9.25017,45.48512],[9.25017,45.48512]]]}},{"type":"Feature","properties":{"i":5611},"geometry":{"type":"Polygon","coordinates":[[[9.26322,45.48144],[9.26431,45.482],[9.26538,45.48169],[9.26547,45.48088],[9.26438,45.48032],[9.26331,45.48062],[9.26322,45.48144]]]}},{"type":"Feature","properties":{"i":5615},"geometry":{"type":"Polygon","coordinates":[[[9.2617,45.48355],[9.2619,45.48365],[9.2619,45.48365],[9.2617,45.48355],[9.2617,45.48355]]]}},{"type":"Feature","properties":{"i":5616},"geometry":{"type":"Polygon","coordinates":[[[9.2441,45.48007],[9.2462,45.48115],[9.24849,45.4805],[9.24869,45.47877],[9.24659,45.47769],[9.2443,45.47834],[9.2441,45.48007]]]}},{"type":"Feature","properties":{"i":5617},"geometry":{"type":"Polygon","coordinates":[[[9.2487,45.48047],[9.2507,45.4815],[9.25287,45.48088],[9.25306,45.47924],[9.25106,45.47821],[9.24889,45.47883],[9.2487,45.48047]]]}},{"type":"Feature","properties":{"i":5618},"geometry":{"type":"Polygon","coordinates":[[[9.24316,45.47688],[9.24439,45.47752],[9.24564,45.47716],[9.24575,45.47621],[9.24452,45.47557],[9.24327,45.47593],[9.24316,45.47688]]]}},{"type":"Feature","properties":{"i":5619},"geometry":{"type":"Polygon","coordinates":[[[9.24692,45.47754],[9.24878,45.4785],[9.25079,45.47793],[9.25096,45.47641],[9.2491,45.47546],[9.2471,45.47603],[9.24692,45.47754]]]}},{"type":"Feature","properties":{"i":5620},"geometry":{"type":"Polygon","coordinates":[[[9.24167,45.48247],[9.24367,45.4835],[9.24583,45.48288],[9.24602,45.48125],[9.24403,45.48022],[9.24186,45.48084],[9.24167,45.48247]]]}},{"type":"Feature","properties":{"i":5621},"geometry":{"type":"Polygon","coordinates":[[[9.2471,45.48261],[9.24828,45.48322],[9.24946,45.48288],[9.24957,45.48198],[9.24839,45.48137],[9.2472,45.48171],[9.2471,45.48261]]]}},{"type":"Feature","properties":{"i":5622},"geometry":{"type":"Polygon","coordinates":[[[9.24025,45.47943],[9.2418,45.48023],[9.24343,45.47977],[9.24357,45.47854],[9.24202,45.47774],[9.24039,45.4782],[9.24025,45.47943]]]}},{"type":"Feature","properties":{"i":5623},"geometry":{"type":"Polygon","coordinates":[[[9.21996,45.51265],[9.22205,45.51372],[9.22432,45.51307],[9.22451,45.51136],[9.22243,45.51029],[9.22016,45.51093],[9.21996,45.51265]]]}},{"type":"Feature","properties":{"i":5624},"geometry":{"type":"Polygon","coordinates":[[[9.22447,45.51308],[9.22654,45.51414],[9.22879,45.5135],[9.22898,45.5118],[9.22692,45.51074],[9.22467,45.51138],[9.22447,45.51308]]]}},{"type":"Feature","properties":{"i":5625},"geometry":{"type":"Polygon","coordinates":[[[9.21837,45.50966],[9.22015,45.51058],[9.22206,45.51004],[9.22223,45.50859],[9.22045,45.50768],[9.21854,45.50822],[9.21837,45.50966]]]}},{"type":"Feature","properties":{"i":5626},"geometry":{"type":"Polygon","coordinates":[[[9.22244,45.51023],[9.22459,45.51133],[9.22693,45.51067],[9.22713,45.5089],[9.22499,45.50779],[9.22265,45.50846],[9.22244,45.51023]]]}},{"type":"Feature","properties":{"i":5627},"geometry":{"type":"Polygon","coordinates":[[[9.21771,45.51499],[9.21954,45.51593],[9.2215,45.51537],[9.22167,45.51389],[9.21984,45.51295],[9.21788,45.51351],[9.21771,45.51499]]]}},{"type":"Feature","properties":{"i":5628},"geometry":{"type":"Polygon","coordinates":[[[9.22197,45.5155],[9.22399,45.51654],[9.2262,45.51592],[9.22639,45.51425],[9.22436,45.51321],[9.22216,45.51384],[9.22197,45.5155]]]}},{"type":"Feature","properties":{"i":5629},"geometry":{"type":"Polygon","coordinates":[[[9.21552,45.5122],[9.21756,45.51325],[9.21979,45.51261],[9.21998,45.51094],[9.21794,45.50989],[9.21572,45.51052],[9.21552,45.5122]]]}},{"type":"Feature","properties":{"i":5630},"geometry":{"type":"Polygon","coordinates":[[[9.23195,45.51093],[9.23363,45.5118],[9.23542,45.51129],[9.23558,45.50994],[9.2339,45.50907],[9.23211,45.50958],[9.23195,45.51093]]]}},{"type":"Feature","properties":{"i":5631},"geometry":{"type":"Polygon","coordinates":[[[9.23669,45.51129],[9.23816,45.51204],[9.23968,45.51161],[9.23982,45.51045],[9.23835,45.5097],[9.23682,45.51013],[9.23669,45.51129]]]}},{"type":"Feature","properties":{"i":5632},"geometry":{"type":"Polygon","coordinates":[[[9.22969,45.50816],[9.23165,45.50917],[9.23377,45.50856],[9.23396,45.50696],[9.232,45.50595],[9.22988,45.50656],[9.22969,45.50816]]]}},{"type":"Feature","properties":{"i":5633},"geometry":{"type":"Polygon","coordinates":[[[9.23397,45.50866],[9.23611,45.50977],[9.23846,45.5091],[9.23866,45.50733],[9.23652,45.50622],[9.23417,45.50689],[9.23397,45.50866]]]}},{"type":"Feature","properties":{"i":5634},"geometry":{"type":"Polygon","coordinates":[[[9.22918,45.51344],[9.23106,45.51441],[9.23308,45.51383],[9.23325,45.5123],[9.23138,45.51134],[9.22936,45.51192],[9.22918,45.51344]]]}},{"type":"Feature","properties":{"i":5635},"geometry":{"type":"Polygon","coordinates":[[[9.2337,45.51387],[9.23555,45.51482],[9.23754,45.51425],[9.23771,45.51275],[9.23586,45.5118],[9.23387,45.51236],[9.2337,45.51387]]]}},{"type":"Feature","properties":{"i":5636},"geometry":{"type":"Polygon","coordinates":[[[9.22715,45.5106],[9.2291,45.5116],[9.23122,45.511],[9.2314,45.5094],[9.22945,45.5084],[9.22733,45.509],[9.22715,45.5106]]]}},{"type":"Feature","properties":{"i":5637},"geometry":{"type":"Polygon","coordinates":[[[9.21278,45.50609],[9.21384,45.50663],[9.21488,45.50634],[9.21497,45.50555],[9.21391,45.505],[9.21287,45.5053],[9.21278,45.50609]]]}},{"type":"Feature","properties":{"i":5638},"geometry":{"type":"Polygon","coordinates":[[[9.21662,45.50673],[9.21824,45.50757],[9.21996,45.50708],[9.22011,45.50578],[9.21848,45.50494],[9.21676,45.50543],[9.21662,45.50673]]]}},{"type":"Feature","properties":{"i":5639},"geometry":{"type":"Polygon","coordinates":[[[9.20968,45.50358],[9.21174,45.50465],[9.214,45.504],[9.21419,45.5023],[9.21213,45.50124],[9.20988,45.50188],[9.20968,45.50358]]]}},{"type":"Feature","properties":{"i":5640},"geometry":{"type":"Polygon","coordinates":[[[9.2148,45.50382],[9.21632,45.5046],[9.21791,45.50414],[9.21805,45.50294],[9.21653,45.50216],[9.21494,45.50261],[9.2148,45.50382]]]}},{"type":"Feature","properties":{"i":5641},"geometry":{"type":"Polygon","coordinates":[[[9.20954,45.50874],[9.2112,45.5096],[9.21295,45.5091],[9.21311,45.50777],[9.21145,45.50692],[9.2097,45.50742],[9.20954,45.50874]]]}},{"type":"Feature","properties":{"i":5642},"geometry":{"type":"Polygon","coordinates":[[[9.21421,45.50912],[9.21571,45.50989],[9.21728,45.50945],[9.21741,45.50826],[9.21591,45.50749],[9.21435,45.50794],[9.21421,45.50912]]]}},{"type":"Feature","properties":{"i":5643},"geometry":{"type":"Polygon","coordinates":[[[9.20756,45.50588],[9.20925,45.50676],[9.21106,45.50624],[9.21122,45.50488],[9.20952,45.504],[9.20771,45.50452],[9.20756,45.50588]]]}},{"type":"Feature","properties":{"i":5644},"geometry":{"type":"Polygon","coordinates":[[[9.22305,45.50492],[9.2252,45.50602],[9.22754,45.50535],[9.22774,45.50358],[9.2256,45.50248],[9.22326,45.50315],[9.22305,45.50492]]]}},{"type":"Feature","properties":{"i":5645},"geometry":{"type":"Polygon","coordinates":[[[9.22754,45.50535],[9.22968,45.50646],[9.23203,45.50579],[9.23223,45.50402],[9.23009,45.50291],[9.22774,45.50358],[9.22754,45.50535]]]}},{"type":"Feature","properties":{"i":5646},"geometry":{"type":"Polygon","coordinates":[[[9.22111,45.50204],[9.22326,45.50315],[9.2256,45.50248],[9.22581,45.50071],[9.22366,45.4996],[9.22132,45.50027],[9.22111,45.50204]]]}},{"type":"Feature","properties":{"i":5647},"geometry":{"type":"Polygon","coordinates":[[[9.22586,45.5024],[9.22778,45.50338],[9.22985,45.50279],[9.23003,45.50123],[9.22812,45.50024],[9.22604,45.50083],[9.22586,45.5024]]]}},{"type":"Feature","properties":{"i":5648},"geometry":{"type":"Polygon","coordinates":[[[9.22053,45.50735],[9.22265,45.50844],[9.22496,45.50778],[9.22516,45.50603],[9.22305,45.50494],[9.22073,45.5056],[9.22053,45.50735]]]}},{"type":"Feature","properties":{"i":5649},"geometry":{"type":"Polygon","coordinates":[[[9.22509,45.50776],[9.22715,45.50882],[9.22939,45.50818],[9.22959,45.50649],[9.22753,45.50543],[9.22528,45.50607],[9.22509,45.50776]]]}},{"type":"Feature","properties":{"i":5650},"geometry":{"type":"Polygon","coordinates":[[[9.21867,45.50445],[9.22072,45.5055],[9.22296,45.50487],[9.22315,45.50318],[9.2211,45.50213],[9.21887,45.50276],[9.21867,45.50445]]]}},{"type":"Feature","properties":{"i":5651},"geometry":{"type":"Polygon","coordinates":[[[9.21817,45.51996],[9.21907,45.52042],[9.21991,45.52018],[9.21999,45.51955],[9.21909,45.51908],[9.21825,45.51932],[9.21817,45.51996]]]}},{"type":"Feature","properties":{"i":5652},"geometry":{"type":"Polygon","coordinates":[[[9.22122,45.52086],[9.22336,45.52196],[9.22571,45.52129],[9.22591,45.51952],[9.22377,45.51842],[9.22143,45.51909],[9.22122,45.52086]]]}},{"type":"Feature","properties":{"i":5653},"geometry":{"type":"Polygon","coordinates":[[[9.21528,45.51739],[9.217,45.51828],[9.21885,45.51776],[9.21901,45.51637],[9.21728,45.51548],[9.21544,45.516],[9.21528,45.51739]]]}},{"type":"Feature","properties":{"i":5654},"geometry":{"type":"Polygon","coordinates":[[[9.21958,45.51789],[9.22147,45.51886],[9.2235,45.51828],[9.22367,45.51674],[9.22179,45.51577],[9.21976,45.51635],[9.21958,45.51789]]]}},{"type":"Feature","properties":{"i":5655},"geometry":{"type":"Polygon","coordinates":[[[9.21643,45.52214],[9.21663,45.52224],[9.21663,45.52224],[9.21643,45.52214],[9.21643,45.52214]]]}},{"type":"Feature","properties":{"i":5656},"geometry":{"type":"Polygon","coordinates":[[[9.22034,45.52276],[9.22104,45.52312],[9.22164,45.52295],[9.22169,45.52249],[9.22099,45.52213],[9.2204,45.5223],[9.22034,45.52276]]]}},{"type":"Feature","properties":{"i":5657},"geometry":{"type":"Polygon","coordinates":[[[9.21387,45.51946],[9.21461,45.51985],[9.21526,45.51966],[9.21531,45.51917],[9.21457,45.51879],[9.21393,45.51897],[9.21387,45.51946]]]}},{"type":"Feature","properties":{"i":5658},"geometry":{"type":"Polygon","coordinates":[[[9.2292,45.51855],[9.23053,45.51924],[9.23189,45.51885],[9.23201,45.51782],[9.23068,45.51713],[9.22932,45.51752],[9.2292,45.51855]]]}},{"type":"Feature","properties":{"i":5660},"geometry":{"type":"Polygon","coordinates":[[[9.22656,45.5159],[9.2285,45.5169],[9.2306,45.51631],[9.23078,45.51472],[9.22884,45.51372],[9.22674,45.51432],[9.22656,45.5159]]]}},{"type":"Feature","properties":{"i":5661},"geometry":{"type":"Polygon","coordinates":[[[9.23153,45.51619],[9.23305,45.51697],[9.23465,45.51652],[9.23479,45.51531],[9.23326,45.51452],[9.23166,45.51498],[9.23153,45.51619]]]}},{"type":"Feature","properties":{"i":5662},"geometry":{"type":"Polygon","coordinates":[[[9.22603,45.52119],[9.2279,45.52215],[9.22991,45.52158],[9.23008,45.52006],[9.22822,45.5191],[9.2262,45.51967],[9.22603,45.52119]]]}},{"type":"Feature","properties":{"i":5663},"geometry":{"type":"Polygon","coordinates":[[[9.23187,45.52119],[9.23257,45.52155],[9.23317,45.52138],[9.23322,45.52093],[9.23252,45.52057],[9.23192,45.52074],[9.23187,45.52119]]]}},{"type":"Feature","properties":{"i":5664},"geometry":{"type":"Polygon","coordinates":[[[9.22377,45.51842],[9.22591,45.51952],[9.22826,45.51885],[9.22846,45.51708],[9.22632,45.51598],[9.22398,45.51665],[9.22377,45.51842]]]}},{"type":"Feature","properties":{"i":5665},"geometry":{"type":"Polygon","coordinates":[[[9.20865,45.51415],[9.21055,45.51513],[9.2126,45.51454],[9.21278,45.51299],[9.21088,45.51201],[9.20883,45.5126],[9.20865,45.51415]]]}},{"type":"Feature","properties":{"i":5666},"geometry":{"type":"Polygon","coordinates":[[[9.21336,45.51451],[9.21507,45.51539],[9.21688,45.51487],[9.21704,45.5135],[9.21534,45.51262],[9.21352,45.51314],[9.21336,45.51451]]]}},{"type":"Feature","properties":{"i":5667},"geometry":{"type":"Polygon","coordinates":[[[9.2073,45.51108],[9.20869,45.5118],[9.21013,45.51139],[9.21025,45.5103],[9.20886,45.50959],[9.20742,45.51],[9.2073,45.51108]]]}},{"type":"Feature","properties":{"i":5668},"geometry":{"type":"Polygon","coordinates":[[[9.21142,45.51164],[9.21313,45.51252],[9.21495,45.512],[9.21511,45.51062],[9.2134,45.50974],[9.21158,45.51026],[9.21142,45.51164]]]}},{"type":"Feature","properties":{"i":5669},"geometry":{"type":"Polygon","coordinates":[[[9.20582,45.51667],[9.20796,45.51778],[9.21031,45.51711],[9.21051,45.51534],[9.20837,45.51424],[9.20602,45.5149],[9.20582,45.51667]]]}},{"type":"Feature","properties":{"i":5670},"geometry":{"type":"Polygon","coordinates":[[[9.2105,45.51705],[9.21248,45.51807],[9.21462,45.51746],[9.2148,45.51584],[9.21283,45.51482],[9.21069,45.51543],[9.2105,45.51705]]]}},{"type":"Feature","properties":{"i":5671},"geometry":{"type":"Polygon","coordinates":[[[9.20402,45.51375],[9.20604,45.5148],[9.20824,45.51417],[9.20843,45.51251],[9.20641,45.51147],[9.20421,45.51209],[9.20402,45.51375]]]}},{"type":"Feature","properties":{"i":5672},"geometry":{"type":"Polygon","coordinates":[[[9.25159,45.51563],[9.2535,45.51661],[9.25555,45.51602],[9.25573,45.51447],[9.25383,45.51349],[9.25177,45.51407],[9.25159,45.51563]]]}},{"type":"Feature","properties":{"i":5673},"geometry":{"type":"Polygon","coordinates":[[[9.25706,45.51575],[9.25812,45.51629],[9.25915,45.516],[9.25924,45.51522],[9.25818,45.51467],[9.25715,45.51497],[9.25706,45.51575]]]}},{"type":"Feature","properties":{"i":5674},"geometry":{"type":"Polygon","coordinates":[[[9.24943,45.51282],[9.25152,45.5139],[9.25381,45.51325],[9.25401,45.51152],[9.25192,45.51045],[9.24963,45.5111],[9.24943,45.51282]]]}},{"type":"Feature","properties":{"i":5675},"geometry":{"type":"Polygon","coordinates":[[[9.25451,45.51307],[9.25609,45.51389],[9.25777,45.51341],[9.25791,45.51215],[9.25632,45.51133],[9.25465,45.51181],[9.25451,45.51307]]]}},{"type":"Feature","properties":{"i":5676},"geometry":{"type":"Polygon","coordinates":[[[9.24932,45.51798],[9.25098,45.51884],[9.25275,45.51833],[9.25291,45.517],[9.25124,45.51614],[9.24947,45.51664],[9.24932,45.51798]]]}},{"type":"Feature","properties":{"i":5677},"geometry":{"type":"Polygon","coordinates":[[[9.25427,45.51826],[9.25554,45.51892],[9.25682,45.51855],[9.25693,45.51758],[9.25567,45.51693],[9.25438,45.51729],[9.25427,45.51826]]]}},{"type":"Feature","properties":{"i":5678},"geometry":{"type":"Polygon","coordinates":[[[9.24705,45.51521],[9.249,45.51621],[9.25111,45.51561],[9.25129,45.51402],[9.24934,45.51302],[9.24723,45.51362],[9.24705,45.51521]]]}},{"type":"Feature","properties":{"i":5679},"geometry":{"type":"Polygon","coordinates":[[[9.26509,45.51343],[9.26529,45.51353],[9.26529,45.51353],[9.26509,45.51343],[9.26509,45.51343]]]}},{"type":"Feature","properties":{"i":5681},"geometry":{"type":"Polygon","coordinates":[[[9.26218,45.51086],[9.26322,45.51139],[9.26422,45.51111],[9.26431,45.51035],[9.26328,45.50981],[9.26227,45.5101],[9.26218,45.51086]]]}},{"type":"Feature","properties":{"i":5685},"geometry":{"type":"Polygon","coordinates":[[[9.25935,45.51339],[9.26063,45.51405],[9.26193,45.51368],[9.26204,45.51269],[9.26077,45.51204],[9.25947,45.51241],[9.25935,45.51339]]]}},{"type":"Feature","properties":{"i":5686},"geometry":{"type":"Polygon","coordinates":[[[9.24295,45.50953],[9.24509,45.51064],[9.24743,45.50997],[9.24764,45.5082],[9.24549,45.50709],[9.24315,45.50776],[9.24295,45.50953]]]}},{"type":"Feature","properties":{"i":5687},"geometry":{"type":"Polygon","coordinates":[[[9.24752,45.50994],[9.24959,45.51101],[9.25185,45.51036],[9.25204,45.50866],[9.24997,45.50759],[9.24771,45.50824],[9.24752,45.50994]]]}},{"type":"Feature","properties":{"i":5688},"geometry":{"type":"Polygon","coordinates":[[[9.24104,45.50665],[9.24315,45.50774],[9.24546,45.50708],[9.24566,45.50533],[9.24355,45.50424],[9.24124,45.5049],[9.24104,45.50665]]]}},{"type":"Feature","properties":{"i":5689},"geometry":{"type":"Polygon","coordinates":[[[9.24549,45.50709],[9.24764,45.5082],[9.24998,45.50753],[9.25019,45.50576],[9.24804,45.50465],[9.2457,45.50532],[9.24549,45.50709]]]}},{"type":"Feature","properties":{"i":5690},"geometry":{"type":"Polygon","coordinates":[[[9.24089,45.51181],[9.24261,45.5127],[9.24444,45.51218],[9.24459,45.51079],[9.24288,45.50991],[9.24105,45.51043],[9.24089,45.51181]]]}},{"type":"Feature","properties":{"i":5691},"geometry":{"type":"Polygon","coordinates":[[[9.24493,45.51239],[9.24703,45.51348],[9.24934,45.51282],[9.24953,45.51109],[9.24743,45.51],[9.24513,45.51066],[9.24493,45.51239]]]}},{"type":"Feature","properties":{"i":5692},"geometry":{"type":"Polygon","coordinates":[[[9.23874,45.50901],[9.24064,45.50998],[9.24269,45.5094],[9.24286,45.50785],[9.24097,45.50688],[9.23892,45.50746],[9.23874,45.50901]]]}},{"type":"Feature","properties":{"i":5693},"geometry":{"type":"Polygon","coordinates":[[[9.25585,45.50752],[9.2568,45.50801],[9.25771,45.50775],[9.25778,45.50707],[9.25683,45.50658],[9.25593,45.50684],[9.25585,45.50752]]]}},{"type":"Feature","properties":{"i":5694},"geometry":{"type":"Polygon","coordinates":[[[9.26047,45.50791],[9.26131,45.50834],[9.26207,45.50813],[9.26214,45.50755],[9.2613,45.50712],[9.26054,45.50733],[9.26047,45.50791]]]}},{"type":"Feature","properties":{"i":5695},"geometry":{"type":"Polygon","coordinates":[[[9.25478,45.50437],[9.25498,45.50447],[9.25498,45.50447],[9.25478,45.50437],[9.25478,45.50437]]]}},{"type":"Feature","properties":{"i":5696},"geometry":{"type":"Polygon","coordinates":[[[9.25892,45.50491],[9.25942,45.50517],[9.25978,45.50507],[9.25981,45.5048],[9.25931,45.50454],[9.25895,45.50464],[9.25892,45.50491]]]}},{"type":"Feature","properties":{"i":5697},"geometry":{"type":"Polygon","coordinates":[[[9.25209,45.51035],[9.25409,45.51138],[9.25626,45.51076],[9.25645,45.50912],[9.25445,45.50809],[9.25228,45.50871],[9.25209,45.51035]]]}},{"type":"Feature","properties":{"i":5698},"geometry":{"type":"Polygon","coordinates":[[[9.25716,45.5106],[9.25866,45.51137],[9.26022,45.51092],[9.26036,45.50974],[9.25886,45.50897],[9.25729,45.50941],[9.25716,45.5106]]]}},{"type":"Feature","properties":{"i":5699},"geometry":{"type":"Polygon","coordinates":[[[9.25008,45.5075],[9.25214,45.50856],[9.25438,45.50792],[9.25458,45.50622],[9.25252,45.50516],[9.25027,45.5058],[9.25008,45.5075]]]}},{"type":"Feature","properties":{"i":5709},"geometry":{"type":"Polygon","coordinates":[[[9.25893,45.51864],[9.26005,45.51922],[9.26115,45.5189],[9.26125,45.51807],[9.26013,45.5175],[9.25903,45.51781],[9.25893,45.51864]]]}},{"type":"Feature","properties":{"i":5714},"geometry":{"type":"Polygon","coordinates":[[[9.24044,45.51708],[9.24202,45.51789],[9.24369,45.51742],[9.24383,45.51616],[9.24225,45.51534],[9.24058,45.51582],[9.24044,45.51708]]]}},{"type":"Feature","properties":{"i":5715},"geometry":{"type":"Polygon","coordinates":[[[9.24428,45.51772],[9.24642,45.51882],[9.24877,45.51816],[9.24897,45.51638],[9.24683,45.51528],[9.24448,45.51595],[9.24428,45.51772]]]}},{"type":"Feature","properties":{"i":5716},"geometry":{"type":"Polygon","coordinates":[[[9.23852,45.5142],[9.24008,45.515],[9.24173,45.51453],[9.24187,45.51329],[9.24031,45.51248],[9.23866,45.51295],[9.23852,45.5142]]]}},{"type":"Feature","properties":{"i":5717},"geometry":{"type":"Polygon","coordinates":[[[9.24288,45.51467],[9.24455,45.51553],[9.24633,45.51503],[9.24648,45.51369],[9.24481,45.51283],[9.24304,45.51333],[9.24288,45.51467]]]}},{"type":"Feature","properties":{"i":5718},"geometry":{"type":"Polygon","coordinates":[[[9.23824,45.5194],[9.23952,45.52006],[9.24082,45.51969],[9.24093,45.51871],[9.23965,45.51805],[9.23835,45.51842],[9.23824,45.5194]]]}},{"type":"Feature","properties":{"i":5720},"geometry":{"type":"Polygon","coordinates":[[[9.23593,45.51665],[9.23753,45.51747],[9.23921,45.51699],[9.23936,45.51572],[9.23776,45.51489],[9.23608,45.51537],[9.23593,45.51665]]]}},{"type":"Feature","properties":{"i":5721},"geometry":{"type":"Polygon","coordinates":[[[9.20637,45.49253],[9.20847,45.49361],[9.21077,45.49296],[9.21097,45.49123],[9.20887,45.49015],[9.20657,45.4908],[9.20637,45.49253]]]}},{"type":"Feature","properties":{"i":5722},"geometry":{"type":"Polygon","coordinates":[[[9.21081,45.49298],[9.21295,45.49409],[9.2153,45.49342],[9.2155,45.49165],[9.21336,45.49054],[9.21102,45.49121],[9.21081,45.49298]]]}},{"type":"Feature","properties":{"i":5723},"geometry":{"type":"Polygon","coordinates":[[[9.20452,45.48963],[9.20655,45.49067],[9.20875,45.49005],[9.20894,45.48838],[9.20692,45.48734],[9.20471,45.48796],[9.20452,45.48963]]]}},{"type":"Feature","properties":{"i":5724},"geometry":{"type":"Polygon","coordinates":[[[9.20887,45.49011],[9.21102,45.49121],[9.21336,45.49054],[9.21356,45.48877],[9.21142,45.48767],[9.20908,45.48834],[9.20887,45.49011]]]}},{"type":"Feature","properties":{"i":5725},"geometry":{"type":"Polygon","coordinates":[[[9.20378,45.49499],[9.20592,45.49609],[9.20826,45.49542],[9.20847,45.49365],[9.20633,45.49255],[9.20398,45.49322],[9.20378,45.49499]]]}},{"type":"Feature","properties":{"i":5726},"geometry":{"type":"Polygon","coordinates":[[[9.20835,45.4954],[9.21042,45.49646],[9.21267,45.49582],[9.21287,45.49411],[9.2108,45.49305],[9.20854,45.49369],[9.20835,45.4954]]]}},{"type":"Feature","properties":{"i":5727},"geometry":{"type":"Polygon","coordinates":[[[9.20184,45.49211],[9.20398,45.49322],[9.20633,45.49255],[9.20653,45.49078],[9.20439,45.48967],[9.20204,45.49034],[9.20184,45.49211]]]}},{"type":"Feature","properties":{"i":5728},"geometry":{"type":"Polygon","coordinates":[[[9.21785,45.49098],[9.21999,45.49208],[9.22233,45.49142],[9.22254,45.48965],[9.2204,45.48854],[9.21805,45.48921],[9.21785,45.49098]]]}},{"type":"Feature","properties":{"i":5729},"geometry":{"type":"Polygon","coordinates":[[[9.22233,45.49142],[9.22448,45.49252],[9.22682,45.49185],[9.22702,45.49008],[9.22488,45.48898],[9.22254,45.48965],[9.22233,45.49142]]]}},{"type":"Feature","properties":{"i":5730},"geometry":{"type":"Polygon","coordinates":[[[9.21591,45.48811],[9.21805,45.48921],[9.2204,45.48854],[9.2206,45.48677],[9.21846,45.48567],[9.21611,45.48633],[9.21591,45.48811]]]}},{"type":"Feature","properties":{"i":5731},"geometry":{"type":"Polygon","coordinates":[[[9.2204,45.48854],[9.22254,45.48965],[9.22488,45.48898],[9.22509,45.48721],[9.22294,45.4861],[9.2206,45.48677],[9.2204,45.48854]]]}},{"type":"Feature","properties":{"i":5732},"geometry":{"type":"Polygon","coordinates":[[[9.2153,45.49342],[9.21744,45.49452],[9.21979,45.49386],[9.21999,45.49208],[9.21785,45.49098],[9.2155,45.49165],[9.2153,45.49342]]]}},{"type":"Feature","properties":{"i":5733},"geometry":{"type":"Polygon","coordinates":[[[9.21979,45.49386],[9.22193,45.49496],[9.22427,45.49429],[9.22448,45.49252],[9.22233,45.49142],[9.21999,45.49208],[9.21979,45.49386]]]}},{"type":"Feature","properties":{"i":5734},"geometry":{"type":"Polygon","coordinates":[[[9.21336,45.49054],[9.2155,45.49165],[9.21785,45.49098],[9.21805,45.48921],[9.21591,45.48811],[9.21356,45.48877],[9.21336,45.49054]]]}},{"type":"Feature","properties":{"i":5735},"geometry":{"type":"Polygon","coordinates":[[[9.19841,45.48622],[9.20017,45.48712],[9.20204,45.48659],[9.2022,45.48517],[9.20045,45.48427],[9.19858,45.4848],[9.19841,45.48622]]]}},{"type":"Feature","properties":{"i":5736},"geometry":{"type":"Polygon","coordinates":[[[9.20338,45.4865],[9.20472,45.48719],[9.20609,45.4868],[9.20621,45.48576],[9.20487,45.48507],[9.2035,45.48546],[9.20338,45.4865]]]}},{"type":"Feature","properties":{"i":5737},"geometry":{"type":"Polygon","coordinates":[[[9.19609,45.48347],[9.19818,45.48454],[9.20046,45.48389],[9.20065,45.48217],[9.19857,45.48109],[9.19629,45.48174],[9.19609,45.48347]]]}},{"type":"Feature","properties":{"i":5738},"geometry":{"type":"Polygon","coordinates":[[[9.20084,45.48382],[9.2027,45.48478],[9.2047,45.48421],[9.20488,45.48269],[9.20302,45.48173],[9.20101,45.4823],[9.20084,45.48382]]]}},{"type":"Feature","properties":{"i":5739},"geometry":{"type":"Polygon","coordinates":[[[9.19567,45.48872],[9.19759,45.48971],[9.19967,45.48912],[9.19985,45.48755],[9.19793,45.48656],[9.19585,45.48715],[9.19567,45.48872]]]}},{"type":"Feature","properties":{"i":5740},"geometry":{"type":"Polygon","coordinates":[[[9.1999,45.48924],[9.20204,45.49034],[9.20439,45.48967],[9.20459,45.4879],[9.20245,45.4868],[9.2001,45.48747],[9.1999,45.48924]]]}},{"type":"Feature","properties":{"i":5741},"geometry":{"type":"Polygon","coordinates":[[[9.1939,45.48579],[9.19568,45.4867],[9.19758,45.48616],[9.19774,45.48473],[9.19597,45.48381],[9.19407,45.48435],[9.1939,45.48579]]]}},{"type":"Feature","properties":{"i":5742},"geometry":{"type":"Polygon","coordinates":[[[9.20948,45.4848],[9.21163,45.4859],[9.21397,45.48523],[9.21417,45.48346],[9.21203,45.48236],[9.20969,45.48302],[9.20948,45.4848]]]}},{"type":"Feature","properties":{"i":5743},"geometry":{"type":"Polygon","coordinates":[[[9.21397,45.48523],[9.21611,45.48633],[9.21846,45.48567],[9.21866,45.4839],[9.21652,45.48279],[9.21417,45.48346],[9.21397,45.48523]]]}},{"type":"Feature","properties":{"i":5744},"geometry":{"type":"Polygon","coordinates":[[[9.20755,45.48192],[9.20969,45.48302],[9.21203,45.48236],[9.21224,45.48058],[9.2101,45.47948],[9.20775,45.48015],[9.20755,45.48192]]]}},{"type":"Feature","properties":{"i":5745},"geometry":{"type":"Polygon","coordinates":[[[9.21203,45.48236],[9.21417,45.48346],[9.21652,45.48279],[9.21672,45.48102],[9.21458,45.47992],[9.21224,45.48058],[9.21203,45.48236]]]}},{"type":"Feature","properties":{"i":5746},"geometry":{"type":"Polygon","coordinates":[[[9.20694,45.48723],[9.20908,45.48834],[9.21142,45.48767],[9.21163,45.4859],[9.20948,45.4848],[9.20714,45.48546],[9.20694,45.48723]]]}},{"type":"Feature","properties":{"i":5747},"geometry":{"type":"Polygon","coordinates":[[[9.21142,45.48767],[9.21356,45.48877],[9.21591,45.48811],[9.21611,45.48633],[9.21397,45.48523],[9.21163,45.4859],[9.21142,45.48767]]]}},{"type":"Feature","properties":{"i":5748},"geometry":{"type":"Polygon","coordinates":[[[9.205,45.48436],[9.20714,45.48546],[9.20948,45.4848],[9.20969,45.48302],[9.20755,45.48192],[9.2052,45.48259],[9.205,45.48436]]]}},{"type":"Feature","properties":{"i":5749},"geometry":{"type":"Polygon","coordinates":[[[9.20338,45.50023],[9.20534,45.50124],[9.20746,45.50063],[9.20764,45.49903],[9.20568,45.49803],[9.20357,45.49863],[9.20338,45.50023]]]}},{"type":"Feature","properties":{"i":5750},"geometry":{"type":"Polygon","coordinates":[[[9.20765,45.50074],[9.20979,45.50184],[9.21214,45.50117],[9.21234,45.4994],[9.2102,45.4983],[9.20786,45.49896],[9.20765,45.50074]]]}},{"type":"Feature","properties":{"i":5751},"geometry":{"type":"Polygon","coordinates":[[[9.20123,45.49742],[9.20337,45.49853],[9.20571,45.49786],[9.20592,45.49609],[9.20378,45.49499],[9.20143,45.49565],[9.20123,45.49742]]]}},{"type":"Feature","properties":{"i":5752},"geometry":{"type":"Polygon","coordinates":[[[9.20583,45.49783],[9.20787,45.49888],[9.2101,45.49824],[9.21029,45.49656],[9.20825,45.49551],[9.20602,45.49614],[9.20583,45.49783]]]}},{"type":"Feature","properties":{"i":5753},"geometry":{"type":"Polygon","coordinates":[[[9.20078,45.50269],[9.20278,45.50372],[9.20496,45.5031],[9.20515,45.50145],[9.20314,45.50042],[9.20096,45.50104],[9.20078,45.50269]]]}},{"type":"Feature","properties":{"i":5754},"geometry":{"type":"Polygon","coordinates":[[[9.20535,45.50309],[9.20728,45.50409],[9.20936,45.50349],[9.20954,45.50192],[9.20762,45.50093],[9.20553,45.50152],[9.20535,45.50309]]]}},{"type":"Feature","properties":{"i":5755},"geometry":{"type":"Polygon","coordinates":[[[9.19888,45.4998],[9.20085,45.50081],[9.20298,45.50021],[9.20317,45.49859],[9.2012,45.49758],[9.19906,45.49819],[9.19888,45.4998]]]}},{"type":"Feature","properties":{"i":5756},"geometry":{"type":"Polygon","coordinates":[[[9.2155,45.49847],[9.21694,45.49921],[9.21843,45.49879],[9.21856,45.49766],[9.21713,45.49692],[9.21563,45.49734],[9.2155,45.49847]]]}},{"type":"Feature","properties":{"i":5757},"geometry":{"type":"Polygon","coordinates":[[[9.21918,45.49917],[9.22132,45.50027],[9.22366,45.4996],[9.22387,45.49783],[9.22172,45.49673],[9.21938,45.4974],[9.21918,45.49917]]]}},{"type":"Feature","properties":{"i":5758},"geometry":{"type":"Polygon","coordinates":[[[9.21275,45.49586],[9.21489,45.49696],[9.21724,45.49629],[9.21744,45.49452],[9.2153,45.49342],[9.21295,45.49409],[9.21275,45.49586]]]}},{"type":"Feature","properties":{"i":5759},"geometry":{"type":"Polygon","coordinates":[[[9.21724,45.49629],[9.21938,45.4974],[9.22172,45.49673],[9.22193,45.49496],[9.21979,45.49386],[9.21744,45.49452],[9.21724,45.49629]]]}},{"type":"Feature","properties":{"i":5760},"geometry":{"type":"Polygon","coordinates":[[[9.21249,45.50106],[9.21433,45.50201],[9.21631,45.50144],[9.21648,45.49995],[9.21464,45.499],[9.21266,45.49956],[9.21249,45.50106]]]}},{"type":"Feature","properties":{"i":5761},"geometry":{"type":"Polygon","coordinates":[[[9.21663,45.50161],[9.21877,45.50271],[9.22111,45.50204],[9.22132,45.50027],[9.21918,45.49917],[9.21683,45.49984],[9.21663,45.50161]]]}},{"type":"Feature","properties":{"i":5762},"geometry":{"type":"Polygon","coordinates":[[[9.21038,45.49824],[9.21237,45.49926],[9.21453,45.49865],[9.21471,45.49702],[9.21273,45.496],[9.21057,45.49661],[9.21038,45.49824]]]}},{"type":"Feature","properties":{"i":5763},"geometry":{"type":"Polygon","coordinates":[[[9.19483,45.4941],[9.19695,45.49519],[9.19926,45.49454],[9.19946,45.49279],[9.19735,45.4917],[9.19503,45.49236],[9.19483,45.4941]]]}},{"type":"Feature","properties":{"i":5764},"geometry":{"type":"Polygon","coordinates":[[[9.19934,45.49453],[9.20144,45.49561],[9.20373,45.49496],[9.20393,45.49323],[9.20183,45.49215],[9.19954,45.4928],[9.19934,45.49453]]]}},{"type":"Feature","properties":{"i":5765},"geometry":{"type":"Polygon","coordinates":[[[9.19305,45.49118],[9.19503,45.49221],[9.19719,45.49159],[9.19738,45.48996],[9.19539,45.48894],[9.19323,45.48955],[9.19305,45.49118]]]}},{"type":"Feature","properties":{"i":5766},"geometry":{"type":"Polygon","coordinates":[[[9.19762,45.49159],[9.19953,45.49258],[9.2016,45.49199],[9.20178,45.49043],[9.19986,45.48944],[9.1978,45.49003],[9.19762,45.49159]]]}},{"type":"Feature","properties":{"i":5767},"geometry":{"type":"Polygon","coordinates":[[[9.19257,45.49645],[9.19444,45.49742],[9.19646,45.49684],[9.19663,45.49532],[9.19476,45.49435],[9.19274,45.49493],[9.19257,45.49645]]]}},{"type":"Feature","properties":{"i":5768},"geometry":{"type":"Polygon","coordinates":[[[9.19697,45.49692],[9.19891,45.49792],[9.20102,45.49732],[9.2012,45.49573],[9.19926,45.49472],[9.19715,45.49532],[9.19697,45.49692]]]}},{"type":"Feature","properties":{"i":5769},"geometry":{"type":"Polygon","coordinates":[[[9.19042,45.49364],[9.19247,45.4947],[9.19471,45.49406],[9.1949,45.49238],[9.19285,45.49132],[9.19062,45.49195],[9.19042,45.49364]]]}},{"type":"Feature","properties":{"i":5770},"geometry":{"type":"Polygon","coordinates":[[[9.10056,45.46259],[9.10102,45.46283],[9.10132,45.46274],[9.10135,45.46251],[9.10089,45.46227],[9.10059,45.46236],[9.10056,45.46259]]]}},{"type":"Feature","properties":{"i":5771},"geometry":{"type":"Polygon","coordinates":[[[9.10348,45.46354],[9.10529,45.46447],[9.10723,45.46392],[9.1074,45.46245],[9.10559,45.46151],[9.10365,45.46206],[9.10348,45.46354]]]}},{"type":"Feature","properties":{"i":5772},"geometry":{"type":"Polygon","coordinates":[[[9.09675,45.46032],[9.09883,45.46139],[9.1011,45.46075],[9.1013,45.45903],[9.09922,45.45796],[9.09695,45.4586],[9.09675,45.46032]]]}},{"type":"Feature","properties":{"i":5773},"geometry":{"type":"Polygon","coordinates":[[[9.10125,45.46075],[9.10331,45.46182],[9.10557,45.46118],[9.10577,45.45948],[9.1037,45.45841],[9.10144,45.45905],[9.10125,45.46075]]]}},{"type":"Feature","properties":{"i":5774},"geometry":{"type":"Polygon","coordinates":[[[9.09756,45.46518],[9.09841,45.46561],[9.09919,45.46539],[9.09926,45.4648],[9.09841,45.46436],[9.09763,45.46458],[9.09756,45.46518]]]}},{"type":"Feature","properties":{"i":5775},"geometry":{"type":"Polygon","coordinates":[[[9.10279,45.46538],[9.10299,45.46548],[9.10299,45.46548],[9.10279,45.46538],[9.10279,45.46538]]]}},{"type":"Feature","properties":{"i":5776},"geometry":{"type":"Polygon","coordinates":[[[9.09434,45.46271],[9.0963,45.46372],[9.09842,45.46312],[9.09861,45.46151],[9.09665,45.4605],[9.09453,45.46111],[9.09434,45.46271]]]}},{"type":"Feature","properties":{"i":5777},"geometry":{"type":"Polygon","coordinates":[[[9.11013,45.46166],[9.11226,45.46277],[9.11461,45.4621],[9.11481,45.46033],[9.11268,45.45922],[9.11033,45.45989],[9.11013,45.46166]]]}},{"type":"Feature","properties":{"i":5778},"geometry":{"type":"Polygon","coordinates":[[[9.11487,45.46202],[9.11678,45.46301],[9.11886,45.46242],[9.11904,45.46085],[9.11712,45.45986],[9.11505,45.46045],[9.11487,45.46202]]]}},{"type":"Feature","properties":{"i":5779},"geometry":{"type":"Polygon","coordinates":[[[9.10836,45.45873],[9.11035,45.45976],[9.11253,45.45915],[9.11272,45.4575],[9.11072,45.45647],[9.10855,45.45709],[9.10836,45.45873]]]}},{"type":"Feature","properties":{"i":5780},"geometry":{"type":"Polygon","coordinates":[[[9.11276,45.4592],[9.11483,45.46026],[9.11708,45.45962],[9.11728,45.45792],[9.11521,45.45685],[9.11296,45.45749],[9.11276,45.4592]]]}},{"type":"Feature","properties":{"i":5781},"geometry":{"type":"Polygon","coordinates":[[[9.10765,45.46407],[9.10972,45.46515],[9.112,45.4645],[9.1122,45.46279],[9.11012,45.46171],[9.10785,45.46236],[9.10765,45.46407]]]}},{"type":"Feature","properties":{"i":5782},"geometry":{"type":"Polygon","coordinates":[[[9.11247,45.4644],[9.11425,45.46532],[9.11616,45.46478],[9.11633,45.46334],[9.11455,45.46242],[9.11264,45.46296],[9.11247,45.4644]]]}},{"type":"Feature","properties":{"i":5783},"geometry":{"type":"Polygon","coordinates":[[[9.10564,45.46122],[9.10778,45.46233],[9.11013,45.46166],[9.11033,45.45989],[9.10819,45.45878],[9.10585,45.45945],[9.10564,45.46122]]]}},{"type":"Feature","properties":{"i":5784},"geometry":{"type":"Polygon","coordinates":[[[9.09034,45.457],[9.09242,45.45807],[9.09468,45.45743],[9.09488,45.45572],[9.09281,45.45464],[9.09054,45.45529],[9.09034,45.457]]]}},{"type":"Feature","properties":{"i":5785},"geometry":{"type":"Polygon","coordinates":[[[9.09503,45.45738],[9.09693,45.45836],[9.09898,45.45777],[9.09916,45.45622],[9.09726,45.45524],[9.09521,45.45582],[9.09503,45.45738]]]}},{"type":"Feature","properties":{"i":5786},"geometry":{"type":"Polygon","coordinates":[[[9.08936,45.45382],[9.09061,45.45447],[9.09189,45.45411],[9.092,45.45314],[9.09075,45.45249],[9.08947,45.45285],[9.08936,45.45382]]]}},{"type":"Feature","properties":{"i":5787},"geometry":{"type":"Polygon","coordinates":[[[9.0931,45.4545],[9.09499,45.45548],[9.09704,45.4549],[9.09722,45.45335],[9.09533,45.45237],[9.09328,45.45295],[9.0931,45.4545]]]}},{"type":"Feature","properties":{"i":5788},"geometry":{"type":"Polygon","coordinates":[[[9.08772,45.45946],[9.08986,45.46057],[9.0922,45.4599],[9.09241,45.45813],[9.09027,45.45702],[9.08792,45.45769],[9.08772,45.45946]]]}},{"type":"Feature","properties":{"i":5789},"geometry":{"type":"Polygon","coordinates":[[[9.0922,45.4599],[9.09434,45.46101],[9.09668,45.46034],[9.09689,45.45857],[9.09475,45.45746],[9.09241,45.45813],[9.0922,45.4599]]]}},{"type":"Feature","properties":{"i":5790},"geometry":{"type":"Polygon","coordinates":[[[9.08586,45.45656],[9.08794,45.45763],[9.0902,45.45699],[9.0904,45.45528],[9.08833,45.45421],[9.08606,45.45485],[9.08586,45.45656]]]}},{"type":"Feature","properties":{"i":5791},"geometry":{"type":"Polygon","coordinates":[[[9.10205,45.45538],[9.10396,45.45637],[9.10602,45.45578],[9.1062,45.45422],[9.10429,45.45324],[9.10223,45.45382],[9.10205,45.45538]]]}},{"type":"Feature","properties":{"i":5792},"geometry":{"type":"Polygon","coordinates":[[[9.10656,45.45581],[9.10844,45.45678],[9.11047,45.45621],[9.11065,45.45467],[9.10877,45.4537],[9.10674,45.45428],[9.10656,45.45581]]]}},{"type":"Feature","properties":{"i":5793},"geometry":{"type":"Polygon","coordinates":[[[9.10064,45.45234],[9.10209,45.45309],[9.10361,45.45266],[9.10375,45.45151],[9.10229,45.45076],[9.10077,45.45119],[9.10064,45.45234]]]}},{"type":"Feature","properties":{"i":5794},"geometry":{"type":"Polygon","coordinates":[[[9.10589,45.45253],[9.10668,45.45294],[9.10739,45.45274],[9.10745,45.4522],[9.10666,45.45179],[9.10596,45.45199],[9.10589,45.45253]]]}},{"type":"Feature","properties":{"i":5795},"geometry":{"type":"Polygon","coordinates":[[[9.09923,45.4579],[9.10137,45.45901],[9.10371,45.45834],[9.10392,45.45657],[9.10178,45.45547],[9.09944,45.45613],[9.09923,45.4579]]]}},{"type":"Feature","properties":{"i":5796},"geometry":{"type":"Polygon","coordinates":[[[9.10371,45.45834],[9.10585,45.45945],[9.10819,45.45878],[9.1084,45.45701],[9.10626,45.45591],[9.10392,45.45657],[9.10371,45.45834]]]}},{"type":"Feature","properties":{"i":5797},"geometry":{"type":"Polygon","coordinates":[[[9.09752,45.45496],[9.09947,45.45596],[9.10158,45.45536],[9.10176,45.45377],[9.09982,45.45276],[9.09771,45.45336],[9.09752,45.45496]]]}},{"type":"Feature","properties":{"i":5798},"geometry":{"type":"Polygon","coordinates":[[[9.09769,45.47025],[9.09789,45.47035],[9.09789,45.47035],[9.09769,45.47025],[9.09769,45.47025]]]}},{"type":"Feature","properties":{"i":5799},"geometry":{"type":"Polygon","coordinates":[[[9.10061,45.47119],[9.10216,45.47199],[9.10379,45.47153],[9.10394,45.47029],[9.10238,45.46949],[9.10075,45.46995],[9.10061,45.47119]]]}},{"type":"Feature","properties":{"i":5800},"geometry":{"type":"Polygon","coordinates":[[[9.09437,45.46782],[9.09577,45.46854],[9.09722,45.46813],[9.09735,45.46703],[9.09595,45.46631],[9.0945,45.46672],[9.09437,45.46782]]]}},{"type":"Feature","properties":{"i":5801},"geometry":{"type":"Polygon","coordinates":[[[9.10024,45.46781],[9.10044,45.46792],[9.10044,45.46792],[9.10024,45.46781],[9.10024,45.46781]]]}},{"type":"Feature","properties":{"i":5802},"geometry":{"type":"Polygon","coordinates":[[[9.09505,45.47271],[9.09533,45.47286],[9.09542,45.47283],[9.09543,45.47276],[9.09515,45.47262],[9.09506,45.47264],[9.09505,45.47271]]]}},{"type":"Feature","properties":{"i":5803},"geometry":{"type":"Polygon","coordinates":[[[9.09916,45.47327],[9.09976,45.47358],[9.10024,45.47345],[9.10028,45.47308],[9.09968,45.47277],[9.09921,45.47291],[9.09916,45.47327]]]}},{"type":"Feature","properties":{"i":5804},"geometry":{"type":"Polygon","coordinates":[[[9.09117,45.47046],[9.09313,45.47147],[9.09526,45.47087],[9.09544,45.46926],[9.09348,45.46825],[9.09136,45.46885],[9.09117,45.47046]]]}},{"type":"Feature","properties":{"i":5805},"geometry":{"type":"Polygon","coordinates":[[[9.1074,45.46927],[9.10916,45.47018],[9.11105,45.46965],[9.11121,45.46822],[9.10945,45.46731],[9.10756,45.46784],[9.1074,45.46927]]]}},{"type":"Feature","properties":{"i":5806},"geometry":{"type":"Polygon","coordinates":[[[9.11261,45.46948],[9.11374,45.47006],[9.11487,45.46974],[9.11497,45.46889],[9.11383,45.4683],[9.11271,45.46862],[9.11261,45.46948]]]}},{"type":"Feature","properties":{"i":5807},"geometry":{"type":"Polygon","coordinates":[[[9.10675,45.46598],[9.1074,45.46632],[9.10794,45.46617],[9.10799,45.46575],[9.10734,45.46542],[9.1068,45.46557],[9.10675,45.46598]]]}},{"type":"Feature","properties":{"i":5808},"geometry":{"type":"Polygon","coordinates":[[[9.11098,45.46651],[9.11185,45.46696],[9.11266,45.46673],[9.11273,45.46611],[9.11186,45.46566],[9.11105,45.46589],[9.11098,45.46651]]]}},{"type":"Feature","properties":{"i":5809},"geometry":{"type":"Polygon","coordinates":[[[9.10443,45.47184],[9.10655,45.47294],[9.10887,45.47228],[9.10908,45.47052],[9.10696,45.46943],[9.10463,45.47009],[9.10443,45.47184]]]}},{"type":"Feature","properties":{"i":5810},"geometry":{"type":"Polygon","coordinates":[[[9.10889,45.47229],[9.11103,45.47339],[9.11338,45.47273],[9.11358,45.47096],[9.11144,45.46985],[9.1091,45.47052],[9.10889,45.47229]]]}},{"type":"Feature","properties":{"i":5811},"geometry":{"type":"Polygon","coordinates":[[[9.10327,45.46872],[9.10472,45.46947],[9.10624,45.46904],[9.10638,45.46789],[9.10492,45.46714],[9.1034,45.46757],[9.10327,45.46872]]]}},{"type":"Feature","properties":{"i":5812},"geometry":{"type":"Polygon","coordinates":[[[9.08733,45.4647],[9.08927,45.4657],[9.09137,45.46511],[9.09156,45.46352],[9.08962,45.46251],[9.08752,45.46311],[9.08733,45.4647]]]}},{"type":"Feature","properties":{"i":5813},"geometry":{"type":"Polygon","coordinates":[[[9.09177,45.46515],[9.09375,45.46618],[9.0959,45.46557],[9.09608,45.46394],[9.09411,45.46292],[9.09196,45.46353],[9.09177,45.46515]]]}},{"type":"Feature","properties":{"i":5814},"geometry":{"type":"Polygon","coordinates":[[[9.08521,45.46188],[9.08731,45.46297],[9.08962,45.46232],[9.08982,45.46058],[9.08771,45.45949],[9.08541,45.46014],[9.08521,45.46188]]]}},{"type":"Feature","properties":{"i":5815},"geometry":{"type":"Polygon","coordinates":[[[9.08965,45.46234],[9.09179,45.46344],[9.09413,45.46278],[9.09434,45.46101],[9.0922,45.4599],[9.08986,45.46057],[9.08965,45.46234]]]}},{"type":"Feature","properties":{"i":5816},"geometry":{"type":"Polygon","coordinates":[[[9.08462,45.46719],[9.0867,45.46827],[9.08897,45.46762],[9.08917,45.4659],[9.08709,45.46482],[9.08482,45.46547],[9.08462,45.46719]]]}},{"type":"Feature","properties":{"i":5817},"geometry":{"type":"Polygon","coordinates":[[[9.08903,45.46765],[9.09117,45.46876],[9.09351,45.46809],[9.09372,45.46632],[9.09158,45.46521],[9.08924,45.46588],[9.08903,45.46765]]]}},{"type":"Feature","properties":{"i":5818},"geometry":{"type":"Polygon","coordinates":[[[9.08315,45.46416],[9.08483,45.46503],[9.08662,45.46452],[9.08677,45.46317],[9.0851,45.4623],[9.08331,45.46281],[9.08315,45.46416]]]}},{"type":"Feature","properties":{"i":5819},"geometry":{"type":"Polygon","coordinates":[[[9.12999,45.46629],[9.13213,45.4674],[9.13447,45.46673],[9.13468,45.46496],[9.13254,45.46386],[9.13019,45.46452],[9.12999,45.46629]]]}},{"type":"Feature","properties":{"i":5820},"geometry":{"type":"Polygon","coordinates":[[[9.13447,45.46673],[9.13661,45.46784],[9.13896,45.46717],[9.13916,45.4654],[9.13702,45.46429],[9.13468,45.46496],[9.13447,45.46673]]]}},{"type":"Feature","properties":{"i":5821},"geometry":{"type":"Polygon","coordinates":[[[9.12807,45.46341],[9.1302,45.46451],[9.13253,45.46385],[9.13273,45.46209],[9.1306,45.46099],[9.12827,45.46165],[9.12807,45.46341]]]}},{"type":"Feature","properties":{"i":5822},"geometry":{"type":"Polygon","coordinates":[[[9.13254,45.46386],[9.13468,45.46496],[9.13702,45.46429],[9.13723,45.46252],[9.13509,45.46142],[9.13274,45.46208],[9.13254,45.46386]]]}},{"type":"Feature","properties":{"i":5823},"geometry":{"type":"Polygon","coordinates":[[[9.12744,45.46873],[9.12958,45.46984],[9.13192,45.46917],[9.13213,45.4674],[9.12999,45.46629],[9.12765,45.46696],[9.12744,45.46873]]]}},{"type":"Feature","properties":{"i":5824},"geometry":{"type":"Polygon","coordinates":[[[9.13192,45.46917],[9.13406,45.47027],[9.13641,45.46961],[9.13661,45.46784],[9.13447,45.46673],[9.13213,45.4674],[9.13192,45.46917]]]}},{"type":"Feature","properties":{"i":5825},"geometry":{"type":"Polygon","coordinates":[[[9.12568,45.4658],[9.12767,45.46683],[9.12983,45.46621],[9.13002,45.46458],[9.12803,45.46355],[9.12587,45.46417],[9.12568,45.4658]]]}},{"type":"Feature","properties":{"i":5826},"geometry":{"type":"Polygon","coordinates":[[[9.14162,45.4647],[9.14366,45.46575],[9.14588,45.46512],[9.14608,45.46344],[9.14404,45.46239],[9.14182,45.46302],[9.14162,45.4647]]]}},{"type":"Feature","properties":{"i":5827},"geometry":{"type":"Polygon","coordinates":[[[9.14599,45.46517],[9.14813,45.46628],[9.15047,45.46561],[9.15068,45.46384],[9.14854,45.46273],[9.14619,45.4634],[9.14599,45.46517]]]}},{"type":"Feature","properties":{"i":5828},"geometry":{"type":"Polygon","coordinates":[[[9.13957,45.46186],[9.14171,45.46296],[9.14405,45.4623],[9.14426,45.46052],[9.14212,45.45942],[9.13978,45.46009],[9.13957,45.46186]]]}},{"type":"Feature","properties":{"i":5829},"geometry":{"type":"Polygon","coordinates":[[[9.14438,45.46219],[9.14624,45.46315],[9.14824,45.46258],[9.14842,45.46107],[9.14656,45.4601],[9.14455,45.46068],[9.14438,45.46219]]]}},{"type":"Feature","properties":{"i":5830},"geometry":{"type":"Polygon","coordinates":[[[9.13896,45.46717],[9.14109,45.46828],[9.14344,45.46761],[9.14364,45.46584],[9.1415,45.46473],[9.13916,45.4654],[9.13896,45.46717]]]}},{"type":"Feature","properties":{"i":5831},"geometry":{"type":"Polygon","coordinates":[[[9.14344,45.46761],[9.14558,45.46871],[9.14792,45.46805],[9.14813,45.46628],[9.14599,45.46517],[9.14364,45.46584],[9.14344,45.46761]]]}},{"type":"Feature","properties":{"i":5832},"geometry":{"type":"Polygon","coordinates":[[[9.13702,45.46429],[9.13916,45.4654],[9.1415,45.46473],[9.14171,45.46296],[9.13957,45.46186],[9.13723,45.46252],[9.13702,45.46429]]]}},{"type":"Feature","properties":{"i":5833},"geometry":{"type":"Polygon","coordinates":[[[9.1228,45.45973],[9.12394,45.46032],[9.12507,45.46],[9.12516,45.45914],[9.12403,45.45856],[9.1229,45.45888],[9.1228,45.45973]]]}},{"type":"Feature","properties":{"i":5834},"geometry":{"type":"Polygon","coordinates":[[[9.12634,45.46047],[9.12829,45.46148],[9.1304,45.46088],[9.13059,45.45928],[9.12864,45.45827],[9.12653,45.45887],[9.12634,45.46047]]]}},{"type":"Feature","properties":{"i":5835},"geometry":{"type":"Polygon","coordinates":[[[9.11971,45.45723],[9.12185,45.45833],[9.12419,45.45766],[9.12439,45.45589],[9.12226,45.45479],[9.11991,45.45545],[9.11971,45.45723]]]}},{"type":"Feature","properties":{"i":5836},"geometry":{"type":"Polygon","coordinates":[[[9.1244,45.4576],[9.12636,45.45861],[9.12848,45.45801],[9.12867,45.4564],[9.12671,45.45539],[9.12459,45.45599],[9.1244,45.4576]]]}},{"type":"Feature","properties":{"i":5837},"geometry":{"type":"Polygon","coordinates":[[[9.11966,45.46236],[9.12131,45.46321],[9.12306,45.46271],[9.12321,45.46139],[9.12156,45.46054],[9.11981,45.46103],[9.11966,45.46236]]]}},{"type":"Feature","properties":{"i":5838},"geometry":{"type":"Polygon","coordinates":[[[9.12363,45.46296],[9.12572,45.46404],[9.12801,45.46339],[9.12821,45.46166],[9.12612,45.46058],[9.12383,45.46123],[9.12363,45.46296]]]}},{"type":"Feature","properties":{"i":5839},"geometry":{"type":"Polygon","coordinates":[[[9.11742,45.45958],[9.11933,45.46057],[9.1214,45.45998],[9.12158,45.45841],[9.11967,45.45743],[9.1176,45.45801],[9.11742,45.45958]]]}},{"type":"Feature","properties":{"i":5840},"geometry":{"type":"Polygon","coordinates":[[[9.13323,45.45852],[9.1353,45.45959],[9.13757,45.45895],[9.13777,45.45723],[9.13569,45.45616],[9.13343,45.45681],[9.13323,45.45852]]]}},{"type":"Feature","properties":{"i":5841},"geometry":{"type":"Polygon","coordinates":[[[9.13804,45.45885],[9.13983,45.45978],[9.14175,45.45923],[9.14192,45.45778],[9.14013,45.45685],[9.13821,45.4574],[9.13804,45.45885]]]}},{"type":"Feature","properties":{"i":5842},"geometry":{"type":"Polygon","coordinates":[[[9.13122,45.45567],[9.13336,45.45677],[9.1357,45.4561],[9.13591,45.45433],[9.13377,45.45323],[9.13143,45.45389],[9.13122,45.45567]]]}},{"type":"Feature","properties":{"i":5843},"geometry":{"type":"Polygon","coordinates":[[[9.1357,45.4561],[9.13784,45.45721],[9.14019,45.45654],[9.14039,45.45477],[9.13825,45.45367],[9.13591,45.45433],[9.1357,45.4561]]]}},{"type":"Feature","properties":{"i":5844},"geometry":{"type":"Polygon","coordinates":[[[9.1306,45.46098],[9.13274,45.46208],[9.13509,45.46142],[9.13529,45.45965],[9.13315,45.45854],[9.13081,45.45921],[9.1306,45.46098]]]}},{"type":"Feature","properties":{"i":5845},"geometry":{"type":"Polygon","coordinates":[[[9.13509,45.46142],[9.13723,45.46252],[9.13957,45.46186],[9.13978,45.46009],[9.13764,45.45898],[9.13529,45.45965],[9.13509,45.46142]]]}},{"type":"Feature","properties":{"i":5846},"geometry":{"type":"Polygon","coordinates":[[[9.12882,45.45806],[9.13083,45.4591],[9.13302,45.45847],[9.13321,45.45682],[9.1312,45.45578],[9.12901,45.4564],[9.12882,45.45806]]]}},{"type":"Feature","properties":{"i":5847},"geometry":{"type":"Polygon","coordinates":[[[9.12708,45.47396],[9.129,45.47495],[9.13108,45.47436],[9.13126,45.47279],[9.12934,45.4718],[9.12726,45.47239],[9.12708,45.47396]]]}},{"type":"Feature","properties":{"i":5848},"geometry":{"type":"Polygon","coordinates":[[[9.13131,45.47448],[9.13345,45.47559],[9.13579,45.47492],[9.136,45.47315],[9.13386,45.47205],[9.13151,45.47271],[9.13131,45.47448]]]}},{"type":"Feature","properties":{"i":5849},"geometry":{"type":"Polygon","coordinates":[[[9.12491,45.47116],[9.12703,45.47226],[9.12936,45.4716],[9.12956,45.46984],[9.12744,45.46874],[9.12511,45.4694],[9.12491,45.47116]]]}},{"type":"Feature","properties":{"i":5850},"geometry":{"type":"Polygon","coordinates":[[[9.12937,45.47161],[9.13151,45.47271],[9.13386,45.47205],[9.13406,45.47027],[9.13192,45.46917],[9.12958,45.46984],[9.12937,45.47161]]]}},{"type":"Feature","properties":{"i":5851},"geometry":{"type":"Polygon","coordinates":[[[9.12496,45.47626],[9.12651,45.47706],[9.12813,45.4766],[9.12828,45.47537],[9.12673,45.47457],[9.1251,45.47503],[9.12496,45.47626]]]}},{"type":"Feature","properties":{"i":5852},"geometry":{"type":"Polygon","coordinates":[[[9.12907,45.47682],[9.13094,45.47779],[9.13296,45.47721],[9.13314,45.47569],[9.13126,45.47472],[9.12924,45.47529],[9.12907,45.47682]]]}},{"type":"Feature","properties":{"i":5853},"geometry":{"type":"Polygon","coordinates":[[[9.12242,45.47358],[9.12449,45.47465],[9.12675,45.47401],[9.12695,45.4723],[9.12488,45.47123],[9.12262,45.47187],[9.12242,45.47358]]]}},{"type":"Feature","properties":{"i":5854},"geometry":{"type":"Polygon","coordinates":[[[9.13834,45.47248],[9.14048,45.47359],[9.14282,45.47292],[9.14303,45.47115],[9.14089,45.47005],[9.13855,45.47071],[9.13834,45.47248]]]}},{"type":"Feature","properties":{"i":5855},"geometry":{"type":"Polygon","coordinates":[[[9.14282,45.47292],[9.14496,45.47403],[9.14731,45.47336],[9.14751,45.47159],[9.14537,45.47049],[9.14303,45.47115],[9.14282,45.47292]]]}},{"type":"Feature","properties":{"i":5856},"geometry":{"type":"Polygon","coordinates":[[[9.13641,45.46961],[9.13855,45.47071],[9.14089,45.47005],[9.14109,45.46828],[9.13896,45.46717],[9.13661,45.46784],[9.13641,45.46961]]]}},{"type":"Feature","properties":{"i":5857},"geometry":{"type":"Polygon","coordinates":[[[9.14089,45.47005],[9.14303,45.47115],[9.14537,45.47049],[9.14558,45.46871],[9.14344,45.46761],[9.14109,45.46828],[9.14089,45.47005]]]}},{"type":"Feature","properties":{"i":5858},"geometry":{"type":"Polygon","coordinates":[[[9.13579,45.47492],[9.13793,45.47603],[9.14027,45.47536],[9.14048,45.47359],[9.13834,45.47248],[9.136,45.47315],[9.13579,45.47492]]]}},{"type":"Feature","properties":{"i":5859},"geometry":{"type":"Polygon","coordinates":[[[9.14027,45.47536],[9.14241,45.47647],[9.14476,45.4758],[9.14496,45.47403],[9.14282,45.47292],[9.14048,45.47359],[9.14027,45.47536]]]}},{"type":"Feature","properties":{"i":5860},"geometry":{"type":"Polygon","coordinates":[[[9.13386,45.47205],[9.136,45.47315],[9.13834,45.47248],[9.13855,45.47071],[9.13641,45.46961],[9.13406,45.47027],[9.13386,45.47205]]]}},{"type":"Feature","properties":{"i":5861},"geometry":{"type":"Polygon","coordinates":[[[9.11986,45.46741],[9.1208,45.46789],[9.12169,45.46764],[9.12177,45.46696],[9.12083,45.46648],[9.11994,45.46673],[9.11986,45.46741]]]}},{"type":"Feature","properties":{"i":5862},"geometry":{"type":"Polygon","coordinates":[[[9.12331,45.46818],[9.12514,45.46912],[9.12712,45.46856],[9.12729,45.46707],[9.12546,45.46613],[9.12349,45.46669],[9.12331,45.46818]]]}},{"type":"Feature","properties":{"i":5863},"geometry":{"type":"Polygon","coordinates":[[[9.11855,45.46433],[9.11896,45.46454],[9.1192,45.46448],[9.11922,45.46429],[9.11882,45.46408],[9.11857,45.46415],[9.11855,45.46433]]]}},{"type":"Feature","properties":{"i":5864},"geometry":{"type":"Polygon","coordinates":[[[9.12254,45.46493],[9.12337,45.46536],[9.12413,45.46515],[9.1242,45.46457],[9.12337,45.46414],[9.1226,45.46435],[9.12254,45.46493]]]}},{"type":"Feature","properties":{"i":5865},"geometry":{"type":"Polygon","coordinates":[[[9.11609,45.47024],[9.11809,45.47127],[9.12026,45.47065],[9.12045,45.46901],[9.11845,45.46798],[9.11628,45.46859],[9.11609,45.47024]]]}},{"type":"Feature","properties":{"i":5866},"geometry":{"type":"Polygon","coordinates":[[[9.12061,45.47066],[9.12257,45.47168],[9.12471,45.47107],[9.1249,45.46946],[9.12293,45.46844],[9.12079,45.46905],[9.12061,45.47066]]]}},{"type":"Feature","properties":{"i":5867},"geometry":{"type":"Polygon","coordinates":[[[9.11527,45.467],[9.11631,45.46754],[9.11731,45.46725],[9.1174,45.46649],[9.11637,45.46596],[9.11536,45.46624],[9.11527,45.467]]]}},{"type":"Feature","properties":{"i":5886},"geometry":{"type":"Polygon","coordinates":[[[9.07645,45.4386],[9.07664,45.43871],[9.07664,45.43871],[9.07645,45.4386],[9.07645,45.4386]]]}},{"type":"Feature","properties":{"i":5888},"geometry":{"type":"Polygon","coordinates":[[[9.07417,45.43584],[9.07467,45.43609],[9.07502,45.43599],[9.07506,45.43572],[9.07456,45.43546],[9.07421,45.43556],[9.07417,45.43584]]]}},{"type":"Feature","properties":{"i":5900},"geometry":{"type":"Polygon","coordinates":[[[9.07938,45.45327],[9.08151,45.45437],[9.08386,45.45371],[9.08406,45.45194],[9.08193,45.45083],[9.07958,45.45149],[9.07938,45.45327]]]}},{"type":"Feature","properties":{"i":5901},"geometry":{"type":"Polygon","coordinates":[[[9.0843,45.45357],[9.08605,45.45447],[9.08793,45.45394],[9.0881,45.45252],[9.08634,45.45161],[9.08447,45.45214],[9.0843,45.45357]]]}},{"type":"Feature","properties":{"i":5904},"geometry":{"type":"Polygon","coordinates":[[[9.09889,45.4494],[9.10019,45.45008],[9.10152,45.4497],[9.10164,45.44869],[9.10033,45.44802],[9.099,45.4484],[9.09889,45.4494]]]}},{"type":"Feature","properties":{"i":5908},"geometry":{"type":"Polygon","coordinates":[[[9.09571,45.45204],[9.09755,45.45299],[9.09953,45.45243],[9.09971,45.45093],[9.09787,45.44998],[9.09589,45.45054],[9.09571,45.45204]]]}},{"type":"Feature","properties":{"i":5910},"geometry":{"type":"Polygon","coordinates":[[[9.07583,45.44392],[9.07603,45.44402],[9.07603,45.44402],[9.07583,45.44392],[9.07583,45.44392]]]}},{"type":"Feature","properties":{"i":5912},"geometry":{"type":"Polygon","coordinates":[[[9.07338,45.44121],[9.07403,45.44155],[9.07457,45.44139],[9.07462,45.44098],[9.07397,45.44064],[9.07342,45.44079],[9.07338,45.44121]]]}},{"type":"Feature","properties":{"i":5914},"geometry":{"type":"Polygon","coordinates":[[[9.07239,45.44664],[9.07336,45.44714],[9.07428,45.44688],[9.07436,45.44617],[9.0734,45.44567],[9.07247,45.44594],[9.07239,45.44664]]]}},{"type":"Feature","properties":{"i":5916},"geometry":{"type":"Polygon","coordinates":[[[9.07086,45.44363],[9.07148,45.44396],[9.07199,45.44381],[9.07204,45.44342],[9.07141,45.4431],[9.0709,45.44324],[9.07086,45.44363]]]}},{"type":"Feature","properties":{"i":5917},"geometry":{"type":"Polygon","coordinates":[[[9.11804,45.44565],[9.11881,45.44605],[9.1195,45.44586],[9.11956,45.44533],[9.11879,45.44493],[9.1181,45.44513],[9.11804,45.44565]]]}},{"type":"Feature","properties":{"i":5918},"geometry":{"type":"Polygon","coordinates":[[[9.12146,45.44643],[9.12315,45.44731],[9.12495,45.44679],[9.12511,45.44543],[9.12342,45.44456],[9.12161,45.44507],[9.12146,45.44643]]]}},{"type":"Feature","properties":{"i":5919},"geometry":{"type":"Polygon","coordinates":[[[9.11491,45.44316],[9.11672,45.44409],[9.11866,45.44354],[9.11883,45.44207],[9.11702,45.44114],[9.11508,45.44169],[9.11491,45.44316]]]}},{"type":"Feature","properties":{"i":5920},"geometry":{"type":"Polygon","coordinates":[[[9.11973,45.44349],[9.12124,45.44427],[9.12283,45.44382],[9.12297,45.44262],[9.12146,45.44183],[9.11987,45.44229],[9.11973,45.44349]]]}},{"type":"Feature","properties":{"i":5921},"geometry":{"type":"Polygon","coordinates":[[[9.11615,45.44788],[9.11635,45.44798],[9.11635,45.44798],[9.11615,45.44788],[9.11615,45.44788]]]}},{"type":"Feature","properties":{"i":5922},"geometry":{"type":"Polygon","coordinates":[[[9.11989,45.44856],[9.12073,45.44899],[9.12151,45.44877],[9.12158,45.44818],[9.12073,45.44774],[9.11996,45.44796],[9.11989,45.44856]]]}},{"type":"Feature","properties":{"i":5923},"geometry":{"type":"Polygon","coordinates":[[[9.11262,45.44551],[9.1142,45.44634],[9.11588,45.44586],[9.11602,45.44459],[9.11444,45.44377],[9.11276,45.44425],[9.11262,45.44551]]]}},{"type":"Feature","properties":{"i":5924},"geometry":{"type":"Polygon","coordinates":[[[9.12806,45.44457],[9.13012,45.44564],[9.13237,45.445],[9.13257,45.44329],[9.13051,45.44223],[9.12826,45.44287],[9.12806,45.44457]]]}},{"type":"Feature","properties":{"i":5925},"geometry":{"type":"Polygon","coordinates":[[[9.13278,45.44493],[9.13463,45.44589],[9.13663,45.44532],[9.13681,45.44381],[9.13495,45.44285],[9.13296,45.44342],[9.13278,45.44493]]]}},{"type":"Feature","properties":{"i":5926},"geometry":{"type":"Polygon","coordinates":[[[9.12611,45.4417],[9.12819,45.44277],[9.13045,45.44212],[9.13065,45.44041],[9.12857,45.43934],[9.12631,45.43999],[9.12611,45.4417]]]}},{"type":"Feature","properties":{"i":5927},"geometry":{"type":"Polygon","coordinates":[[[9.13073,45.44209],[9.13268,45.44311],[9.13481,45.4425],[9.135,45.44089],[9.13304,45.43988],[9.13091,45.44049],[9.13073,45.44209]]]}},{"type":"Feature","properties":{"i":5928},"geometry":{"type":"Polygon","coordinates":[[[9.12542,45.44704],[9.12756,45.44814],[9.1299,45.44747],[9.13011,45.4457],[9.12797,45.4446],[9.12563,45.44526],[9.12542,45.44704]]]}},{"type":"Feature","properties":{"i":5929},"geometry":{"type":"Polygon","coordinates":[[[9.1299,45.44747],[9.13204,45.44858],[9.13438,45.44791],[9.13459,45.44614],[9.13245,45.44504],[9.13011,45.4457],[9.1299,45.44747]]]}},{"type":"Feature","properties":{"i":5930},"geometry":{"type":"Polygon","coordinates":[[[9.12357,45.44413],[9.12564,45.4452],[9.12789,45.44456],[9.12809,45.44285],[9.12602,45.44179],[9.12377,45.44243],[9.12357,45.44413]]]}},{"type":"Feature","properties":{"i":5938},"geometry":{"type":"Polygon","coordinates":[[[9.12007,45.43826],[9.12182,45.43917],[9.1237,45.43864],[9.12386,45.43721],[9.12211,45.43631],[9.12023,45.43684],[9.12007,45.43826]]]}},{"type":"Feature","properties":{"i":5939},"geometry":{"type":"Polygon","coordinates":[[[9.12445,45.43873],[9.12629,45.43968],[9.12827,45.43912],[9.12844,45.43762],[9.1266,45.43667],[9.12462,45.43723],[9.12445,45.43873]]]}},{"type":"Feature","properties":{"i":5941},"geometry":{"type":"Polygon","coordinates":[[[9.1228,45.43577],[9.12439,45.4366],[9.12609,45.43611],[9.12623,45.43483],[9.12463,45.43401],[9.12294,45.43449],[9.1228,45.43577]]]}},{"type":"Feature","properties":{"i":5942},"geometry":{"type":"Polygon","coordinates":[[[9.11723,45.44079],[9.11923,45.44183],[9.12141,45.44121],[9.12161,45.43956],[9.1196,45.43852],[9.11742,45.43914],[9.11723,45.44079]]]}},{"type":"Feature","properties":{"i":5943},"geometry":{"type":"Polygon","coordinates":[[[9.12208,45.44111],[9.12377,45.44198],[9.12556,45.44147],[9.12571,45.44012],[9.12403,45.43925],[9.12224,45.43976],[9.12208,45.44111]]]}},{"type":"Feature","properties":{"i":5945},"geometry":{"type":"Polygon","coordinates":[[[9.11404,45.45367],[9.11553,45.45445],[9.1171,45.454],[9.11724,45.45281],[9.11574,45.45204],[9.11417,45.45249],[9.11404,45.45367]]]}},{"type":"Feature","properties":{"i":5946},"geometry":{"type":"Polygon","coordinates":[[[9.11794,45.4543],[9.11994,45.45533],[9.1221,45.45471],[9.1223,45.45307],[9.1203,45.45204],[9.11813,45.45266],[9.11794,45.4543]]]}},{"type":"Feature","properties":{"i":5947},"geometry":{"type":"Polygon","coordinates":[[[9.11361,45.45032],[9.1138,45.45042],[9.1138,45.45042],[9.11361,45.45032],[9.11361,45.45032]]]}},{"type":"Feature","properties":{"i":5948},"geometry":{"type":"Polygon","coordinates":[[[9.11759,45.45091],[9.11822,45.45124],[9.11873,45.45109],[9.11878,45.4507],[9.11815,45.45038],[9.11764,45.45052],[9.11759,45.45091]]]}},{"type":"Feature","properties":{"i":5949},"geometry":{"type":"Polygon","coordinates":[[[9.11101,45.45626],[9.11292,45.45725],[9.11499,45.45666],[9.11517,45.4551],[9.11326,45.45411],[9.11119,45.4547],[9.11101,45.45626]]]}},{"type":"Feature","properties":{"i":5950},"geometry":{"type":"Polygon","coordinates":[[[9.11523,45.45679],[9.11736,45.45789],[9.11971,45.45723],[9.11991,45.45545],[9.11777,45.45435],[9.11543,45.45501],[9.11523,45.45679]]]}},{"type":"Feature","properties":{"i":5951},"geometry":{"type":"Polygon","coordinates":[[[9.11076,45.45285],[9.11122,45.45308],[9.11152,45.453],[9.11155,45.45276],[9.11109,45.45253],[9.11079,45.45261],[9.11076,45.45285]]]}},{"type":"Feature","properties":{"i":5952},"geometry":{"type":"Polygon","coordinates":[[[9.12481,45.45235],[9.12694,45.45346],[9.12929,45.45279],[9.12949,45.45102],[9.12735,45.44991],[9.12501,45.45058],[9.12481,45.45235]]]}},{"type":"Feature","properties":{"i":5953},"geometry":{"type":"Polygon","coordinates":[[[9.12955,45.4527],[9.13146,45.45369],[9.13353,45.4531],[9.13371,45.45154],[9.1318,45.45055],[9.12973,45.45114],[9.12955,45.4527]]]}},{"type":"Feature","properties":{"i":5954},"geometry":{"type":"Polygon","coordinates":[[[9.12304,45.44942],[9.12503,45.45045],[9.12721,45.44984],[9.1274,45.44819],[9.1254,45.44716],[9.12323,45.44778],[9.12304,45.44942]]]}},{"type":"Feature","properties":{"i":5955},"geometry":{"type":"Polygon","coordinates":[[[9.12756,45.44985],[9.12952,45.45086],[9.13165,45.45026],[9.13184,45.44865],[9.12987,45.44763],[9.12774,45.44824],[9.12756,45.44985]]]}},{"type":"Feature","properties":{"i":5956},"geometry":{"type":"Polygon","coordinates":[[[9.12226,45.45479],[9.12439,45.45589],[9.12674,45.45523],[9.12694,45.45346],[9.12481,45.45235],[9.12246,45.45302],[9.12226,45.45479]]]}},{"type":"Feature","properties":{"i":5957},"geometry":{"type":"Polygon","coordinates":[[[9.12689,45.45518],[9.1289,45.45622],[9.13108,45.4556],[9.13127,45.45394],[9.12927,45.4529],[9.12708,45.45353],[9.12689,45.45518]]]}},{"type":"Feature","properties":{"i":5958},"geometry":{"type":"Polygon","coordinates":[[[9.12085,45.45174],[9.12253,45.45261],[9.12432,45.4521],[9.12448,45.45075],[9.1228,45.44988],[9.12101,45.45039],[9.12085,45.45174]]]}},{"type":"Feature","properties":{"i":5960},"geometry":{"type":"Polygon","coordinates":[[[9.11068,45.44776],[9.11174,45.44831],[9.11278,45.44801],[9.11287,45.44722],[9.11181,45.44667],[9.11077,45.44697],[9.11068,45.44776]]]}},{"type":"Feature","properties":{"i":5963},"geometry":{"type":"Polygon","coordinates":[[[9.10394,45.44966],[9.10475,45.45008],[9.10547,45.44987],[9.10554,45.44932],[9.10473,45.4489],[9.10401,45.44911],[9.10394,45.44966]]]}},{"type":"Feature","properties":{"i":5966},"geometry":{"type":"Polygon","coordinates":[[[9.08218,45.47982],[9.0831,45.48029],[9.08396,45.48005],[9.08404,45.47939],[9.08312,45.47892],[9.08225,45.47916],[9.08218,45.47982]]]}},{"type":"Feature","properties":{"i":5967},"geometry":{"type":"Polygon","coordinates":[[[9.08553,45.48062],[9.08742,45.48159],[9.08947,45.48102],[9.08964,45.47947],[9.08776,45.4785],[9.08571,45.47907],[9.08553,45.48062]]]}},{"type":"Feature","properties":{"i":5968},"geometry":{"type":"Polygon","coordinates":[[[9.08023,45.47695],[9.08116,45.47743],[9.08204,45.47718],[9.08212,45.47651],[9.08119,45.47603],[9.08031,45.47628],[9.08023,45.47695]]]}},{"type":"Feature","properties":{"i":5969},"geometry":{"type":"Polygon","coordinates":[[[9.08361,45.47774],[9.08549,45.47871],[9.08753,45.47814],[9.08771,45.4766],[9.08582,45.47562],[9.08379,45.4762],[9.08361,45.47774]]]}},{"type":"Feature","properties":{"i":5970},"geometry":{"type":"Polygon","coordinates":[[[9.08046,45.48199],[9.08066,45.48209],[9.08066,45.48209],[9.08046,45.48199],[9.08046,45.48199]]]}},{"type":"Feature","properties":{"i":5971},"geometry":{"type":"Polygon","coordinates":[[[9.08477,45.48248],[9.08512,45.48266],[9.08529,45.48261],[9.08531,45.48248],[9.08496,45.4823],[9.08479,45.48235],[9.08477,45.48248]]]}},{"type":"Feature","properties":{"i":5972},"geometry":{"type":"Polygon","coordinates":[[[9.07853,45.47911],[9.07872,45.47921],[9.07872,45.47921],[9.07853,45.47911],[9.07853,45.47911]]]}},{"type":"Feature","properties":{"i":5973},"geometry":{"type":"Polygon","coordinates":[[[9.09295,45.4785],[9.09451,45.47931],[9.09615,45.47884],[9.09629,45.4776],[9.09474,45.47679],[9.09309,45.47726],[9.09295,45.4785]]]}},{"type":"Feature","properties":{"i":5974},"geometry":{"type":"Polygon","coordinates":[[[9.09775,45.47884],[9.09903,45.47951],[9.10035,45.47913],[9.10046,45.47814],[9.09917,45.47747],[9.09786,45.47785],[9.09775,45.47884]]]}},{"type":"Feature","properties":{"i":5975},"geometry":{"type":"Polygon","coordinates":[[[9.09056,45.47577],[9.09251,45.47678],[9.09463,45.47618],[9.09482,45.47458],[9.09287,45.47357],[9.09075,45.47417],[9.09056,45.47577]]]}},{"type":"Feature","properties":{"i":5976},"geometry":{"type":"Polygon","coordinates":[[[9.09614,45.47586],[9.09715,45.47638],[9.09811,45.4761],[9.0982,45.47537],[9.0972,45.47485],[9.09623,45.47512],[9.09614,45.47586]]]}},{"type":"Feature","properties":{"i":5977},"geometry":{"type":"Polygon","coordinates":[[[9.09058,45.48088],[9.09198,45.48161],[9.09344,45.48119],[9.09357,45.48009],[9.09216,45.47936],[9.09071,45.47978],[9.09058,45.48088]]]}},{"type":"Feature","properties":{"i":5978},"geometry":{"type":"Polygon","coordinates":[[[9.09591,45.48105],[9.09658,45.4814],[9.09715,45.48124],[9.0972,45.4808],[9.09653,45.48045],[9.09596,45.48061],[9.09591,45.48105]]]}},{"type":"Feature","properties":{"i":5979},"geometry":{"type":"Polygon","coordinates":[[[9.08784,45.47826],[9.08994,45.47935],[9.09224,45.47869],[9.09244,45.47696],[9.09034,45.47587],[9.08804,45.47652],[9.08784,45.47826]]]}},{"type":"Feature","properties":{"i":5981},"geometry":{"type":"Polygon","coordinates":[[[9.0788,45.47391],[9.0793,45.47417],[9.07965,45.47407],[9.07969,45.47379],[9.07919,45.47354],[9.07883,45.47364],[9.0788,45.47391]]]}},{"type":"Feature","properties":{"i":5983},"geometry":{"type":"Polygon","coordinates":[[[9.07713,45.47095],[9.0774,45.47109],[9.07749,45.47107],[9.0775,45.471],[9.07722,45.47086],[9.07714,45.47088],[9.07713,45.47095]]]}},{"type":"Feature","properties":{"i":5985},"geometry":{"type":"Polygon","coordinates":[[[9.07621,45.47636],[9.07674,45.47664],[9.07714,45.47652],[9.07718,45.47621],[9.07664,45.47594],[9.07624,45.47605],[9.07621,45.47636]]]}},{"type":"Feature","properties":{"i":5987},"geometry":{"type":"Polygon","coordinates":[[[9.08618,45.47181],[9.08637,45.47191],[9.08637,45.47191],[9.08618,45.47181],[9.08618,45.47181]]]}},{"type":"Feature","properties":{"i":5988},"geometry":{"type":"Polygon","coordinates":[[[9.08908,45.47275],[9.09064,45.47356],[9.09229,45.47309],[9.09244,45.47184],[9.09087,45.47103],[9.08922,45.4715],[9.08908,45.47275]]]}},{"type":"Feature","properties":{"i":5989},"geometry":{"type":"Polygon","coordinates":[[[9.08259,45.46946],[9.08422,45.4703],[9.08595,45.46981],[9.0861,45.4685],[9.08447,45.46766],[9.08274,45.46815],[9.08259,45.46946]]]}},{"type":"Feature","properties":{"i":5990},"geometry":{"type":"Polygon","coordinates":[[[9.08677,45.47],[9.08866,45.47097],[9.09071,45.47039],[9.09089,45.46885],[9.08899,45.46787],[9.08695,45.46845],[9.08677,45.47]]]}},{"type":"Feature","properties":{"i":5991},"geometry":{"type":"Polygon","coordinates":[[[9.08243,45.47462],[9.08366,45.47526],[9.08491,45.47491],[9.08502,45.47396],[9.08379,45.47332],[9.08254,45.47368],[9.08243,45.47462]]]}},{"type":"Feature","properties":{"i":5992},"geometry":{"type":"Polygon","coordinates":[[[9.08621,45.47529],[9.08805,45.47624],[9.09003,45.47568],[9.09021,45.47418],[9.08837,45.47322],[9.08638,45.47379],[9.08621,45.47529]]]}},{"type":"Feature","properties":{"i":5993},"geometry":{"type":"Polygon","coordinates":[[[9.0817,45.47136],[9.08189,45.47147],[9.08189,45.47147],[9.0817,45.47136],[9.0817,45.47136]]]}},{"type":"Feature","properties":{"i":5994},"geometry":{"type":"Polygon","coordinates":[[[9.07883,45.48762],[9.0799,45.48817],[9.08095,45.48788],[9.08104,45.48708],[9.07997,45.48653],[9.07893,45.48683],[9.07883,45.48762]]]}},{"type":"Feature","properties":{"i":5995},"geometry":{"type":"Polygon","coordinates":[[[9.08432,45.48774],[9.08452,45.48784],[9.08452,45.48784],[9.08432,45.48774],[9.08432,45.48774]]]}},{"type":"Feature","properties":{"i":5996},"geometry":{"type":"Polygon","coordinates":[[[9.07683,45.48477],[9.07796,45.48536],[9.07909,45.48504],[9.07919,45.48418],[9.07805,45.48359],[9.07692,45.48391],[9.07683,45.48477]]]}},{"type":"Feature","properties":{"i":5997},"geometry":{"type":"Polygon","coordinates":[[[9.08181,45.48505],[9.08251,45.48541],[9.08311,45.48524],[9.08316,45.48478],[9.08246,45.48442],[9.08187,45.48459],[9.08181,45.48505]]]}},{"type":"Feature","properties":{"i":5998},"geometry":{"type":"Polygon","coordinates":[[[9.07674,45.48991],[9.07741,45.49026],[9.07799,45.4901],[9.07804,45.48966],[9.07736,45.48931],[9.07679,45.48947],[9.07674,45.48991]]]}},{"type":"Feature","properties":{"i":5999},"geometry":{"type":"Polygon","coordinates":[[[9.08143,45.49029],[9.08193,45.49054],[9.08228,45.49044],[9.08231,45.49017],[9.08181,45.48991],[9.08146,45.49001],[9.08143,45.49029]]]}},{"type":"Feature","properties":{"i":6000},"geometry":{"type":"Polygon","coordinates":[[[9.07414,45.48725],[9.07539,45.4879],[9.07666,45.48754],[9.07678,45.48657],[9.07552,45.48592],[9.07425,45.48628],[9.07414,45.48725]]]}},{"type":"Feature","properties":{"i":6001},"geometry":{"type":"Polygon","coordinates":[[[9.09135,45.48575],[9.09155,45.48585],[9.09155,45.48585],[9.09135,45.48575],[9.09135,45.48575]]]}},{"type":"Feature","properties":{"i":6002},"geometry":{"type":"Polygon","coordinates":[[[9.09584,45.48619],[9.09604,45.48629],[9.09604,45.48629],[9.09584,45.48619],[9.09584,45.48619]]]}},{"type":"Feature","properties":{"i":6003},"geometry":{"type":"Polygon","coordinates":[[[9.08834,45.48322],[9.08948,45.4838],[9.0906,45.48348],[9.0907,45.48263],[9.08957,45.48204],[9.08844,45.48236],[9.08834,45.48322]]]}},{"type":"Feature","properties":{"i":6004},"geometry":{"type":"Polygon","coordinates":[[[9.09348,45.48345],[9.09405,45.48374],[9.09449,45.48362],[9.09453,45.48328],[9.09396,45.48298],[9.09352,45.48311],[9.09348,45.48345]]]}},{"type":"Feature","properties":{"i":6005},"geometry":{"type":"Polygon","coordinates":[[[9.0888,45.48818],[9.089,45.48828],[9.089,45.48828],[9.0888,45.48818],[9.0888,45.48818]]]}},{"type":"Feature","properties":{"i":6006},"geometry":{"type":"Polygon","coordinates":[[[9.09329,45.48862],[9.09348,45.48872],[9.09348,45.48872],[9.09329,45.48862],[9.09329,45.48862]]]}},{"type":"Feature","properties":{"i":6007},"geometry":{"type":"Polygon","coordinates":[[[9.08687,45.48531],[9.08707,45.48541],[9.08707,45.48541],[9.08687,45.48531],[9.08687,45.48531]]]}},{"type":"Feature","properties":{"i":6008},"geometry":{"type":"Polygon","coordinates":[[[9.07149,45.48111],[9.07169,45.48121],[9.07169,45.48121],[9.07149,45.48111],[9.07149,45.48111]]]}},{"type":"Feature","properties":{"i":6009},"geometry":{"type":"Polygon","coordinates":[[[9.07598,45.48155],[9.07617,45.48165],[9.07617,45.48165],[9.07598,45.48155],[9.07598,45.48155]]]}},{"type":"Feature","properties":{"i":6010},"geometry":{"type":"Polygon","coordinates":[[[9.07375,45.47877],[9.07421,45.479],[9.07451,45.47891],[9.07454,45.47868],[9.07408,45.47844],[9.07378,45.47853],[9.07375,45.47877]]]}},{"type":"Feature","properties":{"i":6011},"geometry":{"type":"Polygon","coordinates":[[[9.06894,45.48354],[9.06914,45.48364],[9.06914,45.48364],[9.06894,45.48354],[9.06894,45.48354]]]}},{"type":"Feature","properties":{"i":6012},"geometry":{"type":"Polygon","coordinates":[[[9.07266,45.48423],[9.07352,45.48467],[9.07432,45.48445],[9.07439,45.48384],[9.07353,45.4834],[9.07273,45.48362],[9.07266,45.48423]]]}},{"type":"Feature","properties":{"i":6013},"geometry":{"type":"Polygon","coordinates":[[[9.11262,45.4832],[9.11435,45.48409],[9.11619,45.48357],[9.11635,45.48217],[9.11463,45.48128],[9.11278,45.4818],[9.11262,45.4832]]]}},{"type":"Feature","properties":{"i":6014},"geometry":{"type":"Polygon","coordinates":[[[9.1172,45.48361],[9.11884,45.48446],[9.12059,45.48396],[9.12074,45.48264],[9.1191,45.48179],[9.11735,45.48229],[9.1172,45.48361]]]}},{"type":"Feature","properties":{"i":6015},"geometry":{"type":"Polygon","coordinates":[[[9.11222,45.47983],[9.11262,45.48004],[9.11287,45.47997],[9.11289,45.47979],[9.11248,45.47958],[9.11224,45.47964],[9.11222,45.47983]]]}},{"type":"Feature","properties":{"i":6016},"geometry":{"type":"Polygon","coordinates":[[[9.11493,45.48084],[9.11686,45.48183],[9.11895,45.48124],[9.11914,45.47966],[9.11721,45.47866],[9.11512,45.47926],[9.11493,45.48084]]]}},{"type":"Feature","properties":{"i":6017},"geometry":{"type":"Polygon","coordinates":[[[9.1116,45.48515],[9.11201,45.48536],[9.11225,45.48529],[9.11227,45.4851],[9.11187,45.48489],[9.11162,45.48496],[9.1116,45.48515]]]}},{"type":"Feature","properties":{"i":6018},"geometry":{"type":"Polygon","coordinates":[[[9.11476,45.48601],[9.11631,45.48681],[9.11794,45.48635],[9.11808,45.48511],[9.11653,45.48431],[9.1149,45.48477],[9.11476,45.48601]]]}},{"type":"Feature","properties":{"i":6019},"geometry":{"type":"Polygon","coordinates":[[[9.1099,45.48219],[9.1101,45.4823],[9.1101,45.4823],[9.1099,45.48219],[9.1099,45.48219]]]}},{"type":"Feature","properties":{"i":6020},"geometry":{"type":"Polygon","coordinates":[[[9.12514,45.48132],[9.126,45.48177],[9.1268,45.48154],[9.12687,45.48093],[9.126,45.48049],[9.12521,45.48072],[9.12514,45.48132]]]}},{"type":"Feature","properties":{"i":6021},"geometry":{"type":"Polygon","coordinates":[[[9.12972,45.48173],[9.1305,45.48213],[9.13119,45.48193],[9.13125,45.48141],[9.13047,45.48101],[9.12979,45.4812],[9.12972,45.48173]]]}},{"type":"Feature","properties":{"i":6022},"geometry":{"type":"Polygon","coordinates":[[[9.12306,45.47849],[9.12405,45.479],[9.12499,45.47873],[9.12508,45.47801],[9.12409,45.4775],[9.12314,45.47777],[9.12306,45.47849]]]}},{"type":"Feature","properties":{"i":6023},"geometry":{"type":"Polygon","coordinates":[[[9.12729,45.47901],[9.1285,45.47964],[9.12971,45.47929],[9.12982,45.47837],[9.12861,45.47775],[9.12739,45.47809],[9.12729,45.47901]]]}},{"type":"Feature","properties":{"i":6024},"geometry":{"type":"Polygon","coordinates":[[[9.12245,45.4838],[9.12343,45.48431],[9.12437,45.48404],[9.12445,45.48333],[9.12347,45.48282],[9.12254,45.48309],[9.12245,45.4838]]]}},{"type":"Feature","properties":{"i":6025},"geometry":{"type":"Polygon","coordinates":[[[9.12651,45.48438],[9.12786,45.48508],[9.12925,45.48468],[9.12937,45.48363],[9.12802,45.48293],[9.12663,45.48333],[9.12651,45.48438]]]}},{"type":"Feature","properties":{"i":6026},"geometry":{"type":"Polygon","coordinates":[[[9.12004,45.48108],[9.12143,45.4818],[9.12287,45.48139],[9.123,45.4803],[9.12161,45.47958],[9.12017,45.47999],[9.12004,45.48108]]]}},{"type":"Feature","properties":{"i":6027},"geometry":{"type":"Polygon","coordinates":[[[9.10416,45.47704],[9.10598,45.47798],[9.10794,45.47743],[9.10811,45.47595],[9.10629,45.475],[9.10433,45.47556],[9.10416,45.47704]]]}},{"type":"Feature","properties":{"i":6028},"geometry":{"type":"Polygon","coordinates":[[[9.10874,45.47745],[9.11048,45.47835],[9.11233,45.47782],[9.1125,45.47642],[9.11076,45.47552],[9.10891,45.47605],[9.10874,45.47745]]]}},{"type":"Feature","properties":{"i":6029},"geometry":{"type":"Polygon","coordinates":[[[9.10205,45.47422],[9.10402,45.47525],[9.10617,45.47464],[9.10636,45.47301],[9.10438,45.47199],[9.10224,45.4726],[9.10205,45.47422]]]}},{"type":"Feature","properties":{"i":6030},"geometry":{"type":"Polygon","coordinates":[[[9.10639,45.47471],[9.10849,45.47579],[9.11078,45.47514],[9.11098,45.47341],[9.10889,45.47232],[9.10659,45.47297],[9.10639,45.47471]]]}},{"type":"Feature","properties":{"i":6031},"geometry":{"type":"Polygon","coordinates":[[[9.1024,45.47923],[9.10354,45.47982],[9.10467,45.47949],[9.10477,45.47863],[9.10363,45.47804],[9.1025,45.47837],[9.1024,45.47923]]]}},{"type":"Feature","properties":{"i":6032},"geometry":{"type":"Polygon","coordinates":[[[9.10724,45.47955],[9.10807,45.47998],[9.10883,45.47977],[9.1089,45.47919],[9.10807,45.47876],[9.1073,45.47897],[9.10724,45.47955]]]}},{"type":"Feature","properties":{"i":6033},"geometry":{"type":"Polygon","coordinates":[[[9.10117,45.47613],[9.1017,45.4764],[9.1021,45.47629],[9.10214,45.47598],[9.1016,45.4757],[9.1012,45.47582],[9.10117,45.47613]]]}},{"type":"Feature","properties":{"i":6034},"geometry":{"type":"Polygon","coordinates":[[[9.11536,45.47559],[9.11745,45.47667],[9.11975,45.47602],[9.11995,45.47429],[9.11785,45.4732],[9.11556,45.47385],[9.11536,45.47559]]]}},{"type":"Feature","properties":{"i":6035},"geometry":{"type":"Polygon","coordinates":[[[9.11997,45.47598],[9.12195,45.47701],[9.12411,45.4764],[9.1243,45.47477],[9.12232,45.47374],[9.12016,45.47435],[9.11997,45.47598]]]}},{"type":"Feature","properties":{"i":6036},"geometry":{"type":"Polygon","coordinates":[[[9.11365,45.47264],[9.11555,45.47362],[9.11761,45.47304],[9.11779,45.47148],[9.11589,45.4705],[9.11383,45.47108],[9.11365,45.47264]]]}},{"type":"Feature","properties":{"i":6037},"geometry":{"type":"Polygon","coordinates":[[[9.11798,45.47313],[9.12001,45.47418],[9.12223,45.47355],[9.12242,45.47187],[9.12039,45.47082],[9.11817,45.47145],[9.11798,45.47313]]]}},{"type":"Feature","properties":{"i":6038},"geometry":{"type":"Polygon","coordinates":[[[9.11317,45.47791],[9.11495,45.47883],[9.11687,45.47828],[9.11703,45.47684],[9.11525,45.47592],[9.11334,45.47646],[9.11317,45.47791]]]}},{"type":"Feature","properties":{"i":6039},"geometry":{"type":"Polygon","coordinates":[[[9.11906,45.4779],[9.11963,45.47819],[9.12007,45.47807],[9.12011,45.47773],[9.11954,45.47743],[9.1191,45.47756],[9.11906,45.4779]]]}},{"type":"Feature","properties":{"i":6040},"geometry":{"type":"Polygon","coordinates":[[[9.1109,45.47514],[9.11297,45.47621],[9.11524,45.47557],[9.11544,45.47386],[9.11336,45.47279],[9.1111,45.47343],[9.1109,45.47514]]]}},{"type":"Feature","properties":{"i":6041},"geometry":{"type":"Polygon","coordinates":[[[9.10962,45.49089],[9.1112,45.49171],[9.11287,45.49124],[9.11302,45.48997],[9.11144,45.48916],[9.10977,45.48963],[9.10962,45.49089]]]}},{"type":"Feature","properties":{"i":6042},"geometry":{"type":"Polygon","coordinates":[[[9.11371,45.49146],[9.11563,45.49245],[9.11772,45.49186],[9.1179,45.49029],[9.11597,45.48929],[9.11389,45.48988],[9.11371,45.49146]]]}},{"type":"Feature","properties":{"i":6043},"geometry":{"type":"Polygon","coordinates":[[[9.10929,45.48751],[9.10948,45.48761],[9.10948,45.48761],[9.10929,45.48751],[9.10929,45.48751]]]}},{"type":"Feature","properties":{"i":6044},"geometry":{"type":"Polygon","coordinates":[[[9.1136,45.488],[9.11395,45.48818],[9.11412,45.48813],[9.11414,45.48799],[9.11379,45.48782],[9.11362,45.48786],[9.1136,45.488]]]}},{"type":"Feature","properties":{"i":6045},"geometry":{"type":"Polygon","coordinates":[[[9.10653,45.4935],[9.10858,45.49456],[9.11081,45.49393],[9.11101,45.49224],[9.10896,45.49118],[9.10672,45.49181],[9.10653,45.4935]]]}},{"type":"Feature","properties":{"i":6046},"geometry":{"type":"Polygon","coordinates":[[[9.11092,45.49397],[9.11305,45.49507],[9.11538,45.49441],[9.11559,45.49265],[9.11346,45.49155],[9.11112,45.49221],[9.11092,45.49397]]]}},{"type":"Feature","properties":{"i":6047},"geometry":{"type":"Polygon","coordinates":[[[9.10551,45.49034],[9.10677,45.49099],[9.10805,45.49062],[9.10816,45.48965],[9.1069,45.489],[9.10562,45.48936],[9.10551,45.49034]]]}},{"type":"Feature","properties":{"i":6048},"geometry":{"type":"Polygon","coordinates":[[[9.12087,45.48942],[9.12268,45.49036],[9.12463,45.4898],[9.1248,45.48833],[9.12299,45.4874],[9.12104,45.48795],[9.12087,45.48942]]]}},{"type":"Feature","properties":{"i":6049},"geometry":{"type":"Polygon","coordinates":[[[9.12581,45.48972],[9.12723,45.49045],[9.1287,45.49003],[9.12883,45.48892],[9.12741,45.48818],[9.12594,45.4886],[9.12581,45.48972]]]}},{"type":"Feature","properties":{"i":6050},"geometry":{"type":"Polygon","coordinates":[[[9.11901,45.48652],[9.12076,45.48743],[9.12264,45.4869],[9.1228,45.48548],[9.12105,45.48457],[9.11917,45.48511],[9.11901,45.48652]]]}},{"type":"Feature","properties":{"i":6051},"geometry":{"type":"Polygon","coordinates":[[[9.12349,45.48696],[9.12524,45.48787],[9.12712,45.48734],[9.12729,45.48592],[9.12553,45.48501],[9.12365,45.48554],[9.12349,45.48696]]]}},{"type":"Feature","properties":{"i":6052},"geometry":{"type":"Polygon","coordinates":[[[9.11794,45.49198],[9.12008,45.49308],[9.12243,45.49242],[9.12263,45.49065],[9.12049,45.48954],[9.11815,45.49021],[9.11794,45.49198]]]}},{"type":"Feature","properties":{"i":6053},"geometry":{"type":"Polygon","coordinates":[[[9.12293,45.49226],[9.12463,45.49313],[9.12645,45.49262],[9.12661,45.49125],[9.12491,45.49037],[9.12309,45.49088],[9.12293,45.49226]]]}},{"type":"Feature","properties":{"i":6054},"geometry":{"type":"Polygon","coordinates":[[[9.11608,45.48908],[9.11816,45.49015],[9.12043,45.48951],[9.12062,45.4878],[9.11855,45.48672],[9.11628,45.48737],[9.11608,45.48908]]]}},{"type":"Feature","properties":{"i":6055},"geometry":{"type":"Polygon","coordinates":[[[9.10287,45.48419],[9.10307,45.48429],[9.10307,45.48429],[9.10287,45.48419],[9.10287,45.48419]]]}},{"type":"Feature","properties":{"i":6056},"geometry":{"type":"Polygon","coordinates":[[[9.10735,45.48463],[9.10755,45.48473],[9.10755,45.48473],[9.10735,45.48463],[9.10735,45.48463]]]}},{"type":"Feature","properties":{"i":6057},"geometry":{"type":"Polygon","coordinates":[[[9.1003,45.48152],[9.10105,45.48191],[9.10172,45.48172],[9.10178,45.48121],[9.10102,45.48082],[9.10035,45.48101],[9.1003,45.48152]]]}},{"type":"Feature","properties":{"i":6058},"geometry":{"type":"Polygon","coordinates":[[[9.10533,45.48178],[9.10561,45.48193],[9.1057,45.4819],[9.10571,45.48183],[9.10543,45.48169],[9.10534,45.48171],[9.10533,45.48178]]]}},{"type":"Feature","properties":{"i":6059},"geometry":{"type":"Polygon","coordinates":[[[9.09943,45.48691],[9.1004,45.48741],[9.10133,45.48715],[9.10141,45.48645],[9.10044,45.48595],[9.09951,45.48621],[9.09943,45.48691]]]}},{"type":"Feature","properties":{"i":6060},"geometry":{"type":"Polygon","coordinates":[[[9.1048,45.48707],[9.105,45.48717],[9.105,45.48717],[9.1048,45.48707],[9.1048,45.48707]]]}},{"type":"Feature","properties":{"i":6061},"geometry":{"type":"Polygon","coordinates":[[[9.09839,45.48375],[9.09859,45.48385],[9.09859,45.48385],[9.09839,45.48375],[9.09839,45.48375]]]}},{"type":"Feature","properties":{"i":6062},"geometry":{"type":"Polygon","coordinates":[[[9.06906,45.45955],[9.06963,45.45985],[9.07007,45.45972],[9.07011,45.45938],[9.06954,45.45909],[9.0691,45.45921],[9.06906,45.45955]]]}},{"type":"Feature","properties":{"i":6063},"geometry":{"type":"Polygon","coordinates":[[[9.07319,45.46011],[9.07407,45.46056],[9.07488,45.46033],[9.07495,45.45971],[9.07407,45.45926],[9.07326,45.45949],[9.07319,45.46011]]]}},{"type":"Feature","properties":{"i":6064},"geometry":{"type":"Polygon","coordinates":[[[9.06756,45.45654],[9.06776,45.45664],[9.06776,45.45664],[9.06756,45.45654],[9.06756,45.45654]]]}},{"type":"Feature","properties":{"i":6065},"geometry":{"type":"Polygon","coordinates":[[[9.07128,45.45722],[9.07214,45.45767],[9.07293,45.45744],[9.073,45.45684],[9.07214,45.45639],[9.07135,45.45662],[9.07128,45.45722]]]}},{"type":"Feature","properties":{"i":6066},"geometry":{"type":"Polygon","coordinates":[[[9.06694,45.46185],[9.06714,45.46195],[9.06714,45.46195],[9.06694,45.46185],[9.06694,45.46185]]]}},{"type":"Feature","properties":{"i":6068},"geometry":{"type":"Polygon","coordinates":[[[9.06501,45.45898],[9.06521,45.45908],[9.06521,45.45908],[9.06501,45.45898],[9.06501,45.45898]]]}},{"type":"Feature","properties":{"i":6069},"geometry":{"type":"Polygon","coordinates":[[[9.07965,45.45829],[9.08102,45.459],[9.08242,45.4586],[9.08255,45.45753],[9.08118,45.45683],[9.07978,45.45723],[9.07965,45.45829]]]}},{"type":"Feature","properties":{"i":6070},"geometry":{"type":"Polygon","coordinates":[[[9.08343,45.45896],[9.0854,45.45998],[9.08755,45.45937],[9.08774,45.45775],[9.08576,45.45673],[9.08361,45.45734],[9.08343,45.45896]]]}},{"type":"Feature","properties":{"i":6071},"geometry":{"type":"Polygon","coordinates":[[[9.07692,45.45567],[9.07898,45.45674],[9.08122,45.4561],[9.08142,45.4544],[9.07936,45.45334],[9.07711,45.45397],[9.07692,45.45567]]]}},{"type":"Feature","properties":{"i":6072},"geometry":{"type":"Polygon","coordinates":[[[9.08176,45.456],[9.08351,45.4569],[9.08537,45.45637],[9.08554,45.45496],[9.08379,45.45405],[9.08193,45.45458],[9.08176,45.456]]]}},{"type":"Feature","properties":{"i":6073},"geometry":{"type":"Polygon","coordinates":[[[9.07708,45.46074],[9.07847,45.46145],[9.07989,45.46105],[9.08002,45.45996],[9.07864,45.45925],[9.07721,45.45965],[9.07708,45.46074]]]}},{"type":"Feature","properties":{"i":6074},"geometry":{"type":"Polygon","coordinates":[[[9.08084,45.46141],[9.08285,45.46244],[9.08503,45.46182],[9.08522,45.46017],[9.08322,45.45914],[9.08103,45.45976],[9.08084,45.46141]]]}},{"type":"Feature","properties":{"i":6075},"geometry":{"type":"Polygon","coordinates":[[[9.07563,45.45771],[9.0766,45.45821],[9.07752,45.45794],[9.07761,45.45724],[9.07664,45.45674],[9.07571,45.457],[9.07563,45.45771]]]}},{"type":"Feature","properties":{"i":6076},"geometry":{"type":"Polygon","coordinates":[[[9.06115,45.45322],[9.06135,45.45332],[9.06135,45.45332],[9.06115,45.45322],[9.06115,45.45322]]]}},{"type":"Feature","properties":{"i":6077},"geometry":{"type":"Polygon","coordinates":[[[9.06455,45.45401],[9.06568,45.45459],[9.0668,45.45427],[9.0669,45.45342],[9.06577,45.45284],[9.06465,45.45316],[9.06455,45.45401]]]}},{"type":"Feature","properties":{"i":6078},"geometry":{"type":"Polygon","coordinates":[[[9.05922,45.45034],[9.05942,45.45045],[9.05942,45.45045],[9.05922,45.45034],[9.05922,45.45034]]]}},{"type":"Feature","properties":{"i":6079},"geometry":{"type":"Polygon","coordinates":[[[9.0637,45.45079],[9.0639,45.45089],[9.0639,45.45089],[9.0637,45.45079],[9.0637,45.45079]]]}},{"type":"Feature","properties":{"i":6080},"geometry":{"type":"Polygon","coordinates":[[[9.05808,45.45582],[9.05873,45.45616],[9.05927,45.45601],[9.05932,45.45559],[9.05867,45.45526],[9.05813,45.45541],[9.05808,45.45582]]]}},{"type":"Feature","properties":{"i":6081},"geometry":{"type":"Polygon","coordinates":[[[9.06284,45.45617],[9.06325,45.45638],[9.06349,45.45632],[9.06351,45.45613],[9.06311,45.45592],[9.06287,45.45598],[9.06284,45.45617]]]}},{"type":"Feature","properties":{"i":6082},"geometry":{"type":"Polygon","coordinates":[[[9.05667,45.45278],[9.05687,45.45288],[9.05687,45.45288],[9.05667,45.45278],[9.05667,45.45278]]]}},{"type":"Feature","properties":{"i":6083},"geometry":{"type":"Polygon","coordinates":[[[9.07089,45.45223],[9.07262,45.45313],[9.07447,45.4526],[9.07463,45.4512],[9.0729,45.45031],[9.07105,45.45083],[9.07089,45.45223]]]}},{"type":"Feature","properties":{"i":6084},"geometry":{"type":"Polygon","coordinates":[[[9.07515,45.45274],[9.07707,45.45374],[9.07914,45.45315],[9.07933,45.45158],[9.07741,45.45058],[9.07533,45.45117],[9.07515,45.45274]]]}},{"type":"Feature","properties":{"i":6085},"geometry":{"type":"Polygon","coordinates":[[[9.06909,45.44932],[9.0707,45.45015],[9.07242,45.44967],[9.07257,45.44837],[9.07095,45.44753],[9.06924,45.44802],[9.06909,45.44932]]]}},{"type":"Feature","properties":{"i":6086},"geometry":{"type":"Polygon","coordinates":[[[9.07378,45.44969],[9.07521,45.45043],[9.07671,45.45001],[9.07684,45.44888],[9.0754,45.44813],[9.07391,45.44856],[9.07378,45.44969]]]}},{"type":"Feature","properties":{"i":6087},"geometry":{"type":"Polygon","coordinates":[[[9.06839,45.45465],[9.07007,45.45552],[9.07186,45.45501],[9.07202,45.45366],[9.07034,45.45279],[9.06855,45.4533],[9.06839,45.45465]]]}},{"type":"Feature","properties":{"i":6088},"geometry":{"type":"Polygon","coordinates":[[[9.07309,45.45502],[9.07458,45.4558],[9.07615,45.45536],[9.07629,45.45417],[9.07479,45.45339],[9.07322,45.45384],[9.07309,45.45502]]]}},{"type":"Feature","properties":{"i":6089},"geometry":{"type":"Polygon","coordinates":[[[9.06596,45.45193],[9.06808,45.45303],[9.07039,45.45237],[9.07059,45.45062],[9.06848,45.44953],[9.06617,45.45018],[9.06596,45.45193]]]}},{"type":"Feature","properties":{"i":6097},"geometry":{"type":"Polygon","coordinates":[[[9.07611,45.46616],[9.0778,45.46704],[9.0796,45.46653],[9.07976,45.46516],[9.07807,45.46429],[9.07626,45.4648],[9.07611,45.46616]]]}},{"type":"Feature","properties":{"i":6098},"geometry":{"type":"Polygon","coordinates":[[[9.08018,45.46673],[9.08222,45.46779],[9.08445,45.46716],[9.08465,45.46547],[9.0826,45.46442],[9.08038,45.46505],[9.08018,45.46673]]]}},{"type":"Feature","properties":{"i":6099},"geometry":{"type":"Polygon","coordinates":[[[9.07438,45.46322],[9.07589,45.464],[9.07748,45.46355],[9.07762,45.46235],[9.07611,45.46157],[9.07452,45.46202],[9.07438,45.46322]]]}},{"type":"Feature","properties":{"i":6100},"geometry":{"type":"Polygon","coordinates":[[[9.07898,45.46362],[9.08039,45.46435],[9.08185,45.46394],[9.08198,45.46283],[9.08057,45.4621],[9.07911,45.46252],[9.07898,45.46362]]]}},{"type":"Feature","properties":{"i":6101},"geometry":{"type":"Polygon","coordinates":[[[9.07442,45.46832],[9.07536,45.46881],[9.07627,45.46856],[9.07635,45.46787],[9.0754,45.46738],[9.0745,45.46764],[9.07442,45.46832]]]}},{"type":"Feature","properties":{"i":6102},"geometry":{"type":"Polygon","coordinates":[[[9.07865,45.46884],[9.07981,45.46944],[9.08097,45.46911],[9.08107,45.46824],[9.07991,45.46764],[9.07875,45.46796],[9.07865,45.46884]]]}},{"type":"Feature","properties":{"i":6104},"geometry":{"type":"Polygon","coordinates":[[[9.05798,45.46097],[9.05818,45.46107],[9.05818,45.46107],[9.05798,45.46097],[9.05798,45.46097]]]}},{"type":"Feature","properties":{"i":6105},"geometry":{"type":"Polygon","coordinates":[[[9.06246,45.46141],[9.06266,45.46151],[9.06266,45.46151],[9.06246,45.46141],[9.06246,45.46141]]]}},{"type":"Feature","properties":{"i":6106},"geometry":{"type":"Polygon","coordinates":[[[9.05605,45.45809],[9.05625,45.4582],[9.05625,45.4582],[9.05605,45.45809],[9.05605,45.45809]]]}},{"type":"Feature","properties":{"i":6107},"geometry":{"type":"Polygon","coordinates":[[[9.06029,45.45861],[9.0607,45.45882],[9.06094,45.45875],[9.06096,45.45856],[9.06056,45.45835],[9.06031,45.45842],[9.06029,45.45861]]]}},{"type":"Feature","properties":{"i":6109},"geometry":{"type":"Polygon","coordinates":[[[9.05311,45.46065],[9.05365,45.46093],[9.05405,45.46082],[9.05408,45.46051],[9.05355,45.46023],[9.05315,45.46034],[9.05311,45.46065]]]}},{"type":"Feature","properties":{"i":6110},"geometry":{"type":"Polygon","coordinates":[[[9.17921,45.45229],[9.18135,45.4534],[9.1837,45.45273],[9.1839,45.45096],[9.18176,45.44985],[9.17942,45.45052],[9.17921,45.45229]]]}},{"type":"Feature","properties":{"i":6111},"geometry":{"type":"Polygon","coordinates":[[[9.1837,45.45273],[9.18584,45.45383],[9.18818,45.45316],[9.18838,45.45139],[9.18624,45.45029],[9.1839,45.45096],[9.1837,45.45273]]]}},{"type":"Feature","properties":{"i":6112},"geometry":{"type":"Polygon","coordinates":[[[9.17728,45.44941],[9.17942,45.45052],[9.18176,45.44985],[9.18196,45.44808],[9.17982,45.44698],[9.17748,45.44764],[9.17728,45.44941]]]}},{"type":"Feature","properties":{"i":6113},"geometry":{"type":"Polygon","coordinates":[[[9.18207,45.44975],[9.18394,45.45072],[9.18596,45.45014],[9.18614,45.44862],[9.18427,45.44765],[9.18225,45.44822],[9.18207,45.44975]]]}},{"type":"Feature","properties":{"i":6114},"geometry":{"type":"Polygon","coordinates":[[[9.17666,45.45473],[9.1788,45.45583],[9.18115,45.45517],[9.18135,45.4534],[9.17921,45.45229],[9.17687,45.45296],[9.17666,45.45473]]]}},{"type":"Feature","properties":{"i":6115},"geometry":{"type":"Polygon","coordinates":[[[9.18123,45.45514],[9.1833,45.4562],[9.18555,45.45556],[9.18575,45.45386],[9.18368,45.45279],[9.18143,45.45344],[9.18123,45.45514]]]}},{"type":"Feature","properties":{"i":6116},"geometry":{"type":"Polygon","coordinates":[[[9.17473,45.45185],[9.17687,45.45296],[9.17921,45.45229],[9.17942,45.45052],[9.17728,45.44941],[9.17493,45.45008],[9.17473,45.45185]]]}},{"type":"Feature","properties":{"i":6117},"geometry":{"type":"Polygon","coordinates":[[[9.19077,45.45071],[9.19287,45.4518],[9.19517,45.45114],[9.19537,45.4494],[9.19327,45.44832],[9.19097,45.44897],[9.19077,45.45071]]]}},{"type":"Feature","properties":{"i":6118},"geometry":{"type":"Polygon","coordinates":[[[9.19521,45.45116],[9.19735,45.45227],[9.19969,45.4516],[9.1999,45.44983],[9.19776,45.44872],[9.19541,45.44939],[9.19521,45.45116]]]}},{"type":"Feature","properties":{"i":6119},"geometry":{"type":"Polygon","coordinates":[[[9.18954,45.44761],[9.19103,45.44838],[9.19259,45.44793],[9.19273,45.44675],[9.19124,45.44599],[9.18968,45.44643],[9.18954,45.44761]]]}},{"type":"Feature","properties":{"i":6120},"geometry":{"type":"Polygon","coordinates":[[[9.19334,45.44826],[9.19542,45.44934],[9.1977,45.44869],[9.19789,45.44697],[9.19581,45.4459],[9.19354,45.44654],[9.19334,45.44826]]]}},{"type":"Feature","properties":{"i":6121},"geometry":{"type":"Polygon","coordinates":[[[9.18818,45.45316],[9.19032,45.45427],[9.19266,45.4536],[9.19287,45.45183],[9.19073,45.45072],[9.18838,45.45139],[9.18818,45.45316]]]}},{"type":"Feature","properties":{"i":6122},"geometry":{"type":"Polygon","coordinates":[[[9.19266,45.4536],[9.1948,45.4547],[9.19715,45.45404],[9.19735,45.45227],[9.19521,45.45116],[9.19287,45.45183],[9.19266,45.4536]]]}},{"type":"Feature","properties":{"i":6123},"geometry":{"type":"Polygon","coordinates":[[[9.18645,45.45022],[9.18841,45.45124],[9.19054,45.45063],[9.19073,45.44902],[9.18876,45.448],[9.18663,45.44861],[9.18645,45.45022]]]}},{"type":"Feature","properties":{"i":6124},"geometry":{"type":"Polygon","coordinates":[[[9.1712,45.44599],[9.17304,45.44695],[9.17503,45.44638],[9.17521,45.44487],[9.17336,45.44392],[9.17137,45.44449],[9.1712,45.44599]]]}},{"type":"Feature","properties":{"i":6125},"geometry":{"type":"Polygon","coordinates":[[[9.17534,45.44654],[9.17748,45.44764],[9.17982,45.44698],[9.18003,45.4452],[9.17789,45.4441],[9.17555,45.44477],[9.17534,45.44654]]]}},{"type":"Feature","properties":{"i":6126},"geometry":{"type":"Polygon","coordinates":[[[9.16919,45.44314],[9.1711,45.44412],[9.17316,45.44354],[9.17334,45.44198],[9.17143,45.44099],[9.16937,45.44158],[9.16919,45.44314]]]}},{"type":"Feature","properties":{"i":6127},"geometry":{"type":"Polygon","coordinates":[[[9.17341,45.44366],[9.17555,45.44476],[9.17788,45.4441],[9.17809,45.44233],[9.17595,45.44123],[9.17361,45.44189],[9.17341,45.44366]]]}},{"type":"Feature","properties":{"i":6128},"geometry":{"type":"Polygon","coordinates":[[[9.16905,45.44831],[9.17055,45.44908],[9.17212,45.44863],[9.17226,45.44744],[9.17076,45.44666],[9.16918,45.44711],[9.16905,45.44831]]]}},{"type":"Feature","properties":{"i":6129},"geometry":{"type":"Polygon","coordinates":[[[9.17279,45.44898],[9.17493,45.45008],[9.17728,45.44941],[9.17748,45.44764],[9.17534,45.44654],[9.173,45.44721],[9.17279,45.44898]]]}},{"type":"Feature","properties":{"i":6130},"geometry":{"type":"Polygon","coordinates":[[[9.16699,45.44547],[9.1686,45.4463],[9.1703,45.44581],[9.17045,45.44453],[9.16884,45.4437],[9.16714,45.44418],[9.16699,45.44547]]]}},{"type":"Feature","properties":{"i":6131},"geometry":{"type":"Polygon","coordinates":[[[9.18246,45.44451],[9.18452,45.44558],[9.18678,45.44493],[9.18698,45.44323],[9.18491,45.44216],[9.18265,45.4428],[9.18246,45.44451]]]}},{"type":"Feature","properties":{"i":6132},"geometry":{"type":"Polygon","coordinates":[[[9.18734,45.44482],[9.18906,45.44571],[9.1909,45.44518],[9.19106,45.44379],[9.18934,45.4429],[9.1875,45.44343],[9.18734,45.44482]]]}},{"type":"Feature","properties":{"i":6133},"geometry":{"type":"Polygon","coordinates":[[[9.18044,45.44166],[9.18258,45.44276],[9.18492,45.4421],[9.18512,45.44032],[9.18298,45.43922],[9.18064,45.43989],[9.18044,45.44166]]]}},{"type":"Feature","properties":{"i":6134},"geometry":{"type":"Polygon","coordinates":[[[9.18513,45.44203],[9.18709,45.44304],[9.18921,45.44243],[9.18939,45.44083],[9.18744,45.43982],[9.18532,45.44042],[9.18513,45.44203]]]}},{"type":"Feature","properties":{"i":6135},"geometry":{"type":"Polygon","coordinates":[[[9.17993,45.44694],[9.18198,45.448],[9.18421,45.44736],[9.1844,45.44568],[9.18236,45.44462],[9.18013,45.44525],[9.17993,45.44694]]]}},{"type":"Feature","properties":{"i":6136},"geometry":{"type":"Polygon","coordinates":[[[9.18464,45.44731],[9.18649,45.44826],[9.18849,45.44769],[9.18867,45.44618],[9.18681,45.44522],[9.18481,45.44579],[9.18464,45.44731]]]}},{"type":"Feature","properties":{"i":6137},"geometry":{"type":"Polygon","coordinates":[[[9.17789,45.4441],[9.18003,45.4452],[9.18237,45.44454],[9.18258,45.44276],[9.18044,45.44166],[9.17809,45.44233],[9.17789,45.4441]]]}},{"type":"Feature","properties":{"i":6138},"geometry":{"type":"Polygon","coordinates":[[[9.17605,45.46004],[9.17819,45.46115],[9.18053,45.46048],[9.18074,45.45871],[9.1786,45.45761],[9.17626,45.45827],[9.17605,45.46004]]]}},{"type":"Feature","properties":{"i":6139},"geometry":{"type":"Polygon","coordinates":[[[9.18053,45.46048],[9.18267,45.46159],[9.18502,45.46092],[9.18522,45.45915],[9.18308,45.45804],[9.18074,45.45871],[9.18053,45.46048]]]}},{"type":"Feature","properties":{"i":6140},"geometry":{"type":"Polygon","coordinates":[[[9.17412,45.45717],[9.17626,45.45827],[9.1786,45.45761],[9.1788,45.45583],[9.17666,45.45473],[9.17432,45.4554],[9.17412,45.45717]]]}},{"type":"Feature","properties":{"i":6141},"geometry":{"type":"Polygon","coordinates":[[[9.17864,45.45759],[9.18074,45.45868],[9.18305,45.45802],[9.18325,45.45628],[9.18114,45.4552],[9.17884,45.45585],[9.17864,45.45759]]]}},{"type":"Feature","properties":{"i":6142},"geometry":{"type":"Polygon","coordinates":[[[9.17374,45.46241],[9.17568,45.46341],[9.17777,45.46281],[9.17795,45.46123],[9.17602,45.46023],[9.17392,45.46082],[9.17374,45.46241]]]}},{"type":"Feature","properties":{"i":6143},"geometry":{"type":"Polygon","coordinates":[[[9.17807,45.46289],[9.18014,45.46396],[9.1824,45.46332],[9.18259,45.46161],[9.18052,45.46054],[9.17826,45.46119],[9.17807,45.46289]]]}},{"type":"Feature","properties":{"i":6144},"geometry":{"type":"Polygon","coordinates":[[[9.17157,45.45961],[9.17371,45.46071],[9.17605,45.46004],[9.17626,45.45827],[9.17412,45.45717],[9.17177,45.45784],[9.17157,45.45961]]]}},{"type":"Feature","properties":{"i":6145},"geometry":{"type":"Polygon","coordinates":[[[9.18768,45.45844],[9.18972,45.4595],[9.19195,45.45886],[9.19214,45.45718],[9.1901,45.45613],[9.18787,45.45676],[9.18768,45.45844]]]}},{"type":"Feature","properties":{"i":6146},"geometry":{"type":"Polygon","coordinates":[[[9.19241,45.4588],[9.19424,45.45974],[9.19621,45.45918],[9.19638,45.4577],[9.19455,45.45675],[9.19258,45.45731],[9.19241,45.4588]]]}},{"type":"Feature","properties":{"i":6147},"geometry":{"type":"Polygon","coordinates":[[[9.18563,45.4556],[9.18777,45.45671],[9.19012,45.45604],[9.19032,45.45427],[9.18818,45.45316],[9.18584,45.45383],[9.18563,45.4556]]]}},{"type":"Feature","properties":{"i":6148},"geometry":{"type":"Polygon","coordinates":[[[9.19035,45.45596],[9.19229,45.45696],[9.19438,45.45637],[9.19457,45.45478],[9.19263,45.45378],[9.19054,45.45438],[9.19035,45.45596]]]}},{"type":"Feature","properties":{"i":6149},"geometry":{"type":"Polygon","coordinates":[[[9.18527,45.46084],[9.18719,45.46183],[9.18928,45.46124],[9.18946,45.45966],[9.18753,45.45867],[9.18545,45.45926],[9.18527,45.46084]]]}},{"type":"Feature","properties":{"i":6150},"geometry":{"type":"Polygon","coordinates":[[[9.18978,45.46127],[9.19168,45.46225],[9.19374,45.46166],[9.19391,45.46011],[9.19201,45.45913],[9.18996,45.45971],[9.18978,45.46127]]]}},{"type":"Feature","properties":{"i":6151},"geometry":{"type":"Polygon","coordinates":[[[9.18313,45.45803],[9.18523,45.45911],[9.18752,45.45846],[9.18772,45.45672],[9.18562,45.45564],[9.18333,45.45629],[9.18313,45.45803]]]}},{"type":"Feature","properties":{"i":6152},"geometry":{"type":"Polygon","coordinates":[[[9.16773,45.45385],[9.16984,45.45494],[9.17215,45.45428],[9.17235,45.45253],[9.17024,45.45144],[9.16793,45.4521],[9.16773,45.45385]]]}},{"type":"Feature","properties":{"i":6153},"geometry":{"type":"Polygon","coordinates":[[[9.17221,45.45428],[9.17432,45.45537],[9.17663,45.45471],[9.17683,45.45297],[9.17472,45.45188],[9.17241,45.45254],[9.17221,45.45428]]]}},{"type":"Feature","properties":{"i":6154},"geometry":{"type":"Polygon","coordinates":[[[9.16618,45.45085],[9.16796,45.45176],[9.16987,45.45122],[9.17003,45.44978],[9.16825,45.44886],[9.16635,45.4494],[9.16618,45.45085]]]}},{"type":"Feature","properties":{"i":6155},"geometry":{"type":"Polygon","coordinates":[[[9.17026,45.45141],[9.17239,45.45251],[9.17471,45.45185],[9.17492,45.45009],[9.17279,45.44899],[9.17046,45.44965],[9.17026,45.45141]]]}},{"type":"Feature","properties":{"i":6156},"geometry":{"type":"Polygon","coordinates":[[[9.16515,45.45629],[9.16729,45.4574],[9.16963,45.45673],[9.16984,45.45496],[9.1677,45.45386],[9.16535,45.45452],[9.16515,45.45629]]]}},{"type":"Feature","properties":{"i":6157},"geometry":{"type":"Polygon","coordinates":[[[9.16963,45.45673],[9.17177,45.45784],[9.17412,45.45717],[9.17432,45.4554],[9.17218,45.45429],[9.16984,45.45496],[9.16963,45.45673]]]}},{"type":"Feature","properties":{"i":6158},"geometry":{"type":"Polygon","coordinates":[[[9.16321,45.45342],[9.16535,45.45452],[9.1677,45.45386],[9.1679,45.45208],[9.16576,45.45098],[9.16342,45.45165],[9.16321,45.45342]]]}},{"type":"Feature","properties":{"i":6159},"geometry":{"type":"Polygon","coordinates":[[[9.2106,45.45534],[9.21274,45.45645],[9.21509,45.45578],[9.21529,45.45401],[9.21315,45.4529],[9.2108,45.45357],[9.2106,45.45534]]]}},{"type":"Feature","properties":{"i":6160},"geometry":{"type":"Polygon","coordinates":[[[9.21509,45.45578],[9.21723,45.45688],[9.21957,45.45622],[9.21977,45.45444],[9.21763,45.45334],[9.21529,45.45401],[9.21509,45.45578]]]}},{"type":"Feature","properties":{"i":6161},"geometry":{"type":"Polygon","coordinates":[[[9.20866,45.45247],[9.2108,45.45357],[9.21315,45.4529],[9.21335,45.45113],[9.21121,45.45003],[9.20887,45.4507],[9.20866,45.45247]]]}},{"type":"Feature","properties":{"i":6162},"geometry":{"type":"Polygon","coordinates":[[[9.21321,45.45289],[9.2153,45.45396],[9.21758,45.45331],[9.21778,45.45159],[9.21569,45.45051],[9.2134,45.45116],[9.21321,45.45289]]]}},{"type":"Feature","properties":{"i":6163},"geometry":{"type":"Polygon","coordinates":[[[9.20805,45.45778],[9.21019,45.45889],[9.21254,45.45822],[9.21274,45.45645],[9.2106,45.45534],[9.20826,45.45601],[9.20805,45.45778]]]}},{"type":"Feature","properties":{"i":6164},"geometry":{"type":"Polygon","coordinates":[[[9.21254,45.45822],[9.21468,45.45932],[9.21702,45.45866],[9.21723,45.45688],[9.21509,45.45578],[9.21274,45.45645],[9.21254,45.45822]]]}},{"type":"Feature","properties":{"i":6165},"geometry":{"type":"Polygon","coordinates":[[[9.20612,45.45491],[9.20826,45.45601],[9.2106,45.45534],[9.2108,45.45357],[9.20866,45.45247],[9.20632,45.45314],[9.20612,45.45491]]]}},{"type":"Feature","properties":{"i":6166},"geometry":{"type":"Polygon","coordinates":[[[9.22212,45.45378],[9.22426,45.45488],[9.2266,45.45421],[9.22681,45.45244],[9.22466,45.45134],[9.22232,45.452],[9.22212,45.45378]]]}},{"type":"Feature","properties":{"i":6167},"geometry":{"type":"Polygon","coordinates":[[[9.22682,45.45414],[9.22877,45.45515],[9.23089,45.45454],[9.23107,45.45294],[9.22912,45.45194],[9.22701,45.45254],[9.22682,45.45414]]]}},{"type":"Feature","properties":{"i":6168},"geometry":{"type":"Polygon","coordinates":[[[9.22018,45.4509],[9.22232,45.452],[9.22466,45.45134],[9.22487,45.44956],[9.22273,45.44846],[9.22038,45.44913],[9.22018,45.4509]]]}},{"type":"Feature","properties":{"i":6169},"geometry":{"type":"Polygon","coordinates":[[[9.2248,45.45129],[9.22682,45.45234],[9.22903,45.45171],[9.22922,45.45004],[9.22719,45.449],[9.22499,45.44963],[9.2248,45.45129]]]}},{"type":"Feature","properties":{"i":6170},"geometry":{"type":"Polygon","coordinates":[[[9.21957,45.45622],[9.22171,45.45732],[9.22405,45.45665],[9.22426,45.45488],[9.22212,45.45378],[9.21977,45.45444],[9.21957,45.45622]]]}},{"type":"Feature","properties":{"i":6171},"geometry":{"type":"Polygon","coordinates":[[[9.22483,45.4564],[9.2263,45.45716],[9.22783,45.45672],[9.22796,45.45556],[9.2265,45.45481],[9.22497,45.45524],[9.22483,45.4564]]]}},{"type":"Feature","properties":{"i":6172},"geometry":{"type":"Polygon","coordinates":[[[9.21763,45.45334],[9.21977,45.45444],[9.22212,45.45378],[9.22232,45.452],[9.22018,45.4509],[9.21784,45.45157],[9.21763,45.45334]]]}},{"type":"Feature","properties":{"i":6173},"geometry":{"type":"Polygon","coordinates":[[[9.20224,45.44916],[9.20438,45.45026],[9.20673,45.44959],[9.20693,45.44782],[9.20479,45.44672],[9.20245,45.44739],[9.20224,45.44916]]]}},{"type":"Feature","properties":{"i":6174},"geometry":{"type":"Polygon","coordinates":[[[9.20673,45.44959],[9.20887,45.4507],[9.21121,45.45003],[9.21141,45.44826],[9.20927,45.44715],[9.20693,45.44782],[9.20673,45.44959]]]}},{"type":"Feature","properties":{"i":6175},"geometry":{"type":"Polygon","coordinates":[[[9.20176,45.44582],[9.20264,45.44627],[9.20347,45.44604],[9.20354,45.44541],[9.20266,45.44495],[9.20183,45.44519],[9.20176,45.44582]]]}},{"type":"Feature","properties":{"i":6176},"geometry":{"type":"Polygon","coordinates":[[[9.20521,45.44658],[9.20699,45.4475],[9.20889,45.44696],[9.20905,45.44552],[9.20728,45.4446],[9.20538,45.44514],[9.20521,45.44658]]]}},{"type":"Feature","properties":{"i":6177},"geometry":{"type":"Polygon","coordinates":[[[9.19969,45.4516],[9.20183,45.4527],[9.20418,45.45203],[9.20438,45.45026],[9.20224,45.44916],[9.1999,45.44983],[9.19969,45.4516]]]}},{"type":"Feature","properties":{"i":6178},"geometry":{"type":"Polygon","coordinates":[[[9.20418,45.45203],[9.20632,45.45314],[9.20866,45.45247],[9.20887,45.4507],[9.20673,45.44959],[9.20438,45.45026],[9.20418,45.45203]]]}},{"type":"Feature","properties":{"i":6179},"geometry":{"type":"Polygon","coordinates":[[[9.19783,45.4487],[9.19991,45.44977],[9.20218,45.44913],[9.20238,45.44741],[9.2003,45.44633],[9.19802,45.44698],[9.19783,45.4487]]]}},{"type":"Feature","properties":{"i":6180},"geometry":{"type":"Polygon","coordinates":[[[9.21385,45.44756],[9.21591,45.44862],[9.21816,45.44798],[9.21835,45.44628],[9.21629,45.44522],[9.21405,45.44586],[9.21385,45.44756]]]}},{"type":"Feature","properties":{"i":6181},"geometry":{"type":"Polygon","coordinates":[[[9.21855,45.44792],[9.22043,45.44889],[9.22245,45.44831],[9.22262,45.44679],[9.22075,45.44582],[9.21873,45.4464],[9.21855,45.44792]]]}},{"type":"Feature","properties":{"i":6182},"geometry":{"type":"Polygon","coordinates":[[[9.21182,45.44471],[9.21396,45.44582],[9.21631,45.44515],[9.21651,45.44338],[9.21437,45.44227],[9.21202,45.44294],[9.21182,45.44471]]]}},{"type":"Feature","properties":{"i":6183},"geometry":{"type":"Polygon","coordinates":[[[9.21631,45.44515],[9.21845,45.44625],[9.22079,45.44558],[9.22099,45.44381],[9.21885,45.44271],[9.21651,45.44338],[9.21631,45.44515]]]}},{"type":"Feature","properties":{"i":6184},"geometry":{"type":"Polygon","coordinates":[[[9.21121,45.45003],[9.21335,45.45113],[9.2157,45.45046],[9.2159,45.44869],[9.21376,45.44759],[9.21141,45.44826],[9.21121,45.45003]]]}},{"type":"Feature","properties":{"i":6185},"geometry":{"type":"Polygon","coordinates":[[[9.2157,45.45046],[9.21784,45.45157],[9.22018,45.4509],[9.22038,45.44913],[9.21824,45.44802],[9.2159,45.44869],[9.2157,45.45046]]]}},{"type":"Feature","properties":{"i":6186},"geometry":{"type":"Polygon","coordinates":[[[9.20942,45.44711],[9.21143,45.44814],[9.21363,45.44752],[9.21382,45.44586],[9.2118,45.44482],[9.20961,45.44545],[9.20942,45.44711]]]}},{"type":"Feature","properties":{"i":6187},"geometry":{"type":"Polygon","coordinates":[[[9.20744,45.4631],[9.20958,45.4642],[9.21193,45.46354],[9.21213,45.46176],[9.20999,45.46066],[9.20765,45.46133],[9.20744,45.4631]]]}},{"type":"Feature","properties":{"i":6188},"geometry":{"type":"Polygon","coordinates":[[[9.21193,45.46354],[9.21407,45.46464],[9.21641,45.46397],[9.21662,45.4622],[9.21447,45.4611],[9.21213,45.46176],[9.21193,45.46354]]]}},{"type":"Feature","properties":{"i":6189},"geometry":{"type":"Polygon","coordinates":[[[9.2055,45.46022],[9.20765,45.46133],[9.20999,45.46066],[9.21019,45.45889],[9.20805,45.45778],[9.20571,45.45845],[9.2055,45.46022]]]}},{"type":"Feature","properties":{"i":6190},"geometry":{"type":"Polygon","coordinates":[[[9.21006,45.46064],[9.21214,45.46171],[9.21441,45.46106],[9.21461,45.45935],[9.21253,45.45828],[9.21026,45.45892],[9.21006,45.46064]]]}},{"type":"Feature","properties":{"i":6191},"geometry":{"type":"Polygon","coordinates":[[[9.20489,45.46554],[9.20703,45.46664],[9.20938,45.46598],[9.20958,45.4642],[9.20744,45.4631],[9.2051,45.46377],[9.20489,45.46554]]]}},{"type":"Feature","properties":{"i":6192},"geometry":{"type":"Polygon","coordinates":[[[9.20938,45.46598],[9.21152,45.46708],[9.21386,45.46641],[9.21407,45.46464],[9.21193,45.46354],[9.20958,45.4642],[9.20938,45.46598]]]}},{"type":"Feature","properties":{"i":6193},"geometry":{"type":"Polygon","coordinates":[[[9.20296,45.46266],[9.2051,45.46377],[9.20744,45.4631],[9.20765,45.46133],[9.2055,45.46022],[9.20316,45.46089],[9.20296,45.46266]]]}},{"type":"Feature","properties":{"i":6194},"geometry":{"type":"Polygon","coordinates":[[[9.21916,45.46147],[9.22113,45.46248],[9.22326,45.46187],[9.22345,45.46026],[9.22148,45.45925],[9.21935,45.45985],[9.21916,45.46147]]]}},{"type":"Feature","properties":{"i":6195},"geometry":{"type":"Polygon","coordinates":[[[9.22346,45.46196],[9.22559,45.46306],[9.22792,45.4624],[9.22812,45.46064],[9.22599,45.45954],[9.22366,45.4602],[9.22346,45.46196]]]}},{"type":"Feature","properties":{"i":6196},"geometry":{"type":"Polygon","coordinates":[[[9.21702,45.45866],[9.21916,45.45976],[9.22151,45.45909],[9.22171,45.45732],[9.21957,45.45622],[9.21723,45.45688],[9.21702,45.45866]]]}},{"type":"Feature","properties":{"i":6197},"geometry":{"type":"Polygon","coordinates":[[[9.22166,45.45904],[9.22367,45.46008],[9.22586,45.45946],[9.22605,45.4578],[9.22403,45.45677],[9.22185,45.45739],[9.22166,45.45904]]]}},{"type":"Feature","properties":{"i":6198},"geometry":{"type":"Polygon","coordinates":[[[9.21641,45.46397],[9.21855,45.46508],[9.2209,45.46441],[9.2211,45.46264],[9.21896,45.46153],[9.21662,45.4622],[9.21641,45.46397]]]}},{"type":"Feature","properties":{"i":6199},"geometry":{"type":"Polygon","coordinates":[[[9.2209,45.46441],[9.22304,45.46551],[9.22538,45.46484],[9.22559,45.46307],[9.22345,45.46197],[9.2211,45.46264],[9.2209,45.46441]]]}},{"type":"Feature","properties":{"i":6200},"geometry":{"type":"Polygon","coordinates":[[[9.21515,45.46088],[9.21671,45.46168],[9.21835,45.46122],[9.21849,45.45998],[9.21693,45.45917],[9.21529,45.45964],[9.21515,45.46088]]]}},{"type":"Feature","properties":{"i":6201},"geometry":{"type":"Polygon","coordinates":[[[9.19908,45.45691],[9.20122,45.45802],[9.20357,45.45735],[9.20377,45.45558],[9.20163,45.45447],[9.19929,45.45514],[9.19908,45.45691]]]}},{"type":"Feature","properties":{"i":6202},"geometry":{"type":"Polygon","coordinates":[[[9.20357,45.45735],[9.20571,45.45845],[9.20805,45.45778],[9.20826,45.45601],[9.20612,45.45491],[9.20377,45.45558],[9.20357,45.45735]]]}},{"type":"Feature","properties":{"i":6203},"geometry":{"type":"Polygon","coordinates":[[[9.19715,45.45404],[9.19929,45.45514],[9.20163,45.45447],[9.20183,45.4527],[9.19969,45.4516],[9.19735,45.45227],[9.19715,45.45404]]]}},{"type":"Feature","properties":{"i":6204},"geometry":{"type":"Polygon","coordinates":[[[9.20163,45.45447],[9.20377,45.45558],[9.20612,45.45491],[9.20632,45.45314],[9.20418,45.45203],[9.20183,45.4527],[9.20163,45.45447]]]}},{"type":"Feature","properties":{"i":6205},"geometry":{"type":"Polygon","coordinates":[[[9.1971,45.45917],[9.19875,45.46002],[9.20051,45.45952],[9.20066,45.4582],[9.19901,45.45734],[9.19725,45.45784],[9.1971,45.45917]]]}},{"type":"Feature","properties":{"i":6206},"geometry":{"type":"Polygon","coordinates":[[[9.20167,45.45958],[9.20325,45.4604],[9.20491,45.45992],[9.20506,45.45866],[9.20348,45.45785],[9.20181,45.45832],[9.20167,45.45958]]]}},{"type":"Feature","properties":{"i":6207},"geometry":{"type":"Polygon","coordinates":[[[9.1947,45.45644],[9.19675,45.4575],[9.19899,45.45686],[9.19918,45.45517],[9.19713,45.45412],[9.1949,45.45475],[9.1947,45.45644]]]}},{"type":"Feature","properties":{"i":6208},"geometry":{"type":"Polygon","coordinates":[[[9.16594,45.43207],[9.16784,45.43305],[9.1699,45.43246],[9.17008,45.43091],[9.16818,45.42993],[9.16612,45.43051],[9.16594,45.43207]]]}},{"type":"Feature","properties":{"i":6209},"geometry":{"type":"Polygon","coordinates":[[[9.17046,45.43249],[9.17233,45.43346],[9.17434,45.43288],[9.17452,45.43136],[9.17265,45.43039],[9.17064,45.43097],[9.17046,45.43249]]]}},{"type":"Feature","properties":{"i":6210},"geometry":{"type":"Polygon","coordinates":[[[9.16446,45.42905],[9.16597,45.42982],[9.16755,45.42937],[9.16769,45.42818],[9.16618,45.4274],[9.1646,45.42785],[9.16446,45.42905]]]}},{"type":"Feature","properties":{"i":6211},"geometry":{"type":"Polygon","coordinates":[[[9.16832,45.42968],[9.17037,45.43074],[9.1726,45.4301],[9.17279,45.42842],[9.17075,45.42736],[9.16851,45.42799],[9.16832,45.42968]]]}},{"type":"Feature","properties":{"i":6212},"geometry":{"type":"Polygon","coordinates":[[[9.16357,45.43445],[9.16532,45.43535],[9.16719,45.43482],[9.16735,45.43341],[9.1656,45.4325],[9.16374,45.43304],[9.16357,45.43445]]]}},{"type":"Feature","properties":{"i":6213},"geometry":{"type":"Polygon","coordinates":[[[9.16784,45.43496],[9.16977,45.43596],[9.17187,45.43536],[9.17205,45.43377],[9.17012,45.43277],[9.16802,45.43337],[9.16784,45.43496]]]}},{"type":"Feature","properties":{"i":6214},"geometry":{"type":"Polygon","coordinates":[[[9.16146,45.43163],[9.16336,45.43261],[9.16541,45.43203],[9.16559,45.43047],[9.16369,45.42949],[9.16164,45.43008],[9.16146,45.43163]]]}},{"type":"Feature","properties":{"i":6215},"geometry":{"type":"Polygon","coordinates":[[[9.17729,45.43055],[9.17933,45.43161],[9.18156,45.43097],[9.18175,45.42929],[9.17971,45.42824],[9.17749,45.42887],[9.17729,45.43055]]]}},{"type":"Feature","properties":{"i":6216},"geometry":{"type":"Polygon","coordinates":[[[9.18171,45.43101],[9.18381,45.43209],[9.1861,45.43144],[9.18629,45.42971],[9.1842,45.42863],[9.18191,45.42928],[9.18171,45.43101]]]}},{"type":"Feature","properties":{"i":6217},"geometry":{"type":"Polygon","coordinates":[[[9.17525,45.42771],[9.17738,45.42881],[9.17972,45.42815],[9.17992,45.42638],[9.17779,45.42528],[9.17545,45.42594],[9.17525,45.42771]]]}},{"type":"Feature","properties":{"i":6218},"geometry":{"type":"Polygon","coordinates":[[[9.1818,45.42749],[9.18215,45.42766],[9.18232,45.42762],[9.18234,45.42748],[9.18199,45.4273],[9.18182,45.42735],[9.1818,45.42749]]]}},{"type":"Feature","properties":{"i":6219},"geometry":{"type":"Polygon","coordinates":[[[9.17463,45.43303],[9.17677,45.43413],[9.17911,45.43347],[9.17932,45.43169],[9.17718,45.43059],[9.17484,45.43126],[9.17463,45.43303]]]}},{"type":"Feature","properties":{"i":6220},"geometry":{"type":"Polygon","coordinates":[[[9.17911,45.43347],[9.18125,45.43457],[9.1836,45.4339],[9.1838,45.43213],[9.18166,45.43103],[9.17932,45.43169],[9.17911,45.43347]]]}},{"type":"Feature","properties":{"i":6221},"geometry":{"type":"Polygon","coordinates":[[[9.17277,45.43013],[9.17485,45.4312],[9.17711,45.43056],[9.17731,45.42884],[9.17523,45.42777],[9.17297,45.42842],[9.17277,45.43013]]]}},{"type":"Feature","properties":{"i":6222},"geometry":{"type":"Polygon","coordinates":[[[9.15783,45.4258],[9.15952,45.42668],[9.16134,45.42616],[9.16149,45.42479],[9.15979,45.42391],[9.15798,45.42443],[9.15783,45.4258]]]}},{"type":"Feature","properties":{"i":6223},"geometry":{"type":"Polygon","coordinates":[[[9.16309,45.42599],[9.16411,45.42652],[9.16511,45.42624],[9.1652,45.42548],[9.16417,45.42495],[9.16317,45.42523],[9.16309,45.42599]]]}},{"type":"Feature","properties":{"i":6224},"geometry":{"type":"Polygon","coordinates":[[[9.15682,45.42263],[9.15772,45.42309],[9.15856,45.42285],[9.15863,45.42221],[9.15773,45.42175],[9.1569,45.42199],[9.15682,45.42263]]]}},{"type":"Feature","properties":{"i":6225},"geometry":{"type":"Polygon","coordinates":[[[9.16168,45.42294],[9.16225,45.42324],[9.16269,45.42311],[9.16273,45.42277],[9.16216,45.42248],[9.16172,45.4226],[9.16168,45.42294]]]}},{"type":"Feature","properties":{"i":6226},"geometry":{"type":"Polygon","coordinates":[[[9.15501,45.42833],[9.15694,45.42933],[9.15904,45.42873],[9.15922,45.42715],[9.15728,45.42615],[9.15519,45.42674],[9.15501,45.42833]]]}},{"type":"Feature","properties":{"i":6227},"geometry":{"type":"Polygon","coordinates":[[[9.15965,45.42872],[9.16144,45.42964],[9.16337,45.42909],[9.16354,45.42763],[9.16174,45.42671],[9.15981,45.42725],[9.15965,45.42872]]]}},{"type":"Feature","properties":{"i":6228},"geometry":{"type":"Polygon","coordinates":[[[9.15293,45.4255],[9.15499,45.42656],[9.15723,45.42592],[9.15743,45.42422],[9.15537,45.42316],[9.15312,45.4238],[9.15293,45.4255]]]}},{"type":"Feature","properties":{"i":6229},"geometry":{"type":"Polygon","coordinates":[[[9.16953,45.42417],[9.17106,45.42496],[9.17267,45.42451],[9.17281,45.42329],[9.17128,45.4225],[9.16967,45.42296],[9.16953,45.42417]]]}},{"type":"Feature","properties":{"i":6230},"geometry":{"type":"Polygon","coordinates":[[[9.17331,45.42484],[9.17545,45.42594],[9.17779,45.42527],[9.17799,45.4235],[9.17586,45.4224],[9.17351,45.42306],[9.17331,45.42484]]]}},{"type":"Feature","properties":{"i":6231},"geometry":{"type":"Polygon","coordinates":[[[9.16769,45.42127],[9.16914,45.42202],[9.17065,45.42159],[9.17078,45.42044],[9.16933,45.4197],[9.16782,45.42012],[9.16769,45.42127]]]}},{"type":"Feature","properties":{"i":6232},"geometry":{"type":"Polygon","coordinates":[[[9.17191,45.42179],[9.17359,45.42265],[9.17537,45.42215],[9.17553,45.4208],[9.17385,45.41993],[9.17207,45.42044],[9.17191,45.42179]]]}},{"type":"Feature","properties":{"i":6233},"geometry":{"type":"Polygon","coordinates":[[[9.16676,45.42669],[9.16848,45.42758],[9.17033,45.42705],[9.17049,45.42566],[9.16876,45.42477],[9.16692,45.42529],[9.16676,45.42669]]]}},{"type":"Feature","properties":{"i":6234},"geometry":{"type":"Polygon","coordinates":[[[9.17077,45.42727],[9.1729,45.42838],[9.17524,45.42771],[9.17544,45.42594],[9.17331,45.42484],[9.17097,45.42551],[9.17077,45.42727]]]}},{"type":"Feature","properties":{"i":6235},"geometry":{"type":"Polygon","coordinates":[[[9.16565,45.42354],[9.16666,45.42407],[9.16764,45.42379],[9.16772,45.42305],[9.16671,45.42252],[9.16574,45.4228],[9.16565,45.42354]]]}},{"type":"Feature","properties":{"i":6236},"geometry":{"type":"Polygon","coordinates":[[[9.16278,45.43982],[9.16468,45.44081],[9.16674,45.44022],[9.16692,45.43866],[9.16502,45.43768],[9.16296,45.43827],[9.16278,45.43982]]]}},{"type":"Feature","properties":{"i":6237},"geometry":{"type":"Polygon","coordinates":[[[9.16733,45.44024],[9.16917,45.44119],[9.17116,45.44062],[9.17133,45.43912],[9.16949,45.43817],[9.16751,45.43874],[9.16733,45.44024]]]}},{"type":"Feature","properties":{"i":6238},"geometry":{"type":"Polygon","coordinates":[[[9.16065,45.43701],[9.16272,45.43808],[9.16498,45.43743],[9.16517,45.43573],[9.16311,45.43466],[9.16085,45.4353],[9.16065,45.43701]]]}},{"type":"Feature","properties":{"i":6239},"geometry":{"type":"Polygon","coordinates":[[[9.16626,45.43709],[9.16736,45.43766],[9.16844,45.43735],[9.16854,45.43652],[9.16744,45.43595],[9.16635,45.43626],[9.16626,45.43709]]]}},{"type":"Feature","properties":{"i":6240},"geometry":{"type":"Polygon","coordinates":[[[9.16031,45.44224],[9.16214,45.44319],[9.16412,45.44263],[9.1643,45.44113],[9.16246,45.44018],[9.16048,45.44074],[9.16031,45.44224]]]}},{"type":"Feature","properties":{"i":6241},"geometry":{"type":"Polygon","coordinates":[[[9.1648,45.44267],[9.16663,45.44362],[9.1686,45.44306],[9.16877,45.44157],[9.16694,45.44062],[9.16497,45.44118],[9.1648,45.44267]]]}},{"type":"Feature","properties":{"i":6242},"geometry":{"type":"Polygon","coordinates":[[[9.15804,45.43947],[9.16017,45.44056],[9.16249,45.4399],[9.16269,45.43815],[9.16057,45.43705],[9.15825,45.43771],[9.15804,45.43947]]]}},{"type":"Feature","properties":{"i":6243},"geometry":{"type":"Polygon","coordinates":[[[9.17402,45.43835],[9.17616,45.43945],[9.1785,45.43878],[9.17871,45.43701],[9.17657,45.43591],[9.17422,45.43657],[9.17402,45.43835]]]}},{"type":"Feature","properties":{"i":6244},"geometry":{"type":"Polygon","coordinates":[[[9.1785,45.43878],[9.18064,45.43989],[9.18298,45.43922],[9.18319,45.43745],[9.18105,45.43634],[9.17871,45.43701],[9.1785,45.43878]]]}},{"type":"Feature","properties":{"i":6245},"geometry":{"type":"Polygon","coordinates":[[[9.17208,45.43547],[9.17422,45.43657],[9.17657,45.43591],[9.17677,45.43413],[9.17463,45.43303],[9.17229,45.4337],[9.17208,45.43547]]]}},{"type":"Feature","properties":{"i":6246},"geometry":{"type":"Polygon","coordinates":[[[9.17657,45.43591],[9.17871,45.43701],[9.18105,45.43634],[9.18125,45.43457],[9.17911,45.43347],[9.17677,45.43413],[9.17657,45.43591]]]}},{"type":"Feature","properties":{"i":6247},"geometry":{"type":"Polygon","coordinates":[[[9.1715,45.44078],[9.17361,45.44187],[9.17593,45.44121],[9.17613,45.43946],[9.17401,45.43837],[9.1717,45.43903],[9.1715,45.44078]]]}},{"type":"Feature","properties":{"i":6248},"geometry":{"type":"Polygon","coordinates":[[[9.17595,45.44122],[9.17809,45.44233],[9.18044,45.44166],[9.18064,45.43989],[9.1785,45.43878],[9.17616,45.43945],[9.17595,45.44122]]]}},{"type":"Feature","properties":{"i":6249},"geometry":{"type":"Polygon","coordinates":[[[9.16976,45.43784],[9.17171,45.43884],[9.17381,45.43824],[9.174,45.43665],[9.17205,45.43564],[9.16995,45.43624],[9.16976,45.43784]]]}},{"type":"Feature","properties":{"i":6250},"geometry":{"type":"Polygon","coordinates":[[[9.15467,45.43355],[9.15636,45.43443],[9.15817,45.43392],[9.15832,45.43255],[9.15663,45.43168],[9.15483,45.43219],[9.15467,45.43355]]]}},{"type":"Feature","properties":{"i":6251},"geometry":{"type":"Polygon","coordinates":[[[9.15918,45.43398],[9.16085,45.43485],[9.16262,45.43434],[9.16278,45.433],[9.16111,45.43214],[9.15934,45.43264],[9.15918,45.43398]]]}},{"type":"Feature","properties":{"i":6252},"geometry":{"type":"Polygon","coordinates":[[[9.15226,45.43083],[9.15437,45.43192],[9.15667,45.43126],[9.15687,45.42952],[9.15476,45.42844],[9.15246,45.42909],[9.15226,45.43083]]]}},{"type":"Feature","properties":{"i":6253},"geometry":{"type":"Polygon","coordinates":[[[9.15682,45.43124],[9.15886,45.43229],[9.16108,45.43166],[9.16127,45.42998],[9.15923,45.42893],[9.15702,45.42956],[9.15682,45.43124]]]}},{"type":"Feature","properties":{"i":6254},"geometry":{"type":"Polygon","coordinates":[[[9.15172,45.43612],[9.15376,45.43718],[9.15599,45.43654],[9.15618,45.43486],[9.15414,45.43381],[9.15192,45.43444],[9.15172,45.43612]]]}},{"type":"Feature","properties":{"i":6255},"geometry":{"type":"Polygon","coordinates":[[[9.15625,45.43655],[9.15825,45.43758],[9.16043,45.43696],[9.16062,45.43531],[9.15862,45.43428],[9.15644,45.4349],[9.15625,45.43655]]]}},{"type":"Feature","properties":{"i":6256},"geometry":{"type":"Polygon","coordinates":[[[9.14986,45.43322],[9.15184,45.43424],[9.15399,45.43363],[9.15417,45.43201],[9.1522,45.43099],[9.15005,45.4316],[9.14986,45.43322]]]}},{"type":"Feature","properties":{"i":6257},"geometry":{"type":"Polygon","coordinates":[[[9.19711,45.43519],[9.19919,45.43627],[9.20147,45.43562],[9.20166,45.4339],[9.19958,45.43282],[9.19731,45.43347],[9.19711,45.43519]]]}},{"type":"Feature","properties":{"i":6258},"geometry":{"type":"Polygon","coordinates":[[[9.20175,45.43558],[9.2037,45.43659],[9.20581,45.43598],[9.206,45.43438],[9.20405,45.43338],[9.20193,45.43398],[9.20175,45.43558]]]}},{"type":"Feature","properties":{"i":6259},"geometry":{"type":"Polygon","coordinates":[[[9.19568,45.43215],[9.19733,45.433],[9.19907,45.43251],[9.19923,45.43118],[9.19758,45.43033],[9.19583,45.43083],[9.19568,45.43215]]]}},{"type":"Feature","properties":{"i":6260},"geometry":{"type":"Polygon","coordinates":[[[9.19959,45.43277],[9.20173,45.43388],[9.20407,45.43321],[9.20428,45.43144],[9.20214,45.43033],[9.1998,45.431],[9.19959,45.43277]]]}},{"type":"Feature","properties":{"i":6261},"geometry":{"type":"Polygon","coordinates":[[[9.19455,45.43763],[9.19664,45.43871],[9.19893,45.43806],[9.19913,45.43633],[9.19704,45.43526],[9.19475,45.43591],[9.19455,45.43763]]]}},{"type":"Feature","properties":{"i":6262},"geometry":{"type":"Polygon","coordinates":[[[9.19915,45.43803],[9.20114,45.43906],[9.20331,45.43844],[9.2035,45.43681],[9.2015,45.43578],[9.19934,45.4364],[9.19915,45.43803]]]}},{"type":"Feature","properties":{"i":6263},"geometry":{"type":"Polygon","coordinates":[[[9.19289,45.43467],[9.19475,45.43563],[9.19674,45.43506],[9.19692,45.43355],[9.19506,45.43259],[9.19307,45.43316],[9.19289,45.43467]]]}},{"type":"Feature","properties":{"i":6264},"geometry":{"type":"Polygon","coordinates":[[[9.2108,45.43292],[9.211,45.43303],[9.211,45.43303],[9.2108,45.43292],[9.2108,45.43292]]]}},{"type":"Feature","properties":{"i":6265},"geometry":{"type":"Polygon","coordinates":[[[9.21427,45.43369],[9.21535,45.43425],[9.21641,45.43394],[9.2165,45.43313],[9.21542,45.43258],[9.21436,45.43288],[9.21427,45.43369]]]}},{"type":"Feature","properties":{"i":6266},"geometry":{"type":"Polygon","coordinates":[[[9.20713,45.4306],[9.20883,45.43148],[9.21064,45.43096],[9.2108,45.42959],[9.2091,45.42872],[9.20729,45.42924],[9.20713,45.4306]]]}},{"type":"Feature","properties":{"i":6267},"geometry":{"type":"Polygon","coordinates":[[[9.21265,45.43071],[9.21345,45.43112],[9.21418,45.43092],[9.21425,45.43036],[9.21344,45.42995],[9.21271,45.43015],[9.21265,45.43071]]]}},{"type":"Feature","properties":{"i":6268},"geometry":{"type":"Polygon","coordinates":[[[9.20676,45.43584],[9.20825,45.43661],[9.20981,45.43617],[9.20994,45.43499],[9.20846,45.43422],[9.2069,45.43466],[9.20676,45.43584]]]}},{"type":"Feature","properties":{"i":6269},"geometry":{"type":"Polygon","coordinates":[[[9.21057,45.4365],[9.21264,45.43757],[9.21491,45.43692],[9.21511,45.43521],[9.21303,45.43413],[9.21076,45.43478],[9.21057,45.4365]]]}},{"type":"Feature","properties":{"i":6270},"geometry":{"type":"Polygon","coordinates":[[[9.20447,45.43308],[9.20627,45.43401],[9.2082,45.43346],[9.20837,45.432],[9.20657,45.43107],[9.20464,45.43162],[9.20447,45.43308]]]}},{"type":"Feature","properties":{"i":6271},"geometry":{"type":"Polygon","coordinates":[[[9.19094,45.4283],[9.19113,45.42841],[9.19113,45.42841],[9.19094,45.4283],[9.19094,45.4283]]]}},{"type":"Feature","properties":{"i":6272},"geometry":{"type":"Polygon","coordinates":[[[9.19448,45.42904],[9.19549,45.42956],[9.19647,45.42928],[9.19655,45.42854],[9.19554,45.42802],[9.19457,45.4283],[9.19448,45.42904]]]}},{"type":"Feature","properties":{"i":6273},"geometry":{"type":"Polygon","coordinates":[[[9.189,45.42543],[9.1892,45.42553],[9.1892,45.42553],[9.189,45.42543],[9.189,45.42543]]]}},{"type":"Feature","properties":{"i":6274},"geometry":{"type":"Polygon","coordinates":[[[9.19348,45.42586],[9.19368,45.42597],[9.19368,45.42597],[9.19348,45.42586],[9.19348,45.42586]]]}},{"type":"Feature","properties":{"i":6275},"geometry":{"type":"Polygon","coordinates":[[[9.18796,45.43088],[9.18853,45.43117],[9.18897,45.43105],[9.18901,45.43071],[9.18844,45.43042],[9.188,45.43054],[9.18796,45.43088]]]}},{"type":"Feature","properties":{"i":6276},"geometry":{"type":"Polygon","coordinates":[[[9.192,45.43146],[9.19295,45.43195],[9.19386,45.43169],[9.19393,45.43101],[9.19299,45.43052],[9.19208,45.43077],[9.192,45.43146]]]}},{"type":"Feature","properties":{"i":6277},"geometry":{"type":"Polygon","coordinates":[[[9.18645,45.42787],[9.18665,45.42797],[9.18665,45.42797],[9.18645,45.42787],[9.18645,45.42787]]]}},{"type":"Feature","properties":{"i":6278},"geometry":{"type":"Polygon","coordinates":[[[9.2002,45.42746],[9.20234,45.42856],[9.20469,45.42789],[9.20489,45.42612],[9.20275,45.42501],[9.20041,45.42568],[9.2002,45.42746]]]}},{"type":"Feature","properties":{"i":6279},"geometry":{"type":"Polygon","coordinates":[[[9.2048,45.42785],[9.20684,45.42891],[9.20906,45.42827],[9.20926,45.42659],[9.20722,45.42554],[9.205,45.42617],[9.2048,45.42785]]]}},{"type":"Feature","properties":{"i":6280},"geometry":{"type":"Polygon","coordinates":[[[9.19881,45.4244],[9.20048,45.42526],[9.20225,45.42476],[9.20241,45.42342],[9.20074,45.42256],[9.19897,45.42306],[9.19881,45.4244]]]}},{"type":"Feature","properties":{"i":6281},"geometry":{"type":"Polygon","coordinates":[[[9.20307,45.42491],[9.20493,45.42587],[9.20694,45.4253],[9.20711,45.42378],[9.20525,45.42282],[9.20325,45.42339],[9.20307,45.42491]]]}},{"type":"Feature","properties":{"i":6282},"geometry":{"type":"Polygon","coordinates":[[[9.19823,45.42971],[9.19987,45.43056],[9.20162,45.43006],[9.20177,45.42874],[9.20012,45.42789],[9.19838,45.42839],[9.19823,45.42971]]]}},{"type":"Feature","properties":{"i":6283},"geometry":{"type":"Polygon","coordinates":[[[9.2022,45.43031],[9.20429,45.43139],[9.20657,45.43074],[9.20677,45.42901],[9.20468,45.42793],[9.20239,45.42859],[9.2022,45.43031]]]}},{"type":"Feature","properties":{"i":6284},"geometry":{"type":"Polygon","coordinates":[[[9.19665,45.42672],[9.19799,45.42741],[9.19936,45.42702],[9.19948,45.42598],[9.19814,45.42529],[9.19677,45.42568],[9.19665,45.42672]]]}},{"type":"Feature","properties":{"i":6285},"geometry":{"type":"Polygon","coordinates":[[[9.19421,45.44286],[9.19607,45.44382],[9.19807,45.44325],[9.19825,45.44174],[9.19639,45.44078],[9.19439,45.44135],[9.19421,45.44286]]]}},{"type":"Feature","properties":{"i":6286},"geometry":{"type":"Polygon","coordinates":[[[9.19928,45.44311],[9.20063,45.44381],[9.20203,45.44342],[9.20215,45.44236],[9.20079,45.44166],[9.1994,45.44206],[9.19928,45.44311]]]}},{"type":"Feature","properties":{"i":6287},"geometry":{"type":"Polygon","coordinates":[[[9.19209,45.44005],[9.19411,45.44109],[9.19631,45.44046],[9.1965,45.4388],[9.19448,45.43776],[9.19228,45.43839],[9.19209,45.44005]]]}},{"type":"Feature","properties":{"i":6288},"geometry":{"type":"Polygon","coordinates":[[[9.19643,45.44053],[9.19857,45.44163],[9.20092,45.44097],[9.20112,45.43919],[9.19898,45.43809],[9.19664,45.43876],[9.19643,45.44053]]]}},{"type":"Feature","properties":{"i":6289},"geometry":{"type":"Polygon","coordinates":[[[9.19185,45.44525],[9.19355,45.44612],[9.19536,45.44561],[9.19551,45.44424],[9.19382,45.44336],[9.19201,45.44388],[9.19185,45.44525]]]}},{"type":"Feature","properties":{"i":6290},"geometry":{"type":"Polygon","coordinates":[[[9.19638,45.44567],[9.19804,45.44652],[9.1998,45.44602],[9.19995,45.44469],[9.19829,45.44383],[9.19654,45.44434],[9.19638,45.44567]]]}},{"type":"Feature","properties":{"i":6291},"geometry":{"type":"Polygon","coordinates":[[[9.1897,45.44244],[9.19158,45.44341],[9.19361,45.44283],[9.19379,45.44129],[9.19191,45.44032],[9.18988,45.4409],[9.1897,45.44244]]]}},{"type":"Feature","properties":{"i":6292},"geometry":{"type":"Polygon","coordinates":[[[9.20606,45.44119],[9.20763,45.442],[9.20928,45.44153],[9.20943,45.44028],[9.20786,45.43947],[9.2062,45.43994],[9.20606,45.44119]]]}},{"type":"Feature","properties":{"i":6293},"geometry":{"type":"Polygon","coordinates":[[[9.20988,45.44184],[9.21202,45.44294],[9.21437,45.44227],[9.21457,45.4405],[9.21243,45.4394],[9.21009,45.44006],[9.20988,45.44184]]]}},{"type":"Feature","properties":{"i":6294},"geometry":{"type":"Polygon","coordinates":[[[9.20484,45.43808],[9.20579,45.43857],[9.20669,45.43832],[9.20677,45.43763],[9.20582,45.43714],[9.20492,45.4374],[9.20484,45.43808]]]}},{"type":"Feature","properties":{"i":6295},"geometry":{"type":"Polygon","coordinates":[[[9.20811,45.43891],[9.21011,45.43994],[9.21228,45.43932],[9.21247,45.43768],[9.21047,45.43664],[9.2083,45.43726],[9.20811,45.43891]]]}},{"type":"Feature","properties":{"i":6296},"geometry":{"type":"Polygon","coordinates":[[[9.20392,45.4435],[9.20514,45.44413],[9.20636,45.44378],[9.20647,45.44285],[9.20525,45.44222],[9.20403,45.44257],[9.20392,45.4435]]]}},{"type":"Feature","properties":{"i":6297},"geometry":{"type":"Polygon","coordinates":[[[9.20738,45.44426],[9.20948,45.44535],[9.21178,45.44469],[9.21198,45.44295],[9.20988,45.44187],[9.20758,45.44253],[9.20738,45.44426]]]}},{"type":"Feature","properties":{"i":6298},"geometry":{"type":"Polygon","coordinates":[[[9.20154,45.44077],[9.20314,45.44159],[9.20483,45.44111],[9.20498,45.43983],[9.20338,45.439],[9.20169,45.43948],[9.20154,45.44077]]]}},{"type":"Feature","properties":{"i":6299},"geometry":{"type":"Polygon","coordinates":[[[9.18638,45.43651],[9.18779,45.43724],[9.18925,45.43682],[9.18937,45.43571],[9.18796,45.43499],[9.1865,45.4354],[9.18638,45.43651]]]}},{"type":"Feature","properties":{"i":6300},"geometry":{"type":"Polygon","coordinates":[[[9.19036,45.4371],[9.1922,45.43805],[9.19418,45.43749],[9.19435,45.43599],[9.19251,45.43504],[9.19054,45.43561],[9.19036,45.4371]]]}},{"type":"Feature","properties":{"i":6301},"geometry":{"type":"Polygon","coordinates":[[[9.18372,45.43387],[9.18575,45.43492],[9.18797,45.43428],[9.18816,45.43261],[9.18613,45.43155],[9.18391,45.43219],[9.18372,45.43387]]]}},{"type":"Feature","properties":{"i":6302},"geometry":{"type":"Polygon","coordinates":[[[9.18968,45.43383],[9.19044,45.43422],[9.1911,45.43403],[9.19116,45.43352],[9.19041,45.43313],[9.18974,45.43332],[9.18968,45.43383]]]}},{"type":"Feature","properties":{"i":6303},"geometry":{"type":"Polygon","coordinates":[[[9.18311,45.43918],[9.18514,45.44023],[9.18736,45.4396],[9.18755,45.43792],[9.18551,45.43687],[9.1833,45.4375],[9.18311,45.43918]]]}},{"type":"Feature","properties":{"i":6304},"geometry":{"type":"Polygon","coordinates":[[[9.1876,45.43961],[9.18962,45.44066],[9.19183,45.44003],[9.19202,45.43836],[9.19,45.43732],[9.18779,45.43795],[9.1876,45.43961]]]}},{"type":"Feature","properties":{"i":6305},"geometry":{"type":"Polygon","coordinates":[[[9.18105,45.43634],[9.18319,45.43745],[9.18553,45.43678],[9.18574,45.43501],[9.1836,45.4339],[9.18125,45.43457],[9.18105,45.43634]]]}},{"type":"Feature","properties":{"i":6306},"geometry":{"type":"Polygon","coordinates":[[[9.16137,45.46936],[9.16351,45.47047],[9.16586,45.4698],[9.16606,45.46803],[9.16392,45.46692],[9.16158,45.46759],[9.16137,45.46936]]]}},{"type":"Feature","properties":{"i":6307},"geometry":{"type":"Polygon","coordinates":[[[9.16599,45.46976],[9.16802,45.4708],[9.17022,45.47017],[9.17041,45.46851],[9.16839,45.46746],[9.16618,45.46809],[9.16599,45.46976]]]}},{"type":"Feature","properties":{"i":6308},"geometry":{"type":"Polygon","coordinates":[[[9.15944,45.46649],[9.16158,45.46759],[9.16392,45.46692],[9.16413,45.46515],[9.16199,45.46405],[9.15964,45.46471],[9.15944,45.46649]]]}},{"type":"Feature","properties":{"i":6309},"geometry":{"type":"Polygon","coordinates":[[[9.16392,45.46692],[9.16606,45.46803],[9.16841,45.46736],[9.16861,45.46559],[9.16647,45.46448],[9.16413,45.46515],[9.16392,45.46692]]]}},{"type":"Feature","properties":{"i":6310},"geometry":{"type":"Polygon","coordinates":[[[9.15883,45.4718],[9.16096,45.4729],[9.1633,45.47223],[9.16351,45.47047],[9.16137,45.46937],[9.15903,45.47003],[9.15883,45.4718]]]}},{"type":"Feature","properties":{"i":6311},"geometry":{"type":"Polygon","coordinates":[[[9.16338,45.47221],[9.16546,45.47328],[9.16772,45.47264],[9.16792,45.47093],[9.16585,45.46986],[9.16358,45.4705],[9.16338,45.47221]]]}},{"type":"Feature","properties":{"i":6312},"geometry":{"type":"Polygon","coordinates":[[[9.15691,45.46892],[9.15903,45.47001],[9.16135,45.46935],[9.16155,45.4676],[9.15943,45.4665],[9.15712,45.46716],[9.15691,45.46892]]]}},{"type":"Feature","properties":{"i":6313},"geometry":{"type":"Polygon","coordinates":[[[9.17306,45.46775],[9.17505,45.46878],[9.17722,45.46816],[9.17741,45.46652],[9.17542,45.46549],[9.17324,45.4661],[9.17306,45.46775]]]}},{"type":"Feature","properties":{"i":6314},"geometry":{"type":"Polygon","coordinates":[[[9.17773,45.46812],[9.17956,45.46907],[9.18153,45.46851],[9.18171,45.46701],[9.17987,45.46607],[9.1779,45.46663],[9.17773,45.46812]]]}},{"type":"Feature","properties":{"i":6315},"geometry":{"type":"Polygon","coordinates":[[[9.17104,45.46489],[9.17311,45.46596],[9.17536,45.46532],[9.17556,45.46362],[9.17349,45.46255],[9.17124,45.46319],[9.17104,45.46489]]]}},{"type":"Feature","properties":{"i":6316},"geometry":{"type":"Polygon","coordinates":[[[9.17551,45.46534],[9.17759,45.46641],[9.17985,45.46576],[9.18005,45.46405],[9.17798,45.46298],[9.17571,45.46362],[9.17551,45.46534]]]}},{"type":"Feature","properties":{"i":6317},"geometry":{"type":"Polygon","coordinates":[[[9.17043,45.47021],[9.17249,45.47128],[9.17475,45.47063],[9.17494,45.46893],[9.17288,45.46786],[9.17062,45.46851],[9.17043,45.47021]]]}},{"type":"Feature","properties":{"i":6318},"geometry":{"type":"Polygon","coordinates":[[[9.17571,45.47039],[9.17709,45.4711],[9.1785,45.4707],[9.17863,45.46962],[9.17725,45.46892],[9.17584,45.46932],[9.17571,45.47039]]]}},{"type":"Feature","properties":{"i":6319},"geometry":{"type":"Polygon","coordinates":[[[9.16853,45.46732],[9.17056,45.46837],[9.17277,45.46774],[9.17297,45.46607],[9.17094,45.46502],[9.16873,45.46565],[9.16853,45.46732]]]}},{"type":"Feature","properties":{"i":6320},"geometry":{"type":"Polygon","coordinates":[[[9.15302,45.46317],[9.15516,45.46428],[9.1575,45.46361],[9.15771,45.46184],[9.15557,45.46073],[9.15322,45.4614],[9.15302,45.46317]]]}},{"type":"Feature","properties":{"i":6321},"geometry":{"type":"Polygon","coordinates":[[[9.1575,45.46361],[9.15964,45.46471],[9.16199,45.46405],[9.16219,45.46228],[9.16005,45.46117],[9.15771,45.46184],[9.1575,45.46361]]]}},{"type":"Feature","properties":{"i":6322},"geometry":{"type":"Polygon","coordinates":[[[9.15109,45.4603],[9.15322,45.4614],[9.15557,45.46073],[9.15577,45.45896],[9.15363,45.45786],[9.15129,45.45852],[9.15109,45.4603]]]}},{"type":"Feature","properties":{"i":6323},"geometry":{"type":"Polygon","coordinates":[[[9.15557,45.46073],[9.15771,45.46184],[9.16005,45.46117],[9.16026,45.4594],[9.15812,45.4583],[9.15577,45.45896],[9.15557,45.46073]]]}},{"type":"Feature","properties":{"i":6324},"geometry":{"type":"Polygon","coordinates":[[[9.15052,45.46559],[9.15262,45.46667],[9.15491,45.46602],[9.15511,45.46429],[9.15301,45.46321],[9.15072,45.46386],[9.15052,45.46559]]]}},{"type":"Feature","properties":{"i":6325},"geometry":{"type":"Polygon","coordinates":[[[9.15497,45.46604],[9.1571,45.46714],[9.15943,45.46648],[9.15963,45.46472],[9.1575,45.46362],[9.15517,45.46428],[9.15497,45.46604]]]}},{"type":"Feature","properties":{"i":6326},"geometry":{"type":"Polygon","coordinates":[[[9.14854,45.46273],[9.15068,45.46384],[9.15302,45.46317],[9.15322,45.4614],[9.15109,45.4603],[9.14874,45.46096],[9.14854,45.46273]]]}},{"type":"Feature","properties":{"i":6327},"geometry":{"type":"Polygon","coordinates":[[[9.16478,45.46153],[9.16671,45.46252],[9.16879,45.46193],[9.16897,45.46035],[9.16705,45.45936],[9.16497,45.45995],[9.16478,45.46153]]]}},{"type":"Feature","properties":{"i":6328},"geometry":{"type":"Polygon","coordinates":[[[9.16917,45.462],[9.17118,45.46303],[9.17336,45.46241],[9.17355,45.46076],[9.17155,45.45973],[9.16936,45.46035],[9.16917,45.462]]]}},{"type":"Feature","properties":{"i":6329},"geometry":{"type":"Polygon","coordinates":[[[9.1626,45.45873],[9.16474,45.45984],[9.16708,45.45917],[9.16729,45.4574],[9.16515,45.45629],[9.1628,45.45696],[9.1626,45.45873]]]}},{"type":"Feature","properties":{"i":6330},"geometry":{"type":"Polygon","coordinates":[[[9.16708,45.45917],[9.16922,45.46027],[9.17157,45.45961],[9.17177,45.45784],[9.16963,45.45673],[9.16729,45.4574],[9.16708,45.45917]]]}},{"type":"Feature","properties":{"i":6331},"geometry":{"type":"Polygon","coordinates":[[[9.1621,45.46401],[9.16414,45.46506],[9.16637,45.46443],[9.16656,45.46275],[9.16452,45.4617],[9.1623,45.46233],[9.1621,45.46401]]]}},{"type":"Feature","properties":{"i":6332},"geometry":{"type":"Polygon","coordinates":[[[9.16661,45.46444],[9.16863,45.46548],[9.17083,45.46486],[9.17102,45.4632],[9.169,45.46215],[9.1668,45.46278],[9.16661,45.46444]]]}},{"type":"Feature","properties":{"i":6333},"geometry":{"type":"Polygon","coordinates":[[[9.16005,45.46117],[9.16219,45.46228],[9.16454,45.46161],[9.16474,45.45984],[9.1626,45.45873],[9.16026,45.4594],[9.16005,45.46117]]]}},{"type":"Feature","properties":{"i":6334},"geometry":{"type":"Polygon","coordinates":[[[9.15821,45.47711],[9.16035,45.47822],[9.16269,45.47755],[9.1629,45.47578],[9.16076,45.47468],[9.15841,45.47534],[9.15821,45.47711]]]}},{"type":"Feature","properties":{"i":6335},"geometry":{"type":"Polygon","coordinates":[[[9.16291,45.47748],[9.16486,45.47849],[9.16698,45.47789],[9.16717,45.47629],[9.16521,45.47528],[9.1631,45.47588],[9.16291,45.47748]]]}},{"type":"Feature","properties":{"i":6336},"geometry":{"type":"Polygon","coordinates":[[[9.15628,45.47424],[9.15841,45.47534],[9.16076,45.47468],[9.16096,45.4729],[9.15882,45.4718],[9.15648,45.47247],[9.15628,45.47424]]]}},{"type":"Feature","properties":{"i":6337},"geometry":{"type":"Polygon","coordinates":[[[9.1611,45.47457],[9.16295,45.47552],[9.16494,45.47496],[9.16511,45.47345],[9.16326,45.47249],[9.16127,45.47306],[9.1611,45.47457]]]}},{"type":"Feature","properties":{"i":6338},"geometry":{"type":"Polygon","coordinates":[[[9.15791,45.47883],[9.1581,45.47894],[9.1581,45.47894],[9.15791,45.47883],[9.15791,45.47883]]]}},{"type":"Feature","properties":{"i":6339},"geometry":{"type":"Polygon","coordinates":[[[9.16015,45.47999],[9.16229,45.48109],[9.16463,45.48043],[9.16483,45.47866],[9.16269,45.47755],[9.16035,45.47822],[9.16015,45.47999]]]}},{"type":"Feature","properties":{"i":6340},"geometry":{"type":"Polygon","coordinates":[[[9.15446,45.47644],[9.15597,45.47722],[9.15754,45.47677],[9.15768,45.47558],[9.15617,45.4748],[9.1546,45.47525],[9.15446,45.47644]]]}},{"type":"Feature","properties":{"i":6341},"geometry":{"type":"Polygon","coordinates":[[[9.17014,45.47542],[9.17192,45.47634],[9.17384,45.47579],[9.174,45.47435],[9.17222,45.47343],[9.17031,45.47397],[9.17014,45.47542]]]}},{"type":"Feature","properties":{"i":6342},"geometry":{"type":"Polygon","coordinates":[[[9.17544,45.4756],[9.17652,45.47615],[9.17758,45.47585],[9.17768,45.47505],[9.17659,45.47449],[9.17553,45.47479],[9.17544,45.4756]]]}},{"type":"Feature","properties":{"i":6343},"geometry":{"type":"Polygon","coordinates":[[[9.16795,45.47262],[9.16995,45.47366],[9.17213,45.47304],[9.17232,45.47139],[9.17032,45.47036],[9.16814,45.47098],[9.16795,45.47262]]]}},{"type":"Feature","properties":{"i":6344},"geometry":{"type":"Polygon","coordinates":[[[9.17444,45.47242],[9.17471,45.47256],[9.1748,45.47254],[9.17481,45.47247],[9.17453,45.47233],[9.17444,45.47235],[9.17444,45.47242]]]}},{"type":"Feature","properties":{"i":6345},"geometry":{"type":"Polygon","coordinates":[[[9.16718,45.47799],[9.16932,45.47909],[9.17166,45.47843],[9.17187,45.47665],[9.16973,45.47555],[9.16738,45.47622],[9.16718,45.47799]]]}},{"type":"Feature","properties":{"i":6346},"geometry":{"type":"Polygon","coordinates":[[[9.17166,45.47843],[9.1738,45.47953],[9.17615,45.47886],[9.17635,45.47709],[9.17421,45.47599],[9.17187,45.47665],[9.17166,45.47843]]]}},{"type":"Feature","properties":{"i":6347},"geometry":{"type":"Polygon","coordinates":[[[9.16551,45.47503],[9.16742,45.47602],[9.16949,45.47543],[9.16967,45.47386],[9.16776,45.47288],[9.16569,45.47346],[9.16551,45.47503]]]}},{"type":"Feature","properties":{"i":6348},"geometry":{"type":"Polygon","coordinates":[[[9.14986,45.47092],[9.152,45.47203],[9.15434,45.47136],[9.15454,45.46959],[9.15241,45.46849],[9.15006,45.46915],[9.14986,45.47092]]]}},{"type":"Feature","properties":{"i":6349},"geometry":{"type":"Polygon","coordinates":[[[9.15452,45.4713],[9.1565,45.47233],[9.15866,45.47172],[9.15885,45.47009],[9.15686,45.46906],[9.15471,45.46967],[9.15452,45.4713]]]}},{"type":"Feature","properties":{"i":6350},"geometry":{"type":"Polygon","coordinates":[[[9.14792,45.46805],[9.15006,45.46915],[9.15241,45.46849],[9.15261,45.46671],[9.15047,45.46561],[9.14813,45.46628],[9.14792,45.46805]]]}},{"type":"Feature","properties":{"i":6351},"geometry":{"type":"Polygon","coordinates":[[[9.15241,45.46848],[9.15455,45.46959],[9.15688,45.46892],[9.15709,45.46715],[9.15495,45.46605],[9.15262,45.46672],[9.15241,45.46848]]]}},{"type":"Feature","properties":{"i":6352},"geometry":{"type":"Polygon","coordinates":[[[9.14731,45.47336],[9.14945,45.47447],[9.15179,45.4738],[9.152,45.47203],[9.14986,45.47092],[9.14751,45.47159],[9.14731,45.47336]]]}},{"type":"Feature","properties":{"i":6353},"geometry":{"type":"Polygon","coordinates":[[[9.15196,45.47375],[9.15395,45.47477],[9.15612,45.47416],[9.15631,45.47252],[9.15432,45.47149],[9.15215,45.47211],[9.15196,45.47375]]]}},{"type":"Feature","properties":{"i":6354},"geometry":{"type":"Polygon","coordinates":[[[9.14543,45.47047],[9.14752,45.47155],[9.14981,45.4709],[9.15001,45.46917],[9.14791,45.46809],[9.14563,45.46874],[9.14543,45.47047]]]}},{"type":"Feature","properties":{"i":6355},"geometry":{"type":"Polygon","coordinates":[[[9.19312,45.47231],[9.19495,45.47326],[9.19693,45.47269],[9.1971,45.4712],[9.19526,45.47025],[9.19329,45.47081],[9.19312,45.47231]]]}},{"type":"Feature","properties":{"i":6356},"geometry":{"type":"Polygon","coordinates":[[[9.19798,45.47263],[9.19949,45.4734],[9.20107,45.47295],[9.20121,45.47176],[9.1997,45.47098],[9.19812,45.47143],[9.19798,45.47263]]]}},{"type":"Feature","properties":{"i":6357},"geometry":{"type":"Polygon","coordinates":[[[9.19118,45.46943],[9.19302,45.47038],[9.19499,45.46982],[9.19516,45.46832],[9.19333,45.46738],[9.19135,45.46794],[9.19118,45.46943]]]}},{"type":"Feature","properties":{"i":6358},"geometry":{"type":"Polygon","coordinates":[[[9.19565,45.46987],[9.1975,45.47083],[9.19949,45.47026],[9.19966,45.46876],[9.19781,45.4678],[9.19583,45.46837],[9.19565,45.46987]]]}},{"type":"Feature","properties":{"i":6359},"geometry":{"type":"Polygon","coordinates":[[[9.19043,45.47479],[9.19239,45.4758],[9.1945,45.4752],[9.19469,45.47359],[9.19273,45.47259],[9.19062,45.47319],[9.19043,45.47479]]]}},{"type":"Feature","properties":{"i":6360},"geometry":{"type":"Polygon","coordinates":[[[9.19571,45.47497],[9.19698,45.47563],[9.19827,45.47526],[9.19838,45.47428],[9.19711,45.47363],[9.19582,45.474],[9.19571,45.47497]]]}},{"type":"Feature","properties":{"i":6361},"geometry":{"type":"Polygon","coordinates":[[[9.18855,45.4719],[9.19046,45.47288],[9.19251,45.47229],[9.19269,45.47074],[9.19079,45.46976],[9.18873,45.47034],[9.18855,45.4719]]]}},{"type":"Feature","properties":{"i":6362},"geometry":{"type":"Polygon","coordinates":[[[9.20428,45.47085],[9.20642,45.47196],[9.20877,45.47129],[9.20897,45.46952],[9.20683,45.46842],[9.20449,45.46908],[9.20428,45.47085]]]}},{"type":"Feature","properties":{"i":6363},"geometry":{"type":"Polygon","coordinates":[[[9.20877,45.47129],[9.21091,45.47239],[9.21325,45.47173],[9.21346,45.46996],[9.21132,45.46885],[9.20897,45.46952],[9.20877,45.47129]]]}},{"type":"Feature","properties":{"i":6364},"geometry":{"type":"Polygon","coordinates":[[[9.20248,45.46794],[9.2045,45.46898],[9.20671,45.46835],[9.2069,45.46669],[9.20488,45.46564],[9.20267,45.46627],[9.20248,45.46794]]]}},{"type":"Feature","properties":{"i":6365},"geometry":{"type":"Polygon","coordinates":[[[9.20683,45.46842],[9.20897,45.46952],[9.21132,45.46885],[9.21152,45.46708],[9.20938,45.46598],[9.20703,45.46664],[9.20683,45.46842]]]}},{"type":"Feature","properties":{"i":6366},"geometry":{"type":"Polygon","coordinates":[[[9.20202,45.4732],[9.20391,45.47418],[9.20596,45.4736],[9.20614,45.47205],[9.20424,45.47107],[9.2022,45.47165],[9.20202,45.4732]]]}},{"type":"Feature","properties":{"i":6367},"geometry":{"type":"Polygon","coordinates":[[[9.20622,45.47373],[9.20836,45.47483],[9.21071,45.47417],[9.21091,45.47239],[9.20877,45.47129],[9.20642,45.47196],[9.20622,45.47373]]]}},{"type":"Feature","properties":{"i":6368},"geometry":{"type":"Polygon","coordinates":[[[9.19992,45.47038],[9.20196,45.47143],[9.20417,45.4708],[9.20436,45.46912],[9.20233,45.46808],[9.20012,45.46871],[9.19992,45.47038]]]}},{"type":"Feature","properties":{"i":6369},"geometry":{"type":"Polygon","coordinates":[[[9.18536,45.46593],[9.18668,45.4666],[9.18802,45.46622],[9.18814,45.46521],[9.18682,45.46453],[9.18548,45.46491],[9.18536,45.46593]]]}},{"type":"Feature","properties":{"i":6370},"geometry":{"type":"Polygon","coordinates":[[[9.18985,45.46636],[9.19116,45.46704],[9.1925,45.46666],[9.19262,45.46564],[9.19131,45.46497],[9.18997,45.46535],[9.18985,45.46636]]]}},{"type":"Feature","properties":{"i":6371},"geometry":{"type":"Polygon","coordinates":[[[9.18258,45.46332],[9.18463,45.46438],[9.18685,45.46374],[9.18705,45.46206],[9.185,45.461],[9.18278,45.46164],[9.18258,45.46332]]]}},{"type":"Feature","properties":{"i":6372},"geometry":{"type":"Polygon","coordinates":[[[9.18762,45.46358],[9.18919,45.46439],[9.19084,45.46392],[9.19098,45.46267],[9.18941,45.46186],[9.18776,45.46233],[9.18762,45.46358]]]}},{"type":"Feature","properties":{"i":6373},"geometry":{"type":"Polygon","coordinates":[[[9.18214,45.46858],[9.18404,45.46956],[9.18608,45.46898],[9.18626,45.46743],[9.18437,45.46645],[9.18232,45.46703],[9.18214,45.46858]]]}},{"type":"Feature","properties":{"i":6374},"geometry":{"type":"Polygon","coordinates":[[[9.18688,45.46894],[9.18856,45.4698],[9.19034,45.46929],[9.19049,45.46795],[9.18882,45.46708],[9.18704,45.46759],[9.18688,45.46894]]]}},{"type":"Feature","properties":{"i":6375},"geometry":{"type":"Polygon","coordinates":[[[9.18026,45.46569],[9.18211,45.46664],[9.1841,45.46608],[9.18428,45.46457],[9.18243,45.46361],[9.18043,45.46418],[9.18026,45.46569]]]}},{"type":"Feature","properties":{"i":6376},"geometry":{"type":"Polygon","coordinates":[[[9.19617,45.46459],[9.1981,45.46558],[9.20019,45.46499],[9.20037,45.46341],[9.19844,45.46242],[9.19635,45.46301],[9.19617,45.46459]]]}},{"type":"Feature","properties":{"i":6377},"geometry":{"type":"Polygon","coordinates":[[[9.20061,45.46504],[9.20258,45.46605],[9.20471,45.46544],[9.20489,45.46383],[9.20293,45.46282],[9.2008,45.46343],[9.20061,45.46504]]]}},{"type":"Feature","properties":{"i":6378},"geometry":{"type":"Polygon","coordinates":[[[9.19427,45.4617],[9.19617,45.46268],[9.19822,45.4621],[9.19839,45.46055],[9.1965,45.45957],[9.19445,45.46015],[9.19427,45.4617]]]}},{"type":"Feature","properties":{"i":6379},"geometry":{"type":"Polygon","coordinates":[[[9.19875,45.46214],[9.20065,45.46312],[9.20271,45.46253],[9.20288,45.46098],[9.20098,45.46],[9.19893,45.46059],[9.19875,45.46214]]]}},{"type":"Feature","properties":{"i":6380},"geometry":{"type":"Polygon","coordinates":[[[9.19406,45.46689],[9.19561,45.46769],[9.19724,45.46722],[9.19738,45.46599],[9.19583,45.46519],[9.1942,45.46566],[9.19406,45.46689]]]}},{"type":"Feature","properties":{"i":6381},"geometry":{"type":"Polygon","coordinates":[[[9.19819,45.46744],[9.20005,45.4684],[9.20205,45.46783],[9.20222,45.46631],[9.20036,45.46535],[9.19836,45.46592],[9.19819,45.46744]]]}},{"type":"Feature","properties":{"i":6382},"geometry":{"type":"Polygon","coordinates":[[[9.19222,45.46398],[9.19369,45.46474],[9.19522,45.4643],[9.19535,45.46315],[9.19388,45.46239],[9.19235,45.46282],[9.19222,45.46398]]]}},{"type":"Feature","properties":{"i":6383},"geometry":{"type":"Polygon","coordinates":[[[9.18982,45.4801],[9.19177,45.48111],[9.19389,45.48051],[9.19407,45.47891],[9.19212,45.4779],[9.19001,45.47851],[9.18982,45.4801]]]}},{"type":"Feature","properties":{"i":6384},"geometry":{"type":"Polygon","coordinates":[[[9.19428,45.48055],[9.19626,45.48157],[9.1984,45.48096],[9.19859,45.47934],[9.19661,45.47832],[9.19447,45.47893],[9.19428,45.48055]]]}},{"type":"Feature","properties":{"i":6385},"geometry":{"type":"Polygon","coordinates":[[[9.18767,45.4773],[9.18981,45.4784],[9.19215,45.47774],[9.19236,45.47596],[9.19022,45.47486],[9.18787,45.47553],[9.18767,45.4773]]]}},{"type":"Feature","properties":{"i":6386},"geometry":{"type":"Polygon","coordinates":[[[9.19227,45.4777],[9.19431,45.47875],[9.19653,45.47812],[9.19673,45.47644],[9.19469,45.47538],[9.19246,45.47602],[9.19227,45.4777]]]}},{"type":"Feature","properties":{"i":6387},"geometry":{"type":"Polygon","coordinates":[[[9.18717,45.48258],[9.18921,45.48363],[9.19144,45.483],[9.19163,45.48132],[9.18959,45.48026],[9.18736,45.4809],[9.18717,45.48258]]]}},{"type":"Feature","properties":{"i":6388},"geometry":{"type":"Polygon","coordinates":[[[9.19204,45.48289],[9.19375,45.48377],[9.19557,45.48325],[9.19573,45.48188],[9.19402,45.481],[9.1922,45.48151],[9.19204,45.48289]]]}},{"type":"Feature","properties":{"i":6389},"geometry":{"type":"Polygon","coordinates":[[[9.18513,45.47973],[9.18726,45.48084],[9.1896,45.48017],[9.1898,45.47841],[9.18767,45.47731],[9.18533,45.47797],[9.18513,45.47973]]]}},{"type":"Feature","properties":{"i":6390},"geometry":{"type":"Polygon","coordinates":[[[9.20112,45.47861],[9.20326,45.47971],[9.20561,45.47904],[9.20581,45.47727],[9.20367,45.47617],[9.20133,45.47684],[9.20112,45.47861]]]}},{"type":"Feature","properties":{"i":6391},"geometry":{"type":"Polygon","coordinates":[[[9.20561,45.47904],[9.20775,45.48015],[9.2101,45.47948],[9.2103,45.47771],[9.20816,45.47661],[9.20581,45.47727],[9.20561,45.47904]]]}},{"type":"Feature","properties":{"i":6392},"geometry":{"type":"Polygon","coordinates":[[[9.19962,45.47559],[9.20139,45.47651],[9.20328,45.47597],[9.20344,45.47454],[9.20168,45.47363],[9.19978,45.47416],[9.19962,45.47559]]]}},{"type":"Feature","properties":{"i":6393},"geometry":{"type":"Polygon","coordinates":[[[9.20367,45.47617],[9.20581,45.47727],[9.20816,45.47661],[9.20836,45.47483],[9.20622,45.47373],[9.20388,45.4744],[9.20367,45.47617]]]}},{"type":"Feature","properties":{"i":6394},"geometry":{"type":"Polygon","coordinates":[[[9.19858,45.48105],[9.20072,45.48215],[9.20306,45.48148],[9.20326,45.47971],[9.20112,45.47861],[9.19878,45.47928],[9.19858,45.48105]]]}},{"type":"Feature","properties":{"i":6395},"geometry":{"type":"Polygon","coordinates":[[[9.20308,45.48148],[9.20521,45.48257],[9.20753,45.48191],[9.20773,45.48016],[9.20561,45.47906],[9.20328,45.47972],[9.20308,45.48148]]]}},{"type":"Feature","properties":{"i":6396},"geometry":{"type":"Polygon","coordinates":[[[9.19684,45.47811],[9.19881,45.47912],[9.20094,45.47851],[9.20112,45.4769],[9.19916,45.47589],[9.19703,45.4765],[9.19684,45.47811]]]}},{"type":"Feature","properties":{"i":6397},"geometry":{"type":"Polygon","coordinates":[[[9.18125,45.47399],[9.18339,45.47509],[9.18573,45.47442],[9.18594,45.47265],[9.18379,45.47155],[9.18145,45.47222],[9.18125,45.47399]]]}},{"type":"Feature","properties":{"i":6398},"geometry":{"type":"Polygon","coordinates":[[[9.18586,45.47438],[9.18789,45.47543],[9.1901,45.4748],[9.19029,45.47313],[9.18826,45.47209],[9.18606,45.47271],[9.18586,45.47438]]]}},{"type":"Feature","properties":{"i":6399},"geometry":{"type":"Polygon","coordinates":[[[9.17967,45.471],[9.1815,45.47194],[9.18347,45.47138],[9.18364,45.46989],[9.18181,45.46895],[9.17984,45.46951],[9.17967,45.471]]]}},{"type":"Feature","properties":{"i":6400},"geometry":{"type":"Polygon","coordinates":[[[9.18392,45.47151],[9.18595,45.47256],[9.18817,45.47193],[9.18836,45.47025],[9.18633,45.4692],[9.18411,45.46983],[9.18392,45.47151]]]}},{"type":"Feature","properties":{"i":6401},"geometry":{"type":"Polygon","coordinates":[[[9.17904,45.47632],[9.18088,45.47727],[9.18287,45.4767],[9.18305,45.4752],[9.1812,45.47425],[9.17921,45.47481],[9.17904,45.47632]]]}},{"type":"Feature","properties":{"i":6402},"geometry":{"type":"Polygon","coordinates":[[[9.18318,45.47686],[9.18532,45.47797],[9.18767,45.4773],[9.18787,45.47553],[9.18573,45.47442],[9.18339,45.47509],[9.18318,45.47686]]]}},{"type":"Feature","properties":{"i":6403},"geometry":{"type":"Polygon","coordinates":[[[9.17802,45.47315],[9.17907,45.47369],[9.1801,45.4734],[9.18019,45.47262],[9.17914,45.47207],[9.17811,45.47237],[9.17802,45.47315]]]}},{"type":"Feature","properties":{"i":6404},"geometry":{"type":"Polygon","coordinates":[[[9.14805,45.44916],[9.15,45.45017],[9.15212,45.44957],[9.1523,45.44796],[9.15035,45.44695],[9.14823,45.44756],[9.14805,45.44916]]]}},{"type":"Feature","properties":{"i":6405},"geometry":{"type":"Polygon","coordinates":[[[9.15291,45.44948],[9.15453,45.45032],[9.15626,45.44983],[9.15641,45.44852],[9.15478,45.44768],[9.15306,45.44817],[9.15291,45.44948]]]}},{"type":"Feature","properties":{"i":6406},"geometry":{"type":"Polygon","coordinates":[[[9.1468,45.44606],[9.14816,45.44676],[9.14955,45.44637],[9.14968,45.44531],[9.14832,45.44461],[9.14693,45.445],[9.1468,45.44606]]]}},{"type":"Feature","properties":{"i":6407},"geometry":{"type":"Polygon","coordinates":[[[9.15099,45.4466],[9.1526,45.44743],[9.15431,45.44694],[9.15446,45.44565],[9.15284,45.44482],[9.15114,45.4453],[9.15099,45.4466]]]}},{"type":"Feature","properties":{"i":6408},"geometry":{"type":"Polygon","coordinates":[[[9.14528,45.45167],[9.14742,45.45277],[9.14977,45.4521],[9.14997,45.45033],[9.14783,45.44923],[9.14549,45.4499],[9.14528,45.45167]]]}},{"type":"Feature","properties":{"i":6409},"geometry":{"type":"Polygon","coordinates":[[[9.14977,45.4521],[9.1519,45.45321],[9.15425,45.45254],[9.15445,45.45077],[9.15231,45.44967],[9.14997,45.45033],[9.14977,45.4521]]]}},{"type":"Feature","properties":{"i":6410},"geometry":{"type":"Polygon","coordinates":[[[9.14337,45.44878],[9.14549,45.44988],[9.14781,45.44922],[9.14802,45.44746],[9.14589,45.44637],[9.14357,45.44703],[9.14337,45.44878]]]}},{"type":"Feature","properties":{"i":6411},"geometry":{"type":"Polygon","coordinates":[[[9.15934,45.44767],[9.16148,45.44877],[9.16383,45.4481],[9.16403,45.44633],[9.16189,45.44523],[9.15955,45.44589],[9.15934,45.44767]]]}},{"type":"Feature","properties":{"i":6412},"geometry":{"type":"Polygon","coordinates":[[[9.16398,45.44805],[9.16599,45.44909],[9.16817,45.44847],[9.16836,45.44682],[9.16635,45.44578],[9.16417,45.4464],[9.16398,45.44805]]]}},{"type":"Feature","properties":{"i":6413},"geometry":{"type":"Polygon","coordinates":[[[9.15793,45.44462],[9.15962,45.44549],[9.16142,45.44498],[9.16157,45.44362],[9.15989,45.44275],[9.15809,45.44326],[9.15793,45.44462]]]}},{"type":"Feature","properties":{"i":6414},"geometry":{"type":"Polygon","coordinates":[[[9.16212,45.44515],[9.16406,45.44615],[9.16617,45.44556],[9.16635,45.44397],[9.16441,45.44296],[9.16231,45.44356],[9.16212,45.44515]]]}},{"type":"Feature","properties":{"i":6415},"geometry":{"type":"Polygon","coordinates":[[[9.15727,45.44995],[9.159,45.45085],[9.16085,45.45032],[9.16101,45.44892],[9.15928,45.44802],[9.15743,45.44855],[9.15727,45.44995]]]}},{"type":"Feature","properties":{"i":6416},"geometry":{"type":"Polygon","coordinates":[[[9.16152,45.45047],[9.16345,45.45146],[9.16554,45.45087],[9.16573,45.44928],[9.16379,45.44829],[9.1617,45.44888],[9.16152,45.45047]]]}},{"type":"Feature","properties":{"i":6417},"geometry":{"type":"Polygon","coordinates":[[[9.15511,45.44715],[9.15703,45.44814],[9.15912,45.44755],[9.1593,45.44597],[9.15738,45.44498],[9.15529,45.44557],[9.15511,45.44715]]]}},{"type":"Feature","properties":{"i":6418},"geometry":{"type":"Polygon","coordinates":[[[9.13972,45.44296],[9.14165,45.44396],[9.14375,45.44337],[9.14393,45.44178],[9.142,45.44078],[9.1399,45.44138],[9.13972,45.44296]]]}},{"type":"Feature","properties":{"i":6419},"geometry":{"type":"Polygon","coordinates":[[[9.14413,45.44342],[9.14612,45.44445],[9.14829,45.44383],[9.14848,45.4422],[9.14649,45.44117],[9.14432,45.44178],[9.14413,45.44342]]]}},{"type":"Feature","properties":{"i":6420},"geometry":{"type":"Polygon","coordinates":[[[9.13756,45.44015],[9.13969,45.44125],[9.14201,45.44059],[9.14222,45.43883],[9.14009,45.43773],[9.13777,45.4384],[9.13756,45.44015]]]}},{"type":"Feature","properties":{"i":6421},"geometry":{"type":"Polygon","coordinates":[[[9.14218,45.44055],[9.14419,45.44159],[9.14638,45.44097],[9.14657,45.43931],[9.14456,45.43827],[9.14237,45.4389],[9.14218,45.44055]]]}},{"type":"Feature","properties":{"i":6422},"geometry":{"type":"Polygon","coordinates":[[[9.13727,45.44537],[9.13912,45.44632],[9.14111,45.44575],[9.14128,45.44425],[9.13943,45.4433],[9.13745,45.44386],[9.13727,45.44537]]]}},{"type":"Feature","properties":{"i":6423},"geometry":{"type":"Polygon","coordinates":[[[9.14167,45.44583],[9.14359,45.44683],[9.14567,45.44623],[9.14585,45.44466],[9.14393,45.44367],[9.14185,45.44426],[9.14167,45.44583]]]}},{"type":"Feature","properties":{"i":6424},"geometry":{"type":"Polygon","coordinates":[[[9.135,45.4426],[9.13714,45.4437],[9.13948,45.44304],[9.13969,45.44127],[9.13755,45.44016],[9.1352,45.44083],[9.135,45.4426]]]}},{"type":"Feature","properties":{"i":6425},"geometry":{"type":"Polygon","coordinates":[[[9.15101,45.44147],[9.15313,45.44256],[9.15546,45.4419],[9.15566,45.44015],[9.15354,45.43905],[9.15122,45.43971],[9.15101,45.44147]]]}},{"type":"Feature","properties":{"i":6426},"geometry":{"type":"Polygon","coordinates":[[[9.15562,45.44187],[9.15763,45.44291],[9.15983,45.44228],[9.16002,45.44062],[9.158,45.43958],[9.15581,45.44021],[9.15562,45.44187]]]}},{"type":"Feature","properties":{"i":6427},"geometry":{"type":"Polygon","coordinates":[[[9.14907,45.43859],[9.1512,45.43969],[9.15353,45.43903],[9.15374,45.43727],[9.15161,45.43617],[9.14927,45.43683],[9.14907,45.43859]]]}},{"type":"Feature","properties":{"i":6428},"geometry":{"type":"Polygon","coordinates":[[[9.15354,45.43904],[9.15568,45.44014],[9.15802,45.43947],[9.15823,45.4377],[9.15609,45.4366],[9.15375,45.43726],[9.15354,45.43904]]]}},{"type":"Feature","properties":{"i":6429},"geometry":{"type":"Polygon","coordinates":[[[9.14872,45.44382],[9.15062,45.44481],[9.15268,45.44422],[9.15285,45.44267],[9.15096,45.44169],[9.1489,45.44227],[9.14872,45.44382]]]}},{"type":"Feature","properties":{"i":6430},"geometry":{"type":"Polygon","coordinates":[[[9.15307,45.44431],[9.15509,45.44535],[9.15728,45.44472],[9.15747,45.44306],[9.15546,45.44202],[9.15326,45.44265],[9.15307,45.44431]]]}},{"type":"Feature","properties":{"i":6431},"geometry":{"type":"Polygon","coordinates":[[[9.14651,45.44104],[9.14865,45.44214],[9.15099,45.44147],[9.1512,45.4397],[9.14906,45.4386],[9.14672,45.43926],[9.14651,45.44104]]]}},{"type":"Feature","properties":{"i":6432},"geometry":{"type":"Polygon","coordinates":[[[9.14475,45.45696],[9.14682,45.45802],[9.14908,45.45738],[9.14927,45.45567],[9.14721,45.45461],[9.14495,45.45525],[9.14475,45.45696]]]}},{"type":"Feature","properties":{"i":6433},"geometry":{"type":"Polygon","coordinates":[[[9.14915,45.45742],[9.15129,45.45852],[9.15363,45.45786],[9.15384,45.45609],[9.1517,45.45498],[9.14936,45.45565],[9.14915,45.45742]]]}},{"type":"Feature","properties":{"i":6434},"geometry":{"type":"Polygon","coordinates":[[[9.14273,45.4541],[9.14487,45.45521],[9.14722,45.45454],[9.14742,45.45277],[9.14528,45.45167],[9.14294,45.45233],[9.14273,45.4541]]]}},{"type":"Feature","properties":{"i":6435},"geometry":{"type":"Polygon","coordinates":[[[9.14722,45.45454],[9.14936,45.45565],[9.1517,45.45498],[9.1519,45.45321],[9.14977,45.4521],[9.14742,45.45277],[9.14722,45.45454]]]}},{"type":"Feature","properties":{"i":6436},"geometry":{"type":"Polygon","coordinates":[[[9.14243,45.45932],[9.1443,45.46029],[9.14632,45.45971],[9.1465,45.45819],[9.14463,45.45722],[9.14261,45.45779],[9.14243,45.45932]]]}},{"type":"Feature","properties":{"i":6437},"geometry":{"type":"Polygon","coordinates":[[[9.14669,45.45983],[9.14875,45.46089],[9.151,45.46025],[9.1512,45.45855],[9.14914,45.45749],[9.14689,45.45813],[9.14669,45.45983]]]}},{"type":"Feature","properties":{"i":6438},"geometry":{"type":"Polygon","coordinates":[[[9.14024,45.45653],[9.14233,45.45761],[9.14462,45.45696],[9.14482,45.45523],[9.14273,45.45415],[9.14044,45.4548],[9.14024,45.45653]]]}},{"type":"Feature","properties":{"i":6439},"geometry":{"type":"Polygon","coordinates":[[[9.15618,45.45542],[9.15832,45.45652],[9.16067,45.45586],[9.16087,45.45409],[9.15873,45.45298],[9.15639,45.45365],[9.15618,45.45542]]]}},{"type":"Feature","properties":{"i":6440},"geometry":{"type":"Polygon","coordinates":[[[9.16067,45.45586],[9.1628,45.45696],[9.16515,45.45629],[9.16535,45.45452],[9.16321,45.45342],[9.16087,45.45409],[9.16067,45.45586]]]}},{"type":"Feature","properties":{"i":6441},"geometry":{"type":"Polygon","coordinates":[[[9.15425,45.45254],[9.15639,45.45365],[9.15873,45.45298],[9.15894,45.45121],[9.1568,45.4501],[9.15445,45.45077],[9.15425,45.45254]]]}},{"type":"Feature","properties":{"i":6442},"geometry":{"type":"Polygon","coordinates":[[[9.15896,45.45291],[9.1609,45.45391],[9.16301,45.45331],[9.16319,45.45172],[9.16125,45.45072],[9.15914,45.45132],[9.15896,45.45291]]]}},{"type":"Feature","properties":{"i":6443},"geometry":{"type":"Polygon","coordinates":[[[9.15363,45.45786],[9.15577,45.45896],[9.15812,45.4583],[9.15832,45.45652],[9.15618,45.45542],[9.15384,45.45609],[9.15363,45.45786]]]}},{"type":"Feature","properties":{"i":6444},"geometry":{"type":"Polygon","coordinates":[[[9.15812,45.4583],[9.16026,45.4594],[9.1626,45.45873],[9.1628,45.45696],[9.16067,45.45586],[9.15832,45.45652],[9.15812,45.4583]]]}},{"type":"Feature","properties":{"i":6445},"geometry":{"type":"Polygon","coordinates":[[[9.1517,45.45498],[9.15384,45.45609],[9.15618,45.45542],[9.15639,45.45365],[9.15425,45.45254],[9.1519,45.45321],[9.1517,45.45498]]]}},{"type":"Feature","properties":{"i":6446},"geometry":{"type":"Polygon","coordinates":[[[9.13632,45.45079],[9.13846,45.4519],[9.1408,45.45123],[9.14101,45.44946],[9.13887,45.44835],[9.13652,45.44902],[9.13632,45.45079]]]}},{"type":"Feature","properties":{"i":6447},"geometry":{"type":"Polygon","coordinates":[[[9.1408,45.45123],[9.14294,45.45233],[9.14528,45.45167],[9.14549,45.4499],[9.14335,45.44879],[9.14101,45.44946],[9.1408,45.45123]]]}},{"type":"Feature","properties":{"i":6448},"geometry":{"type":"Polygon","coordinates":[[[9.13453,45.44787],[9.13654,45.44891],[9.13874,45.44829],[9.13893,45.44663],[9.13691,45.44558],[9.13472,45.44621],[9.13453,45.44787]]]}},{"type":"Feature","properties":{"i":6449},"geometry":{"type":"Polygon","coordinates":[[[9.13887,45.44835],[9.14101,45.44946],[9.14335,45.44879],[9.14355,45.44702],[9.14141,45.44591],[9.13907,45.44658],[9.13887,45.44835]]]}},{"type":"Feature","properties":{"i":6450},"geometry":{"type":"Polygon","coordinates":[[[9.13377,45.45323],[9.13591,45.45433],[9.13825,45.45367],[9.13846,45.4519],[9.13632,45.45079],[9.13397,45.45146],[9.13377,45.45323]]]}},{"type":"Feature","properties":{"i":6451},"geometry":{"type":"Polygon","coordinates":[[[9.13825,45.45367],[9.14039,45.45477],[9.14273,45.4541],[9.14294,45.45233],[9.1408,45.45123],[9.13846,45.4519],[9.13825,45.45367]]]}},{"type":"Feature","properties":{"i":6452},"geometry":{"type":"Polygon","coordinates":[[[9.13194,45.45032],[9.13399,45.45138],[9.13622,45.45074],[9.13642,45.44905],[9.13437,45.448],[9.13214,45.44863],[9.13194,45.45032]]]}},{"type":"Feature","properties":{"i":6624},"geometry":{"type":"Polygon","coordinates":[[[9.15967,45.53317],[9.16079,45.53375],[9.16191,45.53343],[9.16201,45.53259],[9.16088,45.53201],[9.15976,45.53233],[9.15967,45.53317]]]}},{"type":"Feature","properties":{"i":6894},"geometry":{"type":"Polygon","coordinates":[[[9.20281,45.52949],[9.20429,45.53026],[9.20584,45.52982],[9.20598,45.52864],[9.20449,45.52788],[9.20294,45.52832],[9.20281,45.52949]]]}},{"type":"Feature","properties":{"i":6896},"geometry":{"type":"Polygon","coordinates":[[[9.20061,45.5267],[9.20232,45.52758],[9.20414,45.52706],[9.2043,45.52569],[9.20259,45.52481],[9.20077,45.52533],[9.20061,45.5267]]]}},{"type":"Feature","properties":{"i":6897},"geometry":{"type":"Polygon","coordinates":[[[9.2046,45.5273],[9.20674,45.5284],[9.20908,45.52773],[9.20929,45.52596],[9.20715,45.52486],[9.2048,45.52553],[9.2046,45.5273]]]}},{"type":"Feature","properties":{"i":6901},"geometry":{"type":"Polygon","coordinates":[[[9.21401,45.52803],[9.21577,45.52894],[9.21767,45.5284],[9.21783,45.52697],[9.21606,45.52606],[9.21417,45.5266],[9.21401,45.52803]]]}},{"type":"Feature","properties":{"i":6903},"geometry":{"type":"Polygon","coordinates":[[[9.21288,45.5249],[9.21395,45.52545],[9.21499,45.52515],[9.21508,45.52436],[9.21401,45.52381],[9.21297,45.52411],[9.21288,45.5249]]]}},{"type":"Feature","properties":{"i":6904},"geometry":{"type":"Polygon","coordinates":[[[9.21808,45.52511],[9.21853,45.52534],[9.21884,45.52526],[9.21886,45.52502],[9.21841,45.52479],[9.2181,45.52487],[9.21808,45.52511]]]}},{"type":"Feature","properties":{"i":6907},"geometry":{"type":"Polygon","coordinates":[[[9.2093,45.52767],[9.21126,45.52867],[9.21338,45.52807],[9.21356,45.52647],[9.21161,45.52546],[9.20948,45.52606],[9.2093,45.52767]]]}},{"type":"Feature","properties":{"i":6908},"geometry":{"type":"Polygon","coordinates":[[[9.19409,45.52342],[9.19588,45.52434],[9.1978,45.5238],[9.19796,45.52235],[9.19618,45.52143],[9.19426,45.52197],[9.19409,45.52342]]]}},{"type":"Feature","properties":{"i":6909},"geometry":{"type":"Polygon","coordinates":[[[9.20025,45.52332],[9.20059,45.5235],[9.20077,45.52345],[9.20078,45.52332],[9.20044,45.52314],[9.20026,45.52319],[9.20025,45.52332]]]}},{"type":"Feature","properties":{"i":6910},"geometry":{"type":"Polygon","coordinates":[[[9.19178,45.52066],[9.19389,45.52175],[9.19619,45.52109],[9.19639,45.51936],[9.19429,45.51827],[9.19198,45.51892],[9.19178,45.52066]]]}},{"type":"Feature","properties":{"i":6911},"geometry":{"type":"Polygon","coordinates":[[[9.19654,45.52101],[9.19842,45.52198],[9.20043,45.5214],[9.20061,45.51988],[9.19874,45.51891],[9.19672,45.51949],[9.19654,45.52101]]]}},{"type":"Feature","properties":{"i":6912},"geometry":{"type":"Polygon","coordinates":[[[9.19215,45.52566],[9.19341,45.52631],[9.19469,45.52595],[9.1948,45.52498],[9.19354,45.52433],[9.19226,45.52469],[9.19215,45.52566]]]}},{"type":"Feature","properties":{"i":6913},"geometry":{"type":"Polygon","coordinates":[[[9.19787,45.52571],[9.19807,45.52581],[9.19807,45.52581],[9.19787,45.52571],[9.19787,45.52571]]]}},{"type":"Feature","properties":{"i":6914},"geometry":{"type":"Polygon","coordinates":[[[9.18933,45.52307],[9.19135,45.52411],[9.19356,45.52349],[9.19375,45.52182],[9.19173,45.52078],[9.18952,45.52141],[9.18933,45.52307]]]}},{"type":"Feature","properties":{"i":6915},"geometry":{"type":"Polygon","coordinates":[[[9.20533,45.52195],[9.20737,45.523],[9.20959,45.52237],[9.20978,45.52069],[9.20774,45.51964],[9.20552,45.52027],[9.20533,45.52195]]]}},{"type":"Feature","properties":{"i":6916},"geometry":{"type":"Polygon","coordinates":[[[9.21194,45.5217],[9.21214,45.52181],[9.21214,45.52181],[9.21194,45.5217],[9.21194,45.5217]]]}},{"type":"Feature","properties":{"i":6917},"geometry":{"type":"Polygon","coordinates":[[[9.20347,45.51905],[9.20544,45.52006],[9.20758,45.51946],[9.20776,45.51784],[9.20579,45.51683],[9.20365,45.51743],[9.20347,45.51905]]]}},{"type":"Feature","properties":{"i":6918},"geometry":{"type":"Polygon","coordinates":[[[9.20849,45.51931],[9.21,45.52009],[9.21158,45.51964],[9.21171,45.51845],[9.21021,45.51767],[9.20863,45.51812],[9.20849,45.51931]]]}},{"type":"Feature","properties":{"i":6919},"geometry":{"type":"Polygon","coordinates":[[[9.20274,45.5244],[9.20481,45.52546],[9.20707,45.52482],[9.20726,45.52312],[9.2052,45.52205],[9.20294,45.52269],[9.20274,45.5244]]]}},{"type":"Feature","properties":{"i":6920},"geometry":{"type":"Polygon","coordinates":[[[9.20736,45.52479],[9.20932,45.5258],[9.21144,45.5252],[9.21162,45.52359],[9.20967,45.52259],[9.20755,45.52319],[9.20736,45.52479]]]}},{"type":"Feature","properties":{"i":6921},"geometry":{"type":"Polygon","coordinates":[[[9.20195,45.52116],[9.20303,45.52171],[9.20409,45.52141],[9.20418,45.52061],[9.2031,45.52005],[9.20204,45.52035],[9.20195,45.52116]]]}},{"type":"Feature","properties":{"i":6938},"geometry":{"type":"Polygon","coordinates":[[[9.18866,45.5284],[9.19073,45.52947],[9.193,45.52883],[9.1932,45.52711],[9.19112,45.52604],[9.18885,45.52669],[9.18866,45.5284]]]}},{"type":"Feature","properties":{"i":6959},"geometry":{"type":"Polygon","coordinates":[[[9.22316,45.52373],[9.2253,45.52483],[9.22765,45.52417],[9.22785,45.5224],[9.22571,45.52129],[9.22336,45.52196],[9.22316,45.52373]]]}},{"type":"Feature","properties":{"i":7188},"geometry":{"type":"Polygon","coordinates":[[[9.10929,45.52006],[9.11016,45.52051],[9.11097,45.52028],[9.11105,45.51967],[9.11017,45.51922],[9.10936,45.51945],[9.10929,45.52006]]]}},{"type":"Feature","properties":{"i":7189},"geometry":{"type":"Polygon","coordinates":[[[9.11322,45.52068],[9.11457,45.52138],[9.11596,45.52098],[9.11608,45.51993],[9.11473,45.51923],[9.11334,45.51963],[9.11322,45.52068]]]}},{"type":"Feature","properties":{"i":7190},"geometry":{"type":"Polygon","coordinates":[[[9.10813,45.51694],[9.10833,45.51704],[9.10833,45.51704],[9.10813,45.51694],[9.10813,45.51694]]]}},{"type":"Feature","properties":{"i":7191},"geometry":{"type":"Polygon","coordinates":[[[9.11262,45.51738],[9.11282,45.51748],[9.11282,45.51748],[9.11262,45.51738],[9.11262,45.51738]]]}},{"type":"Feature","properties":{"i":7192},"geometry":{"type":"Polygon","coordinates":[[[9.10619,45.52267],[9.10754,45.52336],[9.10892,45.52297],[9.10904,45.52193],[9.10769,45.52123],[9.10631,45.52163],[9.10619,45.52267]]]}},{"type":"Feature","properties":{"i":7194},"geometry":{"type":"Polygon","coordinates":[[[9.10558,45.51937],[9.10578,45.51948],[9.10578,45.51948],[9.10558,45.51937],[9.10558,45.51937]]]}},{"type":"Feature","properties":{"i":7195},"geometry":{"type":"Polygon","coordinates":[[[9.12159,45.51826],[9.12179,45.51836],[9.12179,45.51836],[9.12159,45.51826],[9.12159,45.51826]]]}},{"type":"Feature","properties":{"i":7196},"geometry":{"type":"Polygon","coordinates":[[[9.12471,45.51913],[9.12609,45.51984],[9.12751,45.51944],[9.12764,45.51836],[9.12626,45.51765],[9.12484,45.51806],[9.12471,45.51913]]]}},{"type":"Feature","properties":{"i":7197},"geometry":{"type":"Polygon","coordinates":[[[9.11913,45.51555],[9.11979,45.51589],[9.12033,45.51573],[9.12038,45.51532],[9.11972,45.51498],[9.11918,45.51513],[9.11913,45.51555]]]}},{"type":"Feature","properties":{"i":7198},"geometry":{"type":"Polygon","coordinates":[[[9.12217,45.51645],[9.12407,45.51743],[9.12613,45.51685],[9.12631,45.5153],[9.12441,45.51432],[9.12235,45.5149],[9.12217,45.51645]]]}},{"type":"Feature","properties":{"i":7199},"geometry":{"type":"Polygon","coordinates":[[[9.1171,45.52131],[9.11897,45.52228],[9.121,45.52171],[9.12118,45.52018],[9.1193,45.51921],[9.11727,45.51978],[9.1171,45.52131]]]}},{"type":"Feature","properties":{"i":7200},"geometry":{"type":"Polygon","coordinates":[[[9.12146,45.52179],[9.12344,45.52281],[9.12559,45.5222],[9.12578,45.52058],[9.1238,45.51956],[9.12165,45.52017],[9.12146,45.52179]]]}},{"type":"Feature","properties":{"i":7201},"geometry":{"type":"Polygon","coordinates":[[[9.11602,45.51816],[9.11716,45.51875],[9.11829,45.51843],[9.11838,45.51757],[9.11725,45.51699],[9.11612,45.51731],[9.11602,45.51816]]]}},{"type":"Feature","properties":{"i":7202},"geometry":{"type":"Polygon","coordinates":[[[9.10155,45.51368],[9.10189,45.51386],[9.10207,45.51381],[9.10208,45.51367],[9.10173,45.51349],[9.10156,45.51354],[9.10155,45.51368]]]}},{"type":"Feature","properties":{"i":7203},"geometry":{"type":"Polygon","coordinates":[[[9.10603,45.51412],[9.10638,45.5143],[9.10655,45.51425],[9.10657,45.51411],[9.10622,45.51393],[9.10605,45.51398],[9.10603,45.51412]]]}},{"type":"Feature","properties":{"i":7204},"geometry":{"type":"Polygon","coordinates":[[[9.09978,45.51075],[9.09998,45.51085],[9.09998,45.51085],[9.09978,45.51075],[9.09978,45.51075]]]}},{"type":"Feature","properties":{"i":7205},"geometry":{"type":"Polygon","coordinates":[[[9.10427,45.51119],[9.10447,45.51129],[9.10447,45.51129],[9.10427,45.51119],[9.10427,45.51119]]]}},{"type":"Feature","properties":{"i":7206},"geometry":{"type":"Polygon","coordinates":[[[9.09916,45.51606],[9.09936,45.51616],[9.09936,45.51616],[9.09916,45.51606],[9.09916,45.51606]]]}},{"type":"Feature","properties":{"i":7207},"geometry":{"type":"Polygon","coordinates":[[[9.10365,45.5165],[9.10385,45.5166],[9.10385,45.5166],[9.10365,45.5165],[9.10365,45.5165]]]}},{"type":"Feature","properties":{"i":7208},"geometry":{"type":"Polygon","coordinates":[[[9.09694,45.51328],[9.09739,45.51351],[9.0977,45.51342],[9.09772,45.51319],[9.09727,45.51296],[9.09696,45.51304],[9.09694,45.51328]]]}},{"type":"Feature","properties":{"i":7209},"geometry":{"type":"Polygon","coordinates":[[[9.11277,45.51221],[9.11337,45.51252],[9.11385,45.51239],[9.1139,45.51202],[9.1133,45.51171],[9.11282,45.51185],[9.11277,45.51221]]]}},{"type":"Feature","properties":{"i":7210},"geometry":{"type":"Polygon","coordinates":[[[9.11772,45.51251],[9.11792,45.51261],[9.11792,45.51261],[9.11772,45.51251],[9.11772,45.51251]]]}},{"type":"Feature","properties":{"i":7211},"geometry":{"type":"Polygon","coordinates":[[[9.1113,45.50919],[9.1115,45.50929],[9.1115,45.50929],[9.1113,45.50919],[9.1113,45.50919]]]}},{"type":"Feature","properties":{"i":7212},"geometry":{"type":"Polygon","coordinates":[[[9.1154,45.50976],[9.11594,45.51003],[9.11634,45.50992],[9.11637,45.50961],[9.11584,45.50933],[9.11544,45.50945],[9.1154,45.50976]]]}},{"type":"Feature","properties":{"i":7213},"geometry":{"type":"Polygon","coordinates":[[[9.11068,45.5145],[9.11088,45.51461],[9.11088,45.51461],[9.11068,45.5145],[9.11068,45.5145]]]}},{"type":"Feature","properties":{"i":7214},"geometry":{"type":"Polygon","coordinates":[[[9.11436,45.5152],[9.11526,45.51566],[9.1161,45.51543],[9.11617,45.51479],[9.11528,45.51432],[9.11444,45.51456],[9.11436,45.5152]]]}},{"type":"Feature","properties":{"i":7215},"geometry":{"type":"Polygon","coordinates":[[[9.10866,45.51165],[9.10894,45.5118],[9.10903,45.51177],[9.10904,45.5117],[9.10876,45.51156],[9.10867,45.51158],[9.10866,45.51165]]]}},{"type":"Feature","properties":{"i":7230},"geometry":{"type":"Polygon","coordinates":[[[9.098,45.52154],[9.09867,45.52189],[9.09924,45.52173],[9.09929,45.52129],[9.09862,45.52094],[9.09805,45.52111],[9.098,45.52154]]]}},{"type":"Feature","properties":{"i":7232},"geometry":{"type":"Polygon","coordinates":[[[9.09661,45.51849],[9.09681,45.51859],[9.09681,45.51859],[9.09661,45.51849],[9.09661,45.51849]]]}},{"type":"Feature","properties":{"i":7233},"geometry":{"type":"Polygon","coordinates":[[[9.10086,45.51901],[9.10127,45.51922],[9.10151,45.51915],[9.10153,45.51896],[9.10113,45.51875],[9.10088,45.51882],[9.10086,45.51901]]]}},{"type":"Feature","properties":{"i":7235},"geometry":{"type":"Polygon","coordinates":[[[9.09936,45.5246],[9.10053,45.5252],[9.10169,45.52487],[9.1018,45.52399],[9.10063,45.52339],[9.09946,45.52372],[9.09936,45.5246]]]}},{"type":"Feature","properties":{"i":7236},"geometry":{"type":"Polygon","coordinates":[[[9.09406,45.52093],[9.09426,45.52103],[9.09426,45.52103],[9.09406,45.52093],[9.09406,45.52093]]]}},{"type":"Feature","properties":{"i":7237},"geometry":{"type":"Polygon","coordinates":[[[9.06515,45.4966],[9.06535,45.4967],[9.06535,45.4967],[9.06515,45.4966],[9.06515,45.4966]]]}},{"type":"Feature","properties":{"i":7238},"geometry":{"type":"Polygon","coordinates":[[[9.06963,45.49704],[9.06983,45.49714],[9.06983,45.49714],[9.06963,45.49704],[9.06963,45.49704]]]}},{"type":"Feature","properties":{"i":7239},"geometry":{"type":"Polygon","coordinates":[[[9.06322,45.49372],[9.06342,45.49382],[9.06342,45.49382],[9.06322,45.49372],[9.06322,45.49372]]]}},{"type":"Feature","properties":{"i":7240},"geometry":{"type":"Polygon","coordinates":[[[9.0677,45.49416],[9.0679,45.49427],[9.0679,45.49427],[9.0677,45.49416],[9.0677,45.49416]]]}},{"type":"Feature","properties":{"i":7241},"geometry":{"type":"Polygon","coordinates":[[[9.0626,45.49903],[9.0628,45.49914],[9.0628,45.49914],[9.0626,45.49903],[9.0626,45.49903]]]}},{"type":"Feature","properties":{"i":7242},"geometry":{"type":"Polygon","coordinates":[[[9.06708,45.49947],[9.06728,45.49958],[9.06728,45.49958],[9.06708,45.49947],[9.06708,45.49947]]]}},{"type":"Feature","properties":{"i":7243},"geometry":{"type":"Polygon","coordinates":[[[9.06067,45.49616],[9.06087,45.49626],[9.06087,45.49626],[9.06067,45.49616],[9.06067,45.49616]]]}},{"type":"Feature","properties":{"i":7244},"geometry":{"type":"Polygon","coordinates":[[[9.07483,45.49563],[9.07662,45.49656],[9.07854,45.49601],[9.07871,45.49456],[9.07692,45.49364],[9.075,45.49418],[9.07483,45.49563]]]}},{"type":"Feature","properties":{"i":7245},"geometry":{"type":"Polygon","coordinates":[[[9.08086,45.49558],[9.08131,45.49582],[9.08162,45.49573],[9.08164,45.4955],[9.08119,45.49526],[9.08088,45.49535],[9.08086,45.49558]]]}},{"type":"Feature","properties":{"i":7246},"geometry":{"type":"Polygon","coordinates":[[[9.07278,45.49279],[9.07467,45.49377],[9.07671,45.49319],[9.07689,45.49165],[9.075,45.49067],[9.07296,45.49125],[9.07278,45.49279]]]}},{"type":"Feature","properties":{"i":7247},"geometry":{"type":"Polygon","coordinates":[[[9.07778,45.49307],[9.07922,45.49382],[9.08072,45.49339],[9.08086,45.49225],[9.07941,45.49151],[9.07791,45.49193],[9.07778,45.49307]]]}},{"type":"Feature","properties":{"i":7248},"geometry":{"type":"Polygon","coordinates":[[[9.07403,45.49751],[9.07431,45.49765],[9.07439,45.49763],[9.0744,45.49756],[9.07413,45.49741],[9.07404,45.49744],[9.07403,45.49751]]]}},{"type":"Feature","properties":{"i":7250},"geometry":{"type":"Polygon","coordinates":[[[9.07058,45.49512],[9.07217,45.49594],[9.07384,45.49546],[9.07399,45.4942],[9.0724,45.49338],[9.07073,45.49385],[9.07058,45.49512]]]}},{"type":"Feature","properties":{"i":7251},"geometry":{"type":"Polygon","coordinates":[[[9.06006,45.49124],[9.06132,45.49189],[9.0626,45.49153],[9.06271,45.49056],[9.06145,45.48991],[9.06018,45.49027],[9.06006,45.49124]]]}},{"type":"Feature","properties":{"i":7252},"geometry":{"type":"Polygon","coordinates":[[[9.06753,45.48911],[9.06842,45.48956],[9.06924,45.48933],[9.06931,45.4887],[9.06843,45.48824],[9.0676,45.48848],[9.06753,45.48911]]]}},{"type":"Feature","properties":{"i":7253},"geometry":{"type":"Polygon","coordinates":[[[9.07264,45.48935],[9.07298,45.48953],[9.07316,45.48948],[9.07317,45.48934],[9.07282,45.48916],[9.07265,45.48921],[9.07264,45.48935]]]}},{"type":"Feature","properties":{"i":7254},"geometry":{"type":"Polygon","coordinates":[[[9.06519,45.48636],[9.06643,45.487],[9.06768,45.48664],[9.06779,45.4857],[9.06655,45.48506],[9.0653,45.48541],[9.06519,45.48636]]]}},{"type":"Feature","properties":{"i":7255},"geometry":{"type":"Polygon","coordinates":[[[9.07087,45.48642],[9.07107,45.48652],[9.07107,45.48652],[9.07087,45.48642],[9.07087,45.48642]]]}},{"type":"Feature","properties":{"i":7256},"geometry":{"type":"Polygon","coordinates":[[[9.06577,45.49129],[9.06597,45.49139],[9.06597,45.49139],[9.06577,45.49129],[9.06577,45.49129]]]}},{"type":"Feature","properties":{"i":7257},"geometry":{"type":"Polygon","coordinates":[[[9.06942,45.49199],[9.07034,45.49247],[9.07121,45.49222],[9.07128,45.49157],[9.07037,45.49109],[9.0695,45.49134],[9.06942,45.49199]]]}},{"type":"Feature","properties":{"i":7258},"geometry":{"type":"Polygon","coordinates":[[[9.06646,45.50478],[9.06666,45.50489],[9.06666,45.50489],[9.06646,45.50478],[9.06646,45.50478]]]}},{"type":"Feature","properties":{"i":7259},"geometry":{"type":"Polygon","coordinates":[[[9.06005,45.50147],[9.06025,45.50157],[9.06025,45.50157],[9.06005,45.50147],[9.06005,45.50147]]]}},{"type":"Feature","properties":{"i":7260},"geometry":{"type":"Polygon","coordinates":[[[9.06453,45.50191],[9.06473,45.50201],[9.06473,45.50201],[9.06453,45.50191],[9.06453,45.50191]]]}},{"type":"Feature","properties":{"i":7262},"geometry":{"type":"Polygon","coordinates":[[[9.0575,45.5039],[9.0577,45.504],[9.0577,45.504],[9.0575,45.5039],[9.0575,45.5039]]]}},{"type":"Feature","properties":{"i":7264},"geometry":{"type":"Polygon","coordinates":[[[9.07157,45.49992],[9.07176,45.50002],[9.07176,45.50002],[9.07157,45.49992],[9.07157,45.49992]]]}},{"type":"Feature","properties":{"i":7266},"geometry":{"type":"Polygon","coordinates":[[[9.07095,45.50523],[9.07114,45.50533],[9.07114,45.50533],[9.07095,45.50523],[9.07095,45.50523]]]}},{"type":"Feature","properties":{"i":7268},"geometry":{"type":"Polygon","coordinates":[[[9.06901,45.50235],[9.06921,45.50245],[9.06921,45.50245],[9.06901,45.50235],[9.06901,45.50235]]]}},{"type":"Feature","properties":{"i":7269},"geometry":{"type":"Polygon","coordinates":[[[9.05812,45.49859],[9.05832,45.49869],[9.05832,45.49869],[9.05812,45.49859],[9.05812,45.49859]]]}},{"type":"Feature","properties":{"i":7270},"geometry":{"type":"Polygon","coordinates":[[[9.05557,45.50102],[9.05576,45.50113],[9.05576,45.50113],[9.05557,45.50102],[9.05557,45.50102]]]}},{"type":"Feature","properties":{"i":7271},"geometry":{"type":"Polygon","coordinates":[[[9.09471,45.50027],[9.09648,45.50119],[9.09839,45.50065],[9.09856,45.49921],[9.09678,45.49829],[9.09488,45.49883],[9.09471,45.50027]]]}},{"type":"Feature","properties":{"i":7272},"geometry":{"type":"Polygon","coordinates":[[[9.09915,45.50072],[9.10096,45.50166],[9.10291,45.50111],[9.10308,45.49963],[9.10127,45.49869],[9.09932,45.49925],[9.09915,45.50072]]]}},{"type":"Feature","properties":{"i":7273},"geometry":{"type":"Polygon","coordinates":[[[9.0946,45.49681],[9.0948,45.49691],[9.0948,45.49691],[9.0946,45.49681],[9.0946,45.49681]]]}},{"type":"Feature","properties":{"i":7274},"geometry":{"type":"Polygon","coordinates":[[[9.0972,45.49785],[9.09903,45.49879],[9.10099,45.49824],[9.10116,45.49675],[9.09934,45.49581],[9.09738,45.49637],[9.0972,45.49785]]]}},{"type":"Feature","properties":{"i":7275},"geometry":{"type":"Polygon","coordinates":[[[9.09208,45.50273],[9.09392,45.50368],[9.09591,45.50312],[9.09609,45.50161],[9.09424,45.50066],[9.09225,45.50122],[9.09208,45.50273]]]}},{"type":"Feature","properties":{"i":7276},"geometry":{"type":"Polygon","coordinates":[[[9.09657,45.50316],[9.09841,45.50411],[9.10038,45.50355],[9.10056,45.50206],[9.09872,45.50111],[9.09675,45.50167],[9.09657,45.50316]]]}},{"type":"Feature","properties":{"i":7277},"geometry":{"type":"Polygon","coordinates":[[[9.09205,45.49924],[9.09225,45.49935],[9.09225,45.49935],[9.09205,45.49924],[9.09205,45.49924]]]}},{"type":"Feature","properties":{"i":7278},"geometry":{"type":"Polygon","coordinates":[[[9.10595,45.4988],[9.10797,45.49984],[9.11016,45.49922],[9.11035,45.49756],[9.10834,45.49652],[9.10615,45.49714],[9.10595,45.4988]]]}},{"type":"Feature","properties":{"i":7279},"geometry":{"type":"Polygon","coordinates":[[[9.1104,45.49925],[9.11244,45.50031],[9.11468,45.49968],[9.11487,45.49799],[9.11283,45.49693],[9.11059,45.49757],[9.1104,45.49925]]]}},{"type":"Feature","properties":{"i":7280},"geometry":{"type":"Polygon","coordinates":[[[9.10396,45.49594],[9.10602,45.49701],[9.10828,45.49637],[9.10848,45.49467],[9.10641,45.4936],[9.10415,45.49424],[9.10396,45.49594]]]}},{"type":"Feature","properties":{"i":7281},"geometry":{"type":"Polygon","coordinates":[[[9.10841,45.49639],[9.1105,45.49748],[9.1128,45.49683],[9.113,45.4951],[9.1109,45.49401],[9.10861,45.49466],[9.10841,45.49639]]]}},{"type":"Feature","properties":{"i":7282},"geometry":{"type":"Polygon","coordinates":[[[9.10326,45.50128],[9.10539,45.50239],[9.10774,45.50172],[9.10795,45.49995],[9.10581,45.49885],[9.10346,45.49951],[9.10326,45.50128]]]}},{"type":"Feature","properties":{"i":7283},"geometry":{"type":"Polygon","coordinates":[[[9.10828,45.50155],[9.10995,45.50242],[9.11174,45.50191],[9.11189,45.50056],[9.11022,45.4997],[9.10843,45.5002],[9.10828,45.50155]]]}},{"type":"Feature","properties":{"i":7284},"geometry":{"type":"Polygon","coordinates":[[[9.10132,45.49841],[9.10346,45.49951],[9.10581,45.49885],[9.10601,45.49708],[9.10387,45.49597],[9.10153,45.49664],[9.10132,45.49841]]]}},{"type":"Feature","properties":{"i":7285},"geometry":{"type":"Polygon","coordinates":[[[9.08819,45.49349],[9.08838,45.4936],[9.08838,45.4936],[9.08819,45.49349],[9.08819,45.49349]]]}},{"type":"Feature","properties":{"i":7286},"geometry":{"type":"Polygon","coordinates":[[[9.09267,45.49393],[9.09287,45.49404],[9.09287,45.49404],[9.09267,45.49393],[9.09267,45.49393]]]}},{"type":"Feature","properties":{"i":7287},"geometry":{"type":"Polygon","coordinates":[[[9.08625,45.49062],[9.08645,45.49072],[9.08645,45.49072],[9.08625,45.49062],[9.08625,45.49062]]]}},{"type":"Feature","properties":{"i":7288},"geometry":{"type":"Polygon","coordinates":[[[9.09074,45.49106],[9.09093,45.49116],[9.09093,45.49116],[9.09074,45.49106],[9.09074,45.49106]]]}},{"type":"Feature","properties":{"i":7289},"geometry":{"type":"Polygon","coordinates":[[[9.08534,45.49602],[9.0858,45.49626],[9.0861,45.49617],[9.08613,45.49594],[9.08567,45.4957],[9.08537,45.49579],[9.08534,45.49602]]]}},{"type":"Feature","properties":{"i":7290},"geometry":{"type":"Polygon","coordinates":[[[9.09012,45.49637],[9.09032,45.49647],[9.09032,45.49647],[9.09012,45.49637],[9.09012,45.49637]]]}},{"type":"Feature","properties":{"i":7291},"geometry":{"type":"Polygon","coordinates":[[[9.0837,45.49305],[9.0839,45.49315],[9.0839,45.49315],[9.0837,45.49305],[9.0837,45.49305]]]}},{"type":"Feature","properties":{"i":7292},"geometry":{"type":"Polygon","coordinates":[[[9.0977,45.49258],[9.09963,45.49357],[9.10172,45.49298],[9.1019,45.4914],[9.09997,45.4904],[9.09788,45.491],[9.0977,45.49258]]]}},{"type":"Feature","properties":{"i":7293},"geometry":{"type":"Polygon","coordinates":[[[9.10206,45.49306],[9.1041,45.49411],[9.10632,45.49348],[9.10651,45.4918],[9.10447,45.49075],[9.10225,45.49138],[9.10206,45.49306]]]}},{"type":"Feature","properties":{"i":7294},"geometry":{"type":"Polygon","coordinates":[[[9.09646,45.48948],[9.09779,45.49017],[9.09916,45.48978],[9.09928,45.48875],[9.09795,45.48806],[9.09658,45.48845],[9.09646,45.48948]]]}},{"type":"Feature","properties":{"i":7295},"geometry":{"type":"Polygon","coordinates":[[[9.10038,45.4901],[9.1022,45.49104],[9.10415,45.49048],[9.10432,45.48901],[9.10251,45.48807],[9.10055,45.48862],[9.10038,45.4901]]]}},{"type":"Feature","properties":{"i":7296},"geometry":{"type":"Polygon","coordinates":[[[9.09521,45.49499],[9.09709,45.49596],[9.09911,45.49539],[9.09929,45.49386],[9.09742,45.49289],[9.09539,45.49346],[9.09521,45.49499]]]}},{"type":"Feature","properties":{"i":7297},"geometry":{"type":"Polygon","coordinates":[[[9.09954,45.49548],[9.10155,45.49652],[9.10374,45.4959],[9.10393,45.49425],[9.10192,45.49321],[9.09973,45.49383],[9.09954,45.49548]]]}},{"type":"Feature","properties":{"i":7298},"geometry":{"type":"Polygon","coordinates":[[[9.09522,45.4915],[9.09542,45.4916],[9.09542,45.4916],[9.09522,45.4915],[9.09522,45.4915]]]}},{"type":"Feature","properties":{"i":7301},"geometry":{"type":"Polygon","coordinates":[[[9.08978,45.50508],[9.09141,45.50592],[9.09313,45.50543],[9.09328,45.50413],[9.09165,45.50329],[9.08994,45.50378],[9.08978,45.50508]]]}},{"type":"Feature","properties":{"i":7302},"geometry":{"type":"Polygon","coordinates":[[[9.09384,45.50566],[9.09583,45.50669],[9.098,45.50607],[9.09819,45.50444],[9.0962,45.50341],[9.09403,45.50402],[9.09384,45.50566]]]}},{"type":"Feature","properties":{"i":7306},"geometry":{"type":"Polygon","coordinates":[[[9.10343,45.50634],[9.10489,45.50709],[9.1064,45.50666],[9.10654,45.50552],[9.10508,45.50476],[9.10356,45.50519],[9.10343,45.50634]]]}},{"type":"Feature","properties":{"i":7307},"geometry":{"type":"Polygon","coordinates":[[[9.10937,45.50632],[9.10957,45.50642],[9.10957,45.50642],[9.10937,45.50632],[9.10937,45.50632]]]}},{"type":"Feature","properties":{"i":7308},"geometry":{"type":"Polygon","coordinates":[[[9.1007,45.50372],[9.10284,45.50482],[9.10519,45.50416],[9.10539,45.50239],[9.10326,45.50128],[9.10091,45.50195],[9.1007,45.50372]]]}},{"type":"Feature","properties":{"i":7309},"geometry":{"type":"Polygon","coordinates":[[[9.10541,45.50409],[9.10736,45.50509],[9.10947,45.50449],[9.10966,45.5029],[9.10771,45.50189],[9.1056,45.50249],[9.10541,45.50409]]]}},{"type":"Feature","properties":{"i":7310},"geometry":{"type":"Polygon","coordinates":[[[9.10225,45.50834],[9.10252,45.50848],[9.10261,45.50846],[9.10262,45.50839],[9.10234,45.50824],[9.10225,45.50827],[9.10225,45.50834]]]}},{"type":"Feature","properties":{"i":7311},"geometry":{"type":"Polygon","coordinates":[[[9.10682,45.50875],[9.10702,45.50885],[9.10702,45.50885],[9.10682,45.50875],[9.10682,45.50875]]]}},{"type":"Feature","properties":{"i":7312},"geometry":{"type":"Polygon","coordinates":[[[9.09832,45.5061],[9.10032,45.50713],[9.10249,45.50652],[9.10268,45.50487],[9.10068,45.50384],[9.09851,45.50446],[9.09832,45.5061]]]}},{"type":"Feature","properties":{"i":7390},"geometry":{"type":"Polygon","coordinates":[[[9.09461,45.52935],[9.09547,45.5298],[9.09627,45.52957],[9.09634,45.52897],[9.09548,45.52852],[9.09468,45.52875],[9.09461,45.52935]]]}},{"type":"Feature","properties":{"i":7391},"geometry":{"type":"Polygon","coordinates":[[[9.0992,45.52976],[9.09997,45.53016],[9.10066,45.52997],[9.10072,45.52944],[9.09995,45.52904],[9.09926,45.52924],[9.0992,45.52976]]]}},{"type":"Feature","properties":{"i":7392},"geometry":{"type":"Polygon","coordinates":[[[9.09247,45.52655],[9.09351,45.52708],[9.09453,45.5268],[9.09462,45.52603],[9.09357,45.52549],[9.09256,45.52578],[9.09247,45.52655]]]}}]}