{"type":"FeatureCollection","features":[{"type":"Feature","properties":{"i":0},"geometry":{"type":"Polygon","coordinates":[[[2.16158,41.39504],[2.16191,41.39326],[2.16408,41.39269],[2.16592,41.3939],[2.1656,41.39568],[2.16342,41.39625],[2.16158,41.39504]]]}},{"type":"Feature","properties":{"i":1},"geometry":{"type":"Polygon","coordinates":[[[2.1631,41.39803],[2.16342,41.39625],[2.1656,41.39568],[2.16744,41.39689],[2.16711,41.39867],[2.16494,41.39924],[2.1631,41.39803]]]}},{"type":"Feature","properties":{"i":2},"geometry":{"type":"Polygon","coordinates":[[[2.13413,41.44281],[2.13446,41.44104],[2.13663,41.44047],[2.13848,41.44168],[2.13815,41.44346],[2.13597,41.44402],[2.13413,41.44281]]]}},{"type":"Feature","properties":{"i":3},"geometry":{"type":"Polygon","coordinates":[[[2.1398,41.3229],[2.14013,41.32112],[2.1423,41.32055],[2.14414,41.32176],[2.14381,41.32354],[2.14164,41.32411],[2.1398,41.3229]]]}},{"type":"Feature","properties":{"i":4},"geometry":{"type":"Polygon","coordinates":[[[2.16144,41.35108],[2.16177,41.3493],[2.16394,41.34873],[2.16578,41.34994],[2.16545,41.35172],[2.16328,41.35229],[2.16144,41.35108]]]}},{"type":"Feature","properties":{"i":5},"geometry":{"type":"Polygon","coordinates":[[[2.17469,41.4136],[2.17501,41.41183],[2.17719,41.41126],[2.17903,41.41247],[2.1787,41.41425],[2.17653,41.41481],[2.17469,41.4136]]]}},{"type":"Feature","properties":{"i":6},"geometry":{"type":"Polygon","coordinates":[[[2.06437,41.42889],[2.0647,41.42712],[2.06687,41.42655],[2.06872,41.42776],[2.06838,41.42954],[2.06621,41.4301],[2.06437,41.42889]]]}},{"type":"Feature","properties":{"i":7},"geometry":{"type":"Polygon","coordinates":[[[2.11946,41.39929],[2.11979,41.39752],[2.12196,41.39695],[2.12381,41.39816],[2.12348,41.39993],[2.1213,41.4005],[2.11946,41.39929]]]}},{"type":"Feature","properties":{"i":8},"geometry":{"type":"Polygon","coordinates":[[[2.17233,41.4599],[2.17266,41.45812],[2.17483,41.45755],[2.17668,41.45876],[2.17635,41.46054],[2.17417,41.4611],[2.17233,41.4599]]]}},{"type":"Feature","properties":{"i":9},"geometry":{"type":"Polygon","coordinates":[[[2.17067,41.41296],[2.171,41.41119],[2.17317,41.41062],[2.17501,41.41183],[2.17469,41.4136],[2.17251,41.41417],[2.17067,41.41296]]]}},{"type":"Feature","properties":{"i":10},"geometry":{"type":"Polygon","coordinates":[[[2.18075,41.42555],[2.18108,41.42378],[2.18325,41.42321],[2.18509,41.42442],[2.18477,41.42619],[2.18259,41.42676],[2.18075,41.42555]]]}},{"type":"Feature","properties":{"i":11},"geometry":{"type":"Polygon","coordinates":[[[2.18507,41.36858],[2.1854,41.3668],[2.18757,41.36623],[2.18941,41.36744],[2.18908,41.36922],[2.18691,41.36979],[2.18507,41.36858]]]}},{"type":"Feature","properties":{"i":12},"geometry":{"type":"Polygon","coordinates":[[[2.1311,41.43684],[2.13143,41.43506],[2.1336,41.4345],[2.13545,41.43571],[2.13512,41.43748],[2.13295,41.43805],[2.1311,41.43684]]]}},{"type":"Feature","properties":{"i":13},"geometry":{"type":"Polygon","coordinates":[[[2.14736,41.33784],[2.14769,41.33607],[2.14986,41.3355],[2.15171,41.33671],[2.15138,41.33848],[2.14921,41.33905],[2.14736,41.33784]]]}},{"type":"Feature","properties":{"i":14},"geometry":{"type":"Polygon","coordinates":[[[2.09794,41.41506],[2.09827,41.41329],[2.10044,41.41272],[2.10228,41.41393],[2.10195,41.41571],[2.09978,41.41627],[2.09794,41.41506]]]}},{"type":"Feature","properties":{"i":15},"geometry":{"type":"Polygon","coordinates":[[[2.18727,41.42385],[2.1876,41.42207],[2.18977,41.4215],[2.19161,41.42271],[2.19129,41.42449],[2.18911,41.42506],[2.18727,41.42385]]]}},{"type":"Feature","properties":{"i":16},"geometry":{"type":"Polygon","coordinates":[[[2.1069,41.38905],[2.10723,41.38727],[2.1094,41.3867],[2.11124,41.38791],[2.11091,41.38969],[2.10874,41.39026],[2.1069,41.38905]]]}},{"type":"Feature","properties":{"i":17},"geometry":{"type":"Polygon","coordinates":[[[2.12854,41.41722],[2.12887,41.41544],[2.13104,41.41487],[2.13288,41.41608],[2.13255,41.41786],[2.13038,41.41843],[2.12854,41.41722]]]}},{"type":"Feature","properties":{"i":18},"geometry":{"type":"Polygon","coordinates":[[[2.17772,41.41958],[2.17805,41.4178],[2.18022,41.41723],[2.18206,41.41844],[2.18173,41.42022],[2.17956,41.42079],[2.17772,41.41958]]]}},{"type":"Feature","properties":{"i":19},"geometry":{"type":"Polygon","coordinates":[[[2.1656,41.39568],[2.16592,41.3939],[2.1681,41.39333],[2.16994,41.39454],[2.16961,41.39632],[2.16744,41.39689],[2.1656,41.39568]]]}},{"type":"Feature","properties":{"i":20},"geometry":{"type":"Polygon","coordinates":[[[2.19038,41.45179],[2.19071,41.45002],[2.19288,41.44945],[2.19472,41.45066],[2.1944,41.45243],[2.19222,41.453],[2.19038,41.45179]]]}},{"type":"Feature","properties":{"i":21},"geometry":{"type":"Polygon","coordinates":[[[2.17204,41.37199],[2.17237,41.37022],[2.17454,41.36965],[2.17638,41.37086],[2.17605,41.37263],[2.17388,41.3732],[2.17204,41.37199]]]}},{"type":"Feature","properties":{"i":22},"geometry":{"type":"Polygon","coordinates":[[[2.1348,41.3276],[2.13513,41.32582],[2.1373,41.32525],[2.13914,41.32646],[2.13882,41.32824],[2.13665,41.32881],[2.1348,41.3276]]]}},{"type":"Feature","properties":{"i":23},"geometry":{"type":"Polygon","coordinates":[[[2.15644,41.35577],[2.15677,41.35399],[2.15894,41.35343],[2.16078,41.35464],[2.16046,41.35641],[2.15828,41.35698],[2.15644,41.35577]]]}},{"type":"Feature","properties":{"i":24},"geometry":{"type":"Polygon","coordinates":[[[2.22085,41.40997],[2.22118,41.40819],[2.22335,41.40762],[2.22519,41.40883],[2.22487,41.41061],[2.22269,41.41118],[2.22085,41.40997]]]}},{"type":"Feature","properties":{"i":25},"geometry":{"type":"Polygon","coordinates":[[[2.12027,41.32802],[2.1206,41.32624],[2.12277,41.32568],[2.12461,41.32689],[2.12428,41.32866],[2.12211,41.32923],[2.12027,41.32802]]]}},{"type":"Feature","properties":{"i":26},"geometry":{"type":"Polygon","coordinates":[[[2.11446,41.40398],[2.11479,41.40221],[2.11696,41.40164],[2.1188,41.40285],[2.11847,41.40463],[2.1163,41.40519],[2.11446,41.40398]]]}},{"type":"Feature","properties":{"i":27},"geometry":{"type":"Polygon","coordinates":[[[2.1165,41.41529],[2.11682,41.41351],[2.119,41.41294],[2.12084,41.41415],[2.12051,41.41593],[2.11834,41.4165],[2.1165,41.41529]]]}},{"type":"Feature","properties":{"i":28},"geometry":{"type":"Polygon","coordinates":[[[2.17627,41.43857],[2.1766,41.43679],[2.17878,41.43622],[2.18062,41.43743],[2.18029,41.43921],[2.17812,41.43978],[2.17627,41.43857]]]}},{"type":"Feature","properties":{"i":29},"geometry":{"type":"Polygon","coordinates":[[[2.13447,41.38522],[2.1348,41.38344],[2.13697,41.38287],[2.13881,41.38408],[2.13848,41.38586],[2.13631,41.38643],[2.13447,41.38522]]]}},{"type":"Feature","properties":{"i":30},"geometry":{"type":"Polygon","coordinates":[[[2.18734,41.44582],[2.18767,41.44404],[2.18985,41.44347],[2.19169,41.44468],[2.19136,41.44646],[2.18919,41.44703],[2.18734,41.44582]]]}},{"type":"Feature","properties":{"i":31},"geometry":{"type":"Polygon","coordinates":[[[2.15947,41.36175],[2.1598,41.35997],[2.16197,41.3594],[2.16381,41.36061],[2.16348,41.36239],[2.16131,41.36296],[2.15947,41.36175]]]}},{"type":"Feature","properties":{"i":32},"geometry":{"type":"Polygon","coordinates":[[[2.1444,41.35385],[2.14473,41.35207],[2.1469,41.3515],[2.14875,41.35271],[2.14842,41.35449],[2.14625,41.35506],[2.1444,41.35385]]]}},{"type":"Feature","properties":{"i":33},"geometry":{"type":"Polygon","coordinates":[[[2.09293,41.41975],[2.09326,41.41797],[2.09544,41.41741],[2.09728,41.41862],[2.09695,41.42039],[2.09478,41.42096],[2.09293,41.41975]]]}},{"type":"Feature","properties":{"i":34},"geometry":{"type":"Polygon","coordinates":[[[2.12406,41.43022],[2.12439,41.42845],[2.12656,41.42788],[2.1284,41.42909],[2.12807,41.43087],[2.1259,41.43143],[2.12406,41.43022]]]}},{"type":"Feature","properties":{"i":35},"geometry":{"type":"Polygon","coordinates":[[[2.1219,41.37497],[2.12223,41.37319],[2.1244,41.37263],[2.12625,41.37384],[2.12592,41.37561],[2.12375,41.37618],[2.1219,41.37497]]]}},{"type":"Feature","properties":{"i":36},"geometry":{"type":"Polygon","coordinates":[[[2.18537,41.45649],[2.1857,41.45471],[2.18787,41.45414],[2.18972,41.45535],[2.18939,41.45713],[2.18722,41.4577],[2.18537,41.45649]]]}},{"type":"Feature","properties":{"i":37},"geometry":{"type":"Polygon","coordinates":[[[2.16704,41.37669],[2.16737,41.37491],[2.16954,41.37434],[2.17138,41.37555],[2.17105,41.37733],[2.16888,41.3779],[2.16704,41.37669]]]}},{"type":"Feature","properties":{"i":38},"geometry":{"type":"Polygon","coordinates":[[[2.12953,41.41188],[2.12986,41.41011],[2.13203,41.40954],[2.13387,41.41075],[2.13354,41.41253],[2.13137,41.41309],[2.12953,41.41188]]]}},{"type":"Feature","properties":{"i":39},"geometry":{"type":"Polygon","coordinates":[[[2.08944,41.42743],[2.08977,41.42565],[2.09194,41.42508],[2.09379,41.42629],[2.09346,41.42807],[2.09128,41.42864],[2.08944,41.42743]]]}},{"type":"Feature","properties":{"i":40},"geometry":{"type":"Polygon","coordinates":[[[2.155,41.37477],[2.15533,41.37299],[2.1575,41.37242],[2.15934,41.37363],[2.15901,41.37541],[2.15684,41.37598],[2.155,41.37477]]]}},{"type":"Feature","properties":{"i":41},"geometry":{"type":"Polygon","coordinates":[[[2.19166,41.38885],[2.19199,41.38707],[2.19416,41.3865],[2.19601,41.38771],[2.19568,41.38949],[2.19351,41.39006],[2.19166,41.38885]]]}},{"type":"Feature","properties":{"i":42},"geometry":{"type":"Polygon","coordinates":[[[2.15052,41.38778],[2.15085,41.38601],[2.15302,41.38544],[2.15487,41.38665],[2.15454,41.38842],[2.15237,41.38899],[2.15052,41.38778]]]}},{"type":"Feature","properties":{"i":43},"geometry":{"type":"Polygon","coordinates":[[[2.14644,41.36516],[2.14677,41.36338],[2.14894,41.36282],[2.15079,41.36403],[2.15046,41.3658],[2.14829,41.36637],[2.14644,41.36516]]]}},{"type":"Feature","properties":{"i":44},"geometry":{"type":"Polygon","coordinates":[[[2.1265,41.40591],[2.12683,41.40413],[2.129,41.40356],[2.13084,41.40477],[2.13052,41.40655],[2.12834,41.40712],[2.1265,41.40591]]]}},{"type":"Feature","properties":{"i":45},"geometry":{"type":"Polygon","coordinates":[[[2.10888,41.37838],[2.10921,41.3766],[2.11138,41.37603],[2.11322,41.37724],[2.11289,41.37902],[2.11072,41.37959],[2.10888,41.37838]]]}},{"type":"Feature","properties":{"i":46},"geometry":{"type":"Polygon","coordinates":[[[2.17961,41.38693],[2.17994,41.38515],[2.18211,41.38458],[2.18396,41.38579],[2.18363,41.38757],[2.18146,41.38814],[2.17961,41.38693]]]}},{"type":"Feature","properties":{"i":47},"geometry":{"type":"Polygon","coordinates":[[[2.13434,41.34126],[2.13467,41.33948],[2.13684,41.33891],[2.13868,41.34012],[2.13835,41.3419],[2.13618,41.34247],[2.13434,41.34126]]]}},{"type":"Feature","properties":{"i":48},"geometry":{"type":"Polygon","coordinates":[[[2.20129,41.4151],[2.20162,41.41332],[2.20379,41.41275],[2.20564,41.41396],[2.20531,41.41574],[2.20314,41.41631],[2.20129,41.4151]]]}},{"type":"Feature","properties":{"i":49},"geometry":{"type":"Polygon","coordinates":[[[2.14012,41.43279],[2.14045,41.43102],[2.14262,41.43045],[2.14447,41.43166],[2.14414,41.43344],[2.14197,41.434],[2.14012,41.43279]]]}},{"type":"Feature","properties":{"i":50},"geometry":{"type":"Polygon","coordinates":[[[2.1475,41.38181],[2.14782,41.38003],[2.15,41.37946],[2.15184,41.38067],[2.15151,41.38245],[2.14934,41.38302],[2.1475,41.38181]]]}},{"type":"Feature","properties":{"i":51},"geometry":{"type":"Polygon","coordinates":[[[2.18931,41.43515],[2.18964,41.43338],[2.19182,41.43281],[2.19366,41.43402],[2.19333,41.43579],[2.19116,41.43636],[2.18931,41.43515]]]}},{"type":"Feature","properties":{"i":52},"geometry":{"type":"Polygon","coordinates":[[[2.15961,41.40571],[2.15994,41.40393],[2.16211,41.40336],[2.16395,41.40457],[2.16362,41.40635],[2.16145,41.40692],[2.15961,41.40571]]]}},{"type":"Feature","properties":{"i":53},"geometry":{"type":"Polygon","coordinates":[[[2.1183,41.33869],[2.11863,41.33692],[2.1208,41.33635],[2.12264,41.33756],[2.12231,41.33934],[2.12014,41.3399],[2.1183,41.33869]]]}},{"type":"Feature","properties":{"i":54},"geometry":{"type":"Polygon","coordinates":[[[2.11429,41.33805],[2.11462,41.33627],[2.11679,41.33571],[2.11863,41.33692],[2.1183,41.33869],[2.11613,41.33926],[2.11429,41.33805]]]}},{"type":"Feature","properties":{"i":55},"geometry":{"type":"Polygon","coordinates":[[[2.18719,41.40187],[2.18752,41.40009],[2.18969,41.39952],[2.19154,41.40073],[2.19121,41.40251],[2.18904,41.40308],[2.18719,41.40187]]]}},{"type":"Feature","properties":{"i":56},"geometry":{"type":"Polygon","coordinates":[[[2.18871,41.40486],[2.18904,41.40308],[2.19121,41.40251],[2.19305,41.40372],[2.19272,41.4055],[2.19055,41.40607],[2.18871,41.40486]]]}},{"type":"Feature","properties":{"i":57},"geometry":{"type":"Polygon","coordinates":[[[2.20674,41.39675],[2.20707,41.39497],[2.20924,41.3944],[2.21109,41.39561],[2.21076,41.39738],[2.20859,41.39795],[2.20674,41.39675]]]}},{"type":"Feature","properties":{"i":58},"geometry":{"type":"Polygon","coordinates":[[[2.13709,41.42682],[2.13742,41.42504],[2.1396,41.42447],[2.14144,41.42568],[2.14111,41.42746],[2.13894,41.42803],[2.13709,41.42682]]]}},{"type":"Feature","properties":{"i":59},"geometry":{"type":"Polygon","coordinates":[[[2.14717,41.43941],[2.1475,41.43763],[2.14967,41.43706],[2.15151,41.43827],[2.15118,41.44005],[2.14901,41.44062],[2.14717,41.43941]]]}},{"type":"Feature","properties":{"i":60},"geometry":{"type":"Polygon","coordinates":[[[2.14552,41.39248],[2.14585,41.3907],[2.14802,41.39013],[2.14987,41.39134],[2.14954,41.39312],[2.14736,41.39369],[2.14552,41.39248]]]}},{"type":"Feature","properties":{"i":61},"geometry":{"type":"Polygon","coordinates":[[[2.15658,41.39973],[2.15691,41.39796],[2.15908,41.39739],[2.16092,41.3986],[2.16059,41.40037],[2.15842,41.40094],[2.15658,41.39973]]]}},{"type":"Feature","properties":{"i":62},"geometry":{"type":"Polygon","coordinates":[[[2.14342,41.35919],[2.14375,41.35741],[2.14592,41.35684],[2.14776,41.35805],[2.14743,41.35983],[2.14526,41.3604],[2.14342,41.35919]]]}},{"type":"Feature","properties":{"i":63},"geometry":{"type":"Polygon","coordinates":[[[2.10388,41.38307],[2.10421,41.38129],[2.10638,41.38073],[2.10822,41.38194],[2.10789,41.38371],[2.10572,41.38428],[2.10388,41.38307]]]}},{"type":"Feature","properties":{"i":64},"geometry":{"type":"Polygon","coordinates":[[[2.10226,41.33613],[2.10259,41.33435],[2.10476,41.33378],[2.1066,41.33499],[2.10627,41.33677],[2.1041,41.33734],[2.10226,41.33613]]]}},{"type":"Feature","properties":{"i":65},"geometry":{"type":"Polygon","coordinates":[[[2.07641,41.43082],[2.07674,41.42905],[2.07891,41.42848],[2.08075,41.42969],[2.08042,41.43147],[2.07825,41.43203],[2.07641,41.43082]]]}},{"type":"Feature","properties":{"i":66},"geometry":{"type":"Polygon","coordinates":[[[2.19265,41.38352],[2.19297,41.38174],[2.19515,41.38117],[2.19699,41.38238],[2.19666,41.38416],[2.19449,41.38473],[2.19265,41.38352]]]}},{"type":"Feature","properties":{"i":67},"geometry":{"type":"Polygon","coordinates":[[[2.17567,41.40827],[2.176,41.40649],[2.17817,41.40592],[2.18002,41.40713],[2.17969,41.40891],[2.17752,41.40948],[2.17567,41.40827]]]}},{"type":"Feature","properties":{"i":68},"geometry":{"type":"Polygon","coordinates":[[[2.10341,41.39672],[2.10374,41.39495],[2.10591,41.39438],[2.10775,41.39559],[2.10742,41.39737],[2.10525,41.39793],[2.10341,41.39672]]]}},{"type":"Feature","properties":{"i":69},"geometry":{"type":"Polygon","coordinates":[[[2.14249,41.3865],[2.14282,41.38472],[2.145,41.38415],[2.14684,41.38536],[2.14651,41.38714],[2.14434,41.38771],[2.14249,41.3865]]]}},{"type":"Feature","properties":{"i":70},"geometry":{"type":"Polygon","coordinates":[[[2.15513,41.41872],[2.15546,41.41694],[2.15763,41.41637],[2.15948,41.41758],[2.15915,41.41936],[2.15698,41.41993],[2.15513,41.41872]]]}},{"type":"Feature","properties":{"i":71},"geometry":{"type":"Polygon","coordinates":[[[2.15401,41.3801],[2.15434,41.37832],[2.15651,41.37776],[2.15835,41.37896],[2.15802,41.38074],[2.15585,41.38131],[2.15401,41.3801]]]}},{"type":"Feature","properties":{"i":72},"geometry":{"type":"Polygon","coordinates":[[[2.17423,41.42726],[2.17456,41.42548],[2.17673,41.42491],[2.17858,41.42612],[2.17825,41.4279],[2.17607,41.42847],[2.17423,41.42726]]]}},{"type":"Feature","properties":{"i":73},"geometry":{"type":"Polygon","coordinates":[[[2.15098,41.37413],[2.15131,41.37235],[2.15348,41.37178],[2.15533,41.37299],[2.155,41.37477],[2.15283,41.37534],[2.15098,41.37413]]]}},{"type":"Feature","properties":{"i":74},"geometry":{"type":"Polygon","coordinates":[[[2.17045,41.34702],[2.17078,41.34524],[2.17295,41.34467],[2.1748,41.34588],[2.17447,41.34766],[2.1723,41.34823],[2.17045,41.34702]]]}},{"type":"Feature","properties":{"i":75},"geometry":{"type":"Polygon","coordinates":[[[2.1502,41.44538],[2.15053,41.44361],[2.1527,41.44304],[2.15454,41.44425],[2.15421,41.44602],[2.15204,41.44659],[2.1502,41.44538]]]}},{"type":"Feature","properties":{"i":76},"geometry":{"type":"Polygon","coordinates":[[[2.18962,41.37754],[2.18994,41.37576],[2.19212,41.37519],[2.19396,41.3764],[2.19363,41.37818],[2.19146,41.37875],[2.18962,41.37754]]]}},{"type":"Feature","properties":{"i":77},"geometry":{"type":"Polygon","coordinates":[[[2.09142,41.41676],[2.09175,41.41499],[2.09392,41.41442],[2.09577,41.41563],[2.09544,41.41741],[2.09326,41.41797],[2.09142,41.41676]]]}},{"type":"Feature","properties":{"i":78},"geometry":{"type":"Polygon","coordinates":[[[2.20174,41.40144],[2.20207,41.39966],[2.20424,41.39909],[2.20609,41.4003],[2.20576,41.40208],[2.20359,41.40265],[2.20174,41.40144]]]}},{"type":"Feature","properties":{"i":79},"geometry":{"type":"Polygon","coordinates":[[[2.14216,41.4441],[2.14249,41.44232],[2.14466,41.44175],[2.14651,41.44296],[2.14618,41.44474],[2.14401,41.44531],[2.14216,41.4441]]]}},{"type":"Feature","properties":{"i":80},"geometry":{"type":"Polygon","coordinates":[[[2.10039,41.39075],[2.10072,41.38897],[2.10289,41.3884],[2.10473,41.38961],[2.1044,41.39139],[2.10223,41.39196],[2.10039,41.39075]]]}},{"type":"Feature","properties":{"i":81},"geometry":{"type":"Polygon","coordinates":[[[2.113,41.42297],[2.11333,41.42119],[2.11551,41.42062],[2.11735,41.42183],[2.11702,41.42361],[2.11485,41.42418],[2.113,41.42297]]]}},{"type":"Feature","properties":{"i":82},"geometry":{"type":"Polygon","coordinates":[[[2.16218,41.42534],[2.16251,41.42356],[2.16468,41.42299],[2.16652,41.4242],[2.1662,41.42598],[2.16402,41.42655],[2.16218,41.42534]]]}},{"type":"Feature","properties":{"i":83},"geometry":{"type":"Polygon","coordinates":[[[2.1521,41.41275],[2.15243,41.41097],[2.15461,41.4104],[2.15645,41.41161],[2.15612,41.41339],[2.15395,41.41396],[2.1521,41.41275]]]}},{"type":"Feature","properties":{"i":84},"geometry":{"type":"Polygon","coordinates":[[[2.18386,41.4535],[2.18418,41.45172],[2.18636,41.45115],[2.1882,41.45236],[2.18787,41.45414],[2.1857,41.45471],[2.18386,41.4535]]]}},{"type":"Feature","properties":{"i":85},"geometry":{"type":"Polygon","coordinates":[[[2.15637,41.33379],[2.1567,41.33201],[2.15887,41.33144],[2.16072,41.33265],[2.16039,41.33443],[2.15822,41.335],[2.15637,41.33379]]]}},{"type":"Feature","properties":{"i":86},"geometry":{"type":"Polygon","coordinates":[[[2.21433,41.41168],[2.21466,41.4099],[2.21683,41.40933],[2.21867,41.41054],[2.21835,41.41232],[2.21617,41.41289],[2.21433,41.41168]]]}},{"type":"Feature","properties":{"i":87},"geometry":{"type":"Polygon","coordinates":[[[2.17969,41.40891],[2.18002,41.40713],[2.18219,41.40656],[2.18403,41.40777],[2.18371,41.40955],[2.18153,41.41012],[2.17969,41.40891]]]}},{"type":"Feature","properties":{"i":88},"geometry":{"type":"Polygon","coordinates":[[[2.05937,41.43358],[2.0597,41.4318],[2.06187,41.43123],[2.06371,41.43245],[2.06338,41.43422],[2.06121,41.43479],[2.05937,41.43358]]]}},{"type":"Feature","properties":{"i":89},"geometry":{"type":"Polygon","coordinates":[[[2.19871,41.39547],[2.19904,41.39369],[2.20121,41.39312],[2.20306,41.39433],[2.20273,41.39611],[2.20055,41.39668],[2.19871,41.39547]]]}},{"type":"Feature","properties":{"i":90},"geometry":{"type":"Polygon","coordinates":[[[2.09893,41.40973],[2.09926,41.40795],[2.10143,41.40739],[2.10327,41.4086],[2.10294,41.41037],[2.10077,41.41094],[2.09893,41.40973]]]}},{"type":"Feature","properties":{"i":91},"geometry":{"type":"Polygon","coordinates":[[[2.17764,41.3976],[2.17797,41.39582],[2.18014,41.39525],[2.18199,41.39646],[2.18166,41.39824],[2.17949,41.39881],[2.17764,41.3976]]]}},{"type":"Feature","properties":{"i":92},"geometry":{"type":"Polygon","coordinates":[[[2.10998,41.41699],[2.11031,41.41521],[2.11248,41.41465],[2.11432,41.41586],[2.11399,41.41763],[2.11182,41.4182],[2.10998,41.41699]]]}},{"type":"Feature","properties":{"i":93},"geometry":{"type":"Polygon","coordinates":[[[2.16975,41.44027],[2.17008,41.43849],[2.17226,41.43792],[2.1741,41.43913],[2.17377,41.44091],[2.1716,41.44148],[2.16975,41.44027]]]}},{"type":"Feature","properties":{"i":94},"geometry":{"type":"Polygon","coordinates":[[[2.11841,41.38265],[2.11874,41.38087],[2.12092,41.38031],[2.12276,41.38152],[2.12243,41.38329],[2.12026,41.38386],[2.11841,41.38265]]]}},{"type":"Feature","properties":{"i":95},"geometry":{"type":"Polygon","coordinates":[[[2.17127,41.44326],[2.1716,41.44148],[2.17377,41.44091],[2.17562,41.44212],[2.17529,41.4439],[2.17312,41.44447],[2.17127,41.44326]]]}},{"type":"Feature","properties":{"i":96},"geometry":{"type":"Polygon","coordinates":[[[2.16598,41.36004],[2.16631,41.35826],[2.16848,41.35769],[2.17033,41.3589],[2.17,41.36068],[2.16783,41.36125],[2.16598,41.36004]]]}},{"type":"Feature","properties":{"i":97},"geometry":{"type":"Polygon","coordinates":[[[2.08642,41.42145],[2.08675,41.41967],[2.08892,41.41911],[2.09076,41.42032],[2.09043,41.42209],[2.08826,41.42266],[2.08642,41.42145]]]}},{"type":"Feature","properties":{"i":98},"geometry":{"type":"Polygon","coordinates":[[[2.108,41.42765],[2.10833,41.42588],[2.1105,41.42531],[2.11234,41.42652],[2.11201,41.4283],[2.10984,41.42886],[2.108,41.42765]]]}},{"type":"Feature","properties":{"i":99},"geometry":{"type":"Polygon","coordinates":[[[2.15717,41.43003],[2.1575,41.42825],[2.15968,41.42768],[2.16152,41.42889],[2.16119,41.43067],[2.15902,41.43124],[2.15717,41.43003]]]}},{"type":"Feature","properties":{"i":100},"geometry":{"type":"Polygon","coordinates":[[[2.14355,41.40314],[2.14388,41.40137],[2.14605,41.4008],[2.14789,41.40201],[2.14756,41.40378],[2.14539,41.40435],[2.14355,41.40314]]]}},{"type":"Feature","properties":{"i":101},"geometry":{"type":"Polygon","coordinates":[[[2.16901,41.36602],[2.16934,41.36424],[2.17151,41.36367],[2.17335,41.36488],[2.17303,41.36666],[2.17085,41.36723],[2.16901,41.36602]]]}},{"type":"Feature","properties":{"i":102},"geometry":{"type":"Polygon","coordinates":[[[2.20933,41.41638],[2.20965,41.4146],[2.21183,41.41403],[2.21367,41.41524],[2.21334,41.41702],[2.21117,41.41759],[2.20933,41.41638]]]}},{"type":"Feature","properties":{"i":103},"geometry":{"type":"Polygon","coordinates":[[[2.11528,41.33272],[2.11561,41.33094],[2.11778,41.33037],[2.11962,41.33158],[2.11929,41.33336],[2.11712,41.33393],[2.11528,41.33272]]]}},{"type":"Feature","properties":{"i":104},"geometry":{"type":"Polygon","coordinates":[[[2.18188,41.46416],[2.18221,41.46239],[2.18439,41.46182],[2.18623,41.46303],[2.1859,41.4648],[2.18373,41.46537],[2.18188,41.46416]]]}},{"type":"Feature","properties":{"i":105},"geometry":{"type":"Polygon","coordinates":[[[2.12947,41.38991],[2.1298,41.38813],[2.13197,41.38756],[2.13381,41.38877],[2.13348,41.39055],[2.13131,41.39112],[2.12947,41.38991]]]}},{"type":"Feature","properties":{"i":106},"geometry":{"type":"Polygon","coordinates":[[[2.14052,41.39717],[2.14085,41.39539],[2.14302,41.39482],[2.14486,41.39603],[2.14453,41.39781],[2.14236,41.39838],[2.14052,41.39717]]]}},{"type":"Feature","properties":{"i":107},"geometry":{"type":"Polygon","coordinates":[[[2.17658,41.38096],[2.17691,41.37918],[2.17908,41.37861],[2.18093,41.37982],[2.1806,41.3816],[2.17843,41.38217],[2.17658,41.38096]]]}},{"type":"Feature","properties":{"i":108},"geometry":{"type":"Polygon","coordinates":[[[2.17613,41.39461],[2.17646,41.39284],[2.17863,41.39227],[2.18047,41.39348],[2.18014,41.39525],[2.17797,41.39582],[2.17613,41.39461]]]}},{"type":"Feature","properties":{"i":109},"geometry":{"type":"Polygon","coordinates":[[[2.11225,41.32674],[2.11258,41.32496],[2.11475,41.32439],[2.11659,41.3256],[2.11626,41.32738],[2.11409,41.32795],[2.11225,41.32674]]]}},{"type":"Feature","properties":{"i":110},"geometry":{"type":"Polygon","coordinates":[[[2.15415,41.42405],[2.15447,41.42228],[2.15665,41.42171],[2.15849,41.42292],[2.15816,41.42469],[2.15599,41.42526],[2.15415,41.42405]]]}},{"type":"Feature","properties":{"i":111},"geometry":{"type":"Polygon","coordinates":[[[2.20334,41.42641],[2.20367,41.42463],[2.20584,41.42406],[2.20769,41.42527],[2.20736,41.42705],[2.20518,41.42762],[2.20334,41.42641]]]}},{"type":"Feature","properties":{"i":112},"geometry":{"type":"Polygon","coordinates":[[[2.13854,41.40783],[2.13887,41.40606],[2.14105,41.40549],[2.14289,41.4067],[2.14256,41.40848],[2.14039,41.40904],[2.13854,41.40783]]]}},{"type":"Feature","properties":{"i":113},"geometry":{"type":"Polygon","coordinates":[[[2.1731,41.38864],[2.17343,41.38686],[2.1756,41.38629],[2.17744,41.3875],[2.17711,41.38928],[2.17494,41.38985],[2.1731,41.38864]]]}},{"type":"Feature","properties":{"i":114},"geometry":{"type":"Polygon","coordinates":[[[2.18522,41.41254],[2.18555,41.41076],[2.18772,41.41019],[2.18957,41.4114],[2.18924,41.41318],[2.18707,41.41375],[2.18522,41.41254]]]}},{"type":"Feature","properties":{"i":115},"geometry":{"type":"Polygon","coordinates":[[[2.15112,41.41808],[2.15145,41.4163],[2.15362,41.41573],[2.15546,41.41694],[2.15513,41.41872],[2.15296,41.41929],[2.15112,41.41808]]]}},{"type":"Feature","properties":{"i":116},"geometry":{"type":"Polygon","coordinates":[[[2.15954,41.38373],[2.15987,41.38195],[2.16204,41.38138],[2.16388,41.38259],[2.16355,41.38437],[2.16138,41.38494],[2.15954,41.38373]]]}},{"type":"Feature","properties":{"i":117},"geometry":{"type":"Polygon","coordinates":[[[2.13993,41.36687],[2.14026,41.36509],[2.14243,41.36452],[2.14427,41.36573],[2.14394,41.36751],[2.14177,41.36808],[2.13993,41.36687]]]}},{"type":"Feature","properties":{"i":118},"geometry":{"type":"Polygon","coordinates":[[[2.17113,41.39931],[2.17146,41.39753],[2.17363,41.39696],[2.17547,41.39817],[2.17514,41.39995],[2.17297,41.40052],[2.17113,41.39931]]]}},{"type":"Feature","properties":{"i":119},"geometry":{"type":"Polygon","coordinates":[[[2.13737,41.34723],[2.1377,41.34546],[2.13987,41.34489],[2.14171,41.3461],[2.14138,41.34788],[2.13921,41.34844],[2.13737,41.34723]]]}},{"type":"Feature","properties":{"i":120},"geometry":{"type":"Polygon","coordinates":[[[2.14914,41.42874],[2.14947,41.42697],[2.15164,41.4264],[2.15349,41.42761],[2.15316,41.42939],[2.15099,41.42995],[2.14914,41.42874]]]}},{"type":"Feature","properties":{"i":121},"geometry":{"type":"Polygon","coordinates":[[[2.16877,41.4456],[2.1691,41.44383],[2.17127,41.44326],[2.17312,41.44447],[2.17279,41.44624],[2.17061,41.44681],[2.16877,41.4456]]]}},{"type":"Feature","properties":{"i":122},"geometry":{"type":"Polygon","coordinates":[[[2.15651,41.37776],[2.15684,41.37598],[2.15901,41.37541],[2.16085,41.37662],[2.16053,41.3784],[2.15835,41.37896],[2.15651,41.37776]]]}},{"type":"Feature","properties":{"i":123},"geometry":{"type":"Polygon","coordinates":[[[2.16915,41.40998],[2.16948,41.4082],[2.17166,41.40763],[2.1735,41.40884],[2.17317,41.41062],[2.171,41.41119],[2.16915,41.40998]]]}},{"type":"Feature","properties":{"i":124},"geometry":{"type":"Polygon","coordinates":[[[2.1369,41.36089],[2.13723,41.35911],[2.1394,41.35855],[2.14125,41.35976],[2.14092,41.36153],[2.13875,41.3621],[2.1369,41.36089]]]}},{"type":"Feature","properties":{"i":125},"geometry":{"type":"Polygon","coordinates":[[[2.14533,41.32653],[2.14565,41.32475],[2.14782,41.32418],[2.14967,41.32539],[2.14934,41.32717],[2.14717,41.32774],[2.14533,41.32653]]]}},{"type":"Feature","properties":{"i":126},"geometry":{"type":"Polygon","coordinates":[[[2.19629,41.41979],[2.19662,41.41802],[2.19879,41.41745],[2.20063,41.41865],[2.20031,41.42043],[2.19813,41.421],[2.19629,41.41979]]]}},{"type":"Feature","properties":{"i":127},"geometry":{"type":"Polygon","coordinates":[[[2.15619,41.43536],[2.15652,41.43358],[2.15869,41.43301],[2.16053,41.43422],[2.1602,41.436],[2.15803,41.43657],[2.15619,41.43536]]]}},{"type":"Feature","properties":{"i":128},"geometry":{"type":"Polygon","coordinates":[[[2.15506,41.39675],[2.15539,41.39497],[2.15757,41.3944],[2.15941,41.39561],[2.15908,41.39739],[2.15691,41.39796],[2.15506,41.39675]]]}},{"type":"Feature","properties":{"i":129},"geometry":{"type":"Polygon","coordinates":[[[2.17786,41.46352],[2.17819,41.46175],[2.18037,41.46118],[2.18221,41.46239],[2.18188,41.46416],[2.17971,41.46473],[2.17786,41.46352]]]}},{"type":"Feature","properties":{"i":130},"geometry":{"type":"Polygon","coordinates":[[[2.16612,41.404],[2.16645,41.40222],[2.16863,41.40166],[2.17047,41.40286],[2.17014,41.40464],[2.16797,41.40521],[2.16612,41.404]]]}},{"type":"Feature","properties":{"i":131},"geometry":{"type":"Polygon","coordinates":[[[2.13493,41.37156],[2.13526,41.36978],[2.13743,41.36922],[2.13927,41.37043],[2.13894,41.3722],[2.13677,41.37277],[2.13493,41.37156]]]}},{"type":"Feature","properties":{"i":132},"geometry":{"type":"Polygon","coordinates":[[[2.15493,41.35279],[2.15526,41.35101],[2.15743,41.35044],[2.15927,41.35165],[2.15894,41.35343],[2.15677,41.35399],[2.15493,41.35279]]]}},{"type":"Feature","properties":{"i":133},"geometry":{"type":"Polygon","coordinates":[[[2.11295,41.401],[2.11328,41.39922],[2.11545,41.39865],[2.11729,41.39986],[2.11696,41.40164],[2.11479,41.40221],[2.11295,41.401]]]}},{"type":"Feature","properties":{"i":134},"geometry":{"type":"Polygon","coordinates":[[[2.16376,41.45029],[2.16409,41.44852],[2.16627,41.44795],[2.16811,41.44916],[2.16778,41.45094],[2.16561,41.4515],[2.16376,41.45029]]]}},{"type":"Feature","properties":{"i":135},"geometry":{"type":"Polygon","coordinates":[[[2.16415,41.41467],[2.16448,41.41289],[2.16665,41.41232],[2.1685,41.41353],[2.16817,41.41531],[2.166,41.41588],[2.16415,41.41467]]]}},{"type":"Feature","properties":{"i":136},"geometry":{"type":"Polygon","coordinates":[[[2.18378,41.43153],[2.18411,41.42975],[2.18628,41.42918],[2.18813,41.43039],[2.1878,41.43217],[2.18563,41.43274],[2.18378,41.43153]]]}},{"type":"Feature","properties":{"i":137},"geometry":{"type":"Polygon","coordinates":[[[2.1319,41.36559],[2.13223,41.36381],[2.1344,41.36324],[2.13625,41.36445],[2.13592,41.36623],[2.13375,41.3668],[2.1319,41.36559]]]}},{"type":"Feature","properties":{"i":138},"geometry":{"type":"Polygon","coordinates":[[[2.14085,41.33955],[2.14118,41.33777],[2.14335,41.3372],[2.14519,41.33841],[2.14487,41.34019],[2.14269,41.34076],[2.14085,41.33955]]]}},{"type":"Feature","properties":{"i":139},"geometry":{"type":"Polygon","coordinates":[[[2.1519,41.34681],[2.15223,41.34503],[2.1544,41.34446],[2.15624,41.34567],[2.15592,41.34745],[2.15374,41.34802],[2.1519,41.34681]]]}},{"type":"Feature","properties":{"i":140},"geometry":{"type":"Polygon","coordinates":[[[2.21129,41.40571],[2.21162,41.40393],[2.2138,41.40336],[2.21564,41.40457],[2.21531,41.40635],[2.21314,41.40692],[2.21129,41.40571]]]}},{"type":"Feature","properties":{"i":141},"geometry":{"type":"Polygon","coordinates":[[[2.10044,41.41272],[2.10077,41.41094],[2.10294,41.41037],[2.10478,41.41158],[2.10445,41.41336],[2.10228,41.41393],[2.10044,41.41272]]]}},{"type":"Feature","properties":{"i":142},"geometry":{"type":"Polygon","coordinates":[[[2.10992,41.39502],[2.11025,41.39324],[2.11242,41.39268],[2.11427,41.39389],[2.11394,41.39566],[2.11176,41.39623],[2.10992,41.39502]]]}},{"type":"Feature","properties":{"i":143},"geometry":{"type":"Polygon","coordinates":[[[2.19235,41.44113],[2.19268,41.43935],[2.19485,41.43878],[2.19669,41.43999],[2.19637,41.44177],[2.19419,41.44234],[2.19235,41.44113]]]}},{"type":"Feature","properties":{"i":144},"geometry":{"type":"Polygon","coordinates":[[[2.12202,41.41892],[2.12235,41.41714],[2.12452,41.41657],[2.12637,41.41778],[2.12604,41.41956],[2.12386,41.42013],[2.12202,41.41892]]]}},{"type":"Feature","properties":{"i":145},"geometry":{"type":"Polygon","coordinates":[[[2.1712,41.42128],[2.17153,41.41951],[2.1737,41.41894],[2.17554,41.42015],[2.17522,41.42193],[2.17304,41.42249],[2.1712,41.42128]]]}},{"type":"Feature","properties":{"i":146},"geometry":{"type":"Polygon","coordinates":[[[2.16553,41.3737],[2.16585,41.37192],[2.16803,41.37135],[2.16987,41.37256],[2.16954,41.37434],[2.16737,41.37491],[2.16553,41.3737]]]}},{"type":"Feature","properties":{"i":147},"geometry":{"type":"Polygon","coordinates":[[[2.13255,41.41786],[2.13288,41.41608],[2.13506,41.41551],[2.1369,41.41672],[2.13657,41.4185],[2.1344,41.41907],[2.13255,41.41786]]]}},{"type":"Feature","properties":{"i":148},"geometry":{"type":"Polygon","coordinates":[[[2.13783,41.33357],[2.13816,41.3318],[2.14033,41.33123],[2.14217,41.33244],[2.14184,41.33422],[2.13967,41.33478],[2.13783,41.33357]]]}},{"type":"Feature","properties":{"i":149},"geometry":{"type":"Polygon","coordinates":[[[2.14993,41.35748],[2.15026,41.3557],[2.15243,41.35513],[2.15427,41.35634],[2.15394,41.35812],[2.15177,41.35869],[2.14993,41.35748]]]}},{"type":"Feature","properties":{"i":150},"geometry":{"type":"Polygon","coordinates":[[[2.22335,41.40762],[2.22368,41.40585],[2.22585,41.40528],[2.2277,41.40649],[2.22737,41.40826],[2.22519,41.40883],[2.22335,41.40762]]]}},{"type":"Feature","properties":{"i":151},"geometry":{"type":"Polygon","coordinates":[[[2.05682,41.41396],[2.05715,41.41218],[2.05932,41.41161],[2.06116,41.41282],[2.06083,41.4146],[2.05866,41.41517],[2.05682,41.41396]]]}},{"type":"Feature","properties":{"i":152},"geometry":{"type":"Polygon","coordinates":[[[2.12928,41.32397],[2.12961,41.32219],[2.13178,41.32162],[2.13362,41.32283],[2.13329,41.32461],[2.13112,41.32518],[2.12928,41.32397]]]}},{"type":"Feature","properties":{"i":153},"geometry":{"type":"Polygon","coordinates":[[[2.0884,41.41079],[2.08873,41.40901],[2.0909,41.40845],[2.09274,41.40966],[2.09241,41.41143],[2.09024,41.412],[2.0884,41.41079]]]}},{"type":"Feature","properties":{"i":154},"geometry":{"type":"Polygon","coordinates":[[[2.10794,41.40569],[2.10827,41.40391],[2.11045,41.40334],[2.11229,41.40455],[2.11196,41.40633],[2.10979,41.4069],[2.10794,41.40569]]]}},{"type":"Feature","properties":{"i":155},"geometry":{"type":"Polygon","coordinates":[[[2.11539,41.37668],[2.11572,41.3749],[2.11789,41.37433],[2.11973,41.37554],[2.1194,41.37732],[2.11723,41.37789],[2.11539,41.37668]]]}},{"type":"Feature","properties":{"i":156},"geometry":{"type":"Polygon","coordinates":[[[2.13703,41.40485],[2.13736,41.40307],[2.13953,41.4025],[2.14137,41.40371],[2.14105,41.40549],[2.13887,41.40606],[2.13703,41.40485]]]}},{"type":"Feature","properties":{"i":157},"geometry":{"type":"Polygon","coordinates":[[[2.17885,41.45819],[2.17918,41.45641],[2.18135,41.45585],[2.1832,41.45705],[2.18287,41.45883],[2.1807,41.4594],[2.17885,41.45819]]]}},{"type":"Feature","properties":{"i":158},"geometry":{"type":"Polygon","coordinates":[[[2.1625,41.36773],[2.16283,41.36595],[2.165,41.36538],[2.16684,41.36659],[2.16651,41.36837],[2.16434,41.36893],[2.1625,41.36773]]]}},{"type":"Feature","properties":{"i":159},"geometry":{"type":"Polygon","coordinates":[[[2.19174,41.41083],[2.19207,41.40905],[2.19424,41.40848],[2.19608,41.40969],[2.19576,41.41147],[2.19358,41.41204],[2.19174,41.41083]]]}},{"type":"Feature","properties":{"i":160},"geometry":{"type":"Polygon","coordinates":[[[2.09596,41.42573],[2.09629,41.42395],[2.09846,41.42338],[2.1003,41.42459],[2.09997,41.42637],[2.0978,41.42694],[2.09596,41.42573]]]}},{"type":"Feature","properties":{"i":161},"geometry":{"type":"Polygon","coordinates":[[[2.10498,41.42168],[2.10531,41.4199],[2.10748,41.41934],[2.10932,41.42055],[2.10899,41.42232],[2.10682,41.42289],[2.10498,41.42168]]]}},{"type":"Feature","properties":{"i":162},"geometry":{"type":"Polygon","coordinates":[[[2.12295,41.39161],[2.12328,41.38984],[2.12545,41.38927],[2.12729,41.39048],[2.12696,41.39226],[2.12479,41.39282],[2.12295,41.39161]]]}},{"type":"Feature","properties":{"i":163},"geometry":{"type":"Polygon","coordinates":[[[2.17007,41.38266],[2.1704,41.38089],[2.17257,41.38032],[2.17441,41.38153],[2.17408,41.3833],[2.17191,41.38387],[2.17007,41.38266]]]}},{"type":"Feature","properties":{"i":164},"geometry":{"type":"Polygon","coordinates":[[[2.19985,41.43409],[2.20018,41.43231],[2.20236,41.43174],[2.2042,41.43295],[2.20387,41.43473],[2.2017,41.4353],[2.19985,41.43409]]]}},{"type":"Feature","properties":{"i":165},"geometry":{"type":"Polygon","coordinates":[[[2.12446,41.3946],[2.12479,41.39282],[2.12696,41.39226],[2.12881,41.39347],[2.12848,41.39524],[2.12631,41.39581],[2.12446,41.3946]]]}},{"type":"Feature","properties":{"i":166},"geometry":{"type":"Polygon","coordinates":[[[2.17582,41.45222],[2.17615,41.45044],[2.17832,41.44987],[2.18017,41.45108],[2.17984,41.45286],[2.17766,41.45343],[2.17582,41.45222]]]}},{"type":"Feature","properties":{"i":167},"geometry":{"type":"Polygon","coordinates":[[[2.16053,41.3784],[2.16085,41.37662],[2.16303,41.37605],[2.16487,41.37726],[2.16454,41.37904],[2.16237,41.37961],[2.16053,41.3784]]]}},{"type":"Feature","properties":{"i":168},"geometry":{"type":"Polygon","coordinates":[[[2.12428,41.32866],[2.12461,41.32689],[2.12678,41.32632],[2.12862,41.32753],[2.1283,41.3293],[2.12613,41.32987],[2.12428,41.32866]]]}},{"type":"Feature","properties":{"i":169},"geometry":{"type":"Polygon","coordinates":[[[2.14763,41.42576],[2.14796,41.42398],[2.15013,41.42341],[2.15197,41.42462],[2.15164,41.4264],[2.14947,41.42697],[2.14763,41.42576]]]}},{"type":"Feature","properties":{"i":170},"geometry":{"type":"Polygon","coordinates":[[[2.19682,41.42811],[2.19715,41.42634],[2.19932,41.42577],[2.20117,41.42698],[2.20084,41.42875],[2.19866,41.42932],[2.19682,41.42811]]]}},{"type":"Feature","properties":{"i":171},"geometry":{"type":"Polygon","coordinates":[[[2.11039,41.38137],[2.11072,41.37959],[2.11289,41.37902],[2.11473,41.38023],[2.1144,41.38201],[2.11223,41.38258],[2.11039,41.38137]]]}},{"type":"Feature","properties":{"i":172},"geometry":{"type":"Polygon","coordinates":[[[2.13203,41.40954],[2.13236,41.40776],[2.13453,41.40719],[2.13637,41.4084],[2.13604,41.41018],[2.13387,41.41075],[2.13203,41.40954]]]}},{"type":"Feature","properties":{"i":173},"geometry":{"type":"Polygon","coordinates":[[[2.18515,41.39056],[2.18547,41.38878],[2.18765,41.38821],[2.18949,41.38942],[2.18916,41.3912],[2.18699,41.39177],[2.18515,41.39056]]]}},{"type":"Feature","properties":{"i":174},"geometry":{"type":"Polygon","coordinates":[[[2.13506,41.41551],[2.13538,41.41374],[2.13756,41.41317],[2.1394,41.41438],[2.13907,41.41615],[2.1369,41.41672],[2.13506,41.41551]]]}},{"type":"Feature","properties":{"i":175},"geometry":{"type":"Polygon","coordinates":[[[2.15302,41.38544],[2.15335,41.38366],[2.15552,41.38309],[2.15737,41.3843],[2.15704,41.38608],[2.15487,41.38665],[2.15302,41.38544]]]}},{"type":"Feature","properties":{"i":176},"geometry":{"type":"Polygon","coordinates":[[[2.19485,41.43878],[2.19518,41.437],[2.19735,41.43644],[2.1992,41.43764],[2.19887,41.43942],[2.19669,41.43999],[2.19485,41.43878]]]}},{"type":"Feature","properties":{"i":177},"geometry":{"type":"Polygon","coordinates":[[[2.11999,41.40761],[2.12032,41.40583],[2.12249,41.40527],[2.12433,41.40648],[2.124,41.40825],[2.12183,41.40882],[2.11999,41.40761]]]}},{"type":"Feature","properties":{"i":178},"geometry":{"type":"Polygon","coordinates":[[[2.13987,41.34489],[2.1402,41.34311],[2.14237,41.34254],[2.14421,41.34375],[2.14388,41.34553],[2.14171,41.3461],[2.13987,41.34489]]]}},{"type":"Feature","properties":{"i":179},"geometry":{"type":"Polygon","coordinates":[[[2.18219,41.40656],[2.18252,41.40479],[2.18469,41.40422],[2.18653,41.40543],[2.18621,41.4072],[2.18403,41.40777],[2.18219,41.40656]]]}},{"type":"Feature","properties":{"i":180},"geometry":{"type":"Polygon","coordinates":[[[2.14262,41.43045],[2.14295,41.42867],[2.14513,41.4281],[2.14697,41.42931],[2.14664,41.43109],[2.14447,41.43166],[2.14262,41.43045]]]}},{"type":"Feature","properties":{"i":181},"geometry":{"type":"Polygon","coordinates":[[[2.1527,41.44304],[2.15303,41.44126],[2.1552,41.44069],[2.15704,41.4419],[2.15672,41.44368],[2.15454,41.44425],[2.1527,41.44304]]]}},{"type":"Feature","properties":{"i":182},"geometry":{"type":"Polygon","coordinates":[[[2.14098,41.38351],[2.14131,41.38174],[2.14348,41.38117],[2.14532,41.38238],[2.145,41.38415],[2.14282,41.38472],[2.14098,41.38351]]]}},{"type":"Feature","properties":{"i":183},"geometry":{"type":"Polygon","coordinates":[[[2.19182,41.43281],[2.19214,41.43103],[2.19432,41.43046],[2.19616,41.43167],[2.19583,41.43345],[2.19366,41.43402],[2.19182,41.43281]]]}},{"type":"Feature","properties":{"i":184},"geometry":{"type":"Polygon","coordinates":[[[2.16264,41.41168],[2.16297,41.4099],[2.16514,41.40934],[2.16698,41.41055],[2.16665,41.41232],[2.16448,41.41289],[2.16264,41.41168]]]}},{"type":"Feature","properties":{"i":185},"geometry":{"type":"Polygon","coordinates":[[[2.13684,41.33891],[2.13717,41.33713],[2.13934,41.33656],[2.14118,41.33777],[2.14085,41.33955],[2.13868,41.34012],[2.13684,41.33891]]]}},{"type":"Feature","properties":{"i":186},"geometry":{"type":"Polygon","coordinates":[[[2.14894,41.36282],[2.14927,41.36104],[2.15144,41.36047],[2.15329,41.36168],[2.15296,41.36346],[2.15079,41.36403],[2.14894,41.36282]]]}},{"type":"Feature","properties":{"i":187},"geometry":{"type":"Polygon","coordinates":[[[2.10778,41.33976],[2.10811,41.33798],[2.11028,41.33741],[2.11212,41.33862],[2.11179,41.3404],[2.10962,41.34097],[2.10778,41.33976]]]}},{"type":"Feature","properties":{"i":188},"geometry":{"type":"Polygon","coordinates":[[[2.1681,41.39333],[2.16843,41.39156],[2.1706,41.39099],[2.17244,41.3922],[2.17211,41.39397],[2.16994,41.39454],[2.1681,41.39333]]]}},{"type":"Feature","properties":{"i":189},"geometry":{"type":"Polygon","coordinates":[[[2.18977,41.4215],[2.1901,41.41972],[2.19227,41.41915],[2.19411,41.42036],[2.19379,41.42214],[2.19161,41.42271],[2.18977,41.4215]]]}},{"type":"Feature","properties":{"i":190},"geometry":{"type":"Polygon","coordinates":[[[2.05432,41.4163],[2.05465,41.41452],[2.05682,41.41396],[2.05866,41.41517],[2.05833,41.41694],[2.05616,41.41751],[2.05432,41.4163]]]}},{"type":"Feature","properties":{"i":191},"geometry":{"type":"Polygon","coordinates":[[[2.14967,41.43706],[2.15,41.43529],[2.15217,41.43472],[2.15401,41.43593],[2.15369,41.43771],[2.15151,41.43827],[2.14967,41.43706]]]}},{"type":"Feature","properties":{"i":192},"geometry":{"type":"Polygon","coordinates":[[[2.13058,41.42852],[2.13091,41.42675],[2.13308,41.42618],[2.13492,41.42739],[2.13459,41.42916],[2.13242,41.42973],[2.13058,41.42852]]]}},{"type":"Feature","properties":{"i":193},"geometry":{"type":"Polygon","coordinates":[[[2.14855,41.39845],[2.14888,41.39667],[2.15105,41.3961],[2.15289,41.39731],[2.15256,41.39909],[2.15039,41.39966],[2.14855,41.39845]]]}},{"type":"Feature","properties":{"i":194},"geometry":{"type":"Polygon","coordinates":[[[2.15006,41.40144],[2.15039,41.39966],[2.15256,41.39909],[2.15441,41.4003],[2.15408,41.40208],[2.15191,41.40265],[2.15006,41.40144]]]}},{"type":"Feature","properties":{"i":195},"geometry":{"type":"Polygon","coordinates":[[[2.13663,41.44047],[2.13696,41.43869],[2.13913,41.43813],[2.14098,41.43933],[2.14065,41.44111],[2.13848,41.44168],[2.13663,41.44047]]]}},{"type":"Feature","properties":{"i":196},"geometry":{"type":"Polygon","coordinates":[[[2.14592,41.35684],[2.14625,41.35506],[2.14842,41.35449],[2.15026,41.3557],[2.14993,41.35748],[2.14776,41.35805],[2.14592,41.35684]]]}},{"type":"Feature","properties":{"i":197},"geometry":{"type":"Polygon","coordinates":[[[2.15486,41.3308],[2.15519,41.32902],[2.15736,41.32845],[2.1592,41.32966],[2.15887,41.33144],[2.1567,41.33201],[2.15486,41.3308]]]}},{"type":"Feature","properties":{"i":198},"geometry":{"type":"Polygon","coordinates":[[[2.17719,41.41126],[2.17752,41.40948],[2.17969,41.40891],[2.18153,41.41012],[2.1812,41.4119],[2.17903,41.41247],[2.17719,41.41126]]]}},{"type":"Feature","properties":{"i":199},"geometry":{"type":"Polygon","coordinates":[[[2.19719,41.39248],[2.19752,41.3907],[2.19969,41.39013],[2.20154,41.39134],[2.20121,41.39312],[2.19904,41.39369],[2.19719,41.39248]]]}},{"type":"Feature","properties":{"i":200},"geometry":{"type":"Polygon","coordinates":[[[2.10643,41.4027],[2.10676,41.40092],[2.10893,41.40035],[2.11078,41.40156],[2.11045,41.40334],[2.10827,41.40391],[2.10643,41.4027]]]}},{"type":"Feature","properties":{"i":201},"geometry":{"type":"Polygon","coordinates":[[[2.13598,41.38821],[2.13631,41.38643],[2.13848,41.38586],[2.14032,41.38707],[2.13999,41.38885],[2.13782,41.38942],[2.13598,41.38821]]]}},{"type":"Feature","properties":{"i":202},"geometry":{"type":"Polygon","coordinates":[[[2.16771,41.42896],[2.16804,41.42719],[2.17021,41.42662],[2.17206,41.42783],[2.17173,41.42961],[2.16955,41.43017],[2.16771,41.42896]]]}},{"type":"Feature","properties":{"i":203},"geometry":{"type":"Polygon","coordinates":[[[2.1336,41.4345],[2.13393,41.43272],[2.13611,41.43215],[2.13795,41.43336],[2.13762,41.43514],[2.13545,41.43571],[2.1336,41.4345]]]}},{"type":"Feature","properties":{"i":204},"geometry":{"type":"Polygon","coordinates":[[[2.14447,41.37583],[2.1448,41.37405],[2.14697,41.37349],[2.14881,41.3747],[2.14848,41.37647],[2.14631,41.37704],[2.14447,41.37583]]]}},{"type":"Feature","properties":{"i":205},"geometry":{"type":"Polygon","coordinates":[[[2.16394,41.34873],[2.16427,41.34695],[2.16644,41.34638],[2.16828,41.34759],[2.16795,41.34937],[2.16578,41.34994],[2.16394,41.34873]]]}},{"type":"Feature","properties":{"i":206},"geometry":{"type":"Polygon","coordinates":[[[2.20478,41.40742],[2.2051,41.40564],[2.20728,41.40507],[2.20912,41.40628],[2.20879,41.40806],[2.20662,41.40863],[2.20478,41.40742]]]}},{"type":"Feature","properties":{"i":207},"geometry":{"type":"Polygon","coordinates":[[[2.08491,41.41846],[2.08524,41.41669],[2.08741,41.41612],[2.08925,41.41733],[2.08892,41.41911],[2.08675,41.41967],[2.08491,41.41846]]]}},{"type":"Feature","properties":{"i":208},"geometry":{"type":"Polygon","coordinates":[[[2.19288,41.44945],[2.19321,41.44767],[2.19538,41.4471],[2.19723,41.44831],[2.1969,41.45009],[2.19472,41.45066],[2.19288,41.44945]]]}},{"type":"Feature","properties":{"i":209},"geometry":{"type":"Polygon","coordinates":[[[2.13163,41.44516],[2.13196,41.44338],[2.13413,41.44281],[2.13597,41.44402],[2.13564,41.4458],[2.13347,41.44637],[2.13163,41.44516]]]}},{"type":"Feature","properties":{"i":210},"geometry":{"type":"Polygon","coordinates":[[[2.14986,41.3355],[2.15019,41.33372],[2.15236,41.33315],[2.1542,41.33436],[2.15388,41.33614],[2.15171,41.33671],[2.14986,41.3355]]]}},{"type":"Feature","properties":{"i":211},"geometry":{"type":"Polygon","coordinates":[[[2.20781,41.41339],[2.20814,41.41161],[2.21031,41.41104],[2.21216,41.41225],[2.21183,41.41403],[2.20965,41.4146],[2.20781,41.41339]]]}},{"type":"Feature","properties":{"i":212},"geometry":{"type":"Polygon","coordinates":[[[2.07084,41.40523],[2.07117,41.40345],[2.07334,41.40288],[2.07518,41.40409],[2.07485,41.40587],[2.07268,41.40644],[2.07084,41.40523]]]}},{"type":"Feature","properties":{"i":213},"geometry":{"type":"Polygon","coordinates":[[[2.12277,41.32568],[2.1231,41.3239],[2.12527,41.32333],[2.12711,41.32454],[2.12678,41.32632],[2.12461,41.32689],[2.12277,41.32568]]]}},{"type":"Feature","properties":{"i":214},"geometry":{"type":"Polygon","coordinates":[[[2.19219,41.39717],[2.19252,41.3954],[2.19469,41.39483],[2.19654,41.39604],[2.19621,41.39781],[2.19404,41.39838],[2.19219,41.39717]]]}},{"type":"Feature","properties":{"i":215},"geometry":{"type":"Polygon","coordinates":[[[2.10789,41.38371],[2.10822,41.38194],[2.11039,41.38137],[2.11223,41.38258],[2.1119,41.38435],[2.10973,41.38492],[2.10789,41.38371]]]}},{"type":"Feature","properties":{"i":216},"geometry":{"type":"Polygon","coordinates":[[[2.19432,41.43046],[2.19465,41.42868],[2.19682,41.42811],[2.19866,41.42932],[2.19834,41.4311],[2.19616,41.43167],[2.19432,41.43046]]]}},{"type":"Feature","properties":{"i":217},"geometry":{"type":"Polygon","coordinates":[[[2.08189,41.41249],[2.08222,41.41071],[2.08439,41.41015],[2.08623,41.41136],[2.0859,41.41313],[2.08373,41.4137],[2.08189,41.41249]]]}},{"type":"Feature","properties":{"i":218},"geometry":{"type":"Polygon","coordinates":[[[2.119,41.41294],[2.11933,41.41117],[2.1215,41.4106],[2.12334,41.41181],[2.12301,41.41359],[2.12084,41.41415],[2.119,41.41294]]]}},{"type":"Feature","properties":{"i":219},"geometry":{"type":"Polygon","coordinates":[[[2.14513,41.4281],[2.14546,41.42633],[2.14763,41.42576],[2.14947,41.42697],[2.14914,41.42874],[2.14697,41.42931],[2.14513,41.4281]]]}},{"type":"Feature","properties":{"i":220},"geometry":{"type":"Polygon","coordinates":[[[2.17878,41.43622],[2.17911,41.43444],[2.18128,41.43387],[2.18312,41.43508],[2.18279,41.43686],[2.18062,41.43743],[2.17878,41.43622]]]}},{"type":"Feature","properties":{"i":221},"geometry":{"type":"Polygon","coordinates":[[[2.13697,41.38287],[2.1373,41.38109],[2.13947,41.38053],[2.14131,41.38174],[2.14098,41.38351],[2.13881,41.38408],[2.13697,41.38287]]]}},{"type":"Feature","properties":{"i":222},"geometry":{"type":"Polygon","coordinates":[[[2.18985,41.44347],[2.19017,41.4417],[2.19235,41.44113],[2.19419,41.44234],[2.19386,41.44412],[2.19169,41.44468],[2.18985,41.44347]]]}},{"type":"Feature","properties":{"i":223},"geometry":{"type":"Polygon","coordinates":[[[2.1469,41.3515],[2.14723,41.34973],[2.1494,41.34916],[2.15125,41.35037],[2.15092,41.35214],[2.14875,41.35271],[2.1469,41.3515]]]}},{"type":"Feature","properties":{"i":224},"geometry":{"type":"Polygon","coordinates":[[[2.0799,41.42315],[2.08023,41.42137],[2.08241,41.42081],[2.08425,41.42202],[2.08392,41.42379],[2.08175,41.42436],[2.0799,41.42315]]]}},{"type":"Feature","properties":{"i":225},"geometry":{"type":"Polygon","coordinates":[[[2.12656,41.42788],[2.12689,41.4261],[2.12906,41.42554],[2.13091,41.42675],[2.13058,41.42852],[2.1284,41.42909],[2.12656,41.42788]]]}},{"type":"Feature","properties":{"i":226},"geometry":{"type":"Polygon","coordinates":[[[2.14605,41.4008],[2.14638,41.39902],[2.14855,41.39845],[2.15039,41.39966],[2.15006,41.40144],[2.14789,41.40201],[2.14605,41.4008]]]}},{"type":"Feature","properties":{"i":227},"geometry":{"type":"Polygon","coordinates":[[[2.18787,41.45414],[2.1882,41.45236],[2.19038,41.45179],[2.19222,41.453],[2.19189,41.45478],[2.18972,41.45535],[2.18787,41.45414]]]}},{"type":"Feature","properties":{"i":228},"geometry":{"type":"Polygon","coordinates":[[[2.20281,41.41809],[2.20314,41.41631],[2.20531,41.41574],[2.20715,41.41695],[2.20683,41.41873],[2.20465,41.41929],[2.20281,41.41809]]]}},{"type":"Feature","properties":{"i":229},"geometry":{"type":"Polygon","coordinates":[[[2.11778,41.33037],[2.1181,41.32859],[2.12027,41.32802],[2.12211,41.32923],[2.12179,41.33101],[2.11962,41.33158],[2.11778,41.33037]]]}},{"type":"Feature","properties":{"i":230},"geometry":{"type":"Polygon","coordinates":[[[2.13197,41.38756],[2.1323,41.38579],[2.13447,41.38522],[2.13631,41.38643],[2.13598,41.38821],[2.13381,41.38877],[2.13197,41.38756]]]}},{"type":"Feature","properties":{"i":231},"geometry":{"type":"Polygon","coordinates":[[[2.12179,41.33101],[2.12211,41.32923],[2.12428,41.32866],[2.12613,41.32987],[2.1258,41.33165],[2.12363,41.33222],[2.12179,41.33101]]]}},{"type":"Feature","properties":{"i":232},"geometry":{"type":"Polygon","coordinates":[[[2.134,41.39887],[2.13433,41.3971],[2.13651,41.39653],[2.13835,41.39774],[2.13802,41.39951],[2.13585,41.40008],[2.134,41.39887]]]}},{"type":"Feature","properties":{"i":233},"geometry":{"type":"Polygon","coordinates":[[[2.1575,41.37242],[2.15783,41.37064],[2.16,41.37007],[2.16184,41.37128],[2.16151,41.37306],[2.15934,41.37363],[2.1575,41.37242]]]}},{"type":"Feature","properties":{"i":234},"geometry":{"type":"Polygon","coordinates":[[[2.15665,41.42171],[2.15698,41.41993],[2.15915,41.41936],[2.16099,41.42057],[2.16066,41.42235],[2.15849,41.42292],[2.15665,41.42171]]]}},{"type":"Feature","properties":{"i":235},"geometry":{"type":"Polygon","coordinates":[[[2.18264,41.39291],[2.18297,41.39113],[2.18515,41.39056],[2.18699,41.39177],[2.18666,41.39355],[2.18449,41.39412],[2.18264,41.39291]]]}},{"type":"Feature","properties":{"i":236},"geometry":{"type":"Polygon","coordinates":[[[2.20584,41.42406],[2.20617,41.42228],[2.20834,41.42171],[2.21019,41.42292],[2.20986,41.4247],[2.20769,41.42527],[2.20584,41.42406]]]}},{"type":"Feature","properties":{"i":237},"geometry":{"type":"Polygon","coordinates":[[[2.14157,41.41381],[2.1419,41.41203],[2.14407,41.41146],[2.14592,41.41267],[2.14559,41.41445],[2.14341,41.41502],[2.14157,41.41381]]]}},{"type":"Feature","properties":{"i":238},"geometry":{"type":"Polygon","coordinates":[[[2.13336,41.34659],[2.13368,41.34482],[2.13585,41.34425],[2.1377,41.34546],[2.13737,41.34723],[2.1352,41.3478],[2.13336,41.34659]]]}},{"type":"Feature","properties":{"i":239},"geometry":{"type":"Polygon","coordinates":[[[2.18211,41.38458],[2.18244,41.38281],[2.18461,41.38224],[2.18646,41.38345],[2.18613,41.38522],[2.18396,41.38579],[2.18211,41.38458]]]}},{"type":"Feature","properties":{"i":240},"geometry":{"type":"Polygon","coordinates":[[[2.20379,41.41275],[2.20412,41.41097],[2.20629,41.4104],[2.20814,41.41161],[2.20781,41.41339],[2.20564,41.41396],[2.20379,41.41275]]]}},{"type":"Feature","properties":{"i":241},"geometry":{"type":"Polygon","coordinates":[[[2.06834,41.40757],[2.06867,41.40579],[2.07084,41.40523],[2.07268,41.40644],[2.07235,41.40822],[2.07018,41.40878],[2.06834,41.40757]]]}},{"type":"Feature","properties":{"i":242},"geometry":{"type":"Polygon","coordinates":[[[2.1446,41.41978],[2.14493,41.41801],[2.1471,41.41744],[2.14894,41.41865],[2.14862,41.42043],[2.14644,41.42099],[2.1446,41.41978]]]}},{"type":"Feature","properties":{"i":243},"geometry":{"type":"Polygon","coordinates":[[[2.16257,41.38971],[2.1629,41.38793],[2.16507,41.38736],[2.16691,41.38857],[2.16658,41.39035],[2.16441,41.39092],[2.16257,41.38971]]]}},{"type":"Feature","properties":{"i":244},"geometry":{"type":"Polygon","coordinates":[[[2.2044,41.44305],[2.20473,41.44127],[2.20691,41.4407],[2.20875,41.44191],[2.20842,41.44369],[2.20625,41.44426],[2.2044,41.44305]]]}},{"type":"Feature","properties":{"i":245},"geometry":{"type":"Polygon","coordinates":[[[2.1208,41.33635],[2.12113,41.33457],[2.1233,41.334],[2.12514,41.33521],[2.12481,41.33699],[2.12264,41.33756],[2.1208,41.33635]]]}},{"type":"Feature","properties":{"i":246},"geometry":{"type":"Polygon","coordinates":[[[2.14243,41.36452],[2.14276,41.36274],[2.14493,41.36218],[2.14677,41.36338],[2.14644,41.36516],[2.14427,41.36573],[2.14243,41.36452]]]}},{"type":"Feature","properties":{"i":247},"geometry":{"type":"Polygon","coordinates":[[[2.18969,41.39952],[2.19002,41.39774],[2.19219,41.39717],[2.19404,41.39838],[2.19371,41.40016],[2.19154,41.40073],[2.18969,41.39952]]]}},{"type":"Feature","properties":{"i":248},"geometry":{"type":"Polygon","coordinates":[[[2.19121,41.40251],[2.19154,41.40073],[2.19371,41.40016],[2.19555,41.40137],[2.19522,41.40315],[2.19305,41.40372],[2.19121,41.40251]]]}},{"type":"Feature","properties":{"i":249},"geometry":{"type":"Polygon","coordinates":[[[2.15217,41.43472],[2.1525,41.43294],[2.15467,41.43237],[2.15652,41.43358],[2.15619,41.43536],[2.15401,41.43593],[2.15217,41.43472]]]}},{"type":"Feature","properties":{"i":250},"geometry":{"type":"Polygon","coordinates":[[[2.16225,41.44731],[2.16258,41.44553],[2.16475,41.44496],[2.16659,41.44617],[2.16627,41.44795],[2.16409,41.44852],[2.16225,41.44731]]]}},{"type":"Feature","properties":{"i":251},"geometry":{"type":"Polygon","coordinates":[[[2.15,41.37946],[2.15033,41.37768],[2.1525,41.37711],[2.15434,41.37832],[2.15401,41.3801],[2.15184,41.38067],[2.15,41.37946]]]}},{"type":"Feature","properties":{"i":252},"geometry":{"type":"Polygon","coordinates":[[[2.13011,41.44217],[2.13044,41.4404],[2.13262,41.43983],[2.13446,41.44104],[2.13413,41.44281],[2.13196,41.44338],[2.13011,41.44217]]]}},{"type":"Feature","properties":{"i":253},"geometry":{"type":"Polygon","coordinates":[[[2.14835,41.33251],[2.14868,41.33073],[2.15085,41.33016],[2.15269,41.33137],[2.15236,41.33315],[2.15019,41.33372],[2.14835,41.33251]]]}},{"type":"Feature","properties":{"i":254},"geometry":{"type":"Polygon","coordinates":[[[2.10476,41.33378],[2.10509,41.332],[2.10726,41.33143],[2.1091,41.33264],[2.10877,41.33442],[2.1066,41.33499],[2.10476,41.33378]]]}},{"type":"Feature","properties":{"i":255},"geometry":{"type":"Polygon","coordinates":[[[2.19879,41.41745],[2.19912,41.41567],[2.20129,41.4151],[2.20314,41.41631],[2.20281,41.41809],[2.20063,41.41865],[2.19879,41.41745]]]}},{"type":"Feature","properties":{"i":256},"geometry":{"type":"Polygon","coordinates":[[[2.07891,41.42848],[2.07924,41.4267],[2.08142,41.42614],[2.08326,41.42735],[2.08293,41.42913],[2.08075,41.42969],[2.07891,41.42848]]]}},{"type":"Feature","properties":{"i":257},"geometry":{"type":"Polygon","coordinates":[[[2.06385,41.42058],[2.06418,41.4188],[2.06636,41.41823],[2.0682,41.41944],[2.06787,41.42122],[2.06569,41.42179],[2.06385,41.42058]]]}},{"type":"Feature","properties":{"i":258},"geometry":{"type":"Polygon","coordinates":[[[2.15922,41.44133],[2.15955,41.43956],[2.16172,41.43899],[2.16356,41.4402],[2.16324,41.44198],[2.16106,41.44254],[2.15922,41.44133]]]}},{"type":"Feature","properties":{"i":259},"geometry":{"type":"Polygon","coordinates":[[[2.15763,41.41637],[2.15796,41.4146],[2.16014,41.41403],[2.16198,41.41524],[2.16165,41.41702],[2.15948,41.41758],[2.15763,41.41637]]]}},{"type":"Feature","properties":{"i":260},"geometry":{"type":"Polygon","coordinates":[[[2.13796,41.37754],[2.13828,41.37576],[2.14046,41.37519],[2.1423,41.3764],[2.14197,41.37818],[2.1398,41.37875],[2.13796,41.37754]]]}},{"type":"Feature","properties":{"i":261},"geometry":{"type":"Polygon","coordinates":[[[2.13579,41.32226],[2.13612,41.32048],[2.13829,41.31991],[2.14013,41.32112],[2.1398,41.3229],[2.13763,41.32347],[2.13579,41.32226]]]}},{"type":"Feature","properties":{"i":262},"geometry":{"type":"Polygon","coordinates":[[[2.07589,41.42251],[2.07622,41.42073],[2.07839,41.42016],[2.08023,41.42137],[2.0799,41.42315],[2.07773,41.42372],[2.07589,41.42251]]]}},{"type":"Feature","properties":{"i":263},"geometry":{"type":"Polygon","coordinates":[[[2.17355,41.37498],[2.17388,41.3732],[2.17605,41.37263],[2.1779,41.37384],[2.17757,41.37562],[2.1754,41.37619],[2.17355,41.37498]]]}},{"type":"Feature","properties":{"i":264},"geometry":{"type":"Polygon","coordinates":[[[2.11551,41.42062],[2.11584,41.41884],[2.11801,41.41828],[2.11985,41.41949],[2.11952,41.42126],[2.11735,41.42183],[2.11551,41.42062]]]}},{"type":"Feature","properties":{"i":265},"geometry":{"type":"Polygon","coordinates":[[[2.16468,41.42299],[2.16501,41.42121],[2.16718,41.42064],[2.16903,41.42185],[2.1687,41.42363],[2.16652,41.4242],[2.16468,41.42299]]]}},{"type":"Feature","properties":{"i":266},"geometry":{"type":"Polygon","coordinates":[[[2.15461,41.4104],[2.15493,41.40862],[2.15711,41.40805],[2.15895,41.40926],[2.15862,41.41104],[2.15645,41.41161],[2.15461,41.4104]]]}},{"type":"Feature","properties":{"i":267},"geometry":{"type":"Polygon","coordinates":[[[2.18636,41.45115],[2.18669,41.44938],[2.18886,41.44881],[2.19071,41.45002],[2.19038,41.45179],[2.1882,41.45236],[2.18636,41.45115]]]}},{"type":"Feature","properties":{"i":268},"geometry":{"type":"Polygon","coordinates":[[[2.16091,41.34275],[2.16124,41.34097],[2.16341,41.34041],[2.16526,41.34161],[2.16493,41.34339],[2.16276,41.34396],[2.16091,41.34275]]]}},{"type":"Feature","properties":{"i":269},"geometry":{"type":"Polygon","coordinates":[[[2.09392,41.41442],[2.09426,41.41264],[2.09643,41.41208],[2.09827,41.41329],[2.09794,41.41506],[2.09577,41.41563],[2.09392,41.41442]]]}},{"type":"Feature","properties":{"i":270},"geometry":{"type":"Polygon","coordinates":[[[2.10143,41.40739],[2.10176,41.40561],[2.10393,41.40504],[2.10577,41.40625],[2.10544,41.40803],[2.10327,41.4086],[2.10143,41.40739]]]}},{"type":"Feature","properties":{"i":271},"geometry":{"type":"Polygon","coordinates":[[[2.11248,41.41465],[2.11281,41.41287],[2.11498,41.4123],[2.11682,41.41351],[2.1165,41.41529],[2.11432,41.41586],[2.11248,41.41465]]]}},{"type":"Feature","properties":{"i":272},"geometry":{"type":"Polygon","coordinates":[[[2.17226,41.43792],[2.17259,41.43615],[2.17476,41.43558],[2.1766,41.43679],[2.17627,41.43857],[2.1741,41.43913],[2.17226,41.43792]]]}},{"type":"Feature","properties":{"i":273},"geometry":{"type":"Polygon","coordinates":[[[2.12092,41.38031],[2.12124,41.37853],[2.12342,41.37796],[2.12526,41.37917],[2.12493,41.38095],[2.12276,41.38152],[2.12092,41.38031]]]}},{"type":"Feature","properties":{"i":274},"geometry":{"type":"Polygon","coordinates":[[[2.17377,41.44091],[2.1741,41.43913],[2.17627,41.43857],[2.17812,41.43978],[2.17779,41.44155],[2.17562,41.44212],[2.17377,41.44091]]]}},{"type":"Feature","properties":{"i":275},"geometry":{"type":"Polygon","coordinates":[[[2.16848,41.35769],[2.16881,41.35592],[2.17098,41.35535],[2.17283,41.35656],[2.1725,41.35833],[2.17033,41.3589],[2.16848,41.35769]]]}},{"type":"Feature","properties":{"i":276},"geometry":{"type":"Polygon","coordinates":[[[2.21683,41.40933],[2.21716,41.40756],[2.21933,41.40699],[2.22118,41.40819],[2.22085,41.40997],[2.21867,41.41054],[2.21683,41.40933]]]}},{"type":"Feature","properties":{"i":277},"geometry":{"type":"Polygon","coordinates":[[[2.13178,41.32162],[2.13211,41.31984],[2.13428,41.31927],[2.13612,41.32048],[2.13579,41.32226],[2.13362,41.32283],[2.13178,41.32162]]]}},{"type":"Feature","properties":{"i":278},"geometry":{"type":"Polygon","coordinates":[[[2.1105,41.42531],[2.11083,41.42353],[2.113,41.42297],[2.11485,41.42418],[2.11452,41.42595],[2.11234,41.42652],[2.1105,41.42531]]]}},{"type":"Feature","properties":{"i":279},"geometry":{"type":"Polygon","coordinates":[[[2.15968,41.42768],[2.16001,41.4259],[2.16218,41.42534],[2.16402,41.42655],[2.16369,41.42832],[2.16152,41.42889],[2.15968,41.42768]]]}},{"type":"Feature","properties":{"i":280},"geometry":{"type":"Polygon","coordinates":[[[2.13052,41.40655],[2.13084,41.40477],[2.13302,41.40421],[2.13486,41.40542],[2.13453,41.40719],[2.13236,41.40776],[2.13052,41.40655]]]}},{"type":"Feature","properties":{"i":281},"geometry":{"type":"Polygon","coordinates":[[[2.18135,41.45585],[2.18168,41.45407],[2.18386,41.4535],[2.1857,41.45471],[2.18537,41.45649],[2.1832,41.45705],[2.18135,41.45585]]]}},{"type":"Feature","properties":{"i":282},"geometry":{"type":"Polygon","coordinates":[[[2.17151,41.36367],[2.17184,41.36189],[2.17401,41.36132],[2.17585,41.36253],[2.17553,41.36431],[2.17335,41.36488],[2.17151,41.36367]]]}},{"type":"Feature","properties":{"i":283},"geometry":{"type":"Polygon","coordinates":[[[2.17332,41.45456],[2.17364,41.45279],[2.17582,41.45222],[2.17766,41.45343],[2.17733,41.4552],[2.17516,41.45577],[2.17332,41.45456]]]}},{"type":"Feature","properties":{"i":284},"geometry":{"type":"Polygon","coordinates":[[[2.12196,41.39695],[2.12229,41.39517],[2.12446,41.3946],[2.12631,41.39581],[2.12598,41.39759],[2.12381,41.39816],[2.12196,41.39695]]]}},{"type":"Feature","properties":{"i":285},"geometry":{"type":"Polygon","coordinates":[[[2.10748,41.41934],[2.10781,41.41756],[2.10998,41.41699],[2.11182,41.4182],[2.11149,41.41998],[2.10932,41.42055],[2.10748,41.41934]]]}},{"type":"Feature","properties":{"i":286},"geometry":{"type":"Polygon","coordinates":[[[2.18439,41.46182],[2.18472,41.46004],[2.18689,41.45947],[2.18873,41.46068],[2.18841,41.46246],[2.18623,41.46303],[2.18439,41.46182]]]}},{"type":"Feature","properties":{"i":287},"geometry":{"type":"Polygon","coordinates":[[[2.19735,41.43644],[2.19768,41.43466],[2.19985,41.43409],[2.2017,41.4353],[2.20137,41.43708],[2.1992,41.43764],[2.19735,41.43644]]]}},{"type":"Feature","properties":{"i":288},"geometry":{"type":"Polygon","coordinates":[[[2.12045,41.39396],[2.12078,41.39218],[2.12295,41.39161],[2.12479,41.39282],[2.12446,41.3946],[2.12229,41.39517],[2.12045,41.39396]]]}},{"type":"Feature","properties":{"i":289},"geometry":{"type":"Polygon","coordinates":[[[2.11644,41.39332],[2.11677,41.39154],[2.11894,41.39097],[2.12078,41.39218],[2.12045,41.39396],[2.11828,41.39453],[2.11644,41.39332]]]}},{"type":"Feature","properties":{"i":290},"geometry":{"type":"Polygon","coordinates":[[[2.20236,41.43174],[2.20268,41.42996],[2.20486,41.42939],[2.2067,41.4306],[2.20637,41.43238],[2.2042,41.43295],[2.20236,41.43174]]]}},{"type":"Feature","properties":{"i":291},"geometry":{"type":"Polygon","coordinates":[[[2.10247,41.42402],[2.1028,41.42225],[2.10498,41.42168],[2.10682,41.42289],[2.10649,41.42467],[2.10432,41.42523],[2.10247,41.42402]]]}},{"type":"Feature","properties":{"i":292},"geometry":{"type":"Polygon","coordinates":[[[2.12749,41.40058],[2.12782,41.3988],[2.12999,41.39823],[2.13183,41.39944],[2.1315,41.40122],[2.12933,41.40179],[2.12749,41.40058]]]}},{"type":"Feature","properties":{"i":293},"geometry":{"type":"Polygon","coordinates":[[[2.1693,41.45392],[2.16963,41.45214],[2.1718,41.45158],[2.17364,41.45279],[2.17332,41.45456],[2.17114,41.45513],[2.1693,41.45392]]]}},{"type":"Feature","properties":{"i":294},"geometry":{"type":"Polygon","coordinates":[[[2.17863,41.39227],[2.17896,41.39049],[2.18113,41.38992],[2.18297,41.39113],[2.18264,41.39291],[2.18047,41.39348],[2.17863,41.39227]]]}},{"type":"Feature","properties":{"i":295},"geometry":{"type":"Polygon","coordinates":[[[2.12731,41.33464],[2.12764,41.33286],[2.12981,41.33229],[2.13165,41.3335],[2.13132,41.33528],[2.12915,41.33585],[2.12731,41.33464]]]}},{"type":"Feature","properties":{"i":296},"geometry":{"type":"Polygon","coordinates":[[[2.14111,41.42746],[2.14144,41.42568],[2.14361,41.42512],[2.14546,41.42633],[2.14513,41.4281],[2.14295,41.42867],[2.14111,41.42746]]]}},{"type":"Feature","properties":{"i":297},"geometry":{"type":"Polygon","coordinates":[[[2.1903,41.42982],[2.19063,41.42804],[2.1928,41.42747],[2.19465,41.42868],[2.19432,41.43046],[2.19214,41.43103],[2.1903,41.42982]]]}},{"type":"Feature","properties":{"i":298},"geometry":{"type":"Polygon","coordinates":[[[2.11341,41.38734],[2.11374,41.38556],[2.11591,41.385],[2.11776,41.38621],[2.11743,41.38798],[2.11525,41.38855],[2.11341,41.38734]]]}},{"type":"Feature","properties":{"i":299},"geometry":{"type":"Polygon","coordinates":[[[2.0809,41.41782],[2.08123,41.41604],[2.0834,41.41548],[2.08524,41.41669],[2.08491,41.41846],[2.08274,41.41903],[2.0809,41.41782]]]}},{"type":"Feature","properties":{"i":300},"geometry":{"type":"Polygon","coordinates":[[[2.12551,41.41124],[2.12584,41.40946],[2.12801,41.4089],[2.12986,41.41011],[2.12953,41.41188],[2.12736,41.41245],[2.12551,41.41124]]]}},{"type":"Feature","properties":{"i":301},"geometry":{"type":"Polygon","coordinates":[[[2.1756,41.38629],[2.17593,41.38451],[2.1781,41.38394],[2.17994,41.38515],[2.17961,41.38693],[2.17744,41.3875],[2.1756,41.38629]]]}},{"type":"Feature","properties":{"i":302},"geometry":{"type":"Polygon","coordinates":[[[2.18772,41.41019],[2.18805,41.40841],[2.19022,41.40784],[2.19207,41.40905],[2.19174,41.41083],[2.18957,41.4114],[2.18772,41.41019]]]}},{"type":"Feature","properties":{"i":303},"geometry":{"type":"Polygon","coordinates":[[[2.13808,41.42149],[2.13841,41.41971],[2.14058,41.41914],[2.14243,41.42035],[2.1421,41.42213],[2.13993,41.4227],[2.13808,41.42149]]]}},{"type":"Feature","properties":{"i":304},"geometry":{"type":"Polygon","coordinates":[[[2.14651,41.38714],[2.14684,41.38536],[2.14901,41.3848],[2.15085,41.38601],[2.15052,41.38778],[2.14835,41.38835],[2.14651,41.38714]]]}},{"type":"Feature","properties":{"i":305},"geometry":{"type":"Polygon","coordinates":[[[2.19788,41.44476],[2.19821,41.44298],[2.20039,41.44241],[2.20223,41.44362],[2.2019,41.4454],[2.19973,41.44596],[2.19788,41.44476]]]}},{"type":"Feature","properties":{"i":306},"geometry":{"type":"Polygon","coordinates":[[[2.1994,41.44774],[2.19973,41.44596],[2.2019,41.4454],[2.20375,41.4466],[2.20342,41.44838],[2.20125,41.44895],[2.1994,41.44774]]]}},{"type":"Feature","properties":{"i":307},"geometry":{"type":"Polygon","coordinates":[[[2.20683,41.41873],[2.20715,41.41695],[2.20933,41.41638],[2.21117,41.41759],[2.21084,41.41936],[2.20867,41.41993],[2.20683,41.41873]]]}},{"type":"Feature","properties":{"i":308},"geometry":{"type":"Polygon","coordinates":[[[2.14237,41.34254],[2.14269,41.34076],[2.14487,41.34019],[2.14671,41.3414],[2.14638,41.34318],[2.14421,41.34375],[2.14237,41.34254]]]}},{"type":"Feature","properties":{"i":309},"geometry":{"type":"Polygon","coordinates":[[[2.17363,41.39696],[2.17396,41.39518],[2.17613,41.39461],[2.17797,41.39582],[2.17764,41.3976],[2.17547,41.39817],[2.17363,41.39696]]]}},{"type":"Feature","properties":{"i":310},"geometry":{"type":"Polygon","coordinates":[[[2.18469,41.40422],[2.18502,41.40244],[2.18719,41.40187],[2.18904,41.40308],[2.18871,41.40486],[2.18653,41.40543],[2.18469,41.40422]]]}},{"type":"Feature","properties":{"i":311},"geometry":{"type":"Polygon","coordinates":[[[2.13611,41.43215],[2.13644,41.43037],[2.13861,41.42981],[2.14045,41.43102],[2.14012,41.43279],[2.13795,41.43336],[2.13611,41.43215]]]}},{"type":"Feature","properties":{"i":312},"geometry":{"type":"Polygon","coordinates":[[[2.15573,41.44901],[2.15606,41.44723],[2.15823,41.44667],[2.16007,41.44788],[2.15975,41.44965],[2.15757,41.45022],[2.15573,41.44901]]]}},{"type":"Feature","properties":{"i":313},"geometry":{"type":"Polygon","coordinates":[[[2.1853,41.43451],[2.18563,41.43274],[2.1878,41.43217],[2.18964,41.43338],[2.18931,41.43515],[2.18714,41.43572],[2.1853,41.43451]]]}},{"type":"Feature","properties":{"i":314},"geometry":{"type":"Polygon","coordinates":[[[2.17166,41.40763],[2.17198,41.40585],[2.17416,41.40528],[2.176,41.40649],[2.17567,41.40827],[2.1735,41.40884],[2.17166,41.40763]]]}},{"type":"Feature","properties":{"i":315},"geometry":{"type":"Polygon","coordinates":[[[2.13033,41.34062],[2.13066,41.33884],[2.13283,41.33827],[2.13467,41.33948],[2.13434,41.34126],[2.13217,41.34183],[2.13033,41.34062]]]}},{"type":"Feature","properties":{"i":316},"geometry":{"type":"Polygon","coordinates":[[[2.15197,41.36879],[2.1523,41.36701],[2.15447,41.36644],[2.15631,41.36765],[2.15598,41.36943],[2.15381,41.37],[2.15197,41.36879]]]}},{"type":"Feature","properties":{"i":317},"geometry":{"type":"Polygon","coordinates":[[[2.1706,41.39099],[2.17093,41.38921],[2.1731,41.38864],[2.17494,41.38985],[2.17461,41.39163],[2.17244,41.3922],[2.1706,41.39099]]]}},{"type":"Feature","properties":{"i":318},"geometry":{"type":"Polygon","coordinates":[[[2.18325,41.42321],[2.18358,41.42143],[2.18575,41.42086],[2.1876,41.42207],[2.18727,41.42385],[2.18509,41.42442],[2.18325,41.42321]]]}},{"type":"Feature","properties":{"i":319},"geometry":{"type":"Polygon","coordinates":[[[2.20273,41.39611],[2.20306,41.39433],[2.20523,41.39376],[2.20707,41.39497],[2.20674,41.39675],[2.20457,41.39731],[2.20273,41.39611]]]}},{"type":"Feature","properties":{"i":320},"geometry":{"type":"Polygon","coordinates":[[[2.05734,41.42227],[2.05767,41.4205],[2.05984,41.41993],[2.06168,41.42114],[2.06135,41.42292],[2.05918,41.42348],[2.05734,41.42227]]]}},{"type":"Feature","properties":{"i":321},"geometry":{"type":"Polygon","coordinates":[[[2.14315,41.43877],[2.14348,41.43699],[2.14565,41.43642],[2.1475,41.43763],[2.14717,41.43941],[2.14499,41.43998],[2.14315,41.43877]]]}},{"type":"Feature","properties":{"i":322},"geometry":{"type":"Polygon","coordinates":[[[2.15757,41.3944],[2.15789,41.39262],[2.16007,41.39205],[2.16191,41.39326],[2.16158,41.39504],[2.15941,41.39561],[2.15757,41.3944]]]}},{"type":"Feature","properties":{"i":323},"geometry":{"type":"Polygon","coordinates":[[[2.16863,41.40166],[2.16895,41.39988],[2.17113,41.39931],[2.17297,41.40052],[2.17264,41.4023],[2.17047,41.40286],[2.16863,41.40166]]]}},{"type":"Feature","properties":{"i":324},"geometry":{"type":"Polygon","coordinates":[[[2.13913,41.43813],[2.13946,41.43635],[2.14164,41.43578],[2.14348,41.43699],[2.14315,41.43877],[2.14098,41.43933],[2.13913,41.43813]]]}},{"type":"Feature","properties":{"i":325},"geometry":{"type":"Polygon","coordinates":[[[2.13789,41.35556],[2.13822,41.35378],[2.14039,41.35321],[2.14223,41.35442],[2.1419,41.3562],[2.13973,41.35677],[2.13789,41.35556]]]}},{"type":"Feature","properties":{"i":326},"geometry":{"type":"Polygon","coordinates":[[[2.1394,41.35855],[2.13973,41.35677],[2.1419,41.3562],[2.14375,41.35741],[2.14342,41.35919],[2.14125,41.35976],[2.1394,41.35855]]]}},{"type":"Feature","properties":{"i":327},"geometry":{"type":"Polygon","coordinates":[[[2.15743,41.35044],[2.15776,41.34866],[2.15993,41.34809],[2.16177,41.3493],[2.16144,41.35108],[2.15927,41.35165],[2.15743,41.35044]]]}},{"type":"Feature","properties":{"i":328},"geometry":{"type":"Polygon","coordinates":[[[2.18022,41.41723],[2.18055,41.41545],[2.18272,41.41489],[2.18456,41.41609],[2.18424,41.41787],[2.18206,41.41844],[2.18022,41.41723]]]}},{"type":"Feature","properties":{"i":329},"geometry":{"type":"Polygon","coordinates":[[[2.06036,41.42825],[2.06069,41.42647],[2.06286,41.42591],[2.0647,41.42712],[2.06437,41.42889],[2.0622,41.42946],[2.06036,41.42825]]]}},{"type":"Feature","properties":{"i":330},"geometry":{"type":"Polygon","coordinates":[[[2.18863,41.38288],[2.18896,41.3811],[2.19113,41.38053],[2.19297,41.38174],[2.19265,41.38352],[2.19047,41.38409],[2.18863,41.38288]]]}},{"type":"Feature","properties":{"i":331},"geometry":{"type":"Polygon","coordinates":[[[2.11545,41.39865],[2.11578,41.39687],[2.11795,41.39631],[2.11979,41.39752],[2.11946,41.39929],[2.11729,41.39986],[2.11545,41.39865]]]}},{"type":"Feature","properties":{"i":332},"geometry":{"type":"Polygon","coordinates":[[[2.16831,41.45925],[2.16864,41.45748],[2.17081,41.45691],[2.17266,41.45812],[2.17233,41.4599],[2.17016,41.46046],[2.16831,41.45925]]]}},{"type":"Feature","properties":{"i":333},"geometry":{"type":"Polygon","coordinates":[[[2.16665,41.41232],[2.16698,41.41055],[2.16915,41.40998],[2.171,41.41119],[2.17067,41.41296],[2.1685,41.41353],[2.16665,41.41232]]]}},{"type":"Feature","properties":{"i":334},"geometry":{"type":"Polygon","coordinates":[[[2.18628,41.42918],[2.18661,41.4274],[2.18878,41.42683],[2.19063,41.42804],[2.1903,41.42982],[2.18813,41.43039],[2.18628,41.42918]]]}},{"type":"Feature","properties":{"i":335},"geometry":{"type":"Polygon","coordinates":[[[2.12709,41.4362],[2.12742,41.43442],[2.12959,41.43385],[2.13143,41.43506],[2.1311,41.43684],[2.12893,41.43741],[2.12709,41.4362]]]}},{"type":"Feature","properties":{"i":336},"geometry":{"type":"Polygon","coordinates":[[[2.14335,41.3372],[2.14368,41.33543],[2.14585,41.33486],[2.14769,41.33607],[2.14736,41.33784],[2.14519,41.33841],[2.14335,41.3372]]]}},{"type":"Feature","properties":{"i":337},"geometry":{"type":"Polygon","coordinates":[[[2.21334,41.41702],[2.21367,41.41524],[2.21585,41.41467],[2.21769,41.41588],[2.21736,41.41766],[2.21519,41.41823],[2.21334,41.41702]]]}},{"type":"Feature","properties":{"i":338},"geometry":{"type":"Polygon","coordinates":[[[2.2138,41.40336],[2.21412,41.40158],[2.2163,41.40101],[2.21814,41.40222],[2.21781,41.404],[2.21564,41.40457],[2.2138,41.40336]]]}},{"type":"Feature","properties":{"i":339},"geometry":{"type":"Polygon","coordinates":[[[2.11242,41.39268],[2.11275,41.3909],[2.11493,41.39033],[2.11677,41.39154],[2.11644,41.39332],[2.11427,41.39389],[2.11242,41.39268]]]}},{"type":"Feature","properties":{"i":340},"geometry":{"type":"Polygon","coordinates":[[[2.12452,41.41657],[2.12485,41.4148],[2.12703,41.41423],[2.12887,41.41544],[2.12854,41.41722],[2.12637,41.41778],[2.12452,41.41657]]]}},{"type":"Feature","properties":{"i":341},"geometry":{"type":"Polygon","coordinates":[[[2.1737,41.41894],[2.17403,41.41716],[2.1762,41.41659],[2.17805,41.4178],[2.17772,41.41958],[2.17554,41.42015],[2.1737,41.41894]]]}},{"type":"Feature","properties":{"i":342},"geometry":{"type":"Polygon","coordinates":[[[2.19538,41.4471],[2.19571,41.44532],[2.19788,41.44476],[2.19973,41.44596],[2.1994,41.44774],[2.19723,41.44831],[2.19538,41.4471]]]}},{"type":"Feature","properties":{"i":343},"geometry":{"type":"Polygon","coordinates":[[[2.16803,41.37135],[2.16835,41.36958],[2.17053,41.36901],[2.17237,41.37022],[2.17204,41.37199],[2.16987,41.37256],[2.16803,41.37135]]]}},{"type":"Feature","properties":{"i":344},"geometry":{"type":"Polygon","coordinates":[[[2.14033,41.33123],[2.14066,41.32945],[2.14283,41.32888],[2.14467,41.33009],[2.14434,41.33187],[2.14217,41.33244],[2.14033,41.33123]]]}},{"type":"Feature","properties":{"i":345},"geometry":{"type":"Polygon","coordinates":[[[2.15243,41.35513],[2.15276,41.35335],[2.15493,41.35279],[2.15677,41.35399],[2.15644,41.35577],[2.15427,41.35634],[2.15243,41.35513]]]}},{"type":"Feature","properties":{"i":346},"geometry":{"type":"Polygon","coordinates":[[[2.11626,41.32738],[2.11659,41.3256],[2.11876,41.32503],[2.1206,41.32624],[2.12027,41.32802],[2.1181,41.32859],[2.11626,41.32738]]]}},{"type":"Feature","properties":{"i":347},"geometry":{"type":"Polygon","coordinates":[[[2.11045,41.40334],[2.11078,41.40156],[2.11295,41.401],[2.11479,41.40221],[2.11446,41.40398],[2.11229,41.40455],[2.11045,41.40334]]]}},{"type":"Feature","properties":{"i":348},"geometry":{"type":"Polygon","coordinates":[[[2.1215,41.4106],[2.12183,41.40882],[2.124,41.40825],[2.12584,41.40946],[2.12551,41.41124],[2.12334,41.41181],[2.1215,41.4106]]]}},{"type":"Feature","properties":{"i":349},"geometry":{"type":"Polygon","coordinates":[[[2.18128,41.43387],[2.18161,41.4321],[2.18378,41.43153],[2.18563,41.43274],[2.1853,41.43451],[2.18312,41.43508],[2.18128,41.43387]]]}},{"type":"Feature","properties":{"i":350},"geometry":{"type":"Polygon","coordinates":[[[2.13045,41.38458],[2.13078,41.3828],[2.13295,41.38223],[2.1348,41.38344],[2.13447,41.38522],[2.1323,41.38579],[2.13045,41.38458]]]}},{"type":"Feature","properties":{"i":351},"geometry":{"type":"Polygon","coordinates":[[[2.18333,41.44518],[2.18365,41.4434],[2.18583,41.44283],[2.18767,41.44404],[2.18734,41.44582],[2.18517,41.44639],[2.18333,41.44518]]]}},{"type":"Feature","properties":{"i":352},"geometry":{"type":"Polygon","coordinates":[[[2.165,41.36538],[2.16533,41.3636],[2.1675,41.36303],[2.16934,41.36424],[2.16901,41.36602],[2.16684,41.36659],[2.165,41.36538]]]}},{"type":"Feature","properties":{"i":353},"geometry":{"type":"Polygon","coordinates":[[[2.1494,41.34916],[2.14973,41.34738],[2.1519,41.34681],[2.15374,41.34802],[2.15342,41.3498],[2.15125,41.35037],[2.1494,41.34916]]]}},{"type":"Feature","properties":{"i":354},"geometry":{"type":"Polygon","coordinates":[[[2.09846,41.42338],[2.09879,41.4216],[2.10096,41.42104],[2.1028,41.42225],[2.10247,41.42402],[2.1003,41.42459],[2.09846,41.42338]]]}},{"type":"Feature","properties":{"i":355},"geometry":{"type":"Polygon","coordinates":[[[2.17635,41.46054],[2.17668,41.45876],[2.17885,41.45819],[2.1807,41.4594],[2.18037,41.46118],[2.17819,41.46175],[2.17635,41.46054]]]}},{"type":"Feature","properties":{"i":356},"geometry":{"type":"Polygon","coordinates":[[[2.13453,41.40719],[2.13486,41.40542],[2.13703,41.40485],[2.13887,41.40606],[2.13854,41.40783],[2.13637,41.4084],[2.13453,41.40719]]]}},{"type":"Feature","properties":{"i":357},"geometry":{"type":"Polygon","coordinates":[[[2.12743,41.3786],[2.12776,41.37682],[2.12993,41.37626],[2.13177,41.37746],[2.13144,41.37924],[2.12927,41.37981],[2.12743,41.3786]]]}},{"type":"Feature","properties":{"i":358},"geometry":{"type":"Polygon","coordinates":[[[2.13953,41.4025],[2.13986,41.40072],[2.14203,41.40016],[2.14388,41.40137],[2.14355,41.40314],[2.14137,41.40371],[2.13953,41.4025]]]}},{"type":"Feature","properties":{"i":359},"geometry":{"type":"Polygon","coordinates":[[[2.11289,41.37902],[2.11322,41.37724],[2.11539,41.37668],[2.11723,41.37789],[2.1169,41.37966],[2.11473,41.38023],[2.11289,41.37902]]]}},{"type":"Feature","properties":{"i":360},"geometry":{"type":"Polygon","coordinates":[[[2.16369,41.42832],[2.16402,41.42655],[2.1662,41.42598],[2.16804,41.42719],[2.16771,41.42896],[2.16554,41.42953],[2.16369,41.42832]]]}},{"type":"Feature","properties":{"i":361},"geometry":{"type":"Polygon","coordinates":[[[2.16303,41.37605],[2.16335,41.37427],[2.16553,41.3737],[2.16737,41.37491],[2.16704,41.37669],[2.16487,41.37726],[2.16303,41.37605]]]}},{"type":"Feature","properties":{"i":362},"geometry":{"type":"Polygon","coordinates":[[[2.05635,41.4276],[2.05668,41.42583],[2.05885,41.42526],[2.06069,41.42647],[2.06036,41.42825],[2.05819,41.42881],[2.05635,41.4276]]]}},{"type":"Feature","properties":{"i":363},"geometry":{"type":"Polygon","coordinates":[[[2.11452,41.42595],[2.11485,41.42418],[2.11702,41.42361],[2.11886,41.42482],[2.11853,41.4266],[2.11636,41.42716],[2.11452,41.42595]]]}},{"type":"Feature","properties":{"i":364},"geometry":{"type":"Polygon","coordinates":[[[2.11127,41.33208],[2.1116,41.3303],[2.11377,41.32973],[2.11561,41.33094],[2.11528,41.33272],[2.11311,41.33329],[2.11127,41.33208]]]}},{"type":"Feature","properties":{"i":365},"geometry":{"type":"Polygon","coordinates":[[[2.12545,41.38927],[2.12578,41.38749],[2.12795,41.38692],[2.1298,41.38813],[2.12947,41.38991],[2.12729,41.39048],[2.12545,41.38927]]]}},{"type":"Feature","properties":{"i":366},"geometry":{"type":"Polygon","coordinates":[[[2.09497,41.43106],[2.0953,41.42928],[2.09747,41.42871],[2.09931,41.42992],[2.09898,41.4317],[2.09681,41.43227],[2.09497,41.43106]]]}},{"type":"Feature","properties":{"i":367},"geometry":{"type":"Polygon","coordinates":[[[2.16,41.37007],[2.16033,41.36829],[2.1625,41.36773],[2.16434,41.36893],[2.16401,41.37071],[2.16184,41.37128],[2.16,41.37007]]]}},{"type":"Feature","properties":{"i":368},"geometry":{"type":"Polygon","coordinates":[[[2.18765,41.38821],[2.18797,41.38643],[2.19015,41.38586],[2.19199,41.38707],[2.19166,41.38885],[2.18949,41.38942],[2.18765,41.38821]]]}},{"type":"Feature","properties":{"i":369},"geometry":{"type":"Polygon","coordinates":[[[2.15013,41.42341],[2.15046,41.42163],[2.15263,41.42107],[2.15447,41.42228],[2.15415,41.42405],[2.15197,41.42462],[2.15013,41.42341]]]}},{"type":"Feature","properties":{"i":370},"geometry":{"type":"Polygon","coordinates":[[[2.19932,41.42577],[2.19965,41.42399],[2.20182,41.42342],[2.20367,41.42463],[2.20334,41.42641],[2.20117,41.42698],[2.19932,41.42577]]]}},{"type":"Feature","properties":{"i":371},"geometry":{"type":"Polygon","coordinates":[[[2.08392,41.42379],[2.08425,41.42202],[2.08642,41.42145],[2.08826,41.42266],[2.08793,41.42444],[2.08576,41.42501],[2.08392,41.42379]]]}},{"type":"Feature","properties":{"i":372},"geometry":{"type":"Polygon","coordinates":[[[2.12249,41.40527],[2.12282,41.40349],[2.12499,41.40292],[2.12683,41.40413],[2.1265,41.40591],[2.12433,41.40648],[2.12249,41.40527]]]}},{"type":"Feature","properties":{"i":373},"geometry":{"type":"Polygon","coordinates":[[[2.18461,41.38224],[2.18494,41.38046],[2.18712,41.37989],[2.18896,41.3811],[2.18863,41.38288],[2.18646,41.38345],[2.18461,41.38224]]]}},{"type":"Feature","properties":{"i":374},"geometry":{"type":"Polygon","coordinates":[[[2.19727,41.41446],[2.1976,41.41268],[2.19977,41.41211],[2.20162,41.41332],[2.20129,41.4151],[2.19912,41.41567],[2.19727,41.41446]]]}},{"type":"Feature","properties":{"i":375},"geometry":{"type":"Polygon","coordinates":[[[2.12678,41.32632],[2.12711,41.32454],[2.12928,41.32397],[2.13112,41.32518],[2.13079,41.32696],[2.12862,41.32753],[2.12678,41.32632]]]}},{"type":"Feature","properties":{"i":376},"geometry":{"type":"Polygon","coordinates":[[[2.14348,41.38117],[2.14381,41.37939],[2.14598,41.37882],[2.14782,41.38003],[2.1475,41.38181],[2.14532,41.38238],[2.14348,41.38117]]]}},{"type":"Feature","properties":{"i":377},"geometry":{"type":"Polygon","coordinates":[[[2.16514,41.40934],[2.16547,41.40756],[2.16764,41.40699],[2.16948,41.4082],[2.16915,41.40998],[2.16698,41.41055],[2.16514,41.40934]]]}},{"type":"Feature","properties":{"i":378},"geometry":{"type":"Polygon","coordinates":[[[2.12382,41.34232],[2.12415,41.34054],[2.12632,41.33998],[2.12816,41.34119],[2.12783,41.34296],[2.12566,41.34353],[2.12382,41.34232]]]}},{"type":"Feature","properties":{"i":379},"geometry":{"type":"Polygon","coordinates":[[[2.13592,41.36623],[2.13625,41.36445],[2.13842,41.36388],[2.14026,41.36509],[2.13993,41.36687],[2.13776,41.36744],[2.13592,41.36623]]]}},{"type":"Feature","properties":{"i":380},"geometry":{"type":"Polygon","coordinates":[[[2.11028,41.33741],[2.11061,41.33563],[2.11278,41.33506],[2.11462,41.33627],[2.11429,41.33805],[2.11212,41.33862],[2.11028,41.33741]]]}},{"type":"Feature","properties":{"i":381},"geometry":{"type":"Polygon","coordinates":[[[2.18317,41.40123],[2.1835,41.39945],[2.18568,41.39888],[2.18752,41.40009],[2.18719,41.40187],[2.18502,41.40244],[2.18317,41.40123]]]}},{"type":"Feature","properties":{"i":382},"geometry":{"type":"Polygon","coordinates":[[[2.19424,41.40848],[2.19457,41.40671],[2.19674,41.40614],[2.19859,41.40735],[2.19826,41.40912],[2.19608,41.40969],[2.19424,41.40848]]]}},{"type":"Feature","properties":{"i":383},"geometry":{"type":"Polygon","coordinates":[[[2.13308,41.42618],[2.13341,41.4244],[2.13558,41.42383],[2.13742,41.42504],[2.13709,41.42682],[2.13492,41.42739],[2.13308,41.42618]]]}},{"type":"Feature","properties":{"i":384},"geometry":{"type":"Polygon","coordinates":[[[2.15105,41.3961],[2.15138,41.39433],[2.15355,41.39376],[2.15539,41.39497],[2.15506,41.39675],[2.15289,41.39731],[2.15105,41.3961]]]}},{"type":"Feature","properties":{"i":385},"geometry":{"type":"Polygon","coordinates":[[[2.15256,41.39909],[2.15289,41.39731],[2.15506,41.39675],[2.15691,41.39796],[2.15658,41.39973],[2.15441,41.4003],[2.15256,41.39909]]]}},{"type":"Feature","properties":{"i":386},"geometry":{"type":"Polygon","coordinates":[[[2.09986,41.38243],[2.10019,41.38065],[2.10237,41.38008],[2.10421,41.38129],[2.10388,41.38307],[2.10171,41.38364],[2.09986,41.38243]]]}},{"type":"Feature","properties":{"i":387},"geometry":{"type":"Polygon","coordinates":[[[2.10726,41.33143],[2.10759,41.32966],[2.10976,41.32909],[2.1116,41.3303],[2.11127,41.33208],[2.1091,41.33264],[2.10726,41.33143]]]}},{"type":"Feature","properties":{"i":388},"geometry":{"type":"Polygon","coordinates":[[[2.19227,41.41915],[2.1926,41.41738],[2.19477,41.41681],[2.19662,41.41802],[2.19629,41.41979],[2.19411,41.42036],[2.19227,41.41915]]]}},{"type":"Feature","properties":{"i":389},"geometry":{"type":"Polygon","coordinates":[[[2.19969,41.39013],[2.20002,41.38835],[2.20219,41.38778],[2.20404,41.38899],[2.20371,41.39077],[2.20154,41.39134],[2.19969,41.39013]]]}},{"type":"Feature","properties":{"i":390},"geometry":{"type":"Polygon","coordinates":[[[2.10893,41.40035],[2.10926,41.39858],[2.11144,41.39801],[2.11328,41.39922],[2.11295,41.401],[2.11078,41.40156],[2.10893,41.40035]]]}},{"type":"Feature","properties":{"i":391},"geometry":{"type":"Polygon","coordinates":[[[2.13848,41.38586],[2.13881,41.38408],[2.14098,41.38351],[2.14282,41.38472],[2.14249,41.3865],[2.14032,41.38707],[2.13848,41.38586]]]}},{"type":"Feature","properties":{"i":392},"geometry":{"type":"Polygon","coordinates":[[[2.17021,41.42662],[2.17054,41.42484],[2.17271,41.42427],[2.17456,41.42548],[2.17423,41.42726],[2.17206,41.42783],[2.17021,41.42662]]]}},{"type":"Feature","properties":{"i":393},"geometry":{"type":"Polygon","coordinates":[[[2.16014,41.41403],[2.16046,41.41225],[2.16264,41.41168],[2.16448,41.41289],[2.16415,41.41467],[2.16198,41.41524],[2.16014,41.41403]]]}},{"type":"Feature","properties":{"i":394},"geometry":{"type":"Polygon","coordinates":[[[2.14697,41.37349],[2.1473,41.37171],[2.14947,41.37114],[2.15131,41.37235],[2.15098,41.37413],[2.14881,41.3747],[2.14697,41.37349]]]}},{"type":"Feature","properties":{"i":395},"geometry":{"type":"Polygon","coordinates":[[[2.1856,41.3769],[2.18593,41.37512],[2.1881,41.37455],[2.18994,41.37576],[2.18962,41.37754],[2.18744,41.37811],[2.1856,41.3769]]]}},{"type":"Feature","properties":{"i":396},"geometry":{"type":"Polygon","coordinates":[[[2.20728,41.40507],[2.2076,41.40329],[2.20978,41.40272],[2.21162,41.40393],[2.21129,41.40571],[2.20912,41.40628],[2.20728,41.40507]]]}},{"type":"Feature","properties":{"i":397},"geometry":{"type":"Polygon","coordinates":[[[2.08741,41.41612],[2.08774,41.41434],[2.08991,41.41378],[2.09175,41.41499],[2.09142,41.41676],[2.08925,41.41733],[2.08741,41.41612]]]}},{"type":"Feature","properties":{"i":398},"geometry":{"type":"Polygon","coordinates":[[[2.14769,41.44773],[2.14802,41.44595],[2.1502,41.44538],[2.15204,41.44659],[2.15171,41.44837],[2.14954,41.44894],[2.14769,41.44773]]]}},{"type":"Feature","properties":{"i":399},"geometry":{"type":"Polygon","coordinates":[[[2.16296,41.35407],[2.16328,41.35229],[2.16545,41.35172],[2.1673,41.35293],[2.16697,41.35471],[2.1648,41.35528],[2.16296,41.35407]]]}},{"type":"Feature","properties":{"i":400},"geometry":{"type":"Polygon","coordinates":[[[2.11801,41.41828],[2.11834,41.4165],[2.12051,41.41593],[2.12235,41.41714],[2.12202,41.41892],[2.11985,41.41949],[2.11801,41.41828]]]}},{"type":"Feature","properties":{"i":401},"geometry":{"type":"Polygon","coordinates":[[[2.16718,41.42064],[2.16751,41.41887],[2.16968,41.4183],[2.17153,41.41951],[2.1712,41.42128],[2.16903,41.42185],[2.16718,41.42064]]]}},{"type":"Feature","properties":{"i":402},"geometry":{"type":"Polygon","coordinates":[[[2.14809,41.41211],[2.14842,41.41033],[2.15059,41.40976],[2.15243,41.41097],[2.1521,41.41275],[2.14993,41.41331],[2.14809,41.41211]]]}},{"type":"Feature","properties":{"i":403},"geometry":{"type":"Polygon","coordinates":[[[2.17984,41.45286],[2.18017,41.45108],[2.18234,41.45051],[2.18418,41.45172],[2.18386,41.4535],[2.18168,41.45407],[2.17984,41.45286]]]}},{"type":"Feature","properties":{"i":404},"geometry":{"type":"Polygon","coordinates":[[[2.15236,41.33315],[2.15269,41.33137],[2.15486,41.3308],[2.1567,41.33201],[2.15637,41.33379],[2.1542,41.33436],[2.15236,41.33315]]]}},{"type":"Feature","properties":{"i":405},"geometry":{"type":"Polygon","coordinates":[[[2.21031,41.41104],[2.21064,41.40926],[2.21281,41.40869],[2.21466,41.4099],[2.21433,41.41168],[2.21216,41.41225],[2.21031,41.41104]]]}},{"type":"Feature","properties":{"i":406},"geometry":{"type":"Polygon","coordinates":[[[2.19469,41.39483],[2.19502,41.39305],[2.19719,41.39248],[2.19904,41.39369],[2.19871,41.39547],[2.19654,41.39604],[2.19469,41.39483]]]}},{"type":"Feature","properties":{"i":407},"geometry":{"type":"Polygon","coordinates":[[[2.10393,41.40504],[2.10426,41.40327],[2.10643,41.4027],[2.10827,41.40391],[2.10794,41.40569],[2.10577,41.40625],[2.10393,41.40504]]]}},{"type":"Feature","properties":{"i":408},"geometry":{"type":"Polygon","coordinates":[[[2.10597,41.41635],[2.1063,41.41457],[2.10847,41.414],[2.11031,41.41521],[2.10998,41.41699],[2.10781,41.41756],[2.10597,41.41635]]]}},{"type":"Feature","properties":{"i":409},"geometry":{"type":"Polygon","coordinates":[[[2.16574,41.43963],[2.16607,41.43785],[2.16824,41.43728],[2.17008,41.43849],[2.16975,41.44027],[2.16758,41.44084],[2.16574,41.43963]]]}},{"type":"Feature","properties":{"i":410},"geometry":{"type":"Polygon","coordinates":[[[2.12394,41.38628],[2.12427,41.3845],[2.12644,41.38394],[2.12828,41.38514],[2.12795,41.38692],[2.12578,41.38749],[2.12394,41.38628]]]}},{"type":"Feature","properties":{"i":411},"geometry":{"type":"Polygon","coordinates":[[[2.1768,41.44689],[2.17713,41.44511],[2.17931,41.44454],[2.18115,41.44575],[2.18082,41.44753],[2.17865,41.44809],[2.1768,41.44689]]]}},{"type":"Feature","properties":{"i":412},"geometry":{"type":"Polygon","coordinates":[[[2.16197,41.3594],[2.1623,41.35762],[2.16447,41.35705],[2.16631,41.35826],[2.16598,41.36004],[2.16381,41.36061],[2.16197,41.3594]]]}},{"type":"Feature","properties":{"i":413},"geometry":{"type":"Polygon","coordinates":[[[2.12527,41.32333],[2.1256,41.32155],[2.12777,41.32098],[2.12961,41.32219],[2.12928,41.32397],[2.12711,41.32454],[2.12527,41.32333]]]}},{"type":"Feature","properties":{"i":414},"geometry":{"type":"Polygon","coordinates":[[[2.08241,41.42081],[2.08274,41.41903],[2.08491,41.41846],[2.08675,41.41967],[2.08642,41.42145],[2.08425,41.42202],[2.08241,41.42081]]]}},{"type":"Feature","properties":{"i":415},"geometry":{"type":"Polygon","coordinates":[[[2.16271,41.43366],[2.16304,41.43188],[2.16521,41.43131],[2.16705,41.43252],[2.16672,41.4343],[2.16455,41.43487],[2.16271,41.43366]]]}},{"type":"Feature","properties":{"i":416},"geometry":{"type":"Polygon","coordinates":[[[2.17483,41.45755],[2.17516,41.45577],[2.17733,41.4552],[2.17918,41.45641],[2.17885,41.45819],[2.17668,41.45876],[2.17483,41.45755]]]}},{"type":"Feature","properties":{"i":417},"geometry":{"type":"Polygon","coordinates":[[[2.17401,41.36132],[2.17434,41.35954],[2.17651,41.35897],[2.17835,41.36018],[2.17803,41.36196],[2.17585,41.36253],[2.17401,41.36132]]]}},{"type":"Feature","properties":{"i":418},"geometry":{"type":"Polygon","coordinates":[[[2.20531,41.41574],[2.20564,41.41396],[2.20781,41.41339],[2.20965,41.4146],[2.20933,41.41638],[2.20715,41.41695],[2.20531,41.41574]]]}},{"type":"Feature","properties":{"i":419},"geometry":{"type":"Polygon","coordinates":[[[2.07938,41.41483],[2.07971,41.41306],[2.08189,41.41249],[2.08373,41.4137],[2.0834,41.41548],[2.08123,41.41604],[2.07938,41.41483]]]}},{"type":"Feature","properties":{"i":420},"geometry":{"type":"Polygon","coordinates":[[[2.10096,41.42104],[2.10129,41.41926],[2.10346,41.41869],[2.10531,41.4199],[2.10498,41.42168],[2.1028,41.42225],[2.10096,41.42104]]]}},{"type":"Feature","properties":{"i":421},"geometry":{"type":"Polygon","coordinates":[[[2.19583,41.43345],[2.19616,41.43167],[2.19834,41.4311],[2.20018,41.43231],[2.19985,41.43409],[2.19768,41.43466],[2.19583,41.43345]]]}},{"type":"Feature","properties":{"i":422},"geometry":{"type":"Polygon","coordinates":[[[2.13651,41.39653],[2.13683,41.39475],[2.13901,41.39418],[2.14085,41.39539],[2.14052,41.39717],[2.13835,41.39774],[2.13651,41.39653]]]}},{"type":"Feature","properties":{"i":423},"geometry":{"type":"Polygon","coordinates":[[[2.17257,41.38032],[2.1729,41.37854],[2.17507,41.37797],[2.17691,41.37918],[2.17658,41.38096],[2.17441,41.38153],[2.17257,41.38032]]]}},{"type":"Feature","properties":{"i":424},"geometry":{"type":"Polygon","coordinates":[[[2.18113,41.38992],[2.18146,41.38814],[2.18363,41.38757],[2.18547,41.38878],[2.18515,41.39056],[2.18297,41.39113],[2.18113,41.38992]]]}},{"type":"Feature","properties":{"i":425},"geometry":{"type":"Polygon","coordinates":[[[2.14407,41.41146],[2.1444,41.40969],[2.14657,41.40912],[2.14842,41.41033],[2.14809,41.41211],[2.14592,41.41267],[2.14407,41.41146]]]}},{"type":"Feature","properties":{"i":426},"geometry":{"type":"Polygon","coordinates":[[[2.10399,41.42701],[2.10432,41.42523],[2.10649,41.42467],[2.10833,41.42588],[2.108,41.42765],[2.10583,41.42822],[2.10399,41.42701]]]}},{"type":"Feature","properties":{"i":427},"geometry":{"type":"Polygon","coordinates":[[[2.17779,41.44155],[2.17812,41.43978],[2.18029,41.43921],[2.18214,41.44042],[2.18181,41.44219],[2.17964,41.44276],[2.17779,41.44155]]]}},{"type":"Feature","properties":{"i":428},"geometry":{"type":"Polygon","coordinates":[[[2.16908,41.388],[2.16941,41.38622],[2.17158,41.38565],[2.17343,41.38686],[2.1731,41.38864],[2.17093,41.38921],[2.16908,41.388]]]}},{"type":"Feature","properties":{"i":429},"geometry":{"type":"Polygon","coordinates":[[[2.19075,41.41617],[2.19108,41.41439],[2.19326,41.41382],[2.1951,41.41503],[2.19477,41.41681],[2.1926,41.41738],[2.19075,41.41617]]]}},{"type":"Feature","properties":{"i":430},"geometry":{"type":"Polygon","coordinates":[[[2.05531,41.41097],[2.05564,41.40919],[2.05781,41.40863],[2.05965,41.40984],[2.05932,41.41161],[2.05715,41.41218],[2.05531,41.41097]]]}},{"type":"Feature","properties":{"i":431},"geometry":{"type":"Polygon","coordinates":[[[2.12493,41.38095],[2.12526,41.37917],[2.12743,41.3786],[2.12927,41.37981],[2.12894,41.38159],[2.12677,41.38216],[2.12493,41.38095]]]}},{"type":"Feature","properties":{"i":432},"geometry":{"type":"Polygon","coordinates":[[[2.16672,41.4343],[2.16705,41.43252],[2.16923,41.43195],[2.17107,41.43316],[2.17074,41.43494],[2.16857,41.43551],[2.16672,41.4343]]]}},{"type":"Feature","properties":{"i":433},"geometry":{"type":"Polygon","coordinates":[[[2.1471,41.41744],[2.14743,41.41566],[2.1496,41.41509],[2.15145,41.4163],[2.15112,41.41808],[2.14894,41.41865],[2.1471,41.41744]]]}},{"type":"Feature","properties":{"i":434},"geometry":{"type":"Polygon","coordinates":[[[2.16507,41.38736],[2.1654,41.38558],[2.16757,41.38501],[2.16941,41.38622],[2.16908,41.388],[2.16691,41.38857],[2.16507,41.38736]]]}},{"type":"Feature","properties":{"i":435},"geometry":{"type":"Polygon","coordinates":[[[2.10696,41.41102],[2.10728,41.40924],[2.10946,41.40867],[2.1113,41.40988],[2.11097,41.41166],[2.1088,41.41223],[2.10696,41.41102]]]}},{"type":"Feature","properties":{"i":436},"geometry":{"type":"Polygon","coordinates":[[[2.13585,41.34425],[2.13618,41.34247],[2.13835,41.3419],[2.1402,41.34311],[2.13987,41.34489],[2.1377,41.34546],[2.13585,41.34425]]]}},{"type":"Feature","properties":{"i":437},"geometry":{"type":"Polygon","coordinates":[[[2.175,41.35599],[2.17532,41.35421],[2.1775,41.35364],[2.17934,41.35485],[2.17901,41.35663],[2.17684,41.3572],[2.175,41.35599]]]}},{"type":"Feature","properties":{"i":438},"geometry":{"type":"Polygon","coordinates":[[[2.17666,41.40294],[2.17699,41.40116],[2.17916,41.40059],[2.181,41.4018],[2.18067,41.40358],[2.1785,41.40415],[2.17666,41.40294]]]}},{"type":"Feature","properties":{"i":439},"geometry":{"type":"Polygon","coordinates":[[[2.10544,41.40803],[2.10577,41.40625],[2.10794,41.40569],[2.10979,41.4069],[2.10946,41.40867],[2.10728,41.40924],[2.10544,41.40803]]]}},{"type":"Feature","properties":{"i":440},"geometry":{"type":"Polygon","coordinates":[[[2.17817,41.40592],[2.1785,41.40415],[2.18067,41.40358],[2.18252,41.40479],[2.18219,41.40656],[2.18002,41.40713],[2.17817,41.40592]]]}},{"type":"Feature","properties":{"i":441},"geometry":{"type":"Polygon","coordinates":[[[2.15467,41.43237],[2.155,41.4306],[2.15717,41.43003],[2.15902,41.43124],[2.15869,41.43301],[2.15652,41.43358],[2.15467,41.43237]]]}},{"type":"Feature","properties":{"i":442},"geometry":{"type":"Polygon","coordinates":[[[2.16475,41.44496],[2.16508,41.44318],[2.16725,41.44262],[2.1691,41.44383],[2.16877,41.4456],[2.16659,41.44617],[2.16475,41.44496]]]}},{"type":"Feature","properties":{"i":443},"geometry":{"type":"Polygon","coordinates":[[[2.19621,41.39781],[2.19654,41.39604],[2.19871,41.39547],[2.20055,41.39668],[2.20023,41.39845],[2.19805,41.39902],[2.19621,41.39781]]]}},{"type":"Feature","properties":{"i":444},"geometry":{"type":"Polygon","coordinates":[[[2.1525,41.37711],[2.15283,41.37534],[2.155,41.37477],[2.15684,41.37598],[2.15651,41.37776],[2.15434,41.37832],[2.1525,41.37711]]]}},{"type":"Feature","properties":{"i":445},"geometry":{"type":"Polygon","coordinates":[[[2.17416,41.40528],[2.17449,41.40351],[2.17666,41.40294],[2.1785,41.40415],[2.17817,41.40592],[2.176,41.40649],[2.17416,41.40528]]]}},{"type":"Feature","properties":{"i":446},"geometry":{"type":"Polygon","coordinates":[[[2.13289,41.36025],[2.13322,41.35847],[2.13539,41.35791],[2.13723,41.35911],[2.1369,41.36089],[2.13473,41.36146],[2.13289,41.36025]]]}},{"type":"Feature","properties":{"i":447},"geometry":{"type":"Polygon","coordinates":[[[2.15085,41.33016],[2.15118,41.32838],[2.15335,41.32781],[2.15519,41.32902],[2.15486,41.3308],[2.15269,41.33137],[2.15085,41.33016]]]}},{"type":"Feature","properties":{"i":448},"geometry":{"type":"Polygon","coordinates":[[[2.16408,41.39269],[2.16441,41.39092],[2.16658,41.39035],[2.16843,41.39156],[2.1681,41.39333],[2.16592,41.3939],[2.16408,41.39269]]]}},{"type":"Feature","properties":{"i":449},"geometry":{"type":"Polygon","coordinates":[[[2.16172,41.43899],[2.16205,41.43721],[2.16422,41.43664],[2.16607,41.43785],[2.16574,41.43963],[2.16356,41.4402],[2.16172,41.43899]]]}},{"type":"Feature","properties":{"i":450},"geometry":{"type":"Polygon","coordinates":[[[2.16007,41.39205],[2.1604,41.39027],[2.16257,41.38971],[2.16441,41.39092],[2.16408,41.39269],[2.16191,41.39326],[2.16007,41.39205]]]}},{"type":"Feature","properties":{"i":451},"geometry":{"type":"Polygon","coordinates":[[[2.17385,41.46288],[2.17417,41.4611],[2.17635,41.46054],[2.17819,41.46175],[2.17786,41.46352],[2.17569,41.46409],[2.17385,41.46288]]]}},{"type":"Feature","properties":{"i":452},"geometry":{"type":"Polygon","coordinates":[[[2.16211,41.40336],[2.16244,41.40158],[2.16461,41.40101],[2.16645,41.40222],[2.16612,41.404],[2.16395,41.40457],[2.16211,41.40336]]]}},{"type":"Feature","properties":{"i":453},"geometry":{"type":"Polygon","coordinates":[[[2.13262,41.43983],[2.13295,41.43805],[2.13512,41.43748],[2.13696,41.43869],[2.13663,41.44047],[2.13446,41.44104],[2.13262,41.43983]]]}},{"type":"Feature","properties":{"i":454},"geometry":{"type":"Polygon","coordinates":[[[2.14046,41.37519],[2.14078,41.37341],[2.14296,41.37284],[2.1448,41.37405],[2.14447,41.37583],[2.1423,41.3764],[2.14046,41.37519]]]}},{"type":"Feature","properties":{"i":455},"geometry":{"type":"Polygon","coordinates":[[[2.11795,41.39631],[2.11828,41.39453],[2.12045,41.39396],[2.12229,41.39517],[2.12196,41.39695],[2.11979,41.39752],[2.11795,41.39631]]]}},{"type":"Feature","properties":{"i":456},"geometry":{"type":"Polygon","coordinates":[[[2.15975,41.44965],[2.16007,41.44788],[2.16225,41.44731],[2.16409,41.44852],[2.16376,41.45029],[2.16159,41.45086],[2.15975,41.44965]]]}},{"type":"Feature","properties":{"i":457},"geometry":{"type":"Polygon","coordinates":[[[2.17081,41.45691],[2.17114,41.45513],[2.17332,41.45456],[2.17516,41.45577],[2.17483,41.45755],[2.17266,41.45812],[2.17081,41.45691]]]}},{"type":"Feature","properties":{"i":458},"geometry":{"type":"Polygon","coordinates":[[[2.16968,41.4183],[2.17001,41.41652],[2.17218,41.41595],[2.17403,41.41716],[2.1737,41.41894],[2.17153,41.41951],[2.16968,41.4183]]]}},{"type":"Feature","properties":{"i":459},"geometry":{"type":"Polygon","coordinates":[[[2.17976,41.43089],[2.18009,41.42911],[2.18226,41.42854],[2.18411,41.42975],[2.18378,41.43153],[2.18161,41.4321],[2.17976,41.43089]]]}},{"type":"Feature","properties":{"i":460},"geometry":{"type":"Polygon","coordinates":[[[2.14789,41.34617],[2.14822,41.34439],[2.15039,41.34382],[2.15223,41.34503],[2.1519,41.34681],[2.14973,41.34738],[2.14789,41.34617]]]}},{"type":"Feature","properties":{"i":461},"geometry":{"type":"Polygon","coordinates":[[[2.09643,41.41208],[2.09676,41.4103],[2.09893,41.40973],[2.10077,41.41094],[2.10044,41.41272],[2.09827,41.41329],[2.09643,41.41208]]]}},{"type":"Feature","properties":{"i":462},"geometry":{"type":"Polygon","coordinates":[[[2.10591,41.39438],[2.10624,41.3926],[2.10841,41.39203],[2.11025,41.39324],[2.10992,41.39502],[2.10775,41.39559],[2.10591,41.39438]]]}},{"type":"Feature","properties":{"i":463},"geometry":{"type":"Polygon","coordinates":[[[2.12755,41.42255],[2.12788,41.42077],[2.13005,41.4202],[2.13189,41.42141],[2.13157,41.42319],[2.12939,41.42376],[2.12755,41.42255]]]}},{"type":"Feature","properties":{"i":464},"geometry":{"type":"Polygon","coordinates":[[[2.17673,41.42491],[2.17706,41.42313],[2.17923,41.42257],[2.18108,41.42378],[2.18075,41.42555],[2.17858,41.42612],[2.17673,41.42491]]]}},{"type":"Feature","properties":{"i":465},"geometry":{"type":"Polygon","coordinates":[[[2.18886,41.44881],[2.18919,41.44703],[2.19136,41.44646],[2.19321,41.44767],[2.19288,41.44945],[2.19071,41.45002],[2.18886,41.44881]]]}},{"type":"Feature","properties":{"i":466},"geometry":{"type":"Polygon","coordinates":[[[2.17053,41.36901],[2.17085,41.36723],[2.17303,41.36666],[2.17487,41.36787],[2.17454,41.36965],[2.17237,41.37022],[2.17053,41.36901]]]}},{"type":"Feature","properties":{"i":467},"geometry":{"type":"Polygon","coordinates":[[[2.13382,41.33293],[2.13415,41.33116],[2.13632,41.33059],[2.13816,41.3318],[2.13783,41.33357],[2.13566,41.33414],[2.13382,41.33293]]]}},{"type":"Feature","properties":{"i":468},"geometry":{"type":"Polygon","coordinates":[[[2.15546,41.36111],[2.15579,41.35933],[2.15796,41.35876],[2.1598,41.35997],[2.15947,41.36175],[2.1573,41.36232],[2.15546,41.36111]]]}},{"type":"Feature","properties":{"i":469},"geometry":{"type":"Polygon","coordinates":[[[2.21933,41.40699],[2.21966,41.40521],[2.22183,41.40464],[2.22368,41.40585],[2.22335,41.40762],[2.22118,41.40819],[2.21933,41.40699]]]}},{"type":"Feature","properties":{"i":470},"geometry":{"type":"Polygon","coordinates":[[[2.11347,41.40932],[2.1138,41.40754],[2.11597,41.40697],[2.11781,41.40818],[2.11748,41.40996],[2.11531,41.41052],[2.11347,41.40932]]]}},{"type":"Feature","properties":{"i":471},"geometry":{"type":"Polygon","coordinates":[[[2.11498,41.4123],[2.11531,41.41052],[2.11748,41.40996],[2.11933,41.41117],[2.119,41.41294],[2.11682,41.41351],[2.11498,41.4123]]]}},{"type":"Feature","properties":{"i":472},"geometry":{"type":"Polygon","coordinates":[[[2.17476,41.43558],[2.17509,41.4338],[2.17726,41.43323],[2.17911,41.43444],[2.17878,41.43622],[2.1766,41.43679],[2.17476,41.43558]]]}},{"type":"Feature","properties":{"i":473},"geometry":{"type":"Polygon","coordinates":[[[2.13302,41.40421],[2.13335,41.40243],[2.13552,41.40186],[2.13736,41.40307],[2.13703,41.40485],[2.13486,41.40542],[2.13302,41.40421]]]}},{"type":"Feature","properties":{"i":474},"geometry":{"type":"Polygon","coordinates":[[[2.15848,41.36708],[2.15881,41.36531],[2.16098,41.36474],[2.16283,41.36595],[2.1625,41.36773],[2.16033,41.36829],[2.15848,41.36708]]]}},{"type":"Feature","properties":{"i":475},"geometry":{"type":"Polygon","coordinates":[[[2.15388,41.33614],[2.1542,41.33436],[2.15637,41.33379],[2.15822,41.335],[2.15789,41.33678],[2.15572,41.33735],[2.15388,41.33614]]]}},{"type":"Feature","properties":{"i":476},"geometry":{"type":"Polygon","coordinates":[[[2.14289,41.35086],[2.14322,41.34909],[2.14539,41.34852],[2.14723,41.34973],[2.1469,41.3515],[2.14473,41.35207],[2.14289,41.35086]]]}},{"type":"Feature","properties":{"i":477},"geometry":{"type":"Polygon","coordinates":[[[2.09194,41.42508],[2.09227,41.4233],[2.09445,41.42274],[2.09629,41.42395],[2.09596,41.42573],[2.09379,41.42629],[2.09194,41.42508]]]}},{"type":"Feature","properties":{"i":478},"geometry":{"type":"Polygon","coordinates":[[[2.11894,41.39097],[2.11927,41.38919],[2.12144,41.38863],[2.12328,41.38984],[2.12295,41.39161],[2.12078,41.39218],[2.11894,41.39097]]]}},{"type":"Feature","properties":{"i":479},"geometry":{"type":"Polygon","coordinates":[[[2.12999,41.39823],[2.13032,41.39645],[2.13249,41.39589],[2.13433,41.3971],[2.134,41.39887],[2.13183,41.39944],[2.12999,41.39823]]]}},{"type":"Feature","properties":{"i":480},"geometry":{"type":"Polygon","coordinates":[[[2.1718,41.45158],[2.17213,41.4498],[2.1743,41.44923],[2.17615,41.45044],[2.17582,41.45222],[2.17364,41.45279],[2.1718,41.45158]]]}},{"type":"Feature","properties":{"i":481},"geometry":{"type":"Polygon","coordinates":[[[2.16605,41.38202],[2.16638,41.38025],[2.16855,41.37968],[2.1704,41.38089],[2.17007,41.38266],[2.1679,41.38323],[2.16605,41.38202]]]}},{"type":"Feature","properties":{"i":482},"geometry":{"type":"Polygon","coordinates":[[[2.12981,41.33229],[2.13014,41.33051],[2.13231,41.32995],[2.13415,41.33116],[2.13382,41.33293],[2.13165,41.3335],[2.12981,41.33229]]]}},{"type":"Feature","properties":{"i":483},"geometry":{"type":"Polygon","coordinates":[[[2.14361,41.42512],[2.14394,41.42334],[2.14611,41.42277],[2.14796,41.42398],[2.14763,41.42576],[2.14546,41.42633],[2.14361,41.42512]]]}},{"type":"Feature","properties":{"i":484},"geometry":{"type":"Polygon","coordinates":[[[2.1928,41.42747],[2.19313,41.4257],[2.1953,41.42513],[2.19715,41.42634],[2.19682,41.42811],[2.19465,41.42868],[2.1928,41.42747]]]}},{"type":"Feature","properties":{"i":485},"geometry":{"type":"Polygon","coordinates":[[[2.11591,41.385],[2.11624,41.38322],[2.11841,41.38265],[2.12026,41.38386],[2.11993,41.38564],[2.11776,41.38621],[2.11591,41.385]]]}},{"type":"Feature","properties":{"i":486},"geometry":{"type":"Polygon","coordinates":[[[2.12801,41.4089],[2.12834,41.40712],[2.13052,41.40655],[2.13236,41.40776],[2.13203,41.40954],[2.12986,41.41011],[2.12801,41.4089]]]}},{"type":"Feature","properties":{"i":487},"geometry":{"type":"Polygon","coordinates":[[[2.15348,41.37178],[2.15381,41.37],[2.15598,41.36943],[2.15783,41.37064],[2.1575,41.37242],[2.15533,41.37299],[2.15348,41.37178]]]}},{"type":"Feature","properties":{"i":488},"geometry":{"type":"Polygon","coordinates":[[[2.19068,41.39419],[2.19101,41.39241],[2.19318,41.39184],[2.19502,41.39305],[2.19469,41.39483],[2.19252,41.3954],[2.19068,41.39419]]]}},{"type":"Feature","properties":{"i":489},"geometry":{"type":"Polygon","coordinates":[[[2.14058,41.41914],[2.14091,41.41736],[2.14309,41.4168],[2.14493,41.41801],[2.1446,41.41978],[2.14243,41.42035],[2.14058,41.41914]]]}},{"type":"Feature","properties":{"i":490},"geometry":{"type":"Polygon","coordinates":[[[2.14901,41.3848],[2.14934,41.38302],[2.15151,41.38245],[2.15335,41.38366],[2.15302,41.38544],[2.15085,41.38601],[2.14901,41.3848]]]}},{"type":"Feature","properties":{"i":491},"geometry":{"type":"Polygon","coordinates":[[[2.20039,41.44241],[2.20071,41.44063],[2.20289,41.44006],[2.20473,41.44127],[2.2044,41.44305],[2.20223,41.44362],[2.20039,41.44241]]]}},{"type":"Feature","properties":{"i":492},"geometry":{"type":"Polygon","coordinates":[[[2.12499,41.40292],[2.12532,41.40114],[2.12749,41.40058],[2.12933,41.40179],[2.129,41.40356],[2.12683,41.40413],[2.12499,41.40292]]]}},{"type":"Feature","properties":{"i":493},"geometry":{"type":"Polygon","coordinates":[[[2.2019,41.4454],[2.20223,41.44362],[2.2044,41.44305],[2.20625,41.44426],[2.20592,41.44604],[2.20375,41.4466],[2.2019,41.4454]]]}},{"type":"Feature","properties":{"i":494},"geometry":{"type":"Polygon","coordinates":[[[2.1781,41.38394],[2.17843,41.38217],[2.1806,41.3816],[2.18244,41.38281],[2.18211,41.38458],[2.17994,41.38515],[2.1781,41.38394]]]}},{"type":"Feature","properties":{"i":495},"geometry":{"type":"Polygon","coordinates":[[[2.13861,41.42981],[2.13894,41.42803],[2.14111,41.42746],[2.14295,41.42867],[2.14262,41.43045],[2.14045,41.43102],[2.13861,41.42981]]]}},{"type":"Feature","properties":{"i":496},"geometry":{"type":"Polygon","coordinates":[[[2.15823,41.44667],[2.15856,41.44489],[2.16073,41.44432],[2.16258,41.44553],[2.16225,41.44731],[2.16007,41.44788],[2.15823,41.44667]]]}},{"type":"Feature","properties":{"i":497},"geometry":{"type":"Polygon","coordinates":[[[2.14598,41.37882],[2.14631,41.37704],[2.14848,41.37647],[2.15033,41.37768],[2.15,41.37946],[2.14782,41.38003],[2.14598,41.37882]]]}},{"type":"Feature","properties":{"i":498},"geometry":{"type":"Polygon","coordinates":[[[2.1878,41.43217],[2.18813,41.43039],[2.1903,41.42982],[2.19214,41.43103],[2.19182,41.43281],[2.18964,41.43338],[2.1878,41.43217]]]}},{"type":"Feature","properties":{"i":499},"geometry":{"type":"Polygon","coordinates":[[[2.18082,41.44753],[2.18115,41.44575],[2.18333,41.44518],[2.18517,41.44639],[2.18484,41.44817],[2.18267,41.44874],[2.18082,41.44753]]]}},{"type":"Feature","properties":{"i":500},"geometry":{"type":"Polygon","coordinates":[[[2.15862,41.41104],[2.15895,41.40926],[2.16112,41.4087],[2.16297,41.4099],[2.16264,41.41168],[2.16046,41.41225],[2.15862,41.41104]]]}},{"type":"Feature","properties":{"i":501},"geometry":{"type":"Polygon","coordinates":[[[2.13283,41.33827],[2.13316,41.33649],[2.13533,41.33592],[2.13717,41.33713],[2.13684,41.33891],[2.13467,41.33948],[2.13283,41.33827]]]}},{"type":"Feature","properties":{"i":502},"geometry":{"type":"Polygon","coordinates":[[[2.15447,41.36644],[2.1548,41.36467],[2.15697,41.3641],[2.15881,41.36531],[2.15848,41.36708],[2.15631,41.36765],[2.15447,41.36644]]]}},{"type":"Feature","properties":{"i":503},"geometry":{"type":"Polygon","coordinates":[[[2.14908,41.40677],[2.1494,41.40499],[2.15158,41.40443],[2.15342,41.40564],[2.15309,41.40741],[2.15092,41.40798],[2.14908,41.40677]]]}},{"type":"Feature","properties":{"i":504},"geometry":{"type":"Polygon","coordinates":[[[2.1687,41.42363],[2.16903,41.42185],[2.1712,41.42128],[2.17304,41.42249],[2.17271,41.42427],[2.17054,41.42484],[2.1687,41.42363]]]}},{"type":"Feature","properties":{"i":505},"geometry":{"type":"Polygon","coordinates":[[[2.18575,41.42086],[2.18608,41.41908],[2.18825,41.41851],[2.1901,41.41972],[2.18977,41.4215],[2.1876,41.42207],[2.18575,41.42086]]]}},{"type":"Feature","properties":{"i":506},"geometry":{"type":"Polygon","coordinates":[[[2.05984,41.41993],[2.06017,41.41815],[2.06234,41.41759],[2.06418,41.4188],[2.06385,41.42058],[2.06168,41.42114],[2.05984,41.41993]]]}},{"type":"Feature","properties":{"i":507},"geometry":{"type":"Polygon","coordinates":[[[2.11952,41.42126],[2.11985,41.41949],[2.12202,41.41892],[2.12386,41.42013],[2.12354,41.42191],[2.12136,41.42247],[2.11952,41.42126]]]}},{"type":"Feature","properties":{"i":508},"geometry":{"type":"Polygon","coordinates":[[[2.14565,41.43642],[2.14598,41.43464],[2.14815,41.43408],[2.15,41.43529],[2.14967,41.43706],[2.1475,41.43763],[2.14565,41.43642]]]}},{"type":"Feature","properties":{"i":509},"geometry":{"type":"Polygon","coordinates":[[[2.13558,41.42383],[2.13591,41.42206],[2.13808,41.42149],[2.13993,41.4227],[2.1396,41.42447],[2.13742,41.42504],[2.13558,41.42383]]]}},{"type":"Feature","properties":{"i":510},"geometry":{"type":"Polygon","coordinates":[[[2.14453,41.39781],[2.14486,41.39603],[2.14704,41.39546],[2.14888,41.39667],[2.14855,41.39845],[2.14638,41.39902],[2.14453,41.39781]]]}},{"type":"Feature","properties":{"i":511},"geometry":{"type":"Polygon","coordinates":[[[2.09789,41.39309],[2.09822,41.39132],[2.10039,41.39075],[2.10223,41.39196],[2.1019,41.39374],[2.09973,41.3943],[2.09789,41.39309]]]}},{"type":"Feature","properties":{"i":512},"geometry":{"type":"Polygon","coordinates":[[[2.15559,41.40507],[2.15592,41.40329],[2.15809,41.40272],[2.15994,41.40393],[2.15961,41.40571],[2.15744,41.40628],[2.15559,41.40507]]]}},{"type":"Feature","properties":{"i":513},"geometry":{"type":"Polygon","coordinates":[[[2.14039,41.35321],[2.14072,41.35143],[2.14289,41.35086],[2.14473,41.35207],[2.1444,41.35385],[2.14223,41.35442],[2.14039,41.35321]]]}},{"type":"Feature","properties":{"i":514},"geometry":{"type":"Polygon","coordinates":[[[2.1419,41.3562],[2.14223,41.35442],[2.1444,41.35385],[2.14625,41.35506],[2.14592,41.35684],[2.14375,41.35741],[2.1419,41.3562]]]}},{"type":"Feature","properties":{"i":515},"geometry":{"type":"Polygon","coordinates":[[[2.10289,41.3884],[2.10322,41.38663],[2.10539,41.38606],[2.10723,41.38727],[2.1069,41.38905],[2.10473,41.38961],[2.10289,41.3884]]]}},{"type":"Feature","properties":{"i":516},"geometry":{"type":"Polygon","coordinates":[[[2.18272,41.41489],[2.18305,41.41311],[2.18522,41.41254],[2.18707,41.41375],[2.18674,41.41553],[2.18456,41.41609],[2.18272,41.41489]]]}},{"type":"Feature","properties":{"i":517},"geometry":{"type":"Polygon","coordinates":[[[2.06286,41.42591],[2.06319,41.42413],[2.06536,41.42356],[2.0672,41.42477],[2.06687,41.42655],[2.0647,41.42712],[2.06286,41.42591]]]}},{"type":"Feature","properties":{"i":518},"geometry":{"type":"Polygon","coordinates":[[[2.19113,41.38053],[2.19146,41.37875],[2.19363,41.37818],[2.19547,41.37939],[2.19515,41.38117],[2.19297,41.38174],[2.19113,41.38053]]]}},{"type":"Feature","properties":{"i":519},"geometry":{"type":"Polygon","coordinates":[[[2.10242,41.40206],[2.10275,41.40028],[2.10492,41.39971],[2.10676,41.40092],[2.10643,41.4027],[2.10426,41.40327],[2.10242,41.40206]]]}},{"type":"Feature","properties":{"i":520},"geometry":{"type":"Polygon","coordinates":[[[2.14151,41.39183],[2.14184,41.39006],[2.14401,41.38949],[2.14585,41.3907],[2.14552,41.39248],[2.14335,41.39304],[2.14151,41.39183]]]}},{"type":"Feature","properties":{"i":521},"geometry":{"type":"Polygon","coordinates":[[[2.15362,41.41573],[2.15395,41.41396],[2.15612,41.41339],[2.15796,41.4146],[2.15763,41.41637],[2.15546,41.41694],[2.15362,41.41573]]]}},{"type":"Feature","properties":{"i":522},"geometry":{"type":"Polygon","coordinates":[[[2.17324,41.43259],[2.17357,41.43081],[2.17574,41.43025],[2.17759,41.43146],[2.17726,41.43323],[2.17509,41.4338],[2.17324,41.43259]]]}},{"type":"Feature","properties":{"i":523},"geometry":{"type":"Polygon","coordinates":[[[2.07089,41.42719],[2.07122,41.42542],[2.07339,41.42485],[2.07523,41.42606],[2.0749,41.42784],[2.07273,41.4284],[2.07089,41.42719]]]}},{"type":"Feature","properties":{"i":524},"geometry":{"type":"Polygon","coordinates":[[[2.12959,41.43385],[2.12992,41.43208],[2.13209,41.43151],[2.13393,41.43272],[2.1336,41.4345],[2.13143,41.43506],[2.12959,41.43385]]]}},{"type":"Feature","properties":{"i":525},"geometry":{"type":"Polygon","coordinates":[[[2.14947,41.37114],[2.1498,41.36936],[2.15197,41.36879],[2.15381,41.37],[2.15348,41.37178],[2.15131,41.37235],[2.14947,41.37114]]]}},{"type":"Feature","properties":{"i":526},"geometry":{"type":"Polygon","coordinates":[[[2.14782,41.32418],[2.14815,41.3224],[2.15032,41.32183],[2.15216,41.32304],[2.15184,41.32482],[2.14967,41.32539],[2.14782,41.32418]]]}},{"type":"Feature","properties":{"i":527},"geometry":{"type":"Polygon","coordinates":[[[2.21585,41.41467],[2.21617,41.41289],[2.21835,41.41232],[2.22019,41.41353],[2.21986,41.41531],[2.21769,41.41588],[2.21585,41.41467]]]}},{"type":"Feature","properties":{"i":528},"geometry":{"type":"Polygon","coordinates":[[[2.1881,41.37455],[2.18843,41.37277],[2.1906,41.3722],[2.19244,41.37341],[2.19212,41.37519],[2.18994,41.37576],[2.1881,41.37455]]]}},{"type":"Feature","properties":{"i":529},"geometry":{"type":"Polygon","coordinates":[[[2.20076,41.40678],[2.20109,41.405],[2.20326,41.40443],[2.2051,41.40564],[2.20478,41.40742],[2.2026,41.40799],[2.20076,41.40678]]]}},{"type":"Feature","properties":{"i":530},"geometry":{"type":"Polygon","coordinates":[[[2.08991,41.41378],[2.09024,41.412],[2.09241,41.41143],[2.09426,41.41264],[2.09392,41.41442],[2.09175,41.41499],[2.08991,41.41378]]]}},{"type":"Feature","properties":{"i":531},"geometry":{"type":"Polygon","coordinates":[[[2.0994,41.39608],[2.09973,41.3943],[2.1019,41.39374],[2.10374,41.39495],[2.10341,41.39672],[2.10124,41.39729],[2.0994,41.39608]]]}},{"type":"Feature","properties":{"i":532},"geometry":{"type":"Polygon","coordinates":[[[2.11149,41.41998],[2.11182,41.4182],[2.11399,41.41763],[2.11584,41.41884],[2.11551,41.42062],[2.11333,41.42119],[2.11149,41.41998]]]}},{"type":"Feature","properties":{"i":533},"geometry":{"type":"Polygon","coordinates":[[[2.16066,41.42235],[2.16099,41.42057],[2.16317,41.42],[2.16501,41.42121],[2.16468,41.42299],[2.16251,41.42356],[2.16066,41.42235]]]}},{"type":"Feature","properties":{"i":534},"geometry":{"type":"Polygon","coordinates":[[[2.15539,41.33913],[2.15572,41.33735],[2.15789,41.33678],[2.15973,41.33799],[2.1594,41.33977],[2.15723,41.34033],[2.15539,41.33913]]]}},{"type":"Feature","properties":{"i":535},"geometry":{"type":"Polygon","coordinates":[[[2.1569,41.34211],[2.15723,41.34033],[2.1594,41.33977],[2.16124,41.34097],[2.16091,41.34275],[2.15874,41.34332],[2.1569,41.34211]]]}},{"type":"Feature","properties":{"i":536},"geometry":{"type":"Polygon","coordinates":[[[2.21281,41.40869],[2.21314,41.40692],[2.21531,41.40635],[2.21716,41.40756],[2.21683,41.40933],[2.21466,41.4099],[2.21281,41.40869]]]}},{"type":"Feature","properties":{"i":537},"geometry":{"type":"Polygon","coordinates":[[[2.05786,41.43059],[2.05819,41.42881],[2.06036,41.42825],[2.0622,41.42946],[2.06187,41.43123],[2.0597,41.4318],[2.05786,41.43059]]]}},{"type":"Feature","properties":{"i":538},"geometry":{"type":"Polygon","coordinates":[[[2.11876,41.32503],[2.11909,41.32326],[2.12126,41.32269],[2.1231,41.3239],[2.12277,41.32568],[2.1206,41.32624],[2.11876,41.32503]]]}},{"type":"Feature","properties":{"i":539},"geometry":{"type":"Polygon","coordinates":[[[2.19773,41.4008],[2.19805,41.39902],[2.20023,41.39845],[2.20207,41.39966],[2.20174,41.40144],[2.19957,41.40201],[2.19773,41.4008]]]}},{"type":"Feature","properties":{"i":540},"geometry":{"type":"Polygon","coordinates":[[[2.07787,41.41185],[2.0782,41.41007],[2.08038,41.4095],[2.08222,41.41071],[2.08189,41.41249],[2.07971,41.41306],[2.07787,41.41185]]]}},{"type":"Feature","properties":{"i":541},"geometry":{"type":"Polygon","coordinates":[[[2.13295,41.38223],[2.13328,41.38045],[2.13546,41.37988],[2.1373,41.38109],[2.13697,41.38287],[2.1348,41.38344],[2.13295,41.38223]]]}},{"type":"Feature","properties":{"i":542},"geometry":{"type":"Polygon","coordinates":[[[2.18583,41.44283],[2.18616,41.44106],[2.18833,41.44049],[2.19017,41.4417],[2.18985,41.44347],[2.18767,41.44404],[2.18583,41.44283]]]}},{"type":"Feature","properties":{"i":543},"geometry":{"type":"Polygon","coordinates":[[[2.08543,41.42678],[2.08576,41.42501],[2.08793,41.42444],[2.08977,41.42565],[2.08944,41.42743],[2.08727,41.42799],[2.08543,41.42678]]]}},{"type":"Feature","properties":{"i":544},"geometry":{"type":"Polygon","coordinates":[[[2.12255,41.42724],[2.12288,41.42546],[2.12505,41.42489],[2.12689,41.4261],[2.12656,41.42788],[2.12439,41.42845],[2.12255,41.42724]]]}},{"type":"Feature","properties":{"i":545},"geometry":{"type":"Polygon","coordinates":[[[2.12993,41.37626],[2.13026,41.37448],[2.13243,41.37391],[2.13427,41.37512],[2.13394,41.3769],[2.13177,41.37746],[2.12993,41.37626]]]}},{"type":"Feature","properties":{"i":546},"geometry":{"type":"Polygon","coordinates":[[[2.14203,41.40016],[2.14236,41.39838],[2.14453,41.39781],[2.14638,41.39902],[2.14605,41.4008],[2.14388,41.40137],[2.14203,41.40016]]]}},{"type":"Feature","properties":{"i":547},"geometry":{"type":"Polygon","coordinates":[[[2.1675,41.36303],[2.16783,41.36125],[2.17,41.36068],[2.17184,41.36189],[2.17151,41.36367],[2.16934,41.36424],[2.1675,41.36303]]]}},{"type":"Feature","properties":{"i":548},"geometry":{"type":"Polygon","coordinates":[[[2.20834,41.42171],[2.20867,41.41993],[2.21084,41.41936],[2.21269,41.42057],[2.21236,41.42235],[2.21019,41.42292],[2.20834,41.42171]]]}},{"type":"Feature","properties":{"i":549},"geometry":{"type":"Polygon","coordinates":[[[2.11377,41.32973],[2.11409,41.32795],[2.11626,41.32738],[2.1181,41.32859],[2.11778,41.33037],[2.11561,41.33094],[2.11377,41.32973]]]}},{"type":"Feature","properties":{"i":550},"geometry":{"type":"Polygon","coordinates":[[[2.12795,41.38692],[2.12828,41.38514],[2.13045,41.38458],[2.1323,41.38579],[2.13197,41.38756],[2.1298,41.38813],[2.12795,41.38692]]]}},{"type":"Feature","properties":{"i":551},"geometry":{"type":"Polygon","coordinates":[[[2.13243,41.37391],[2.13276,41.37213],[2.13493,41.37156],[2.13677,41.37277],[2.13644,41.37455],[2.13427,41.37512],[2.13243,41.37391]]]}},{"type":"Feature","properties":{"i":552},"geometry":{"type":"Polygon","coordinates":[[[2.13901,41.39418],[2.13934,41.3924],[2.14151,41.39183],[2.14335,41.39304],[2.14302,41.39482],[2.14085,41.39539],[2.13901,41.39418]]]}},{"type":"Feature","properties":{"i":553},"geometry":{"type":"Polygon","coordinates":[[[2.17461,41.39163],[2.17494,41.38985],[2.17711,41.38928],[2.17896,41.39049],[2.17863,41.39227],[2.17646,41.39284],[2.17461,41.39163]]]}},{"type":"Feature","properties":{"i":554},"geometry":{"type":"Polygon","coordinates":[[[2.15263,41.42107],[2.15296,41.41929],[2.15513,41.41872],[2.15698,41.41993],[2.15665,41.42171],[2.15447,41.42228],[2.15263,41.42107]]]}},{"type":"Feature","properties":{"i":555},"geometry":{"type":"Polygon","coordinates":[[[2.20182,41.42342],[2.20215,41.42164],[2.20432,41.42107],[2.20617,41.42228],[2.20584,41.42406],[2.20367,41.42463],[2.20182,41.42342]]]}},{"type":"Feature","properties":{"i":556},"geometry":{"type":"Polygon","coordinates":[[[2.13756,41.41317],[2.13789,41.41139],[2.14006,41.41082],[2.1419,41.41203],[2.14157,41.41381],[2.1394,41.41438],[2.13756,41.41317]]]}},{"type":"Feature","properties":{"i":557},"geometry":{"type":"Polygon","coordinates":[[[2.09747,41.42871],[2.0978,41.42694],[2.09997,41.42637],[2.10181,41.42758],[2.10148,41.42936],[2.09931,41.42992],[2.09747,41.42871]]]}},{"type":"Feature","properties":{"i":558},"geometry":{"type":"Polygon","coordinates":[[[2.12934,41.34595],[2.12967,41.34417],[2.13184,41.34361],[2.13368,41.34482],[2.13336,41.34659],[2.13118,41.34716],[2.12934,41.34595]]]}},{"type":"Feature","properties":{"i":559},"geometry":{"type":"Polygon","coordinates":[[[2.19977,41.41211],[2.2001,41.41033],[2.20227,41.40976],[2.20412,41.41097],[2.20379,41.41275],[2.20162,41.41332],[2.19977,41.41211]]]}},{"type":"Feature","properties":{"i":560},"geometry":{"type":"Polygon","coordinates":[[[2.07386,41.4112],[2.07419,41.40943],[2.07636,41.40886],[2.0782,41.41007],[2.07787,41.41185],[2.0757,41.41241],[2.07386,41.4112]]]}},{"type":"Feature","properties":{"i":561},"geometry":{"type":"Polygon","coordinates":[[[2.1496,41.41509],[2.14993,41.41331],[2.1521,41.41275],[2.15395,41.41396],[2.15362,41.41573],[2.15145,41.4163],[2.1496,41.41509]]]}},{"type":"Feature","properties":{"i":562},"geometry":{"type":"Polygon","coordinates":[[[2.15855,41.38906],[2.15888,41.38729],[2.16105,41.38672],[2.1629,41.38793],[2.16257,41.38971],[2.1604,41.39027],[2.15855,41.38906]]]}},{"type":"Feature","properties":{"i":563},"geometry":{"type":"Polygon","coordinates":[[[2.12632,41.33998],[2.12665,41.3382],[2.12882,41.33763],[2.13066,41.33884],[2.13033,41.34062],[2.12816,41.34119],[2.12632,41.33998]]]}},{"type":"Feature","properties":{"i":564},"geometry":{"type":"Polygon","coordinates":[[[2.13842,41.36388],[2.13875,41.3621],[2.14092,41.36153],[2.14276,41.36274],[2.14243,41.36452],[2.14026,41.36509],[2.13842,41.36388]]]}},{"type":"Feature","properties":{"i":565},"geometry":{"type":"Polygon","coordinates":[[[2.18568,41.39888],[2.186,41.3971],[2.18818,41.39653],[2.19002,41.39774],[2.18969,41.39952],[2.18752,41.40009],[2.18568,41.39888]]]}},{"type":"Feature","properties":{"i":566},"geometry":{"type":"Polygon","coordinates":[[[2.19674,41.40614],[2.19707,41.40436],[2.19924,41.40379],[2.20109,41.405],[2.20076,41.40678],[2.19859,41.40735],[2.19674,41.40614]]]}},{"type":"Feature","properties":{"i":567},"geometry":{"type":"Polygon","coordinates":[[[2.14815,41.43408],[2.14848,41.4323],[2.15066,41.43173],[2.1525,41.43294],[2.15217,41.43472],[2.15,41.43529],[2.14815,41.43408]]]}},{"type":"Feature","properties":{"i":568},"geometry":{"type":"Polygon","coordinates":[[[2.16725,41.44262],[2.16758,41.44084],[2.16975,41.44027],[2.1716,41.44148],[2.17127,41.44326],[2.1691,41.44383],[2.16725,41.44262]]]}},{"type":"Feature","properties":{"i":569},"geometry":{"type":"Polygon","coordinates":[[[2.15552,41.38309],[2.15585,41.38131],[2.15802,41.38074],[2.15987,41.38195],[2.15954,41.38373],[2.15737,41.3843],[2.15552,41.38309]]]}},{"type":"Feature","properties":{"i":570},"geometry":{"type":"Polygon","coordinates":[[[2.16764,41.40699],[2.16797,41.40521],[2.17014,41.40464],[2.17198,41.40585],[2.17166,41.40763],[2.16948,41.4082],[2.16764,41.40699]]]}},{"type":"Feature","properties":{"i":571},"geometry":{"type":"Polygon","coordinates":[[[2.13539,41.35791],[2.13572,41.35613],[2.13789,41.35556],[2.13973,41.35677],[2.1394,41.35855],[2.13723,41.35911],[2.13539,41.35791]]]}},{"type":"Feature","properties":{"i":572},"geometry":{"type":"Polygon","coordinates":[[[2.19477,41.41681],[2.1951,41.41503],[2.19727,41.41446],[2.19912,41.41567],[2.19879,41.41745],[2.19662,41.41802],[2.19477,41.41681]]]}},{"type":"Feature","properties":{"i":573},"geometry":{"type":"Polygon","coordinates":[[[2.1552,41.44069],[2.15553,41.43892],[2.1577,41.43835],[2.15955,41.43956],[2.15922,41.44133],[2.15704,41.4419],[2.1552,41.44069]]]}},{"type":"Feature","properties":{"i":574},"geometry":{"type":"Polygon","coordinates":[[[2.15355,41.39376],[2.15388,41.39198],[2.15605,41.39141],[2.15789,41.39262],[2.15757,41.3944],[2.15539,41.39497],[2.15355,41.39376]]]}},{"type":"Feature","properties":{"i":575},"geometry":{"type":"Polygon","coordinates":[[[2.16165,41.41702],[2.16198,41.41524],[2.16415,41.41467],[2.166,41.41588],[2.16567,41.41766],[2.16349,41.41823],[2.16165,41.41702]]]}},{"type":"Feature","properties":{"i":576},"geometry":{"type":"Polygon","coordinates":[[[2.17173,41.42961],[2.17206,41.42783],[2.17423,41.42726],[2.17607,41.42847],[2.17574,41.43025],[2.17357,41.43081],[2.17173,41.42961]]]}},{"type":"Feature","properties":{"i":577},"geometry":{"type":"Polygon","coordinates":[[[2.13394,41.3769],[2.13427,41.37512],[2.13644,41.37455],[2.13828,41.37576],[2.13796,41.37754],[2.13578,41.37811],[2.13394,41.3769]]]}},{"type":"Feature","properties":{"i":578},"geometry":{"type":"Polygon","coordinates":[[[2.14131,41.32589],[2.14164,41.32411],[2.14381,41.32354],[2.14565,41.32475],[2.14533,41.32653],[2.14316,41.3271],[2.14131,41.32589]]]}},{"type":"Feature","properties":{"i":579},"geometry":{"type":"Polygon","coordinates":[[[2.13999,41.38885],[2.14032,41.38707],[2.14249,41.3865],[2.14434,41.38771],[2.14401,41.38949],[2.14184,41.39006],[2.13999,41.38885]]]}},{"type":"Feature","properties":{"i":580},"geometry":{"type":"Polygon","coordinates":[[[2.15342,41.3498],[2.15374,41.34802],[2.15592,41.34745],[2.15776,41.34866],[2.15743,41.35044],[2.15526,41.35101],[2.15342,41.3498]]]}},{"type":"Feature","properties":{"i":581},"geometry":{"type":"Polygon","coordinates":[[[2.11144,41.39801],[2.11176,41.39623],[2.11394,41.39566],[2.11578,41.39687],[2.11545,41.39865],[2.11328,41.39922],[2.11144,41.39801]]]}},{"type":"Feature","properties":{"i":582},"geometry":{"type":"Polygon","coordinates":[[[2.16278,41.45563],[2.16311,41.45385],[2.16528,41.45328],[2.16712,41.45449],[2.16679,41.45627],[2.16462,41.45684],[2.16278,41.45563]]]}},{"type":"Feature","properties":{"i":583},"geometry":{"type":"Polygon","coordinates":[[[2.15369,41.43771],[2.15401,41.43593],[2.15619,41.43536],[2.15803,41.43657],[2.1577,41.43835],[2.15553,41.43892],[2.15369,41.43771]]]}},{"type":"Feature","properties":{"i":584},"geometry":{"type":"Polygon","coordinates":[[[2.16429,41.45861],[2.16462,41.45684],[2.16679,41.45627],[2.16864,41.45748],[2.16831,41.45925],[2.16614,41.45982],[2.16429,41.45861]]]}},{"type":"Feature","properties":{"i":585},"geometry":{"type":"Polygon","coordinates":[[[2.15059,41.40976],[2.15092,41.40798],[2.15309,41.40741],[2.15493,41.40862],[2.15461,41.4104],[2.15243,41.41097],[2.15059,41.40976]]]}},{"type":"Feature","properties":{"i":586},"geometry":{"type":"Polygon","coordinates":[[[2.18234,41.45051],[2.18267,41.44874],[2.18484,41.44817],[2.18669,41.44938],[2.18636,41.45115],[2.18418,41.45172],[2.18234,41.45051]]]}},{"type":"Feature","properties":{"i":587},"geometry":{"type":"Polygon","coordinates":[[[2.06787,41.42122],[2.0682,41.41944],[2.07037,41.41888],[2.07221,41.42009],[2.07188,41.42186],[2.06971,41.42243],[2.06787,41.42122]]]}},{"type":"Feature","properties":{"i":588},"geometry":{"type":"Polygon","coordinates":[[[2.13092,41.37092],[2.13125,41.36914],[2.13342,41.36857],[2.13526,41.36978],[2.13493,41.37156],[2.13276,41.37213],[2.13092,41.37092]]]}},{"type":"Feature","properties":{"i":589},"geometry":{"type":"Polygon","coordinates":[[[2.13934,41.33656],[2.13967,41.33478],[2.14184,41.33422],[2.14368,41.33543],[2.14335,41.3372],[2.14118,41.33777],[2.13934,41.33656]]]}},{"type":"Feature","properties":{"i":590},"geometry":{"type":"Polygon","coordinates":[[[2.09945,41.41805],[2.09978,41.41627],[2.10195,41.41571],[2.10379,41.41692],[2.10346,41.41869],[2.10129,41.41926],[2.09945,41.41805]]]}},{"type":"Feature","properties":{"i":591},"geometry":{"type":"Polygon","coordinates":[[[2.20978,41.40272],[2.21011,41.40094],[2.21228,41.40037],[2.21412,41.40158],[2.2138,41.40336],[2.21162,41.40393],[2.20978,41.40272]]]}},{"type":"Feature","properties":{"i":592},"geometry":{"type":"Polygon","coordinates":[[[2.10847,41.414],[2.1088,41.41223],[2.11097,41.41166],[2.11281,41.41287],[2.11248,41.41465],[2.11031,41.41521],[2.10847,41.414]]]}},{"type":"Feature","properties":{"i":593},"geometry":{"type":"Polygon","coordinates":[[[2.16824,41.43728],[2.16857,41.43551],[2.17074,41.43494],[2.17259,41.43615],[2.17226,41.43792],[2.17008,41.43849],[2.16824,41.43728]]]}},{"type":"Feature","properties":{"i":594},"geometry":{"type":"Polygon","coordinates":[[[2.12644,41.38394],[2.12677,41.38216],[2.12894,41.38159],[2.13078,41.3828],[2.13045,41.38458],[2.12828,41.38514],[2.12644,41.38394]]]}},{"type":"Feature","properties":{"i":595},"geometry":{"type":"Polygon","coordinates":[[[2.08293,41.42913],[2.08326,41.42735],[2.08543,41.42678],[2.08727,41.42799],[2.08694,41.42977],[2.08477,41.43034],[2.08293,41.42913]]]}},{"type":"Feature","properties":{"i":596},"geometry":{"type":"Polygon","coordinates":[[[2.19379,41.42214],[2.19411,41.42036],[2.19629,41.41979],[2.19813,41.421],[2.1978,41.42278],[2.19563,41.42335],[2.19379,41.42214]]]}},{"type":"Feature","properties":{"i":597},"geometry":{"type":"Polygon","coordinates":[[[2.17931,41.44454],[2.17964,41.44276],[2.18181,41.44219],[2.18365,41.4434],[2.18333,41.44518],[2.18115,41.44575],[2.17931,41.44454]]]}},{"type":"Feature","properties":{"i":598},"geometry":{"type":"Polygon","coordinates":[[[2.16401,41.37071],[2.16434,41.36893],[2.16651,41.36837],[2.16835,41.36958],[2.16803,41.37135],[2.16585,41.37192],[2.16401,41.37071]]]}},{"type":"Feature","properties":{"i":599},"geometry":{"type":"Polygon","coordinates":[[[2.16447,41.35705],[2.1648,41.35528],[2.16697,41.35471],[2.16881,41.35592],[2.16848,41.35769],[2.16631,41.35826],[2.16447,41.35705]]]}},{"type":"Feature","properties":{"i":600},"geometry":{"type":"Polygon","coordinates":[[[2.16521,41.43131],[2.16554,41.42953],[2.16771,41.42896],[2.16955,41.43017],[2.16923,41.43195],[2.16705,41.43252],[2.16521,41.43131]]]}},{"type":"Feature","properties":{"i":601},"geometry":{"type":"Polygon","coordinates":[[[2.13552,41.40186],[2.13585,41.40008],[2.13802,41.39951],[2.13986,41.40072],[2.13953,41.4025],[2.13736,41.40307],[2.13552,41.40186]]]}},{"type":"Feature","properties":{"i":602},"geometry":{"type":"Polygon","coordinates":[[[2.17733,41.4552],[2.17766,41.45343],[2.17984,41.45286],[2.18168,41.45407],[2.18135,41.45585],[2.17918,41.45641],[2.17733,41.4552]]]}},{"type":"Feature","properties":{"i":603},"geometry":{"type":"Polygon","coordinates":[[[2.10346,41.41869],[2.10379,41.41692],[2.10597,41.41635],[2.10781,41.41756],[2.10748,41.41934],[2.10531,41.4199],[2.10346,41.41869]]]}},{"type":"Feature","properties":{"i":604},"geometry":{"type":"Polygon","coordinates":[[[2.12144,41.38863],[2.12177,41.38685],[2.12394,41.38628],[2.12578,41.38749],[2.12545,41.38927],[2.12328,41.38984],[2.12144,41.38863]]]}},{"type":"Feature","properties":{"i":605},"geometry":{"type":"Polygon","coordinates":[[[2.19834,41.4311],[2.19866,41.42932],[2.20084,41.42875],[2.20268,41.42996],[2.20236,41.43174],[2.20018,41.43231],[2.19834,41.4311]]]}},{"type":"Feature","properties":{"i":606},"geometry":{"type":"Polygon","coordinates":[[[2.12348,41.39993],[2.12381,41.39816],[2.12598,41.39759],[2.12782,41.3988],[2.12749,41.40058],[2.12532,41.40114],[2.12348,41.39993]]]}},{"type":"Feature","properties":{"i":607},"geometry":{"type":"Polygon","coordinates":[[[2.10877,41.33442],[2.1091,41.33264],[2.11127,41.33208],[2.11311,41.33329],[2.11278,41.33506],[2.11061,41.33563],[2.10877,41.33442]]]}},{"type":"Feature","properties":{"i":608},"geometry":{"type":"Polygon","coordinates":[[[2.1743,41.44923],[2.17463,41.44745],[2.1768,41.44689],[2.17865,41.44809],[2.17832,41.44987],[2.17615,41.45044],[2.1743,41.44923]]]}},{"type":"Feature","properties":{"i":609},"geometry":{"type":"Polygon","coordinates":[[[2.17507,41.37797],[2.1754,41.37619],[2.17757,41.37562],[2.17941,41.37683],[2.17908,41.37861],[2.17691,41.37918],[2.17507,41.37797]]]}},{"type":"Feature","properties":{"i":610},"geometry":{"type":"Polygon","coordinates":[[[2.1233,41.334],[2.12363,41.33222],[2.1258,41.33165],[2.12764,41.33286],[2.12731,41.33464],[2.12514,41.33521],[2.1233,41.334]]]}},{"type":"Feature","properties":{"i":611},"geometry":{"type":"Polygon","coordinates":[[[2.10138,41.38542],[2.10171,41.38364],[2.10388,41.38307],[2.10572,41.38428],[2.10539,41.38606],[2.10322,41.38663],[2.10138,41.38542]]]}},{"type":"Feature","properties":{"i":612},"geometry":{"type":"Polygon","coordinates":[[[2.14611,41.42277],[2.14644,41.42099],[2.14862,41.42043],[2.15046,41.42163],[2.15013,41.42341],[2.14796,41.42398],[2.14611,41.42277]]]}},{"type":"Feature","properties":{"i":613},"geometry":{"type":"Polygon","coordinates":[[[2.1953,41.42513],[2.19563,41.42335],[2.1978,41.42278],[2.19965,41.42399],[2.19932,41.42577],[2.19715,41.42634],[2.1953,41.42513]]]}},{"type":"Feature","properties":{"i":614},"geometry":{"type":"Polygon","coordinates":[[[2.1094,41.3867],[2.10973,41.38492],[2.1119,41.38435],[2.11374,41.38556],[2.11341,41.38734],[2.11124,41.38791],[2.1094,41.3867]]]}},{"type":"Feature","properties":{"i":615},"geometry":{"type":"Polygon","coordinates":[[[2.13104,41.41487],[2.13137,41.41309],[2.13354,41.41253],[2.13538,41.41374],[2.13506,41.41551],[2.13288,41.41608],[2.13104,41.41487]]]}},{"type":"Feature","properties":{"i":616},"geometry":{"type":"Polygon","coordinates":[[[2.17158,41.38565],[2.17191,41.38387],[2.17408,41.3833],[2.17593,41.38451],[2.1756,41.38629],[2.17343,41.38686],[2.17158,41.38565]]]}},{"type":"Feature","properties":{"i":617},"geometry":{"type":"Polygon","coordinates":[[[2.19326,41.41382],[2.19358,41.41204],[2.19576,41.41147],[2.1976,41.41268],[2.19727,41.41446],[2.1951,41.41503],[2.19326,41.41382]]]}},{"type":"Feature","properties":{"i":618},"geometry":{"type":"Polygon","coordinates":[[[2.13407,41.42085],[2.1344,41.41907],[2.13657,41.4185],[2.13841,41.41971],[2.13808,41.42149],[2.13591,41.42206],[2.13407,41.42085]]]}},{"type":"Feature","properties":{"i":619},"geometry":{"type":"Polygon","coordinates":[[[2.14283,41.32888],[2.14316,41.3271],[2.14533,41.32653],[2.14717,41.32774],[2.14684,41.32952],[2.14467,41.33009],[2.14283,41.32888]]]}},{"type":"Feature","properties":{"i":620},"geometry":{"type":"Polygon","coordinates":[[[2.15204,41.39077],[2.15237,41.38899],[2.15454,41.38842],[2.15638,41.38963],[2.15605,41.39141],[2.15388,41.39198],[2.15204,41.39077]]]}},{"type":"Feature","properties":{"i":621},"geometry":{"type":"Polygon","coordinates":[[[2.19386,41.44412],[2.19419,41.44234],[2.19637,41.44177],[2.19821,41.44298],[2.19788,41.44476],[2.19571,41.44532],[2.19386,41.44412]]]}},{"type":"Feature","properties":{"i":622},"geometry":{"type":"Polygon","coordinates":[[[2.11847,41.40463],[2.1188,41.40285],[2.12097,41.40228],[2.12282,41.40349],[2.12249,41.40527],[2.12032,41.40583],[2.11847,41.40463]]]}},{"type":"Feature","properties":{"i":623},"geometry":{"type":"Polygon","coordinates":[[[2.1344,41.36324],[2.13473,41.36146],[2.1369,41.36089],[2.13875,41.3621],[2.13842,41.36388],[2.13625,41.36445],[2.1344,41.36324]]]}},{"type":"Feature","properties":{"i":624},"geometry":{"type":"Polygon","coordinates":[[[2.13835,41.3419],[2.13868,41.34012],[2.14085,41.33955],[2.14269,41.34076],[2.14237,41.34254],[2.1402,41.34311],[2.13835,41.3419]]]}},{"type":"Feature","properties":{"i":625},"geometry":{"type":"Polygon","coordinates":[[[2.17916,41.40059],[2.17949,41.39881],[2.18166,41.39824],[2.1835,41.39945],[2.18317,41.40123],[2.181,41.4018],[2.17916,41.40059]]]}},{"type":"Feature","properties":{"i":626},"geometry":{"type":"Polygon","coordinates":[[[2.18067,41.40358],[2.181,41.4018],[2.18317,41.40123],[2.18502,41.40244],[2.18469,41.40422],[2.18252,41.40479],[2.18067,41.40358]]]}},{"type":"Feature","properties":{"i":627},"geometry":{"type":"Polygon","coordinates":[[[2.14164,41.43578],[2.14197,41.434],[2.14414,41.43344],[2.14598,41.43464],[2.14565,41.43642],[2.14348,41.43699],[2.14164,41.43578]]]}},{"type":"Feature","properties":{"i":628},"geometry":{"type":"Polygon","coordinates":[[[2.15171,41.44837],[2.15204,41.44659],[2.15421,41.44602],[2.15606,41.44723],[2.15573,41.44901],[2.15355,41.44958],[2.15171,41.44837]]]}},{"type":"Feature","properties":{"i":629},"geometry":{"type":"Polygon","coordinates":[[[2.13947,41.38053],[2.1398,41.37875],[2.14197,41.37818],[2.14381,41.37939],[2.14348,41.38117],[2.14131,41.38174],[2.13947,41.38053]]]}},{"type":"Feature","properties":{"i":630},"geometry":{"type":"Polygon","coordinates":[[[2.19083,41.43814],[2.19116,41.43636],[2.19333,41.43579],[2.19518,41.437],[2.19485,41.43878],[2.19268,41.43935],[2.19083,41.43814]]]}},{"type":"Feature","properties":{"i":631},"geometry":{"type":"Polygon","coordinates":[[[2.13533,41.33592],[2.13566,41.33414],[2.13783,41.33357],[2.13967,41.33478],[2.13934,41.33656],[2.13717,41.33713],[2.13533,41.33592]]]}},{"type":"Feature","properties":{"i":632},"geometry":{"type":"Polygon","coordinates":[[[2.14796,41.36815],[2.14829,41.36637],[2.15046,41.3658],[2.1523,41.36701],[2.15197,41.36879],[2.1498,41.36936],[2.14796,41.36815]]]}},{"type":"Feature","properties":{"i":633},"geometry":{"type":"Polygon","coordinates":[[[2.16658,41.39035],[2.16691,41.38857],[2.16908,41.388],[2.17093,41.38921],[2.1706,41.39099],[2.16843,41.39156],[2.16658,41.39035]]]}},{"type":"Feature","properties":{"i":634},"geometry":{"type":"Polygon","coordinates":[[[2.18825,41.41851],[2.18858,41.41674],[2.19075,41.41617],[2.1926,41.41738],[2.19227,41.41915],[2.1901,41.41972],[2.18825,41.41851]]]}},{"type":"Feature","properties":{"i":635},"geometry":{"type":"Polygon","coordinates":[[[2.18658,41.37157],[2.18691,41.36979],[2.18908,41.36922],[2.19093,41.37043],[2.1906,41.3722],[2.18843,41.37277],[2.18658,41.37157]]]}},{"type":"Feature","properties":{"i":636},"geometry":{"type":"Polygon","coordinates":[[[2.20826,41.39973],[2.20859,41.39795],[2.21076,41.39738],[2.21261,41.39859],[2.21228,41.40037],[2.21011,41.40094],[2.20826,41.39973]]]}},{"type":"Feature","properties":{"i":637},"geometry":{"type":"Polygon","coordinates":[[[2.14868,41.4424],[2.14901,41.44062],[2.15118,41.44005],[2.15303,41.44126],[2.1527,41.44304],[2.15053,41.44361],[2.14868,41.4424]]]}},{"type":"Feature","properties":{"i":638},"geometry":{"type":"Polygon","coordinates":[[[2.12906,41.42554],[2.12939,41.42376],[2.13157,41.42319],[2.13341,41.4244],[2.13308,41.42618],[2.13091,41.42675],[2.12906,41.42554]]]}},{"type":"Feature","properties":{"i":639},"geometry":{"type":"Polygon","coordinates":[[[2.16461,41.40101],[2.16494,41.39924],[2.16711,41.39867],[2.16895,41.39988],[2.16863,41.40166],[2.16645,41.40222],[2.16461,41.40101]]]}},{"type":"Feature","properties":{"i":640},"geometry":{"type":"Polygon","coordinates":[[[2.13512,41.43748],[2.13545,41.43571],[2.13762,41.43514],[2.13946,41.43635],[2.13913,41.43813],[2.13696,41.43869],[2.13512,41.43748]]]}},{"type":"Feature","properties":{"i":641},"geometry":{"type":"Polygon","coordinates":[[[2.13388,41.35492],[2.13421,41.35314],[2.13638,41.35257],[2.13822,41.35378],[2.13789,41.35556],[2.13572,41.35613],[2.13388,41.35492]]]}},{"type":"Feature","properties":{"i":642},"geometry":{"type":"Polygon","coordinates":[[[2.14493,41.36218],[2.14526,41.3604],[2.14743,41.35983],[2.14927,41.36104],[2.14894,41.36282],[2.14677,41.36338],[2.14493,41.36218]]]}},{"type":"Feature","properties":{"i":643},"geometry":{"type":"Polygon","coordinates":[[[2.1762,41.41659],[2.17653,41.41481],[2.1787,41.41425],[2.18055,41.41545],[2.18022,41.41723],[2.17805,41.4178],[2.1762,41.41659]]]}},{"type":"Feature","properties":{"i":644},"geometry":{"type":"Polygon","coordinates":[[[2.06536,41.42356],[2.06569,41.42179],[2.06787,41.42122],[2.06971,41.42243],[2.06938,41.42421],[2.0672,41.42477],[2.06536,41.42356]]]}},{"type":"Feature","properties":{"i":645},"geometry":{"type":"Polygon","coordinates":[[[2.19416,41.3865],[2.19449,41.38473],[2.19666,41.38416],[2.19851,41.38536],[2.19818,41.38714],[2.19601,41.38771],[2.19416,41.3865]]]}},{"type":"Feature","properties":{"i":646},"geometry":{"type":"Polygon","coordinates":[[[2.19568,41.38949],[2.19601,41.38771],[2.19818,41.38714],[2.20002,41.38835],[2.19969,41.39013],[2.19752,41.3907],[2.19568,41.38949]]]}},{"type":"Feature","properties":{"i":647},"geometry":{"type":"Polygon","coordinates":[[[2.15408,41.40208],[2.15441,41.4003],[2.15658,41.39973],[2.15842,41.40094],[2.15809,41.40272],[2.15592,41.40329],[2.15408,41.40208]]]}},{"type":"Feature","properties":{"i":648},"geometry":{"type":"Polygon","coordinates":[[[2.17218,41.41595],[2.17251,41.41417],[2.17469,41.4136],[2.17653,41.41481],[2.1762,41.41659],[2.17403,41.41716],[2.17218,41.41595]]]}},{"type":"Feature","properties":{"i":649},"geometry":{"type":"Polygon","coordinates":[[[2.18226,41.42854],[2.18259,41.42676],[2.18477,41.42619],[2.18661,41.4274],[2.18628,41.42918],[2.18411,41.42975],[2.18226,41.42854]]]}},{"type":"Feature","properties":{"i":650},"geometry":{"type":"Polygon","coordinates":[[[2.13209,41.43151],[2.13242,41.42973],[2.13459,41.42916],[2.13644,41.43037],[2.13611,41.43215],[2.13393,41.43272],[2.13209,41.43151]]]}},{"type":"Feature","properties":{"i":651},"geometry":{"type":"Polygon","coordinates":[[[2.14296,41.37284],[2.14329,41.37107],[2.14546,41.3705],[2.1473,41.37171],[2.14697,41.37349],[2.1448,41.37405],[2.14296,41.37284]]]}},{"type":"Feature","properties":{"i":652},"geometry":{"type":"Polygon","coordinates":[[[2.18158,41.37626],[2.18191,41.37448],[2.18408,41.37391],[2.18593,41.37512],[2.1856,41.3769],[2.18343,41.37747],[2.18158,41.37626]]]}},{"type":"Feature","properties":{"i":653},"geometry":{"type":"Polygon","coordinates":[[[2.0834,41.41548],[2.08373,41.4137],[2.0859,41.41313],[2.08774,41.41434],[2.08741,41.41612],[2.08524,41.41669],[2.0834,41.41548]]]}},{"type":"Feature","properties":{"i":654},"geometry":{"type":"Polygon","coordinates":[[[2.10841,41.39203],[2.10874,41.39026],[2.11091,41.38969],[2.11275,41.3909],[2.11242,41.39268],[2.11025,41.39324],[2.10841,41.39203]]]}},{"type":"Feature","properties":{"i":655},"geometry":{"type":"Polygon","coordinates":[[[2.16627,41.44795],[2.16659,41.44617],[2.16877,41.4456],[2.17061,41.44681],[2.17028,41.44859],[2.16811,41.44916],[2.16627,41.44795]]]}},{"type":"Feature","properties":{"i":656},"geometry":{"type":"Polygon","coordinates":[[[2.14664,41.43109],[2.14697,41.42931],[2.14914,41.42874],[2.15099,41.42995],[2.15066,41.43173],[2.14848,41.4323],[2.14664,41.43109]]]}},{"type":"Feature","properties":{"i":657},"geometry":{"type":"Polygon","coordinates":[[[2.13005,41.4202],[2.13038,41.41843],[2.13255,41.41786],[2.1344,41.41907],[2.13407,41.42085],[2.13189,41.42141],[2.13005,41.4202]]]}},{"type":"Feature","properties":{"i":658},"geometry":{"type":"Polygon","coordinates":[[[2.17923,41.42257],[2.17956,41.42079],[2.18173,41.42022],[2.18358,41.42143],[2.18325,41.42321],[2.18108,41.42378],[2.17923,41.42257]]]}},{"type":"Feature","properties":{"i":659},"geometry":{"type":"Polygon","coordinates":[[[2.19136,41.44646],[2.19169,41.44468],[2.19386,41.44412],[2.19571,41.44532],[2.19538,41.4471],[2.19321,41.44767],[2.19136,41.44646]]]}},{"type":"Feature","properties":{"i":660},"geometry":{"type":"Polygon","coordinates":[[[2.13632,41.33059],[2.13665,41.32881],[2.13882,41.32824],[2.14066,41.32945],[2.14033,41.33123],[2.13816,41.3318],[2.13632,41.33059]]]}},{"type":"Feature","properties":{"i":661},"geometry":{"type":"Polygon","coordinates":[[[2.15796,41.35876],[2.15828,41.35698],[2.16046,41.35641],[2.1623,41.35762],[2.16197,41.3594],[2.1598,41.35997],[2.15796,41.35876]]]}},{"type":"Feature","properties":{"i":662},"geometry":{"type":"Polygon","coordinates":[[[2.20629,41.4104],[2.20662,41.40863],[2.20879,41.40806],[2.21064,41.40926],[2.21031,41.41104],[2.20814,41.41161],[2.20629,41.4104]]]}},{"type":"Feature","properties":{"i":663},"geometry":{"type":"Polygon","coordinates":[[[2.12126,41.32269],[2.12159,41.32091],[2.12376,41.32034],[2.1256,41.32155],[2.12527,41.32333],[2.1231,41.3239],[2.12126,41.32269]]]}},{"type":"Feature","properties":{"i":664},"geometry":{"type":"Polygon","coordinates":[[[2.11597,41.40697],[2.1163,41.40519],[2.11847,41.40463],[2.12032,41.40583],[2.11999,41.40761],[2.11781,41.40818],[2.11597,41.40697]]]}},{"type":"Feature","properties":{"i":665},"geometry":{"type":"Polygon","coordinates":[[[2.11748,41.40996],[2.11781,41.40818],[2.11999,41.40761],[2.12183,41.40882],[2.1215,41.4106],[2.11933,41.41117],[2.11748,41.40996]]]}},{"type":"Feature","properties":{"i":666},"geometry":{"type":"Polygon","coordinates":[[[2.17726,41.43323],[2.17759,41.43146],[2.17976,41.43089],[2.18161,41.4321],[2.18128,41.43387],[2.17911,41.43444],[2.17726,41.43323]]]}},{"type":"Feature","properties":{"i":667},"geometry":{"type":"Polygon","coordinates":[[[2.19522,41.40315],[2.19555,41.40137],[2.19773,41.4008],[2.19957,41.40201],[2.19924,41.40379],[2.19707,41.40436],[2.19522,41.40315]]]}},{"type":"Feature","properties":{"i":668},"geometry":{"type":"Polygon","coordinates":[[[2.13546,41.37988],[2.13578,41.37811],[2.13796,41.37754],[2.1398,41.37875],[2.13947,41.38053],[2.1373,41.38109],[2.13546,41.37988]]]}},{"type":"Feature","properties":{"i":669},"geometry":{"type":"Polygon","coordinates":[[[2.18833,41.44049],[2.18866,41.43871],[2.19083,41.43814],[2.19268,41.43935],[2.19235,41.44113],[2.19017,41.4417],[2.18833,41.44049]]]}},{"type":"Feature","properties":{"i":670},"geometry":{"type":"Polygon","coordinates":[[[2.16098,41.36474],[2.16131,41.36296],[2.16348,41.36239],[2.16533,41.3636],[2.165,41.36538],[2.16283,41.36595],[2.16098,41.36474]]]}},{"type":"Feature","properties":{"i":671},"geometry":{"type":"Polygon","coordinates":[[[2.18416,41.39589],[2.18449,41.39412],[2.18666,41.39355],[2.1885,41.39476],[2.18818,41.39653],[2.186,41.3971],[2.18416,41.39589]]]}},{"type":"Feature","properties":{"i":672},"geometry":{"type":"Polygon","coordinates":[[[2.14539,41.34852],[2.14572,41.34674],[2.14789,41.34617],[2.14973,41.34738],[2.1494,41.34916],[2.14723,41.34973],[2.14539,41.34852]]]}},{"type":"Feature","properties":{"i":673},"geometry":{"type":"Polygon","coordinates":[[[2.09445,41.42274],[2.09478,41.42096],[2.09695,41.42039],[2.09879,41.4216],[2.09846,41.42338],[2.09629,41.42395],[2.09445,41.42274]]]}},{"type":"Feature","properties":{"i":674},"geometry":{"type":"Polygon","coordinates":[[[2.12505,41.42489],[2.12538,41.42312],[2.12755,41.42255],[2.12939,41.42376],[2.12906,41.42554],[2.12689,41.4261],[2.12505,41.42489]]]}},{"type":"Feature","properties":{"i":675},"geometry":{"type":"Polygon","coordinates":[[[2.12342,41.37796],[2.12375,41.37618],[2.12592,41.37561],[2.12776,41.37682],[2.12743,41.3786],[2.12526,41.37917],[2.12342,41.37796]]]}},{"type":"Feature","properties":{"i":676},"geometry":{"type":"Polygon","coordinates":[[[2.14506,41.40613],[2.14539,41.40435],[2.14756,41.40378],[2.1494,41.40499],[2.14908,41.40677],[2.1469,41.40734],[2.14506,41.40613]]]}},{"type":"Feature","properties":{"i":677},"geometry":{"type":"Polygon","coordinates":[[[2.18689,41.45947],[2.18722,41.4577],[2.18939,41.45713],[2.19124,41.45834],[2.19091,41.46011],[2.18873,41.46068],[2.18689,41.45947]]]}},{"type":"Feature","properties":{"i":678},"geometry":{"type":"Polygon","coordinates":[[[2.16855,41.37968],[2.16888,41.3779],[2.17105,41.37733],[2.1729,41.37854],[2.17257,41.38032],[2.1704,41.38089],[2.16855,41.37968]]]}},{"type":"Feature","properties":{"i":679},"geometry":{"type":"Polygon","coordinates":[[[2.11179,41.3404],[2.11212,41.33862],[2.11429,41.33805],[2.11613,41.33926],[2.1158,41.34104],[2.11363,41.34161],[2.11179,41.3404]]]}},{"type":"Feature","properties":{"i":680},"geometry":{"type":"Polygon","coordinates":[[[2.11679,41.33571],[2.11712,41.33393],[2.11929,41.33336],[2.12113,41.33457],[2.1208,41.33635],[2.11863,41.33692],[2.11679,41.33571]]]}},{"type":"Feature","properties":{"i":681},"geometry":{"type":"Polygon","coordinates":[[[2.13098,41.3929],[2.13131,41.39112],[2.13348,41.39055],[2.13532,41.39176],[2.13499,41.39354],[2.13282,41.39411],[2.13098,41.3929]]]}},{"type":"Feature","properties":{"i":682},"geometry":{"type":"Polygon","coordinates":[[[2.20789,41.43537],[2.20822,41.43359],[2.21039,41.43302],[2.21224,41.43423],[2.21191,41.43601],[2.20974,41.43658],[2.20789,41.43537]]]}},{"type":"Feature","properties":{"i":683},"geometry":{"type":"Polygon","coordinates":[[[2.13249,41.39589],[2.13282,41.39411],[2.13499,41.39354],[2.13683,41.39475],[2.13651,41.39653],[2.13433,41.3971],[2.13249,41.39589]]]}},{"type":"Feature","properties":{"i":684},"geometry":{"type":"Polygon","coordinates":[[[2.09095,41.43041],[2.09128,41.42864],[2.09346,41.42807],[2.0953,41.42928],[2.09497,41.43106],[2.0928,41.43162],[2.09095,41.43041]]]}},{"type":"Feature","properties":{"i":685},"geometry":{"type":"Polygon","coordinates":[[[2.15598,41.36943],[2.15631,41.36765],[2.15848,41.36708],[2.16033,41.36829],[2.16,41.37007],[2.15783,41.37064],[2.15598,41.36943]]]}},{"type":"Feature","properties":{"i":686},"geometry":{"type":"Polygon","coordinates":[[[2.19318,41.39184],[2.19351,41.39006],[2.19568,41.38949],[2.19752,41.3907],[2.19719,41.39248],[2.19502,41.39305],[2.19318,41.39184]]]}},{"type":"Feature","properties":{"i":687},"geometry":{"type":"Polygon","coordinates":[[[2.15566,41.42704],[2.15599,41.42526],[2.15816,41.42469],[2.16001,41.4259],[2.15968,41.42768],[2.1575,41.42825],[2.15566,41.42704]]]}},{"type":"Feature","properties":{"i":688},"geometry":{"type":"Polygon","coordinates":[[[2.20486,41.42939],[2.20518,41.42762],[2.20736,41.42705],[2.2092,41.42826],[2.20888,41.43003],[2.2067,41.4306],[2.20486,41.42939]]]}},{"type":"Feature","properties":{"i":689},"geometry":{"type":"Polygon","coordinates":[[[2.13184,41.34361],[2.13217,41.34183],[2.13434,41.34126],[2.13618,41.34247],[2.13585,41.34425],[2.13368,41.34482],[2.13184,41.34361]]]}},{"type":"Feature","properties":{"i":690},"geometry":{"type":"Polygon","coordinates":[[[2.18355,41.36559],[2.18388,41.36381],[2.18605,41.36324],[2.1879,41.36445],[2.18757,41.36623],[2.1854,41.3668],[2.18355,41.36559]]]}},{"type":"Feature","properties":{"i":691},"geometry":{"type":"Polygon","coordinates":[[[2.17651,41.35897],[2.17684,41.3572],[2.17901,41.35663],[2.18085,41.35783],[2.18052,41.35961],[2.17835,41.36018],[2.17651,41.35897]]]}},{"type":"Feature","properties":{"i":692},"geometry":{"type":"Polygon","coordinates":[[[2.1806,41.3816],[2.18093,41.37982],[2.1831,41.37925],[2.18494,41.38046],[2.18461,41.38224],[2.18244,41.38281],[2.1806,41.3816]]]}},{"type":"Feature","properties":{"i":693},"geometry":{"type":"Polygon","coordinates":[[[2.20227,41.40976],[2.2026,41.40799],[2.20478,41.40742],[2.20662,41.40863],[2.20629,41.4104],[2.20412,41.41097],[2.20227,41.40976]]]}},{"type":"Feature","properties":{"i":694},"geometry":{"type":"Polygon","coordinates":[[[2.14309,41.4168],[2.14341,41.41502],[2.14559,41.41445],[2.14743,41.41566],[2.1471,41.41744],[2.14493,41.41801],[2.14309,41.4168]]]}},{"type":"Feature","properties":{"i":695},"geometry":{"type":"Polygon","coordinates":[[[2.13743,41.36922],[2.13776,41.36744],[2.13993,41.36687],[2.14177,41.36808],[2.14144,41.36986],[2.13927,41.37043],[2.13743,41.36922]]]}},{"type":"Feature","properties":{"i":696},"geometry":{"type":"Polygon","coordinates":[[[2.20289,41.44006],[2.20322,41.43828],[2.20539,41.43772],[2.20723,41.43892],[2.20691,41.4407],[2.20473,41.44127],[2.20289,41.44006]]]}},{"type":"Feature","properties":{"i":697},"geometry":{"type":"Polygon","coordinates":[[[2.16112,41.4087],[2.16145,41.40692],[2.16362,41.40635],[2.16547,41.40756],[2.16514,41.40934],[2.16297,41.4099],[2.16112,41.4087]]]}},{"type":"Feature","properties":{"i":698},"geometry":{"type":"Polygon","coordinates":[[[2.11981,41.34168],[2.12014,41.3399],[2.12231,41.33934],[2.12415,41.34054],[2.12382,41.34232],[2.12165,41.34289],[2.11981,41.34168]]]}},{"type":"Feature","properties":{"i":699},"geometry":{"type":"Polygon","coordinates":[[[2.12481,41.33699],[2.12514,41.33521],[2.12731,41.33464],[2.12915,41.33585],[2.12882,41.33763],[2.12665,41.3382],[2.12481,41.33699]]]}},{"type":"Feature","properties":{"i":700},"geometry":{"type":"Polygon","coordinates":[[[2.14144,41.36986],[2.14177,41.36808],[2.14394,41.36751],[2.14579,41.36872],[2.14546,41.3705],[2.14329,41.37107],[2.14144,41.36986]]]}},{"type":"Feature","properties":{"i":701},"geometry":{"type":"Polygon","coordinates":[[[2.1158,41.34104],[2.11613,41.33926],[2.1183,41.33869],[2.12014,41.3399],[2.11981,41.34168],[2.11764,41.34225],[2.1158,41.34104]]]}},{"type":"Feature","properties":{"i":702},"geometry":{"type":"Polygon","coordinates":[[[2.18818,41.39653],[2.1885,41.39476],[2.19068,41.39419],[2.19252,41.3954],[2.19219,41.39717],[2.19002,41.39774],[2.18818,41.39653]]]}},{"type":"Feature","properties":{"i":703},"geometry":{"type":"Polygon","coordinates":[[[2.19022,41.40784],[2.19055,41.40607],[2.19272,41.4055],[2.19457,41.40671],[2.19424,41.40848],[2.19207,41.40905],[2.19022,41.40784]]]}},{"type":"Feature","properties":{"i":704},"geometry":{"type":"Polygon","coordinates":[[[2.16073,41.44432],[2.16106,41.44254],[2.16324,41.44198],[2.16508,41.44318],[2.16475,41.44496],[2.16258,41.44553],[2.16073,41.44432]]]}},{"type":"Feature","properties":{"i":705},"geometry":{"type":"Polygon","coordinates":[[[2.14704,41.39546],[2.14736,41.39369],[2.14954,41.39312],[2.15138,41.39433],[2.15105,41.3961],[2.14888,41.39667],[2.14704,41.39546]]]}},{"type":"Feature","properties":{"i":706},"geometry":{"type":"Polygon","coordinates":[[[2.15809,41.40272],[2.15842,41.40094],[2.16059,41.40037],[2.16244,41.40158],[2.16211,41.40336],[2.15994,41.40393],[2.15809,41.40272]]]}},{"type":"Feature","properties":{"i":707},"geometry":{"type":"Polygon","coordinates":[[[2.1286,41.43919],[2.12893,41.43741],[2.1311,41.43684],[2.13295,41.43805],[2.13262,41.43983],[2.13044,41.4404],[2.1286,41.43919]]]}},{"type":"Feature","properties":{"i":708},"geometry":{"type":"Polygon","coordinates":[[[2.10539,41.38606],[2.10572,41.38428],[2.10789,41.38371],[2.10973,41.38492],[2.1094,41.3867],[2.10723,41.38727],[2.10539,41.38606]]]}},{"type":"Feature","properties":{"i":709},"geometry":{"type":"Polygon","coordinates":[[[2.1978,41.42278],[2.19813,41.421],[2.20031,41.42043],[2.20215,41.42164],[2.20182,41.42342],[2.19965,41.42399],[2.1978,41.42278]]]}},{"type":"Feature","properties":{"i":710},"geometry":{"type":"Polygon","coordinates":[[[2.06234,41.41759],[2.06267,41.41581],[2.06485,41.41525],[2.06669,41.41646],[2.06636,41.41823],[2.06418,41.4188],[2.06234,41.41759]]]}},{"type":"Feature","properties":{"i":711},"geometry":{"type":"Polygon","coordinates":[[[2.10492,41.39971],[2.10525,41.39793],[2.10742,41.39737],[2.10926,41.39858],[2.10893,41.40035],[2.10676,41.40092],[2.10492,41.39971]]]}},{"type":"Feature","properties":{"i":712},"geometry":{"type":"Polygon","coordinates":[[[2.14401,41.38949],[2.14434,41.38771],[2.14651,41.38714],[2.14835,41.38835],[2.14802,41.39013],[2.14585,41.3907],[2.14401,41.38949]]]}},{"type":"Feature","properties":{"i":713},"geometry":{"type":"Polygon","coordinates":[[[2.17574,41.43025],[2.17607,41.42847],[2.17825,41.4279],[2.18009,41.42911],[2.17976,41.43089],[2.17759,41.43146],[2.17574,41.43025]]]}},{"type":"Feature","properties":{"i":714},"geometry":{"type":"Polygon","coordinates":[[[2.15612,41.41339],[2.15645,41.41161],[2.15862,41.41104],[2.16046,41.41225],[2.16014,41.41403],[2.15796,41.4146],[2.15612,41.41339]]]}},{"type":"Feature","properties":{"i":715},"geometry":{"type":"Polygon","coordinates":[[[2.17197,41.35001],[2.1723,41.34823],[2.17447,41.34766],[2.17631,41.34887],[2.17598,41.35065],[2.17381,41.35122],[2.17197,41.35001]]]}},{"type":"Feature","properties":{"i":716},"geometry":{"type":"Polygon","coordinates":[[[2.0749,41.42784],[2.07523,41.42606],[2.0774,41.42549],[2.07924,41.4267],[2.07891,41.42848],[2.07674,41.42905],[2.0749,41.42784]]]}},{"type":"Feature","properties":{"i":717},"geometry":{"type":"Polygon","coordinates":[[[2.20326,41.40443],[2.20359,41.40265],[2.20576,41.40208],[2.2076,41.40329],[2.20728,41.40507],[2.2051,41.40564],[2.20326,41.40443]]]}},{"type":"Feature","properties":{"i":718},"geometry":{"type":"Polygon","coordinates":[[[2.14368,41.44709],[2.14401,41.44531],[2.14618,41.44474],[2.14802,41.44595],[2.14769,41.44773],[2.14552,41.4483],[2.14368,41.44709]]]}},{"type":"Feature","properties":{"i":719},"geometry":{"type":"Polygon","coordinates":[[[2.1019,41.39374],[2.10223,41.39196],[2.1044,41.39139],[2.10624,41.3926],[2.10591,41.39438],[2.10374,41.39495],[2.1019,41.39374]]]}},{"type":"Feature","properties":{"i":720},"geometry":{"type":"Polygon","coordinates":[[[2.11399,41.41763],[2.11432,41.41586],[2.1165,41.41529],[2.11834,41.4165],[2.11801,41.41828],[2.11584,41.41884],[2.11399,41.41763]]]}},{"type":"Feature","properties":{"i":721},"geometry":{"type":"Polygon","coordinates":[[[2.16317,41.42],[2.16349,41.41823],[2.16567,41.41766],[2.16751,41.41887],[2.16718,41.42064],[2.16501,41.42121],[2.16317,41.42]]]}},{"type":"Feature","properties":{"i":722},"geometry":{"type":"Polygon","coordinates":[[[2.15309,41.40741],[2.15342,41.40564],[2.15559,41.40507],[2.15744,41.40628],[2.15711,41.40805],[2.15493,41.40862],[2.15309,41.40741]]]}},{"type":"Feature","properties":{"i":723},"geometry":{"type":"Polygon","coordinates":[[[2.15704,41.38608],[2.15737,41.3843],[2.15954,41.38373],[2.16138,41.38494],[2.16105,41.38672],[2.15888,41.38729],[2.15704,41.38608]]]}},{"type":"Feature","properties":{"i":724},"geometry":{"type":"Polygon","coordinates":[[[2.18484,41.44817],[2.18517,41.44639],[2.18734,41.44582],[2.18919,41.44703],[2.18886,41.44881],[2.18669,41.44938],[2.18484,41.44817]]]}},{"type":"Feature","properties":{"i":725},"geometry":{"type":"Polygon","coordinates":[[[2.15789,41.33678],[2.15822,41.335],[2.16039,41.33443],[2.16223,41.33564],[2.1619,41.33742],[2.15973,41.33799],[2.15789,41.33678]]]}},{"type":"Feature","properties":{"i":726},"geometry":{"type":"Polygon","coordinates":[[[2.1594,41.33977],[2.15973,41.33799],[2.1619,41.33742],[2.16374,41.33863],[2.16341,41.34041],[2.16124,41.34097],[2.1594,41.33977]]]}},{"type":"Feature","properties":{"i":727},"geometry":{"type":"Polygon","coordinates":[[[2.14862,41.42043],[2.14894,41.41865],[2.15112,41.41808],[2.15296,41.41929],[2.15263,41.42107],[2.15046,41.42163],[2.14862,41.42043]]]}},{"type":"Feature","properties":{"i":728},"geometry":{"type":"Polygon","coordinates":[[[2.20023,41.39845],[2.20055,41.39668],[2.20273,41.39611],[2.20457,41.39731],[2.20424,41.39909],[2.20207,41.39966],[2.20023,41.39845]]]}},{"type":"Feature","properties":{"i":729},"geometry":{"type":"Polygon","coordinates":[[[2.08038,41.4095],[2.08071,41.40773],[2.08288,41.40716],[2.08472,41.40837],[2.08439,41.41015],[2.08222,41.41071],[2.08038,41.4095]]]}},{"type":"Feature","properties":{"i":730},"geometry":{"type":"Polygon","coordinates":[[[2.11097,41.41166],[2.1113,41.40988],[2.11347,41.40932],[2.11531,41.41052],[2.11498,41.4123],[2.11281,41.41287],[2.11097,41.41166]]]}},{"type":"Feature","properties":{"i":731},"geometry":{"type":"Polygon","coordinates":[[[2.07235,41.40822],[2.07268,41.40644],[2.07485,41.40587],[2.07669,41.40708],[2.07636,41.40886],[2.07419,41.40943],[2.07235,41.40822]]]}},{"type":"Feature","properties":{"i":732},"geometry":{"type":"Polygon","coordinates":[[[2.17074,41.43494],[2.17107,41.43316],[2.17324,41.43259],[2.17509,41.4338],[2.17476,41.43558],[2.17259,41.43615],[2.17074,41.43494]]]}},{"type":"Feature","properties":{"i":733},"geometry":{"type":"Polygon","coordinates":[[[2.11993,41.38564],[2.12026,41.38386],[2.12243,41.38329],[2.12427,41.3845],[2.12394,41.38628],[2.12177,41.38685],[2.11993,41.38564]]]}},{"type":"Feature","properties":{"i":734},"geometry":{"type":"Polygon","coordinates":[[[2.17279,41.44624],[2.17312,41.44447],[2.17529,41.4439],[2.17713,41.44511],[2.1768,41.44689],[2.17463,41.44745],[2.17279,41.44624]]]}},{"type":"Feature","properties":{"i":735},"geometry":{"type":"Polygon","coordinates":[[[2.16697,41.35471],[2.1673,41.35293],[2.16947,41.35236],[2.17131,41.35357],[2.17098,41.35535],[2.16881,41.35592],[2.16697,41.35471]]]}},{"type":"Feature","properties":{"i":736},"geometry":{"type":"Polygon","coordinates":[[[2.13079,41.32696],[2.13112,41.32518],[2.13329,41.32461],[2.13513,41.32582],[2.1348,41.3276],[2.13263,41.32817],[2.13079,41.32696]]]}},{"type":"Feature","properties":{"i":737},"geometry":{"type":"Polygon","coordinates":[[[2.08793,41.42444],[2.08826,41.42266],[2.09043,41.42209],[2.09227,41.4233],[2.09194,41.42508],[2.08977,41.42565],[2.08793,41.42444]]]}},{"type":"Feature","properties":{"i":738},"geometry":{"type":"Polygon","coordinates":[[[2.15869,41.43301],[2.15902,41.43124],[2.16119,41.43067],[2.16304,41.43188],[2.16271,41.43366],[2.16053,41.43422],[2.15869,41.43301]]]}},{"type":"Feature","properties":{"i":739},"geometry":{"type":"Polygon","coordinates":[[[2.19826,41.40912],[2.19859,41.40735],[2.20076,41.40678],[2.2026,41.40799],[2.20227,41.40976],[2.2001,41.41033],[2.19826,41.40912]]]}},{"type":"Feature","properties":{"i":740},"geometry":{"type":"Polygon","coordinates":[[[2.1169,41.37966],[2.11723,41.37789],[2.1194,41.37732],[2.12124,41.37853],[2.12092,41.38031],[2.11874,41.38087],[2.1169,41.37966]]]}},{"type":"Feature","properties":{"i":741},"geometry":{"type":"Polygon","coordinates":[[[2.129,41.40356],[2.12933,41.40179],[2.1315,41.40122],[2.13335,41.40243],[2.13302,41.40421],[2.13084,41.40477],[2.129,41.40356]]]}},{"type":"Feature","properties":{"i":742},"geometry":{"type":"Polygon","coordinates":[[[2.18037,41.46118],[2.1807,41.4594],[2.18287,41.45883],[2.18472,41.46004],[2.18439,41.46182],[2.18221,41.46239],[2.18037,41.46118]]]}},{"type":"Feature","properties":{"i":743},"geometry":{"type":"Polygon","coordinates":[[[2.18613,41.38522],[2.18646,41.38345],[2.18863,41.38288],[2.19047,41.38409],[2.19015,41.38586],[2.18797,41.38643],[2.18613,41.38522]]]}},{"type":"Feature","properties":{"i":744},"geometry":{"type":"Polygon","coordinates":[[[2.17,41.36068],[2.17033,41.3589],[2.1725,41.35833],[2.17434,41.35954],[2.17401,41.36132],[2.17184,41.36189],[2.17,41.36068]]]}},{"type":"Feature","properties":{"i":745},"geometry":{"type":"Polygon","coordinates":[[[2.21084,41.41936],[2.21117,41.41759],[2.21334,41.41702],[2.21519,41.41823],[2.21486,41.42],[2.21269,41.42057],[2.21084,41.41936]]]}},{"type":"Feature","properties":{"i":746},"geometry":{"type":"Polygon","coordinates":[[[2.07537,41.41419],[2.0757,41.41241],[2.07787,41.41185],[2.07971,41.41306],[2.07938,41.41483],[2.07721,41.4154],[2.07537,41.41419]]]}},{"type":"Feature","properties":{"i":747},"geometry":{"type":"Polygon","coordinates":[[[2.1834,41.46715],[2.18373,41.46537],[2.1859,41.4648],[2.18775,41.46601],[2.18742,41.46779],[2.18525,41.46836],[2.1834,41.46715]]]}},{"type":"Feature","properties":{"i":748},"geometry":{"type":"Polygon","coordinates":[[[2.10649,41.42467],[2.10682,41.42289],[2.10899,41.42232],[2.11083,41.42353],[2.1105,41.42531],[2.10833,41.42588],[2.10649,41.42467]]]}},{"type":"Feature","properties":{"i":749},"geometry":{"type":"Polygon","coordinates":[[[2.11493,41.39033],[2.11525,41.38855],[2.11743,41.38798],[2.11927,41.38919],[2.11894,41.39097],[2.11677,41.39154],[2.11493,41.39033]]]}},{"type":"Feature","properties":{"i":750},"geometry":{"type":"Polygon","coordinates":[[[2.20137,41.43708],[2.2017,41.4353],[2.20387,41.43473],[2.20572,41.43594],[2.20539,41.43772],[2.20322,41.43828],[2.20137,41.43708]]]}},{"type":"Feature","properties":{"i":751},"geometry":{"type":"Polygon","coordinates":[[[2.16778,41.45094],[2.16811,41.44916],[2.17028,41.44859],[2.17213,41.4498],[2.1718,41.45158],[2.16963,41.45214],[2.16778,41.45094]]]}},{"type":"Feature","properties":{"i":752},"geometry":{"type":"Polygon","coordinates":[[[2.17711,41.38928],[2.17744,41.3875],[2.17961,41.38693],[2.18146,41.38814],[2.18113,41.38992],[2.17896,41.39049],[2.17711,41.38928]]]}},{"type":"Feature","properties":{"i":753},"geometry":{"type":"Polygon","coordinates":[[[2.1396,41.42447],[2.13993,41.4227],[2.1421,41.42213],[2.14394,41.42334],[2.14361,41.42512],[2.14144,41.42568],[2.1396,41.42447]]]}},{"type":"Feature","properties":{"i":754},"geometry":{"type":"Polygon","coordinates":[[[2.18878,41.42683],[2.18911,41.42506],[2.19129,41.42449],[2.19313,41.4257],[2.1928,41.42747],[2.19063,41.42804],[2.18878,41.42683]]]}},{"type":"Feature","properties":{"i":755},"geometry":{"type":"Polygon","coordinates":[[[2.14006,41.41082],[2.14039,41.40904],[2.14256,41.40848],[2.1444,41.40969],[2.14407,41.41146],[2.1419,41.41203],[2.14006,41.41082]]]}},{"type":"Feature","properties":{"i":756},"geometry":{"type":"Polygon","coordinates":[[[2.09997,41.42637],[2.1003,41.42459],[2.10247,41.42402],[2.10432,41.42523],[2.10399,41.42701],[2.10181,41.42758],[2.09997,41.42637]]]}},{"type":"Feature","properties":{"i":757},"geometry":{"type":"Polygon","coordinates":[[[2.17408,41.3833],[2.17441,41.38153],[2.17658,41.38096],[2.17843,41.38217],[2.1781,41.38394],[2.17593,41.38451],[2.17408,41.3833]]]}},{"type":"Feature","properties":{"i":758},"geometry":{"type":"Polygon","coordinates":[[[2.18674,41.41553],[2.18707,41.41375],[2.18924,41.41318],[2.19108,41.41439],[2.19075,41.41617],[2.18858,41.41674],[2.18674,41.41553]]]}},{"type":"Feature","properties":{"i":759},"geometry":{"type":"Polygon","coordinates":[[[2.06083,41.4146],[2.06116,41.41282],[2.06334,41.41226],[2.06518,41.41347],[2.06485,41.41525],[2.06267,41.41581],[2.06083,41.4146]]]}},{"type":"Feature","properties":{"i":760},"geometry":{"type":"Polygon","coordinates":[[[2.16105,41.38672],[2.16138,41.38494],[2.16355,41.38437],[2.1654,41.38558],[2.16507,41.38736],[2.1629,41.38793],[2.16105,41.38672]]]}},{"type":"Feature","properties":{"i":761},"geometry":{"type":"Polygon","coordinates":[[[2.14138,41.34788],[2.14171,41.3461],[2.14388,41.34553],[2.14572,41.34674],[2.14539,41.34852],[2.14322,41.34909],[2.14138,41.34788]]]}},{"type":"Feature","properties":{"i":762},"geometry":{"type":"Polygon","coordinates":[[[2.17264,41.4023],[2.17297,41.40052],[2.17514,41.39995],[2.17699,41.40116],[2.17666,41.40294],[2.17449,41.40351],[2.17264,41.4023]]]}},{"type":"Feature","properties":{"i":763},"geometry":{"type":"Polygon","coordinates":[[[2.18371,41.40955],[2.18403,41.40777],[2.18621,41.4072],[2.18805,41.40841],[2.18772,41.41019],[2.18555,41.41076],[2.18371,41.40955]]]}},{"type":"Feature","properties":{"i":764},"geometry":{"type":"Polygon","coordinates":[[[2.15066,41.43173],[2.15099,41.42995],[2.15316,41.42939],[2.155,41.4306],[2.15467,41.43237],[2.1525,41.43294],[2.15066,41.43173]]]}},{"type":"Feature","properties":{"i":765},"geometry":{"type":"Polygon","coordinates":[[[2.15802,41.38074],[2.15835,41.37896],[2.16053,41.3784],[2.16237,41.37961],[2.16204,41.38138],[2.15987,41.38195],[2.15802,41.38074]]]}},{"type":"Feature","properties":{"i":766},"geometry":{"type":"Polygon","coordinates":[[[2.17014,41.40464],[2.17047,41.40286],[2.17264,41.4023],[2.17449,41.40351],[2.17416,41.40528],[2.17198,41.40585],[2.17014,41.40464]]]}},{"type":"Feature","properties":{"i":767},"geometry":{"type":"Polygon","coordinates":[[[2.12882,41.33763],[2.12915,41.33585],[2.13132,41.33528],[2.13316,41.33649],[2.13283,41.33827],[2.13066,41.33884],[2.12882,41.33763]]]}},{"type":"Feature","properties":{"i":768},"geometry":{"type":"Polygon","coordinates":[[[2.14684,41.32952],[2.14717,41.32774],[2.14934,41.32717],[2.15118,41.32838],[2.15085,41.33016],[2.14868,41.33073],[2.14684,41.32952]]]}},{"type":"Feature","properties":{"i":769},"geometry":{"type":"Polygon","coordinates":[[[2.16961,41.39632],[2.16994,41.39454],[2.17211,41.39397],[2.17396,41.39518],[2.17363,41.39696],[2.17146,41.39753],[2.16961,41.39632]]]}},{"type":"Feature","properties":{"i":770},"geometry":{"type":"Polygon","coordinates":[[[2.18173,41.42022],[2.18206,41.41844],[2.18424,41.41787],[2.18608,41.41908],[2.18575,41.42086],[2.18358,41.42143],[2.18173,41.42022]]]}},{"type":"Feature","properties":{"i":771},"geometry":{"type":"Polygon","coordinates":[[[2.12783,41.34296],[2.12816,41.34119],[2.13033,41.34062],[2.13217,41.34183],[2.13184,41.34361],[2.12967,41.34417],[2.12783,41.34296]]]}},{"type":"Feature","properties":{"i":772},"geometry":{"type":"Polygon","coordinates":[[[2.07141,41.43551],[2.07174,41.43373],[2.07391,41.43317],[2.07575,41.43438],[2.07542,41.43615],[2.07325,41.43672],[2.07141,41.43551]]]}},{"type":"Feature","properties":{"i":773},"geometry":{"type":"Polygon","coordinates":[[[2.1577,41.43835],[2.15803,41.43657],[2.1602,41.436],[2.16205,41.43721],[2.16172,41.43899],[2.15955,41.43956],[2.1577,41.43835]]]}},{"type":"Feature","properties":{"i":774},"geometry":{"type":"Polygon","coordinates":[[[2.15605,41.39141],[2.15638,41.38963],[2.15855,41.38906],[2.1604,41.39027],[2.16007,41.39205],[2.15789,41.39262],[2.15605,41.39141]]]}},{"type":"Feature","properties":{"i":775},"geometry":{"type":"Polygon","coordinates":[[[2.17938,41.46651],[2.17971,41.46473],[2.18188,41.46416],[2.18373,41.46537],[2.1834,41.46715],[2.18123,41.46772],[2.17938,41.46651]]]}},{"type":"Feature","properties":{"i":776},"geometry":{"type":"Polygon","coordinates":[[[2.16711,41.39867],[2.16744,41.39689],[2.16961,41.39632],[2.17146,41.39753],[2.17113,41.39931],[2.16895,41.39988],[2.16711,41.39867]]]}},{"type":"Feature","properties":{"i":777},"geometry":{"type":"Polygon","coordinates":[[[2.13815,41.44346],[2.13848,41.44168],[2.14065,41.44111],[2.14249,41.44232],[2.14216,41.4441],[2.13999,41.44467],[2.13815,41.44346]]]}},{"type":"Feature","properties":{"i":778},"geometry":{"type":"Polygon","coordinates":[[[2.13644,41.37455],[2.13677,41.37277],[2.13894,41.3722],[2.14078,41.37341],[2.14046,41.37519],[2.13828,41.37576],[2.13644,41.37455]]]}},{"type":"Feature","properties":{"i":779},"geometry":{"type":"Polygon","coordinates":[[[2.14381,41.32354],[2.14414,41.32176],[2.14631,41.32119],[2.14815,41.3224],[2.14782,41.32418],[2.14565,41.32475],[2.14381,41.32354]]]}},{"type":"Feature","properties":{"i":780},"geometry":{"type":"Polygon","coordinates":[[[2.15592,41.34745],[2.15624,41.34567],[2.15841,41.3451],[2.16026,41.34631],[2.15993,41.34809],[2.15776,41.34866],[2.15592,41.34745]]]}},{"type":"Feature","properties":{"i":781},"geometry":{"type":"Polygon","coordinates":[[[2.05885,41.42526],[2.05918,41.42348],[2.06135,41.42292],[2.06319,41.42413],[2.06286,41.42591],[2.06069,41.42647],[2.05885,41.42526]]]}},{"type":"Feature","properties":{"i":782},"geometry":{"type":"Polygon","coordinates":[[[2.11394,41.39566],[2.11427,41.39389],[2.11644,41.39332],[2.11828,41.39453],[2.11795,41.39631],[2.11578,41.39687],[2.11394,41.39566]]]}},{"type":"Feature","properties":{"i":783},"geometry":{"type":"Polygon","coordinates":[[[2.16528,41.45328],[2.16561,41.4515],[2.16778,41.45094],[2.16963,41.45214],[2.1693,41.45392],[2.16712,41.45449],[2.16528,41.45328]]]}},{"type":"Feature","properties":{"i":784},"geometry":{"type":"Polygon","coordinates":[[[2.16679,41.45627],[2.16712,41.45449],[2.1693,41.45392],[2.17114,41.45513],[2.17081,41.45691],[2.16864,41.45748],[2.16679,41.45627]]]}},{"type":"Feature","properties":{"i":785},"geometry":{"type":"Polygon","coordinates":[[[2.16567,41.41766],[2.166,41.41588],[2.16817,41.41531],[2.17001,41.41652],[2.16968,41.4183],[2.16751,41.41887],[2.16567,41.41766]]]}},{"type":"Feature","properties":{"i":786},"geometry":{"type":"Polygon","coordinates":[[[2.18477,41.42619],[2.18509,41.42442],[2.18727,41.42385],[2.18911,41.42506],[2.18878,41.42683],[2.18661,41.4274],[2.18477,41.42619]]]}},{"type":"Feature","properties":{"i":787},"geometry":{"type":"Polygon","coordinates":[[[2.12557,41.43321],[2.1259,41.43143],[2.12807,41.43087],[2.12992,41.43208],[2.12959,41.43385],[2.12742,41.43442],[2.12557,41.43321]]]}},{"type":"Feature","properties":{"i":788},"geometry":{"type":"Polygon","coordinates":[[[2.13342,41.36857],[2.13375,41.3668],[2.13592,41.36623],[2.13776,41.36744],[2.13743,41.36922],[2.13526,41.36978],[2.13342,41.36857]]]}},{"type":"Feature","properties":{"i":789},"geometry":{"type":"Polygon","coordinates":[[[2.14184,41.33422],[2.14217,41.33244],[2.14434,41.33187],[2.14618,41.33308],[2.14585,41.33486],[2.14368,41.33543],[2.14184,41.33422]]]}},{"type":"Feature","properties":{"i":790},"geometry":{"type":"Polygon","coordinates":[[[2.10195,41.41571],[2.10228,41.41393],[2.10445,41.41336],[2.1063,41.41457],[2.10597,41.41635],[2.10379,41.41692],[2.10195,41.41571]]]}},{"type":"Feature","properties":{"i":791},"geometry":{"type":"Polygon","coordinates":[[[2.13604,41.41018],[2.13637,41.4084],[2.13854,41.40783],[2.14039,41.40904],[2.14006,41.41082],[2.13789,41.41139],[2.13604,41.41018]]]}},{"type":"Feature","properties":{"i":792},"geometry":{"type":"Polygon","coordinates":[[[2.21228,41.40037],[2.21261,41.39859],[2.21478,41.39802],[2.21662,41.39923],[2.2163,41.40101],[2.21412,41.40158],[2.21228,41.40037]]]}},{"type":"Feature","properties":{"i":793},"geometry":{"type":"Polygon","coordinates":[[[2.11091,41.38969],[2.11124,41.38791],[2.11341,41.38734],[2.11525,41.38855],[2.11493,41.39033],[2.11275,41.3909],[2.11091,41.38969]]]}},{"type":"Feature","properties":{"i":794},"geometry":{"type":"Polygon","coordinates":[[[2.12354,41.42191],[2.12386,41.42013],[2.12604,41.41956],[2.12788,41.42077],[2.12755,41.42255],[2.12538,41.42312],[2.12354,41.42191]]]}},{"type":"Feature","properties":{"i":795},"geometry":{"type":"Polygon","coordinates":[[[2.20084,41.42875],[2.20117,41.42698],[2.20334,41.42641],[2.20518,41.42762],[2.20486,41.42939],[2.20268,41.42996],[2.20084,41.42875]]]}},{"type":"Feature","properties":{"i":796},"geometry":{"type":"Polygon","coordinates":[[[2.17271,41.42427],[2.17304,41.42249],[2.17522,41.42193],[2.17706,41.42313],[2.17673,41.42491],[2.17456,41.42548],[2.17271,41.42427]]]}},{"type":"Feature","properties":{"i":797},"geometry":{"type":"Polygon","coordinates":[[[2.1944,41.45243],[2.19472,41.45066],[2.1969,41.45009],[2.19874,41.4513],[2.19842,41.45308],[2.19624,41.45364],[2.1944,41.45243]]]}},{"type":"Feature","properties":{"i":798},"geometry":{"type":"Polygon","coordinates":[[[2.16651,41.36837],[2.16684,41.36659],[2.16901,41.36602],[2.17085,41.36723],[2.17053,41.36901],[2.16835,41.36958],[2.16651,41.36837]]]}},{"type":"Feature","properties":{"i":799},"geometry":{"type":"Polygon","coordinates":[[[2.15164,41.4264],[2.15197,41.42462],[2.15415,41.42405],[2.15599,41.42526],[2.15566,41.42704],[2.15349,41.42761],[2.15164,41.4264]]]}},{"type":"Feature","properties":{"i":800},"geometry":{"type":"Polygon","coordinates":[[[2.13882,41.32824],[2.13914,41.32646],[2.14131,41.32589],[2.14316,41.3271],[2.14283,41.32888],[2.14066,41.32945],[2.13882,41.32824]]]}},{"type":"Feature","properties":{"i":801},"geometry":{"type":"Polygon","coordinates":[[[2.15144,41.36047],[2.15177,41.35869],[2.15394,41.35812],[2.15579,41.35933],[2.15546,41.36111],[2.15329,41.36168],[2.15144,41.36047]]]}},{"type":"Feature","properties":{"i":802},"geometry":{"type":"Polygon","coordinates":[[[2.11475,41.32439],[2.11508,41.32261],[2.11725,41.32205],[2.11909,41.32326],[2.11876,41.32503],[2.11659,41.3256],[2.11475,41.32439]]]}},{"type":"Feature","properties":{"i":803},"geometry":{"type":"Polygon","coordinates":[[[2.10946,41.40867],[2.10979,41.4069],[2.11196,41.40633],[2.1138,41.40754],[2.11347,41.40932],[2.1113,41.40988],[2.10946,41.40867]]]}},{"type":"Feature","properties":{"i":804},"geometry":{"type":"Polygon","coordinates":[[[2.12051,41.41593],[2.12084,41.41415],[2.12301,41.41359],[2.12485,41.4148],[2.12452,41.41657],[2.12235,41.41714],[2.12051,41.41593]]]}},{"type":"Feature","properties":{"i":805},"geometry":{"type":"Polygon","coordinates":[[[2.18029,41.43921],[2.18062,41.43743],[2.18279,41.43686],[2.18464,41.43807],[2.18431,41.43985],[2.18214,41.44042],[2.18029,41.43921]]]}},{"type":"Feature","properties":{"i":806},"geometry":{"type":"Polygon","coordinates":[[[2.12894,41.38159],[2.12927,41.37981],[2.13144,41.37924],[2.13328,41.38045],[2.13295,41.38223],[2.13078,41.3828],[2.12894,41.38159]]]}},{"type":"Feature","properties":{"i":807},"geometry":{"type":"Polygon","coordinates":[[[2.18181,41.44219],[2.18214,41.44042],[2.18431,41.43985],[2.18616,41.44106],[2.18583,41.44283],[2.18365,41.4434],[2.18181,41.44219]]]}},{"type":"Feature","properties":{"i":808},"geometry":{"type":"Polygon","coordinates":[[[2.16348,41.36239],[2.16381,41.36061],[2.16598,41.36004],[2.16783,41.36125],[2.1675,41.36303],[2.16533,41.3636],[2.16348,41.36239]]]}},{"type":"Feature","properties":{"i":809},"geometry":{"type":"Polygon","coordinates":[[[2.14842,41.35449],[2.14875,41.35271],[2.15092,41.35214],[2.15276,41.35335],[2.15243,41.35513],[2.15026,41.3557],[2.14842,41.35449]]]}},{"type":"Feature","properties":{"i":810},"geometry":{"type":"Polygon","coordinates":[[[2.09695,41.42039],[2.09728,41.41862],[2.09945,41.41805],[2.10129,41.41926],[2.10096,41.42104],[2.09879,41.4216],[2.09695,41.42039]]]}},{"type":"Feature","properties":{"i":811},"geometry":{"type":"Polygon","coordinates":[[[2.10976,41.32909],[2.11008,41.32731],[2.11225,41.32674],[2.11409,41.32795],[2.11377,41.32973],[2.1116,41.3303],[2.10976,41.32909]]]}},{"type":"Feature","properties":{"i":812},"geometry":{"type":"Polygon","coordinates":[[[2.12598,41.39759],[2.12631,41.39581],[2.12848,41.39524],[2.13032,41.39645],[2.12999,41.39823],[2.12782,41.3988],[2.12598,41.39759]]]}},{"type":"Feature","properties":{"i":813},"geometry":{"type":"Polygon","coordinates":[[[2.16204,41.38138],[2.16237,41.37961],[2.16454,41.37904],[2.16638,41.38025],[2.16605,41.38202],[2.16388,41.38259],[2.16204,41.38138]]]}},{"type":"Feature","properties":{"i":814},"geometry":{"type":"Polygon","coordinates":[[[2.1258,41.33165],[2.12613,41.32987],[2.1283,41.3293],[2.13014,41.33051],[2.12981,41.33229],[2.12764,41.33286],[2.1258,41.33165]]]}},{"type":"Feature","properties":{"i":815},"geometry":{"type":"Polygon","coordinates":[[[2.18916,41.3912],[2.18949,41.38942],[2.19166,41.38885],[2.19351,41.39006],[2.19318,41.39184],[2.19101,41.39241],[2.18916,41.3912]]]}},{"type":"Feature","properties":{"i":816},"geometry":{"type":"Polygon","coordinates":[[[2.05484,41.42462],[2.05517,41.42284],[2.05734,41.42227],[2.05918,41.42348],[2.05885,41.42526],[2.05668,41.42583],[2.05484,41.42462]]]}},{"type":"Feature","properties":{"i":817},"geometry":{"type":"Polygon","coordinates":[[[2.1119,41.38435],[2.11223,41.38258],[2.1144,41.38201],[2.11624,41.38322],[2.11591,41.385],[2.11374,41.38556],[2.1119,41.38435]]]}},{"type":"Feature","properties":{"i":818},"geometry":{"type":"Polygon","coordinates":[[[2.13354,41.41253],[2.13387,41.41075],[2.13604,41.41018],[2.13789,41.41139],[2.13756,41.41317],[2.13538,41.41374],[2.13354,41.41253]]]}},{"type":"Feature","properties":{"i":819},"geometry":{"type":"Polygon","coordinates":[[[2.09346,41.42807],[2.09379,41.42629],[2.09596,41.42573],[2.0978,41.42694],[2.09747,41.42871],[2.0953,41.42928],[2.09346,41.42807]]]}},{"type":"Feature","properties":{"i":820},"geometry":{"type":"Polygon","coordinates":[[[2.15901,41.37541],[2.15934,41.37363],[2.16151,41.37306],[2.16335,41.37427],[2.16303,41.37605],[2.16085,41.37662],[2.15901,41.37541]]]}},{"type":"Feature","properties":{"i":821},"geometry":{"type":"Polygon","coordinates":[[[2.18666,41.39355],[2.18699,41.39177],[2.18916,41.3912],[2.19101,41.39241],[2.19068,41.39419],[2.1885,41.39476],[2.18666,41.39355]]]}},{"type":"Feature","properties":{"i":822},"geometry":{"type":"Polygon","coordinates":[[[2.13657,41.4185],[2.1369,41.41672],[2.13907,41.41615],[2.14091,41.41736],[2.14058,41.41914],[2.13841,41.41971],[2.13657,41.4185]]]}},{"type":"Feature","properties":{"i":823},"geometry":{"type":"Polygon","coordinates":[[[2.15454,41.38842],[2.15487,41.38665],[2.15704,41.38608],[2.15888,41.38729],[2.15855,41.38906],[2.15638,41.38963],[2.15454,41.38842]]]}},{"type":"Feature","properties":{"i":824},"geometry":{"type":"Polygon","coordinates":[[[2.19637,41.44177],[2.19669,41.43999],[2.19887,41.43942],[2.20071,41.44063],[2.20039,41.44241],[2.19821,41.44298],[2.19637,41.44177]]]}},{"type":"Feature","properties":{"i":825},"geometry":{"type":"Polygon","coordinates":[[[2.12097,41.40228],[2.1213,41.4005],[2.12348,41.39993],[2.12532,41.40114],[2.12499,41.40292],[2.12282,41.40349],[2.12097,41.40228]]]}},{"type":"Feature","properties":{"i":826},"geometry":{"type":"Polygon","coordinates":[[[2.12533,41.34531],[2.12566,41.34353],[2.12783,41.34296],[2.12967,41.34417],[2.12934,41.34595],[2.12717,41.34652],[2.12533,41.34531]]]}},{"type":"Feature","properties":{"i":827},"geometry":{"type":"Polygon","coordinates":[[[2.18363,41.38757],[2.18396,41.38579],[2.18613,41.38522],[2.18797,41.38643],[2.18765,41.38821],[2.18547,41.38878],[2.18363,41.38757]]]}},{"type":"Feature","properties":{"i":828},"geometry":{"type":"Polygon","coordinates":[[[2.19576,41.41147],[2.19608,41.40969],[2.19826,41.40912],[2.2001,41.41033],[2.19977,41.41211],[2.1976,41.41268],[2.19576,41.41147]]]}},{"type":"Feature","properties":{"i":829},"geometry":{"type":"Polygon","coordinates":[[[2.14414,41.43344],[2.14447,41.43166],[2.14664,41.43109],[2.14848,41.4323],[2.14815,41.43408],[2.14598,41.43464],[2.14414,41.43344]]]}},{"type":"Feature","properties":{"i":830},"geometry":{"type":"Polygon","coordinates":[[[2.15421,41.44602],[2.15454,41.44425],[2.15672,41.44368],[2.15856,41.44489],[2.15823,41.44667],[2.15606,41.44723],[2.15421,41.44602]]]}},{"type":"Feature","properties":{"i":831},"geometry":{"type":"Polygon","coordinates":[[[2.14197,41.37818],[2.1423,41.3764],[2.14447,41.37583],[2.14631,41.37704],[2.14598,41.37882],[2.14381,41.37939],[2.14197,41.37818]]]}},{"type":"Feature","properties":{"i":832},"geometry":{"type":"Polygon","coordinates":[[[2.19333,41.43579],[2.19366,41.43402],[2.19583,41.43345],[2.19768,41.43466],[2.19735,41.43644],[2.19518,41.437],[2.19333,41.43579]]]}},{"type":"Feature","properties":{"i":833},"geometry":{"type":"Polygon","coordinates":[[[2.16362,41.40635],[2.16395,41.40457],[2.16612,41.404],[2.16797,41.40521],[2.16764,41.40699],[2.16547,41.40756],[2.16362,41.40635]]]}},{"type":"Feature","properties":{"i":834},"geometry":{"type":"Polygon","coordinates":[[[2.15046,41.3658],[2.15079,41.36403],[2.15296,41.36346],[2.1548,41.36467],[2.15447,41.36644],[2.1523,41.36701],[2.15046,41.3658]]]}},{"type":"Feature","properties":{"i":835},"geometry":{"type":"Polygon","coordinates":[[[2.18166,41.39824],[2.18199,41.39646],[2.18416,41.39589],[2.186,41.3971],[2.18568,41.39888],[2.1835,41.39945],[2.18166,41.39824]]]}},{"type":"Feature","properties":{"i":836},"geometry":{"type":"Polygon","coordinates":[[[2.05583,41.41929],[2.05616,41.41751],[2.05833,41.41694],[2.06017,41.41815],[2.05984,41.41993],[2.05767,41.4205],[2.05583,41.41929]]]}},{"type":"Feature","properties":{"i":837},"geometry":{"type":"Polygon","coordinates":[[[2.15118,41.44005],[2.15151,41.43827],[2.15369,41.43771],[2.15553,41.43892],[2.1552,41.44069],[2.15303,41.44126],[2.15118,41.44005]]]}},{"type":"Feature","properties":{"i":838},"geometry":{"type":"Polygon","coordinates":[[[2.13157,41.42319],[2.13189,41.42141],[2.13407,41.42085],[2.13591,41.42206],[2.13558,41.42383],[2.13341,41.4244],[2.13157,41.42319]]]}},{"type":"Feature","properties":{"i":839},"geometry":{"type":"Polygon","coordinates":[[[2.16993,41.3387],[2.17025,41.33692],[2.17242,41.33635],[2.17427,41.33756],[2.17394,41.33934],[2.17177,41.33991],[2.16993,41.3387]]]}},{"type":"Feature","properties":{"i":840},"geometry":{"type":"Polygon","coordinates":[[[2.14954,41.39312],[2.14987,41.39134],[2.15204,41.39077],[2.15388,41.39198],[2.15355,41.39376],[2.15138,41.39433],[2.14954,41.39312]]]}},{"type":"Feature","properties":{"i":841},"geometry":{"type":"Polygon","coordinates":[[[2.15158,41.40443],[2.15191,41.40265],[2.15408,41.40208],[2.15592,41.40329],[2.15559,41.40507],[2.15342,41.40564],[2.15158,41.40443]]]}},{"type":"Feature","properties":{"i":842},"geometry":{"type":"Polygon","coordinates":[[[2.13638,41.35257],[2.13671,41.35079],[2.13888,41.35022],[2.14072,41.35143],[2.14039,41.35321],[2.13822,41.35378],[2.13638,41.35257]]]}},{"type":"Feature","properties":{"i":843},"geometry":{"type":"Polygon","coordinates":[[[2.16151,41.37306],[2.16184,41.37128],[2.16401,41.37071],[2.16585,41.37192],[2.16553,41.3737],[2.16335,41.37427],[2.16151,41.37306]]]}},{"type":"Feature","properties":{"i":844},"geometry":{"type":"Polygon","coordinates":[[[2.14743,41.35983],[2.14776,41.35805],[2.14993,41.35748],[2.15177,41.35869],[2.15144,41.36047],[2.14927,41.36104],[2.14743,41.35983]]]}},{"type":"Feature","properties":{"i":845},"geometry":{"type":"Polygon","coordinates":[[[2.10627,41.33677],[2.1066,41.33499],[2.10877,41.33442],[2.11061,41.33563],[2.11028,41.33741],[2.10811,41.33798],[2.10627,41.33677]]]}},{"type":"Feature","properties":{"i":846},"geometry":{"type":"Polygon","coordinates":[[[2.1787,41.41425],[2.17903,41.41247],[2.1812,41.4119],[2.18305,41.41311],[2.18272,41.41489],[2.18055,41.41545],[2.1787,41.41425]]]}},{"type":"Feature","properties":{"i":847},"geometry":{"type":"Polygon","coordinates":[[[2.10742,41.39737],[2.10775,41.39559],[2.10992,41.39502],[2.11176,41.39623],[2.11144,41.39801],[2.10926,41.39858],[2.10742,41.39737]]]}},{"type":"Feature","properties":{"i":848},"geometry":{"type":"Polygon","coordinates":[[[2.13749,41.39119],[2.13782,41.38942],[2.13999,41.38885],[2.14184,41.39006],[2.14151,41.39183],[2.13934,41.3924],[2.13749,41.39119]]]}},{"type":"Feature","properties":{"i":849},"geometry":{"type":"Polygon","coordinates":[[[2.15915,41.41936],[2.15948,41.41758],[2.16165,41.41702],[2.16349,41.41823],[2.16317,41.42],[2.16099,41.42057],[2.15915,41.41936]]]}},{"type":"Feature","properties":{"i":850},"geometry":{"type":"Polygon","coordinates":[[[2.16923,41.43195],[2.16955,41.43017],[2.17173,41.42961],[2.17357,41.43081],[2.17324,41.43259],[2.17107,41.43316],[2.16923,41.43195]]]}},{"type":"Feature","properties":{"i":851},"geometry":{"type":"Polygon","coordinates":[[[2.14546,41.3705],[2.14579,41.36872],[2.14796,41.36815],[2.1498,41.36936],[2.14947,41.37114],[2.1473,41.37171],[2.14546,41.3705]]]}},{"type":"Feature","properties":{"i":852},"geometry":{"type":"Polygon","coordinates":[[[2.16545,41.35172],[2.16578,41.34994],[2.16795,41.34937],[2.1698,41.35058],[2.16947,41.35236],[2.1673,41.35293],[2.16545,41.35172]]]}},{"type":"Feature","properties":{"i":853},"geometry":{"type":"Polygon","coordinates":[[[2.20576,41.40208],[2.20609,41.4003],[2.20826,41.39973],[2.21011,41.40094],[2.20978,41.40272],[2.2076,41.40329],[2.20576,41.40208]]]}},{"type":"Feature","properties":{"i":854},"geometry":{"type":"Polygon","coordinates":[[[2.0859,41.41313],[2.08623,41.41136],[2.0884,41.41079],[2.09024,41.412],[2.08991,41.41378],[2.08774,41.41434],[2.0859,41.41313]]]}},{"type":"Feature","properties":{"i":855},"geometry":{"type":"Polygon","coordinates":[[[2.14618,41.44474],[2.14651,41.44296],[2.14868,41.4424],[2.15053,41.44361],[2.1502,41.44538],[2.14802,41.44595],[2.14618,41.44474]]]}},{"type":"Feature","properties":{"i":856},"geometry":{"type":"Polygon","coordinates":[[[2.11702,41.42361],[2.11735,41.42183],[2.11952,41.42126],[2.12136,41.42247],[2.12103,41.42425],[2.11886,41.42482],[2.11702,41.42361]]]}},{"type":"Feature","properties":{"i":857},"geometry":{"type":"Polygon","coordinates":[[[2.1662,41.42598],[2.16652,41.4242],[2.1687,41.42363],[2.17054,41.42484],[2.17021,41.42662],[2.16804,41.42719],[2.1662,41.42598]]]}},{"type":"Feature","properties":{"i":858},"geometry":{"type":"Polygon","coordinates":[[[2.14657,41.40912],[2.1469,41.40734],[2.14908,41.40677],[2.15092,41.40798],[2.15059,41.40976],[2.14842,41.41033],[2.14657,41.40912]]]}},{"type":"Feature","properties":{"i":859},"geometry":{"type":"Polygon","coordinates":[[[2.17832,41.44987],[2.17865,41.44809],[2.18082,41.44753],[2.18267,41.44874],[2.18234,41.45051],[2.18017,41.45108],[2.17832,41.44987]]]}},{"type":"Feature","properties":{"i":860},"geometry":{"type":"Polygon","coordinates":[[[2.20879,41.40806],[2.20912,41.40628],[2.21129,41.40571],[2.21314,41.40692],[2.21281,41.40869],[2.21064,41.40926],[2.20879,41.40806]]]}},{"type":"Feature","properties":{"i":861},"geometry":{"type":"Polygon","coordinates":[[[2.19371,41.40016],[2.19404,41.39838],[2.19621,41.39781],[2.19805,41.39902],[2.19773,41.4008],[2.19555,41.40137],[2.19371,41.40016]]]}},{"type":"Feature","properties":{"i":862},"geometry":{"type":"Polygon","coordinates":[[[2.10294,41.41037],[2.10327,41.4086],[2.10544,41.40803],[2.10728,41.40924],[2.10696,41.41102],[2.10478,41.41158],[2.10294,41.41037]]]}},{"type":"Feature","properties":{"i":863},"geometry":{"type":"Polygon","coordinates":[[[2.13802,41.39951],[2.13835,41.39774],[2.14052,41.39717],[2.14236,41.39838],[2.14203,41.40016],[2.13986,41.40072],[2.13802,41.39951]]]}},{"type":"Feature","properties":{"i":864},"geometry":{"type":"Polygon","coordinates":[[[2.10445,41.41336],[2.10478,41.41158],[2.10696,41.41102],[2.1088,41.41223],[2.10847,41.414],[2.1063,41.41457],[2.10445,41.41336]]]}},{"type":"Feature","properties":{"i":865},"geometry":{"type":"Polygon","coordinates":[[[2.16422,41.43664],[2.16455,41.43487],[2.16672,41.4343],[2.16857,41.43551],[2.16824,41.43728],[2.16607,41.43785],[2.16422,41.43664]]]}},{"type":"Feature","properties":{"i":866},"geometry":{"type":"Polygon","coordinates":[[[2.16046,41.35641],[2.16078,41.35464],[2.16296,41.35407],[2.1648,41.35528],[2.16447,41.35705],[2.1623,41.35762],[2.16046,41.35641]]]}},{"type":"Feature","properties":{"i":867},"geometry":{"type":"Polygon","coordinates":[[[2.12696,41.39226],[2.12729,41.39048],[2.12947,41.38991],[2.13131,41.39112],[2.13098,41.3929],[2.12881,41.39347],[2.12696,41.39226]]]}},{"type":"Feature","properties":{"i":868},"geometry":{"type":"Polygon","coordinates":[[[2.08142,41.42614],[2.08175,41.42436],[2.08392,41.42379],[2.08576,41.42501],[2.08543,41.42678],[2.08326,41.42735],[2.08142,41.42614]]]}},{"type":"Feature","properties":{"i":869},"geometry":{"type":"Polygon","coordinates":[[[2.12592,41.37561],[2.12625,41.37384],[2.12842,41.37327],[2.13026,41.37448],[2.12993,41.37626],[2.12776,41.37682],[2.12592,41.37561]]]}},{"type":"Feature","properties":{"i":870},"geometry":{"type":"Polygon","coordinates":[[[2.14756,41.40378],[2.14789,41.40201],[2.15006,41.40144],[2.15191,41.40265],[2.15158,41.40443],[2.1494,41.40499],[2.14756,41.40378]]]}},{"type":"Feature","properties":{"i":871},"geometry":{"type":"Polygon","coordinates":[[[2.18939,41.45713],[2.18972,41.45535],[2.19189,41.45478],[2.19374,41.45599],[2.19341,41.45777],[2.19124,41.45834],[2.18939,41.45713]]]}},{"type":"Feature","properties":{"i":872},"geometry":{"type":"Polygon","coordinates":[[[2.17303,41.36666],[2.17335,41.36488],[2.17553,41.36431],[2.17737,41.36552],[2.17704,41.3673],[2.17487,41.36787],[2.17303,41.36666]]]}},{"type":"Feature","properties":{"i":873},"geometry":{"type":"Polygon","coordinates":[[[2.20432,41.42107],[2.20465,41.41929],[2.20683,41.41873],[2.20867,41.41993],[2.20834,41.42171],[2.20617,41.42228],[2.20432,41.42107]]]}},{"type":"Feature","properties":{"i":874},"geometry":{"type":"Polygon","coordinates":[[[2.11929,41.33336],[2.11962,41.33158],[2.12179,41.33101],[2.12363,41.33222],[2.1233,41.334],[2.12113,41.33457],[2.11929,41.33336]]]}},{"type":"Feature","properties":{"i":875},"geometry":{"type":"Polygon","coordinates":[[[2.07839,41.42016],[2.07872,41.41839],[2.0809,41.41782],[2.08274,41.41903],[2.08241,41.42081],[2.08023,41.42137],[2.07839,41.42016]]]}},{"type":"Feature","properties":{"i":876},"geometry":{"type":"Polygon","coordinates":[[[2.13348,41.39055],[2.13381,41.38877],[2.13598,41.38821],[2.13782,41.38942],[2.13749,41.39119],[2.13532,41.39176],[2.13348,41.39055]]]}},{"type":"Feature","properties":{"i":877},"geometry":{"type":"Polygon","coordinates":[[[2.13499,41.39354],[2.13532,41.39176],[2.13749,41.39119],[2.13934,41.3924],[2.13901,41.39418],[2.13683,41.39475],[2.13499,41.39354]]]}},{"type":"Feature","properties":{"i":878},"geometry":{"type":"Polygon","coordinates":[[[2.17105,41.37733],[2.17138,41.37555],[2.17355,41.37498],[2.1754,41.37619],[2.17507,41.37797],[2.1729,41.37854],[2.17105,41.37733]]]}},{"type":"Feature","properties":{"i":879},"geometry":{"type":"Polygon","coordinates":[[[2.18014,41.39525],[2.18047,41.39348],[2.18264,41.39291],[2.18449,41.39412],[2.18416,41.39589],[2.18199,41.39646],[2.18014,41.39525]]]}},{"type":"Feature","properties":{"i":880},"geometry":{"type":"Polygon","coordinates":[[[2.15816,41.42469],[2.15849,41.42292],[2.16066,41.42235],[2.16251,41.42356],[2.16218,41.42534],[2.16001,41.4259],[2.15816,41.42469]]]}},{"type":"Feature","properties":{"i":881},"geometry":{"type":"Polygon","coordinates":[[[2.14256,41.40848],[2.14289,41.4067],[2.14506,41.40613],[2.1469,41.40734],[2.14657,41.40912],[2.1444,41.40969],[2.14256,41.40848]]]}},{"type":"Feature","properties":{"i":882},"geometry":{"type":"Polygon","coordinates":[[[2.16757,41.38501],[2.1679,41.38323],[2.17007,41.38266],[2.17191,41.38387],[2.17158,41.38565],[2.16941,41.38622],[2.16757,41.38501]]]}},{"type":"Feature","properties":{"i":883},"geometry":{"type":"Polygon","coordinates":[[[2.11278,41.33506],[2.11311,41.33329],[2.11528,41.33272],[2.11712,41.33393],[2.11679,41.33571],[2.11462,41.33627],[2.11278,41.33506]]]}},{"type":"Feature","properties":{"i":884},"geometry":{"type":"Polygon","coordinates":[[[2.06985,41.41056],[2.07018,41.40878],[2.07235,41.40822],[2.07419,41.40943],[2.07386,41.4112],[2.07169,41.41177],[2.06985,41.41056]]]}},{"type":"Feature","properties":{"i":885},"geometry":{"type":"Polygon","coordinates":[[[2.14559,41.41445],[2.14592,41.41267],[2.14809,41.41211],[2.14993,41.41331],[2.1496,41.41509],[2.14743,41.41566],[2.14559,41.41445]]]}},{"type":"Feature","properties":{"i":886},"geometry":{"type":"Polygon","coordinates":[[[2.16355,41.38437],[2.16388,41.38259],[2.16605,41.38202],[2.1679,41.38323],[2.16757,41.38501],[2.1654,41.38558],[2.16355,41.38437]]]}},{"type":"Feature","properties":{"i":887},"geometry":{"type":"Polygon","coordinates":[[[2.20539,41.43772],[2.20572,41.43594],[2.20789,41.43537],[2.20974,41.43658],[2.20941,41.43835],[2.20723,41.43892],[2.20539,41.43772]]]}},{"type":"Feature","properties":{"i":888},"geometry":{"type":"Polygon","coordinates":[[[2.12231,41.33934],[2.12264,41.33756],[2.12481,41.33699],[2.12665,41.3382],[2.12632,41.33998],[2.12415,41.34054],[2.12231,41.33934]]]}},{"type":"Feature","properties":{"i":889},"geometry":{"type":"Polygon","coordinates":[[[2.14394,41.36751],[2.14427,41.36573],[2.14644,41.36516],[2.14829,41.36637],[2.14796,41.36815],[2.14579,41.36872],[2.14394,41.36751]]]}},{"type":"Feature","properties":{"i":890},"geometry":{"type":"Polygon","coordinates":[[[2.17348,41.353],[2.17381,41.35122],[2.17598,41.35065],[2.17782,41.35186],[2.1775,41.35364],[2.17532,41.35421],[2.17348,41.353]]]}},{"type":"Feature","properties":{"i":891},"geometry":{"type":"Polygon","coordinates":[[[2.19272,41.4055],[2.19305,41.40372],[2.19522,41.40315],[2.19707,41.40436],[2.19674,41.40614],[2.19457,41.40671],[2.19272,41.4055]]]}},{"type":"Feature","properties":{"i":892},"geometry":{"type":"Polygon","coordinates":[[[2.15316,41.42939],[2.15349,41.42761],[2.15566,41.42704],[2.1575,41.42825],[2.15717,41.43003],[2.155,41.4306],[2.15316,41.42939]]]}},{"type":"Feature","properties":{"i":893},"geometry":{"type":"Polygon","coordinates":[[[2.16324,41.44198],[2.16356,41.4402],[2.16574,41.43963],[2.16758,41.44084],[2.16725,41.44262],[2.16508,41.44318],[2.16324,41.44198]]]}},{"type":"Feature","properties":{"i":894},"geometry":{"type":"Polygon","coordinates":[[[2.15151,41.38245],[2.15184,41.38067],[2.15401,41.3801],[2.15585,41.38131],[2.15552,41.38309],[2.15335,41.38366],[2.15151,41.38245]]]}},{"type":"Feature","properties":{"i":895},"geometry":{"type":"Polygon","coordinates":[[[2.17317,41.41062],[2.1735,41.40884],[2.17567,41.40827],[2.17752,41.40948],[2.17719,41.41126],[2.17501,41.41183],[2.17317,41.41062]]]}},{"type":"Feature","properties":{"i":896},"geometry":{"type":"Polygon","coordinates":[[[2.13138,41.35726],[2.13171,41.35549],[2.13388,41.35492],[2.13572,41.35613],[2.13539,41.35791],[2.13322,41.35847],[2.13138,41.35726]]]}},{"type":"Feature","properties":{"i":897},"geometry":{"type":"Polygon","coordinates":[[[2.14934,41.32717],[2.14967,41.32539],[2.15184,41.32482],[2.15368,41.32603],[2.15335,41.32781],[2.15118,41.32838],[2.14934,41.32717]]]}},{"type":"Feature","properties":{"i":898},"geometry":{"type":"Polygon","coordinates":[[[2.20031,41.42043],[2.20063,41.41865],[2.20281,41.41809],[2.20465,41.41929],[2.20432,41.42107],[2.20215,41.42164],[2.20031,41.42043]]]}},{"type":"Feature","properties":{"i":899},"geometry":{"type":"Polygon","coordinates":[[[2.08042,41.43147],[2.08075,41.42969],[2.08293,41.42913],[2.08477,41.43034],[2.08444,41.43211],[2.08227,41.43268],[2.08042,41.43147]]]}},{"type":"Feature","properties":{"i":900},"geometry":{"type":"Polygon","coordinates":[[[2.1602,41.436],[2.16053,41.43422],[2.16271,41.43366],[2.16455,41.43487],[2.16422,41.43664],[2.16205,41.43721],[2.1602,41.436]]]}},{"type":"Feature","properties":{"i":901},"geometry":{"type":"Polygon","coordinates":[[[2.15908,41.39739],[2.15941,41.39561],[2.16158,41.39504],[2.16342,41.39625],[2.1631,41.39803],[2.16092,41.3986],[2.15908,41.39739]]]}},{"type":"Feature","properties":{"i":902},"geometry":{"type":"Polygon","coordinates":[[[2.16059,41.40037],[2.16092,41.3986],[2.1631,41.39803],[2.16494,41.39924],[2.16461,41.40101],[2.16244,41.40158],[2.16059,41.40037]]]}},{"type":"Feature","properties":{"i":903},"geometry":{"type":"Polygon","coordinates":[[[2.13894,41.3722],[2.13927,41.37043],[2.14144,41.36986],[2.14329,41.37107],[2.14296,41.37284],[2.14078,41.37341],[2.13894,41.3722]]]}},{"type":"Feature","properties":{"i":904},"geometry":{"type":"Polygon","coordinates":[[[2.1373,41.32525],[2.13763,41.32347],[2.1398,41.3229],[2.14164,41.32411],[2.14131,41.32589],[2.13914,41.32646],[2.1373,41.32525]]]}},{"type":"Feature","properties":{"i":905},"geometry":{"type":"Polygon","coordinates":[[[2.15894,41.35343],[2.15927,41.35165],[2.16144,41.35108],[2.16328,41.35229],[2.16296,41.35407],[2.16078,41.35464],[2.15894,41.35343]]]}},{"type":"Feature","properties":{"i":906},"geometry":{"type":"Polygon","coordinates":[[[2.0774,41.42549],[2.07773,41.42372],[2.0799,41.42315],[2.08175,41.42436],[2.08142,41.42614],[2.07924,41.4267],[2.0774,41.42549]]]}},{"type":"Feature","properties":{"i":907},"geometry":{"type":"Polygon","coordinates":[[[2.11696,41.40164],[2.11729,41.39986],[2.11946,41.39929],[2.1213,41.4005],[2.12097,41.40228],[2.1188,41.40285],[2.11696,41.40164]]]}},{"type":"Feature","properties":{"i":908},"geometry":{"type":"Polygon","coordinates":[[[2.17825,41.4279],[2.17858,41.42612],[2.18075,41.42555],[2.18259,41.42676],[2.18226,41.42854],[2.18009,41.42911],[2.17825,41.4279]]]}},{"type":"Feature","properties":{"i":909},"geometry":{"type":"Polygon","coordinates":[[[2.14487,41.34019],[2.14519,41.33841],[2.14736,41.33784],[2.14921,41.33905],[2.14888,41.34083],[2.14671,41.3414],[2.14487,41.34019]]]}},{"type":"Feature","properties":{"i":910},"geometry":{"type":"Polygon","coordinates":[[[2.14638,41.34318],[2.14671,41.3414],[2.14888,41.34083],[2.15072,41.34204],[2.15039,41.34382],[2.14822,41.34439],[2.14638,41.34318]]]}},{"type":"Feature","properties":{"i":911},"geometry":{"type":"Polygon","coordinates":[[[2.09544,41.41741],[2.09577,41.41563],[2.09794,41.41506],[2.09978,41.41627],[2.09945,41.41805],[2.09728,41.41862],[2.09544,41.41741]]]}},{"type":"Feature","properties":{"i":912},"geometry":{"type":"Polygon","coordinates":[[[2.21531,41.40635],[2.21564,41.40457],[2.21781,41.404],[2.21966,41.40521],[2.21933,41.40699],[2.21716,41.40756],[2.21531,41.40635]]]}},{"type":"Feature","properties":{"i":913},"geometry":{"type":"Polygon","coordinates":[[[2.1044,41.39139],[2.10473,41.38961],[2.1069,41.38905],[2.10874,41.39026],[2.10841,41.39203],[2.10624,41.3926],[2.1044,41.39139]]]}},{"type":"Feature","properties":{"i":914},"geometry":{"type":"Polygon","coordinates":[[[2.12243,41.38329],[2.12276,41.38152],[2.12493,41.38095],[2.12677,41.38216],[2.12644,41.38394],[2.12427,41.3845],[2.12243,41.38329]]]}},{"type":"Feature","properties":{"i":915},"geometry":{"type":"Polygon","coordinates":[[[2.16454,41.37904],[2.16487,41.37726],[2.16704,41.37669],[2.16888,41.3779],[2.16855,41.37968],[2.16638,41.38025],[2.16454,41.37904]]]}},{"type":"Feature","properties":{"i":916},"geometry":{"type":"Polygon","coordinates":[[[2.17529,41.4439],[2.17562,41.44212],[2.17779,41.44155],[2.17964,41.44276],[2.17931,41.44454],[2.17713,41.44511],[2.17529,41.4439]]]}},{"type":"Feature","properties":{"i":917},"geometry":{"type":"Polygon","coordinates":[[[2.16954,41.37434],[2.16987,41.37256],[2.17204,41.37199],[2.17388,41.3732],[2.17355,41.37498],[2.17138,41.37555],[2.16954,41.37434]]]}},{"type":"Feature","properties":{"i":918},"geometry":{"type":"Polygon","coordinates":[[[2.13231,41.32995],[2.13263,41.32817],[2.1348,41.3276],[2.13665,41.32881],[2.13632,41.33059],[2.13415,41.33116],[2.13231,41.32995]]]}},{"type":"Feature","properties":{"i":919},"geometry":{"type":"Polygon","coordinates":[[[2.21835,41.41232],[2.21867,41.41054],[2.22085,41.40997],[2.22269,41.41118],[2.22237,41.41296],[2.22019,41.41353],[2.21835,41.41232]]]}},{"type":"Feature","properties":{"i":920},"geometry":{"type":"Polygon","coordinates":[[[2.13329,41.32461],[2.13362,41.32283],[2.13579,41.32226],[2.13763,41.32347],[2.1373,41.32525],[2.13513,41.32582],[2.13329,41.32461]]]}},{"type":"Feature","properties":{"i":921},"geometry":{"type":"Polygon","coordinates":[[[2.09241,41.41143],[2.09274,41.40966],[2.09492,41.40909],[2.09676,41.4103],[2.09643,41.41208],[2.09426,41.41264],[2.09241,41.41143]]]}},{"type":"Feature","properties":{"i":922},"geometry":{"type":"Polygon","coordinates":[[[2.11201,41.4283],[2.11234,41.42652],[2.11452,41.42595],[2.11636,41.42716],[2.11603,41.42894],[2.11386,41.42951],[2.11201,41.4283]]]}},{"type":"Feature","properties":{"i":923},"geometry":{"type":"Polygon","coordinates":[[[2.16119,41.43067],[2.16152,41.42889],[2.16369,41.42832],[2.16554,41.42953],[2.16521,41.43131],[2.16304,41.43188],[2.16119,41.43067]]]}},{"type":"Feature","properties":{"i":924},"geometry":{"type":"Polygon","coordinates":[[[2.1315,41.40122],[2.13183,41.39944],[2.134,41.39887],[2.13585,41.40008],[2.13552,41.40186],[2.13335,41.40243],[2.1315,41.40122]]]}},{"type":"Feature","properties":{"i":925},"geometry":{"type":"Polygon","coordinates":[[[2.18287,41.45883],[2.1832,41.45705],[2.18537,41.45649],[2.18722,41.4577],[2.18689,41.45947],[2.18472,41.46004],[2.18287,41.45883]]]}},{"type":"Feature","properties":{"i":926},"geometry":{"type":"Polygon","coordinates":[[[2.15697,41.3641],[2.1573,41.36232],[2.15947,41.36175],[2.16131,41.36296],[2.16098,41.36474],[2.15881,41.36531],[2.15697,41.3641]]]}},{"type":"Feature","properties":{"i":927},"geometry":{"type":"Polygon","coordinates":[[[2.09043,41.42209],[2.09076,41.42032],[2.09293,41.41975],[2.09478,41.42096],[2.09445,41.42274],[2.09227,41.4233],[2.09043,41.42209]]]}},{"type":"Feature","properties":{"i":928},"geometry":{"type":"Polygon","coordinates":[[[2.10899,41.42232],[2.10932,41.42055],[2.11149,41.41998],[2.11333,41.42119],[2.113,41.42297],[2.11083,41.42353],[2.10899,41.42232]]]}},{"type":"Feature","properties":{"i":929},"geometry":{"type":"Polygon","coordinates":[[[2.11743,41.38798],[2.11776,41.38621],[2.11993,41.38564],[2.12177,41.38685],[2.12144,41.38863],[2.11927,41.38919],[2.11743,41.38798]]]}},{"type":"Feature","properties":{"i":930},"geometry":{"type":"Polygon","coordinates":[[[2.20387,41.43473],[2.2042,41.43295],[2.20637,41.43238],[2.20822,41.43359],[2.20789,41.43537],[2.20572,41.43594],[2.20387,41.43473]]]}},{"type":"Feature","properties":{"i":931},"geometry":{"type":"Polygon","coordinates":[[[2.12848,41.39524],[2.12881,41.39347],[2.13098,41.3929],[2.13282,41.39411],[2.13249,41.39589],[2.13032,41.39645],[2.12848,41.39524]]]}},{"type":"Feature","properties":{"i":932},"geometry":{"type":"Polygon","coordinates":[[[2.17028,41.44859],[2.17061,41.44681],[2.17279,41.44624],[2.17463,41.44745],[2.1743,41.44923],[2.17213,41.4498],[2.17028,41.44859]]]}},{"type":"Feature","properties":{"i":933},"geometry":{"type":"Polygon","coordinates":[[[2.1283,41.3293],[2.12862,41.32753],[2.13079,41.32696],[2.13263,41.32817],[2.13231,41.32995],[2.13014,41.33051],[2.1283,41.3293]]]}},{"type":"Feature","properties":{"i":934},"geometry":{"type":"Polygon","coordinates":[[[2.1421,41.42213],[2.14243,41.42035],[2.1446,41.41978],[2.14644,41.42099],[2.14611,41.42277],[2.14394,41.42334],[2.1421,41.42213]]]}},{"type":"Feature","properties":{"i":935},"geometry":{"type":"Polygon","coordinates":[[[2.19189,41.45478],[2.19222,41.453],[2.1944,41.45243],[2.19624,41.45364],[2.19591,41.45542],[2.19374,41.45599],[2.19189,41.45478]]]}},{"type":"Feature","properties":{"i":936},"geometry":{"type":"Polygon","coordinates":[[[2.14105,41.40549],[2.14137,41.40371],[2.14355,41.40314],[2.14539,41.40435],[2.14506,41.40613],[2.14289,41.4067],[2.14105,41.40549]]]}},{"type":"Feature","properties":{"i":937},"geometry":{"type":"Polygon","coordinates":[[[2.19129,41.42449],[2.19161,41.42271],[2.19379,41.42214],[2.19563,41.42335],[2.1953,41.42513],[2.19313,41.4257],[2.19129,41.42449]]]}},{"type":"Feature","properties":{"i":938},"geometry":{"type":"Polygon","coordinates":[[[2.1144,41.38201],[2.11473,41.38023],[2.1169,41.37966],[2.11874,41.38087],[2.11841,41.38265],[2.11624,41.38322],[2.1144,41.38201]]]}},{"type":"Feature","properties":{"i":939},"geometry":{"type":"Polygon","coordinates":[[[2.12842,41.37327],[2.12875,41.37149],[2.13092,41.37092],[2.13276,41.37213],[2.13243,41.37391],[2.13026,41.37448],[2.12842,41.37327]]]}},{"type":"Feature","properties":{"i":940},"geometry":{"type":"Polygon","coordinates":[[[2.12703,41.41423],[2.12736,41.41245],[2.12953,41.41188],[2.13137,41.41309],[2.13104,41.41487],[2.12887,41.41544],[2.12703,41.41423]]]}},{"type":"Feature","properties":{"i":941},"geometry":{"type":"Polygon","coordinates":[[[2.18924,41.41318],[2.18957,41.4114],[2.19174,41.41083],[2.19358,41.41204],[2.19326,41.41382],[2.19108,41.41439],[2.18924,41.41318]]]}},{"type":"Feature","properties":{"i":942},"geometry":{"type":"Polygon","coordinates":[[[2.13907,41.41615],[2.1394,41.41438],[2.14157,41.41381],[2.14341,41.41502],[2.14309,41.4168],[2.14091,41.41736],[2.13907,41.41615]]]}},{"type":"Feature","properties":{"i":943},"geometry":{"type":"Polygon","coordinates":[[[2.12103,41.42425],[2.12136,41.42247],[2.12354,41.42191],[2.12538,41.42312],[2.12505,41.42489],[2.12288,41.42546],[2.12103,41.42425]]]}},{"type":"Feature","properties":{"i":944},"geometry":{"type":"Polygon","coordinates":[[[2.19887,41.43942],[2.1992,41.43764],[2.20137,41.43708],[2.20322,41.43828],[2.20289,41.44006],[2.20071,41.44063],[2.19887,41.43942]]]}},{"type":"Feature","properties":{"i":945},"geometry":{"type":"Polygon","coordinates":[[[2.14802,41.39013],[2.14835,41.38835],[2.15052,41.38778],[2.15237,41.38899],[2.15204,41.39077],[2.14987,41.39134],[2.14802,41.39013]]]}},{"type":"Feature","properties":{"i":946},"geometry":{"type":"Polygon","coordinates":[[[2.124,41.40825],[2.12433,41.40648],[2.1265,41.40591],[2.12834,41.40712],[2.12801,41.4089],[2.12584,41.40946],[2.124,41.40825]]]}},{"type":"Feature","properties":{"i":947},"geometry":{"type":"Polygon","coordinates":[[[2.14388,41.34553],[2.14421,41.34375],[2.14638,41.34318],[2.14822,41.34439],[2.14789,41.34617],[2.14572,41.34674],[2.14388,41.34553]]]}},{"type":"Feature","properties":{"i":948},"geometry":{"type":"Polygon","coordinates":[[[2.10638,41.38073],[2.10671,41.37895],[2.10888,41.37838],[2.11072,41.37959],[2.11039,41.38137],[2.10822,41.38194],[2.10638,41.38073]]]}},{"type":"Feature","properties":{"i":949},"geometry":{"type":"Polygon","coordinates":[[[2.17514,41.39995],[2.17547,41.39817],[2.17764,41.3976],[2.17949,41.39881],[2.17916,41.40059],[2.17699,41.40116],[2.17514,41.39995]]]}},{"type":"Feature","properties":{"i":950},"geometry":{"type":"Polygon","coordinates":[[[2.18621,41.4072],[2.18653,41.40543],[2.18871,41.40486],[2.19055,41.40607],[2.19022,41.40784],[2.18805,41.40841],[2.18621,41.4072]]]}},{"type":"Feature","properties":{"i":951},"geometry":{"type":"Polygon","coordinates":[[[2.13762,41.43514],[2.13795,41.43336],[2.14012,41.43279],[2.14197,41.434],[2.14164,41.43578],[2.13946,41.43635],[2.13762,41.43514]]]}},{"type":"Feature","properties":{"i":952},"geometry":{"type":"Polygon","coordinates":[[[2.15672,41.44368],[2.15704,41.4419],[2.15922,41.44133],[2.16106,41.44254],[2.16073,41.44432],[2.15856,41.44489],[2.15672,41.44368]]]}},{"type":"Feature","properties":{"i":953},"geometry":{"type":"Polygon","coordinates":[[[2.18681,41.4375],[2.18714,41.43572],[2.18931,41.43515],[2.19116,41.43636],[2.19083,41.43814],[2.18866,41.43871],[2.18681,41.4375]]]}},{"type":"Feature","properties":{"i":954},"geometry":{"type":"Polygon","coordinates":[[[2.145,41.38415],[2.14532,41.38238],[2.1475,41.38181],[2.14934,41.38302],[2.14901,41.3848],[2.14684,41.38536],[2.145,41.38415]]]}},{"type":"Feature","properties":{"i":955},"geometry":{"type":"Polygon","coordinates":[[[2.15711,41.40805],[2.15744,41.40628],[2.15961,41.40571],[2.16145,41.40692],[2.16112,41.4087],[2.15895,41.40926],[2.15711,41.40805]]]}},{"type":"Feature","properties":{"i":956},"geometry":{"type":"Polygon","coordinates":[[[2.13132,41.33528],[2.13165,41.3335],[2.13382,41.33293],[2.13566,41.33414],[2.13533,41.33592],[2.13316,41.33649],[2.13132,41.33528]]]}},{"type":"Feature","properties":{"i":957},"geometry":{"type":"Polygon","coordinates":[[[2.15296,41.36346],[2.15329,41.36168],[2.15546,41.36111],[2.1573,41.36232],[2.15697,41.3641],[2.1548,41.36467],[2.15296,41.36346]]]}},{"type":"Feature","properties":{"i":958},"geometry":{"type":"Polygon","coordinates":[[[2.17211,41.39397],[2.17244,41.3922],[2.17461,41.39163],[2.17646,41.39284],[2.17613,41.39461],[2.17396,41.39518],[2.17211,41.39397]]]}},{"type":"Feature","properties":{"i":959},"geometry":{"type":"Polygon","coordinates":[[[2.18424,41.41787],[2.18456,41.41609],[2.18674,41.41553],[2.18858,41.41674],[2.18825,41.41851],[2.18608,41.41908],[2.18424,41.41787]]]}},{"type":"Feature","properties":{"i":960},"geometry":{"type":"Polygon","coordinates":[[[2.07391,41.43317],[2.07424,41.43139],[2.07641,41.43082],[2.07825,41.43203],[2.07792,41.43381],[2.07575,41.43438],[2.07391,41.43317]]]}},{"type":"Feature","properties":{"i":961},"geometry":{"type":"Polygon","coordinates":[[[2.20424,41.39909],[2.20457,41.39731],[2.20674,41.39675],[2.20859,41.39795],[2.20826,41.39973],[2.20609,41.4003],[2.20424,41.39909]]]}},{"type":"Feature","properties":{"i":962},"geometry":{"type":"Polygon","coordinates":[[[2.05833,41.41694],[2.05866,41.41517],[2.06083,41.4146],[2.06267,41.41581],[2.06234,41.41759],[2.06017,41.41815],[2.05833,41.41694]]]}},{"type":"Feature","properties":{"i":963},"geometry":{"type":"Polygon","coordinates":[[[2.13459,41.42916],[2.13492,41.42739],[2.13709,41.42682],[2.13894,41.42803],[2.13861,41.42981],[2.13644,41.43037],[2.13459,41.42916]]]}},{"type":"Feature","properties":{"i":964},"geometry":{"type":"Polygon","coordinates":[[[2.14466,41.44175],[2.14499,41.43998],[2.14717,41.43941],[2.14901,41.44062],[2.14868,41.4424],[2.14651,41.44296],[2.14466,41.44175]]]}},{"type":"Feature","properties":{"i":965},"geometry":{"type":"Polygon","coordinates":[[[2.14302,41.39482],[2.14335,41.39304],[2.14552,41.39248],[2.14736,41.39369],[2.14704,41.39546],[2.14486,41.39603],[2.14302,41.39482]]]}},{"type":"Feature","properties":{"i":966},"geometry":{"type":"Polygon","coordinates":[[[2.14065,41.44111],[2.14098,41.43933],[2.14315,41.43877],[2.14499,41.43998],[2.14466,41.44175],[2.14249,41.44232],[2.14065,41.44111]]]}},{"type":"Feature","properties":{"i":967},"geometry":{"type":"Polygon","coordinates":[[[2.13888,41.35022],[2.13921,41.34844],[2.14138,41.34788],[2.14322,41.34909],[2.14289,41.35086],[2.14072,41.35143],[2.13888,41.35022]]]}},{"type":"Feature","properties":{"i":968},"geometry":{"type":"Polygon","coordinates":[[[2.14092,41.36153],[2.14125,41.35976],[2.14342,41.35919],[2.14526,41.3604],[2.14493,41.36218],[2.14276,41.36274],[2.14092,41.36153]]]}},{"type":"Feature","properties":{"i":969},"geometry":{"type":"Polygon","coordinates":[[[2.1812,41.4119],[2.18153,41.41012],[2.18371,41.40955],[2.18555,41.41076],[2.18522,41.41254],[2.18305,41.41311],[2.1812,41.4119]]]}},{"type":"Feature","properties":{"i":970},"geometry":{"type":"Polygon","coordinates":[[[2.06135,41.42292],[2.06168,41.42114],[2.06385,41.42058],[2.06569,41.42179],[2.06536,41.42356],[2.06319,41.42413],[2.06135,41.42292]]]}},{"type":"Feature","properties":{"i":971},"geometry":{"type":"Polygon","coordinates":[[[2.19015,41.38586],[2.19047,41.38409],[2.19265,41.38352],[2.19449,41.38473],[2.19416,41.3865],[2.19199,41.38707],[2.19015,41.38586]]]}},{"type":"Feature","properties":{"i":972},"geometry":{"type":"Polygon","coordinates":[[[2.20121,41.39312],[2.20154,41.39134],[2.20371,41.39077],[2.20556,41.39198],[2.20523,41.39376],[2.20306,41.39433],[2.20121,41.39312]]]}},{"type":"Feature","properties":{"i":973},"geometry":{"type":"Polygon","coordinates":[[[2.10091,41.39907],[2.10124,41.39729],[2.10341,41.39672],[2.10525,41.39793],[2.10492,41.39971],[2.10275,41.40028],[2.10091,41.39907]]]}},{"type":"Feature","properties":{"i":974},"geometry":{"type":"Polygon","coordinates":[[[2.16817,41.41531],[2.1685,41.41353],[2.17067,41.41296],[2.17251,41.41417],[2.17218,41.41595],[2.17001,41.41652],[2.16817,41.41531]]]}},{"type":"Feature","properties":{"i":975},"geometry":{"type":"Polygon","coordinates":[[[2.12807,41.43087],[2.1284,41.42909],[2.13058,41.42852],[2.13242,41.42973],[2.13209,41.43151],[2.12992,41.43208],[2.12807,41.43087]]]}},{"type":"Feature","properties":{"i":976},"geometry":{"type":"Polygon","coordinates":[[[2.14848,41.37647],[2.14881,41.3747],[2.15098,41.37413],[2.15283,41.37534],[2.1525,41.37711],[2.15033,41.37768],[2.14848,41.37647]]]}},{"type":"Feature","properties":{"i":977},"geometry":{"type":"Polygon","coordinates":[[[2.18712,41.37989],[2.18744,41.37811],[2.18962,41.37754],[2.19146,41.37875],[2.19113,41.38053],[2.18896,41.3811],[2.18712,41.37989]]]}},{"type":"Feature","properties":{"i":978},"geometry":{"type":"Polygon","coordinates":[[[2.19924,41.40379],[2.19957,41.40201],[2.20174,41.40144],[2.20359,41.40265],[2.20326,41.40443],[2.20109,41.405],[2.19924,41.40379]]]}},{"type":"Feature","properties":{"i":979},"geometry":{"type":"Polygon","coordinates":[[[2.15092,41.35214],[2.15125,41.35037],[2.15342,41.3498],[2.15526,41.35101],[2.15493,41.35279],[2.15276,41.35335],[2.15092,41.35214]]]}},{"type":"Feature","properties":{"i":980},"geometry":{"type":"Polygon","coordinates":[[[2.08892,41.41911],[2.08925,41.41733],[2.09142,41.41676],[2.09326,41.41797],[2.09293,41.41975],[2.09076,41.42032],[2.08892,41.41911]]]}},{"type":"Feature","properties":{"i":981},"geometry":{"type":"Polygon","coordinates":[[[2.13966,41.44644],[2.13999,41.44467],[2.14216,41.4441],[2.14401,41.44531],[2.14368,41.44709],[2.1415,41.44765],[2.13966,41.44644]]]}},{"type":"Feature","properties":{"i":982},"geometry":{"type":"Polygon","coordinates":[[[2.12604,41.41956],[2.12637,41.41778],[2.12854,41.41722],[2.13038,41.41843],[2.13005,41.4202],[2.12788,41.42077],[2.12604,41.41956]]]}},{"type":"Feature","properties":{"i":983},"geometry":{"type":"Polygon","coordinates":[[[2.17522,41.42193],[2.17554,41.42015],[2.17772,41.41958],[2.17956,41.42079],[2.17923,41.42257],[2.17706,41.42313],[2.17522,41.42193]]]}},{"type":"Feature","properties":{"i":984},"geometry":{"type":"Polygon","coordinates":[[[2.1969,41.45009],[2.19723,41.44831],[2.1994,41.44774],[2.20125,41.44895],[2.20092,41.45073],[2.19874,41.4513],[2.1969,41.45009]]]}},{"type":"Feature","properties":{"i":985},"geometry":{"type":"Polygon","coordinates":[[[2.13564,41.4458],[2.13597,41.44402],[2.13815,41.44346],[2.13999,41.44467],[2.13966,41.44644],[2.13749,41.44701],[2.13564,41.4458]]]}},{"type":"Feature","properties":{"i":986},"geometry":{"type":"Polygon","coordinates":[[[2.15394,41.35812],[2.15427,41.35634],[2.15644,41.35577],[2.15828,41.35698],[2.15796,41.35876],[2.15579,41.35933],[2.15394,41.35812]]]}},{"type":"Feature","properties":{"i":987},"geometry":{"type":"Polygon","coordinates":[[[2.21183,41.41403],[2.21216,41.41225],[2.21433,41.41168],[2.21617,41.41289],[2.21585,41.41467],[2.21367,41.41524],[2.21183,41.41403]]]}},{"type":"Feature","properties":{"i":988},"geometry":{"type":"Polygon","coordinates":[[[2.05686,41.43592],[2.0572,41.43414],[2.05937,41.43358],[2.06121,41.43479],[2.06088,41.43656],[2.05871,41.43713],[2.05686,41.43592]]]}},{"type":"Feature","properties":{"i":989},"geometry":{"type":"Polygon","coordinates":[[[2.07485,41.40587],[2.07518,41.40409],[2.07735,41.40353],[2.0792,41.40474],[2.07886,41.40652],[2.07669,41.40708],[2.07485,41.40587]]]}},{"type":"Feature","properties":{"i":990},"geometry":{"type":"Polygon","coordinates":[[[2.07636,41.40886],[2.07669,41.40708],[2.07886,41.40652],[2.08071,41.40773],[2.08038,41.4095],[2.0782,41.41007],[2.07636,41.40886]]]}},{"type":"Feature","properties":{"i":991},"geometry":{"type":"Polygon","coordinates":[[[2.11196,41.40633],[2.11229,41.40455],[2.11446,41.40398],[2.1163,41.40519],[2.11597,41.40697],[2.1138,41.40754],[2.11196,41.40633]]]}},{"type":"Feature","properties":{"i":992},"geometry":{"type":"Polygon","coordinates":[[[2.12301,41.41359],[2.12334,41.41181],[2.12551,41.41124],[2.12736,41.41245],[2.12703,41.41423],[2.12485,41.4148],[2.12301,41.41359]]]}},{"type":"Feature","properties":{"i":993},"geometry":{"type":"Polygon","coordinates":[[[2.18279,41.43686],[2.18312,41.43508],[2.1853,41.43451],[2.18714,41.43572],[2.18681,41.4375],[2.18464,41.43807],[2.18279,41.43686]]]}},{"type":"Feature","properties":{"i":994},"geometry":{"type":"Polygon","coordinates":[[[2.13144,41.37924],[2.13177,41.37746],[2.13394,41.3769],[2.13578,41.37811],[2.13546,41.37988],[2.13328,41.38045],[2.13144,41.37924]]]}},{"type":"Feature","properties":{"i":995},"geometry":{"type":"Polygon","coordinates":[[[2.18431,41.43985],[2.18464,41.43807],[2.18681,41.4375],[2.18866,41.43871],[2.18833,41.44049],[2.18616,41.44106],[2.18431,41.43985]]]}}]}