{"type":"FeatureCollection","features":[{"type":"Feature","id":0,"geometry":{"type":"Polygon","coordinates":[[[9.26266,45.43877],[9.26455,45.43974],[9.26659,45.43916],[9.26677,45.43761],[9.26488,45.43664],[9.26283,45.43722],[9.26266,45.43877]]]},"properties":{"cdi":0.149,"o_score_pt":1086.9,"o_score_car":1468.2,"population":631}},{"type":"Feature","id":1,"geometry":{"type":"Polygon","coordinates":[[[9.25177,45.43152],[9.25196,45.43162],[9.25196,45.43162],[9.25177,45.43152],[9.25177,45.43152]]]},"properties":{"cdi":0.04,"o_score_pt":1466.5,"o_score_car":1588.1,"population":1}},{"type":"Feature","id":2,"geometry":{"type":"Polygon","coordinates":[[[9.26268,45.43526],[9.26287,45.43536],[9.26287,45.43536],[9.26268,45.43526],[9.26268,45.43526]]]},"properties":{"cdi":0.157,"o_score_pt":1050,"o_score_car":1441.5,"population":0}},{"type":"Feature","id":3,"geometry":{"type":"Polygon","coordinates":[[[9.2634,45.44877],[9.2636,45.44888],[9.2636,45.44888],[9.2634,45.44877],[9.2634,45.44877]]]},"properties":{"cdi":0.991,"o_score_pt":6.9,"o_score_car":1552.9,"population":1}},{"type":"Feature","id":4,"geometry":{"type":"Polygon","coordinates":[[[9.25254,45.44851],[9.25437,45.44945],[9.25634,45.44889],[9.25651,45.4474],[9.25468,45.44646],[9.25271,45.44702],[9.25254,45.44851]]]},"properties":{"cdi":0.153,"o_score_pt":1231.9,"o_score_car":1676.4,"population":519}},{"type":"Feature","id":5,"geometry":{"type":"Polygon","coordinates":[[[9.24998,45.44234],[9.25067,45.4427],[9.25127,45.44253],[9.25132,45.44207],[9.25063,45.44171],[9.25003,45.44188],[9.24998,45.44234]]]},"properties":{"cdi":0.13,"o_score_pt":1152.6,"o_score_car":1498,"population":14}},{"type":"Feature","id":6,"geometry":{"type":"Polygon","coordinates":[[[9.25058,45.44564],[9.25243,45.4466],[9.25443,45.44603],[9.2546,45.44452],[9.25275,45.44356],[9.25075,45.44413],[9.25058,45.44564]]]},"properties":{"cdi":0.162,"o_score_pt":1145.6,"o_score_car":1587.4,"population":557}},{"type":"Feature","id":7,"geometry":{"type":"Polygon","coordinates":[[[9.05219,45.45234],[9.05239,45.45244],[9.05239,45.45244],[9.05219,45.45234],[9.05219,45.45234]]]},"properties":{"cdi":0.793,"o_score_pt":156.4,"o_score_car":1355,"population":0}},{"type":"Feature","id":8,"geometry":{"type":"Polygon","coordinates":[[[9.24994,45.42348],[9.25057,45.42381],[9.25108,45.42366],[9.25113,45.42327],[9.2505,45.42295],[9.24999,45.42309],[9.24994,45.42348]]]},"properties":{"cdi":0.219,"o_score_pt":996.7,"o_score_car":1554.7,"population":11}},{"type":"Feature","id":9,"geometry":{"type":"Polygon","coordinates":[[[9.23594,45.41724],[9.23757,45.41808],[9.2393,45.41758],[9.23945,45.41627],[9.23782,45.41543],[9.23609,45.41593],[9.23594,45.41724]]]},"properties":{"cdi":0.183,"o_score_pt":1014.9,"o_score_car":1471.1,"population":279}},{"type":"Feature","id":10,"geometry":{"type":"Polygon","coordinates":[[[9.24772,45.42582],[9.24807,45.426],[9.24824,45.42595],[9.24826,45.42582],[9.24791,45.42564],[9.24774,45.42569],[9.24772,45.42582]]]},"properties":{"cdi":0.121,"o_score_pt":1247,"o_score_car":1589.7,"population":4}},{"type":"Feature","id":11,"geometry":{"type":"Polygon","coordinates":[[[9.23481,45.41922],[9.23522,45.41943],[9.23546,45.41936],[9.23548,45.41917],[9.23508,45.41896],[9.23483,45.41903],[9.23481,45.41922]]]},"properties":{"cdi":0.225,"o_score_pt":959.6,"o_score_car":1516.4,"population":5}},{"type":"Feature","id":12,"geometry":{"type":"Polygon","coordinates":[[[9.24011,45.4555],[9.24221,45.45658],[9.2445,45.45593],[9.24469,45.45419],[9.2426,45.45311],[9.24031,45.45377],[9.24011,45.4555]]]},"properties":{"cdi":0.123,"o_score_pt":1341.6,"o_score_car":1716.5,"population":1193}},{"type":"Feature","id":13,"geometry":{"type":"Polygon","coordinates":[[[9.25208,45.4589],[9.25326,45.45951],[9.25444,45.45917],[9.25455,45.45828],[9.25336,45.45767],[9.25218,45.45801],[9.25208,45.4589]]]},"properties":{"cdi":0.081,"o_score_pt":1171.1,"o_score_car":1376.5,"population":67}},{"type":"Feature","id":14,"geometry":{"type":"Polygon","coordinates":[[[9.23892,45.45238],[9.24037,45.45313],[9.24188,45.4527],[9.24201,45.45156],[9.24056,45.45081],[9.23905,45.45124],[9.23892,45.45238]]]},"properties":{"cdi":0.19,"o_score_pt":1162.3,"o_score_car":1707.9,"population":157}},{"type":"Feature","id":15,"geometry":{"type":"Polygon","coordinates":[[[9.23018,45.45144],[9.23143,45.45208],[9.23269,45.45172],[9.2328,45.45076],[9.23156,45.45012],[9.23029,45.45048],[9.23018,45.45144]]]},"properties":{"cdi":0.144,"o_score_pt":1242,"o_score_car":1659.6,"population":83}},{"type":"Feature","id":16,"geometry":{"type":"Polygon","coordinates":[[[9.24772,45.44819],[9.24984,45.44928],[9.25217,45.44862],[9.25237,45.44686],[9.25024,45.44576],[9.24792,45.44643],[9.24772,45.44819]]]},"properties":{"cdi":0.15,"o_score_pt":1180.2,"o_score_car":1597.8,"population":1310}},{"type":"Feature","id":17,"geometry":{"type":"Polygon","coordinates":[[[9.24025,45.46569],[9.24117,45.46617],[9.24204,45.46592],[9.24212,45.46526],[9.2412,45.46479],[9.24033,45.46504],[9.24025,45.46569]]]},"properties":{"cdi":0.07,"o_score_pt":1572.2,"o_score_car":1808.7,"population":29}},{"type":"Feature","id":18,"geometry":{"type":"Polygon","coordinates":[[[9.24216,45.46858],[9.24311,45.46907],[9.24401,45.46881],[9.24409,45.46813],[9.24314,45.46764],[9.24224,45.4679],[9.24216,45.46858]]]},"properties":{"cdi":0.144,"o_score_pt":1363.9,"o_score_car":1821.5,"population":32}},{"type":"Feature","id":19,"geometry":{"type":"Polygon","coordinates":[[[9.24904,45.4615],[9.25065,45.46233],[9.25235,45.46185],[9.25249,45.46056],[9.25088,45.45973],[9.24919,45.46022],[9.24904,45.4615]]]},"properties":{"cdi":0.074,"o_score_pt":1191.2,"o_score_car":1380.8,"population":258}},{"type":"Feature","id":20,"geometry":{"type":"Polygon","coordinates":[[[9.22793,45.4624],[9.23007,45.46351],[9.23242,45.46284],[9.23262,45.46107],[9.23048,45.45996],[9.22813,45.46063],[9.22793,45.4624]]]},"properties":{"cdi":0.121,"o_score_pt":1552.4,"o_score_car":1981.3,"population":1931}},{"type":"Feature","id":21,"geometry":{"type":"Polygon","coordinates":[[[9.26801,45.46803],[9.2682,45.46813],[9.2682,45.46813],[9.26801,45.46803],[9.26801,45.46803]]]},"properties":{"cdi":0.182,"o_score_pt":973.8,"o_score_car":1407.9,"population":1}},{"type":"Feature","id":22,"geometry":{"type":"Polygon","coordinates":[[[9.26374,45.46241],[9.26427,45.46268],[9.26468,45.46257],[9.26471,45.46226],[9.26418,45.46199],[9.26377,45.4621],[9.26374,45.46241]]]},"properties":{"cdi":0.382,"o_score_pt":757.8,"o_score_car":1694.5,"population":8}},{"type":"Feature","id":23,"geometry":{"type":"Polygon","coordinates":[[[9.26607,45.46516],[9.26626,45.46526],[9.26626,45.46526],[9.26607,45.46516],[9.26607,45.46516]]]},"properties":{"cdi":0.22,"o_score_pt":831.5,"o_score_car":1300.1,"population":0}},{"type":"Feature","id":24,"geometry":{"type":"Polygon","coordinates":[[[9.22588,45.4407],[9.22802,45.44181],[9.23037,45.44114],[9.23057,45.43936],[9.22843,45.43826],[9.22609,45.43893],[9.22588,45.4407]]]},"properties":{"cdi":0.045,"o_score_pt":1649,"o_score_car":1804.2,"population":1998}},{"type":"Feature","id":25,"geometry":{"type":"Polygon","coordinates":[[[9.24447,45.43711],[9.24658,45.4382],[9.24888,45.43754],[9.24908,45.4358],[9.24697,45.43471],[9.24467,45.43537],[9.24447,45.43711]]]},"properties":{"cdi":0.089,"o_score_pt":1293.6,"o_score_car":1547.9,"population":1229}},{"type":"Feature","id":26,"geometry":{"type":"Polygon","coordinates":[[[9.23611,45.43605],[9.23769,45.43686],[9.23935,45.43638],[9.2395,45.43513],[9.23792,45.43431],[9.23626,45.43479],[9.23611,45.43605]]]},"properties":{"cdi":0.062,"o_score_pt":1503.2,"o_score_car":1703.2,"population":235}},{"type":"Feature","id":27,"geometry":{"type":"Polygon","coordinates":[[[9.22424,45.42911],[9.22498,45.42949],[9.22563,45.42931],[9.22568,45.42882],[9.22494,45.42844],[9.2243,45.42862],[9.22424,45.42911]]]},"properties":{"cdi":0.146,"o_score_pt":1252.8,"o_score_car":1679.8,"population":16}},{"type":"Feature","id":28,"geometry":{"type":"Polygon","coordinates":[[[9.23383,45.42978],[9.23403,45.42988],[9.23403,45.42988],[9.23383,45.42978],[9.23383,45.42978]]]},"properties":{"cdi":0.119,"o_score_pt":1246.8,"o_score_car":1584.7,"population":0}},{"type":"Feature","id":29,"geometry":{"type":"Polygon","coordinates":[[[9.23504,45.43289],[9.23587,45.43332],[9.23663,45.43311],[9.2367,45.43253],[9.23586,45.4321],[9.2351,45.43231],[9.23504,45.43289]]]},"properties":{"cdi":0.036,"o_score_pt":1322.8,"o_score_car":1421.3,"population":22}},{"type":"Feature","id":30,"geometry":{"type":"Polygon","coordinates":[[[9.22334,45.44314],[9.22548,45.44425],[9.22782,45.44358],[9.22802,45.44181],[9.22588,45.4407],[9.22354,45.44137],[9.22334,45.44314]]]},"properties":{"cdi":0.041,"o_score_pt":1677.2,"o_score_car":1820.3,"population":2818}},{"type":"Feature","id":31,"geometry":{"type":"Polygon","coordinates":[[[9.23517,45.44659],[9.23651,45.44728],[9.23789,45.44689],[9.238,45.44585],[9.23666,45.44516],[9.23529,45.44555],[9.23517,45.44659]]]},"properties":{"cdi":0.122,"o_score_pt":1222.9,"o_score_car":1561.9,"population":111}},{"type":"Feature","id":32,"geometry":{"type":"Polygon","coordinates":[[[9.2214,45.44027],[9.22354,45.44137],[9.22588,45.4407],[9.22609,45.43893],[9.22395,45.43783],[9.2216,45.43849],[9.2214,45.44027]]]},"properties":{"cdi":-0.037,"o_score_pt":1889.2,"o_score_car":1755.1,"population":2285}},{"type":"Feature","id":33,"geometry":{"type":"Polygon","coordinates":[[[9.21243,45.4394],[9.21457,45.4405],[9.21692,45.43983],[9.21712,45.43806],[9.21498,45.43696],[9.21263,45.43762],[9.21243,45.4394]]]},"properties":{"cdi":0.058,"o_score_pt":1587.6,"o_score_car":1784.6,"population":2871}},{"type":"Feature","id":34,"geometry":{"type":"Polygon","coordinates":[[[9.20093,45.39974],[9.20121,45.39988],[9.20129,45.39986],[9.2013,45.39978],[9.20103,45.39964],[9.20094,45.39967],[9.20093,45.39974]]]},"properties":{"cdi":0.441,"o_score_pt":554,"o_score_car":1428,"population":3}},{"type":"Feature","id":35,"geometry":{"type":"Polygon","coordinates":[[[9.19776,45.38864],[9.19796,45.38874],[9.19796,45.38874],[9.19776,45.38864],[9.19776,45.38864]]]},"properties":{"cdi":1,"o_score_pt":0,"o_score_car":1298.7,"population":0}},{"type":"Feature","id":36,"geometry":{"type":"Polygon","coordinates":[[[9.19847,45.40215],[9.19867,45.40225],[9.19867,45.40225],[9.19847,45.40215],[9.19847,45.40215]]]},"properties":{"cdi":0.995,"o_score_pt":3.3,"o_score_car":1428,"population":1}},{"type":"Feature","id":37,"geometry":{"type":"Polygon","coordinates":[[[9.2092,45.40595],[9.20955,45.40613],[9.20972,45.40608],[9.20974,45.40595],[9.20939,45.40577],[9.20922,45.40582],[9.2092,45.40595]]]},"properties":{"cdi":0.397,"o_score_pt":619.9,"o_score_car":1437.1,"population":4}},{"type":"Feature","id":38,"geometry":{"type":"Polygon","coordinates":[[[9.19654,45.39927],[9.19673,45.39938],[9.19673,45.39938],[9.19654,45.39927],[9.19654,45.39927]]]},"properties":{"cdi":1,"o_score_pt":0,"o_score_car":1428,"population":0}},{"type":"Feature","id":39,"geometry":{"type":"Polygon","coordinates":[[[9.18758,45.3984],[9.18777,45.3985],[9.18777,45.3985],[9.18758,45.3984],[9.18758,45.3984]]]},"properties":{"cdi":0.514,"o_score_pt":357.8,"o_score_car":1115.1,"population":0}},{"type":"Feature","id":40,"geometry":{"type":"Polygon","coordinates":[[[9.18829,45.41192],[9.18848,45.41202],[9.18848,45.41202],[9.18829,45.41192],[9.18829,45.41192]]]},"properties":{"cdi":0.994,"o_score_pt":3.9,"o_score_car":1211.7,"population":0}},{"type":"Feature","id":41,"geometry":{"type":"Polygon","coordinates":[[[9.19725,45.41279],[9.19745,45.41289],[9.19745,45.41289],[9.19725,45.41279],[9.19725,45.41279]]]},"properties":{"cdi":0.999,"o_score_pt":0.3,"o_score_car":1096.6,"population":0}},{"type":"Feature","id":42,"geometry":{"type":"Polygon","coordinates":[[[9.19919,45.41567],[9.19938,45.41577],[9.19938,45.41577],[9.19919,45.41567],[9.19919,45.41567]]]},"properties":{"cdi":0.328,"o_score_pt":795.1,"o_score_car":1572.4,"population":0}},{"type":"Feature","id":43,"geometry":{"type":"Polygon","coordinates":[[[9.17376,45.40583],[9.17542,45.40669],[9.1772,45.40619],[9.17735,45.40485],[9.17568,45.40399],[9.17391,45.40449],[9.17376,45.40583]]]},"properties":{"cdi":0.125,"o_score_pt":1116.5,"o_score_car":1434.1,"population":313}},{"type":"Feature","id":44,"geometry":{"type":"Polygon","coordinates":[[[9.18635,45.40904],[9.18655,45.40914],[9.18655,45.40914],[9.18635,45.40904],[9.18635,45.40904]]]},"properties":{"cdi":0.993,"o_score_pt":4.2,"o_score_car":1218.5,"population":0}},{"type":"Feature","id":45,"geometry":{"type":"Polygon","coordinates":[[[9.18706,45.42255],[9.18726,45.42265],[9.18726,45.42265],[9.18706,45.42255],[9.18706,45.42255]]]},"properties":{"cdi":0.994,"o_score_pt":4,"o_score_car":1296,"population":0}},{"type":"Feature","id":46,"geometry":{"type":"Polygon","coordinates":[[[9.17614,45.42231],[9.17803,45.42328],[9.18008,45.4227],[9.18026,45.42115],[9.17836,45.42017],[9.17632,45.42076],[9.17614,45.42231]]]},"properties":{"cdi":0.072,"o_score_pt":1386.3,"o_score_car":1602.4,"population":636}},{"type":"Feature","id":47,"geometry":{"type":"Polygon","coordinates":[[[9.19594,45.41833],[9.19675,45.41875],[9.19747,45.41854],[9.19754,45.41798],[9.19673,45.41757],[9.196,45.41778],[9.19594,45.41833]]]},"properties":{"cdi":0.309,"o_score_pt":795.2,"o_score_car":1508,"population":20}},{"type":"Feature","id":48,"geometry":{"type":"Polygon","coordinates":[[[9.17199,45.41664],[9.17413,45.41775],[9.17647,45.41708],[9.17667,45.41531],[9.17453,45.4142],[9.17219,45.41487],[9.17199,45.41664]]]},"properties":{"cdi":0.129,"o_score_pt":1163.4,"o_score_car":1506.6,"population":1517}},{"type":"Feature","id":49,"geometry":{"type":"Polygon","coordinates":[[[9.17407,45.41947],[9.17608,45.42051],[9.17827,45.41989],[9.17846,45.41823],[9.17645,45.41719],[9.17426,45.41782],[9.17407,45.41947]]]},"properties":{"cdi":0.09,"o_score_pt":1307.2,"o_score_car":1565.9,"population":922}},{"type":"Feature","id":50,"geometry":{"type":"Polygon","coordinates":[[[9.21457,45.41985],[9.21477,45.41995],[9.21477,45.41995],[9.21457,45.41985],[9.21457,45.41985]]]},"properties":{"cdi":0.991,"o_score_pt":6.7,"o_score_car":1406.8,"population":0}},{"type":"Feature","id":51,"geometry":{"type":"Polygon","coordinates":[[[9.23302,45.4163],[9.2333,45.41644],[9.23339,45.41642],[9.23339,45.41634],[9.23312,45.4162],[9.23303,45.41623],[9.23302,45.4163]]]},"properties":{"cdi":0.204,"o_score_pt":960.3,"o_score_car":1451.7,"population":3}},{"type":"Feature","id":52,"geometry":{"type":"Polygon","coordinates":[[[9.22415,45.4154],[9.22434,45.4155],[9.22434,45.4155],[9.22415,45.4154],[9.22415,45.4154]]]},"properties":{"cdi":0.206,"o_score_pt":849.9,"o_score_car":1290.5,"population":0}},{"type":"Feature","id":53,"geometry":{"type":"Polygon","coordinates":[[[9.21131,45.40878],[9.2115,45.40888],[9.2115,45.40888],[9.21131,45.40878],[9.21131,45.40878]]]},"properties":{"cdi":0.427,"o_score_pt":619.4,"o_score_car":1543,"population":0}},{"type":"Feature","id":54,"geometry":{"type":"Polygon","coordinates":[[[9.22019,45.40968],[9.22046,45.40982],[9.22055,45.40979],[9.22056,45.40972],[9.22028,45.40958],[9.22019,45.4096],[9.22019,45.40968]]]},"properties":{"cdi":0.222,"o_score_pt":810.6,"o_score_car":1272.9,"population":3}},{"type":"Feature","id":55,"geometry":{"type":"Polygon","coordinates":[[[9.22221,45.41252],[9.22241,45.41263],[9.22241,45.41263],[9.22221,45.41252],[9.22221,45.41252]]]},"properties":{"cdi":0.999,"o_score_pt":0.6,"o_score_car":1308.3,"population":0}},{"type":"Feature","id":56,"geometry":{"type":"Polygon","coordinates":[[[9.21202,45.42229],[9.21222,45.42239],[9.21222,45.42239],[9.21202,45.42229],[9.21202,45.42229]]]},"properties":{"cdi":0.324,"o_score_pt":799.2,"o_score_car":1564.9,"population":0}},{"type":"Feature","id":57,"geometry":{"type":"Polygon","coordinates":[[[9.22293,45.42604],[9.22312,45.42614],[9.22312,45.42614],[9.22293,45.42604],[9.22293,45.42604]]]},"properties":{"cdi":0.24,"o_score_pt":1002.1,"o_score_car":1635.7,"population":1}},{"type":"Feature","id":58,"geometry":{"type":"Polygon","coordinates":[[[9.21009,45.41941],[9.21028,45.41951],[9.21028,45.41951],[9.21009,45.41941],[9.21009,45.41941]]]},"properties":{"cdi":0.324,"o_score_pt":832,"o_score_car":1628.3,"population":0}},{"type":"Feature","id":59,"geometry":{"type":"Polygon","coordinates":[[[9.20112,45.41854],[9.20132,45.41864],[9.20132,45.41864],[9.20112,45.41854],[9.20112,45.41854]]]},"properties":{"cdi":0.273,"o_score_pt":908,"o_score_car":1590.3,"population":0}},{"type":"Feature","id":60,"geometry":{"type":"Polygon","coordinates":[[[9.17226,45.39769],[9.17408,45.39863],[9.17603,45.39807],[9.1762,45.3966],[9.17439,45.39566],[9.17243,45.39621],[9.17226,45.39769]]]},"properties":{"cdi":0.258,"o_score_pt":796.8,"o_score_car":1349.7,"population":501}},{"type":"Feature","id":61,"geometry":{"type":"Polygon","coordinates":[[[9.17898,45.40091],[9.18054,45.40171],[9.18217,45.40125],[9.18232,45.40001],[9.18076,45.3992],[9.17912,45.39967],[9.17898,45.40091]]]},"properties":{"cdi":0.209,"o_score_pt":829.4,"o_score_car":1267.3,"population":221}},{"type":"Feature","id":62,"geometry":{"type":"Polygon","coordinates":[[[9.18076,45.40384],[9.18245,45.40471],[9.18424,45.40419],[9.1844,45.40284],[9.18271,45.40196],[9.18092,45.40248],[9.18076,45.40384]]]},"properties":{"cdi":0.248,"o_score_pt":797.7,"o_score_car":1323.2,"population":332}},{"type":"Feature","id":63,"geometry":{"type":"Polygon","coordinates":[[[9.15546,45.50869],[9.15679,45.50938],[9.15816,45.50899],[9.15828,45.50796],[9.15695,45.50727],[9.15558,45.50766],[9.15546,45.50869]]]},"properties":{"cdi":0.123,"o_score_pt":1179.2,"o_score_car":1510.5,"population":108}},{"type":"Feature","id":64,"geometry":{"type":"Polygon","coordinates":[[[9.17308,45.50543],[9.17522,45.50653],[9.17757,45.50587],[9.17777,45.5041],[9.17563,45.50299],[9.17329,45.50366],[9.17308,45.50543]]]},"properties":{"cdi":0.022,"o_score_pt":1869.6,"o_score_car":1955.6,"population":2380}},{"type":"Feature","id":65,"geometry":{"type":"Polygon","coordinates":[[[9.16426,45.5045],[9.16627,45.50554],[9.16846,45.50492],[9.16865,45.50327],[9.16664,45.50223],[9.16445,45.50285],[9.16426,45.5045]]]},"properties":{"cdi":0.111,"o_score_pt":1511.3,"o_score_car":1888.1,"population":909}},{"type":"Feature","id":66,"geometry":{"type":"Polygon","coordinates":[[[9.15127,45.49793],[9.15341,45.49903],[9.15575,45.49836],[9.15596,45.49659],[9.15382,45.49549],[9.15147,45.49616],[9.15127,45.49793]]]},"properties":{"cdi":0.127,"o_score_pt":1507.4,"o_score_car":1944.4,"population":2306}},{"type":"Feature","id":67,"geometry":{"type":"Polygon","coordinates":[[[9.16082,45.49862],[9.16246,45.49946],[9.1642,45.49897],[9.16435,45.49765],[9.16271,45.49681],[9.16097,45.4973],[9.16082,45.49862]]]},"properties":{"cdi":0.122,"o_score_pt":1551,"o_score_car":1980.9,"population":286}},{"type":"Feature","id":68,"geometry":{"type":"Polygon","coordinates":[[[9.16218,45.50168],[9.16432,45.50278],[9.16666,45.50212],[9.16687,45.50034],[9.16472,45.49924],[9.16238,45.49991],[9.16218,45.50168]]]},"properties":{"cdi":0.113,"o_score_pt":1580.6,"o_score_car":1983.2,"population":2566}},{"type":"Feature","id":69,"geometry":{"type":"Polygon","coordinates":[[[9.15274,45.51118],[9.15422,45.51195],[9.15577,45.51151],[9.1559,45.51034],[9.15442,45.50957],[9.15287,45.51001],[9.15274,45.51118]]]},"properties":{"cdi":0.121,"o_score_pt":1319.4,"o_score_car":1683.4,"population":173}},{"type":"Feature","id":70,"geometry":{"type":"Polygon","coordinates":[[[9.16369,45.51492],[9.16513,45.51566],[9.16664,45.51524],[9.16677,45.5141],[9.16532,45.51336],[9.16382,45.51378],[9.16369,45.51492]]]},"properties":{"cdi":0.098,"o_score_pt":1480.7,"o_score_car":1801,"population":154}},{"type":"Feature","id":71,"geometry":{"type":"Polygon","coordinates":[[[9.15229,45.50783],[9.15248,45.50794],[9.15248,45.50794],[9.15229,45.50783],[9.15229,45.50783]]]},"properties":{"cdi":0.179,"o_score_pt":1120.4,"o_score_car":1607.6,"population":0}},{"type":"Feature","id":72,"geometry":{"type":"Polygon","coordinates":[[[9.14225,45.5073],[9.14337,45.50787],[9.14448,45.50756],[9.14458,45.50672],[9.14346,45.50614],[9.14235,45.50646],[9.14225,45.5073]]]},"properties":{"cdi":0.265,"o_score_pt":956.2,"o_score_car":1647.3,"population":55}},{"type":"Feature","id":73,"geometry":{"type":"Polygon","coordinates":[[[9.18869,45.50955],[9.19065,45.51055],[9.19277,45.50995],[9.19296,45.50835],[9.191,45.50734],[9.18888,45.50794],[9.18869,45.50955]]]},"properties":{"cdi":0.069,"o_score_pt":1647.1,"o_score_car":1890.2,"population":769}},{"type":"Feature","id":74,"geometry":{"type":"Polygon","coordinates":[[[9.19062,45.51243],[9.19259,45.51344],[9.19472,45.51283],[9.19491,45.51122],[9.19294,45.51021],[9.1908,45.51081],[9.19062,45.51243]]]},"properties":{"cdi":0.089,"o_score_pt":1511.6,"o_score_car":1807.1,"population":798}},{"type":"Feature","id":75,"geometry":{"type":"Polygon","coordinates":[[[9.19831,45.5051],[9.20024,45.50609],[9.20233,45.5055],[9.20252,45.50392],[9.20058,45.50292],[9.19849,45.50352],[9.19831,45.5051]]]},"properties":{"cdi":-0.005,"o_score_pt":1903.9,"o_score_car":1886.7,"population":714}},{"type":"Feature","id":76,"geometry":{"type":"Polygon","coordinates":[[[9.17757,45.50587],[9.17971,45.50697],[9.18206,45.5063],[9.18226,45.50453],[9.18012,45.50343],[9.17777,45.5041],[9.17757,45.50587]]]},"properties":{"cdi":-0.03,"o_score_pt":2134.7,"o_score_car":2011.5,"population":1947}},{"type":"Feature","id":77,"geometry":{"type":"Polygon","coordinates":[[[9.19613,45.5023],[9.19827,45.50341],[9.20062,45.50274],[9.20082,45.50097],[9.19868,45.49986],[9.19633,45.50053],[9.19613,45.5023]]]},"properties":{"cdi":-0.034,"o_score_pt":2094,"o_score_car":1957.4,"population":1594}},{"type":"Feature","id":78,"geometry":{"type":"Polygon","coordinates":[[[9.18716,45.50143],[9.1893,45.50253],[9.19164,45.50186],[9.19185,45.50009],[9.1897,45.49899],[9.18736,45.49966],[9.18716,45.50143]]]},"properties":{"cdi":0.042,"o_score_pt":1858.6,"o_score_car":2022.9,"population":1739}},{"type":"Feature","id":79,"geometry":{"type":"Polygon","coordinates":[[[9.18793,45.51491],[9.19002,45.51599],[9.1923,45.51534],[9.1925,45.51361],[9.19041,45.51253],[9.18812,45.51318],[9.18793,45.51491]]]},"properties":{"cdi":0.097,"o_score_pt":1503.5,"o_score_car":1824.7,"population":1177}},{"type":"Feature","id":80,"geometry":{"type":"Polygon","coordinates":[[[9.19746,45.5156],[9.19907,45.51643],[9.20077,45.51595],[9.20092,45.51466],[9.19931,45.51383],[9.19761,45.51432],[9.19746,45.5156]]]},"properties":{"cdi":0.095,"o_score_pt":1504.9,"o_score_car":1820.9,"population":260}},{"type":"Feature","id":81,"geometry":{"type":"Polygon","coordinates":[[[9.19878,45.51868],[9.20092,45.51978],[9.20327,45.51911],[9.20347,45.51734],[9.20133,45.51624],[9.19898,45.5169],[9.19878,45.51868]]]},"properties":{"cdi":0.048,"o_score_pt":1555.4,"o_score_car":1711.7,"population":1579}},{"type":"Feature","id":82,"geometry":{"type":"Polygon","coordinates":[[[9.17502,45.5083],[9.17716,45.50941],[9.17951,45.50874],[9.17971,45.50697],[9.17757,45.50587],[9.17522,45.50653],[9.17502,45.5083]]]},"properties":{"cdi":0.006,"o_score_pt":1952.8,"o_score_car":1975.5,"population":1643}},{"type":"Feature","id":83,"geometry":{"type":"Polygon","coordinates":[[[9.14846,45.48672],[9.15021,45.48763],[9.1521,45.48709],[9.15226,45.48567],[9.1505,45.48476],[9.14862,45.4853],[9.14846,45.48672]]]},"properties":{"cdi":0.122,"o_score_pt":1545.6,"o_score_car":1973.2,"population":414}},{"type":"Feature","id":84,"geometry":{"type":"Polygon","coordinates":[[[9.13921,45.48593],[9.14121,45.48696],[9.14338,45.48635],[9.14357,45.48471],[9.14157,45.48368],[9.1394,45.48429],[9.13921,45.48593]]]},"properties":{"cdi":0.039,"o_score_pt":1756.4,"o_score_car":1898.9,"population":876}},{"type":"Feature","id":85,"geometry":{"type":"Polygon","coordinates":[[[9.15787,45.48234],[9.15977,45.48332],[9.16183,45.48274],[9.16201,45.48118],[9.16011,45.4802],[9.15805,45.48078],[9.15787,45.48234]]]},"properties":{"cdi":0.024,"o_score_pt":1960.8,"o_score_car":2055.2,"population":660}},{"type":"Feature","id":86,"geometry":{"type":"Polygon","coordinates":[[[9.13589,45.48001],[9.13741,45.48079],[9.13901,45.48034],[9.13915,45.47913],[9.13763,45.47835],[9.13603,45.4788],[9.13589,45.48001]]]},"properties":{"cdi":0.046,"o_score_pt":1776.9,"o_score_car":1949.5,"population":196}},{"type":"Feature","id":87,"geometry":{"type":"Polygon","coordinates":[[[9.13767,45.48293],[9.13933,45.48379],[9.14108,45.48329],[9.14124,45.48196],[9.13958,45.4811],[9.13782,45.4816],[9.13767,45.48293]]]},"properties":{"cdi":0.061,"o_score_pt":1728.5,"o_score_car":1953.1,"population":301}},{"type":"Feature","id":88,"geometry":{"type":"Polygon","coordinates":[[[9.14476,45.4758],[9.1469,45.4769],[9.14924,45.47624],[9.14945,45.47447],[9.14731,45.47336],[9.14496,45.47403],[9.14476,45.4758]]]},"properties":{"cdi":0.038,"o_score_pt":1840.7,"o_score_car":1987.2,"population":1429}},{"type":"Feature","id":89,"geometry":{"type":"Polygon","coordinates":[[[9.13787,45.49659],[9.13996,45.49767],[9.14225,45.49702],[9.14245,45.4953],[9.14036,45.49422],[9.13807,45.49487],[9.13787,45.49659]]]},"properties":{"cdi":0.113,"o_score_pt":1445.5,"o_score_car":1814.8,"population":1183}},{"type":"Feature","id":90,"geometry":{"type":"Polygon","coordinates":[[[9.15637,45.49305],[9.15851,45.49416],[9.16085,45.49349],[9.16106,45.49172],[9.15892,45.49062],[9.15657,45.49128],[9.15637,45.49305]]]},"properties":{"cdi":0.098,"o_score_pt":1655.2,"o_score_car":2014.2,"population":1578}},{"type":"Feature","id":91,"geometry":{"type":"Polygon","coordinates":[[[9.1474,45.49218],[9.14954,45.49328],[9.15188,45.49261],[9.15209,45.49084],[9.14995,45.48974],[9.1476,45.49041],[9.1474,45.49218]]]},"properties":{"cdi":0.067,"o_score_pt":1665.2,"o_score_car":1905.9,"population":2904}},{"type":"Feature","id":92,"geometry":{"type":"Polygon","coordinates":[[[9.13483,45.48546],[9.13674,45.48644],[9.13879,45.48586],[9.13897,45.4843],[9.13707,45.48332],[9.13501,45.48391],[9.13483,45.48546]]]},"properties":{"cdi":0.024,"o_score_pt":1803,"o_score_car":1893,"population":652}},{"type":"Feature","id":93,"geometry":{"type":"Polygon","coordinates":[[[9.17523,45.4859],[9.17543,45.486],[9.17543,45.486],[9.17523,45.4859],[9.17523,45.4859]]]},"properties":{"cdi":0.026,"o_score_pt":2006.1,"o_score_car":2112.6,"population":2}},{"type":"Feature","id":94,"geometry":{"type":"Polygon","coordinates":[[[9.18389,45.49036],[9.18603,45.49147],[9.18838,45.4908],[9.18858,45.48903],[9.18644,45.48793],[9.1841,45.48859],[9.18389,45.49036]]]},"properties":{"cdi":0.004,"o_score_pt":2009.5,"o_score_car":2025.3,"population":1805}},{"type":"Feature","id":95,"geometry":{"type":"Polygon","coordinates":[[[9.17105,45.48374],[9.17319,45.48484],[9.17554,45.48418],[9.17574,45.48241],[9.1736,45.4813],[9.17125,45.48197],[9.17105,45.48374]]]},"properties":{"cdi":0.041,"o_score_pt":1950.1,"o_score_car":2115.8,"population":1870}},{"type":"Feature","id":96,"geometry":{"type":"Polygon","coordinates":[[[9.16208,45.48286],[9.16422,45.48397],[9.16657,45.4833],[9.16677,45.48153],[9.16463,45.48043],[9.16229,45.48109],[9.16208,45.48286]]]},"properties":{"cdi":0.026,"o_score_pt":1987.5,"o_score_car":2095.2,"population":1815}},{"type":"Feature","id":97,"geometry":{"type":"Polygon","coordinates":[[[9.18063,45.4793],[9.18277,45.4804],[9.18512,45.47974],[9.18532,45.47797],[9.18318,45.47686],[9.18084,45.47753],[9.18063,45.4793]]]},"properties":{"cdi":-0.039,"o_score_pt":2304.2,"o_score_car":2132.7,"population":1827}},{"type":"Feature","id":98,"geometry":{"type":"Polygon","coordinates":[[[9.17178,45.49724],[9.1739,45.49833],[9.17623,45.49767],[9.17643,45.49591],[9.17431,45.49482],[9.17198,45.49548],[9.17178,45.49724]]]},"properties":{"cdi":0.065,"o_score_pt":1780,"o_score_car":2028.9,"population":1309}},{"type":"Feature","id":99,"geometry":{"type":"Polygon","coordinates":[[[9.17389,45.50005],[9.17586,45.50107],[9.17801,45.50046],[9.17819,45.49884],[9.17622,45.49783],[9.17408,45.49844],[9.17389,45.50005]]]},"properties":{"cdi":0.06,"o_score_pt":1714.6,"o_score_car":1934.5,"population":809}},{"type":"Feature","id":100,"geometry":{"type":"Polygon","coordinates":[[[9.18134,45.4928],[9.18349,45.49391],[9.18583,45.49324],[9.18603,45.49147],[9.18389,45.49036],[9.18155,45.49103],[9.18134,45.4928]]]},"properties":{"cdi":0.023,"o_score_pt":1986.1,"o_score_car":2081.2,"population":1715}},{"type":"Feature","id":101,"geometry":{"type":"Polygon","coordinates":[[[9.16085,45.49349],[9.16299,45.49459],[9.16534,45.49393],[9.16554,45.49216],[9.1634,45.49105],[9.16106,45.49172],[9.16085,45.49349]]]},"properties":{"cdi":0.076,"o_score_pt":1668.9,"o_score_car":1944.2,"population":1894}},{"type":"Feature","id":102,"geometry":{"type":"Polygon","coordinates":[[[9.14227,45.52101],[9.14398,45.52189],[9.1458,45.52137],[9.14596,45.52],[9.14425,45.51912],[9.14243,45.51963],[9.14227,45.52101]]]},"properties":{"cdi":0.168,"o_score_pt":1136.5,"o_score_car":1595.7,"population":354}},{"type":"Feature","id":103,"geometry":{"type":"Polygon","coordinates":[[[9.15105,45.52195],[9.15293,45.52292],[9.15496,45.52234],[9.15514,45.52081],[9.15325,45.51984],[9.15122,45.52042],[9.15105,45.52195]]]},"properties":{"cdi":0.077,"o_score_pt":1466,"o_score_car":1712.1,"population":607}},{"type":"Feature","id":104,"geometry":{"type":"Polygon","coordinates":[[[9.1541,45.52447],[9.15502,45.52495],[9.15588,45.5247],[9.15596,45.52404],[9.15504,45.52357],[9.15417,45.52381],[9.1541,45.52447]]]},"properties":{"cdi":0.098,"o_score_pt":1346.3,"o_score_car":1638.4,"population":29}},{"type":"Feature","id":105,"geometry":{"type":"Polygon","coordinates":[[[9.12912,45.51448],[9.1311,45.51551],[9.13325,45.51489],[9.13344,45.51327],[9.13146,45.51225],[9.1293,45.51286],[9.12912,45.51448]]]},"properties":{"cdi":0.222,"o_score_pt":1026.1,"o_score_car":1613.4,"population":833}},{"type":"Feature","id":106,"geometry":{"type":"Polygon","coordinates":[[[9.13984,45.5183],[9.14198,45.5194],[9.14432,45.51873],[9.14453,45.51696],[9.14239,45.51586],[9.14004,45.51652],[9.13984,45.5183]]]},"properties":{"cdi":0.167,"o_score_pt":1185,"o_score_car":1660.1,"population":1840}},{"type":"Feature","id":107,"geometry":{"type":"Polygon","coordinates":[[[9.16829,45.52904],[9.17025,45.53005],[9.17238,45.52945],[9.17256,45.52785],[9.1706,45.52684],[9.16848,45.52744],[9.16829,45.52904]]]},"properties":{"cdi":0.004,"o_score_pt":1520.5,"o_score_car":1533.3,"population":776}},{"type":"Feature","id":108,"geometry":{"type":"Polygon","coordinates":[[[9.18763,45.52524],[9.18892,45.5259],[9.19024,45.52553],[9.19035,45.52453],[9.18906,45.52387],[9.18774,45.52424],[9.18763,45.52524]]]},"properties":{"cdi":0.187,"o_score_pt":1161.3,"o_score_car":1694,"population":95}},{"type":"Feature","id":109,"geometry":{"type":"Polygon","coordinates":[[[9.17789,45.52461],[9.17984,45.52561],[9.18196,45.52501],[9.18214,45.52341],[9.18019,45.52241],[9.17807,45.52301],[9.17789,45.52461]]]},"properties":{"cdi":0.156,"o_score_pt":1277.1,"o_score_car":1747.9,"population":761}},{"type":"Feature","id":110,"geometry":{"type":"Polygon","coordinates":[[[9.16523,45.51792],[9.16702,45.51884],[9.16893,45.5183],[9.1691,45.51685],[9.16731,45.51593],[9.1654,45.51647],[9.16523,45.51792]]]},"properties":{"cdi":0.046,"o_score_pt":1685,"o_score_car":1847.3,"population":449}},{"type":"Feature","id":111,"geometry":{"type":"Polygon","coordinates":[[[9.17393,45.51888],[9.17595,45.51993],[9.17816,45.5193],[9.17835,45.51764],[9.17633,45.51659],[9.17412,45.51722],[9.17393,45.51888]]]},"properties":{"cdi":0.057,"o_score_pt":1614.9,"o_score_car":1809.4,"population":957}},{"type":"Feature","id":112,"geometry":{"type":"Polygon","coordinates":[[[9.17613,45.52167],[9.17793,45.5226],[9.17986,45.52205],[9.18003,45.52059],[9.17823,45.51967],[9.17629,45.52022],[9.17613,45.52167]]]},"properties":{"cdi":0.112,"o_score_pt":1375.8,"o_score_car":1722.4,"population":471}},{"type":"Feature","id":113,"geometry":{"type":"Polygon","coordinates":[[[9.16622,45.53133],[9.16776,45.53213],[9.16939,45.53166],[9.16953,45.53043],[9.16799,45.52964],[9.16636,45.5301],[9.16622,45.53133]]]},"properties":{"cdi":0.048,"o_score_pt":1537.7,"o_score_car":1693,"population":213}},{"type":"Feature","id":114,"geometry":{"type":"Polygon","coordinates":[[[9.17721,45.53505],[9.17869,45.53582],[9.18023,45.53538],[9.18037,45.53421],[9.17889,45.53345],[9.17734,45.53389],[9.17721,45.53505]]]},"properties":{"cdi":0.216,"o_score_pt":1016.7,"o_score_car":1576.3,"population":172}},{"type":"Feature","id":115,"geometry":{"type":"Polygon","coordinates":[[[9.16378,45.52861],[9.16576,45.52963],[9.16791,45.52902],[9.1681,45.5274],[9.16612,45.52638],[9.16397,45.52699],[9.16378,45.52861]]]},"properties":{"cdi":-0.001,"o_score_pt":1752.1,"o_score_car":1749.1,"population":824}},{"type":"Feature","id":116,"geometry":{"type":"Polygon","coordinates":[[[9.1548,45.52774],[9.15678,45.52876],[9.15894,45.52815],[9.15913,45.52652],[9.15714,45.5255],[9.15499,45.52611],[9.1548,45.52774]]]},"properties":{"cdi":0.083,"o_score_pt":1382.6,"o_score_car":1633.8,"population":841}},{"type":"Feature","id":117,"geometry":{"type":"Polygon","coordinates":[[[9.12579,45.50345],[9.12783,45.5045],[9.13006,45.50387],[9.13026,45.50218],[9.12821,45.50113],[9.12598,45.50176],[9.12579,45.50345]]]},"properties":{"cdi":0.164,"o_score_pt":1261.2,"o_score_car":1755.8,"population":1016}},{"type":"Feature","id":118,"geometry":{"type":"Polygon","coordinates":[[[9.12796,45.50625],[9.1298,45.5072],[9.13178,45.50663],[9.13196,45.50513],[9.13012,45.50418],[9.12813,45.50475],[9.12796,45.50625]]]},"properties":{"cdi":0.184,"o_score_pt":1168.2,"o_score_car":1696.1,"population":540}},{"type":"Feature","id":119,"geometry":{"type":"Polygon","coordinates":[[[9.13594,45.49883],[9.1375,45.49964],[9.13914,45.49917],[9.13928,45.49793],[9.13772,45.49712],[9.13608,45.49759],[9.13594,45.49883]]]},"properties":{"cdi":0.145,"o_score_pt":1332.3,"o_score_car":1782.9,"population":222}},{"type":"Feature","id":120,"geometry":{"type":"Polygon","coordinates":[[[9.11501,45.49965],[9.11695,45.50065],[9.11905,45.50006],[9.11923,45.49847],[9.11729,45.49747],[9.11519,45.49806],[9.11501,45.49965]]]},"properties":{"cdi":0.098,"o_score_pt":1314.3,"o_score_car":1599.9,"population":731}},{"type":"Feature","id":121,"geometry":{"type":"Polygon","coordinates":[[[9.13347,45.49613],[9.13549,45.49717],[9.13769,45.49654],[9.13788,45.49489],[9.13586,45.49384],[9.13366,45.49447],[9.13347,45.49613]]]},"properties":{"cdi":0.139,"o_score_pt":1397.2,"o_score_car":1848.8,"population":937}},{"type":"Feature","id":122,"geometry":{"type":"Polygon","coordinates":[[[9.12445,45.49527],[9.12651,45.49633],[9.12877,45.49569],[9.12896,45.49399],[9.1269,45.49292],[9.12464,45.49356],[9.12445,45.49527]]]},"properties":{"cdi":0.103,"o_score_pt":1387.4,"o_score_car":1707.4,"population":1085}},{"type":"Feature","id":123,"geometry":{"type":"Polygon","coordinates":[[[9.12578,45.50856],[9.1273,45.50935],[9.1289,45.5089],[9.12904,45.50769],[9.12751,45.5069],[9.12592,45.50736],[9.12578,45.50856]]]},"properties":{"cdi":0.222,"o_score_pt":1048.3,"o_score_car":1647.4,"population":198}},{"type":"Feature","id":124,"geometry":{"type":"Polygon","coordinates":[[[9.13436,45.50956],[9.13622,45.51052],[9.13822,45.50995],[9.13839,45.50844],[9.13654,45.50749],[9.13454,45.50806],[9.13436,45.50956]]]},"properties":{"cdi":0.176,"o_score_pt":1225.7,"o_score_car":1750.8,"population":559}},{"type":"Feature","id":125,"geometry":{"type":"Polygon","coordinates":[[[9.13626,45.51245],[9.13815,45.51343],[9.14019,45.51285],[9.14037,45.51131],[9.13848,45.51033],[9.13644,45.51091],[9.13626,45.51245]]]},"properties":{"cdi":0.22,"o_score_pt":1107.9,"o_score_car":1732.7,"population":624}},{"type":"Feature","id":126,"geometry":{"type":"Polygon","coordinates":[[[9.11271,45.50201],[9.11443,45.5029],[9.11627,45.50238],[9.11643,45.50099],[9.11471,45.5001],[9.11287,45.50062],[9.11271,45.50201]]]},"properties":{"cdi":0.228,"o_score_pt":1111.6,"o_score_car":1766.5,"population":371}},{"type":"Feature","id":127,"geometry":{"type":"Polygon","coordinates":[[[9.23613,45.49262],[9.23798,45.49357],[9.23998,45.493],[9.24016,45.49149],[9.2383,45.49054],[9.2363,45.49111],[9.23613,45.49262]]]},"properties":{"cdi":0.004,"o_score_pt":1838,"o_score_car":1854.4,"population":560}},{"type":"Feature","id":128,"geometry":{"type":"Polygon","coordinates":[[[9.24896,45.49575],[9.24916,45.49585],[9.24916,45.49585],[9.24896,45.49575],[9.24896,45.49575]]]},"properties":{"cdi":0.228,"o_score_pt":1131.5,"o_score_car":1798.2,"population":1}},{"type":"Feature","id":129,"geometry":{"type":"Polygon","coordinates":[[[9.23393,45.48982],[9.23601,45.49089],[9.23827,45.49025],[9.23847,45.48854],[9.23639,45.48747],[9.23413,45.48811],[9.23393,45.48982]]]},"properties":{"cdi":0.046,"o_score_pt":1737.5,"o_score_car":1904.1,"population":1116}},{"type":"Feature","id":130,"geometry":{"type":"Polygon","coordinates":[[[9.22488,45.48898],[9.22702,45.49008],[9.22937,45.48941],[9.22957,45.48764],[9.22743,45.48654],[9.22509,45.48721],[9.22488,45.48898]]]},"properties":{"cdi":0.051,"o_score_pt":1794.4,"o_score_car":1988.4,"population":2076}},{"type":"Feature","id":131,"geometry":{"type":"Polygon","coordinates":[[[9.24387,45.48527],[9.24564,45.48618],[9.24754,45.48564],[9.2477,45.4842],[9.24593,45.48329],[9.24403,45.48383],[9.24387,45.48527]]]},"properties":{"cdi":0.126,"o_score_pt":1429.8,"o_score_car":1841.7,"population":430}},{"type":"Feature","id":132,"geometry":{"type":"Polygon","coordinates":[[[9.23458,45.50335],[9.23672,45.50445],[9.23907,45.50379],[9.23927,45.50201],[9.23713,45.50091],[9.23478,45.50158],[9.23458,45.50335]]]},"properties":{"cdi":0.057,"o_score_pt":1517.3,"o_score_car":1700.4,"population":2592}},{"type":"Feature","id":133,"geometry":{"type":"Polygon","coordinates":[[[9.23652,45.50622],[9.23866,45.50733],[9.24101,45.50666],[9.24121,45.50489],[9.23907,45.50379],[9.23672,45.50445],[9.23652,45.50622]]]},"properties":{"cdi":0.092,"o_score_pt":1403.9,"o_score_car":1688.7,"population":1873}},{"type":"Feature","id":134,"geometry":{"type":"Polygon","coordinates":[[[9.2455,45.49848],[9.24649,45.49899],[9.24743,45.49872],[9.24752,45.498],[9.24653,45.49749],[9.24558,45.49776],[9.2455,45.49848]]]},"properties":{"cdi":0.094,"o_score_pt":1352,"o_score_car":1634,"population":36}},{"type":"Feature","id":135,"geometry":{"type":"Polygon","coordinates":[[[9.22377,45.49957],[9.22582,45.50062],[9.22805,45.49999],[9.22824,45.4983],[9.2262,45.49725],[9.22397,45.49789],[9.22377,45.49957]]]},"properties":{"cdi":0.008,"o_score_pt":1742.7,"o_score_car":1772.4,"population":1014}},{"type":"Feature","id":136,"geometry":{"type":"Polygon","coordinates":[[[9.27188,45.50638],[9.27282,45.50686],[9.27371,45.50661],[9.27379,45.50593],[9.27285,45.50545],[9.27195,45.5057],[9.27188,45.50638]]]},"properties":{"cdi":0.279,"o_score_pt":845.5,"o_score_car":1498.8,"population":31}},{"type":"Feature","id":137,"geometry":{"type":"Polygon","coordinates":[[[9.26231,45.5057],[9.26376,45.50645],[9.26527,45.50602],[9.2654,45.50488],[9.26395,45.50413],[9.26244,45.50456],[9.26231,45.5057]]]},"properties":{"cdi":0.173,"o_score_pt":1041.6,"o_score_car":1476.5,"population":155}},{"type":"Feature","id":138,"geometry":{"type":"Polygon","coordinates":[[[9.25987,45.49949],[9.26007,45.49959],[9.26007,45.49959],[9.25987,45.49949],[9.25987,45.49949]]]},"properties":{"cdi":0.241,"o_score_pt":919.3,"o_score_car":1502.6,"population":2}},{"type":"Feature","id":139,"geometry":{"type":"Polygon","coordinates":[[[9.22164,45.47791],[9.22376,45.479],[9.22608,45.47834],[9.22628,45.47658],[9.22416,45.47549],[9.22184,45.47615],[9.22164,45.47791]]]},"properties":{"cdi":-0.002,"o_score_pt":1980,"o_score_car":1971.9,"population":1299}},{"type":"Feature","id":140,"geometry":{"type":"Polygon","coordinates":[[[9.2409,45.4741],[9.24241,45.47488],[9.24399,45.47443],[9.24413,45.47324],[9.24262,45.47246],[9.24104,45.47291],[9.2409,45.4741]]]},"properties":{"cdi":0.132,"o_score_pt":1396.7,"o_score_car":1822,"population":188}},{"type":"Feature","id":141,"geometry":{"type":"Polygon","coordinates":[[[9.2312,45.47347],[9.23334,45.47457],[9.23568,45.4739],[9.23589,45.47213],[9.23375,45.47103],[9.2314,45.4717],[9.2312,45.47347]]]},"properties":{"cdi":0.06,"o_score_pt":1680.9,"o_score_car":1895.4,"population":2588}},{"type":"Feature","id":142,"geometry":{"type":"Polygon","coordinates":[[[9.21835,45.46685],[9.22049,45.46795],[9.22284,45.46728],[9.22304,45.46551],[9.2209,45.46441],[9.21855,45.46508],[9.21835,45.46685]]]},"properties":{"cdi":0.029,"o_score_pt":1891.6,"o_score_car":2003.5,"population":1513}},{"type":"Feature","id":143,"geometry":{"type":"Polygon","coordinates":[[[9.22732,45.46772],[9.22946,45.46882],[9.23181,45.46815],[9.23201,45.46638],[9.22987,45.46528],[9.22752,45.46595],[9.22732,45.46772]]]},"properties":{"cdi":0.015,"o_score_pt":1910.6,"o_score_car":1967.6,"population":2429}},{"type":"Feature","id":144,"geometry":{"type":"Polygon","coordinates":[[[9.22926,45.47059],[9.2314,45.4717],[9.23375,45.47103],[9.23395,45.46926],[9.23181,45.46815],[9.22946,45.46882],[9.22926,45.47059]]]},"properties":{"cdi":0.05,"o_score_pt":1771.4,"o_score_car":1957.3,"population":2362}},{"type":"Feature","id":145,"geometry":{"type":"Polygon","coordinates":[[[9.21907,45.48035],[9.22121,45.48146],[9.22355,45.48079],[9.22376,45.47902],[9.22162,45.47791],[9.21927,45.47858],[9.21907,45.48035]]]},"properties":{"cdi":0.003,"o_score_pt":1990.1,"o_score_car":2002.6,"population":2259}},{"type":"Feature","id":146,"geometry":{"type":"Polygon","coordinates":[[[9.22998,45.4841],[9.23212,45.4852],[9.23447,45.48453],[9.23467,45.48276],[9.23253,45.48166],[9.23018,45.48233],[9.22998,45.4841]]]},"properties":{"cdi":0.004,"o_score_pt":1947.2,"o_score_car":1961,"population":2680}},{"type":"Feature","id":147,"geometry":{"type":"Polygon","coordinates":[[[9.21713,45.47748],[9.21927,45.47858],[9.22162,45.47791],[9.22182,45.47614],[9.21968,45.47504],[9.21733,45.47571],[9.21713,45.47748]]]},"properties":{"cdi":0.04,"o_score_pt":1876.7,"o_score_car":2031.4,"population":2456}},{"type":"Feature","id":148,"geometry":{"type":"Polygon","coordinates":[[[9.20816,45.47661],[9.2103,45.47771],[9.21264,45.47704],[9.21285,45.47527],[9.21071,45.47417],[9.20836,45.47483],[9.20816,45.47661]]]},"properties":{"cdi":0.023,"o_score_pt":2005.6,"o_score_car":2099.7,"population":2192}},{"type":"Feature","id":149,"geometry":{"type":"Polygon","coordinates":[[[9.25782,45.4778],[9.25802,45.4779],[9.25802,45.4779],[9.25782,45.4778],[9.25782,45.4778]]]},"properties":{"cdi":0.156,"o_score_pt":1198.7,"o_score_car":1641.6,"population":0}},{"type":"Feature","id":150,"geometry":{"type":"Polygon","coordinates":[[[9.25976,45.48067],[9.25996,45.48077],[9.25996,45.48077],[9.25976,45.48067],[9.25976,45.48067]]]},"properties":{"cdi":0.175,"o_score_pt":1194.3,"o_score_car":1701,"population":0}},{"type":"Feature","id":151,"geometry":{"type":"Polygon","coordinates":[[[9.24486,45.47471],[9.24683,45.47572],[9.24896,45.47511],[9.24914,45.4735],[9.24718,45.47249],[9.24505,45.4731],[9.24486,45.47471]]]},"properties":{"cdi":0.113,"o_score_pt":1441.9,"o_score_car":1808.3,"population":785}},{"type":"Feature","id":152,"geometry":{"type":"Polygon","coordinates":[[[9.26456,45.47076],[9.26554,45.47127],[9.26647,45.471],[9.26656,45.47029],[9.26558,45.46978],[9.26464,45.47005],[9.26456,45.47076]]]},"properties":{"cdi":0.248,"o_score_pt":974.9,"o_score_car":1619,"population":35}},{"type":"Feature","id":153,"geometry":{"type":"Polygon","coordinates":[[[9.25563,45.46988],[9.25657,45.47036],[9.25746,45.47011],[9.25754,45.46943],[9.2566,45.46895],[9.25571,45.4692],[9.25563,45.46988]]]},"properties":{"cdi":0.219,"o_score_pt":992.1,"o_score_car":1547,"population":31}},{"type":"Feature","id":154,"geometry":{"type":"Polygon","coordinates":[[[9.25721,45.48311],[9.25741,45.48321],[9.25741,45.48321],[9.25721,45.48311],[9.25721,45.48311]]]},"properties":{"cdi":0.206,"o_score_pt":1089,"o_score_car":1655.4,"population":1}},{"type":"Feature","id":155,"geometry":{"type":"Polygon","coordinates":[[[9.24316,45.47688],[9.24439,45.47752],[9.24564,45.47716],[9.24575,45.47621],[9.24452,45.47557],[9.24327,45.47593],[9.24316,45.47688]]]},"properties":{"cdi":0.101,"o_score_pt":1502.5,"o_score_car":1838.7,"population":80}},{"type":"Feature","id":156,"geometry":{"type":"Polygon","coordinates":[[[9.22447,45.51308],[9.22654,45.51414],[9.22879,45.5135],[9.22898,45.5118],[9.22692,45.51074],[9.22467,45.51138],[9.22447,45.51308]]]},"properties":{"cdi":-0.016,"o_score_pt":1796.5,"o_score_car":1740.4,"population":1075}},{"type":"Feature","id":157,"geometry":{"type":"Polygon","coordinates":[[[9.21552,45.5122],[9.21756,45.51325],[9.21979,45.51261],[9.21998,45.51094],[9.21794,45.50989],[9.21572,45.51052],[9.21552,45.5122]]]},"properties":{"cdi":0.014,"o_score_pt":1657.3,"o_score_car":1705.1,"population":1000}},{"type":"Feature","id":158,"geometry":{"type":"Polygon","coordinates":[[[9.23397,45.50866],[9.23611,45.50977],[9.23846,45.5091],[9.23866,45.50733],[9.23652,45.50622],[9.23417,45.50689],[9.23397,45.50866]]]},"properties":{"cdi":0.069,"o_score_pt":1488.1,"o_score_car":1707.7,"population":1808}},{"type":"Feature","id":159,"geometry":{"type":"Polygon","coordinates":[[[9.21278,45.50609],[9.21384,45.50663],[9.21488,45.50634],[9.21497,45.50555],[9.21391,45.505],[9.21287,45.5053],[9.21278,45.50609]]]},"properties":{"cdi":0.112,"o_score_pt":1537,"o_score_car":1923.3,"population":46}},{"type":"Feature","id":160,"geometry":{"type":"Polygon","coordinates":[[[9.21421,45.50912],[9.21571,45.50989],[9.21728,45.50945],[9.21741,45.50826],[9.21591,45.50749],[9.21435,45.50794],[9.21421,45.50912]]]},"properties":{"cdi":0.075,"o_score_pt":1493.3,"o_score_car":1736.4,"population":183}},{"type":"Feature","id":161,"geometry":{"type":"Polygon","coordinates":[[[9.22111,45.50204],[9.22326,45.50315],[9.2256,45.50248],[9.22581,45.50071],[9.22366,45.4996],[9.22132,45.50027],[9.22111,45.50204]]]},"properties":{"cdi":-0.038,"o_score_pt":1844.5,"o_score_car":1708.7,"population":1841}},{"type":"Feature","id":162,"geometry":{"type":"Polygon","coordinates":[[[9.21643,45.52214],[9.21663,45.52224],[9.21663,45.52224],[9.21643,45.52214],[9.21643,45.52214]]]},"properties":{"cdi":0.056,"o_score_pt":1454,"o_score_car":1626.9,"population":1}},{"type":"Feature","id":163,"geometry":{"type":"Polygon","coordinates":[[[9.22377,45.51842],[9.22591,45.51952],[9.22826,45.51885],[9.22846,45.51708],[9.22632,45.51598],[9.22398,45.51665],[9.22377,45.51842]]]},"properties":{"cdi":-0.033,"o_score_pt":1830.9,"o_score_car":1713.8,"population":1486}},{"type":"Feature","id":164,"geometry":{"type":"Polygon","coordinates":[[[9.21142,45.51164],[9.21313,45.51252],[9.21495,45.512],[9.21511,45.51062],[9.2134,45.50974],[9.21158,45.51026],[9.21142,45.51164]]]},"properties":{"cdi":0.052,"o_score_pt":1577.5,"o_score_car":1750.9,"population":355}},{"type":"Feature","id":165,"geometry":{"type":"Polygon","coordinates":[[[9.24943,45.51282],[9.25152,45.5139],[9.25381,45.51325],[9.25401,45.51152],[9.25192,45.51045],[9.24963,45.5111],[9.24943,45.51282]]]},"properties":{"cdi":0.087,"o_score_pt":1289.1,"o_score_car":1534.9,"population":1181}},{"type":"Feature","id":166,"geometry":{"type":"Polygon","coordinates":[[[9.24752,45.50994],[9.24959,45.51101],[9.25185,45.51036],[9.25204,45.50866],[9.24997,45.50759],[9.24771,45.50824],[9.24752,45.50994]]]},"properties":{"cdi":0.07,"o_score_pt":1381.9,"o_score_car":1590.5,"population":1098}},{"type":"Feature","id":167,"geometry":{"type":"Polygon","coordinates":[[[9.23874,45.50901],[9.24064,45.50998],[9.24269,45.5094],[9.24286,45.50785],[9.24097,45.50688],[9.23892,45.50746],[9.23874,45.50901]]]},"properties":{"cdi":0.099,"o_score_pt":1328.7,"o_score_car":1620.5,"population":635}},{"type":"Feature","id":168,"geometry":{"type":"Polygon","coordinates":[[[9.25892,45.50491],[9.25942,45.50517],[9.25978,45.50507],[9.25981,45.5048],[9.25931,45.50454],[9.25895,45.50464],[9.25892,45.50491]]]},"properties":{"cdi":0.159,"o_score_pt":1153.8,"o_score_car":1590.8,"population":7}},{"type":"Feature","id":169,"geometry":{"type":"Polygon","coordinates":[[[9.25893,45.51864],[9.26005,45.51922],[9.26115,45.5189],[9.26125,45.51807],[9.26013,45.5175],[9.25903,45.51781],[9.25893,45.51864]]]},"properties":{"cdi":0.316,"o_score_pt":871.9,"o_score_car":1677.1,"population":54}},{"type":"Feature","id":170,"geometry":{"type":"Polygon","coordinates":[[[9.23824,45.5194],[9.23952,45.52006],[9.24082,45.51969],[9.24093,45.51871],[9.23965,45.51805],[9.23835,45.51842],[9.23824,45.5194]]]},"properties":{"cdi":0.158,"o_score_pt":1110.2,"o_score_car":1525.9,"population":91}},{"type":"Feature","id":171,"geometry":{"type":"Polygon","coordinates":[[[9.20887,45.49011],[9.21102,45.49121],[9.21336,45.49054],[9.21356,45.48877],[9.21142,45.48767],[9.20908,45.48834],[9.20887,45.49011]]]},"properties":{"cdi":-0.029,"o_score_pt":2070.7,"o_score_car":1953.1,"population":2117}},{"type":"Feature","id":172,"geometry":{"type":"Polygon","coordinates":[[[9.21785,45.49098],[9.21999,45.49208],[9.22233,45.49142],[9.22254,45.48965],[9.2204,45.48854],[9.21805,45.48921],[9.21785,45.49098]]]},"properties":{"cdi":-0.014,"o_score_pt":2042.7,"o_score_car":1985.9,"population":2462}},{"type":"Feature","id":173,"geometry":{"type":"Polygon","coordinates":[[[9.21979,45.49386],[9.22193,45.49496],[9.22427,45.49429],[9.22448,45.49252],[9.22233,45.49142],[9.21999,45.49208],[9.21979,45.49386]]]},"properties":{"cdi":0.012,"o_score_pt":1889.5,"o_score_car":1933.7,"population":1914}},{"type":"Feature","id":174,"geometry":{"type":"Polygon","coordinates":[[[9.19609,45.48347],[9.19818,45.48454],[9.20046,45.48389],[9.20065,45.48217],[9.19857,45.48109],[9.19629,45.48174],[9.19609,45.48347]]]},"properties":{"cdi":-0.034,"o_score_pt":2264.7,"o_score_car":2116.2,"population":1163}},{"type":"Feature","id":175,"geometry":{"type":"Polygon","coordinates":[[[9.20694,45.48723],[9.20908,45.48834],[9.21142,45.48767],[9.21163,45.4859],[9.20948,45.4848],[9.20714,45.48546],[9.20694,45.48723]]]},"properties":{"cdi":-0.061,"o_score_pt":2331.1,"o_score_car":2065.1,"population":1604}},{"type":"Feature","id":176,"geometry":{"type":"Polygon","coordinates":[[[9.20765,45.50074],[9.20979,45.50184],[9.21214,45.50117],[9.21234,45.4994],[9.2102,45.4983],[9.20786,45.49896],[9.20765,45.50074]]]},"properties":{"cdi":0.069,"o_score_pt":1704.2,"o_score_car":1958,"population":1530}},{"type":"Feature","id":177,"geometry":{"type":"Polygon","coordinates":[[[9.19888,45.4998],[9.20085,45.50081],[9.20298,45.50021],[9.20317,45.49859],[9.2012,45.49758],[9.19906,45.49819],[9.19888,45.4998]]]},"properties":{"cdi":0.037,"o_score_pt":1811.5,"o_score_car":1951.8,"population":800}},{"type":"Feature","id":178,"geometry":{"type":"Polygon","coordinates":[[[9.21724,45.49629],[9.21938,45.4974],[9.22172,45.49673],[9.22193,45.49496],[9.21979,45.49386],[9.21744,45.49452],[9.21724,45.49629]]]},"properties":{"cdi":-0.049,"o_score_pt":2041.4,"o_score_car":1851.7,"population":2247}},{"type":"Feature","id":179,"geometry":{"type":"Polygon","coordinates":[[[9.19483,45.4941],[9.19695,45.49519],[9.19926,45.49454],[9.19946,45.49279],[9.19735,45.4917],[9.19503,45.49236],[9.19483,45.4941]]]},"properties":{"cdi":-0.007,"o_score_pt":2078.2,"o_score_car":2049,"population":1266}},{"type":"Feature","id":180,"geometry":{"type":"Polygon","coordinates":[[[9.19697,45.49692],[9.19891,45.49792],[9.20102,45.49732],[9.2012,45.49573],[9.19926,45.49472],[9.19715,45.49532],[9.19697,45.49692]]]},"properties":{"cdi":0.025,"o_score_pt":1904.7,"o_score_car":2000.8,"population":743}},{"type":"Feature","id":181,"geometry":{"type":"Polygon","coordinates":[[[9.10056,45.46259],[9.10102,45.46283],[9.10132,45.46274],[9.10135,45.46251],[9.10089,45.46227],[9.10059,45.46236],[9.10056,45.46259]]]},"properties":{"cdi":0.226,"o_score_pt":988.8,"o_score_car":1564.8,"population":6}},{"type":"Feature","id":182,"geometry":{"type":"Polygon","coordinates":[[[9.10279,45.46538],[9.10299,45.46548],[9.10299,45.46548],[9.10279,45.46538],[9.10279,45.46538]]]},"properties":{"cdi":0.208,"o_score_pt":1019.4,"o_score_car":1553.8,"population":0}},{"type":"Feature","id":183,"geometry":{"type":"Polygon","coordinates":[[[9.10836,45.45873],[9.11035,45.45976],[9.11253,45.45915],[9.11272,45.4575],[9.11072,45.45647],[9.10855,45.45709],[9.10836,45.45873]]]},"properties":{"cdi":0.08,"o_score_pt":1416.4,"o_score_car":1661.9,"population":883}},{"type":"Feature","id":184,"geometry":{"type":"Polygon","coordinates":[[[9.08772,45.45946],[9.08986,45.46057],[9.0922,45.4599],[9.09241,45.45813],[9.09027,45.45702],[9.08792,45.45769],[9.08772,45.45946]]]},"properties":{"cdi":0.178,"o_score_pt":1048.8,"o_score_car":1503.1,"population":2293}},{"type":"Feature","id":185,"geometry":{"type":"Polygon","coordinates":[[[9.10656,45.45581],[9.10844,45.45678],[9.11047,45.45621],[9.11065,45.45467],[9.10877,45.4537],[9.10674,45.45428],[9.10656,45.45581]]]},"properties":{"cdi":0.053,"o_score_pt":1486.8,"o_score_car":1654.3,"population":610}},{"type":"Feature","id":186,"geometry":{"type":"Polygon","coordinates":[[[9.09752,45.45496],[9.09947,45.45596],[9.10158,45.45536],[9.10176,45.45377],[9.09982,45.45276],[9.09771,45.45336],[9.09752,45.45496]]]},"properties":{"cdi":0.122,"o_score_pt":1154,"o_score_car":1475.1,"population":746}},{"type":"Feature","id":187,"geometry":{"type":"Polygon","coordinates":[[[9.10024,45.46781],[9.10044,45.46792],[9.10044,45.46792],[9.10024,45.46781],[9.10024,45.46781]]]},"properties":{"cdi":0.302,"o_score_pt":860.8,"o_score_car":1604.2,"population":0}},{"type":"Feature","id":188,"geometry":{"type":"Polygon","coordinates":[[[9.1074,45.46927],[9.10916,45.47018],[9.11105,45.46965],[9.11121,45.46822],[9.10945,45.46731],[9.10756,45.46784],[9.1074,45.46927]]]},"properties":{"cdi":0.18,"o_score_pt":1201.9,"o_score_car":1728,"population":420}},{"type":"Feature","id":189,"geometry":{"type":"Polygon","coordinates":[[[9.10889,45.47229],[9.11103,45.47339],[9.11338,45.47273],[9.11358,45.47096],[9.11144,45.46985],[9.1091,45.47052],[9.10889,45.47229]]]},"properties":{"cdi":0.127,"o_score_pt":1352,"o_score_car":1744.4,"population":1732}},{"type":"Feature","id":190,"geometry":{"type":"Polygon","coordinates":[[[9.08521,45.46188],[9.08731,45.46297],[9.08962,45.46232],[9.08982,45.46058],[9.08771,45.45949],[9.08541,45.46014],[9.08521,45.46188]]]},"properties":{"cdi":0.191,"o_score_pt":988.3,"o_score_car":1454.6,"population":1236}},{"type":"Feature","id":191,"geometry":{"type":"Polygon","coordinates":[[[9.13447,45.46673],[9.13661,45.46784],[9.13896,45.46717],[9.13916,45.4654],[9.13702,45.46429],[9.13468,45.46496],[9.13447,45.46673]]]},"properties":{"cdi":0.066,"o_score_pt":1658.7,"o_score_car":1894.9,"population":2294}},{"type":"Feature","id":192,"geometry":{"type":"Polygon","coordinates":[[[9.12568,45.4658],[9.12767,45.46683],[9.12983,45.46621],[9.13002,45.46458],[9.12803,45.46355],[9.12587,45.46417],[9.12568,45.4658]]]},"properties":{"cdi":0.096,"o_score_pt":1513.9,"o_score_car":1833.7,"population":856}},{"type":"Feature","id":193,"geometry":{"type":"Polygon","coordinates":[[[9.14438,45.46219],[9.14624,45.46315],[9.14824,45.46258],[9.14842,45.46107],[9.14656,45.4601],[9.14455,45.46068],[9.14438,45.46219]]]},"properties":{"cdi":0.083,"o_score_pt":1631.1,"o_score_car":1926.2,"population":573}},{"type":"Feature","id":194,"geometry":{"type":"Polygon","coordinates":[[[9.1228,45.45973],[9.12394,45.46032],[9.12507,45.46],[9.12516,45.45914],[9.12403,45.45856],[9.1229,45.45888],[9.1228,45.45973]]]},"properties":{"cdi":0.048,"o_score_pt":1491.3,"o_score_car":1642.9,"population":58}},{"type":"Feature","id":195,"geometry":{"type":"Polygon","coordinates":[[[9.12363,45.46296],[9.12572,45.46404],[9.12801,45.46339],[9.12821,45.46166],[9.12612,45.46058],[9.12383,45.46123],[9.12363,45.46296]]]},"properties":{"cdi":0.088,"o_score_pt":1538.3,"o_score_car":1835.9,"population":1188}},{"type":"Feature","id":196,"geometry":{"type":"Polygon","coordinates":[[[9.13122,45.45567],[9.13336,45.45677],[9.1357,45.4561],[9.13591,45.45433],[9.13377,45.45323],[9.13143,45.45389],[9.13122,45.45567]]]},"properties":{"cdi":0.103,"o_score_pt":1495.4,"o_score_car":1837.3,"population":1385}},{"type":"Feature","id":197,"geometry":{"type":"Polygon","coordinates":[[[9.12496,45.47626],[9.12651,45.47706],[9.12813,45.4766],[9.12828,45.47537],[9.12673,45.47457],[9.1251,45.47503],[9.12496,45.47626]]]},"properties":{"cdi":0.041,"o_score_pt":1758.6,"o_score_car":1910.4,"population":213}},{"type":"Feature","id":198,"geometry":{"type":"Polygon","coordinates":[[[9.14282,45.47292],[9.14496,45.47403],[9.14731,45.47336],[9.14751,45.47159],[9.14537,45.47049],[9.14303,45.47115],[9.14282,45.47292]]]},"properties":{"cdi":0.055,"o_score_pt":1800.3,"o_score_car":2007.9,"population":1447}},{"type":"Feature","id":199,"geometry":{"type":"Polygon","coordinates":[[[9.13386,45.47205],[9.136,45.47315],[9.13834,45.47248],[9.13855,45.47071],[9.13641,45.46961],[9.13406,45.47027],[9.13386,45.47205]]]},"properties":{"cdi":0.064,"o_score_pt":1657.6,"o_score_car":1884,"population":3153}},{"type":"Feature","id":200,"geometry":{"type":"Polygon","coordinates":[[[9.12254,45.46493],[9.12337,45.46536],[9.12413,45.46515],[9.1242,45.46457],[9.12337,45.46414],[9.1226,45.46435],[9.12254,45.46493]]]},"properties":{"cdi":0.102,"o_score_pt":1427,"o_score_car":1751.4,"population":22}},{"type":"Feature","id":201,"geometry":{"type":"Polygon","coordinates":[[[9.07417,45.43584],[9.07467,45.43609],[9.07502,45.43599],[9.07506,45.43572],[9.07456,45.43546],[9.07421,45.43556],[9.07417,45.43584]]]},"properties":{"cdi":1,"o_score_pt":0,"o_score_car":1343.9,"population":7}},{"type":"Feature","id":202,"geometry":{"type":"Polygon","coordinates":[[[9.0843,45.45357],[9.08605,45.45447],[9.08793,45.45394],[9.0881,45.45252],[9.08634,45.45161],[9.08447,45.45214],[9.0843,45.45357]]]},"properties":{"cdi":0.213,"o_score_pt":960.2,"o_score_car":1478.7,"population":413}},{"type":"Feature","id":203,"geometry":{"type":"Polygon","coordinates":[[[9.07239,45.44664],[9.07336,45.44714],[9.07428,45.44688],[9.07436,45.44617],[9.0734,45.44567],[9.07247,45.44594],[9.07239,45.44664]]]},"properties":{"cdi":0.348,"o_score_pt":558.5,"o_score_car":1153.6,"population":34}},{"type":"Feature","id":204,"geometry":{"type":"Polygon","coordinates":[[[9.11973,45.44349],[9.12124,45.44427],[9.12283,45.44382],[9.12297,45.44262],[9.12146,45.44183],[9.11987,45.44229],[9.11973,45.44349]]]},"properties":{"cdi":0.157,"o_score_pt":1181.5,"o_score_car":1623.1,"population":195}},{"type":"Feature","id":205,"geometry":{"type":"Polygon","coordinates":[[[9.12806,45.44457],[9.13012,45.44564],[9.13237,45.445],[9.13257,45.44329],[9.13051,45.44223],[9.12826,45.44287],[9.12806,45.44457]]]},"properties":{"cdi":0.064,"o_score_pt":1556.9,"o_score_car":1770.3,"population":1080}},{"type":"Feature","id":206,"geometry":{"type":"Polygon","coordinates":[[[9.1299,45.44747],[9.13204,45.44858],[9.13438,45.44791],[9.13459,45.44614],[9.13245,45.44504],[9.13011,45.4457],[9.1299,45.44747]]]},"properties":{"cdi":0.128,"o_score_pt":1365,"o_score_car":1766.6,"population":2685}},{"type":"Feature","id":207,"geometry":{"type":"Polygon","coordinates":[[[9.11723,45.44079],[9.11923,45.44183],[9.12141,45.44121],[9.12161,45.43956],[9.1196,45.43852],[9.11742,45.43914],[9.11723,45.44079]]]},"properties":{"cdi":0.165,"o_score_pt":1171.6,"o_score_car":1636.3,"population":903}},{"type":"Feature","id":208,"geometry":{"type":"Polygon","coordinates":[[[9.11794,45.4543],[9.11994,45.45533],[9.1221,45.45471],[9.1223,45.45307],[9.1203,45.45204],[9.11813,45.45266],[9.11794,45.4543]]]},"properties":{"cdi":0.064,"o_score_pt":1479.8,"o_score_car":1683.7,"population":875}},{"type":"Feature","id":209,"geometry":{"type":"Polygon","coordinates":[[[9.11076,45.45285],[9.11122,45.45308],[9.11152,45.453],[9.11155,45.45276],[9.11109,45.45253],[9.11079,45.45261],[9.11076,45.45285]]]},"properties":{"cdi":0.056,"o_score_pt":1481,"o_score_car":1658.1,"population":6}},{"type":"Feature","id":210,"geometry":{"type":"Polygon","coordinates":[[[9.12756,45.44985],[9.12952,45.45086],[9.13165,45.45026],[9.13184,45.44865],[9.12987,45.44763],[9.12774,45.44824],[9.12756,45.44985]]]},"properties":{"cdi":0.119,"o_score_pt":1405.4,"o_score_car":1786,"population":790}},{"type":"Feature","id":211,"geometry":{"type":"Polygon","coordinates":[[[9.08046,45.48199],[9.08066,45.48209],[9.08066,45.48209],[9.08046,45.48199],[9.08046,45.48199]]]},"properties":{"cdi":0.308,"o_score_pt":849.1,"o_score_car":1604,"population":0}},{"type":"Feature","id":212,"geometry":{"type":"Polygon","coordinates":[[[9.09775,45.47884],[9.09903,45.47951],[9.10035,45.47913],[9.10046,45.47814],[9.09917,45.47747],[9.09786,45.47785],[9.09775,45.47884]]]},"properties":{"cdi":0.231,"o_score_pt":1079.5,"o_score_car":1727.4,"population":94}},{"type":"Feature","id":213,"geometry":{"type":"Polygon","coordinates":[[[9.08784,45.47826],[9.08994,45.47935],[9.09224,45.47869],[9.09244,45.47696],[9.09034,45.47587],[9.08804,45.47652],[9.08784,45.47826]]]},"properties":{"cdi":0.19,"o_score_pt":1089.8,"o_score_car":1602.5,"population":1217}},{"type":"Feature","id":214,"geometry":{"type":"Polygon","coordinates":[[[9.07713,45.47095],[9.0774,45.47109],[9.07749,45.47107],[9.0775,45.471],[9.07722,45.47086],[9.07714,45.47088],[9.07713,45.47095]]]},"properties":{"cdi":0.336,"o_score_pt":702.1,"o_score_car":1412.2,"population":3}},{"type":"Feature","id":215,"geometry":{"type":"Polygon","coordinates":[[[9.08618,45.47181],[9.08637,45.47191],[9.08637,45.47191],[9.08618,45.47181],[9.08618,45.47181]]]},"properties":{"cdi":0.245,"o_score_pt":833.9,"o_score_car":1375,"population":0}},{"type":"Feature","id":216,"geometry":{"type":"Polygon","coordinates":[[[9.08621,45.47529],[9.08805,45.47624],[9.09003,45.47568],[9.09021,45.47418],[9.08837,45.47322],[9.08638,45.47379],[9.08621,45.47529]]]},"properties":{"cdi":0.16,"o_score_pt":1089.6,"o_score_car":1504.1,"population":543}},{"type":"Feature","id":217,"geometry":{"type":"Polygon","coordinates":[[[9.07683,45.48477],[9.07796,45.48536],[9.07909,45.48504],[9.07919,45.48418],[9.07805,45.48359],[9.07692,45.48391],[9.07683,45.48477]]]},"properties":{"cdi":0.306,"o_score_pt":846.4,"o_score_car":1594.2,"population":58}},{"type":"Feature","id":218,"geometry":{"type":"Polygon","coordinates":[[[9.0888,45.48818],[9.089,45.48828],[9.089,45.48828],[9.0888,45.48818],[9.0888,45.48818]]]},"properties":{"cdi":0.996,"o_score_pt":2.9,"o_score_car":1602.3,"population":0}},{"type":"Feature","id":219,"geometry":{"type":"Polygon","coordinates":[[[9.07598,45.48155],[9.07617,45.48165],[9.07617,45.48165],[9.07598,45.48155],[9.07598,45.48155]]]},"properties":{"cdi":0.384,"o_score_pt":650.3,"o_score_car":1460.4,"population":0}},{"type":"Feature","id":220,"geometry":{"type":"Polygon","coordinates":[[[9.11262,45.4832],[9.11435,45.48409],[9.11619,45.48357],[9.11635,45.48217],[9.11463,45.48128],[9.11278,45.4818],[9.11262,45.4832]]]},"properties":{"cdi":0.152,"o_score_pt":1263.2,"o_score_car":1717.7,"population":376}},{"type":"Feature","id":221,"geometry":{"type":"Polygon","coordinates":[[[9.11476,45.48601],[9.11631,45.48681],[9.11794,45.48635],[9.11808,45.48511],[9.11653,45.48431],[9.1149,45.48477],[9.11476,45.48601]]]},"properties":{"cdi":0.139,"o_score_pt":1346.1,"o_score_car":1782.1,"population":217}},{"type":"Feature","id":222,"geometry":{"type":"Polygon","coordinates":[[[9.12306,45.47849],[9.12405,45.479],[9.12499,45.47873],[9.12508,45.47801],[9.12409,45.4775],[9.12314,45.47777],[9.12306,45.47849]]]},"properties":{"cdi":0.047,"o_score_pt":1534.6,"o_score_car":1685.6,"population":36}},{"type":"Feature","id":223,"geometry":{"type":"Polygon","coordinates":[[[9.1024,45.47923],[9.10354,45.47982],[9.10467,45.47949],[9.10477,45.47863],[9.10363,45.47804],[9.1025,45.47837],[9.1024,45.47923]]]},"properties":{"cdi":0.141,"o_score_pt":1337.5,"o_score_car":1776.2,"population":59}},{"type":"Feature","id":224,"geometry":{"type":"Polygon","coordinates":[[[9.11997,45.47598],[9.12195,45.47701],[9.12411,45.4764],[9.1243,45.47477],[9.12232,45.47374],[9.12016,45.47435],[9.11997,45.47598]]]},"properties":{"cdi":0.092,"o_score_pt":1523.7,"o_score_car":1830.8,"population":845}},{"type":"Feature","id":225,"geometry":{"type":"Polygon","coordinates":[[[9.1109,45.47514],[9.11297,45.47621],[9.11524,45.47557],[9.11544,45.47386],[9.11336,45.47279],[9.1111,45.47343],[9.1109,45.47514]]]},"properties":{"cdi":0.138,"o_score_pt":1284.6,"o_score_car":1694.7,"population":1111}},{"type":"Feature","id":226,"geometry":{"type":"Polygon","coordinates":[[[9.1136,45.488],[9.11395,45.48818],[9.11412,45.48813],[9.11414,45.48799],[9.11379,45.48782],[9.11362,45.48786],[9.1136,45.488]]]},"properties":{"cdi":0.124,"o_score_pt":1374.8,"o_score_car":1764.2,"population":4}},{"type":"Feature","id":227,"geometry":{"type":"Polygon","coordinates":[[[9.12087,45.48942],[9.12268,45.49036],[9.12463,45.4898],[9.1248,45.48833],[9.12299,45.4874],[9.12104,45.48795],[9.12087,45.48942]]]},"properties":{"cdi":0.073,"o_score_pt":1569,"o_score_car":1814.9,"population":491}},{"type":"Feature","id":228,"geometry":{"type":"Polygon","coordinates":[[[9.12293,45.49226],[9.12463,45.49313],[9.12645,45.49262],[9.12661,45.49125],[9.12491,45.49037],[9.12309,45.49088],[9.12293,45.49226]]]},"properties":{"cdi":0.031,"o_score_pt":1666,"o_score_car":1773.2,"population":347}},{"type":"Feature","id":229,"geometry":{"type":"Polygon","coordinates":[[[9.1003,45.48152],[9.10105,45.48191],[9.10172,45.48172],[9.10178,45.48121],[9.10102,45.48082],[9.10035,45.48101],[9.1003,45.48152]]]},"properties":{"cdi":0.138,"o_score_pt":1200.8,"o_score_car":1584.6,"population":17}},{"type":"Feature","id":230,"geometry":{"type":"Polygon","coordinates":[[[9.07319,45.46011],[9.07407,45.46056],[9.07488,45.46033],[9.07495,45.45971],[9.07407,45.45926],[9.07326,45.45949],[9.07319,45.46011]]]},"properties":{"cdi":0.325,"o_score_pt":698.4,"o_score_car":1370.2,"population":25}},{"type":"Feature","id":231,"geometry":{"type":"Polygon","coordinates":[[[9.06501,45.45898],[9.06521,45.45908],[9.06521,45.45908],[9.06501,45.45898],[9.06501,45.45898]]]},"properties":{"cdi":0.705,"o_score_pt":240.7,"o_score_car":1389.5,"population":0}},{"type":"Feature","id":232,"geometry":{"type":"Polygon","coordinates":[[[9.08176,45.456],[9.08351,45.4569],[9.08537,45.45637],[9.08554,45.45496],[9.08379,45.45405],[9.08193,45.45458],[9.08176,45.456]]]},"properties":{"cdi":0.244,"o_score_pt":895.1,"o_score_car":1473.4,"population":401}},{"type":"Feature","id":233,"geometry":{"type":"Polygon","coordinates":[[[9.06115,45.45322],[9.06135,45.45332],[9.06135,45.45332],[9.06115,45.45322],[9.06115,45.45322]]]},"properties":{"cdi":0.453,"o_score_pt":489.1,"o_score_car":1299.7,"population":1}},{"type":"Feature","id":234,"geometry":{"type":"Polygon","coordinates":[[[9.06284,45.45617],[9.06325,45.45638],[9.06349,45.45632],[9.06351,45.45613],[9.06311,45.45592],[9.06287,45.45598],[9.06284,45.45617]]]},"properties":{"cdi":0.709,"o_score_pt":240.5,"o_score_car":1414.2,"population":5}},{"type":"Feature","id":235,"geometry":{"type":"Polygon","coordinates":[[[9.06909,45.44932],[9.0707,45.45015],[9.07242,45.44967],[9.07257,45.44837],[9.07095,45.44753],[9.06924,45.44802],[9.06909,45.44932]]]},"properties":{"cdi":0.283,"o_score_pt":713.1,"o_score_car":1277.2,"population":269}},{"type":"Feature","id":236,"geometry":{"type":"Polygon","coordinates":[[[9.08018,45.46673],[9.08222,45.46779],[9.08445,45.46716],[9.08465,45.46547],[9.0826,45.46442],[9.08038,45.46505],[9.08018,45.46673]]]},"properties":{"cdi":0.223,"o_score_pt":878.2,"o_score_car":1381.2,"population":1018}},{"type":"Feature","id":237,"geometry":{"type":"Polygon","coordinates":[[[9.06029,45.45861],[9.0607,45.45882],[9.06094,45.45875],[9.06096,45.45856],[9.06056,45.45835],[9.06031,45.45842],[9.06029,45.45861]]]},"properties":{"cdi":0.679,"o_score_pt":240.5,"o_score_car":1257.7,"population":5}},{"type":"Feature","id":238,"geometry":{"type":"Polygon","coordinates":[[[9.18207,45.44975],[9.18394,45.45072],[9.18596,45.45014],[9.18614,45.44862],[9.18427,45.44765],[9.18225,45.44822],[9.18207,45.44975]]]},"properties":{"cdi":0.073,"o_score_pt":1658,"o_score_car":1920.8,"population":592}},{"type":"Feature","id":239,"geometry":{"type":"Polygon","coordinates":[[[9.19077,45.45071],[9.19287,45.4518],[9.19517,45.45114],[9.19537,45.4494],[9.19327,45.44832],[9.19097,45.44897],[9.19077,45.45071]]]},"properties":{"cdi":0.058,"o_score_pt":1769.9,"o_score_car":1988.8,"population":1220}},{"type":"Feature","id":240,"geometry":{"type":"Polygon","coordinates":[[[9.19266,45.4536],[9.1948,45.4547],[9.19715,45.45404],[9.19735,45.45227],[9.19521,45.45116],[9.19287,45.45183],[9.19266,45.4536]]]},"properties":{"cdi":0.015,"o_score_pt":1943.1,"o_score_car":2002.4,"population":2004}},{"type":"Feature","id":241,"geometry":{"type":"Polygon","coordinates":[[[9.16919,45.44314],[9.1711,45.44412],[9.17316,45.44354],[9.17334,45.44198],[9.17143,45.44099],[9.16937,45.44158],[9.16919,45.44314]]]},"properties":{"cdi":-0.021,"o_score_pt":1914.7,"o_score_car":1836.2,"population":659}},{"type":"Feature","id":242,"geometry":{"type":"Polygon","coordinates":[[[9.17993,45.44694],[9.18198,45.448],[9.18421,45.44736],[9.1844,45.44568],[9.18236,45.44462],[9.18013,45.44525],[9.17993,45.44694]]]},"properties":{"cdi":0.066,"o_score_pt":1649.8,"o_score_car":1881.5,"population":1019}},{"type":"Feature","id":243,"geometry":{"type":"Polygon","coordinates":[[[9.18053,45.46048],[9.18267,45.46159],[9.18502,45.46092],[9.18522,45.45915],[9.18308,45.45804],[9.18074,45.45871],[9.18053,45.46048]]]},"properties":{"cdi":-0.039,"o_score_pt":2110.5,"o_score_car":1953.2,"population":1521}},{"type":"Feature","id":244,"geometry":{"type":"Polygon","coordinates":[[[9.17157,45.45961],[9.17371,45.46071],[9.17605,45.46004],[9.17626,45.45827],[9.17412,45.45717],[9.17177,45.45784],[9.17157,45.45961]]]},"properties":{"cdi":-0.029,"o_score_pt":2113.6,"o_score_car":1996,"population":1957}},{"type":"Feature","id":245,"geometry":{"type":"Polygon","coordinates":[[[9.19035,45.45596],[9.19229,45.45696],[9.19438,45.45637],[9.19457,45.45478],[9.19263,45.45378],[9.19054,45.45438],[9.19035,45.45596]]]},"properties":{"cdi":-0.018,"o_score_pt":2018.8,"o_score_car":1947.4,"population":721}},{"type":"Feature","id":246,"geometry":{"type":"Polygon","coordinates":[[[9.16773,45.45385],[9.16984,45.45494],[9.17215,45.45428],[9.17235,45.45253],[9.17024,45.45144],[9.16793,45.4521],[9.16773,45.45385]]]},"properties":{"cdi":-0.041,"o_score_pt":2170.6,"o_score_car":1999.5,"population":1260}},{"type":"Feature","id":247,"geometry":{"type":"Polygon","coordinates":[[[9.16963,45.45673],[9.17177,45.45784],[9.17412,45.45717],[9.17432,45.4554],[9.17218,45.45429],[9.16984,45.45496],[9.16963,45.45673]]]},"properties":{"cdi":0.006,"o_score_pt":1998.2,"o_score_car":2024.2,"population":2118}},{"type":"Feature","id":248,"geometry":{"type":"Polygon","coordinates":[[[9.20805,45.45778],[9.21019,45.45889],[9.21254,45.45822],[9.21274,45.45645],[9.2106,45.45534],[9.20826,45.45601],[9.20805,45.45778]]]},"properties":{"cdi":0.072,"o_score_pt":1731.1,"o_score_car":1998.6,"population":1839}},{"type":"Feature","id":249,"geometry":{"type":"Polygon","coordinates":[[[9.22682,45.45414],[9.22877,45.45515],[9.23089,45.45454],[9.23107,45.45294],[9.22912,45.45194],[9.22701,45.45254],[9.22682,45.45414]]]},"properties":{"cdi":0.1,"o_score_pt":1469.1,"o_score_car":1795.8,"population":754}},{"type":"Feature","id":250,"geometry":{"type":"Polygon","coordinates":[[[9.21763,45.45334],[9.21977,45.45444],[9.22212,45.45378],[9.22232,45.452],[9.22018,45.4509],[9.21784,45.45157],[9.21763,45.45334]]]},"properties":{"cdi":0.096,"o_score_pt":1594.1,"o_score_car":1932.2,"population":2837}},{"type":"Feature","id":251,"geometry":{"type":"Polygon","coordinates":[[[9.20521,45.44658],[9.20699,45.4475],[9.20889,45.44696],[9.20905,45.44552],[9.20728,45.4446],[9.20538,45.44514],[9.20521,45.44658]]]},"properties":{"cdi":0.003,"o_score_pt":1939.8,"o_score_car":1952.1,"population":437}},{"type":"Feature","id":252,"geometry":{"type":"Polygon","coordinates":[[[9.21385,45.44756],[9.21591,45.44862],[9.21816,45.44798],[9.21835,45.44628],[9.21629,45.44522],[9.21405,45.44586],[9.21385,45.44756]]]},"properties":{"cdi":0.026,"o_score_pt":1711.4,"o_score_car":1802.1,"population":1068}},{"type":"Feature","id":253,"geometry":{"type":"Polygon","coordinates":[[[9.2157,45.45046],[9.21784,45.45157],[9.22018,45.4509],[9.22038,45.44913],[9.21824,45.44802],[9.2159,45.44869],[9.2157,45.45046]]]},"properties":{"cdi":0.056,"o_score_pt":1697.5,"o_score_car":1897,"population":1957}},{"type":"Feature","id":254,"geometry":{"type":"Polygon","coordinates":[[[9.2055,45.46022],[9.20765,45.46133],[9.20999,45.46066],[9.21019,45.45889],[9.20805,45.45778],[9.20571,45.45845],[9.2055,45.46022]]]},"properties":{"cdi":0.051,"o_score_pt":1867,"o_score_car":2068.2,"population":1606}},{"type":"Feature","id":255,"geometry":{"type":"Polygon","coordinates":[[[9.21641,45.46397],[9.21855,45.46508],[9.2209,45.46441],[9.2211,45.46264],[9.21896,45.46153],[9.21662,45.4622],[9.21641,45.46397]]]},"properties":{"cdi":0.064,"o_score_pt":1781.5,"o_score_car":2025.6,"population":2142}},{"type":"Feature","id":256,"geometry":{"type":"Polygon","coordinates":[[[9.20357,45.45735],[9.20571,45.45845],[9.20805,45.45778],[9.20826,45.45601],[9.20612,45.45491],[9.20377,45.45558],[9.20357,45.45735]]]},"properties":{"cdi":0.06,"o_score_pt":1825.1,"o_score_car":2059.4,"population":2019}},{"type":"Feature","id":257,"geometry":{"type":"Polygon","coordinates":[[[9.1947,45.45644],[9.19675,45.4575],[9.19899,45.45686],[9.19918,45.45517],[9.19713,45.45412],[9.1949,45.45475],[9.1947,45.45644]]]},"properties":{"cdi":-0.031,"o_score_pt":2167.1,"o_score_car":2038.6,"population":1040}},{"type":"Feature","id":258,"geometry":{"type":"Polygon","coordinates":[[[9.16594,45.43207],[9.16784,45.43305],[9.1699,45.43246],[9.17008,45.43091],[9.16818,45.42993],[9.16612,45.43051],[9.16594,45.43207]]]},"properties":{"cdi":0.045,"o_score_pt":1499.9,"o_score_car":1640.8,"population":653}},{"type":"Feature","id":259,"geometry":{"type":"Polygon","coordinates":[[[9.16784,45.43496],[9.16977,45.43596],[9.17187,45.43536],[9.17205,45.43377],[9.17012,45.43277],[9.16802,45.43337],[9.16784,45.43496]]]},"properties":{"cdi":-0.031,"o_score_pt":1761,"o_score_car":1654.8,"population":722}},{"type":"Feature","id":260,"geometry":{"type":"Polygon","coordinates":[[[9.17525,45.42771],[9.17738,45.42881],[9.17972,45.42815],[9.17992,45.42638],[9.17779,45.42528],[9.17545,45.42594],[9.17525,45.42771]]]},"properties":{"cdi":0.008,"o_score_pt":1669.3,"o_score_car":1697.2,"population":1345}},{"type":"Feature","id":261,"geometry":{"type":"Polygon","coordinates":[[[9.15501,45.42833],[9.15694,45.42933],[9.15904,45.42873],[9.15922,45.42715],[9.15728,45.42615],[9.15519,45.42674],[9.15501,45.42833]]]},"properties":{"cdi":0.094,"o_score_pt":1179.7,"o_score_car":1425.5,"population":724}},{"type":"Feature","id":262,"geometry":{"type":"Polygon","coordinates":[[[9.17331,45.42484],[9.17545,45.42594],[9.17779,45.42527],[9.17799,45.4235],[9.17586,45.4224],[9.17351,45.42306],[9.17331,45.42484]]]},"properties":{"cdi":0.047,"o_score_pt":1451.4,"o_score_car":1595.1,"population":1375}},{"type":"Feature","id":263,"geometry":{"type":"Polygon","coordinates":[[[9.16565,45.42354],[9.16666,45.42407],[9.16764,45.42379],[9.16772,45.42305],[9.16671,45.42252],[9.16574,45.4228],[9.16565,45.42354]]]},"properties":{"cdi":0.163,"o_score_pt":1138.5,"o_score_car":1582.8,"population":39}},{"type":"Feature","id":264,"geometry":{"type":"Polygon","coordinates":[[[9.16626,45.43709],[9.16736,45.43766],[9.16844,45.43735],[9.16854,45.43652],[9.16744,45.43595],[9.16635,45.43626],[9.16626,45.43709]]]},"properties":{"cdi":-0.062,"o_score_pt":1941.7,"o_score_car":1715,"population":52}},{"type":"Feature","id":265,"geometry":{"type":"Polygon","coordinates":[[[9.17402,45.43835],[9.17616,45.43945],[9.1785,45.43878],[9.17871,45.43701],[9.17657,45.43591],[9.17422,45.43657],[9.17402,45.43835]]]},"properties":{"cdi":0.055,"o_score_pt":1596.2,"o_score_car":1780.8,"population":1676}},{"type":"Feature","id":266,"geometry":{"type":"Polygon","coordinates":[[[9.17595,45.44122],[9.17809,45.44233],[9.18044,45.44166],[9.18064,45.43989],[9.1785,45.43878],[9.17616,45.43945],[9.17595,45.44122]]]},"properties":{"cdi":0.081,"o_score_pt":1593.9,"o_score_car":1876.6,"population":1433}},{"type":"Feature","id":267,"geometry":{"type":"Polygon","coordinates":[[[9.15226,45.43083],[9.15437,45.43192],[9.15667,45.43126],[9.15687,45.42952],[9.15476,45.42844],[9.15246,45.42909],[9.15226,45.43083]]]},"properties":{"cdi":0.105,"o_score_pt":1267.1,"o_score_car":1564.5,"population":1227}},{"type":"Feature","id":268,"geometry":{"type":"Polygon","coordinates":[[[9.20175,45.43558],[9.2037,45.43659],[9.20581,45.43598],[9.206,45.43438],[9.20405,45.43338],[9.20193,45.43398],[9.20175,45.43558]]]},"properties":{"cdi":0.151,"o_score_pt":1300.2,"o_score_car":1762.7,"population":760}},{"type":"Feature","id":269,"geometry":{"type":"Polygon","coordinates":[[[9.19289,45.43467],[9.19475,45.43563],[9.19674,45.43506],[9.19692,45.43355],[9.19506,45.43259],[9.19307,45.43316],[9.19289,45.43467]]]},"properties":{"cdi":0.168,"o_score_pt":1251.6,"o_score_car":1755.3,"population":558}},{"type":"Feature","id":270,"geometry":{"type":"Polygon","coordinates":[[[9.21265,45.43071],[9.21345,45.43112],[9.21418,45.43092],[9.21425,45.43036],[9.21344,45.42995],[9.21271,45.43015],[9.21265,45.43071]]]},"properties":{"cdi":0.311,"o_score_pt":844.9,"o_score_car":1608.8,"population":20}},{"type":"Feature","id":271,"geometry":{"type":"Polygon","coordinates":[[[9.19094,45.4283],[9.19113,45.42841],[9.19113,45.42841],[9.19094,45.4283],[9.19094,45.4283]]]},"properties":{"cdi":0.392,"o_score_pt":731.6,"o_score_car":1676,"population":2}},{"type":"Feature","id":272,"geometry":{"type":"Polygon","coordinates":[[[9.192,45.43146],[9.19295,45.43195],[9.19386,45.43169],[9.19393,45.43101],[9.19299,45.43052],[9.19208,45.43077],[9.192,45.43146]]]},"properties":{"cdi":0.222,"o_score_pt":1086.8,"o_score_car":1706.1,"population":32}},{"type":"Feature","id":273,"geometry":{"type":"Polygon","coordinates":[[[9.19881,45.4244],[9.20048,45.42526],[9.20225,45.42476],[9.20241,45.42342],[9.20074,45.42256],[9.19897,45.42306],[9.19881,45.4244]]]},"properties":{"cdi":0.224,"o_score_pt":1044.7,"o_score_car":1648.3,"population":313}},{"type":"Feature","id":274,"geometry":{"type":"Polygon","coordinates":[[[9.19185,45.44525],[9.19355,45.44612],[9.19536,45.44561],[9.19551,45.44424],[9.19382,45.44336],[9.19201,45.44388],[9.19185,45.44525]]]},"properties":{"cdi":0.05,"o_score_pt":1648.1,"o_score_car":1822.2,"population":343}},{"type":"Feature","id":275,"geometry":{"type":"Polygon","coordinates":[[[9.20988,45.44184],[9.21202,45.44294],[9.21437,45.44227],[9.21457,45.4405],[9.21243,45.4394],[9.21009,45.44006],[9.20988,45.44184]]]},"properties":{"cdi":0.06,"o_score_pt":1619.4,"o_score_car":1827.5,"population":1932}},{"type":"Feature","id":276,"geometry":{"type":"Polygon","coordinates":[[[9.20154,45.44077],[9.20314,45.44159],[9.20483,45.44111],[9.20498,45.43983],[9.20338,45.439],[9.20169,45.43948],[9.20154,45.44077]]]},"properties":{"cdi":0.147,"o_score_pt":1369.2,"o_score_car":1843,"population":253}},{"type":"Feature","id":277,"geometry":{"type":"Polygon","coordinates":[[[9.18968,45.43383],[9.19044,45.43422],[9.1911,45.43403],[9.19116,45.43352],[9.19041,45.43313],[9.18974,45.43332],[9.18968,45.43383]]]},"properties":{"cdi":0.202,"o_score_pt":1156.9,"o_score_car":1741.8,"population":17}},{"type":"Feature","id":278,"geometry":{"type":"Polygon","coordinates":[[[9.15944,45.46649],[9.16158,45.46759],[9.16392,45.46692],[9.16413,45.46515],[9.16199,45.46405],[9.15964,45.46471],[9.15944,45.46649]]]},"properties":{"cdi":0.002,"o_score_pt":2022.3,"o_score_car":2029.5,"population":2000}},{"type":"Feature","id":279,"geometry":{"type":"Polygon","coordinates":[[[9.17043,45.47021],[9.17249,45.47128],[9.17475,45.47063],[9.17494,45.46893],[9.17288,45.46786],[9.17062,45.46851],[9.17043,45.47021]]]},"properties":{"cdi":-0.027,"o_score_pt":2209.4,"o_score_car":2091.7,"population":1089}},{"type":"Feature","id":280,"geometry":{"type":"Polygon","coordinates":[[[9.1575,45.46361],[9.15964,45.46471],[9.16199,45.46405],[9.16219,45.46228],[9.16005,45.46117],[9.15771,45.46184],[9.1575,45.46361]]]},"properties":{"cdi":0.043,"o_score_pt":1885.4,"o_score_car":2053.1,"population":1950}},{"type":"Feature","id":281,"geometry":{"type":"Polygon","coordinates":[[[9.14854,45.46273],[9.15068,45.46384],[9.15302,45.46317],[9.15322,45.4614],[9.15109,45.4603],[9.14874,45.46096],[9.14854,45.46273]]]},"properties":{"cdi":0.049,"o_score_pt":1805.6,"o_score_car":1992.6,"population":2530}},{"type":"Feature","id":282,"geometry":{"type":"Polygon","coordinates":[[[9.16708,45.45917],[9.16922,45.46027],[9.17157,45.45961],[9.17177,45.45784],[9.16963,45.45673],[9.16729,45.4574],[9.16708,45.45917]]]},"properties":{"cdi":-0.054,"o_score_pt":2298.3,"o_score_car":2061.5,"population":2049}},{"type":"Feature","id":283,"geometry":{"type":"Polygon","coordinates":[[[9.15821,45.47711],[9.16035,45.47822],[9.16269,45.47755],[9.1629,45.47578],[9.16076,45.47468],[9.15841,45.47534],[9.15821,45.47711]]]},"properties":{"cdi":0.043,"o_score_pt":1877.2,"o_score_car":2046.8,"population":1547}},{"type":"Feature","id":284,"geometry":{"type":"Polygon","coordinates":[[[9.16015,45.47999],[9.16229,45.48109],[9.16463,45.48043],[9.16483,45.47866],[9.16269,45.47755],[9.16035,45.47822],[9.16015,45.47999]]]},"properties":{"cdi":0.033,"o_score_pt":1939.7,"o_score_car":2072.9,"population":1942}},{"type":"Feature","id":285,"geometry":{"type":"Polygon","coordinates":[[[9.16795,45.47262],[9.16995,45.47366],[9.17213,45.47304],[9.17232,45.47139],[9.17032,45.47036],[9.16814,45.47098],[9.16795,45.47262]]]},"properties":{"cdi":0.019,"o_score_pt":1978.9,"o_score_car":2055.7,"population":889}},{"type":"Feature","id":286,"geometry":{"type":"Polygon","coordinates":[[[9.14731,45.47336],[9.14945,45.47447],[9.15179,45.4738],[9.152,45.47203],[9.14986,45.47092],[9.14751,45.47159],[9.14731,45.47336]]]},"properties":{"cdi":0.01,"o_score_pt":1957.9,"o_score_car":1998.2,"population":1920}},{"type":"Feature","id":287,"geometry":{"type":"Polygon","coordinates":[[[9.19565,45.46987],[9.1975,45.47083],[9.19949,45.47026],[9.19966,45.46876],[9.19781,45.4678],[9.19583,45.46837],[9.19565,45.46987]]]},"properties":{"cdi":-0.045,"o_score_pt":2247.5,"o_score_car":2055.8,"population":545}},{"type":"Feature","id":288,"geometry":{"type":"Polygon","coordinates":[[[9.20428,45.47085],[9.20642,45.47196],[9.20877,45.47129],[9.20897,45.46952],[9.20683,45.46842],[9.20449,45.46908],[9.20428,45.47085]]]},"properties":{"cdi":-0.011,"o_score_pt":2126.5,"o_score_car":2080.2,"population":1748}},{"type":"Feature","id":289,"geometry":{"type":"Polygon","coordinates":[[[9.20622,45.47373],[9.20836,45.47483],[9.21071,45.47417],[9.21091,45.47239],[9.20877,45.47129],[9.20642,45.47196],[9.20622,45.47373]]]},"properties":{"cdi":-0.015,"o_score_pt":2113.3,"o_score_car":2049.8,"population":2117}},{"type":"Feature","id":290,"geometry":{"type":"Polygon","coordinates":[[[9.18258,45.46332],[9.18463,45.46438],[9.18685,45.46374],[9.18705,45.46206],[9.185,45.461],[9.18278,45.46164],[9.18258,45.46332]]]},"properties":{"cdi":-0.063,"o_score_pt":2233.8,"o_score_car":1968,"population":1015}},{"type":"Feature","id":291,"geometry":{"type":"Polygon","coordinates":[[[9.19406,45.46689],[9.19561,45.46769],[9.19724,45.46722],[9.19738,45.46599],[9.19583,45.46519],[9.1942,45.46566],[9.19406,45.46689]]]},"properties":{"cdi":-0.072,"o_score_pt":2296.7,"o_score_car":1986.4,"population":214}},{"type":"Feature","id":292,"geometry":{"type":"Polygon","coordinates":[[[9.19428,45.48055],[9.19626,45.48157],[9.1984,45.48096],[9.19859,45.47934],[9.19661,45.47832],[9.19447,45.47893],[9.19428,45.48055]]]},"properties":{"cdi":-0.038,"o_score_pt":2280,"o_score_car":2112.8,"population":821}},{"type":"Feature","id":293,"geometry":{"type":"Polygon","coordinates":[[[9.18513,45.47973],[9.18726,45.48084],[9.1896,45.48017],[9.1898,45.47841],[9.18767,45.47731],[9.18533,45.47797],[9.18513,45.47973]]]},"properties":{"cdi":-0.025,"o_score_pt":2204.2,"o_score_car":2098,"population":1342}},{"type":"Feature","id":294,"geometry":{"type":"Polygon","coordinates":[[[9.20367,45.47617],[9.20581,45.47727],[9.20816,45.47661],[9.20836,45.47483],[9.20622,45.47373],[9.20388,45.4744],[9.20367,45.47617]]]},"properties":{"cdi":-0.034,"o_score_pt":2282.7,"o_score_car":2134.5,"population":1734}},{"type":"Feature","id":295,"geometry":{"type":"Polygon","coordinates":[[[9.18125,45.47399],[9.18339,45.47509],[9.18573,45.47442],[9.18594,45.47265],[9.18379,45.47155],[9.18145,45.47222],[9.18125,45.47399]]]},"properties":{"cdi":-0.048,"o_score_pt":2303.7,"o_score_car":2090.6,"population":1373}},{"type":"Feature","id":296,"geometry":{"type":"Polygon","coordinates":[[[9.18318,45.47686],[9.18532,45.47797],[9.18767,45.4773],[9.18787,45.47553],[9.18573,45.47442],[9.18339,45.47509],[9.18318,45.47686]]]},"properties":{"cdi":-0.054,"o_score_pt":2349.5,"o_score_car":2110.4,"population":1578}},{"type":"Feature","id":297,"geometry":{"type":"Polygon","coordinates":[[[9.14528,45.45167],[9.14742,45.45277],[9.14977,45.4521],[9.14997,45.45033],[9.14783,45.44923],[9.14549,45.4499],[9.14528,45.45167]]]},"properties":{"cdi":0.088,"o_score_pt":1616.5,"o_score_car":1929.2,"population":2840}},{"type":"Feature","id":298,"geometry":{"type":"Polygon","coordinates":[[[9.16398,45.44805],[9.16599,45.44909],[9.16817,45.44847],[9.16836,45.44682],[9.16635,45.44578],[9.16417,45.4464],[9.16398,45.44805]]]},"properties":{"cdi":0.035,"o_score_pt":1763.9,"o_score_car":1890.2,"population":909}},{"type":"Feature","id":299,"geometry":{"type":"Polygon","coordinates":[[[9.15511,45.44715],[9.15703,45.44814],[9.15912,45.44755],[9.1593,45.44597],[9.15738,45.44498],[9.15529,45.44557],[9.15511,45.44715]]]},"properties":{"cdi":0.032,"o_score_pt":1709.6,"o_score_car":1823.9,"population":700}},{"type":"Feature","id":300,"geometry":{"type":"Polygon","coordinates":[[[9.14218,45.44055],[9.14419,45.44159],[9.14638,45.44097],[9.14657,45.43931],[9.14456,45.43827],[9.14237,45.4389],[9.14218,45.44055]]]},"properties":{"cdi":0.145,"o_score_pt":1294.3,"o_score_car":1733.4,"population":923}},{"type":"Feature","id":301,"geometry":{"type":"Polygon","coordinates":[[[9.15101,45.44147],[9.15313,45.44256],[9.15546,45.4419],[9.15566,45.44015],[9.15354,45.43905],[9.15122,45.43971],[9.15101,45.44147]]]},"properties":{"cdi":0.107,"o_score_pt":1437.2,"o_score_car":1781.2,"population":1304}},{"type":"Feature","id":302,"geometry":{"type":"Polygon","coordinates":[[[9.15307,45.44431],[9.15509,45.44535],[9.15728,45.44472],[9.15747,45.44306],[9.15546,45.44202],[9.15326,45.44265],[9.15307,45.44431]]]},"properties":{"cdi":0.068,"o_score_pt":1589.9,"o_score_car":1820.7,"population":938}},{"type":"Feature","id":303,"geometry":{"type":"Polygon","coordinates":[[[9.14273,45.4541],[9.14487,45.45521],[9.14722,45.45454],[9.14742,45.45277],[9.14528,45.45167],[9.14294,45.45233],[9.14273,45.4541]]]},"properties":{"cdi":0.1,"o_score_pt":1521.2,"o_score_car":1858.2,"population":1589}},{"type":"Feature","id":304,"geometry":{"type":"Polygon","coordinates":[[[9.15363,45.45786],[9.15577,45.45896],[9.15812,45.4583],[9.15832,45.45652],[9.15618,45.45542],[9.15384,45.45609],[9.15363,45.45786]]]},"properties":{"cdi":0.098,"o_score_pt":1654.4,"o_score_car":2015.5,"population":2578}},{"type":"Feature","id":305,"geometry":{"type":"Polygon","coordinates":[[[9.1408,45.45123],[9.14294,45.45233],[9.14528,45.45167],[9.14549,45.4499],[9.14335,45.44879],[9.14101,45.44946],[9.1408,45.45123]]]},"properties":{"cdi":0.105,"o_score_pt":1525.6,"o_score_car":1881.7,"population":2319}},{"type":"Feature","id":306,"geometry":{"type":"Polygon","coordinates":[[[9.13194,45.45032],[9.13399,45.45138],[9.13622,45.45074],[9.13642,45.44905],[9.13437,45.448],[9.13214,45.44863],[9.13194,45.45032]]]},"properties":{"cdi":0.18,"o_score_pt":1252.3,"o_score_car":1800.5,"population":1029}},{"type":"Feature","id":307,"geometry":{"type":"Polygon","coordinates":[[[9.21808,45.52511],[9.21853,45.52534],[9.21884,45.52526],[9.21886,45.52502],[9.21841,45.52479],[9.2181,45.52487],[9.21808,45.52511]]]},"properties":{"cdi":0.025,"o_score_pt":1498.2,"o_score_car":1576.2,"population":6}},{"type":"Feature","id":308,"geometry":{"type":"Polygon","coordinates":[[[9.19409,45.52342],[9.19588,45.52434],[9.1978,45.5238],[9.19796,45.52235],[9.19618,45.52143],[9.19426,45.52197],[9.19409,45.52342]]]},"properties":{"cdi":0.159,"o_score_pt":1215.9,"o_score_car":1677,"population":453}},{"type":"Feature","id":309,"geometry":{"type":"Polygon","coordinates":[[[9.19787,45.52571],[9.19807,45.52581],[9.19807,45.52581],[9.19787,45.52571],[9.19787,45.52571]]]},"properties":{"cdi":0.143,"o_score_pt":1266.6,"o_score_car":1687.9,"population":0}},{"type":"Feature","id":310,"geometry":{"type":"Polygon","coordinates":[[[9.20347,45.51905],[9.20544,45.52006],[9.20758,45.51946],[9.20776,45.51784],[9.20579,45.51683],[9.20365,45.51743],[9.20347,45.51905]]]},"properties":{"cdi":0.019,"o_score_pt":1680.2,"o_score_car":1744.6,"population":803}},{"type":"Feature","id":311,"geometry":{"type":"Polygon","coordinates":[[[9.11262,45.51738],[9.11282,45.51748],[9.11282,45.51748],[9.11262,45.51738],[9.11262,45.51738]]]},"properties":{"cdi":0.995,"o_score_pt":4.1,"o_score_car":1545.6,"population":2}},{"type":"Feature","id":312,"geometry":{"type":"Polygon","coordinates":[[[9.12159,45.51826],[9.12179,45.51836],[9.12179,45.51836],[9.12159,45.51826],[9.12159,45.51826]]]},"properties":{"cdi":0.144,"o_score_pt":963.7,"o_score_car":1286.8,"population":2}},{"type":"Feature","id":313,"geometry":{"type":"Polygon","coordinates":[[[9.12146,45.52179],[9.12344,45.52281],[9.12559,45.5222],[9.12578,45.52058],[9.1238,45.51956],[9.12165,45.52017],[9.12146,45.52179]]]},"properties":{"cdi":0.314,"o_score_pt":746.8,"o_score_car":1429.7,"population":830}},{"type":"Feature","id":314,"geometry":{"type":"Polygon","coordinates":[[[9.09978,45.51075],[9.09998,45.51085],[9.09998,45.51085],[9.09978,45.51075],[9.09978,45.51075]]]},"properties":{"cdi":0.238,"o_score_pt":968.5,"o_score_car":1574.6,"population":2}},{"type":"Feature","id":315,"geometry":{"type":"Polygon","coordinates":[[[9.11068,45.5145],[9.11088,45.51461],[9.11088,45.51461],[9.11068,45.5145],[9.11068,45.5145]]]},"properties":{"cdi":0.425,"o_score_pt":660.3,"o_score_car":1634.6,"population":2}},{"type":"Feature","id":316,"geometry":{"type":"Polygon","coordinates":[[[9.098,45.52154],[9.09867,45.52189],[9.09924,45.52173],[9.09929,45.52129],[9.09862,45.52094],[9.09805,45.52111],[9.098,45.52154]]]},"properties":{"cdi":0.99,"o_score_pt":5.7,"o_score_car":1118,"population":13}},{"type":"Feature","id":317,"geometry":{"type":"Polygon","coordinates":[[[9.09936,45.5246],[9.10053,45.5252],[9.10169,45.52487],[9.1018,45.52399],[9.10063,45.52339],[9.09946,45.52372],[9.09936,45.5246]]]},"properties":{"cdi":0.995,"o_score_pt":3.7,"o_score_car":1338.8,"population":64}},{"type":"Feature","id":318,"geometry":{"type":"Polygon","coordinates":[[[9.0626,45.49903],[9.0628,45.49914],[9.0628,45.49914],[9.0626,45.49903],[9.0626,45.49903]]]},"properties":{"cdi":0.845,"o_score_pt":109.3,"o_score_car":1299.4,"population":1}},{"type":"Feature","id":319,"geometry":{"type":"Polygon","coordinates":[[[9.08086,45.49558],[9.08131,45.49582],[9.08162,45.49573],[9.08164,45.4955],[9.08119,45.49526],[9.08088,45.49535],[9.08086,45.49558]]]},"properties":{"cdi":0.253,"o_score_pt":845.2,"o_score_car":1419.1,"population":6}},{"type":"Feature","id":320,"geometry":{"type":"Polygon","coordinates":[[[9.07058,45.49512],[9.07217,45.49594],[9.07384,45.49546],[9.07399,45.4942],[9.0724,45.49338],[9.07073,45.49385],[9.07058,45.49512]]]},"properties":{"cdi":0.22,"o_score_pt":924.2,"o_score_car":1445.9,"population":242}},{"type":"Feature","id":321,"geometry":{"type":"Polygon","coordinates":[[[9.06753,45.48911],[9.06842,45.48956],[9.06924,45.48933],[9.06931,45.4887],[9.06843,45.48824],[9.0676,45.48848],[9.06753,45.48911]]]},"properties":{"cdi":0.312,"o_score_pt":777.4,"o_score_car":1482.5,"population":26}},{"type":"Feature","id":322,"geometry":{"type":"Polygon","coordinates":[[[9.06942,45.49199],[9.07034,45.49247],[9.07121,45.49222],[9.07128,45.49157],[9.07037,45.49109],[9.0695,45.49134],[9.06942,45.49199]]]},"properties":{"cdi":0.206,"o_score_pt":964.3,"o_score_car":1466,"population":29}},{"type":"Feature","id":323,"geometry":{"type":"Polygon","coordinates":[[[9.06005,45.50147],[9.06025,45.50157],[9.06025,45.50157],[9.06005,45.50147],[9.06005,45.50147]]]},"properties":{"cdi":1,"o_score_pt":0,"o_score_car":1151.9,"population":0}},{"type":"Feature","id":324,"geometry":{"type":"Polygon","coordinates":[[[9.07095,45.50523],[9.07114,45.50533],[9.07114,45.50533],[9.07095,45.50523],[9.07095,45.50523]]]},"properties":{"cdi":0.841,"o_score_pt":110.5,"o_score_car":1276.6,"population":0}},{"type":"Feature","id":325,"geometry":{"type":"Polygon","coordinates":[[[9.05812,45.49859],[9.05832,45.49869],[9.05832,45.49869],[9.05812,45.49859],[9.05812,45.49859]]]},"properties":{"cdi":1,"o_score_pt":0,"o_score_car":1151.9,"population":1}},{"type":"Feature","id":326,"geometry":{"type":"Polygon","coordinates":[[[9.09471,45.50027],[9.09648,45.50119],[9.09839,45.50065],[9.09856,45.49921],[9.09678,45.49829],[9.09488,45.49883],[9.09471,45.50027]]]},"properties":{"cdi":0.097,"o_score_pt":1324.6,"o_score_car":1609.9,"population":440}},{"type":"Feature","id":327,"geometry":{"type":"Polygon","coordinates":[[[9.09657,45.50316],[9.09841,45.50411],[9.10038,45.50355],[9.10056,45.50206],[9.09872,45.50111],[9.09675,45.50167],[9.09657,45.50316]]]},"properties":{"cdi":0.049,"o_score_pt":1429.9,"o_score_car":1577.3,"population":529}},{"type":"Feature","id":328,"geometry":{"type":"Polygon","coordinates":[[[9.10396,45.49594],[9.10602,45.49701],[9.10828,45.49637],[9.10848,45.49467],[9.10641,45.4936],[9.10415,45.49424],[9.10396,45.49594]]]},"properties":{"cdi":0.069,"o_score_pt":1431,"o_score_car":1641.8,"population":1100}},{"type":"Feature","id":329,"geometry":{"type":"Polygon","coordinates":[[[9.08534,45.49602],[9.0858,45.49626],[9.0861,45.49617],[9.08613,45.49594],[9.08567,45.4957],[9.08537,45.49579],[9.08534,45.49602]]]},"properties":{"cdi":0.486,"o_score_pt":535.9,"o_score_car":1551.1,"population":6}},{"type":"Feature","id":330,"geometry":{"type":"Polygon","coordinates":[[[9.10206,45.49306],[9.1041,45.49411],[9.10632,45.49348],[9.10651,45.4918],[9.10447,45.49075],[9.10225,45.49138],[9.10206,45.49306]]]},"properties":{"cdi":0.153,"o_score_pt":1219.1,"o_score_car":1658.9,"population":1001}},{"type":"Feature","id":331,"geometry":{"type":"Polygon","coordinates":[[[9.09522,45.4915],[9.09542,45.4916],[9.09542,45.4916],[9.09522,45.4915],[9.09522,45.4915]]]},"properties":{"cdi":0.252,"o_score_pt":950.1,"o_score_car":1590.9,"population":0}},{"type":"Feature","id":332,"geometry":{"type":"Polygon","coordinates":[[[9.09384,45.50566],[9.09583,45.50669],[9.098,45.50607],[9.09819,45.50444],[9.0962,45.50341],[9.09403,45.50402],[9.09384,45.50566]]]},"properties":{"cdi":0.099,"o_score_pt":1360.5,"o_score_car":1658,"population":860}},{"type":"Feature","id":333,"geometry":{"type":"Polygon","coordinates":[[[9.10343,45.50634],[9.10489,45.50709],[9.1064,45.50666],[9.10654,45.50552],[9.10508,45.50476],[9.10356,45.50519],[9.10343,45.50634]]]},"properties":{"cdi":0.126,"o_score_pt":1301.3,"o_score_car":1675.7,"population":160}},{"type":"Feature","id":334,"geometry":{"type":"Polygon","coordinates":[[[9.10682,45.50875],[9.10702,45.50885],[9.10702,45.50885],[9.10682,45.50875],[9.10682,45.50875]]]},"properties":{"cdi":0.256,"o_score_pt":972,"o_score_car":1641,"population":2}},{"type":"Feature","id":335,"geometry":{"type":"Polygon","coordinates":[[[9.06017,45.43981],[9.06062,45.44005],[9.06092,45.43996],[9.06095,45.43973],[9.0605,45.43949],[9.06019,45.43958],[9.06017,45.43981]]]},"properties":{"cdi":0.999,"o_score_pt":0.7,"o_score_car":1108.2,"population":6}},{"type":"Feature","id":336,"geometry":{"type":"Polygon","coordinates":[[[9.07004,45.43529],[9.07023,45.43539],[9.07023,45.43539],[9.07004,45.43529],[9.07004,45.43529]]]},"properties":{"cdi":0.999,"o_score_pt":0.4,"o_score_car":1161.1,"population":0}},{"type":"Feature","id":337,"geometry":{"type":"Polygon","coordinates":[[[9.05026,45.44946],[9.05046,45.44956],[9.05046,45.44956],[9.05026,45.44946],[9.05026,45.44946]]]},"properties":{"cdi":0.999,"o_score_pt":0.6,"o_score_car":1273.2,"population":0}},{"type":"Feature","id":338,"geometry":{"type":"Polygon","coordinates":[[[9.0688,45.44591],[9.069,45.44602],[9.069,45.44602],[9.0688,45.44591],[9.0688,45.44591]]]},"properties":{"cdi":0.29,"o_score_pt":617.7,"o_score_car":1122.6,"population":1}},{"type":"Feature","id":339,"geometry":{"type":"Polygon","coordinates":[[[9.05984,45.44503],[9.06004,45.44513],[9.06004,45.44513],[9.05984,45.44503],[9.05984,45.44503]]]},"properties":{"cdi":0.997,"o_score_pt":1.7,"o_score_car":1197.6,"population":0}},{"type":"Feature","id":340,"geometry":{"type":"Polygon","coordinates":[[[9.15631,45.41418],[9.1565,45.41428],[9.1565,45.41428],[9.15631,45.41418],[9.15631,45.41418]]]},"properties":{"cdi":0.262,"o_score_pt":721.8,"o_score_car":1234.9,"population":0}},{"type":"Feature","id":341,"geometry":{"type":"Polygon","coordinates":[[[9.16335,45.40705],[9.16407,45.40742],[9.16469,45.40724],[9.16474,45.40677],[9.16403,45.40639],[9.1634,45.40657],[9.16335,45.40705]]]},"properties":{"cdi":0.458,"o_score_pt":519.2,"o_score_car":1395.8,"population":15}},{"type":"Feature","id":342,"geometry":{"type":"Polygon","coordinates":[[[9.16155,45.40413],[9.16215,45.40443],[9.16263,45.4043],[9.16267,45.40393],[9.16207,45.40362],[9.1616,45.40376],[9.16155,45.40413]]]},"properties":{"cdi":0.318,"o_score_pt":704.2,"o_score_car":1360.7,"population":10}},{"type":"Feature","id":343,"geometry":{"type":"Polygon","coordinates":[[[9.15281,45.41692],[9.15383,45.41744],[9.15482,45.41716],[9.1549,45.41641],[9.15389,45.41589],[9.1529,45.41617],[9.15281,45.41692]]]},"properties":{"cdi":0.236,"o_score_pt":1010.6,"o_score_car":1634.7,"population":40}},{"type":"Feature","id":344,"geometry":{"type":"Polygon","coordinates":[[[9.16201,45.41772],[9.16282,45.41814],[9.16357,45.41793],[9.16364,45.41736],[9.16282,45.41694],[9.16207,45.41715],[9.16201,45.41772]]]},"properties":{"cdi":0.204,"o_score_pt":1038.3,"o_score_car":1569.5,"population":21}},{"type":"Feature","id":345,"geometry":{"type":"Polygon","coordinates":[[[9.16408,45.42055],[9.16478,45.42091],[9.16538,45.42074],[9.16543,45.42028],[9.16473,45.41992],[9.16413,45.42009],[9.16408,45.42055]]]},"properties":{"cdi":0.209,"o_score_pt":1051.3,"o_score_car":1605.4,"population":14}},{"type":"Feature","id":346,"geometry":{"type":"Polygon","coordinates":[[[9.13399,45.43081],[9.13419,45.43091],[9.13419,45.43091],[9.13399,45.43081],[9.13399,45.43081]]]},"properties":{"cdi":1,"o_score_pt":0.2,"o_score_car":1440.1,"population":0}},{"type":"Feature","id":347,"geometry":{"type":"Polygon","coordinates":[[[9.1503,45.42796],[9.15243,45.42906],[9.15476,45.4284],[9.15496,45.42664],[9.15283,45.42554],[9.1505,45.4262],[9.1503,45.42796]]]},"properties":{"cdi":0.097,"o_score_pt":1262.4,"o_score_car":1532.8,"population":1325}},{"type":"Feature","id":348,"geometry":{"type":"Polygon","coordinates":[[[9.1434,45.42643],[9.14375,45.42661],[9.14392,45.42656],[9.14394,45.42642],[9.14359,45.42624],[9.14342,45.42629],[9.1434,45.42643]]]},"properties":{"cdi":0.346,"o_score_pt":675,"o_score_car":1388.5,"population":4}},{"type":"Feature","id":349,"geometry":{"type":"Polygon","coordinates":[[[9.12919,45.42024],[9.13073,45.42104],[9.13235,45.42058],[9.1325,45.41935],[9.13095,45.41855],[9.12933,45.41901],[9.12919,45.42024]]]},"properties":{"cdi":0.993,"o_score_pt":4.9,"o_score_car":1364.6,"population":213}},{"type":"Feature","id":350,"geometry":{"type":"Polygon","coordinates":[[[9.13924,45.42077],[9.13984,45.42107],[9.14032,45.42094],[9.14036,45.42057],[9.13976,45.42026],[9.13929,45.4204],[9.13924,45.42077]]]},"properties":{"cdi":1,"o_score_pt":0.1,"o_score_car":1290.5,"population":10}},{"type":"Feature","id":351,"geometry":{"type":"Polygon","coordinates":[[[9.14147,45.42355],[9.14181,45.42373],[9.14199,45.42368],[9.142,45.42354],[9.14166,45.42336],[9.14148,45.42341],[9.14147,45.42355]]]},"properties":{"cdi":1,"o_score_pt":0.1,"o_score_car":1388.5,"population":4}},{"type":"Feature","id":352,"geometry":{"type":"Polygon","coordinates":[[[9.13087,45.43343],[9.13157,45.43379],[9.13216,45.43362],[9.13222,45.43317],[9.13152,45.43281],[9.13092,45.43298],[9.13087,45.43343]]]},"properties":{"cdi":1,"o_score_pt":0.2,"o_score_car":1459.1,"population":14}},{"type":"Feature","id":353,"geometry":{"type":"Polygon","coordinates":[[[9.14117,45.43738],[9.14238,45.438],[9.1436,45.43766],[9.14371,45.43673],[9.1425,45.43611],[9.14128,45.43645],[9.14117,45.43738]]]},"properties":{"cdi":0.183,"o_score_pt":1167.1,"o_score_car":1689.9,"population":74}},{"type":"Feature","id":354,"geometry":{"type":"Polygon","coordinates":[[[9.12951,45.43037],[9.12971,45.43048],[9.12971,45.43048],[9.12951,45.43037],[9.12951,45.43037]]]},"properties":{"cdi":0.341,"o_score_pt":765.7,"o_score_car":1557.7,"population":0}},{"type":"Feature","id":355,"geometry":{"type":"Polygon","coordinates":[[[9.26011,45.44121],[9.262,45.44219],[9.26405,45.4416],[9.26423,45.44005],[9.26233,45.43908],[9.26028,45.43966],[9.26011,45.44121]]]},"properties":{"cdi":0.219,"o_score_pt":969.2,"o_score_car":1511.7,"population":636}},{"type":"Feature","id":356,"geometry":{"type":"Polygon","coordinates":[[[9.26185,45.44415],[9.26392,45.44522],[9.26617,45.44457],[9.26637,45.44286],[9.2643,45.4418],[9.26204,45.44244],[9.26185,45.44415]]]},"properties":{"cdi":0.175,"o_score_pt":1107.7,"o_score_car":1576.5,"population":1095}},{"type":"Feature","id":357,"geometry":{"type":"Polygon","coordinates":[[[9.25116,45.43684],[9.25136,45.43694],[9.25136,45.43694],[9.25116,45.43684],[9.25116,45.43684]]]},"properties":{"cdi":0.215,"o_score_pt":975.2,"o_score_car":1510,"population":0}},{"type":"Feature","id":358,"geometry":{"type":"Polygon","coordinates":[[[9.26006,45.43261],[9.26084,45.43301],[9.26155,45.43281],[9.26162,45.43227],[9.26083,45.43186],[9.26012,45.43207],[9.26006,45.43261]]]},"properties":{"cdi":0.048,"o_score_pt":1285.4,"o_score_car":1414.5,"population":19}},{"type":"Feature","id":359,"geometry":{"type":"Polygon","coordinates":[[[9.26078,45.44612],[9.26157,45.44652],[9.26228,45.44632],[9.26234,45.44578],[9.26155,45.44537],[9.26084,45.44558],[9.26078,45.44612]]]},"properties":{"cdi":0.203,"o_score_pt":1066.2,"o_score_car":1609.5,"population":19}},{"type":"Feature","id":360,"geometry":{"type":"Polygon","coordinates":[[[9.24861,45.43928],[9.24881,45.43938],[9.24881,45.43938],[9.24861,45.43928],[9.24861,45.43928]]]},"properties":{"cdi":0.123,"o_score_pt":1196.8,"o_score_car":1533.7,"population":0}},{"type":"Feature","id":361,"geometry":{"type":"Polygon","coordinates":[[[9.04947,45.45483],[9.04982,45.45501],[9.04999,45.45496],[9.05001,45.45482],[9.04966,45.45464],[9.04949,45.45469],[9.04947,45.45483]]]},"properties":{"cdi":0.999,"o_score_pt":0.3,"o_score_car":1299,"population":4}},{"type":"Feature","id":362,"geometry":{"type":"Polygon","coordinates":[[[9.05157,45.45765],[9.05177,45.45775],[9.05177,45.45775],[9.05157,45.45765],[9.05157,45.45765]]]},"properties":{"cdi":0.778,"o_score_pt":155.8,"o_score_car":1246.5,"population":0}},{"type":"Feature","id":363,"geometry":{"type":"Polygon","coordinates":[[[9.04859,45.46022],[9.04916,45.46052],[9.0496,45.46039],[9.04964,45.46005],[9.04907,45.45976],[9.04863,45.45988],[9.04859,45.46022]]]},"properties":{"cdi":1,"o_score_pt":0,"o_score_car":1158.3,"population":9}},{"type":"Feature","id":364,"geometry":{"type":"Polygon","coordinates":[[[9.24462,45.4147],[9.24482,45.4148],[9.24482,45.4148],[9.24462,45.4147],[9.24462,45.4147]]]},"properties":{"cdi":0.251,"o_score_pt":849.7,"o_score_car":1420,"population":2}},{"type":"Feature","id":365,"geometry":{"type":"Polygon","coordinates":[[[9.23566,45.41383],[9.23585,45.41393],[9.23585,45.41393],[9.23566,45.41383],[9.23566,45.41383]]]},"properties":{"cdi":0.201,"o_score_pt":959.1,"o_score_car":1441.9,"population":2}},{"type":"Feature","id":366,"geometry":{"type":"Polygon","coordinates":[[[9.2446,45.42845],[9.24544,45.42889],[9.24622,45.42866],[9.24629,45.42807],[9.24544,45.42763],[9.24466,45.42786],[9.2446,45.42845]]]},"properties":{"cdi":0.107,"o_score_pt":1324.1,"o_score_car":1642.4,"population":23}},{"type":"Feature","id":367,"geometry":{"type":"Polygon","coordinates":[[[9.24509,45.43179],[9.24719,45.43287],[9.24948,45.43222],[9.24967,45.43048],[9.24758,45.4294],[9.24529,45.43006],[9.24509,45.43179]]]},"properties":{"cdi":0.087,"o_score_pt":1325.5,"o_score_car":1578.4,"population":1196}},{"type":"Feature","id":368,"geometry":{"type":"Polygon","coordinates":[[[9.23415,45.42456],[9.2346,45.42479],[9.2349,45.42471],[9.23493,45.42447],[9.23448,45.42424],[9.23417,45.42432],[9.23415,45.42456]]]},"properties":{"cdi":0.282,"o_score_pt":906.4,"o_score_car":1619.3,"population":6}},{"type":"Feature","id":369,"geometry":{"type":"Polygon","coordinates":[[[9.23948,45.46082],[9.24159,45.46191],[9.24391,45.46125],[9.24411,45.4595],[9.24199,45.45841],[9.23968,45.45907],[9.23948,45.46082]]]},"properties":{"cdi":0.068,"o_score_pt":1589.1,"o_score_car":1820.8,"population":1276}},{"type":"Feature","id":370,"geometry":{"type":"Polygon","coordinates":[[[9.25885,45.45698],[9.26026,45.4577],[9.26171,45.45729],[9.26184,45.45619],[9.26043,45.45546],[9.25898,45.45588],[9.25885,45.45698]]]},"properties":{"cdi":0.23,"o_score_pt":988.5,"o_score_car":1580.7,"population":136}},{"type":"Feature","id":371,"geometry":{"type":"Polygon","coordinates":[[[9.25002,45.45607],[9.25131,45.45673],[9.25261,45.45636],[9.25273,45.45536],[9.25144,45.4547],[9.25013,45.45508],[9.25002,45.45607]]]},"properties":{"cdi":0.192,"o_score_pt":1060.1,"o_score_car":1565.2,"population":93}},{"type":"Feature","id":372,"geometry":{"type":"Polygon","coordinates":[[[9.23714,45.44946],[9.23845,45.45014],[9.2398,45.44975],[9.23992,45.44873],[9.2386,45.44805],[9.23725,45.44844],[9.23714,45.44946]]]},"properties":{"cdi":0.18,"o_score_pt":1122,"o_score_car":1613.6,"population":103}},{"type":"Feature","id":373,"geometry":{"type":"Polygon","coordinates":[[[9.24612,45.45032],[9.24743,45.45099],[9.24875,45.45061],[9.24887,45.44961],[9.24757,45.44894],[9.24624,45.44932],[9.24612,45.45032]]]},"properties":{"cdi":0.174,"o_score_pt":1153.5,"o_score_car":1639.1,"population":98}},{"type":"Feature","id":374,"geometry":{"type":"Polygon","coordinates":[[[9.24842,45.45308],[9.24941,45.4536],[9.25037,45.45332],[9.25045,45.4526],[9.24946,45.45208],[9.2485,45.45236],[9.24842,45.45308]]]},"properties":{"cdi":0.161,"o_score_pt":1261.5,"o_score_car":1745.4,"population":37}},{"type":"Feature","id":375,"geometry":{"type":"Polygon","coordinates":[[[9.23725,45.46316],[9.23909,45.46411],[9.24107,45.46355],[9.24125,45.46205],[9.2394,45.4611],[9.23742,45.46166],[9.23725,45.46316]]]},"properties":{"cdi":0.042,"o_score_pt":1714.2,"o_score_car":1864.5,"population":540}},{"type":"Feature","id":376,"geometry":{"type":"Polygon","coordinates":[[[9.24954,45.46646],[9.25019,45.4668],[9.25073,45.46665],[9.25078,45.46623],[9.25013,45.4659],[9.24958,45.46605],[9.24954,45.46646]]]},"properties":{"cdi":0.239,"o_score_pt":1019.7,"o_score_car":1659.5,"population":12}},{"type":"Feature","id":377,"geometry":{"type":"Polygon","coordinates":[[[9.2355,45.46022],[9.23718,45.46109],[9.23896,45.46058],[9.23911,45.45923],[9.23744,45.45837],[9.23566,45.45888],[9.2355,45.46022]]]},"properties":{"cdi":0.076,"o_score_pt":1581.1,"o_score_car":1841.7,"population":320}},{"type":"Feature","id":378,"geometry":{"type":"Polygon","coordinates":[[[9.22679,45.45927],[9.22824,45.46002],[9.22976,45.45959],[9.22989,45.45844],[9.22843,45.4577],[9.22692,45.45813],[9.22679,45.45927]]]},"properties":{"cdi":0.15,"o_score_pt":1443.6,"o_score_car":1953.7,"population":159}},{"type":"Feature","id":379,"geometry":{"type":"Polygon","coordinates":[[[9.26133,45.45968],[9.26227,45.46017],[9.26316,45.45991],[9.26324,45.45924],[9.2623,45.45875],[9.26141,45.45901],[9.26133,45.45968]]]},"properties":{"cdi":0.997,"o_score_pt":2.1,"o_score_car":1484.4,"population":31}},{"type":"Feature","id":380,"geometry":{"type":"Polygon","coordinates":[[[9.23395,45.43836],[9.2352,45.439],[9.23646,45.43865],[9.23656,45.43769],[9.23532,45.43705],[9.23406,45.43741],[9.23395,45.43836]]]},"properties":{"cdi":0.045,"o_score_pt":1590.3,"o_score_car":1738.6,"population":82}},{"type":"Feature","id":381,"geometry":{"type":"Polygon","coordinates":[[[9.22395,45.43783],[9.22609,45.43893],[9.22843,45.43826],[9.22863,45.43649],[9.22649,45.43539],[9.22415,45.43605],[9.22395,45.43783]]]},"properties":{"cdi":0.047,"o_score_pt":1636.8,"o_score_car":1797.8,"population":1937}},{"type":"Feature","id":382,"geometry":{"type":"Polygon","coordinates":[[[9.24249,45.43425],[9.24463,45.43535],[9.24698,45.43468],[9.24718,45.43291],[9.24504,45.43181],[9.24269,45.43248],[9.24249,45.43425]]]},"properties":{"cdi":0.063,"o_score_pt":1364.1,"o_score_car":1549.1,"population":1458}},{"type":"Feature","id":383,"geometry":{"type":"Polygon","coordinates":[[[9.22034,45.43199],[9.22225,45.43298],[9.22432,45.43239],[9.2245,45.43082],[9.22258,45.42983],[9.22051,45.43042],[9.22034,45.43199]]]},"properties":{"cdi":0.143,"o_score_pt":1306.9,"o_score_car":1744.4,"population":673}},{"type":"Feature","id":384,"geometry":{"type":"Polygon","coordinates":[[[9.22201,45.43495],[9.22415,45.43605],[9.22649,45.43539],[9.2267,45.43361],[9.22456,45.43251],[9.22221,45.43318],[9.22201,45.43495]]]},"properties":{"cdi":0.071,"o_score_pt":1535.2,"o_score_car":1768.2,"population":1767}},{"type":"Feature","id":385,"geometry":{"type":"Polygon","coordinates":[[[9.23116,45.42714],[9.23199,45.42757],[9.23276,45.42735],[9.23282,45.42677],[9.23199,45.42634],[9.23123,45.42656],[9.23116,45.42714]]]},"properties":{"cdi":0.245,"o_score_pt":971.7,"o_score_car":1602.1,"population":22}},{"type":"Feature","id":386,"geometry":{"type":"Polygon","coordinates":[[[9.22371,45.44815],[9.225,45.44881],[9.22632,45.44844],[9.22643,45.44744],[9.22514,45.44677],[9.22382,45.44715],[9.22371,45.44815]]]},"properties":{"cdi":0.098,"o_score_pt":1484.2,"o_score_car":1805.5,"population":96}},{"type":"Feature","id":387,"geometry":{"type":"Polygon","coordinates":[[[9.24128,45.44488],[9.24342,45.44599],[9.24576,45.44532],[9.24596,45.44354],[9.24382,45.44244],[9.24148,45.44311],[9.24128,45.44488]]]},"properties":{"cdi":0.136,"o_score_pt":1182.6,"o_score_car":1555.3,"population":1686}},{"type":"Feature","id":388,"geometry":{"type":"Polygon","coordinates":[[[9.23355,45.44362],[9.23461,45.44417],[9.23566,45.44387],[9.23575,45.44307],[9.23468,45.44252],[9.23364,45.44282],[9.23355,45.44362]]]},"properties":{"cdi":0.11,"o_score_pt":1330.6,"o_score_car":1659.6,"population":47}},{"type":"Feature","id":389,"geometry":{"type":"Polygon","coordinates":[[[9.21946,45.43739],[9.2216,45.43849],[9.22395,45.43783],[9.22415,45.43605],[9.22201,45.43495],[9.21967,45.43562],[9.21946,45.43739]]]},"properties":{"cdi":0.047,"o_score_pt":1587.7,"o_score_car":1746.1,"population":2480}},{"type":"Feature","id":390,"geometry":{"type":"Polygon","coordinates":[[[9.20639,45.39823],[9.20802,45.39908],[9.20975,45.39858],[9.2099,45.39728],[9.20827,45.39643],[9.20654,45.39693],[9.20639,45.39823]]]},"properties":{"cdi":0.385,"o_score_pt":620,"o_score_car":1396.4,"population":278}},{"type":"Feature","id":391,"geometry":{"type":"Polygon","coordinates":[[[9.19908,45.39683],[9.19928,45.39693],[9.19928,45.39693],[9.19908,45.39683],[9.19908,45.39683]]]},"properties":{"cdi":0.996,"o_score_pt":2.9,"o_score_car":1404.7,"population":0}},{"type":"Feature","id":392,"geometry":{"type":"Polygon","coordinates":[[[9.19521,45.39108],[9.19541,45.39118],[9.19541,45.39118],[9.19521,45.39108],[9.19521,45.39108]]]},"properties":{"cdi":1,"o_score_pt":0,"o_score_car":1289.2,"population":0}},{"type":"Feature","id":393,"geometry":{"type":"Polygon","coordinates":[[[9.19715,45.39396],[9.19734,45.39406],[9.19734,45.39406],[9.19715,45.39396],[9.19715,45.39396]]]},"properties":{"cdi":1,"o_score_pt":0,"o_score_car":1130.4,"population":0}},{"type":"Feature","id":394,"geometry":{"type":"Polygon","coordinates":[[[9.19786,45.40747],[9.19806,45.40757],[9.19806,45.40757],[9.19786,45.40747],[9.19786,45.40747]]]},"properties":{"cdi":0.998,"o_score_pt":1.1,"o_score_car":1146.1,"population":0}},{"type":"Feature","id":395,"geometry":{"type":"Polygon","coordinates":[[[9.2164,45.40389],[9.2166,45.404],[9.2166,45.404],[9.2164,45.40389],[9.2164,45.40389]]]},"properties":{"cdi":0.378,"o_score_pt":552.8,"o_score_car":1225.2,"population":0}},{"type":"Feature","id":396,"geometry":{"type":"Polygon","coordinates":[[[9.20644,45.40334],[9.2075,45.40389],[9.20854,45.40359],[9.20863,45.4028],[9.20757,45.40226],[9.20653,45.40255],[9.20644,45.40334]]]},"properties":{"cdi":0.415,"o_score_pt":620.3,"o_score_car":1502,"population":46}},{"type":"Feature","id":397,"geometry":{"type":"Polygon","coordinates":[[[9.1946,45.3964],[9.1948,45.3965],[9.1948,45.3965],[9.1946,45.3964],[9.1946,45.3964]]]},"properties":{"cdi":1,"o_score_pt":0.1,"o_score_car":957.5,"population":0}},{"type":"Feature","id":398,"geometry":{"type":"Polygon","coordinates":[[[9.23071,45.40842],[9.23184,45.409],[9.23296,45.40868],[9.23305,45.40783],[9.23193,45.40725],[9.23081,45.40757],[9.23071,45.40842]]]},"properties":{"cdi":1,"o_score_pt":0,"o_score_car":1253.1,"population":57}},{"type":"Feature","id":399,"geometry":{"type":"Polygon","coordinates":[[[9.23372,45.41095],[9.23392,45.41105],[9.23392,45.41105],[9.23372,45.41095],[9.23372,45.41095]]]},"properties":{"cdi":0.216,"o_score_pt":897.5,"o_score_car":1391.5,"population":0}},{"type":"Feature","id":400,"geometry":{"type":"Polygon","coordinates":[[[9.18535,45.41448],[9.18589,45.41476],[9.18629,45.41464],[9.18632,45.41433],[9.18579,45.41406],[9.18539,45.41417],[9.18535,45.41448]]]},"properties":{"cdi":0.212,"o_score_pt":926.3,"o_score_car":1423.3,"population":8}},{"type":"Feature","id":401,"geometry":{"type":"Polygon","coordinates":[[[9.18768,45.41723],[9.18787,45.41734],[9.18787,45.41734],[9.18768,45.41723],[9.18768,45.41723]]]},"properties":{"cdi":0.991,"o_score_pt":6.4,"o_score_car":1425.2,"population":1}},{"type":"Feature","id":402,"geometry":{"type":"Polygon","coordinates":[[[9.19532,45.40991],[9.19551,45.41001],[9.19551,45.41001],[9.19532,45.40991],[9.19532,45.40991]]]},"properties":{"cdi":1,"o_score_pt":0.2,"o_score_car":1136.5,"population":0}},{"type":"Feature","id":403,"geometry":{"type":"Polygon","coordinates":[[[9.17272,45.41129],[9.17475,45.41234],[9.17697,45.41171],[9.17716,45.41003],[9.17513,45.40898],[9.17291,45.40961],[9.17272,45.41129]]]},"properties":{"cdi":0.126,"o_score_pt":1162.8,"o_score_car":1496.7,"population":990}},{"type":"Feature","id":404,"geometry":{"type":"Polygon","coordinates":[[[9.19338,45.40703],[9.19358,45.40714],[9.19358,45.40714],[9.19338,45.40703],[9.19338,45.40703]]]},"properties":{"cdi":0.998,"o_score_pt":0.9,"o_score_car":1176.2,"population":1}},{"type":"Feature","id":405,"geometry":{"type":"Polygon","coordinates":[[[9.18442,45.40616],[9.18461,45.40626],[9.18461,45.40626],[9.18442,45.40616],[9.18442,45.40616]]]},"properties":{"cdi":0.207,"o_score_pt":827.2,"o_score_car":1258.6,"population":0}},{"type":"Feature","id":406,"geometry":{"type":"Polygon","coordinates":[[[9.18513,45.41967],[9.18533,45.41978],[9.18533,45.41978],[9.18513,45.41967],[9.18513,45.41967]]]},"properties":{"cdi":0.141,"o_score_pt":922.7,"o_score_car":1225.2,"population":0}},{"type":"Feature","id":407,"geometry":{"type":"Polygon","coordinates":[[[9.19409,45.42055],[9.19429,45.42065],[9.19429,45.42065],[9.19409,45.42055],[9.19409,45.42055]]]},"properties":{"cdi":0.638,"o_score_pt":323.8,"o_score_car":1466.4,"population":2}},{"type":"Feature","id":408,"geometry":{"type":"Polygon","coordinates":[[[9.19603,45.42342],[9.19623,45.42353],[9.19623,45.42353],[9.19603,45.42342],[9.19603,45.42342]]]},"properties":{"cdi":0.378,"o_score_pt":714.7,"o_score_car":1584.5,"population":0}},{"type":"Feature","id":409,"geometry":{"type":"Polygon","coordinates":[[[9.17005,45.41377],[9.17219,45.41487],[9.17453,45.4142],[9.17474,45.41243],[9.1726,45.41133],[9.17026,45.41199],[9.17005,45.41377]]]},"properties":{"cdi":0.117,"o_score_pt":1131.5,"o_score_car":1432,"population":1500}},{"type":"Feature","id":410,"geometry":{"type":"Polygon","coordinates":[[[9.2216,45.41784],[9.2218,45.41794],[9.2218,45.41794],[9.2216,45.41784],[9.2216,45.41784]]]},"properties":{"cdi":0.289,"o_score_pt":735.3,"o_score_car":1332.9,"population":0}},{"type":"Feature","id":411,"geometry":{"type":"Polygon","coordinates":[[[9.21263,45.41697],[9.21283,45.41707],[9.21283,45.41707],[9.21263,45.41697],[9.21263,45.41697]]]},"properties":{"cdi":0.36,"o_score_pt":710.3,"o_score_car":1509,"population":0}},{"type":"Feature","id":412,"geometry":{"type":"Polygon","coordinates":[[[9.23117,45.41339],[9.23137,45.4135],[9.23137,45.4135],[9.23117,45.41339],[9.23117,45.41339]]]},"properties":{"cdi":0.187,"o_score_pt":958,"o_score_car":1397.3,"population":2}},{"type":"Feature","id":413,"geometry":{"type":"Polygon","coordinates":[[[9.20876,45.41122],[9.20896,45.41132],[9.20896,45.41132],[9.20876,45.41122],[9.20876,45.41122]]]},"properties":{"cdi":0.414,"o_score_pt":619.4,"o_score_car":1495.9,"population":1}},{"type":"Feature","id":414,"geometry":{"type":"Polygon","coordinates":[[[9.21024,45.41424],[9.21083,45.41455],[9.21131,45.41442],[9.21135,45.41405],[9.21076,45.41374],[9.21028,45.41388],[9.21024,45.41424]]]},"properties":{"cdi":0.657,"o_score_pt":315.7,"o_score_car":1527.1,"population":10}},{"type":"Feature","id":415,"geometry":{"type":"Polygon","coordinates":[[[9.20964,45.42817],[9.21137,45.42907],[9.21322,45.42854],[9.21338,45.42714],[9.21165,45.42625],[9.2098,45.42678],[9.20964,45.42817]]]},"properties":{"cdi":0.239,"o_score_pt":963.1,"o_score_car":1569.3,"population":380}},{"type":"Feature","id":416,"geometry":{"type":"Polygon","coordinates":[[[9.22966,45.42412],[9.23012,45.42436],[9.23042,45.42427],[9.23045,45.42404],[9.22999,45.4238],[9.22969,45.42389],[9.22966,45.42412]]]},"properties":{"cdi":0.202,"o_score_pt":1089.4,"o_score_car":1640.6,"population":6}},{"type":"Feature","id":417,"geometry":{"type":"Polygon","coordinates":[[[9.22099,45.42316],[9.22119,45.42326],[9.22119,45.42326],[9.22099,45.42316],[9.22099,45.42316]]]},"properties":{"cdi":0.997,"o_score_pt":2.1,"o_score_car":1420.7,"population":1}},{"type":"Feature","id":418,"geometry":{"type":"Polygon","coordinates":[[[9.20815,45.41654],[9.20835,45.41664],[9.20835,45.41664],[9.20815,45.41654],[9.20815,45.41654]]]},"properties":{"cdi":0.306,"o_score_pt":828.2,"o_score_car":1557.2,"population":0}},{"type":"Feature","id":419,"geometry":{"type":"Polygon","coordinates":[[[9.18116,45.39509],[9.18136,45.39519],[9.18136,45.39519],[9.18116,45.39509],[9.18116,45.39509]]]},"properties":{"cdi":0.565,"o_score_pt":357.7,"o_score_car":1288,"population":0}},{"type":"Feature","id":420,"geometry":{"type":"Polygon","coordinates":[[[9.16873,45.40557],[9.17087,45.40668],[9.17321,45.40601],[9.17342,45.40424],[9.17128,45.40313],[9.16894,45.4038],[9.16873,45.40557]]]},"properties":{"cdi":0.129,"o_score_pt":1040.7,"o_score_car":1349.7,"population":1678}},{"type":"Feature","id":421,"geometry":{"type":"Polygon","coordinates":[[[9.17862,45.39753],[9.17881,45.39763],[9.17881,45.39763],[9.17862,45.39753],[9.17862,45.39753]]]},"properties":{"cdi":0.195,"o_score_pt":705.2,"o_score_car":1047.4,"population":0}},{"type":"Feature","id":422,"geometry":{"type":"Polygon","coordinates":[[[9.16237,45.50673],[9.16381,45.50748],[9.16532,45.50705],[9.16545,45.50591],[9.164,45.50517],[9.1625,45.5056],[9.16237,45.50673]]]},"properties":{"cdi":0.165,"o_score_pt":1356.6,"o_score_car":1891.4,"population":155}},{"type":"Feature","id":423,"geometry":{"type":"Polygon","coordinates":[[[9.15454,45.50549],[9.155,45.50573],[9.1553,45.50564],[9.15533,45.5054],[9.15487,45.50517],[9.15457,45.50526],[9.15454,45.50549]]]},"properties":{"cdi":0.192,"o_score_pt":1166.2,"o_score_car":1720.2,"population":6}},{"type":"Feature","id":424,"geometry":{"type":"Polygon","coordinates":[[[9.17115,45.50255],[9.17329,45.50366],[9.17563,45.50299],[9.17584,45.50122],[9.1737,45.50012],[9.17135,45.50078],[9.17115,45.50255]]]},"properties":{"cdi":0.062,"o_score_pt":1694.2,"o_score_car":1919.4,"population":1481}},{"type":"Feature","id":425,"geometry":{"type":"Polygon","coordinates":[[[9.14872,45.50036],[9.15086,45.50147],[9.1532,45.5008],[9.15341,45.49903],[9.15127,45.49793],[9.14892,45.49859],[9.14872,45.50036]]]},"properties":{"cdi":0.158,"o_score_pt":1403.3,"o_score_car":1928.3,"population":2200}},{"type":"Feature","id":426,"geometry":{"type":"Polygon","coordinates":[[[9.15127,45.50304],[9.15288,45.50387],[9.15458,45.50339],[9.15473,45.5021],[9.15312,45.50127],[9.15142,45.50176],[9.15127,45.50304]]]},"properties":{"cdi":0.17,"o_score_pt":1258.8,"o_score_car":1773.6,"population":258}},{"type":"Feature","id":427,"geometry":{"type":"Polygon","coordinates":[[[9.1589,45.49574],[9.16053,45.49658],[9.16225,45.49609],[9.1624,45.49478],[9.16077,45.49394],[9.15905,45.49443],[9.1589,45.49574]]]},"properties":{"cdi":0.087,"o_score_pt":1572.6,"o_score_car":1870.8,"population":275}},{"type":"Feature","id":428,"geometry":{"type":"Polygon","coordinates":[[[9.15158,45.51667],[9.15353,45.51767],[9.15564,45.51707],[9.15583,45.51548],[9.15388,45.51447],[9.15177,45.51507],[9.15158,45.51667]]]},"properties":{"cdi":0.155,"o_score_pt":1224.2,"o_score_car":1674.7,"population":750}},{"type":"Feature","id":429,"geometry":{"type":"Polygon","coordinates":[[[9.16998,45.51316],[9.17207,45.51423],[9.17435,45.51359],[9.17455,45.51186],[9.17246,45.51079],[9.17018,45.51144],[9.16998,45.51316]]]},"properties":{"cdi":-0.028,"o_score_pt":1971,"o_score_car":1865,"population":1163}},{"type":"Feature","id":430,"geometry":{"type":"Polygon","coordinates":[[[9.16233,45.51186],[9.16328,45.51235],[9.16418,45.51209],[9.16426,45.51141],[9.16331,45.51092],[9.16241,45.51118],[9.16233,45.51186]]]},"properties":{"cdi":0.122,"o_score_pt":1438.3,"o_score_car":1836.5,"population":32}},{"type":"Feature","id":431,"geometry":{"type":"Polygon","coordinates":[[[9.15035,45.50496],[9.15055,45.50506],[9.15055,45.50506],[9.15035,45.50496],[9.15035,45.50496]]]},"properties":{"cdi":0.212,"o_score_pt":1127.5,"o_score_car":1734.1,"population":0}},{"type":"Feature","id":432,"geometry":{"type":"Polygon","coordinates":[[[9.18704,45.50658],[9.18875,45.50746],[9.19057,45.50694],[9.19073,45.50557],[9.18902,45.50469],[9.1872,45.5052],[9.18704,45.50658]]]},"properties":{"cdi":0.094,"o_score_pt":1596.2,"o_score_car":1929.1,"population":353}},{"type":"Feature","id":433,"geometry":{"type":"Polygon","coordinates":[[[9.19745,45.51049],[9.1996,45.51159],[9.20194,45.51093],[9.20215,45.50915],[9.2,45.50805],[9.19766,45.50872],[9.19745,45.51049]]]},"properties":{"cdi":0.047,"o_score_pt":1737.1,"o_score_car":1909.9,"population":2279}},{"type":"Feature","id":434,"geometry":{"type":"Polygon","coordinates":[[[9.18468,45.50384],[9.18676,45.50491],[9.18902,45.50427],[9.18922,45.50256],[9.18714,45.50149],[9.18488,45.50213],[9.18468,45.50384]]]},"properties":{"cdi":0.025,"o_score_pt":1794.2,"o_score_car":1887.7,"population":1114}},{"type":"Feature","id":435,"geometry":{"type":"Polygon","coordinates":[[[9.17563,45.50299],[9.17777,45.5041],[9.18012,45.50343],[9.18032,45.50166],[9.17818,45.50055],[9.17584,45.50122],[9.17563,45.50299]]]},"properties":{"cdi":0.063,"o_score_pt":1741.1,"o_score_car":1976.3,"population":1910}},{"type":"Feature","id":436,"geometry":{"type":"Polygon","coordinates":[[[9.19419,45.49943],[9.19633,45.50053],[9.19868,45.49986],[9.19888,45.49809],[9.19674,45.49699],[9.1944,45.49766],[9.19419,45.49943]]]},"properties":{"cdi":0.008,"o_score_pt":1956.1,"o_score_car":1989.3,"population":2828}},{"type":"Feature","id":437,"geometry":{"type":"Polygon","coordinates":[[[9.18532,45.51736],[9.18746,45.51847],[9.18981,45.5178],[9.19001,45.51603],[9.18787,45.51493],[9.18552,45.51559],[9.18532,45.51736]]]},"properties":{"cdi":0.118,"o_score_pt":1366.8,"o_score_car":1731.9,"population":1585}},{"type":"Feature","id":438,"geometry":{"type":"Polygon","coordinates":[[[9.1875,45.52016],[9.18943,45.52116],[9.19152,45.52056],[9.1917,45.51898],[9.18977,45.51799],[9.18768,45.51858],[9.1875,45.52016]]]},"properties":{"cdi":0.109,"o_score_pt":1408.3,"o_score_car":1753.1,"population":708}},{"type":"Feature","id":439,"geometry":{"type":"Polygon","coordinates":[[[9.19506,45.51288],[9.19707,45.51391],[9.19925,45.51329],[9.19944,45.51164],[9.19743,45.51061],[9.19525,45.51123],[9.19506,45.51288]]]},"properties":{"cdi":0.091,"o_score_pt":1524.2,"o_score_car":1830.4,"population":900}},{"type":"Feature","id":440,"geometry":{"type":"Polygon","coordinates":[[[9.17441,45.51362],[9.17655,45.51472],[9.17889,45.51405],[9.1791,45.51228],[9.17696,45.51118],[9.17461,45.51184],[9.17441,45.51362]]]},"properties":{"cdi":0.005,"o_score_pt":1853.3,"o_score_car":1870.2,"population":1736}},{"type":"Feature","id":441,"geometry":{"type":"Polygon","coordinates":[[[9.14628,45.48392],[9.14825,45.48494],[9.15038,45.48433],[9.15057,45.48272],[9.1486,45.4817],[9.14647,45.48231],[9.14628,45.48392]]]},"properties":{"cdi":0.031,"o_score_pt":1846.1,"o_score_car":1965,"population":795}},{"type":"Feature","id":442,"geometry":{"type":"Polygon","coordinates":[[[9.15505,45.48486],[9.15719,45.48597],[9.15953,45.4853],[9.15974,45.48353],[9.1576,45.48243],[9.15525,45.48309],[9.15505,45.48486]]]},"properties":{"cdi":0.06,"o_score_pt":1817.3,"o_score_car":2048.1,"population":2024}},{"type":"Feature","id":443,"geometry":{"type":"Polygon","coordinates":[[[9.15698,45.48774],[9.15912,45.48884],[9.16147,45.48818],[9.16167,45.48641],[9.15953,45.4853],[9.15719,45.48597],[9.15698,45.48774]]]},"properties":{"cdi":0.049,"o_score_pt":1862.1,"o_score_car":2053.9,"population":2603}},{"type":"Feature","id":444,"geometry":{"type":"Polygon","coordinates":[[[9.13373,45.4772],[9.13545,45.47809],[9.13728,45.47757],[9.13744,45.47618],[9.13572,45.4753],[9.13389,45.47582],[9.13373,45.4772]]]},"properties":{"cdi":0.028,"o_score_pt":1789.8,"o_score_car":1891.8,"population":365}},{"type":"Feature","id":445,"geometry":{"type":"Polygon","coordinates":[[[9.14423,45.48108],[9.1463,45.48215],[9.14854,45.48151],[9.14874,45.47981],[9.14668,45.47874],[9.14443,45.47938],[9.14423,45.48108]]]},"properties":{"cdi":0.009,"o_score_pt":1951.5,"o_score_car":1986.6,"population":1071}},{"type":"Feature","id":446,"geometry":{"type":"Polygon","coordinates":[[[9.14485,45.49461],[9.14699,45.49572],[9.14933,45.49505],[9.14954,45.49328],[9.1474,45.49218],[9.14505,45.49284],[9.14485,45.49461]]]},"properties":{"cdi":0.106,"o_score_pt":1545.6,"o_score_car":1910.9,"population":2301}},{"type":"Feature","id":447,"geometry":{"type":"Polygon","coordinates":[[[9.13641,45.49357],[9.13809,45.49444],[9.13988,45.49393],[9.14004,45.49257],[9.13836,45.4917],[9.13656,45.49221],[9.13641,45.49357]]]},"properties":{"cdi":0.149,"o_score_pt":1340.8,"o_score_car":1811,"population":328}},{"type":"Feature","id":448,"geometry":{"type":"Polygon","coordinates":[[[9.15459,45.49013],[9.15659,45.49116],[9.15877,45.49054],[9.15896,45.48889],[9.15696,45.48786],[9.15478,45.48848],[9.15459,45.49013]]]},"properties":{"cdi":0.082,"o_score_pt":1710,"o_score_car":2014.7,"population":894}},{"type":"Feature","id":449,"geometry":{"type":"Polygon","coordinates":[[[9.13339,45.48754],[9.13434,45.48803],[9.13524,45.48778],[9.13532,45.48709],[9.13437,45.4866],[9.13347,45.48686],[9.13339,45.48754]]]},"properties":{"cdi":0.03,"o_score_pt":1719.1,"o_score_car":1825.7,"population":32}},{"type":"Feature","id":450,"geometry":{"type":"Polygon","coordinates":[[[9.13499,45.49053],[9.13623,45.49117],[9.13748,45.49081],[9.13759,45.48986],[9.13635,45.48922],[9.1351,45.48958],[9.13499,45.49053]]]},"properties":{"cdi":0.03,"o_score_pt":1655.3,"o_score_car":1756.7,"population":81}},{"type":"Feature","id":451,"geometry":{"type":"Polygon","coordinates":[[[9.17384,45.49146],[9.17471,45.49191],[9.17553,45.49168],[9.1756,45.49106],[9.17472,45.49061],[9.17391,45.49084],[9.17384,45.49146]]]},"properties":{"cdi":0.02,"o_score_pt":1840.1,"o_score_car":1916.1,"population":25}},{"type":"Feature","id":452,"geometry":{"type":"Polygon","coordinates":[[[9.19094,45.48836],[9.19307,45.48946],[9.1954,45.48879],[9.19561,45.48703],[9.19348,45.48593],[9.19114,45.4866],[9.19094,45.48836]]]},"properties":{"cdi":-0.056,"o_score_pt":2306.7,"o_score_car":2061.9,"population":1332}},{"type":"Feature","id":453,"geometry":{"type":"Polygon","coordinates":[[[9.18216,45.48742],[9.18413,45.48844],[9.18626,45.48783],[9.18644,45.48622],[9.18448,45.48521],[9.18235,45.48581],[9.18216,45.48742]]]},"properties":{"cdi":-0.015,"o_score_pt":1940.6,"o_score_car":1883.9,"population":790}},{"type":"Feature","id":454,"geometry":{"type":"Polygon","coordinates":[[[9.16911,45.48086],[9.17125,45.48197],[9.1736,45.4813],[9.1738,45.47953],[9.17166,45.47843],[9.16932,45.47909],[9.16911,45.48086]]]},"properties":{"cdi":0.044,"o_score_pt":1927.7,"o_score_car":2105.2,"population":2521}},{"type":"Feature","id":455,"geometry":{"type":"Polygon","coordinates":[[[9.17808,45.48174],[9.18023,45.48284],[9.18257,45.48218],[9.18277,45.4804],[9.18063,45.4793],[9.17829,45.47997],[9.17808,45.48174]]]},"properties":{"cdi":0.018,"o_score_pt":2059.9,"o_score_car":2135.8,"population":2054}},{"type":"Feature","id":456,"geometry":{"type":"Polygon","coordinates":[[[9.18013,45.48458],[9.18218,45.48564],[9.18441,45.485],[9.1846,45.48331],[9.18256,45.48226],[9.18032,45.48289],[9.18013,45.48458]]]},"properties":{"cdi":-0.033,"o_score_pt":2254.7,"o_score_car":2109.8,"population":1031}},{"type":"Feature","id":457,"geometry":{"type":"Polygon","coordinates":[[[9.17061,45.49411],[9.17207,45.49487],[9.1736,45.49444],[9.17373,45.49328],[9.17227,45.49253],[9.17074,45.49296],[9.17061,45.49411]]]},"properties":{"cdi":0.099,"o_score_pt":1683.2,"o_score_car":2052.1,"population":163}},{"type":"Feature","id":458,"geometry":{"type":"Polygon","coordinates":[[[9.18073,45.49812],[9.18287,45.49922],[9.18522,45.49855],[9.18542,45.49678],[9.18328,45.49568],[9.18094,45.49634],[9.18073,45.49812]]]},"properties":{"cdi":-0.02,"o_score_pt":2161.4,"o_score_car":2075.3,"population":1535}},{"type":"Feature","id":459,"geometry":{"type":"Polygon","coordinates":[[[9.16805,45.49144],[9.17005,45.49247],[9.17222,45.49185],[9.17241,45.49021],[9.17041,45.48918],[9.16824,45.4898],[9.16805,45.49144]]]},"properties":{"cdi":0.027,"o_score_pt":1908.4,"o_score_car":2013.2,"population":874}},{"type":"Feature","id":460,"geometry":{"type":"Polygon","coordinates":[[[9.15892,45.49062],[9.16106,45.49172],[9.1634,45.49105],[9.16361,45.48928],[9.16147,45.48818],[9.15912,45.48884],[9.15892,45.49062]]]},"properties":{"cdi":0.087,"o_score_pt":1674.3,"o_score_car":1994.4,"population":1547}},{"type":"Feature","id":461,"geometry":{"type":"Polygon","coordinates":[[[9.14946,45.51897],[9.15104,45.51978],[9.15271,45.51931],[9.15285,45.51805],[9.15127,45.51723],[9.14961,45.51771],[9.14946,45.51897]]]},"properties":{"cdi":0.15,"o_score_pt":1140.9,"o_score_car":1542.7,"population":236}},{"type":"Feature","id":462,"geometry":{"type":"Polygon","coordinates":[[[9.12833,45.51985],[9.13046,45.52094],[9.13278,45.52028],[9.13299,45.51853],[9.13086,45.51743],[9.12854,45.51809],[9.12833,45.51985]]]},"properties":{"cdi":0.184,"o_score_pt":1085.8,"o_score_car":1576.1,"population":1308}},{"type":"Feature","id":463,"geometry":{"type":"Polygon","coordinates":[[[9.14703,45.51625],[9.14904,45.51729],[9.15122,45.51666],[9.15141,45.51501],[9.1494,45.51398],[9.14722,45.5146],[9.14703,45.51625]]]},"properties":{"cdi":0.196,"o_score_pt":1097.5,"o_score_car":1634.1,"population":907}},{"type":"Feature","id":464,"geometry":{"type":"Polygon","coordinates":[[[9.13795,45.51541],[9.14005,45.51649],[9.14235,45.51584],[9.14255,45.5141],[9.14045,45.51302],[9.13815,45.51367],[9.13795,45.51541]]]},"properties":{"cdi":0.192,"o_score_pt":1131.6,"o_score_car":1670.2,"population":1220}},{"type":"Feature","id":465,"geometry":{"type":"Polygon","coordinates":[[[9.12801,45.52157],[9.12821,45.52167],[9.12821,45.52167],[9.12801,45.52157],[9.12801,45.52157]]]},"properties":{"cdi":0.182,"o_score_pt":960.8,"o_score_car":1389.1,"population":1}},{"type":"Feature","id":466,"geometry":{"type":"Polygon","coordinates":[[[9.17512,45.52711],[9.17726,45.52821],[9.1796,45.52755],[9.1798,45.52578],[9.17767,45.52468],[9.17533,45.52535],[9.17512,45.52711]]]},"properties":{"cdi":0.121,"o_score_pt":1345.6,"o_score_car":1716.9,"population":1346}},{"type":"Feature","id":467,"geometry":{"type":"Polygon","coordinates":[[[9.16614,45.52624],[9.16828,45.52734],[9.17063,45.52667],[9.17083,45.5249],[9.16869,45.5238],[9.16635,45.52447],[9.16614,45.52624]]]},"properties":{"cdi":0.067,"o_score_pt":1480.3,"o_score_car":1693.4,"population":1529}},{"type":"Feature","id":468,"geometry":{"type":"Polygon","coordinates":[[[9.18582,45.52232],[9.187,45.52293],[9.18818,45.52259],[9.18828,45.5217],[9.1871,45.52109],[9.18593,45.52143],[9.18582,45.52232]]]},"properties":{"cdi":0.18,"o_score_pt":1190.9,"o_score_car":1714.6,"population":66}},{"type":"Feature","id":469,"geometry":{"type":"Polygon","coordinates":[[[9.1631,45.52022],[9.16452,45.52096],[9.166,45.52054],[9.16613,45.51942],[9.16471,45.51868],[9.16323,45.5191],[9.1631,45.52022]]]},"properties":{"cdi":0.005,"o_score_pt":1670.3,"o_score_car":1686.7,"population":145}},{"type":"Feature","id":470,"geometry":{"type":"Polygon","coordinates":[[[9.16446,45.52328],[9.16638,45.52427],[9.16846,45.52368],[9.16864,45.52211],[9.16672,45.52112],[9.16464,45.52171],[9.16446,45.52328]]]},"properties":{"cdi":-0.049,"o_score_pt":1873.6,"o_score_car":1699.2,"population":690}},{"type":"Feature","id":471,"geometry":{"type":"Polygon","coordinates":[[[9.17186,45.51605],[9.174,45.51716],[9.17634,45.51649],[9.17655,45.51472],[9.17441,45.51362],[9.17206,45.51428],[9.17186,45.51605]]]},"properties":{"cdi":0.029,"o_score_pt":1739.7,"o_score_car":1843.1,"population":2178}},{"type":"Feature","id":472,"geometry":{"type":"Polygon","coordinates":[[[9.17569,45.53204],[9.17681,45.53262],[9.17791,45.5323],[9.17801,45.53147],[9.17689,45.5309],[9.17579,45.53121],[9.17569,45.53204]]]},"properties":{"cdi":0.171,"o_score_pt":1152.3,"o_score_car":1629.2,"population":54}},{"type":"Feature","id":473,"geometry":{"type":"Polygon","coordinates":[[[9.16174,45.52577],[9.16381,45.52684],[9.16606,45.5262],[9.16626,45.52449],[9.16419,45.52343],[9.16194,45.52407],[9.16174,45.52577]]]},"properties":{"cdi":0.007,"o_score_pt":1682.4,"o_score_car":1705.6,"population":1086}},{"type":"Feature","id":474,"geometry":{"type":"Polygon","coordinates":[[[9.12445,45.50038],[9.12598,45.50117],[9.12759,45.50071],[9.12773,45.4995],[9.1262,45.49871],[9.12459,45.49916],[9.12445,45.50038]]]},"properties":{"cdi":0.161,"o_score_pt":1281.3,"o_score_car":1773.5,"population":203}},{"type":"Feature","id":475,"geometry":{"type":"Polygon","coordinates":[[[9.1351,45.50421],[9.13685,45.50512],[9.13872,45.50459],[9.13889,45.50317],[9.13714,45.50227],[9.13526,45.5028],[9.1351,45.50421]]]},"properties":{"cdi":0.147,"o_score_pt":1327.8,"o_score_car":1786.2,"population":404}},{"type":"Feature","id":476,"geometry":{"type":"Polygon","coordinates":[[[9.12186,45.49771],[9.12396,45.49879],[9.12624,45.49814],[9.12644,45.49642],[9.12435,45.49534],[9.12207,45.49599],[9.12186,45.49771]]]},"properties":{"cdi":0.159,"o_score_pt":1342.8,"o_score_car":1850.6,"population":1182}},{"type":"Feature","id":477,"geometry":{"type":"Polygon","coordinates":[[[9.11319,45.49674],[9.11503,45.49769],[9.11701,45.49713],[9.11718,45.49563],[9.11534,45.49468],[9.11336,45.49524],[9.11319,45.49674]]]},"properties":{"cdi":0.088,"o_score_pt":1380.2,"o_score_car":1645.7,"population":534}},{"type":"Feature","id":478,"geometry":{"type":"Polygon","coordinates":[[[9.13253,45.49293],[9.13369,45.49353],[9.13484,45.4932],[9.13494,45.49233],[9.13379,45.49173],[9.13264,45.49206],[9.13253,45.49293]]]},"properties":{"cdi":0.151,"o_score_pt":1393.7,"o_score_car":1891.1,"population":62}},{"type":"Feature","id":479,"geometry":{"type":"Polygon","coordinates":[[[9.12433,45.51065],[9.1249,45.51094],[9.12534,45.51082],[9.12538,45.51048],[9.12481,45.51018],[9.12437,45.51031],[9.12433,45.51065]]]},"properties":{"cdi":0.228,"o_score_pt":1062.3,"o_score_car":1691,"population":9}},{"type":"Feature","id":480,"geometry":{"type":"Polygon","coordinates":[[[9.12464,45.51404],[9.12661,45.51506],[9.12875,45.51445],[9.12894,45.51283],[9.12697,45.51182],[9.12483,45.51242],[9.12464,45.51404]]]},"properties":{"cdi":0.208,"o_score_pt":1091,"o_score_car":1663.9,"population":807}},{"type":"Feature","id":481,"geometry":{"type":"Polygon","coordinates":[[[9.1326,45.50663],[9.13431,45.50752],[9.13613,45.507],[9.13629,45.50562],[9.13458,45.50474],[9.13276,45.50526],[9.1326,45.50663]]]},"properties":{"cdi":0.192,"o_score_pt":1159.5,"o_score_car":1711.2,"population":352}},{"type":"Feature","id":482,"geometry":{"type":"Polygon","coordinates":[[[9.11385,45.50676],[9.11405,45.50686],[9.11405,45.50686],[9.11385,45.50676],[9.11385,45.50676]]]},"properties":{"cdi":0.21,"o_score_pt":1022.4,"o_score_car":1566.2,"population":0}},{"type":"Feature","id":483,"geometry":{"type":"Polygon","coordinates":[[[9.23527,45.49801],[9.23734,45.49908],[9.2396,45.49843],[9.2398,45.49673],[9.23772,45.49566],[9.23546,45.4963],[9.23527,45.49801]]]},"properties":{"cdi":0.076,"o_score_pt":1614.5,"o_score_car":1881.8,"population":1099}},{"type":"Feature","id":484,"geometry":{"type":"Polygon","coordinates":[[[9.25557,45.49388],[9.25614,45.49417],[9.25658,45.49404],[9.25662,45.49371],[9.25605,45.49341],[9.25561,45.49354],[9.25557,45.49388]]]},"properties":{"cdi":0.276,"o_score_pt":927,"o_score_car":1632.3,"population":9}},{"type":"Feature","id":485,"geometry":{"type":"Polygon","coordinates":[[[9.24604,45.49318],[9.24709,45.49372],[9.2481,45.49343],[9.24819,45.49266],[9.24715,45.49213],[9.24613,45.49242],[9.24604,45.49318]]]},"properties":{"cdi":0.115,"o_score_pt":1393.5,"o_score_car":1753.9,"population":43}},{"type":"Feature","id":486,"geometry":{"type":"Polygon","coordinates":[[[9.23192,45.48697],[9.23406,45.48808],[9.23641,45.48741],[9.23661,45.48564],[9.23447,45.48453],[9.23212,45.4852],[9.23192,45.48697]]]},"properties":{"cdi":-0.016,"o_score_pt":1922.1,"o_score_car":1859.9,"population":2410}},{"type":"Feature","id":487,"geometry":{"type":"Polygon","coordinates":[[[9.24089,45.48784],[9.24303,45.48895],[9.24538,45.48828],[9.24558,45.48651],[9.24344,45.4854],[9.2411,45.48607],[9.24089,45.48784]]]},"properties":{"cdi":0.092,"o_score_pt":1562.8,"o_score_car":1881,"population":1377}},{"type":"Feature","id":488,"geometry":{"type":"Polygon","coordinates":[[[9.24285,45.49071],[9.24498,45.4918],[9.2473,45.49114],[9.2475,45.48939],[9.24538,45.48829],[9.24305,45.48896],[9.24285,45.49071]]]},"properties":{"cdi":0.059,"o_score_pt":1554.1,"o_score_car":1748.4,"population":1294}},{"type":"Feature","id":489,"geometry":{"type":"Polygon","coordinates":[[[9.23264,45.50048],[9.23478,45.50158],[9.23713,45.50091],[9.23733,45.49914],[9.23519,45.49804],[9.23284,45.4987],[9.23264,45.50048]]]},"properties":{"cdi":0.054,"o_score_pt":1632.1,"o_score_car":1817.6,"population":1798}},{"type":"Feature","id":490,"geometry":{"type":"Polygon","coordinates":[[[9.24355,45.50422],[9.2457,45.50532],[9.24804,45.50465],[9.24825,45.50288],[9.2461,45.50178],[9.24376,45.50245],[9.24355,45.50422]]]},"properties":{"cdi":-0.02,"o_score_pt":1623.9,"o_score_car":1560.9,"population":1678}},{"type":"Feature","id":491,"geometry":{"type":"Polygon","coordinates":[[[9.2307,45.4976],[9.23284,45.4987],[9.23519,45.49804],[9.23539,45.49627],[9.23325,45.49516],[9.2309,45.49583],[9.2307,45.4976]]]},"properties":{"cdi":0.049,"o_score_pt":1680.8,"o_score_car":1854.2,"population":2394}},{"type":"Feature","id":492,"geometry":{"type":"Polygon","coordinates":[[[9.2218,45.4967],[9.22388,45.49777],[9.22614,45.49713],[9.22633,45.49542],[9.22426,45.49435],[9.222,45.495],[9.2218,45.4967]]]},"properties":{"cdi":0.007,"o_score_pt":1795.6,"o_score_car":1821.7,"population":1106}},{"type":"Feature","id":493,"geometry":{"type":"Polygon","coordinates":[[[9.26002,45.49432],[9.26062,45.49463],[9.2611,45.4945],[9.26114,45.49413],[9.26054,45.49382],[9.26006,45.49396],[9.26002,45.49432]]]},"properties":{"cdi":0.327,"o_score_pt":872.7,"o_score_car":1719.7,"population":10}},{"type":"Feature","id":494,"geometry":{"type":"Polygon","coordinates":[[[9.25793,45.49662],[9.25813,45.49672],[9.25813,45.49672],[9.25793,45.49662],[9.25793,45.49662]]]},"properties":{"cdi":0.2,"o_score_pt":1035.3,"o_score_car":1553.7,"population":0}},{"type":"Feature","id":495,"geometry":{"type":"Polygon","coordinates":[[[9.22911,45.47576],[9.23085,45.47666],[9.23271,45.47613],[9.23288,45.47472],[9.23113,45.47382],[9.22928,45.47435],[9.22911,45.47576]]]},"properties":{"cdi":0.101,"o_score_pt":1620.5,"o_score_car":1984.7,"population":391}},{"type":"Feature","id":496,"geometry":{"type":"Polygon","coordinates":[[[9.21968,45.47504],[9.22182,45.47614],[9.22416,45.47547],[9.22437,45.4737],[9.22223,45.4726],[9.21988,45.47327],[9.21968,45.47504]]]},"properties":{"cdi":0.038,"o_score_pt":1869.7,"o_score_car":2017.1,"population":1908}},{"type":"Feature","id":497,"geometry":{"type":"Polygon","coordinates":[[[9.23848,45.47138],[9.24041,45.47238],[9.2425,45.47178],[9.24268,45.4702],[9.24075,45.46921],[9.23866,45.46981],[9.23848,45.47138]]]},"properties":{"cdi":0.098,"o_score_pt":1556.3,"o_score_car":1893,"population":708}},{"type":"Feature","id":498,"geometry":{"type":"Polygon","coordinates":[[[9.2158,45.46929],[9.21794,45.47039],[9.22029,45.46972],[9.22049,45.46795],[9.21835,45.46685],[9.21601,45.46752],[9.2158,45.46929]]]},"properties":{"cdi":-0.017,"o_score_pt":2123.4,"o_score_car":2052.3,"population":1587}},{"type":"Feature","id":499,"geometry":{"type":"Polygon","coordinates":[[[9.21774,45.47216],[9.21988,45.47327],[9.22223,45.4726],[9.22243,45.47083],[9.22029,45.46972],[9.21794,45.47039],[9.21774,45.47216]]]},"properties":{"cdi":0.003,"o_score_pt":1987,"o_score_car":1998.9,"population":1503}},{"type":"Feature","id":500,"geometry":{"type":"Polygon","coordinates":[[[9.22538,45.46484],[9.22752,45.46595],[9.22987,45.46528],[9.23007,45.46351],[9.22793,45.4624],[9.22559,45.46307],[9.22538,45.46484]]]},"properties":{"cdi":0.053,"o_score_pt":1776,"o_score_car":1974.4,"population":2162}},{"type":"Feature","id":501,"geometry":{"type":"Polygon","coordinates":[[[9.2185,45.48565],[9.22061,45.48673],[9.2229,45.48608],[9.2231,45.48435],[9.221,45.48326],[9.2187,45.48392],[9.2185,45.48565]]]},"properties":{"cdi":-0.014,"o_score_pt":2081.3,"o_score_car":2025.8,"population":1212}},{"type":"Feature","id":502,"geometry":{"type":"Polygon","coordinates":[[[9.2374,45.48197],[9.23921,45.4829],[9.24115,45.48235],[9.24131,45.48088],[9.23951,45.47995],[9.23757,45.4805],[9.2374,45.48197]]]},"properties":{"cdi":0.023,"o_score_pt":1759.2,"o_score_car":1842.7,"population":477}},{"type":"Feature","id":503,"geometry":{"type":"Polygon","coordinates":[[[9.22807,45.48121],[9.23019,45.4823],[9.2325,45.48164],[9.2327,45.4799],[9.23058,45.47881],[9.22827,45.47947],[9.22807,45.48121]]]},"properties":{"cdi":-0.006,"o_score_pt":1989.1,"o_score_car":1966.2,"population":1270}},{"type":"Feature","id":504,"geometry":{"type":"Polygon","coordinates":[[[9.21519,45.4746],[9.21733,45.47571],[9.21968,45.47504],[9.21988,45.47327],[9.21774,45.47216],[9.2154,45.47283],[9.21519,45.4746]]]},"properties":{"cdi":0.01,"o_score_pt":2001.6,"o_score_car":2042.5,"population":1816}},{"type":"Feature","id":505,"geometry":{"type":"Polygon","coordinates":[[[9.25462,45.47533],[9.25591,45.47599],[9.25722,45.47562],[9.25734,45.47462],[9.25605,45.47395],[9.25473,45.47433],[9.25462,45.47533]]]},"properties":{"cdi":0.147,"o_score_pt":1229.9,"o_score_car":1653.3,"population":95}},{"type":"Feature","id":506,"geometry":{"type":"Polygon","coordinates":[[[9.25264,45.47246],[9.25396,45.47315],[9.25532,45.47276],[9.25544,45.47173],[9.25411,45.47105],[9.25275,45.47144],[9.25264,45.47246]]]},"properties":{"cdi":0.209,"o_score_pt":1107.4,"o_score_car":1694.2,"population":106}},{"type":"Feature","id":507,"geometry":{"type":"Polygon","coordinates":[[[9.24296,45.47182],[9.24489,45.47282],[9.24699,45.47222],[9.24717,45.47064],[9.24523,45.46964],[9.24314,45.47024],[9.24296,45.47182]]]},"properties":{"cdi":0.095,"o_score_pt":1464.7,"o_score_car":1773.9,"population":722}},{"type":"Feature","id":508,"geometry":{"type":"Polygon","coordinates":[[[9.26352,45.4676],[9.26372,45.4677],[9.26372,45.4677],[9.26352,45.4676],[9.26352,45.4676]]]},"properties":{"cdi":0.226,"o_score_pt":974.7,"o_score_car":1544.4,"population":0}},{"type":"Feature","id":509,"geometry":{"type":"Polygon","coordinates":[[[9.25457,45.48558],[9.25485,45.48572],[9.25494,45.4857],[9.25495,45.48563],[9.25467,45.48548],[9.25458,45.48551],[9.25457,45.48558]]]},"properties":{"cdi":0.223,"o_score_pt":1040.6,"o_score_car":1638.8,"population":3}},{"type":"Feature","id":510,"geometry":{"type":"Polygon","coordinates":[[[9.25555,45.48877],[9.25666,45.48934],[9.25776,45.48902],[9.25786,45.48819],[9.25674,45.48762],[9.25564,45.48793],[9.25555,45.48877]]]},"properties":{"cdi":0.287,"o_score_pt":952.2,"o_score_car":1719.6,"population":54}},{"type":"Feature","id":511,"geometry":{"type":"Polygon","coordinates":[[[9.26322,45.48144],[9.26431,45.482],[9.26538,45.48169],[9.26547,45.48088],[9.26438,45.48032],[9.26331,45.48062],[9.26322,45.48144]]]},"properties":{"cdi":0.235,"o_score_pt":1063.4,"o_score_car":1715.5,"population":50}},{"type":"Feature","id":512,"geometry":{"type":"Polygon","coordinates":[[[9.24167,45.48247],[9.24367,45.4835],[9.24583,45.48288],[9.24602,45.48125],[9.24403,45.48022],[9.24186,45.48084],[9.24167,45.48247]]]},"properties":{"cdi":0.083,"o_score_pt":1551.5,"o_score_car":1833.9,"population":867}},{"type":"Feature","id":513,"geometry":{"type":"Polygon","coordinates":[[[9.22244,45.51023],[9.22459,45.51133],[9.22693,45.51067],[9.22713,45.5089],[9.22499,45.50779],[9.22265,45.50846],[9.22244,45.51023]]]},"properties":{"cdi":0.011,"o_score_pt":1722.5,"o_score_car":1761.1,"population":1613}},{"type":"Feature","id":514,"geometry":{"type":"Polygon","coordinates":[[[9.23195,45.51093],[9.23363,45.5118],[9.23542,45.51129],[9.23558,45.50994],[9.2339,45.50907],[9.23211,45.50958],[9.23195,45.51093]]]},"properties":{"cdi":0.068,"o_score_pt":1461,"o_score_car":1673.1,"population":326}},{"type":"Feature","id":515,"geometry":{"type":"Polygon","coordinates":[[[9.2337,45.51387],[9.23555,45.51482],[9.23754,45.51425],[9.23771,45.51275],[9.23586,45.5118],[9.23387,45.51236],[9.2337,45.51387]]]},"properties":{"cdi":0.075,"o_score_pt":1322.6,"o_score_car":1536.9,"population":552}},{"type":"Feature","id":516,"geometry":{"type":"Polygon","coordinates":[[[9.20968,45.50358],[9.21174,45.50465],[9.214,45.504],[9.21419,45.5023],[9.21213,45.50124],[9.20988,45.50188],[9.20968,45.50358]]]},"properties":{"cdi":0.1,"o_score_pt":1576.1,"o_score_car":1926.1,"population":1078}},{"type":"Feature","id":517,"geometry":{"type":"Polygon","coordinates":[[[9.22053,45.50735],[9.22265,45.50844],[9.22496,45.50778],[9.22516,45.50603],[9.22305,45.50494],[9.22073,45.5056],[9.22053,45.50735]]]},"properties":{"cdi":-0.038,"o_score_pt":1983.7,"o_score_car":1836.7,"population":1265}},{"type":"Feature","id":518,"geometry":{"type":"Polygon","coordinates":[[[9.22122,45.52086],[9.22336,45.52196],[9.22571,45.52129],[9.22591,45.51952],[9.22377,45.51842],[9.22143,45.51909],[9.22122,45.52086]]]},"properties":{"cdi":0.033,"o_score_pt":1582.9,"o_score_car":1692.4,"population":1421}},{"type":"Feature","id":519,"geometry":{"type":"Polygon","coordinates":[[[9.21387,45.51946],[9.21461,45.51985],[9.21526,45.51966],[9.21531,45.51917],[9.21457,45.51879],[9.21393,45.51897],[9.21387,45.51946]]]},"properties":{"cdi":0.049,"o_score_pt":1529.4,"o_score_car":1685.6,"population":16}},{"type":"Feature","id":520,"geometry":{"type":"Polygon","coordinates":[[[9.23153,45.51619],[9.23305,45.51697],[9.23465,45.51652],[9.23479,45.51531],[9.23326,45.51452],[9.23166,45.51498],[9.23153,45.51619]]]},"properties":{"cdi":0.027,"o_score_pt":1558.3,"o_score_car":1643.4,"population":197}},{"type":"Feature","id":521,"geometry":{"type":"Polygon","coordinates":[[[9.20865,45.51415],[9.21055,45.51513],[9.2126,45.51454],[9.21278,45.51299],[9.21088,45.51201],[9.20883,45.5126],[9.20865,45.51415]]]},"properties":{"cdi":0.021,"o_score_pt":1708.8,"o_score_car":1781.2,"population":643}},{"type":"Feature","id":522,"geometry":{"type":"Polygon","coordinates":[[[9.2105,45.51705],[9.21248,45.51807],[9.21462,45.51746],[9.2148,45.51584],[9.21283,45.51482],[9.21069,45.51543],[9.2105,45.51705]]]},"properties":{"cdi":0.045,"o_score_pt":1581.6,"o_score_car":1729.8,"population":813}},{"type":"Feature","id":523,"geometry":{"type":"Polygon","coordinates":[[[9.24932,45.51798],[9.25098,45.51884],[9.25275,45.51833],[9.25291,45.517],[9.25124,45.51614],[9.24947,45.51664],[9.24932,45.51798]]]},"properties":{"cdi":0.192,"o_score_pt":1000.2,"o_score_car":1475.5,"population":308}},{"type":"Feature","id":524,"geometry":{"type":"Polygon","coordinates":[[[9.25935,45.51339],[9.26063,45.51405],[9.26193,45.51368],[9.26204,45.51269],[9.26077,45.51204],[9.25947,45.51241],[9.25935,45.51339]]]},"properties":{"cdi":0.06,"o_score_pt":1367.4,"o_score_car":1542.5,"population":91}},{"type":"Feature","id":525,"geometry":{"type":"Polygon","coordinates":[[[9.24549,45.50709],[9.24764,45.5082],[9.24998,45.50753],[9.25019,45.50576],[9.24804,45.50465],[9.2457,45.50532],[9.24549,45.50709]]]},"properties":{"cdi":-0.003,"o_score_pt":1582.4,"o_score_car":1572,"population":1426}},{"type":"Feature","id":526,"geometry":{"type":"Polygon","coordinates":[[[9.25585,45.50752],[9.2568,45.50801],[9.25771,45.50775],[9.25778,45.50707],[9.25683,45.50658],[9.25593,45.50684],[9.25585,45.50752]]]},"properties":{"cdi":0.113,"o_score_pt":1332.6,"o_score_car":1672.9,"population":32}},{"type":"Feature","id":527,"geometry":{"type":"Polygon","coordinates":[[[9.25716,45.5106],[9.25866,45.51137],[9.26022,45.51092],[9.26036,45.50974],[9.25886,45.50897],[9.25729,45.50941],[9.25716,45.5106]]]},"properties":{"cdi":0.036,"o_score_pt":1534.8,"o_score_car":1650.5,"population":183}},{"type":"Feature","id":528,"geometry":{"type":"Polygon","coordinates":[[[9.24428,45.51772],[9.24642,45.51882],[9.24877,45.51816],[9.24897,45.51638],[9.24683,45.51528],[9.24448,45.51595],[9.24428,45.51772]]]},"properties":{"cdi":0.183,"o_score_pt":1071.4,"o_score_car":1552.2,"population":2170}},{"type":"Feature","id":529,"geometry":{"type":"Polygon","coordinates":[[[9.23593,45.51665],[9.23753,45.51747],[9.23921,45.51699],[9.23936,45.51572],[9.23776,45.51489],[9.23608,45.51537],[9.23593,45.51665]]]},"properties":{"cdi":0.101,"o_score_pt":1311.7,"o_score_car":1607.2,"population":248}},{"type":"Feature","id":530,"geometry":{"type":"Polygon","coordinates":[[[9.14167,45.4321],[9.14298,45.43278],[9.14432,45.43239],[9.14444,45.43138],[9.14313,45.4307],[9.14179,45.43108],[9.14167,45.4321]]]},"properties":{"cdi":0.167,"o_score_pt":1052.3,"o_score_car":1475.5,"population":101}},{"type":"Feature","id":531,"geometry":{"type":"Polygon","coordinates":[[[9.1335,45.43958],[9.13526,45.4405],[9.13716,45.43996],[9.13732,45.43853],[9.13556,45.43761],[9.13366,45.43815],[9.1335,45.43958]]]},"properties":{"cdi":0.173,"o_score_pt":1157,"o_score_car":1641.1,"population":426}},{"type":"Feature","id":532,"geometry":{"type":"Polygon","coordinates":[[[9.13243,45.43643],[9.13345,45.43696],[9.13444,45.43668],[9.13452,45.43593],[9.1335,45.4354],[9.13252,45.43568],[9.13243,45.43643]]]},"properties":{"cdi":0.269,"o_score_pt":881,"o_score_car":1531,"population":40}},{"type":"Feature","id":533,"geometry":{"type":"Polygon","coordinates":[[[9.14225,45.41818],[9.14245,45.41828],[9.14245,45.41828],[9.14225,45.41818],[9.14225,45.41818]]]},"properties":{"cdi":1,"o_score_pt":0,"o_score_car":1225.6,"population":0}},{"type":"Feature","id":534,"geometry":{"type":"Polygon","coordinates":[[[9.20637,45.49253],[9.20847,45.49361],[9.21077,45.49296],[9.21097,45.49123],[9.20887,45.49015],[9.20657,45.4908],[9.20637,45.49253]]]},"properties":{"cdi":0.037,"o_score_pt":1919,"o_score_car":2067.1,"population":1206}},{"type":"Feature","id":535,"geometry":{"type":"Polygon","coordinates":[[[9.13201,45.42283],[9.13279,45.42323],[9.13347,45.42303],[9.13353,45.42251],[9.13276,45.42211],[9.13207,45.42231],[9.13201,45.42283]]]},"properties":{"cdi":0.993,"o_score_pt":4.7,"o_score_car":1417.6,"population":18}},{"type":"Feature","id":536,"geometry":{"type":"Polygon","coordinates":[[[9.14403,45.42972],[9.1455,45.43048],[9.14704,45.43005],[9.14718,45.42888],[9.1457,45.42812],[9.14416,45.42856],[9.14403,45.42972]]]},"properties":{"cdi":0.174,"o_score_pt":1067.1,"o_score_car":1515.1,"population":171}},{"type":"Feature","id":537,"geometry":{"type":"Polygon","coordinates":[[[9.20835,45.4954],[9.21042,45.49646],[9.21267,45.49582],[9.21287,45.49411],[9.2108,45.49305],[9.20854,45.49369],[9.20835,45.4954]]]},"properties":{"cdi":0.032,"o_score_pt":1857.8,"o_score_car":1980.7,"population":1091}},{"type":"Feature","id":538,"geometry":{"type":"Polygon","coordinates":[[[9.13461,45.4255],[9.13481,45.4256],[9.13481,45.4256],[9.13461,45.4255],[9.13461,45.4255]]]},"properties":{"cdi":0.997,"o_score_pt":2.1,"o_score_car":1381.4,"population":0}},{"type":"Feature","id":539,"geometry":{"type":"Polygon","coordinates":[[[9.21591,45.48811],[9.21805,45.48921],[9.2204,45.48854],[9.2206,45.48677],[9.21846,45.48567],[9.21611,45.48633],[9.21591,45.48811]]]},"properties":{"cdi":-0.045,"o_score_pt":2219,"o_score_car":2028.3,"population":1503}},{"type":"Feature","id":540,"geometry":{"type":"Polygon","coordinates":[[[9.19567,45.48872],[9.19759,45.48971],[9.19967,45.48912],[9.19985,45.48755],[9.19793,45.48656],[9.19585,45.48715],[9.19567,45.48872]]]},"properties":{"cdi":-0.022,"o_score_pt":2234.8,"o_score_car":2139.3,"population":685}},{"type":"Feature","id":541,"geometry":{"type":"Polygon","coordinates":[[[9.21397,45.48523],[9.21611,45.48633],[9.21846,45.48567],[9.21866,45.4839],[9.21652,45.48279],[9.21417,45.48346],[9.21397,45.48523]]]},"properties":{"cdi":-0.087,"o_score_pt":2414.3,"o_score_car":2029.8,"population":1607}},{"type":"Feature","id":542,"geometry":{"type":"Polygon","coordinates":[[[9.205,45.48436],[9.20714,45.48546],[9.20948,45.4848],[9.20969,45.48302],[9.20755,45.48192],[9.2052,45.48259],[9.205,45.48436]]]},"properties":{"cdi":-0.041,"o_score_pt":2262.1,"o_score_car":2085.6,"population":1886}},{"type":"Feature","id":543,"geometry":{"type":"Polygon","coordinates":[[[9.20583,45.49783],[9.20787,45.49888],[9.2101,45.49824],[9.21029,45.49656],[9.20825,45.49551],[9.20602,45.49614],[9.20583,45.49783]]]},"properties":{"cdi":0.054,"o_score_pt":1815.3,"o_score_car":2023.8,"population":1013}},{"type":"Feature","id":544,"geometry":{"type":"Polygon","coordinates":[[[9.2155,45.49847],[9.21694,45.49921],[9.21843,45.49879],[9.21856,45.49766],[9.21713,45.49692],[9.21563,45.49734],[9.2155,45.49847]]]},"properties":{"cdi":-0.007,"o_score_pt":1955.2,"o_score_car":1929.4,"population":150}},{"type":"Feature","id":545,"geometry":{"type":"Polygon","coordinates":[[[9.21663,45.50161],[9.21877,45.50271],[9.22111,45.50204],[9.22132,45.50027],[9.21918,45.49917],[9.21683,45.49984],[9.21663,45.50161]]]},"properties":{"cdi":-0.005,"o_score_pt":1838.2,"o_score_car":1820.5,"population":1469}},{"type":"Feature","id":546,"geometry":{"type":"Polygon","coordinates":[[[9.19305,45.49118],[9.19503,45.49221],[9.19719,45.49159],[9.19738,45.48996],[9.19539,45.48894],[9.19323,45.48955],[9.19305,45.49118]]]},"properties":{"cdi":-0.028,"o_score_pt":2174.3,"o_score_car":2055.1,"population":845}},{"type":"Feature","id":547,"geometry":{"type":"Polygon","coordinates":[[[9.09675,45.46032],[9.09883,45.46139],[9.1011,45.46075],[9.1013,45.45903],[9.09922,45.45796],[9.09695,45.4586],[9.09675,45.46032]]]},"properties":{"cdi":0.202,"o_score_pt":1070,"o_score_car":1611,"population":1138}},{"type":"Feature","id":548,"geometry":{"type":"Polygon","coordinates":[[[9.10765,45.46407],[9.10972,45.46515],[9.112,45.4645],[9.1122,45.46279],[9.11012,45.46171],[9.10785,45.46236],[9.10765,45.46407]]]},"properties":{"cdi":0.163,"o_score_pt":1195.9,"o_score_car":1663.3,"population":1138}},{"type":"Feature","id":549,"geometry":{"type":"Polygon","coordinates":[[[9.09503,45.45738],[9.09693,45.45836],[9.09898,45.45777],[9.09916,45.45622],[9.09726,45.45524],[9.09521,45.45582],[9.09503,45.45738]]]},"properties":{"cdi":0.179,"o_score_pt":1081.5,"o_score_car":1552.3,"population":648}},{"type":"Feature","id":550,"geometry":{"type":"Polygon","coordinates":[[[9.08586,45.45656],[9.08794,45.45763],[9.0902,45.45699],[9.0904,45.45528],[9.08833,45.45421],[9.08606,45.45485],[9.08586,45.45656]]]},"properties":{"cdi":0.236,"o_score_pt":910.1,"o_score_car":1473,"population":1114}},{"type":"Feature","id":551,"geometry":{"type":"Polygon","coordinates":[[[9.10589,45.45253],[9.10668,45.45294],[9.10739,45.45274],[9.10745,45.4522],[9.10666,45.45179],[9.10596,45.45199],[9.10589,45.45253]]]},"properties":{"cdi":0.108,"o_score_pt":1299.2,"o_score_car":1612.8,"population":19}},{"type":"Feature","id":552,"geometry":{"type":"Polygon","coordinates":[[[9.09769,45.47025],[9.09789,45.47035],[9.09789,45.47035],[9.09769,45.47025],[9.09769,45.47025]]]},"properties":{"cdi":0.236,"o_score_pt":968.4,"o_score_car":1567.7,"population":0}},{"type":"Feature","id":553,"geometry":{"type":"Polygon","coordinates":[[[9.09916,45.47327],[9.09976,45.47358],[9.10024,45.47345],[9.10028,45.47308],[9.09968,45.47277],[9.09921,45.47291],[9.09916,45.47327]]]},"properties":{"cdi":0.187,"o_score_pt":1084.2,"o_score_car":1583.3,"population":10}},{"type":"Feature","id":554,"geometry":{"type":"Polygon","coordinates":[[[9.10675,45.46598],[9.1074,45.46632],[9.10794,45.46617],[9.10799,45.46575],[9.10734,45.46542],[9.1068,45.46557],[9.10675,45.46598]]]},"properties":{"cdi":0.224,"o_score_pt":1065.1,"o_score_car":1678.6,"population":12}},{"type":"Feature","id":555,"geometry":{"type":"Polygon","coordinates":[[[9.08462,45.46719],[9.0867,45.46827],[9.08897,45.46762],[9.08917,45.4659],[9.08709,45.46482],[9.08482,45.46547],[9.08462,45.46719]]]},"properties":{"cdi":0.21,"o_score_pt":945.7,"o_score_car":1449.9,"population":1152}},{"type":"Feature","id":556,"geometry":{"type":"Polygon","coordinates":[[[9.13254,45.46386],[9.13468,45.46496],[9.13702,45.46429],[9.13723,45.46252],[9.13509,45.46142],[9.13274,45.46208],[9.13254,45.46386]]]},"properties":{"cdi":0.043,"o_score_pt":1751.4,"o_score_car":1910.5,"population":2346}},{"type":"Feature","id":557,"geometry":{"type":"Polygon","coordinates":[[[9.14162,45.4647],[9.14366,45.46575],[9.14588,45.46512],[9.14608,45.46344],[9.14404,45.46239],[9.14182,45.46302],[9.14162,45.4647]]]},"properties":{"cdi":-0.002,"o_score_pt":1966.7,"o_score_car":1957,"population":1000}},{"type":"Feature","id":558,"geometry":{"type":"Polygon","coordinates":[[[9.14344,45.46761],[9.14558,45.46871],[9.14792,45.46805],[9.14813,45.46628],[9.14599,45.46517],[9.14364,45.46584],[9.14344,45.46761]]]},"properties":{"cdi":0.033,"o_score_pt":1866.3,"o_score_car":1992.3,"population":2440}},{"type":"Feature","id":559,"geometry":{"type":"Polygon","coordinates":[[[9.11971,45.45723],[9.12185,45.45833],[9.12419,45.45766],[9.12439,45.45589],[9.12226,45.45479],[9.11991,45.45545],[9.11971,45.45723]]]},"properties":{"cdi":-0.015,"o_score_pt":1756.8,"o_score_car":1705.3,"population":1511}},{"type":"Feature","id":560,"geometry":{"type":"Polygon","coordinates":[[[9.1306,45.46098],[9.13274,45.46208],[9.13509,45.46142],[9.13529,45.45965],[9.13315,45.45854],[9.13081,45.45921],[9.1306,45.46098]]]},"properties":{"cdi":0.034,"o_score_pt":1756.1,"o_score_car":1878.8,"population":1880}},{"type":"Feature","id":561,"geometry":{"type":"Polygon","coordinates":[[[9.13131,45.47448],[9.13345,45.47559],[9.13579,45.47492],[9.136,45.47315],[9.13386,45.47205],[9.13151,45.47271],[9.13131,45.47448]]]},"properties":{"cdi":0.043,"o_score_pt":1704.1,"o_score_car":1858.7,"population":1520}},{"type":"Feature","id":562,"geometry":{"type":"Polygon","coordinates":[[[9.12242,45.47358],[9.12449,45.47465],[9.12675,45.47401],[9.12695,45.4723],[9.12488,45.47123],[9.12262,45.47187],[9.12242,45.47358]]]},"properties":{"cdi":0.081,"o_score_pt":1546.9,"o_score_car":1821.1,"population":1101}},{"type":"Feature","id":563,"geometry":{"type":"Polygon","coordinates":[[[9.14089,45.47005],[9.14303,45.47115],[9.14537,45.47049],[9.14558,45.46871],[9.14344,45.46761],[9.14109,45.46828],[9.14089,45.47005]]]},"properties":{"cdi":0.039,"o_score_pt":1779.3,"o_score_car":1925.3,"population":1715}},{"type":"Feature","id":564,"geometry":{"type":"Polygon","coordinates":[[[9.11986,45.46741],[9.1208,45.46789],[9.12169,45.46764],[9.12177,45.46696],[9.12083,45.46648],[9.11994,45.46673],[9.11986,45.46741]]]},"properties":{"cdi":0.157,"o_score_pt":1254,"o_score_car":1721.3,"population":31}},{"type":"Feature","id":565,"geometry":{"type":"Polygon","coordinates":[[[9.12061,45.47066],[9.12257,45.47168],[9.12471,45.47107],[9.1249,45.46946],[9.12293,45.46844],[9.12079,45.46905],[9.12061,45.47066]]]},"properties":{"cdi":0.088,"o_score_pt":1485.3,"o_score_car":1771.6,"population":800}},{"type":"Feature","id":566,"geometry":{"type":"Polygon","coordinates":[[[9.07086,45.44363],[9.07148,45.44396],[9.07199,45.44381],[9.07204,45.44342],[9.07141,45.4431],[9.0709,45.44324],[9.07086,45.44363]]]},"properties":{"cdi":0.401,"o_score_pt":521,"o_score_car":1219.5,"population":11}},{"type":"Feature","id":567,"geometry":{"type":"Polygon","coordinates":[[[9.11804,45.44565],[9.11881,45.44605],[9.1195,45.44586],[9.11956,45.44533],[9.11879,45.44493],[9.1181,45.44513],[9.11804,45.44565]]]},"properties":{"cdi":0.164,"o_score_pt":1155.1,"o_score_car":1608.9,"population":18}},{"type":"Feature","id":568,"geometry":{"type":"Polygon","coordinates":[[[9.11989,45.44856],[9.12073,45.44899],[9.12151,45.44877],[9.12158,45.44818],[9.12073,45.44774],[9.11996,45.44796],[9.11989,45.44856]]]},"properties":{"cdi":0.153,"o_score_pt":1232,"o_score_car":1677.7,"population":23}},{"type":"Feature","id":569,"geometry":{"type":"Polygon","coordinates":[[[9.12611,45.4417],[9.12819,45.44277],[9.13045,45.44212],[9.13065,45.44041],[9.12857,45.43934],[9.12631,45.43999],[9.12611,45.4417]]]},"properties":{"cdi":0.115,"o_score_pt":1306.3,"o_score_car":1645.2,"population":1114}},{"type":"Feature","id":570,"geometry":{"type":"Polygon","coordinates":[[[9.12445,45.43873],[9.12629,45.43968],[9.12827,45.43912],[9.12844,45.43762],[9.1266,45.43667],[9.12462,45.43723],[9.12445,45.43873]]]},"properties":{"cdi":0.111,"o_score_pt":1334,"o_score_car":1666.1,"population":538}},{"type":"Feature","id":571,"geometry":{"type":"Polygon","coordinates":[[[9.11759,45.45091],[9.11822,45.45124],[9.11873,45.45109],[9.11878,45.4507],[9.11815,45.45038],[9.11764,45.45052],[9.11759,45.45091]]]},"properties":{"cdi":0.106,"o_score_pt":1375.5,"o_score_car":1700.9,"population":11}},{"type":"Feature","id":572,"geometry":{"type":"Polygon","coordinates":[[[9.12481,45.45235],[9.12694,45.45346],[9.12929,45.45279],[9.12949,45.45102],[9.12735,45.44991],[9.12501,45.45058],[9.12481,45.45235]]]},"properties":{"cdi":0.065,"o_score_pt":1482.3,"o_score_car":1687.1,"population":1487}},{"type":"Feature","id":573,"geometry":{"type":"Polygon","coordinates":[[[9.12689,45.45518],[9.1289,45.45622],[9.13108,45.4556],[9.13127,45.45394],[9.12927,45.4529],[9.12708,45.45353],[9.12689,45.45518]]]},"properties":{"cdi":0.1,"o_score_pt":1467.4,"o_score_car":1792.9,"population":913}},{"type":"Feature","id":574,"geometry":{"type":"Polygon","coordinates":[[[9.08553,45.48062],[9.08742,45.48159],[9.08947,45.48102],[9.08964,45.47947],[9.08776,45.4785],[9.08571,45.47907],[9.08553,45.48062]]]},"properties":{"cdi":0.196,"o_score_pt":1055.8,"o_score_car":1569.7,"population":628}},{"type":"Feature","id":575,"geometry":{"type":"Polygon","coordinates":[[[9.07853,45.47911],[9.07872,45.47921],[9.07872,45.47921],[9.07853,45.47911],[9.07853,45.47911]]]},"properties":{"cdi":0.291,"o_score_pt":791.2,"o_score_car":1442.3,"population":1}},{"type":"Feature","id":576,"geometry":{"type":"Polygon","coordinates":[[[9.09614,45.47586],[9.09715,45.47638],[9.09811,45.4761],[9.0982,45.47537],[9.0972,45.47485],[9.09623,45.47512],[9.09614,45.47586]]]},"properties":{"cdi":0.158,"o_score_pt":1234.7,"o_score_car":1697.5,"population":38}},{"type":"Feature","id":577,"geometry":{"type":"Polygon","coordinates":[[[9.07621,45.47636],[9.07674,45.47664],[9.07714,45.47652],[9.07718,45.47621],[9.07664,45.47594],[9.07624,45.47605],[9.07621,45.47636]]]},"properties":{"cdi":0.303,"o_score_pt":701.9,"o_score_car":1313.5,"population":8}},{"type":"Feature","id":578,"geometry":{"type":"Polygon","coordinates":[[[9.08259,45.46946],[9.08422,45.4703],[9.08595,45.46981],[9.0861,45.4685],[9.08447,45.46766],[9.08274,45.46815],[9.08259,45.46946]]]},"properties":{"cdi":0.251,"o_score_pt":883.6,"o_score_car":1475.4,"population":279}},{"type":"Feature","id":579,"geometry":{"type":"Polygon","coordinates":[[[9.07674,45.48991],[9.07741,45.49026],[9.07799,45.4901],[9.07804,45.48966],[9.07736,45.48931],[9.07679,45.48947],[9.07674,45.48991]]]},"properties":{"cdi":0.263,"o_score_pt":913.3,"o_score_car":1565.2,"population":13}},{"type":"Feature","id":580,"geometry":{"type":"Polygon","coordinates":[[[9.09584,45.48619],[9.09604,45.48629],[9.09604,45.48629],[9.09584,45.48619],[9.09584,45.48619]]]},"properties":{"cdi":0.211,"o_score_pt":1023,"o_score_car":1569.1,"population":0}},{"type":"Feature","id":581,"geometry":{"type":"Polygon","coordinates":[[[9.16341,45.41564],[9.16522,45.41658],[9.16715,45.41602],[9.16732,45.41456],[9.16552,45.41363],[9.16358,45.41418],[9.16341,45.41564]]]},"properties":{"cdi":0.17,"o_score_pt":1040.1,"o_score_car":1467.5,"population":481}},{"type":"Feature","id":582,"geometry":{"type":"Polygon","coordinates":[[[9.14665,45.41864],[9.14692,45.41879],[9.14701,45.41876],[9.14702,45.41869],[9.14674,45.41855],[9.14665,45.41857],[9.14665,45.41864]]]},"properties":{"cdi":1,"o_score_pt":0.2,"o_score_car":1205.8,"population":3}},{"type":"Feature","id":583,"geometry":{"type":"Polygon","coordinates":[[[9.15432,45.41993],[9.15571,45.42065],[9.15714,45.42024],[9.15726,45.41916],[9.15588,45.41844],[9.15445,45.41885],[9.15432,45.41993]]]},"properties":{"cdi":0.09,"o_score_pt":1067.3,"o_score_car":1279.6,"population":128}},{"type":"Feature","id":584,"geometry":{"type":"Polygon","coordinates":[[[9.08687,45.48531],[9.08707,45.48541],[9.08707,45.48541],[9.08687,45.48531],[9.08687,45.48531]]]},"properties":{"cdi":0.285,"o_score_pt":901.6,"o_score_car":1621,"population":1}},{"type":"Feature","id":585,"geometry":{"type":"Polygon","coordinates":[[[9.07375,45.47877],[9.07421,45.479],[9.07451,45.47891],[9.07454,45.47868],[9.07408,45.47844],[9.07378,45.47853],[9.07375,45.47877]]]},"properties":{"cdi":0.421,"o_score_pt":528.8,"o_score_car":1297.3,"population":6}},{"type":"Feature","id":586,"geometry":{"type":"Polygon","coordinates":[[[9.11222,45.47983],[9.11262,45.48004],[9.11287,45.47997],[9.11289,45.47979],[9.11248,45.47958],[9.11224,45.47964],[9.11222,45.47983]]]},"properties":{"cdi":0.119,"o_score_pt":1355.1,"o_score_car":1720.3,"population":5}},{"type":"Feature","id":587,"geometry":{"type":"Polygon","coordinates":[[[9.16621,45.41312],[9.1678,45.41394],[9.16947,45.41347],[9.16962,45.4122],[9.16803,45.41138],[9.16636,45.41186],[9.16621,45.41312]]]},"properties":{"cdi":0.151,"o_score_pt":1022.8,"o_score_car":1387.9,"population":242}},{"type":"Feature","id":588,"geometry":{"type":"Polygon","coordinates":[[[9.16512,45.40998],[9.16598,45.41042],[9.16677,45.4102],[9.16684,45.40959],[9.16598,45.40915],[9.16519,45.40937],[9.16512,45.40998]]]},"properties":{"cdi":0.127,"o_score_pt":1073.3,"o_score_car":1385.3,"population":24}},{"type":"Feature","id":589,"geometry":{"type":"Polygon","coordinates":[[[9.12245,45.4838],[9.12343,45.48431],[9.12437,45.48404],[9.12445,45.48333],[9.12347,45.48282],[9.12254,45.48309],[9.12245,45.4838]]]},"properties":{"cdi":0.179,"o_score_pt":1226.9,"o_score_car":1762.6,"population":35}},{"type":"Feature","id":590,"geometry":{"type":"Polygon","coordinates":[[[9.10874,45.47745],[9.11048,45.47835],[9.11233,45.47782],[9.1125,45.47642],[9.11076,45.47552],[9.10891,45.47605],[9.10874,45.47745]]]},"properties":{"cdi":0.091,"o_score_pt":1494.4,"o_score_car":1793.2,"population":388}},{"type":"Feature","id":591,"geometry":{"type":"Polygon","coordinates":[[[9.10117,45.47613],[9.1017,45.4764],[9.1021,45.47629],[9.10214,45.47598],[9.1016,45.4757],[9.1012,45.47582],[9.10117,45.47613]]]},"properties":{"cdi":0.207,"o_score_pt":1095.6,"o_score_car":1668,"population":8}},{"type":"Feature","id":592,"geometry":{"type":"Polygon","coordinates":[[[9.11798,45.47313],[9.12001,45.47418],[9.12223,45.47355],[9.12242,45.47187],[9.12039,45.47082],[9.11817,45.47145],[9.11798,45.47313]]]},"properties":{"cdi":0.095,"o_score_pt":1493.3,"o_score_car":1807.3,"population":985}},{"type":"Feature","id":593,"geometry":{"type":"Polygon","coordinates":[[[9.10962,45.49089],[9.1112,45.49171],[9.11287,45.49124],[9.11302,45.48997],[9.11144,45.48916],[9.10977,45.48963],[9.10962,45.49089]]]},"properties":{"cdi":0.133,"o_score_pt":1321.4,"o_score_car":1726.7,"population":239}},{"type":"Feature","id":594,"geometry":{"type":"Polygon","coordinates":[[[9.11092,45.49397],[9.11305,45.49507],[9.11538,45.49441],[9.11559,45.49265],[9.11346,45.49155],[9.11112,45.49221],[9.11092,45.49397]]]},"properties":{"cdi":0.05,"o_score_pt":1381.9,"o_score_car":1528.5,"population":1331}},{"type":"Feature","id":595,"geometry":{"type":"Polygon","coordinates":[[[9.11901,45.48652],[9.12076,45.48743],[9.12264,45.4869],[9.1228,45.48548],[9.12105,45.48457],[9.11917,45.48511],[9.11901,45.48652]]]},"properties":{"cdi":0.129,"o_score_pt":1390.2,"o_score_car":1802.9,"population":408}},{"type":"Feature","id":596,"geometry":{"type":"Polygon","coordinates":[[[9.09943,45.48691],[9.1004,45.48741],[9.10133,45.48715],[9.10141,45.48645],[9.10044,45.48595],[9.09951,45.48621],[9.09943,45.48691]]]},"properties":{"cdi":0.185,"o_score_pt":1145,"o_score_car":1664.3,"population":34}},{"type":"Feature","id":597,"geometry":{"type":"Polygon","coordinates":[[[9.07128,45.45722],[9.07214,45.45767],[9.07293,45.45744],[9.073,45.45684],[9.07214,45.45639],[9.07135,45.45662],[9.07128,45.45722]]]},"properties":{"cdi":0.336,"o_score_pt":719.4,"o_score_car":1446.2,"population":24}},{"type":"Feature","id":598,"geometry":{"type":"Polygon","coordinates":[[[9.07965,45.45829],[9.08102,45.459],[9.08242,45.4586],[9.08255,45.45753],[9.08118,45.45683],[9.07978,45.45723],[9.07965,45.45829]]]},"properties":{"cdi":0.265,"o_score_pt":819.3,"o_score_car":1410.8,"population":121}},{"type":"Feature","id":599,"geometry":{"type":"Polygon","coordinates":[[[9.08084,45.46141],[9.08285,45.46244],[9.08503,45.46182],[9.08522,45.46017],[9.08322,45.45914],[9.08103,45.45976],[9.08084,45.46141]]]},"properties":{"cdi":0.178,"o_score_pt":977.2,"o_score_car":1400.9,"population":908}},{"type":"Feature","id":600,"geometry":{"type":"Polygon","coordinates":[[[9.05922,45.45034],[9.05942,45.45045],[9.05942,45.45045],[9.05922,45.45034],[9.05922,45.45034]]]},"properties":{"cdi":0.435,"o_score_pt":503,"o_score_car":1278.3,"population":0}},{"type":"Feature","id":601,"geometry":{"type":"Polygon","coordinates":[[[9.06839,45.45465],[9.07007,45.45552],[9.07186,45.45501],[9.07202,45.45366],[9.07034,45.45279],[9.06855,45.4533],[9.06839,45.45465]]]},"properties":{"cdi":0.297,"o_score_pt":726.2,"o_score_car":1340.5,"population":327}},{"type":"Feature","id":602,"geometry":{"type":"Polygon","coordinates":[[[9.07898,45.46362],[9.08039,45.46435],[9.08185,45.46394],[9.08198,45.46283],[9.08057,45.4621],[9.07911,45.46252],[9.07898,45.46362]]]},"properties":{"cdi":0.237,"o_score_pt":862.1,"o_score_car":1398.6,"population":140}},{"type":"Feature","id":603,"geometry":{"type":"Polygon","coordinates":[[[9.05798,45.46097],[9.05818,45.46107],[9.05818,45.46107],[9.05798,45.46097],[9.05798,45.46097]]]},"properties":{"cdi":1,"o_score_pt":0,"o_score_car":1262,"population":2}},{"type":"Feature","id":604,"geometry":{"type":"Polygon","coordinates":[[[9.17921,45.45229],[9.18135,45.4534],[9.1837,45.45273],[9.1839,45.45096],[9.18176,45.44985],[9.17942,45.45052],[9.17921,45.45229]]]},"properties":{"cdi":0.06,"o_score_pt":1753.9,"o_score_car":1979.5,"population":1642}},{"type":"Feature","id":605,"geometry":{"type":"Polygon","coordinates":[[[9.18123,45.45514],[9.1833,45.4562],[9.18555,45.45556],[9.18575,45.45386],[9.18368,45.45279],[9.18143,45.45344],[9.18123,45.45514]]]},"properties":{"cdi":0.035,"o_score_pt":1863,"o_score_car":1998.1,"population":1083}},{"type":"Feature","id":606,"geometry":{"type":"Polygon","coordinates":[[[9.18954,45.44761],[9.19103,45.44838],[9.19259,45.44793],[9.19273,45.44675],[9.19124,45.44599],[9.18968,45.44643],[9.18954,45.44761]]]},"properties":{"cdi":0.087,"o_score_pt":1637,"o_score_car":1950.1,"population":178}},{"type":"Feature","id":607,"geometry":{"type":"Polygon","coordinates":[[[9.16905,45.44831],[9.17055,45.44908],[9.17212,45.44863],[9.17226,45.44744],[9.17076,45.44666],[9.16918,45.44711],[9.16905,45.44831]]]},"properties":{"cdi":0.026,"o_score_pt":1729.7,"o_score_car":1820.5,"population":187}},{"type":"Feature","id":608,"geometry":{"type":"Polygon","coordinates":[[[9.18734,45.44482],[9.18906,45.44571],[9.1909,45.44518],[9.19106,45.44379],[9.18934,45.4429],[9.1875,45.44343],[9.18734,45.44482]]]},"properties":{"cdi":0.071,"o_score_pt":1595.9,"o_score_car":1839.7,"population":374}},{"type":"Feature","id":609,"geometry":{"type":"Polygon","coordinates":[[[9.17789,45.4441],[9.18003,45.4452],[9.18237,45.44454],[9.18258,45.44276],[9.18044,45.44166],[9.17809,45.44233],[9.17789,45.4441]]]},"properties":{"cdi":0.052,"o_score_pt":1692.5,"o_score_car":1878.5,"population":1938}},{"type":"Feature","id":610,"geometry":{"type":"Polygon","coordinates":[[[9.17864,45.45759],[9.18074,45.45868],[9.18305,45.45802],[9.18325,45.45628],[9.18114,45.4552],[9.17884,45.45585],[9.17864,45.45759]]]},"properties":{"cdi":0.002,"o_score_pt":2004.4,"o_score_car":2012.2,"population":1230}},{"type":"Feature","id":611,"geometry":{"type":"Polygon","coordinates":[[[9.18768,45.45844],[9.18972,45.4595],[9.19195,45.45886],[9.19214,45.45718],[9.1901,45.45613],[9.18787,45.45676],[9.18768,45.45844]]]},"properties":{"cdi":-0.016,"o_score_pt":2079.5,"o_score_car":2013.7,"population":1012}},{"type":"Feature","id":612,"geometry":{"type":"Polygon","coordinates":[[[9.18978,45.46127],[9.19168,45.46225],[9.19374,45.46166],[9.19391,45.46011],[9.19201,45.45913],[9.18996,45.45971],[9.18978,45.46127]]]},"properties":{"cdi":-0.04,"o_score_pt":2123.2,"o_score_car":1961.1,"population":647}},{"type":"Feature","id":613,"geometry":{"type":"Polygon","coordinates":[[[9.16618,45.45085],[9.16796,45.45176],[9.16987,45.45122],[9.17003,45.44978],[9.16825,45.44886],[9.16635,45.4494],[9.16618,45.45085]]]},"properties":{"cdi":0.005,"o_score_pt":1943.1,"o_score_car":1961.7,"population":444}},{"type":"Feature","id":614,"geometry":{"type":"Polygon","coordinates":[[[9.21509,45.45578],[9.21723,45.45688],[9.21957,45.45622],[9.21977,45.45444],[9.21763,45.45334],[9.21529,45.45401],[9.21509,45.45578]]]},"properties":{"cdi":0.08,"o_score_pt":1696.4,"o_score_car":1989.6,"population":2809}},{"type":"Feature","id":615,"geometry":{"type":"Polygon","coordinates":[[[9.20612,45.45491],[9.20826,45.45601],[9.2106,45.45534],[9.2108,45.45357],[9.20866,45.45247],[9.20632,45.45314],[9.20612,45.45491]]]},"properties":{"cdi":0.046,"o_score_pt":1798.2,"o_score_car":1972.9,"population":1410}},{"type":"Feature","id":616,"geometry":{"type":"Polygon","coordinates":[[[9.2248,45.45129],[9.22682,45.45234],[9.22903,45.45171],[9.22922,45.45004],[9.22719,45.449],[9.22499,45.44963],[9.2248,45.45129]]]},"properties":{"cdi":0.103,"o_score_pt":1507,"o_score_car":1854.6,"population":956}},{"type":"Feature","id":617,"geometry":{"type":"Polygon","coordinates":[[[9.20224,45.44916],[9.20438,45.45026],[9.20673,45.44959],[9.20693,45.44782],[9.20479,45.44672],[9.20245,45.44739],[9.20224,45.44916]]]},"properties":{"cdi":0.015,"o_score_pt":1895.9,"o_score_car":1954.2,"population":1981}},{"type":"Feature","id":618,"geometry":{"type":"Polygon","coordinates":[[[9.20418,45.45203],[9.20632,45.45314],[9.20866,45.45247],[9.20887,45.4507],[9.20673,45.44959],[9.20438,45.45026],[9.20418,45.45203]]]},"properties":{"cdi":-0.005,"o_score_pt":1999.5,"o_score_car":1981.2,"population":1803}},{"type":"Feature","id":619,"geometry":{"type":"Polygon","coordinates":[[[9.21182,45.44471],[9.21396,45.44582],[9.21631,45.44515],[9.21651,45.44338],[9.21437,45.44227],[9.21202,45.44294],[9.21182,45.44471]]]},"properties":{"cdi":0.011,"o_score_pt":1864.1,"o_score_car":1904.4,"population":1957}},{"type":"Feature","id":620,"geometry":{"type":"Polygon","coordinates":[[[9.20489,45.46554],[9.20703,45.46664],[9.20938,45.46598],[9.20958,45.4642],[9.20744,45.4631],[9.2051,45.46377],[9.20489,45.46554]]]},"properties":{"cdi":0.004,"o_score_pt":2060.1,"o_score_car":2078.7,"population":1478}},{"type":"Feature","id":621,"geometry":{"type":"Polygon","coordinates":[[[9.22346,45.46196],[9.22559,45.46306],[9.22792,45.4624],[9.22812,45.46064],[9.22599,45.45954],[9.22366,45.4602],[9.22346,45.46196]]]},"properties":{"cdi":0.084,"o_score_pt":1610.1,"o_score_car":1904.1,"population":1321}},{"type":"Feature","id":622,"geometry":{"type":"Polygon","coordinates":[[[9.21515,45.46088],[9.21671,45.46168],[9.21835,45.46122],[9.21849,45.45998],[9.21693,45.45917],[9.21529,45.45964],[9.21515,45.46088]]]},"properties":{"cdi":0.078,"o_score_pt":1709.1,"o_score_car":1997.6,"population":221}},{"type":"Feature","id":623,"geometry":{"type":"Polygon","coordinates":[[[9.20163,45.45447],[9.20377,45.45558],[9.20612,45.45491],[9.20632,45.45314],[9.20418,45.45203],[9.20183,45.4527],[9.20163,45.45447]]]},"properties":{"cdi":0.002,"o_score_pt":2012.8,"o_score_car":2022.2,"population":1825}},{"type":"Feature","id":624,"geometry":{"type":"Polygon","coordinates":[[[9.16446,45.42905],[9.16597,45.42982],[9.16755,45.42937],[9.16769,45.42818],[9.16618,45.4274],[9.1646,45.42785],[9.16446,45.42905]]]},"properties":{"cdi":0.083,"o_score_pt":1348.4,"o_score_car":1593.7,"population":189}},{"type":"Feature","id":625,"geometry":{"type":"Polygon","coordinates":[[[9.17463,45.43303],[9.17677,45.43413],[9.17911,45.43347],[9.17932,45.43169],[9.17718,45.43059],[9.17484,45.43126],[9.17463,45.43303]]]},"properties":{"cdi":0.025,"o_score_pt":1676.6,"o_score_car":1763.4,"population":1502}},{"type":"Feature","id":626,"geometry":{"type":"Polygon","coordinates":[[[9.16309,45.42599],[9.16411,45.42652],[9.16511,45.42624],[9.1652,45.42548],[9.16417,45.42495],[9.16317,45.42523],[9.16309,45.42599]]]},"properties":{"cdi":0.16,"o_score_pt":1122,"o_score_car":1548.2,"population":41}},{"type":"Feature","id":627,"geometry":{"type":"Polygon","coordinates":[[[9.15293,45.4255],[9.15499,45.42656],[9.15723,45.42592],[9.15743,45.42422],[9.15537,45.42316],[9.15312,45.4238],[9.15293,45.4255]]]},"properties":{"cdi":0.136,"o_score_pt":1150.3,"o_score_car":1511.7,"population":1074}},{"type":"Feature","id":628,"geometry":{"type":"Polygon","coordinates":[[[9.17191,45.42179],[9.17359,45.42265],[9.17537,45.42215],[9.17553,45.4208],[9.17385,45.41993],[9.17207,45.42044],[9.17191,45.42179]]]},"properties":{"cdi":0.137,"o_score_pt":1179,"o_score_car":1553,"population":322}},{"type":"Feature","id":629,"geometry":{"type":"Polygon","coordinates":[[[9.16278,45.43982],[9.16468,45.44081],[9.16674,45.44022],[9.16692,45.43866],[9.16502,45.43768],[9.16296,45.43827],[9.16278,45.43982]]]},"properties":{"cdi":0.014,"o_score_pt":1697.3,"o_score_car":1744.8,"population":657}},{"type":"Feature","id":630,"geometry":{"type":"Polygon","coordinates":[[[9.1648,45.44267],[9.16663,45.44362],[9.1686,45.44306],[9.16877,45.44157],[9.16694,45.44062],[9.16497,45.44118],[9.1648,45.44267]]]},"properties":{"cdi":-0.039,"o_score_pt":1934.3,"o_score_car":1790.4,"population":518}},{"type":"Feature","id":631,"geometry":{"type":"Polygon","coordinates":[[[9.17208,45.43547],[9.17422,45.43657],[9.17657,45.43591],[9.17677,45.43413],[9.17463,45.43303],[9.17229,45.4337],[9.17208,45.43547]]]},"properties":{"cdi":0.096,"o_score_pt":1426.9,"o_score_car":1729.3,"population":2478}},{"type":"Feature","id":632,"geometry":{"type":"Polygon","coordinates":[[[9.06177,45.44791],[9.06197,45.44801],[9.06197,45.44801],[9.06177,45.44791],[9.06177,45.44791]]]},"properties":{"cdi":0.405,"o_score_pt":520.7,"o_score_car":1230.4,"population":0}},{"type":"Feature","id":633,"geometry":{"type":"Polygon","coordinates":[[[9.15172,45.43612],[9.15376,45.43718],[9.15599,45.43654],[9.15618,45.43486],[9.15414,45.43381],[9.15192,45.43444],[9.15172,45.43612]]]},"properties":{"cdi":0.078,"o_score_pt":1425.9,"o_score_car":1668.4,"population":1008}},{"type":"Feature","id":634,"geometry":{"type":"Polygon","coordinates":[[[9.19959,45.43277],[9.20173,45.43388],[9.20407,45.43321],[9.20428,45.43144],[9.20214,45.43033],[9.1998,45.431],[9.19959,45.43277]]]},"properties":{"cdi":0.153,"o_score_pt":1317.5,"o_score_car":1792.3,"population":1467}},{"type":"Feature","id":635,"geometry":{"type":"Polygon","coordinates":[[[9.06108,45.4344],[9.06128,45.43451],[9.06128,45.43451],[9.06108,45.4344],[9.06108,45.4344]]]},"properties":{"cdi":0.999,"o_score_pt":0.8,"o_score_car":1152.8,"population":2}},{"type":"Feature","id":636,"geometry":{"type":"Polygon","coordinates":[[[9.2108,45.43292],[9.211,45.43303],[9.211,45.43303],[9.2108,45.43292],[9.2108,45.43292]]]},"properties":{"cdi":0.198,"o_score_pt":1147.4,"o_score_car":1713.4,"population":0}},{"type":"Feature","id":637,"geometry":{"type":"Polygon","coordinates":[[[9.21057,45.4365],[9.21264,45.43757],[9.21491,45.43692],[9.21511,45.43521],[9.21303,45.43413],[9.21076,45.43478],[9.21057,45.4365]]]},"properties":{"cdi":0.146,"o_score_pt":1258.3,"o_score_car":1689.2,"population":1131}},{"type":"Feature","id":638,"geometry":{"type":"Polygon","coordinates":[[[9.06292,45.43731],[9.0632,45.43745],[9.06328,45.43743],[9.06329,45.43736],[9.06302,45.43721],[9.06293,45.43724],[9.06292,45.43731]]]},"properties":{"cdi":0.998,"o_score_pt":1.1,"o_score_car":1125.9,"population":3}},{"type":"Feature","id":639,"geometry":{"type":"Polygon","coordinates":[[[9.07197,45.43816],[9.07216,45.43827],[9.07216,45.43827],[9.07197,45.43816],[9.07197,45.43816]]]},"properties":{"cdi":0.999,"o_score_pt":0.4,"o_score_car":1254.1,"population":2}},{"type":"Feature","id":640,"geometry":{"type":"Polygon","coordinates":[[[9.189,45.42543],[9.1892,45.42553],[9.1892,45.42553],[9.189,45.42543],[9.189,45.42543]]]},"properties":{"cdi":0.991,"o_score_pt":5.6,"o_score_car":1211.3,"population":0}},{"type":"Feature","id":641,"geometry":{"type":"Polygon","coordinates":[[[9.19823,45.42971],[9.19987,45.43056],[9.20162,45.43006],[9.20177,45.42874],[9.20012,45.42789],[9.19838,45.42839],[9.19823,45.42971]]]},"properties":{"cdi":0.181,"o_score_pt":1173.6,"o_score_car":1693.3,"population":292}},{"type":"Feature","id":642,"geometry":{"type":"Polygon","coordinates":[[[9.19928,45.44311],[9.20063,45.44381],[9.20203,45.44342],[9.20215,45.44236],[9.20079,45.44166],[9.1994,45.44206],[9.19928,45.44311]]]},"properties":{"cdi":0.119,"o_score_pt":1474.9,"o_score_car":1871.9,"population":117}},{"type":"Feature","id":643,"geometry":{"type":"Polygon","coordinates":[[[9.1897,45.44244],[9.19158,45.44341],[9.19361,45.44283],[9.19379,45.44129],[9.19191,45.44032],[9.18988,45.4409],[9.1897,45.44244]]]},"properties":{"cdi":0.129,"o_score_pt":1432.8,"o_score_car":1857.9,"population":612}},{"type":"Feature","id":644,"geometry":{"type":"Polygon","coordinates":[[[9.20811,45.43891],[9.21011,45.43994],[9.21228,45.43932],[9.21247,45.43768],[9.21047,45.43664],[9.2083,45.43726],[9.20811,45.43891]]]},"properties":{"cdi":0.088,"o_score_pt":1461.4,"o_score_car":1743.4,"population":883}},{"type":"Feature","id":645,"geometry":{"type":"Polygon","coordinates":[[[9.18638,45.43651],[9.18779,45.43724],[9.18925,45.43682],[9.18937,45.43571],[9.18796,45.43499],[9.1865,45.4354],[9.18638,45.43651]]]},"properties":{"cdi":0.15,"o_score_pt":1359.2,"o_score_car":1840.6,"population":139}},{"type":"Feature","id":646,"geometry":{"type":"Polygon","coordinates":[[[9.1876,45.43961],[9.18962,45.44066],[9.19183,45.44003],[9.19202,45.43836],[9.19,45.43732],[9.18779,45.43795],[9.1876,45.43961]]]},"properties":{"cdi":0.162,"o_score_pt":1293.9,"o_score_car":1792.7,"population":965}},{"type":"Feature","id":647,"geometry":{"type":"Polygon","coordinates":[[[9.15883,45.4718],[9.16096,45.4729],[9.1633,45.47223],[9.16351,45.47047],[9.16137,45.46937],[9.15903,45.47003],[9.15883,45.4718]]]},"properties":{"cdi":0.002,"o_score_pt":2024.8,"o_score_car":2031.5,"population":1352}},{"type":"Feature","id":648,"geometry":{"type":"Polygon","coordinates":[[[9.17773,45.46812],[9.17956,45.46907],[9.18153,45.46851],[9.18171,45.46701],[9.17987,45.46607],[9.1779,45.46663],[9.17773,45.46812]]]},"properties":{"cdi":-0.058,"o_score_pt":2405,"o_score_car":2142.6,"population":523}},{"type":"Feature","id":649,"geometry":{"type":"Polygon","coordinates":[[[9.16853,45.46732],[9.17056,45.46837],[9.17277,45.46774],[9.17297,45.46607],[9.17094,45.46502],[9.16873,45.46565],[9.16853,45.46732]]]},"properties":{"cdi":-0.001,"o_score_pt":2070.7,"o_score_car":2065.4,"population":971}},{"type":"Feature","id":650,"geometry":{"type":"Polygon","coordinates":[[[9.15557,45.46073],[9.15771,45.46184],[9.16005,45.46117],[9.16026,45.4594],[9.15812,45.4583],[9.15577,45.45896],[9.15557,45.46073]]]},"properties":{"cdi":0.081,"o_score_pt":1733.3,"o_score_car":2037,"population":1764}},{"type":"Feature","id":651,"geometry":{"type":"Polygon","coordinates":[[[9.16478,45.46153],[9.16671,45.46252],[9.16879,45.46193],[9.16897,45.46035],[9.16705,45.45936],[9.16497,45.45995],[9.16478,45.46153]]]},"properties":{"cdi":-0.005,"o_score_pt":2084.2,"o_score_car":2061.8,"population":699}},{"type":"Feature","id":652,"geometry":{"type":"Polygon","coordinates":[[[9.16661,45.46444],[9.16863,45.46548],[9.17083,45.46486],[9.17102,45.4632],[9.169,45.46215],[9.1668,45.46278],[9.16661,45.46444]]]},"properties":{"cdi":-0.011,"o_score_pt":2112,"o_score_car":2067.2,"population":942}},{"type":"Feature","id":653,"geometry":{"type":"Polygon","coordinates":[[[9.15628,45.47424],[9.15841,45.47534],[9.16076,45.47468],[9.16096,45.4729],[9.15882,45.4718],[9.15648,45.47247],[9.15628,45.47424]]]},"properties":{"cdi":0.019,"o_score_pt":1892.7,"o_score_car":1966.7,"population":1634}},{"type":"Feature","id":654,"geometry":{"type":"Polygon","coordinates":[[[9.16718,45.47799],[9.16932,45.47909],[9.17166,45.47843],[9.17187,45.47665],[9.16973,45.47555],[9.16738,45.47622],[9.16718,45.47799]]]},"properties":{"cdi":0.073,"o_score_pt":1850.1,"o_score_car":2143.1,"population":1790}},{"type":"Feature","id":655,"geometry":{"type":"Polygon","coordinates":[[[9.15452,45.4713],[9.1565,45.47233],[9.15866,45.47172],[9.15885,45.47009],[9.15686,45.46906],[9.15471,45.46967],[9.15452,45.4713]]]},"properties":{"cdi":-0.002,"o_score_pt":2035.1,"o_score_car":2026.4,"population":848}},{"type":"Feature","id":656,"geometry":{"type":"Polygon","coordinates":[[[9.14543,45.47047],[9.14752,45.47155],[9.14981,45.4709],[9.15001,45.46917],[9.14791,45.46809],[9.14563,45.46874],[9.14543,45.47047]]]},"properties":{"cdi":0.039,"o_score_pt":1830.1,"o_score_car":1977.2,"population":1190}},{"type":"Feature","id":657,"geometry":{"type":"Polygon","coordinates":[[[9.19312,45.47231],[9.19495,45.47326],[9.19693,45.47269],[9.1971,45.4712],[9.19526,45.47025],[9.19329,45.47081],[9.19312,45.47231]]]},"properties":{"cdi":-0.04,"o_score_pt":2271.2,"o_score_car":2096.2,"population":530}},{"type":"Feature","id":658,"geometry":{"type":"Polygon","coordinates":[[[9.19571,45.47497],[9.19698,45.47563],[9.19827,45.47526],[9.19838,45.47428],[9.19711,45.47363],[9.19582,45.474],[9.19571,45.47497]]]},"properties":{"cdi":-0.025,"o_score_pt":2198.2,"o_score_car":2091.2,"population":89}},{"type":"Feature","id":659,"geometry":{"type":"Polygon","coordinates":[[[9.20248,45.46794],[9.2045,45.46898],[9.20671,45.46835],[9.2069,45.46669],[9.20488,45.46564],[9.20267,45.46627],[9.20248,45.46794]]]},"properties":{"cdi":0.004,"o_score_pt":2086,"o_score_car":2103.8,"population":961}},{"type":"Feature","id":660,"geometry":{"type":"Polygon","coordinates":[[[9.18214,45.46858],[9.18404,45.46956],[9.18608,45.46898],[9.18626,45.46743],[9.18437,45.46645],[9.18232,45.46703],[9.18214,45.46858]]]},"properties":{"cdi":-0.046,"o_score_pt":2311.1,"o_score_car":2109.7,"population":635}},{"type":"Feature","id":661,"geometry":{"type":"Polygon","coordinates":[[[9.20061,45.46504],[9.20258,45.46605],[9.20471,45.46544],[9.20489,45.46383],[9.20293,45.46282],[9.2008,45.46343],[9.20061,45.46504]]]},"properties":{"cdi":0.009,"o_score_pt":2019.2,"o_score_car":2056.3,"population":787}},{"type":"Feature","id":662,"geometry":{"type":"Polygon","coordinates":[[[9.19222,45.46398],[9.19369,45.46474],[9.19522,45.4643],[9.19535,45.46315],[9.19388,45.46239],[9.19235,45.46282],[9.19222,45.46398]]]},"properties":{"cdi":-0.082,"o_score_pt":2257,"o_score_car":1913.1,"population":166}},{"type":"Feature","id":663,"geometry":{"type":"Polygon","coordinates":[[[9.19227,45.4777],[9.19431,45.47875],[9.19653,45.47812],[9.19673,45.47644],[9.19469,45.47538],[9.19246,45.47602],[9.19227,45.4777]]]},"properties":{"cdi":-0.035,"o_score_pt":2253,"o_score_car":2099.3,"population":1006}},{"type":"Feature","id":664,"geometry":{"type":"Polygon","coordinates":[[[9.20112,45.47861],[9.20326,45.47971],[9.20561,45.47904],[9.20581,45.47727],[9.20367,45.47617],[9.20133,45.47684],[9.20112,45.47861]]]},"properties":{"cdi":-0.02,"o_score_pt":2184.4,"o_score_car":2100.6,"population":2741}},{"type":"Feature","id":665,"geometry":{"type":"Polygon","coordinates":[[[9.20308,45.48148],[9.20521,45.48257],[9.20753,45.48191],[9.20773,45.48016],[9.20561,45.47906],[9.20328,45.47972],[9.20308,45.48148]]]},"properties":{"cdi":-0.028,"o_score_pt":2203.6,"o_score_car":2084.9,"population":1296}},{"type":"Feature","id":666,"geometry":{"type":"Polygon","coordinates":[[[9.17967,45.471],[9.1815,45.47194],[9.18347,45.47138],[9.18364,45.46989],[9.18181,45.46895],[9.17984,45.46951],[9.17967,45.471]]]},"properties":{"cdi":-0.066,"o_score_pt":2387.2,"o_score_car":2090.6,"population":522}},{"type":"Feature","id":667,"geometry":{"type":"Polygon","coordinates":[[[9.15291,45.44948],[9.15453,45.45032],[9.15626,45.44983],[9.15641,45.44852],[9.15478,45.44768],[9.15306,45.44817],[9.15291,45.44948]]]},"properties":{"cdi":0.008,"o_score_pt":1775.4,"o_score_car":1802.3,"population":274}},{"type":"Feature","id":668,"geometry":{"type":"Polygon","coordinates":[[[9.14337,45.44878],[9.14549,45.44988],[9.14781,45.44922],[9.14802,45.44746],[9.14589,45.44637],[9.14357,45.44703],[9.14337,45.44878]]]},"properties":{"cdi":0.099,"o_score_pt":1532.7,"o_score_car":1870.7,"population":1304}},{"type":"Feature","id":669,"geometry":{"type":"Polygon","coordinates":[[[9.16212,45.44515],[9.16406,45.44615],[9.16617,45.44556],[9.16635,45.44397],[9.16441,45.44296],[9.16231,45.44356],[9.16212,45.44515]]]},"properties":{"cdi":-0.013,"o_score_pt":1958.7,"o_score_car":1909.8,"population":735}},{"type":"Feature","id":670,"geometry":{"type":"Polygon","coordinates":[[[9.13972,45.44296],[9.14165,45.44396],[9.14375,45.44337],[9.14393,45.44178],[9.142,45.44078],[9.1399,45.44138],[9.13972,45.44296]]]},"properties":{"cdi":0.102,"o_score_pt":1386.9,"o_score_car":1701.3,"population":728}},{"type":"Feature","id":671,"geometry":{"type":"Polygon","coordinates":[[[9.14167,45.44583],[9.14359,45.44683],[9.14567,45.44623],[9.14585,45.44466],[9.14393,45.44367],[9.14185,45.44426],[9.14167,45.44583]]]},"properties":{"cdi":0.026,"o_score_pt":1593.3,"o_score_car":1677.1,"population":693}},{"type":"Feature","id":672,"geometry":{"type":"Polygon","coordinates":[[[9.14907,45.43859],[9.1512,45.43969],[9.15353,45.43903],[9.15374,45.43727],[9.15161,45.43617],[9.14927,45.43683],[9.14907,45.43859]]]},"properties":{"cdi":0.124,"o_score_pt":1366.8,"o_score_car":1754,"population":1335}},{"type":"Feature","id":673,"geometry":{"type":"Polygon","coordinates":[[[9.14243,45.45932],[9.1443,45.46029],[9.14632,45.45971],[9.1465,45.45819],[9.14463,45.45722],[9.14261,45.45779],[9.14243,45.45932]]]},"properties":{"cdi":0.106,"o_score_pt":1555.2,"o_score_car":1924,"population":590}},{"type":"Feature","id":674,"geometry":{"type":"Polygon","coordinates":[[[9.16067,45.45586],[9.1628,45.45696],[9.16515,45.45629],[9.16535,45.45452],[9.16321,45.45342],[9.16087,45.45409],[9.16067,45.45586]]]},"properties":{"cdi":0.034,"o_score_pt":1905.8,"o_score_car":2038.2,"population":1391}},{"type":"Feature","id":675,"geometry":{"type":"Polygon","coordinates":[[[9.1517,45.45498],[9.15384,45.45609],[9.15618,45.45542],[9.15639,45.45365],[9.15425,45.45254],[9.1519,45.45321],[9.1517,45.45498]]]},"properties":{"cdi":0.078,"o_score_pt":1706.9,"o_score_car":1995,"population":2174}},{"type":"Feature","id":676,"geometry":{"type":"Polygon","coordinates":[[[9.13887,45.44835],[9.14101,45.44946],[9.14335,45.44879],[9.14355,45.44702],[9.14141,45.44591],[9.13907,45.44658],[9.13887,45.44835]]]},"properties":{"cdi":0.089,"o_score_pt":1491.1,"o_score_car":1783.9,"population":1408}},{"type":"Feature","id":677,"geometry":{"type":"Polygon","coordinates":[[[9.2046,45.5273],[9.20674,45.5284],[9.20908,45.52773],[9.20929,45.52596],[9.20715,45.52486],[9.2048,45.52553],[9.2046,45.5273]]]},"properties":{"cdi":0.055,"o_score_pt":1442.4,"o_score_car":1611.5,"population":1698}},{"type":"Feature","id":678,"geometry":{"type":"Polygon","coordinates":[[[9.21401,45.52803],[9.21577,45.52894],[9.21767,45.5284],[9.21783,45.52697],[9.21606,45.52606],[9.21417,45.5266],[9.21401,45.52803]]]},"properties":{"cdi":0.05,"o_score_pt":1398.8,"o_score_car":1547.4,"population":426}},{"type":"Feature","id":679,"geometry":{"type":"Polygon","coordinates":[[[9.19178,45.52066],[9.19389,45.52175],[9.19619,45.52109],[9.19639,45.51936],[9.19429,45.51827],[9.19198,45.51892],[9.19178,45.52066]]]},"properties":{"cdi":0.095,"o_score_pt":1391.8,"o_score_car":1684.2,"population":1228}},{"type":"Feature","id":680,"geometry":{"type":"Polygon","coordinates":[[[9.20274,45.5244],[9.20481,45.52546],[9.20707,45.52482],[9.20726,45.52312],[9.2052,45.52205],[9.20294,45.52269],[9.20274,45.5244]]]},"properties":{"cdi":0.009,"o_score_pt":1609,"o_score_car":1637.6,"population":1086}},{"type":"Feature","id":681,"geometry":{"type":"Polygon","coordinates":[[[9.10929,45.52006],[9.11016,45.52051],[9.11097,45.52028],[9.11105,45.51967],[9.11017,45.51922],[9.10936,45.51945],[9.10929,45.52006]]]},"properties":{"cdi":0.992,"o_score_pt":3.8,"o_score_car":904.6,"population":25}},{"type":"Feature","id":682,"geometry":{"type":"Polygon","coordinates":[[[9.11913,45.51555],[9.11979,45.51589],[9.12033,45.51573],[9.12038,45.51532],[9.11972,45.51498],[9.11918,45.51513],[9.11913,45.51555]]]},"properties":{"cdi":0.159,"o_score_pt":973.9,"o_score_car":1341.6,"population":12}},{"type":"Feature","id":683,"geometry":{"type":"Polygon","coordinates":[[[9.09916,45.51606],[9.09936,45.51616],[9.09936,45.51616],[9.09916,45.51606],[9.09916,45.51606]]]},"properties":{"cdi":0.989,"o_score_pt":8,"o_score_car":1380.7,"population":0}},{"type":"Feature","id":684,"geometry":{"type":"Polygon","coordinates":[[[9.11772,45.51251],[9.11792,45.51261],[9.11792,45.51261],[9.11772,45.51251],[9.11772,45.51251]]]},"properties":{"cdi":0.258,"o_score_pt":931,"o_score_car":1577.4,"population":1}},{"type":"Feature","id":685,"geometry":{"type":"Polygon","coordinates":[[[9.10866,45.51165],[9.10894,45.5118],[9.10903,45.51177],[9.10904,45.5117],[9.10876,45.51156],[9.10867,45.51158],[9.10866,45.51165]]]},"properties":{"cdi":0.271,"o_score_pt":906.3,"o_score_car":1578.9,"population":3}},{"type":"Feature","id":686,"geometry":{"type":"Polygon","coordinates":[[[9.09661,45.51849],[9.09681,45.51859],[9.09681,45.51859],[9.09661,45.51849],[9.09661,45.51849]]]},"properties":{"cdi":0.996,"o_score_pt":2.2,"o_score_car":1185.9,"population":0}},{"type":"Feature","id":687,"geometry":{"type":"Polygon","coordinates":[[[9.06963,45.49704],[9.06983,45.49714],[9.06983,45.49714],[9.06963,45.49704],[9.06963,45.49704]]]},"properties":{"cdi":0.273,"o_score_pt":845.8,"o_score_car":1482.3,"population":0}},{"type":"Feature","id":688,"geometry":{"type":"Polygon","coordinates":[[[9.06067,45.49616],[9.06087,45.49626],[9.06087,45.49626],[9.06067,45.49616],[9.06067,45.49616]]]},"properties":{"cdi":0.997,"o_score_pt":2,"o_score_car":1220.7,"population":0}},{"type":"Feature","id":689,"geometry":{"type":"Polygon","coordinates":[[[9.07778,45.49307],[9.07922,45.49382],[9.08072,45.49339],[9.08086,45.49225],[9.07941,45.49151],[9.07791,45.49193],[9.07778,45.49307]]]},"properties":{"cdi":0.21,"o_score_pt":952.3,"o_score_car":1457.6,"population":154}},{"type":"Feature","id":690,"geometry":{"type":"Polygon","coordinates":[[[9.06519,45.48636],[9.06643,45.487],[9.06768,45.48664],[9.06779,45.4857],[9.06655,45.48506],[9.0653,45.48541],[9.06519,45.48636]]]},"properties":{"cdi":0.455,"o_score_pt":541.3,"o_score_car":1446.5,"population":80}},{"type":"Feature","id":691,"geometry":{"type":"Polygon","coordinates":[[[9.06901,45.50235],[9.06921,45.50245],[9.06921,45.50245],[9.06901,45.50235],[9.06901,45.50235]]]},"properties":{"cdi":0.845,"o_score_pt":110.9,"o_score_car":1324.1,"population":0}},{"type":"Feature","id":692,"geometry":{"type":"Polygon","coordinates":[[[9.0946,45.49681],[9.0948,45.49691],[9.0948,45.49691],[9.0946,45.49681],[9.0946,45.49681]]]},"properties":{"cdi":0.146,"o_score_pt":1075.7,"o_score_car":1442.7,"population":0}},{"type":"Feature","id":693,"geometry":{"type":"Polygon","coordinates":[[[9.10326,45.50128],[9.10539,45.50239],[9.10774,45.50172],[9.10795,45.49995],[9.10581,45.49885],[9.10346,45.49951],[9.10326,45.50128]]]},"properties":{"cdi":0.087,"o_score_pt":1348.7,"o_score_car":1607.1,"population":1683}},{"type":"Feature","id":694,"geometry":{"type":"Polygon","coordinates":[[[9.09267,45.49393],[9.09287,45.49404],[9.09287,45.49404],[9.09267,45.49393],[9.09267,45.49393]]]},"properties":{"cdi":0.256,"o_score_pt":916.8,"o_score_car":1546.6,"population":0}},{"type":"Feature","id":695,"geometry":{"type":"Polygon","coordinates":[[[9.0837,45.49305],[9.0839,45.49315],[9.0839,45.49315],[9.0837,45.49305],[9.0837,45.49305]]]},"properties":{"cdi":0.284,"o_score_pt":792.7,"o_score_car":1421.1,"population":0}},{"type":"Feature","id":696,"geometry":{"type":"Polygon","coordinates":[[[9.10038,45.4901],[9.1022,45.49104],[9.10415,45.49048],[9.10432,45.48901],[9.10251,45.48807],[9.10055,45.48862],[9.10038,45.4901]]]},"properties":{"cdi":0.165,"o_score_pt":1168.7,"o_score_car":1630.2,"population":500}},{"type":"Feature","id":697,"geometry":{"type":"Polygon","coordinates":[[[9.1007,45.50372],[9.10284,45.50482],[9.10519,45.50416],[9.10539,45.50239],[9.10326,45.50128],[9.10091,45.50195],[9.1007,45.50372]]]},"properties":{"cdi":0.096,"o_score_pt":1359.7,"o_score_car":1649,"population":2043}},{"type":"Feature","id":698,"geometry":{"type":"Polygon","coordinates":[[[9.09461,45.52935],[9.09547,45.5298],[9.09627,45.52957],[9.09634,45.52897],[9.09548,45.52852],[9.09468,45.52875],[9.09461,45.52935]]]},"properties":{"cdi":0.996,"o_score_pt":2.7,"o_score_car":1507,"population":24}},{"type":"Feature","id":699,"geometry":{"type":"Polygon","coordinates":[[[9.06749,45.43772],[9.06769,45.43782],[9.06769,45.43782],[9.06749,45.43772],[9.06749,45.43772]]]},"properties":{"cdi":0.999,"o_score_pt":0.5,"o_score_car":1097.2,"population":1}},{"type":"Feature","id":700,"geometry":{"type":"Polygon","coordinates":[[[9.06933,45.44063],[9.06961,45.44077],[9.06969,45.44075],[9.0697,45.44067],[9.06943,45.44053],[9.06934,45.44056],[9.06933,45.44063]]]},"properties":{"cdi":0.999,"o_score_pt":0.3,"o_score_car":1097.6,"population":3}},{"type":"Feature","id":701,"geometry":{"type":"Polygon","coordinates":[[[9.05729,45.44747],[9.05749,45.44757],[9.05749,45.44757],[9.05729,45.44747],[9.05729,45.44747]]]},"properties":{"cdi":1,"o_score_pt":0,"o_score_car":1233.1,"population":0}},{"type":"Feature","id":702,"geometry":{"type":"Polygon","coordinates":[[[9.04833,45.44658],[9.04853,45.44669],[9.04853,45.44669],[9.04833,45.44658],[9.04833,45.44658]]]},"properties":{"cdi":0.999,"o_score_pt":0.6,"o_score_car":1216.3,"population":2}},{"type":"Feature","id":703,"geometry":{"type":"Polygon","coordinates":[[[9.06687,45.44304],[9.06707,45.44314],[9.06707,45.44314],[9.06687,45.44304],[9.06687,45.44304]]]},"properties":{"cdi":0.362,"o_score_pt":535.7,"o_score_car":1143.1,"population":0}},{"type":"Feature","id":704,"geometry":{"type":"Polygon","coordinates":[[[9.13462,45.41525],[9.13587,45.4159],[9.13714,45.41554],[9.13725,45.41458],[9.136,45.41393],[9.13473,45.41429],[9.13462,45.41525]]]},"properties":{"cdi":1,"o_score_pt":0.1,"o_score_car":1264.7,"population":84}},{"type":"Feature","id":705,"geometry":{"type":"Polygon","coordinates":[[[9.16176,45.41268],[9.16332,45.41349],[9.16497,45.41302],[9.16511,45.41177],[9.16355,45.41096],[9.1619,45.41143],[9.16176,45.41268]]]},"properties":{"cdi":0.237,"o_score_pt":934.7,"o_score_car":1514.1,"population":225}},{"type":"Feature","id":706,"geometry":{"type":"Polygon","coordinates":[[[9.15092,45.41915],[9.15137,45.41938],[9.15168,45.4193],[9.1517,45.41906],[9.15125,45.41883],[9.15095,45.41891],[9.15092,45.41915]]]},"properties":{"cdi":0.159,"o_score_pt":1010.9,"o_score_car":1392.7,"population":6}},{"type":"Feature","id":707,"geometry":{"type":"Polygon","coordinates":[[[9.15315,45.42193],[9.15334,45.42203],[9.15334,45.42203],[9.15315,45.42193],[9.15315,45.42193]]]},"properties":{"cdi":0.982,"o_score_pt":12.7,"o_score_car":1417.1,"population":2}},{"type":"Feature","id":708,"geometry":{"type":"Polygon","coordinates":[[[9.15974,45.41495],[9.16085,45.41552],[9.16194,45.41521],[9.16203,45.41438],[9.16093,45.41381],[9.15984,45.41412],[9.15974,45.41495]]]},"properties":{"cdi":0.152,"o_score_pt":934.2,"o_score_car":1269.6,"population":53}},{"type":"Feature","id":709,"geometry":{"type":"Polygon","coordinates":[[[9.13979,45.4292],[9.14105,45.42986],[9.14234,45.42949],[9.14245,45.42852],[9.14119,45.42787],[9.13991,45.42823],[9.13979,45.4292]]]},"properties":{"cdi":0.239,"o_score_pt":899.7,"o_score_car":1463.4,"population":87}},{"type":"Feature","id":710,"geometry":{"type":"Polygon","coordinates":[[[9.13206,45.42793],[9.13226,45.42804],[9.13226,45.42804],[9.13206,45.42793],[9.13206,45.42793]]]},"properties":{"cdi":0.997,"o_score_pt":2.4,"o_score_car":1513.4,"population":0}},{"type":"Feature","id":711,"geometry":{"type":"Polygon","coordinates":[[[9.1506,45.42437],[9.1508,45.42447],[9.1508,45.42447],[9.1506,45.42437],[9.1506,45.42437]]]},"properties":{"cdi":0.148,"o_score_pt":1104.7,"o_score_car":1489.3,"population":0}},{"type":"Feature","id":712,"geometry":{"type":"Polygon","coordinates":[[[9.12898,45.42543],[9.13017,45.42604],[9.13137,45.4257],[9.13147,45.42479],[9.13028,45.42418],[9.12908,45.42452],[9.12898,45.42543]]]},"properties":{"cdi":0.993,"o_score_pt":4.9,"o_score_car":1468.8,"population":70}},{"type":"Feature","id":713,"geometry":{"type":"Polygon","coordinates":[[[9.12897,45.43916],[9.13078,45.44009],[9.13272,45.43954],[9.13289,45.43807],[9.13108,45.43714],[9.12914,45.43769],[9.12897,45.43916]]]},"properties":{"cdi":0.095,"o_score_pt":1351.6,"o_score_car":1634.5,"population":484}},{"type":"Feature","id":714,"geometry":{"type":"Polygon","coordinates":[[[9.1474,45.43563],[9.1493,45.43661],[9.15136,45.43603],[9.15154,45.43448],[9.14964,45.43349],[9.14758,45.43408],[9.1474,45.43563]]]},"properties":{"cdi":0.146,"o_score_pt":1250.3,"o_score_car":1676.5,"population":649}},{"type":"Feature","id":715,"geometry":{"type":"Polygon","coordinates":[[[9.14041,45.43413],[9.1406,45.43423],[9.1406,45.43423],[9.14041,45.43413],[9.14041,45.43413]]]},"properties":{"cdi":0.177,"o_score_pt":1120,"o_score_car":1602.6,"population":0}},{"type":"Feature","id":716,"geometry":{"type":"Polygon","coordinates":[[[9.12617,45.42795],[9.12759,45.42868],[9.12906,45.42826],[9.12919,45.42715],[9.12777,45.42642],[9.1263,45.42683],[9.12617,45.42795]]]},"properties":{"cdi":0.336,"o_score_pt":763.6,"o_score_car":1536.9,"population":142}},{"type":"Feature","id":717,"geometry":{"type":"Polygon","coordinates":[[[9.25967,45.43785],[9.26027,45.43816],[9.26075,45.43803],[9.26079,45.43766],[9.26019,45.43735],[9.25971,45.43749],[9.25967,45.43785]]]},"properties":{"cdi":0.351,"o_score_pt":748.5,"o_score_car":1558.4,"population":10}},{"type":"Feature","id":718,"geometry":{"type":"Polygon","coordinates":[[[9.25819,45.43483],[9.25839,45.43493],[9.25839,45.43493],[9.25819,45.43483],[9.25819,45.43483]]]},"properties":{"cdi":0.153,"o_score_pt":1037.8,"o_score_car":1412.4,"population":0}},{"type":"Feature","id":719,"geometry":{"type":"Polygon","coordinates":[[[9.24719,45.43461],[9.24915,45.43562],[9.25127,45.43502],[9.25145,45.43341],[9.24949,45.4324],[9.24737,45.43301],[9.24719,45.43461]]]},"properties":{"cdi":0.116,"o_score_pt":1216.6,"o_score_car":1535,"population":768}},{"type":"Feature","id":720,"geometry":{"type":"Polygon","coordinates":[[[9.25751,45.44879],[9.25893,45.44952],[9.26039,45.4491],[9.26051,45.44799],[9.2591,45.44727],[9.25764,45.44768],[9.25751,45.44879]]]},"properties":{"cdi":0.241,"o_score_pt":1007.1,"o_score_car":1647.8,"population":139}},{"type":"Feature","id":721,"geometry":{"type":"Polygon","coordinates":[[[9.26019,45.45143],[9.26097,45.45183],[9.26165,45.45163],[9.26171,45.4511],[9.26094,45.45071],[9.26025,45.4509],[9.26019,45.45143]]]},"properties":{"cdi":0.295,"o_score_pt":881.6,"o_score_car":1619,"population":18}},{"type":"Feature","id":722,"geometry":{"type":"Polygon","coordinates":[[[9.24604,45.44523],[9.24794,45.4462],[9.24999,45.44562],[9.25017,45.44407],[9.24827,45.44309],[9.24622,45.44368],[9.24604,45.44523]]]},"properties":{"cdi":0.143,"o_score_pt":1160.2,"o_score_car":1548.2,"population":639}},{"type":"Feature","id":723,"geometry":{"type":"Polygon","coordinates":[[[9.04473,45.44936],[9.04584,45.44993],[9.04694,45.44962],[9.04703,45.44879],[9.04592,45.44821],[9.04482,45.44852],[9.04473,45.44936]]]},"properties":{"cdi":0.999,"o_score_pt":0.7,"o_score_car":1309.8,"population":54}},{"type":"Feature","id":724,"geometry":{"type":"Polygon","coordinates":[[[9.04647,45.46252],[9.04667,45.46262],[9.04667,45.46262],[9.04647,45.46252],[9.04647,45.46252]]]},"properties":{"cdi":1,"o_score_pt":0,"o_score_car":1157.7,"population":0}},{"type":"Feature","id":725,"geometry":{"type":"Polygon","coordinates":[[[9.24269,45.41182],[9.24288,45.41192],[9.24288,45.41192],[9.24269,45.41182],[9.24269,45.41182]]]},"properties":{"cdi":0.287,"o_score_pt":751.2,"o_score_car":1357.3,"population":0}},{"type":"Feature","id":726,"geometry":{"type":"Polygon","coordinates":[[[9.24341,45.42533],[9.2436,45.42544],[9.2436,45.42544],[9.24341,45.42533],[9.24341,45.42533]]]},"properties":{"cdi":0.988,"o_score_pt":6.3,"o_score_car":1074.5,"population":0}},{"type":"Feature","id":727,"geometry":{"type":"Polygon","coordinates":[[[9.25374,45.42926],[9.25444,45.42962],[9.25503,45.42945],[9.25509,45.42899],[9.25439,45.42864],[9.25379,45.42881],[9.25374,45.42926]]]},"properties":{"cdi":-0.013,"o_score_pt":1536.8,"o_score_car":1497.8,"population":14}},{"type":"Feature","id":728,"geometry":{"type":"Polygon","coordinates":[[[9.24147,45.42246],[9.24167,45.42256],[9.24167,45.42256],[9.24147,45.42246],[9.24147,45.42246]]]},"properties":{"cdi":0.227,"o_score_pt":958.2,"o_score_car":1521.2,"population":0}},{"type":"Feature","id":729,"geometry":{"type":"Polygon","coordinates":[[[9.2325,45.42159],[9.2327,45.42169],[9.2327,45.42169],[9.2325,45.42159],[9.2325,45.42159]]]},"properties":{"cdi":0.269,"o_score_pt":925.2,"o_score_car":1604.9,"population":0}},{"type":"Feature","id":730,"geometry":{"type":"Polygon","coordinates":[[[9.24656,45.4588],[9.24864,45.45987],[9.25089,45.45922],[9.25109,45.45751],[9.24902,45.45645],[9.24676,45.45709],[9.24656,45.4588]]]},"properties":{"cdi":0.098,"o_score_pt":1336.5,"o_score_car":1625.5,"population":1100}},{"type":"Feature","id":731,"geometry":{"type":"Polygon","coordinates":[[[9.23803,45.45779],[9.23972,45.45866],[9.24152,45.45815],[9.24168,45.45679],[9.23999,45.45592],[9.23819,45.45643],[9.23803,45.45779]]]},"properties":{"cdi":0.087,"o_score_pt":1497.2,"o_score_car":1782.3,"population":333}},{"type":"Feature","id":732,"geometry":{"type":"Polygon","coordinates":[[[9.25744,45.45394],[9.25839,45.45442],[9.25929,45.45417],[9.25937,45.45348],[9.25842,45.45299],[9.25752,45.45325],[9.25744,45.45394]]]},"properties":{"cdi":0.206,"o_score_pt":1065.6,"o_score_car":1617.9,"population":32}},{"type":"Feature","id":733,"geometry":{"type":"Polygon","coordinates":[[[9.23483,45.45182],[9.23594,45.45239],[9.23703,45.45208],[9.23713,45.45125],[9.23602,45.45068],[9.23493,45.45099],[9.23483,45.45182]]]},"properties":{"cdi":0.184,"o_score_pt":1165.1,"o_score_car":1690.8,"population":53}},{"type":"Feature","id":734,"geometry":{"type":"Polygon","coordinates":[[[9.23584,45.455],[9.23775,45.45598],[9.23982,45.45539],[9.23999,45.45383],[9.23808,45.45284],[9.23602,45.45343],[9.23584,45.455]]]},"properties":{"cdi":0.151,"o_score_pt":1293.6,"o_score_car":1753,"population":667}},{"type":"Feature","id":735,"geometry":{"type":"Polygon","coordinates":[[[9.24325,45.44775],[9.24536,45.44883],[9.24767,45.44818],[9.24787,45.44643],[9.24576,45.44534],[9.24345,45.446],[9.24325,45.44775]]]},"properties":{"cdi":0.174,"o_score_pt":1089.2,"o_score_car":1548.6,"population":1248}},{"type":"Feature","id":736,"geometry":{"type":"Polygon","coordinates":[[[9.23728,45.46827],[9.23857,45.46894],[9.23988,45.46856],[9.24,45.46757],[9.23871,45.4669],[9.23739,45.46728],[9.23728,45.46827]]]},"properties":{"cdi":0.006,"o_score_pt":1747.8,"o_score_car":1768.2,"population":95}},{"type":"Feature","id":737,"geometry":{"type":"Polygon","coordinates":[[[9.25692,45.46434],[9.25727,45.46452],[9.25744,45.46447],[9.25746,45.46434],[9.25711,45.46416],[9.25694,45.46421],[9.25692,45.46434]]]},"properties":{"cdi":0.273,"o_score_pt":970.8,"o_score_car":1698.3,"population":4}},{"type":"Feature","id":738,"geometry":{"type":"Polygon","coordinates":[[[9.24763,45.46358],[9.24825,45.4639],[9.24877,45.46376],[9.24881,45.46337],[9.24818,45.46304],[9.24767,45.46319],[9.24763,45.46358]]]},"properties":{"cdi":0.27,"o_score_pt":1035.4,"o_score_car":1801.9,"population":11}},{"type":"Feature","id":739,"geometry":{"type":"Polygon","coordinates":[[[9.23481,45.45695],[9.23541,45.45726],[9.23589,45.45712],[9.23593,45.45676],[9.23533,45.45645],[9.23485,45.45658],[9.23481,45.45695]]]},"properties":{"cdi":0.177,"o_score_pt":1228.8,"o_score_car":1757.7,"population":10}},{"type":"Feature","id":740,"geometry":{"type":"Polygon","coordinates":[[[9.26136,45.45455],[9.2628,45.4553],[9.2643,45.45487],[9.26443,45.45373],[9.26299,45.45299],[9.26148,45.45342],[9.26136,45.45455]]]},"properties":{"cdi":0.257,"o_score_pt":922.2,"o_score_car":1561.5,"population":154}},{"type":"Feature","id":741,"geometry":{"type":"Polygon","coordinates":[[[9.27211,45.46859],[9.27264,45.46887],[9.27304,45.46875],[9.27308,45.46844],[9.27254,45.46817],[9.27214,45.46828],[9.27211,45.46859]]]},"properties":{"cdi":0.998,"o_score_pt":1.6,"o_score_car":1375.7,"population":8}},{"type":"Feature","id":742,"geometry":{"type":"Polygon","coordinates":[[[9.26158,45.46472],[9.26178,45.46483],[9.26178,45.46483],[9.26158,45.46472],[9.26158,45.46472]]]},"properties":{"cdi":0.322,"o_score_pt":880.4,"o_score_car":1717.6,"population":0}},{"type":"Feature","id":743,"geometry":{"type":"Polygon","coordinates":[[[9.2316,45.43562],[9.2332,45.43645],[9.2349,45.43596],[9.23504,45.43468],[9.23344,45.43385],[9.23174,45.43434],[9.2316,45.43562]]]},"properties":{"cdi":-0.086,"o_score_pt":1654.4,"o_score_car":1392,"population":255}},{"type":"Feature","id":744,"geometry":{"type":"Polygon","coordinates":[[[9.23995,45.43669],[9.24209,45.43779],[9.24443,45.43712],[9.24463,45.43535],[9.24249,45.43425],[9.24015,45.43492],[9.23995,45.43669]]]},"properties":{"cdi":0.04,"o_score_pt":1429.9,"o_score_car":1549.1,"population":1380}},{"type":"Feature","id":745,"geometry":{"type":"Polygon","coordinates":[[[9.24218,45.43947],[9.24406,45.44044],[9.2461,45.43986],[9.24627,45.43832],[9.24439,45.43735],[9.24236,45.43793],[9.24218,45.43947]]]},"properties":{"cdi":0.091,"o_score_pt":1251.2,"o_score_car":1503.1,"population":615}},{"type":"Feature","id":746,"geometry":{"type":"Polygon","coordinates":[[[9.22038,45.42848],[9.22058,45.42858],[9.22058,45.42858],[9.22038,45.42848],[9.22038,45.42848]]]},"properties":{"cdi":0.196,"o_score_pt":1075.9,"o_score_car":1601.1,"population":1}},{"type":"Feature","id":747,"geometry":{"type":"Polygon","coordinates":[[[9.23128,45.43222],[9.23148,45.43233],[9.23148,45.43233],[9.23128,45.43222],[9.23128,45.43222]]]},"properties":{"cdi":0.123,"o_score_pt":1313.8,"o_score_car":1680.8,"population":1}},{"type":"Feature","id":748,"geometry":{"type":"Polygon","coordinates":[[[9.23052,45.44621],[9.232,45.44697],[9.23355,45.44653],[9.23368,45.44536],[9.2322,45.4446],[9.23065,45.44504],[9.23052,45.44621]]]},"properties":{"cdi":0.14,"o_score_pt":1331.8,"o_score_car":1764,"population":174}},{"type":"Feature","id":749,"geometry":{"type":"Polygon","coordinates":[[[9.2209,45.44555],[9.22295,45.4466],[9.22517,45.44597],[9.22536,45.44428],[9.22332,45.44323],[9.2211,45.44386],[9.2209,45.44555]]]},"properties":{"cdi":0.054,"o_score_pt":1682.5,"o_score_car":1872.8,"population":1011}},{"type":"Feature","id":750,"geometry":{"type":"Polygon","coordinates":[[[9.24028,45.4417],[9.24161,45.44238],[9.24296,45.442],[9.24308,45.44097],[9.24176,45.44029],[9.2404,45.44068],[9.24028,45.4417]]]},"properties":{"cdi":0.203,"o_score_pt":1001.2,"o_score_car":1512.5,"population":105}},{"type":"Feature","id":751,"geometry":{"type":"Polygon","coordinates":[[[9.21701,45.4398],[9.21907,45.44086],[9.22131,45.44022],[9.2215,45.43853],[9.21945,45.43747],[9.21721,45.43811],[9.21701,45.4398]]]},"properties":{"cdi":0.062,"o_score_pt":1584.6,"o_score_car":1792.7,"population":1052}},{"type":"Feature","id":752,"geometry":{"type":"Polygon","coordinates":[[[9.21885,45.44271],[9.22099,45.44381],[9.22334,45.44314],[9.22354,45.44137],[9.2214,45.44027],[9.21906,45.44094],[9.21885,45.44271]]]},"properties":{"cdi":0.001,"o_score_pt":1861.3,"o_score_car":1866.5,"population":2769}},{"type":"Feature","id":753,"geometry":{"type":"Polygon","coordinates":[[[9.20433,45.3954],[9.20607,45.3963],[9.20793,45.39577],[9.20809,45.39436],[9.20635,45.39346],[9.20449,45.39399],[9.20433,45.3954]]]},"properties":{"cdi":0.421,"o_score_pt":553.4,"o_score_car":1357.5,"population":394}},{"type":"Feature","id":754,"geometry":{"type":"Polygon","coordinates":[[[9.21701,45.39857],[9.21721,45.39868],[9.21721,45.39868],[9.21701,45.39857],[9.21701,45.39857]]]},"properties":{"cdi":0.998,"o_score_pt":1.5,"o_score_car":1384.9,"population":0}},{"type":"Feature","id":755,"geometry":{"type":"Polygon","coordinates":[[[9.19328,45.3882],[9.19348,45.3883],[9.19348,45.3883],[9.19328,45.3882],[9.19328,45.3882]]]},"properties":{"cdi":1,"o_score_pt":0,"o_score_car":1280.1,"population":0}},{"type":"Feature","id":756,"geometry":{"type":"Polygon","coordinates":[[[9.20411,45.40571],[9.20498,45.40616],[9.20579,45.40593],[9.20586,45.40532],[9.20499,45.40487],[9.20418,45.4051],[9.20411,45.40571]]]},"properties":{"cdi":0.44,"o_score_pt":553.7,"o_score_car":1424.4,"population":25}},{"type":"Feature","id":757,"geometry":{"type":"Polygon","coordinates":[[[9.19593,45.40459],[9.19612,45.40469],[9.19612,45.40469],[9.19593,45.40459],[9.19593,45.40459]]]},"properties":{"cdi":0.999,"o_score_pt":1.1,"o_score_car":1449.4,"population":0}},{"type":"Feature","id":758,"geometry":{"type":"Polygon","coordinates":[[[9.21446,45.40102],[9.21466,45.40112],[9.21466,45.40112],[9.21446,45.40102],[9.21446,45.40102]]]},"properties":{"cdi":0.458,"o_score_pt":553,"o_score_car":1489.2,"population":0}},{"type":"Feature","id":759,"geometry":{"type":"Polygon","coordinates":[[[9.19206,45.39884],[9.19225,45.39894],[9.19225,45.39894],[9.19206,45.39884],[9.19206,45.39884]]]},"properties":{"cdi":0.998,"o_score_pt":1.1,"o_score_car":1028.5,"population":0}},{"type":"Feature","id":760,"geometry":{"type":"Polygon","coordinates":[[[9.19399,45.40172],[9.19419,45.40182],[9.19419,45.40182],[9.19399,45.40172],[9.19399,45.40172]]]},"properties":{"cdi":1,"o_score_pt":0,"o_score_car":1063.8,"population":0}},{"type":"Feature","id":761,"geometry":{"type":"Polygon","coordinates":[[[9.24075,45.40894],[9.24094,45.40905],[9.24094,45.40905],[9.24075,45.40894],[9.24075,45.40894]]]},"properties":{"cdi":0.999,"o_score_pt":0.6,"o_score_car":1316.2,"population":0}},{"type":"Feature","id":762,"geometry":{"type":"Polygon","coordinates":[[[9.18381,45.41148],[9.184,45.41158],[9.184,45.41158],[9.18381,45.41148],[9.18381,45.41148]]]},"properties":{"cdi":0.99,"o_score_pt":6.4,"o_score_car":1267.3,"population":1}},{"type":"Feature","id":763,"geometry":{"type":"Polygon","coordinates":[[[9.1947,45.41523],[9.1949,45.41533],[9.1949,45.41533],[9.1947,45.41523],[9.1947,45.41523]]]},"properties":{"cdi":0.999,"o_score_pt":0.4,"o_score_car":1063.3,"population":0}},{"type":"Feature","id":764,"geometry":{"type":"Polygon","coordinates":[[[9.18179,45.40863],[9.18206,45.40877],[9.18215,45.40875],[9.18215,45.40868],[9.18188,45.40853],[9.18179,45.40856],[9.18179,45.40863]]]},"properties":{"cdi":0.99,"o_score_pt":6.7,"o_score_car":1282.1,"population":3}},{"type":"Feature","id":765,"geometry":{"type":"Polygon","coordinates":[[[9.1707,45.40844],[9.17281,45.40953],[9.17512,45.40887],[9.17532,45.40712],[9.17321,45.40603],[9.1709,45.40669],[9.1707,45.40844]]]},"properties":{"cdi":0.121,"o_score_pt":1117,"o_score_car":1426,"population":1258}},{"type":"Feature","id":766,"geometry":{"type":"Polygon","coordinates":[[[9.19145,45.40416],[9.19164,45.40426],[9.19164,45.40426],[9.19145,45.40416],[9.19145,45.40416]]]},"properties":{"cdi":1,"o_score_pt":0,"o_score_car":1220.9,"population":1}},{"type":"Feature","id":767,"geometry":{"type":"Polygon","coordinates":[[[9.1822,45.42224],[9.18273,45.42251],[9.18313,45.4224],[9.18317,45.42209],[9.18263,45.42182],[9.18223,45.42193],[9.1822,45.42224]]]},"properties":{"cdi":0.192,"o_score_pt":1067.9,"o_score_car":1575.9,"population":8}},{"type":"Feature","id":768,"geometry":{"type":"Polygon","coordinates":[[[9.18452,45.42499],[9.18471,45.42509],[9.18471,45.42509],[9.18452,45.42499],[9.18452,45.42499]]]},"properties":{"cdi":0.18,"o_score_pt":1124.9,"o_score_car":1618.9,"population":0}},{"type":"Feature","id":769,"geometry":{"type":"Polygon","coordinates":[[[9.19216,45.41767],[9.19235,45.41777],[9.19235,45.41777],[9.19216,45.41767],[9.19216,45.41767]]]},"properties":{"cdi":0.336,"o_score_pt":690.4,"o_score_car":1388.6,"population":0}},{"type":"Feature","id":770,"geometry":{"type":"Polygon","coordinates":[[[9.16978,45.41897],[9.17162,45.41993],[9.17361,45.41936],[9.17379,45.41786],[9.17194,45.4169],[9.16995,45.41747],[9.16978,45.41897]]]},"properties":{"cdi":0.121,"o_score_pt":1160,"o_score_car":1478.7,"population":547}},{"type":"Feature","id":771,"geometry":{"type":"Polygon","coordinates":[[[9.21966,45.41497],[9.21986,45.41507],[9.21986,45.41507],[9.21966,45.41497],[9.21966,45.41497]]]},"properties":{"cdi":1,"o_score_pt":0.2,"o_score_car":1313.3,"population":0}},{"type":"Feature","id":772,"geometry":{"type":"Polygon","coordinates":[[[9.22863,45.41584],[9.22882,45.41594],[9.22882,45.41594],[9.22863,45.41584],[9.22863,45.41584]]]},"properties":{"cdi":0.166,"o_score_pt":898.7,"o_score_car":1257,"population":0}},{"type":"Feature","id":773,"geometry":{"type":"Polygon","coordinates":[[[9.23057,45.41871],[9.23076,45.41881],[9.23076,45.41881],[9.23057,45.41871],[9.23057,45.41871]]]},"properties":{"cdi":0.266,"o_score_pt":851.5,"o_score_car":1470.1,"population":0}},{"type":"Feature","id":774,"geometry":{"type":"Polygon","coordinates":[[[9.20666,45.4084],[9.207,45.40857],[9.20718,45.40853],[9.20719,45.40839],[9.20685,45.40821],[9.20667,45.40826],[9.20666,45.4084]]]},"properties":{"cdi":0.381,"o_score_pt":686.6,"o_score_car":1531.1,"population":4}},{"type":"Feature","id":775,"geometry":{"type":"Polygon","coordinates":[[[9.21773,45.41209],[9.21792,45.41219],[9.21792,45.41219],[9.21773,45.41209],[9.21773,45.41209]]]},"properties":{"cdi":0.999,"o_score_pt":0.7,"o_score_car":1272.2,"population":0}},{"type":"Feature","id":776,"geometry":{"type":"Polygon","coordinates":[[[9.21844,45.4256],[9.21864,45.4257],[9.21864,45.4257],[9.21844,45.4256],[9.21844,45.4256]]]},"properties":{"cdi":0.373,"o_score_pt":674.5,"o_score_car":1477.4,"population":1}},{"type":"Feature","id":777,"geometry":{"type":"Polygon","coordinates":[[[9.20743,45.42539],[9.2094,45.4264],[9.21153,45.42579],[9.21172,45.42418],[9.20975,45.42316],[9.20762,45.42377],[9.20743,45.42539]]]},"properties":{"cdi":0.207,"o_score_pt":1042,"o_score_car":1585.9,"population":802}},{"type":"Feature","id":778,"geometry":{"type":"Polygon","coordinates":[[[9.22802,45.42115],[9.22822,45.42126],[9.22822,45.42126],[9.22802,45.42115],[9.22802,45.42115]]]},"properties":{"cdi":0.996,"o_score_pt":3.6,"o_score_car":1626.2,"population":0}},{"type":"Feature","id":779,"geometry":{"type":"Polygon","coordinates":[[[9.20518,45.41911],[9.20575,45.41941],[9.20619,45.41928],[9.20623,45.41894],[9.20566,45.41865],[9.20522,45.41878],[9.20518,45.41911]]]},"properties":{"cdi":0.239,"o_score_pt":1002.1,"o_score_car":1630.1,"population":9}},{"type":"Feature","id":780,"geometry":{"type":"Polygon","coordinates":[[[9.20754,45.42185],[9.20774,45.42196],[9.20774,45.42196],[9.20754,45.42185],[9.20754,45.42185]]]},"properties":{"cdi":0.282,"o_score_pt":922.9,"o_score_car":1648,"population":0}},{"type":"Feature","id":781,"geometry":{"type":"Polygon","coordinates":[[[9.18819,45.39308],[9.18838,45.39319],[9.18838,45.39319],[9.18819,45.39308],[9.18819,45.39308]]]},"properties":{"cdi":1,"o_score_pt":0,"o_score_car":1141.9,"population":0}},{"type":"Feature","id":782,"geometry":{"type":"Polygon","coordinates":[[[9.17659,45.4033],[9.17801,45.40404],[9.17948,45.40361],[9.17961,45.4025],[9.17819,45.40176],[9.17672,45.40218],[9.17659,45.4033]]]},"properties":{"cdi":0.195,"o_score_pt":929.2,"o_score_car":1379.9,"population":144}},{"type":"Feature","id":783,"geometry":{"type":"Polygon","coordinates":[[[9.15975,45.50407],[9.16178,45.50512],[9.164,45.50449],[9.16419,45.50282],[9.16216,45.50178],[9.15995,45.5024],[9.15975,45.50407]]]},"properties":{"cdi":0.112,"o_score_pt":1493.4,"o_score_car":1869,"population":973}},{"type":"Feature","id":784,"geometry":{"type":"Polygon","coordinates":[[[9.16872,45.50495],[9.17075,45.506],[9.17298,45.50537],[9.17317,45.5037],[9.17113,45.50264],[9.16891,45.50328],[9.16872,45.50495]]]},"properties":{"cdi":0.074,"o_score_pt":1671.5,"o_score_car":1938.9,"population":998}},{"type":"Feature","id":785,"geometry":{"type":"Polygon","coordinates":[[[9.1706,45.50784],[9.17268,45.50892],[9.17496,45.50827],[9.17516,45.50655],[9.17307,45.50548],[9.1708,45.50613],[9.1706,45.50784]]]},"properties":{"cdi":0.063,"o_score_pt":1712.6,"o_score_car":1944.3,"population":1139}},{"type":"Feature","id":786,"geometry":{"type":"Polygon","coordinates":[[[9.14678,45.49749],[9.14892,45.49859],[9.15127,45.49793],[9.15147,45.49616],[9.14933,45.49505],[9.14699,45.49572],[9.14678,45.49749]]]},"properties":{"cdi":0.145,"o_score_pt":1422.6,"o_score_car":1907.1,"population":2091}},{"type":"Feature","id":787,"geometry":{"type":"Polygon","coordinates":[[[9.15844,45.501],[9.15993,45.50177],[9.16149,45.50133],[9.16163,45.50015],[9.16014,45.49938],[9.15858,45.49982],[9.15844,45.501]]]},"properties":{"cdi":0.151,"o_score_pt":1430.1,"o_score_car":1939.2,"population":180}},{"type":"Feature","id":788,"geometry":{"type":"Polygon","coordinates":[[[9.15887,45.51459],[9.1606,45.51548],[9.16246,45.51496],[9.16262,45.51356],[9.16088,45.51266],[9.15903,45.51319],[9.15887,45.51459]]]},"properties":{"cdi":0.177,"o_score_pt":1212.9,"o_score_car":1736,"population":386}},{"type":"Feature","id":789,"geometry":{"type":"Polygon","coordinates":[[[9.14952,45.51383],[9.15158,45.51489],[9.15383,45.51426],[9.15402,45.51256],[9.15196,45.5115],[9.14971,45.51213],[9.14952,45.51383]]]},"properties":{"cdi":0.211,"o_score_pt":1119.4,"o_score_car":1716.4,"population":1066}},{"type":"Feature","id":790,"geometry":{"type":"Polygon","coordinates":[[[9.16855,45.51012],[9.1702,45.51098],[9.17196,45.51048],[9.17211,45.50915],[9.17046,45.50829],[9.1687,45.50879],[9.16855,45.51012]]]},"properties":{"cdi":0.064,"o_score_pt":1615.9,"o_score_car":1836.9,"population":300}},{"type":"Feature","id":791,"geometry":{"type":"Polygon","coordinates":[[[9.14691,45.50768],[9.14788,45.50818],[9.14881,45.50792],[9.14889,45.50721],[9.14792,45.50671],[9.14699,45.50698],[9.14691,45.50768]]]},"properties":{"cdi":0.241,"o_score_pt":1034.1,"o_score_car":1690.4,"population":34}},{"type":"Feature","id":792,"geometry":{"type":"Polygon","coordinates":[[[9.14871,45.5106],[9.1498,45.51115],[9.15086,45.51085],[9.15095,45.51005],[9.14987,45.50949],[9.14881,45.50979],[9.14871,45.5106]]]},"properties":{"cdi":0.249,"o_score_pt":1017.6,"o_score_car":1693.6,"population":49}},{"type":"Feature","id":793,"geometry":{"type":"Polygon","coordinates":[[[9.18709,45.51168],[9.18823,45.51227],[9.18937,45.51195],[9.18946,45.51109],[9.18832,45.5105],[9.18719,45.51082],[9.18709,45.51168]]]},"properties":{"cdi":0.087,"o_score_pt":1506.9,"o_score_car":1794.5,"population":59}},{"type":"Feature","id":794,"geometry":{"type":"Polygon","coordinates":[[[9.20463,45.50844],[9.20665,45.50948],[9.20885,45.50886],[9.20904,45.5072],[9.20702,45.50616],[9.20483,45.50678],[9.20463,45.50844]]]},"properties":{"cdi":0.063,"o_score_pt":1591.4,"o_score_car":1804.2,"population":932}},{"type":"Feature","id":795,"geometry":{"type":"Polygon","coordinates":[[[9.19552,45.50761],[9.19766,45.50872],[9.2,45.50805],[9.20021,45.50628],[9.19807,45.50518],[9.19572,45.50584],[9.19552,45.50761]]]},"properties":{"cdi":0.015,"o_score_pt":1885.3,"o_score_car":1943,"population":1810}},{"type":"Feature","id":796,"geometry":{"type":"Polygon","coordinates":[[[9.18273,45.50097],[9.18482,45.50205],[9.1871,45.5014],[9.1873,45.49967],[9.18521,45.4986],[9.18292,45.49925],[9.18273,45.50097]]]},"properties":{"cdi":0.011,"o_score_pt":2003.3,"o_score_car":2048.7,"population":1177}},{"type":"Feature","id":797,"geometry":{"type":"Polygon","coordinates":[[[9.19164,45.50186],[9.19378,45.50297],[9.19613,45.5023],[9.19633,45.50053],[9.19419,45.49943],[9.19185,45.50009],[9.19164,45.50186]]]},"properties":{"cdi":0.023,"o_score_pt":1891.7,"o_score_car":1982.1,"population":1470}},{"type":"Feature","id":798,"geometry":{"type":"Polygon","coordinates":[[[9.1936,45.50473],[9.19572,45.50583],[9.19805,45.50517],[9.19825,45.50341],[9.19613,45.50232],[9.1938,45.50298],[9.1936,45.50473]]]},"properties":{"cdi":0.02,"o_score_pt":1890.3,"o_score_car":1968.1,"population":1299}},{"type":"Feature","id":799,"geometry":{"type":"Polygon","coordinates":[[[9.18402,45.51428],[9.18561,45.5151],[9.18728,45.51463],[9.18743,45.51336],[9.18584,45.51254],[9.18417,45.51302],[9.18402,45.51428]]]},"properties":{"cdi":0.131,"o_score_pt":1403.2,"o_score_car":1824.6,"population":240}},{"type":"Feature","id":800,"geometry":{"type":"Polygon","coordinates":[[[9.19429,45.51824],[9.19644,45.51934],[9.19878,45.51868],[9.19898,45.5169],[9.19684,45.5158],[9.1945,45.51647],[9.19429,45.51824]]]},"properties":{"cdi":0.056,"o_score_pt":1546.8,"o_score_car":1729.6,"population":1959}},{"type":"Feature","id":801,"geometry":{"type":"Polygon","coordinates":[[[9.1834,45.51099],[9.18385,45.51123],[9.18416,45.51114],[9.18418,45.51091],[9.18373,45.51067],[9.18342,45.51076],[9.1834,45.51099]]]},"properties":{"cdi":0.13,"o_score_pt":1379.6,"o_score_car":1790.5,"population":6}},{"type":"Feature","id":802,"geometry":{"type":"Polygon","coordinates":[[[9.17247,45.51074],[9.17461,45.51184],[9.17696,45.51118],[9.17716,45.50941],[9.17502,45.5083],[9.17267,45.50897],[9.17247,45.51074]]]},"properties":{"cdi":0.009,"o_score_pt":1783.5,"o_score_car":1816.2,"population":1670}},{"type":"Feature","id":803,"geometry":{"type":"Polygon","coordinates":[[[9.14396,45.48629],[9.14573,45.4872],[9.14762,45.48666],[9.14778,45.48523],[9.14602,45.48432],[9.14413,45.48486],[9.14396,45.48629]]]},"properties":{"cdi":0.042,"o_score_pt":1748.9,"o_score_car":1902,"population":423}},{"type":"Feature","id":804,"geometry":{"type":"Polygon","coordinates":[[[9.14571,45.48922],[9.14764,45.49022],[9.14972,45.48962],[9.14991,45.48805],[9.14798,45.48705],[9.14589,45.48764],[9.14571,45.48922]]]},"properties":{"cdi":0.091,"o_score_pt":1632.6,"o_score_car":1958.8,"population":705}},{"type":"Feature","id":805,"geometry":{"type":"Polygon","coordinates":[[[9.15342,45.48189],[9.15529,45.48286],[9.15732,45.48228],[9.15749,45.48075],[9.15562,45.47979],[9.1536,45.48036],[9.15342,45.48189]]]},"properties":{"cdi":0.062,"o_score_pt":1787.1,"o_score_car":2022.8,"population":597}},{"type":"Feature","id":806,"geometry":{"type":"Polygon","coordinates":[[[9.13394,45.48225],[9.13495,45.48277],[9.13591,45.48249],[9.136,45.48176],[9.13499,45.48124],[9.13403,45.48152],[9.13394,45.48225]]]},"properties":{"cdi":0.057,"o_score_pt":1718.9,"o_score_car":1925.3,"population":38}},{"type":"Feature","id":807,"geometry":{"type":"Polygon","coordinates":[[[9.15342,45.4784],[9.15362,45.4785],[9.15362,45.4785],[9.15342,45.4784],[9.15342,45.4784]]]},"properties":{"cdi":0.022,"o_score_pt":1815.2,"o_score_car":1897.7,"population":0}},{"type":"Feature","id":808,"geometry":{"type":"Polygon","coordinates":[[[9.14286,45.47803],[9.14444,45.47884],[9.1461,45.47837],[9.14625,45.47711],[9.14467,45.4763],[9.143,45.47677],[9.14286,45.47803]]]},"properties":{"cdi":0.023,"o_score_pt":1923.5,"o_score_car":2014.2,"population":236}},{"type":"Feature","id":809,"geometry":{"type":"Polygon","coordinates":[[[9.14376,45.49147],[9.14517,45.49219],[9.14663,45.49178],[9.14676,45.49068],[9.14535,45.48995],[9.14389,45.49036],[9.14376,45.49147]]]},"properties":{"cdi":0.093,"o_score_pt":1600.5,"o_score_car":1929.4,"population":138}},{"type":"Feature","id":810,"geometry":{"type":"Polygon","coordinates":[[[9.15188,45.49261],[9.15402,45.49372],[9.15637,45.49305],[9.15657,45.49128],[9.15443,45.49018],[9.15209,45.49084],[9.15188,45.49261]]]},"properties":{"cdi":0.081,"o_score_pt":1702.7,"o_score_car":2002.1,"population":1492}},{"type":"Feature","id":811,"geometry":{"type":"Polygon","coordinates":[[[9.15385,45.49548],[9.15596,45.49657],[9.15828,45.49591],[9.15848,45.49417],[9.15636,45.49307],[9.15405,45.49373],[9.15385,45.49548]]]},"properties":{"cdi":0.107,"o_score_pt":1626.2,"o_score_car":2014.4,"population":1273}},{"type":"Feature","id":812,"geometry":{"type":"Polygon","coordinates":[[[9.1305,45.48497],[9.13227,45.48589],[9.13417,45.48535],[9.13434,45.48391],[9.13257,45.483],[9.13067,45.48354],[9.1305,45.48497]]]},"properties":{"cdi":0.061,"o_score_pt":1672,"o_score_car":1889.1,"population":430}},{"type":"Feature","id":813,"geometry":{"type":"Polygon","coordinates":[[[9.17957,45.48988],[9.18157,45.49091],[9.18375,45.49029],[9.18394,45.48864],[9.18194,45.48761],[9.17976,45.48823],[9.17957,45.48988]]]},"properties":{"cdi":0.042,"o_score_pt":1967,"o_score_car":2140.6,"population":890}},{"type":"Feature","id":814,"geometry":{"type":"Polygon","coordinates":[[[9.17068,45.48898],[9.17261,45.48998],[9.17471,45.48938],[9.17489,45.4878],[9.17295,45.4868],[9.17086,45.48739],[9.17068,45.48898]]]},"properties":{"cdi":-0.008,"o_score_pt":2121.8,"o_score_car":2087,"population":721}},{"type":"Feature","id":815,"geometry":{"type":"Polygon","coordinates":[[[9.18942,45.48535],[9.19119,45.48626],[9.19309,45.48572],[9.19325,45.48429],[9.19148,45.48338],[9.18959,45.48392],[9.18942,45.48535]]]},"properties":{"cdi":-0.064,"o_score_pt":2238.6,"o_score_car":1968.1,"population":431}},{"type":"Feature","id":816,"geometry":{"type":"Polygon","coordinates":[[[9.16657,45.4833],[9.16871,45.48441],[9.17105,45.48374],[9.17125,45.48197],[9.16911,45.48086],[9.16677,45.48153],[9.16657,45.4833]]]},"properties":{"cdi":0.023,"o_score_pt":1987.2,"o_score_car":2082.8,"population":2196}},{"type":"Feature","id":817,"geometry":{"type":"Polygon","coordinates":[[[9.16853,45.48617],[9.17065,45.48726],[9.17296,45.4866],[9.17316,45.48485],[9.17105,45.48376],[9.16873,45.48442],[9.16853,45.48617]]]},"properties":{"cdi":0,"o_score_pt":2073.1,"o_score_car":2072.5,"population":1260}},{"type":"Feature","id":818,"geometry":{"type":"Polygon","coordinates":[[[9.17615,45.47886],[9.17829,45.47997],[9.18063,45.4793],[9.18084,45.47753],[9.1787,45.47643],[9.17635,45.47709],[9.17615,45.47886]]]},"properties":{"cdi":-0.001,"o_score_pt":2128.3,"o_score_car":2122.1,"population":1688}},{"type":"Feature","id":819,"geometry":{"type":"Polygon","coordinates":[[[9.16921,45.49968],[9.17135,45.50078],[9.1737,45.50012],[9.1739,45.49835],[9.17176,45.49724],[9.16942,45.49791],[9.16921,45.49968]]]},"properties":{"cdi":0.099,"o_score_pt":1635.9,"o_score_car":1997.4,"population":1420}},{"type":"Feature","id":820,"geometry":{"type":"Polygon","coordinates":[[[9.18777,45.49611],[9.18991,45.49722],[9.19225,45.49655],[9.19246,45.49478],[9.19032,45.49368],[9.18797,45.49434],[9.18777,45.49611]]]},"properties":{"cdi":-0.007,"o_score_pt":2062.9,"o_score_car":2035.2,"population":1389}},{"type":"Feature","id":821,"geometry":{"type":"Polygon","coordinates":[[[9.17907,45.49515],[9.18097,45.49614],[9.18303,45.49555],[9.18321,45.49399],[9.18131,45.49301],[9.17925,45.4936],[9.17907,45.49515]]]},"properties":{"cdi":0.037,"o_score_pt":1957.1,"o_score_car":2105.6,"population":655}},{"type":"Feature","id":822,"geometry":{"type":"Polygon","coordinates":[[[9.16595,45.48862],[9.16809,45.48972],[9.17044,45.48905],[9.17064,45.48728],[9.1685,45.48618],[9.16616,45.48684],[9.16595,45.48862]]]},"properties":{"cdi":-0.008,"o_score_pt":2085.7,"o_score_car":2051.6,"population":2194}},{"type":"Feature","id":823,"geometry":{"type":"Polygon","coordinates":[[[9.13731,45.52072],[9.13943,45.52181],[9.14175,45.52116],[9.14195,45.51941],[9.13983,45.51832],[9.13752,45.51897],[9.13731,45.52072]]]},"properties":{"cdi":0.169,"o_score_pt":1165.4,"o_score_car":1638.6,"population":1272}},{"type":"Feature","id":824,"geometry":{"type":"Polygon","coordinates":[[[9.13535,45.51786],[9.13749,45.51896],[9.13984,45.5183],[9.14004,45.51652],[9.1379,45.51542],[9.13556,45.51609],[9.13535,45.51786]]]},"properties":{"cdi":0.179,"o_score_pt":1169.3,"o_score_car":1678.1,"population":2204}},{"type":"Feature","id":825,"geometry":{"type":"Polygon","coordinates":[[[9.12638,45.51698],[9.12852,45.51808],[9.13087,45.51742],[9.13107,45.51565],[9.12893,45.51454],[9.12659,45.51521],[9.12638,45.51698]]]},"properties":{"cdi":0.178,"o_score_pt":1133.4,"o_score_car":1624,"population":1534}},{"type":"Feature","id":826,"geometry":{"type":"Polygon","coordinates":[[[9.14509,45.51338],[9.1471,45.51441],[9.14929,45.51379],[9.14948,45.51214],[9.14747,45.5111],[9.14528,45.51172],[9.14509,45.51338]]]},"properties":{"cdi":0.17,"o_score_pt":1071.3,"o_score_car":1509.5,"population":915}},{"type":"Feature","id":827,"geometry":{"type":"Polygon","coordinates":[[[9.17318,45.52424],[9.17532,45.52534],[9.17767,45.52468],[9.17787,45.52291],[9.17573,45.5218],[9.17338,45.52247],[9.17318,45.52424]]]},"properties":{"cdi":0.064,"o_score_pt":1587.2,"o_score_car":1805.6,"population":1610}},{"type":"Feature","id":828,"geometry":{"type":"Polygon","coordinates":[[[9.1844,45.5244],[9.1846,45.5245],[9.1846,45.5245],[9.1844,45.5244],[9.1844,45.5244]]]},"properties":{"cdi":0.193,"o_score_pt":1118,"o_score_car":1653.8,"population":0}},{"type":"Feature","id":829,"geometry":{"type":"Polygon","coordinates":[[[9.18553,45.52753],[9.18643,45.52799],[9.18727,45.52775],[9.18735,45.52711],[9.18645,45.52665],[9.18561,45.52689],[9.18553,45.52753]]]},"properties":{"cdi":0.161,"o_score_pt":1201.9,"o_score_car":1664.2,"population":27}},{"type":"Feature","id":830,"geometry":{"type":"Polygon","coordinates":[[[9.16082,45.51746],[9.16254,45.51835],[9.16438,45.51782],[9.16454,45.51644],[9.16282,45.51555],[9.16098,45.51607],[9.16082,45.51746]]]},"properties":{"cdi":0.07,"o_score_pt":1418.4,"o_score_car":1632.4,"population":368}},{"type":"Feature","id":831,"geometry":{"type":"Polygon","coordinates":[[[9.17149,45.52128],[9.17342,45.52228],[9.1755,45.52168],[9.17569,45.52011],[9.17376,45.51912],[9.17167,45.51971],[9.17149,45.52128]]]},"properties":{"cdi":0.076,"o_score_pt":1526.8,"o_score_car":1777.6,"population":700}},{"type":"Feature","id":832,"geometry":{"type":"Polygon","coordinates":[[[9.17318,45.53447],[9.17426,45.53503],[9.17533,45.53472],[9.17542,45.53392],[9.17434,45.53336],[9.17327,45.53366],[9.17318,45.53447]]]},"properties":{"cdi":0.173,"o_score_pt":1111,"o_score_car":1575.7,"population":49}},{"type":"Feature","id":833,"geometry":{"type":"Polygon","coordinates":[[[9.16417,45.5336],[9.16528,45.53417],[9.16638,45.53386],[9.16647,45.53303],[9.16536,45.53246],[9.16427,45.53277],[9.16417,45.5336]]]},"properties":{"cdi":0.078,"o_score_pt":1329.5,"o_score_car":1554.4,"population":53}},{"type":"Feature","id":834,"geometry":{"type":"Polygon","coordinates":[[[9.18362,45.52976],[9.18397,45.52994],[9.18414,45.52989],[9.18416,45.52975],[9.18381,45.52958],[9.18364,45.52962],[9.18362,45.52976]]]},"properties":{"cdi":0.161,"o_score_pt":1184.4,"o_score_car":1640.4,"population":4}},{"type":"Feature","id":835,"geometry":{"type":"Polygon","coordinates":[[[9.1591,45.52823],[9.16125,45.52934],[9.16359,45.52867],[9.1638,45.5269],[9.16166,45.5258],[9.15931,45.52646],[9.1591,45.52823]]]},"properties":{"cdi":-0.021,"o_score_pt":1753.4,"o_score_car":1679.9,"population":2296}},{"type":"Feature","id":836,"geometry":{"type":"Polygon","coordinates":[[[9.16149,45.53097],[9.16324,45.53187],[9.16512,45.53134],[9.16528,45.52992],[9.16353,45.52902],[9.16165,45.52955],[9.16149,45.53097]]]},"properties":{"cdi":0.01,"o_score_pt":1702.8,"o_score_car":1738.8,"population":406}},{"type":"Feature","id":837,"geometry":{"type":"Polygon","coordinates":[[[9.12318,45.5059],[9.12527,45.50698],[9.12756,45.50633],[9.12776,45.5046],[9.12567,45.50352],[9.12338,45.50417],[9.12318,45.5059]]]},"properties":{"cdi":0.224,"o_score_pt":1066.4,"o_score_car":1683.2,"population":1186}},{"type":"Feature","id":838,"geometry":{"type":"Polygon","coordinates":[[[9.14183,45.50231],[9.14384,45.50335],[9.14603,45.50273],[9.14622,45.50108],[9.14421,45.50004],[9.14202,45.50066],[9.14183,45.50231]]]},"properties":{"cdi":0.174,"o_score_pt":1310.9,"o_score_car":1864,"population":919}},{"type":"Feature","id":839,"geometry":{"type":"Polygon","coordinates":[[[9.13296,45.5014],[9.13489,45.5024],[9.13697,45.50181],[9.13716,45.50023],[9.13523,45.49924],[9.13314,45.49983],[9.13296,45.5014]]]},"properties":{"cdi":0.152,"o_score_pt":1291.1,"o_score_car":1752.8,"population":703}},{"type":"Feature","id":840,"geometry":{"type":"Polygon","coordinates":[[[9.11996,45.49483],[9.12203,45.4959],[9.12429,45.49526],[9.12448,45.49355],[9.12241,45.49248],[9.12016,45.49312],[9.11996,45.49483]]]},"properties":{"cdi":0.02,"o_score_pt":1673.5,"o_score_car":1740.4,"population":1099}},{"type":"Feature","id":841,"geometry":{"type":"Polygon","coordinates":[[[9.12915,45.49563],[9.13103,45.4966],[9.13305,45.49603],[9.13322,45.4945],[9.13135,45.49353],[9.12933,45.49411],[9.12915,45.49563]]]},"properties":{"cdi":0.132,"o_score_pt":1431.9,"o_score_car":1868.4,"population":594}},{"type":"Feature","id":842,"geometry":{"type":"Polygon","coordinates":[[[9.13094,45.49856],[9.13294,45.49959],[9.13511,45.49897],[9.1353,45.49733],[9.13331,45.4963],[9.13113,45.49692],[9.13094,45.49856]]]},"properties":{"cdi":0.132,"o_score_pt":1379.6,"o_score_car":1800,"population":876}},{"type":"Feature","id":843,"geometry":{"type":"Polygon","coordinates":[[[9.12227,45.50781],[9.12295,45.50816],[9.12352,45.508],[9.12357,45.50756],[9.12289,45.50721],[9.12232,45.50738],[9.12227,45.50781]]]},"properties":{"cdi":0.29,"o_score_pt":926.2,"o_score_car":1681.8,"population":13}},{"type":"Feature","id":844,"geometry":{"type":"Polygon","coordinates":[[[9.13167,45.51205],[9.13365,45.51307],[9.13579,45.51246],[9.13598,45.51084],[9.13401,45.50982],[9.13186,45.51043],[9.13167,45.51205]]]},"properties":{"cdi":0.209,"o_score_pt":1075.7,"o_score_car":1644.9,"population":819}},{"type":"Feature","id":845,"geometry":{"type":"Polygon","coordinates":[[[9.1197,45.50514],[9.12093,45.50577],[9.12217,45.50542],[9.12228,45.50448],[9.12105,45.50385],[9.11981,45.5042],[9.1197,45.50514]]]},"properties":{"cdi":0.172,"o_score_pt":1191.9,"o_score_car":1686.8,"population":78}},{"type":"Feature","id":846,"geometry":{"type":"Polygon","coordinates":[[[9.11045,45.50435],[9.11192,45.50511],[9.11345,45.50467],[9.11359,45.50351],[9.11212,45.50276],[9.11059,45.50319],[9.11045,45.50435]]]},"properties":{"cdi":0.207,"o_score_pt":1151.6,"o_score_car":1753.1,"population":167}},{"type":"Feature","id":847,"geometry":{"type":"Polygon","coordinates":[[[9.2443,45.49537],[9.24465,45.49555],[9.24482,45.4955],[9.24484,45.49536],[9.24449,45.49518],[9.24432,45.49523],[9.2443,45.49537]]]},"properties":{"cdi":0.094,"o_score_pt":1354.9,"o_score_car":1636,"population":4}},{"type":"Feature","id":848,"geometry":{"type":"Polygon","coordinates":[[[9.23325,45.49516],[9.23539,45.49627],[9.23774,45.4956],[9.23794,45.49383],[9.2358,45.49272],[9.23345,45.49339],[9.23325,45.49516]]]},"properties":{"cdi":0.027,"o_score_pt":1753.6,"o_score_car":1851.2,"population":1655}},{"type":"Feature","id":849,"geometry":{"type":"Polygon","coordinates":[[[9.25343,45.49107],[9.25417,45.49145],[9.25482,45.49126],[9.25487,45.49077],[9.25414,45.49039],[9.25349,45.49057],[9.25343,45.49107]]]},"properties":{"cdi":0.166,"o_score_pt":1153.8,"o_score_car":1611.9,"population":16}},{"type":"Feature","id":850,"geometry":{"type":"Polygon","coordinates":[[[9.22937,45.48941],[9.23151,45.49052],[9.23386,45.48985],[9.23406,45.48808],[9.23192,45.48697],[9.22957,45.48764],[9.22937,45.48941]]]},"properties":{"cdi":0.047,"o_score_pt":1774.3,"o_score_car":1950.3,"population":2729}},{"type":"Feature","id":851,"geometry":{"type":"Polygon","coordinates":[[[9.23131,45.49229],[9.23345,45.49339],[9.2358,45.49272],[9.236,45.49095],[9.23386,45.48985],[9.23151,45.49052],[9.23131,45.49229]]]},"properties":{"cdi":-0.011,"o_score_pt":1805.4,"o_score_car":1766.4,"population":2188}},{"type":"Feature","id":852,"geometry":{"type":"Polygon","coordinates":[[[9.23905,45.48494],[9.24111,45.48599],[9.24335,45.48536],[9.24354,45.48366],[9.24149,45.4826],[9.23925,45.48324],[9.23905,45.48494]]]},"properties":{"cdi":0.034,"o_score_pt":1731.7,"o_score_car":1853,"population":1047}},{"type":"Feature","id":853,"geometry":{"type":"Polygon","coordinates":[[[9.23203,45.50579],[9.23417,45.50689],[9.23652,45.50622],[9.23672,45.50445],[9.23458,45.50335],[9.23223,45.50402],[9.23203,45.50579]]]},"properties":{"cdi":0.078,"o_score_pt":1464.8,"o_score_car":1711,"population":2050}},{"type":"Feature","id":854,"geometry":{"type":"Polygon","coordinates":[[[9.25245,45.50162],[9.25299,45.5019],[9.25339,45.50178],[9.25342,45.50147],[9.25289,45.5012],[9.25249,45.50131],[9.25245,45.50162]]]},"properties":{"cdi":0.057,"o_score_pt":1394.4,"o_score_car":1561.7,"population":8}},{"type":"Feature","id":855,"geometry":{"type":"Polygon","coordinates":[[[9.24181,45.50128],[9.24378,45.5023],[9.24592,45.50169],[9.24611,45.50007],[9.24414,45.49906],[9.242,45.49967],[9.24181,45.50128]]]},"properties":{"cdi":-0.006,"o_score_pt":1742.7,"o_score_car":1721.4,"population":800}},{"type":"Feature","id":856,"geometry":{"type":"Polygon","coordinates":[[[9.22895,45.49467],[9.23093,45.49569],[9.23308,45.49507],[9.23326,45.49345],[9.23128,45.49243],[9.22914,45.49304],[9.22895,45.49467]]]},"properties":{"cdi":0.096,"o_score_pt":1578.1,"o_score_car":1913,"population":823}},{"type":"Feature","id":857,"geometry":{"type":"Polygon","coordinates":[[[9.25776,45.49155],[9.25864,45.492],[9.25945,45.49177],[9.25952,45.49115],[9.25864,45.4907],[9.25783,45.49094],[9.25776,45.49155]]]},"properties":{"cdi":0.266,"o_score_pt":865.5,"o_score_car":1492.5,"population":25}},{"type":"Feature","id":858,"geometry":{"type":"Polygon","coordinates":[[[9.26906,45.50891],[9.27023,45.50951],[9.27141,45.50918],[9.27151,45.50829],[9.27034,45.50769],[9.26916,45.50802],[9.26906,45.50891]]]},"properties":{"cdi":0.326,"o_score_pt":753.7,"o_score_car":1483.8,"population":65}},{"type":"Feature","id":859,"geometry":{"type":"Polygon","coordinates":[[[9.25733,45.50193],[9.25752,45.50203],[9.25752,45.50203],[9.25733,45.50193],[9.25733,45.50193]]]},"properties":{"cdi":0.988,"o_score_pt":9.1,"o_score_car":1570.2,"population":2}},{"type":"Feature","id":860,"geometry":{"type":"Polygon","coordinates":[[[9.22671,45.47303],[9.22885,45.47414],[9.2312,45.47347],[9.2314,45.4717],[9.22926,45.47059],[9.22691,45.47126],[9.22671,45.47303]]]},"properties":{"cdi":0.06,"o_score_pt":1744.1,"o_score_car":1966.8,"population":2725}},{"type":"Feature","id":861,"geometry":{"type":"Polygon","coordinates":[[[9.23591,45.47383],[9.23786,45.47483],[9.23996,45.47423],[9.24014,45.47264],[9.2382,45.47164],[9.2361,45.47224],[9.23591,45.47383]]]},"properties":{"cdi":0.089,"o_score_pt":1560.2,"o_score_car":1866.5,"population":739}},{"type":"Feature","id":862,"geometry":{"type":"Polygon","coordinates":[[[9.23837,45.47654],[9.23987,45.47731],[9.24143,45.47687],[9.24157,45.47568],[9.24007,45.47491],[9.2385,45.47535],[9.23837,45.47654]]]},"properties":{"cdi":0.126,"o_score_pt":1380.4,"o_score_car":1779,"population":183}},{"type":"Feature","id":863,"geometry":{"type":"Polygon","coordinates":[[[9.21386,45.46641],[9.21601,45.46752],[9.21835,45.46685],[9.21855,45.46508],[9.21641,45.46397],[9.21407,45.46464],[9.21386,45.46641]]]},"properties":{"cdi":0.029,"o_score_pt":1922.2,"o_score_car":2037.8,"population":1959}},{"type":"Feature","id":864,"geometry":{"type":"Polygon","coordinates":[[[9.22477,45.47016],[9.22691,45.47126],[9.22926,45.47059],[9.22946,45.46882],[9.22732,45.46772],[9.22498,45.46839],[9.22477,45.47016]]]},"properties":{"cdi":0.026,"o_score_pt":1912.8,"o_score_car":2015.7,"population":2182}},{"type":"Feature","id":865,"geometry":{"type":"Polygon","coordinates":[[[9.22549,45.48366],[9.22763,45.48477],[9.22998,45.4841],[9.23018,45.48233],[9.22804,45.48122],[9.2257,45.48189],[9.22549,45.48366]]]},"properties":{"cdi":-0.024,"o_score_pt":2021.9,"o_score_car":1927.5,"population":2514}},{"type":"Feature","id":866,"geometry":{"type":"Polygon","coordinates":[[[9.21652,45.48279],[9.21866,45.4839],[9.22101,45.48323],[9.22121,45.48146],[9.21907,45.48035],[9.21672,45.48102],[9.21652,45.48279]]]},"properties":{"cdi":-0.033,"o_score_pt":2185.9,"o_score_car":2044.3,"population":2166}},{"type":"Feature","id":867,"geometry":{"type":"Polygon","coordinates":[[[9.2357,45.47902],[9.2373,45.47985],[9.239,45.47936],[9.23914,45.47808],[9.23754,45.47726],[9.23584,45.47774],[9.2357,45.47902]]]},"properties":{"cdi":0.067,"o_score_pt":1643.9,"o_score_car":1878.5,"population":254}},{"type":"Feature","id":868,"geometry":{"type":"Polygon","coordinates":[[[9.21264,45.47704],[9.21478,45.47815],[9.21713,45.47748],[9.21733,45.47571],[9.21519,45.4746],[9.21285,45.47527],[9.21264,45.47704]]]},"properties":{"cdi":0.012,"o_score_pt":2014.6,"o_score_car":2064.4,"population":2465}},{"type":"Feature","id":869,"geometry":{"type":"Polygon","coordinates":[[[9.21458,45.47992],[9.21672,45.48102],[9.21907,45.48035],[9.21927,45.47858],[9.21713,45.47748],[9.21478,45.47815],[9.21458,45.47992]]]},"properties":{"cdi":-0.001,"o_score_pt":2078.2,"o_score_car":2074.3,"population":2098}},{"type":"Feature","id":870,"geometry":{"type":"Polygon","coordinates":[[[9.25527,45.48024],[9.25547,45.48034],[9.25547,45.48034],[9.25527,45.48024],[9.25527,45.48024]]]},"properties":{"cdi":0.165,"o_score_pt":1224.9,"o_score_car":1710.3,"population":0}},{"type":"Feature","id":871,"geometry":{"type":"Polygon","coordinates":[[[9.25099,45.4695],[9.25206,45.47005],[9.25312,45.46975],[9.25321,45.46895],[9.25213,45.46839],[9.25108,45.4687],[9.25099,45.4695]]]},"properties":{"cdi":0.21,"o_score_pt":1102.2,"o_score_car":1689.3,"population":48}},{"type":"Feature","id":872,"geometry":{"type":"Polygon","coordinates":[[[9.26003,45.47034],[9.26105,45.47086],[9.26202,45.47058],[9.26211,45.46984],[9.2611,45.46932],[9.26012,45.4696],[9.26003,45.47034]]]},"properties":{"cdi":0.26,"o_score_pt":974.7,"o_score_car":1658.4,"population":39}},{"type":"Feature","id":873,"geometry":{"type":"Polygon","coordinates":[[[9.25272,45.48268],[9.25292,45.48278],[9.25292,45.48278],[9.25272,45.48268],[9.25272,45.48268]]]},"properties":{"cdi":0.167,"o_score_pt":1197.6,"o_score_car":1677.7,"population":1}},{"type":"Feature","id":874,"geometry":{"type":"Polygon","coordinates":[[[9.2487,45.48047],[9.2507,45.4815],[9.25287,45.48088],[9.25306,45.47924],[9.25106,45.47821],[9.24889,45.47883],[9.2487,45.48047]]]},"properties":{"cdi":0.146,"o_score_pt":1274,"o_score_car":1710.4,"population":879}},{"type":"Feature","id":875,"geometry":{"type":"Polygon","coordinates":[[[9.24025,45.47943],[9.2418,45.48023],[9.24343,45.47977],[9.24357,45.47854],[9.24202,45.47774],[9.24039,45.4782],[9.24025,45.47943]]]},"properties":{"cdi":0.079,"o_score_pt":1560.6,"o_score_car":1829.9,"population":214}},{"type":"Feature","id":876,"geometry":{"type":"Polygon","coordinates":[[[9.21996,45.51265],[9.22205,45.51372],[9.22432,45.51307],[9.22451,45.51136],[9.22243,45.51029],[9.22016,45.51093],[9.21996,45.51265]]]},"properties":{"cdi":-0.019,"o_score_pt":1792.4,"o_score_car":1725.5,"population":1134}},{"type":"Feature","id":877,"geometry":{"type":"Polygon","coordinates":[[[9.22197,45.5155],[9.22399,45.51654],[9.2262,45.51592],[9.22639,45.51425],[9.22436,45.51321],[9.22216,45.51384],[9.22197,45.5155]]]},"properties":{"cdi":-0.004,"o_score_pt":1702,"o_score_car":1687.9,"population":949}},{"type":"Feature","id":878,"geometry":{"type":"Polygon","coordinates":[[[9.22969,45.50816],[9.23165,45.50917],[9.23377,45.50856],[9.23396,45.50696],[9.232,45.50595],[9.22988,45.50656],[9.22969,45.50816]]]},"properties":{"cdi":0.062,"o_score_pt":1535.8,"o_score_car":1738.7,"population":769}},{"type":"Feature","id":879,"geometry":{"type":"Polygon","coordinates":[[[9.20954,45.50874],[9.2112,45.5096],[9.21295,45.5091],[9.21311,45.50777],[9.21145,45.50692],[9.2097,45.50742],[9.20954,45.50874]]]},"properties":{"cdi":0.096,"o_score_pt":1565.6,"o_score_car":1899.6,"population":298}},{"type":"Feature","id":880,"geometry":{"type":"Polygon","coordinates":[[[9.22754,45.50535],[9.22968,45.50646],[9.23203,45.50579],[9.23223,45.50402],[9.23009,45.50291],[9.22774,45.50358],[9.22754,45.50535]]]},"properties":{"cdi":0.049,"o_score_pt":1509.8,"o_score_car":1664.8,"population":1810}},{"type":"Feature","id":881,"geometry":{"type":"Polygon","coordinates":[[[9.21867,45.50445],[9.22072,45.5055],[9.22296,45.50487],[9.22315,45.50318],[9.2211,45.50213],[9.21887,45.50276],[9.21867,45.50445]]]},"properties":{"cdi":0.005,"o_score_pt":1723.7,"o_score_car":1742,"population":1029}},{"type":"Feature","id":882,"geometry":{"type":"Polygon","coordinates":[[[9.21958,45.51789],[9.22147,45.51886],[9.2235,45.51828],[9.22367,45.51674],[9.22179,45.51577],[9.21976,45.51635],[9.21958,45.51789]]]},"properties":{"cdi":0.011,"o_score_pt":1673.3,"o_score_car":1712.1,"population":608}},{"type":"Feature","id":883,"geometry":{"type":"Polygon","coordinates":[[[9.2292,45.51855],[9.23053,45.51924],[9.23189,45.51885],[9.23201,45.51782],[9.23068,45.51713],[9.22932,45.51752],[9.2292,45.51855]]]},"properties":{"cdi":0.034,"o_score_pt":1525.7,"o_score_car":1633.4,"population":107}},{"type":"Feature","id":884,"geometry":{"type":"Polygon","coordinates":[[[9.23187,45.52119],[9.23257,45.52155],[9.23317,45.52138],[9.23322,45.52093],[9.23252,45.52057],[9.23192,45.52074],[9.23187,45.52119]]]},"properties":{"cdi":0.078,"o_score_pt":1351.8,"o_score_car":1579.6,"population":14}},{"type":"Feature","id":885,"geometry":{"type":"Polygon","coordinates":[[[9.2073,45.51108],[9.20869,45.5118],[9.21013,45.51139],[9.21025,45.5103],[9.20886,45.50959],[9.20742,45.51],[9.2073,45.51108]]]},"properties":{"cdi":0.075,"o_score_pt":1592.7,"o_score_car":1849.6,"population":130}},{"type":"Feature","id":886,"geometry":{"type":"Polygon","coordinates":[[[9.25706,45.51575],[9.25812,45.51629],[9.25915,45.516],[9.25924,45.51522],[9.25818,45.51467],[9.25715,45.51497],[9.25706,45.51575]]]},"properties":{"cdi":0.075,"o_score_pt":1408.7,"o_score_car":1635.9,"population":45}},{"type":"Feature","id":887,"geometry":{"type":"Polygon","coordinates":[[[9.24705,45.51521],[9.249,45.51621],[9.25111,45.51561],[9.25129,45.51402],[9.24934,45.51302],[9.24723,45.51362],[9.24705,45.51521]]]},"properties":{"cdi":0.132,"o_score_pt":1192.5,"o_score_car":1554.5,"population":744}},{"type":"Feature","id":888,"geometry":{"type":"Polygon","coordinates":[[[9.24295,45.50953],[9.24509,45.51064],[9.24743,45.50997],[9.24764,45.5082],[9.24549,45.50709],[9.24315,45.50776],[9.24295,45.50953]]]},"properties":{"cdi":0.074,"o_score_pt":1403.5,"o_score_car":1628,"population":1636}},{"type":"Feature","id":889,"geometry":{"type":"Polygon","coordinates":[[[9.24493,45.51239],[9.24703,45.51348],[9.24934,45.51282],[9.24953,45.51109],[9.24743,45.51],[9.24513,45.51066],[9.24493,45.51239]]]},"properties":{"cdi":0.108,"o_score_pt":1329.2,"o_score_car":1652.6,"population":1222}},{"type":"Feature","id":890,"geometry":{"type":"Polygon","coordinates":[[[9.25478,45.50437],[9.25498,45.50447],[9.25498,45.50447],[9.25478,45.50437],[9.25478,45.50437]]]},"properties":{"cdi":0.053,"o_score_pt":1383.5,"o_score_car":1539.2,"population":0}},{"type":"Feature","id":891,"geometry":{"type":"Polygon","coordinates":[[[9.24288,45.51467],[9.24455,45.51553],[9.24633,45.51503],[9.24648,45.51369],[9.24481,45.51283],[9.24304,45.51333],[9.24288,45.51467]]]},"properties":{"cdi":0.117,"o_score_pt":1277.3,"o_score_car":1615.4,"population":313}},{"type":"Feature","id":892,"geometry":{"type":"Polygon","coordinates":[[[9.20452,45.48963],[9.20655,45.49067],[9.20875,45.49005],[9.20894,45.48838],[9.20692,45.48734],[9.20471,45.48796],[9.20452,45.48963]]]},"properties":{"cdi":0.025,"o_score_pt":1978.3,"o_score_car":2081.4,"population":958}},{"type":"Feature","id":893,"geometry":{"type":"Polygon","coordinates":[[[9.2153,45.49342],[9.21744,45.49452],[9.21979,45.49386],[9.21999,45.49208],[9.21785,45.49098],[9.2155,45.49165],[9.2153,45.49342]]]},"properties":{"cdi":-0.021,"o_score_pt":2025.2,"o_score_car":1942.4,"population":2549}},{"type":"Feature","id":894,"geometry":{"type":"Polygon","coordinates":[[[9.20338,45.4865],[9.20472,45.48719],[9.20609,45.4868],[9.20621,45.48576],[9.20487,45.48507],[9.2035,45.48546],[9.20338,45.4865]]]},"properties":{"cdi":-0.053,"o_score_pt":2304.1,"o_score_car":2073.5,"population":109}},{"type":"Feature","id":895,"geometry":{"type":"Polygon","coordinates":[[[9.1939,45.48579],[9.19568,45.4867],[9.19758,45.48616],[9.19774,45.48473],[9.19597,45.48381],[9.19407,45.48435],[9.1939,45.48579]]]},"properties":{"cdi":-0.057,"o_score_pt":2415.7,"o_score_car":2155,"population":436}},{"type":"Feature","id":896,"geometry":{"type":"Polygon","coordinates":[[[9.21203,45.48236],[9.21417,45.48346],[9.21652,45.48279],[9.21672,45.48102],[9.21458,45.47992],[9.21224,45.48058],[9.21203,45.48236]]]},"properties":{"cdi":-0.035,"o_score_pt":2199.2,"o_score_car":2052.4,"population":1687}},{"type":"Feature","id":897,"geometry":{"type":"Polygon","coordinates":[[[9.20338,45.50023],[9.20534,45.50124],[9.20746,45.50063],[9.20764,45.49903],[9.20568,45.49803],[9.20357,45.49863],[9.20338,45.50023]]]},"properties":{"cdi":0.09,"o_score_pt":1598.5,"o_score_car":1914.8,"population":765}},{"type":"Feature","id":898,"geometry":{"type":"Polygon","coordinates":[[[9.20535,45.50309],[9.20728,45.50409],[9.20936,45.50349],[9.20954,45.50192],[9.20762,45.50093],[9.20553,45.50152],[9.20535,45.50309]]]},"properties":{"cdi":0.113,"o_score_pt":1467,"o_score_car":1840.2,"population":696}},{"type":"Feature","id":899,"geometry":{"type":"Polygon","coordinates":[[[9.21275,45.49586],[9.21489,45.49696],[9.21724,45.49629],[9.21744,45.49452],[9.2153,45.49342],[9.21295,45.49409],[9.21275,45.49586]]]},"properties":{"cdi":0.02,"o_score_pt":1894.1,"o_score_car":1969.7,"population":1372}},{"type":"Feature","id":900,"geometry":{"type":"Polygon","coordinates":[[[9.19257,45.49645],[9.19444,45.49742],[9.19646,45.49684],[9.19663,45.49532],[9.19476,45.49435],[9.19274,45.49493],[9.19257,45.49645]]]},"properties":{"cdi":-0.037,"o_score_pt":2235.3,"o_score_car":2073.8,"population":589}},{"type":"Feature","id":901,"geometry":{"type":"Polygon","coordinates":[[[9.09756,45.46518],[9.09841,45.46561],[9.09919,45.46539],[9.09926,45.4648],[9.09841,45.46436],[9.09763,45.46458],[9.09756,45.46518]]]},"properties":{"cdi":0.255,"o_score_pt":868.9,"o_score_car":1462.9,"population":23}},{"type":"Feature","id":902,"geometry":{"type":"Polygon","coordinates":[[[9.11487,45.46202],[9.11678,45.46301],[9.11886,45.46242],[9.11904,45.46085],[9.11712,45.45986],[9.11505,45.46045],[9.11487,45.46202]]]},"properties":{"cdi":0.1,"o_score_pt":1455.5,"o_score_car":1777.8,"population":683}},{"type":"Feature","id":903,"geometry":{"type":"Polygon","coordinates":[[[9.10564,45.46122],[9.10778,45.46233],[9.11013,45.46166],[9.11033,45.45989],[9.10819,45.45878],[9.10585,45.45945],[9.10564,45.46122]]]},"properties":{"cdi":0.13,"o_score_pt":1297.7,"o_score_car":1683.9,"population":1966}},{"type":"Feature","id":904,"geometry":{"type":"Polygon","coordinates":[[[9.0931,45.4545],[9.09499,45.45548],[9.09704,45.4549],[9.09722,45.45335],[9.09533,45.45237],[9.09328,45.45295],[9.0931,45.4545]]]},"properties":{"cdi":0.108,"o_score_pt":1179.6,"o_score_car":1466.7,"population":641}},{"type":"Feature","id":905,"geometry":{"type":"Polygon","coordinates":[[[9.10205,45.45538],[9.10396,45.45637],[9.10602,45.45578],[9.1062,45.45422],[9.10429,45.45324],[9.10223,45.45382],[9.10205,45.45538]]]},"properties":{"cdi":0.057,"o_score_pt":1420.6,"o_score_car":1593,"population":661}},{"type":"Feature","id":906,"geometry":{"type":"Polygon","coordinates":[[[9.10371,45.45834],[9.10585,45.45945],[9.10819,45.45878],[9.1084,45.45701],[9.10626,45.45591],[9.10392,45.45657],[9.10371,45.45834]]]},"properties":{"cdi":0.146,"o_score_pt":1215.1,"o_score_car":1631.4,"population":1947}},{"type":"Feature","id":907,"geometry":{"type":"Polygon","coordinates":[[[9.09437,45.46782],[9.09577,45.46854],[9.09722,45.46813],[9.09735,45.46703],[9.09595,45.46631],[9.0945,45.46672],[9.09437,45.46782]]]},"properties":{"cdi":0.229,"o_score_pt":873.8,"o_score_car":1393.1,"population":135}},{"type":"Feature","id":908,"geometry":{"type":"Polygon","coordinates":[[[9.10443,45.47184],[9.10655,45.47294],[9.10887,45.47228],[9.10908,45.47052],[9.10696,45.46943],[9.10463,45.47009],[9.10443,45.47184]]]},"properties":{"cdi":0.113,"o_score_pt":1339,"o_score_car":1681,"population":1300}},{"type":"Feature","id":909,"geometry":{"type":"Polygon","coordinates":[[[9.09177,45.46515],[9.09375,45.46618],[9.0959,45.46557],[9.09608,45.46394],[9.09411,45.46292],[9.09196,45.46353],[9.09177,45.46515]]]},"properties":{"cdi":0.22,"o_score_pt":953.7,"o_score_car":1491.8,"population":832}},{"type":"Feature","id":910,"geometry":{"type":"Polygon","coordinates":[[[9.08315,45.46416],[9.08483,45.46503],[9.08662,45.46452],[9.08677,45.46317],[9.0851,45.4623],[9.08331,45.46281],[9.08315,45.46416]]]},"properties":{"cdi":0.183,"o_score_pt":990.2,"o_score_car":1433.3,"population":325}},{"type":"Feature","id":911,"geometry":{"type":"Polygon","coordinates":[[[9.12999,45.46629],[9.13213,45.4674],[9.13447,45.46673],[9.13468,45.46496],[9.13254,45.46386],[9.13019,45.46452],[9.12999,45.46629]]]},"properties":{"cdi":0.1,"o_score_pt":1537,"o_score_car":1877.8,"population":2092}},{"type":"Feature","id":912,"geometry":{"type":"Polygon","coordinates":[[[9.13192,45.46917],[9.13406,45.47027],[9.13641,45.46961],[9.13661,45.46784],[9.13447,45.46673],[9.13213,45.4674],[9.13192,45.46917]]]},"properties":{"cdi":0.061,"o_score_pt":1603.7,"o_score_car":1810.6,"population":2228}},{"type":"Feature","id":913,"geometry":{"type":"Polygon","coordinates":[[[9.13957,45.46186],[9.14171,45.46296],[9.14405,45.4623],[9.14426,45.46052],[9.14212,45.45942],[9.13978,45.46009],[9.13957,45.46186]]]},"properties":{"cdi":0.055,"o_score_pt":1723.8,"o_score_car":1923.8,"population":1659}},{"type":"Feature","id":914,"geometry":{"type":"Polygon","coordinates":[[[9.11966,45.46236],[9.12131,45.46321],[9.12306,45.46271],[9.12321,45.46139],[9.12156,45.46054],[9.11981,45.46103],[9.11966,45.46236]]]},"properties":{"cdi":0.101,"o_score_pt":1474.1,"o_score_car":1804.5,"population":296}},{"type":"Feature","id":915,"geometry":{"type":"Polygon","coordinates":[[[9.13804,45.45885],[9.13983,45.45978],[9.14175,45.45923],[9.14192,45.45778],[9.14013,45.45685],[9.13821,45.4574],[9.13804,45.45885]]]},"properties":{"cdi":0.093,"o_score_pt":1515,"o_score_car":1827.2,"population":460}},{"type":"Feature","id":916,"geometry":{"type":"Polygon","coordinates":[[[9.12882,45.45806],[9.13083,45.4591],[9.13302,45.45847],[9.13321,45.45682],[9.1312,45.45578],[9.12901,45.4564],[9.12882,45.45806]]]},"properties":{"cdi":0.037,"o_score_pt":1702.4,"o_score_car":1833.6,"population":920}},{"type":"Feature","id":917,"geometry":{"type":"Polygon","coordinates":[[[9.12937,45.47161],[9.13151,45.47271],[9.13386,45.47205],[9.13406,45.47027],[9.13192,45.46917],[9.12958,45.46984],[9.12937,45.47161]]]},"properties":{"cdi":0.086,"o_score_pt":1537.6,"o_score_car":1826.2,"population":2036}},{"type":"Feature","id":918,"geometry":{"type":"Polygon","coordinates":[[[9.13834,45.47248],[9.14048,45.47359],[9.14282,45.47292],[9.14303,45.47115],[9.14089,45.47005],[9.13855,45.47071],[9.13834,45.47248]]]},"properties":{"cdi":0.066,"o_score_pt":1675.5,"o_score_car":1912.5,"population":3382}},{"type":"Feature","id":919,"geometry":{"type":"Polygon","coordinates":[[[9.14027,45.47536],[9.14241,45.47647],[9.14476,45.4758],[9.14496,45.47403],[9.14282,45.47292],[9.14048,45.47359],[9.14027,45.47536]]]},"properties":{"cdi":0.032,"o_score_pt":1779.8,"o_score_car":1897.5,"population":2164}},{"type":"Feature","id":920,"geometry":{"type":"Polygon","coordinates":[[[9.11855,45.46433],[9.11896,45.46454],[9.1192,45.46448],[9.11922,45.46429],[9.11882,45.46408],[9.11857,45.46415],[9.11855,45.46433]]]},"properties":{"cdi":0.186,"o_score_pt":1205.8,"o_score_car":1756.7,"population":5}},{"type":"Feature","id":921,"geometry":{"type":"Polygon","coordinates":[[[9.07938,45.45327],[9.08151,45.45437],[9.08386,45.45371],[9.08406,45.45194],[9.08193,45.45083],[9.07958,45.45149],[9.07938,45.45327]]]},"properties":{"cdi":0.266,"o_score_pt":832.8,"o_score_car":1434.8,"population":1645}},{"type":"Feature","id":922,"geometry":{"type":"Polygon","coordinates":[[[9.09889,45.4494],[9.10019,45.45008],[9.10152,45.4497],[9.10164,45.44869],[9.10033,45.44802],[9.099,45.4484],[9.09889,45.4494]]]},"properties":{"cdi":0.148,"o_score_pt":1146.4,"o_score_car":1545,"population":99}},{"type":"Feature","id":923,"geometry":{"type":"Polygon","coordinates":[[[9.11491,45.44316],[9.11672,45.44409],[9.11866,45.44354],[9.11883,45.44207],[9.11702,45.44114],[9.11508,45.44169],[9.11491,45.44316]]]},"properties":{"cdi":0.139,"o_score_pt":1250.7,"o_score_car":1656.2,"population":484}},{"type":"Feature","id":924,"geometry":{"type":"Polygon","coordinates":[[[9.12542,45.44704],[9.12756,45.44814],[9.1299,45.44747],[9.13011,45.4457],[9.12797,45.4446],[9.12563,45.44526],[9.12542,45.44704]]]},"properties":{"cdi":0.079,"o_score_pt":1499.9,"o_score_car":1756,"population":1841}},{"type":"Feature","id":925,"geometry":{"type":"Polygon","coordinates":[[[9.1228,45.43577],[9.12439,45.4366],[9.12609,45.43611],[9.12623,45.43483],[9.12463,45.43401],[9.12294,45.43449],[9.1228,45.43577]]]},"properties":{"cdi":0.167,"o_score_pt":1171.2,"o_score_car":1639.6,"population":253}},{"type":"Feature","id":926,"geometry":{"type":"Polygon","coordinates":[[[9.11404,45.45367],[9.11553,45.45445],[9.1171,45.454],[9.11724,45.45281],[9.11574,45.45204],[9.11417,45.45249],[9.11404,45.45367]]]},"properties":{"cdi":0.056,"o_score_pt":1490.6,"o_score_car":1668,"population":183}},{"type":"Feature","id":927,"geometry":{"type":"Polygon","coordinates":[[[9.11523,45.45679],[9.11736,45.45789],[9.11971,45.45723],[9.11991,45.45545],[9.11777,45.45435],[9.11543,45.45501],[9.11523,45.45679]]]},"properties":{"cdi":0.052,"o_score_pt":1567.5,"o_score_car":1737.8,"population":1712}},{"type":"Feature","id":928,"geometry":{"type":"Polygon","coordinates":[[[9.12304,45.44942],[9.12503,45.45045],[9.12721,45.44984],[9.1274,45.44819],[9.1254,45.44716],[9.12323,45.44778],[9.12304,45.44942]]]},"properties":{"cdi":0.079,"o_score_pt":1433.9,"o_score_car":1681,"population":882}},{"type":"Feature","id":929,"geometry":{"type":"Polygon","coordinates":[[[9.10394,45.44966],[9.10475,45.45008],[9.10547,45.44987],[9.10554,45.44932],[9.10473,45.4489],[9.10401,45.44911],[9.10394,45.44966]]]},"properties":{"cdi":0.157,"o_score_pt":1137.9,"o_score_car":1562,"population":20}},{"type":"Feature","id":930,"geometry":{"type":"Polygon","coordinates":[[[9.08361,45.47774],[9.08549,45.47871],[9.08753,45.47814],[9.08771,45.4766],[9.08582,45.47562],[9.08379,45.4762],[9.08361,45.47774]]]},"properties":{"cdi":0.181,"o_score_pt":1093.6,"o_score_car":1578.5,"population":617}},{"type":"Feature","id":931,"geometry":{"type":"Polygon","coordinates":[[[9.09295,45.4785],[9.09451,45.47931],[9.09615,45.47884],[9.09629,45.4776],[9.09474,45.47679],[9.09309,45.47726],[9.09295,45.4785]]]},"properties":{"cdi":0.197,"o_score_pt":1071.5,"o_score_car":1596.7,"population":222}},{"type":"Feature","id":932,"geometry":{"type":"Polygon","coordinates":[[[9.09591,45.48105],[9.09658,45.4814],[9.09715,45.48124],[9.0972,45.4808],[9.09653,45.48045],[9.09596,45.48061],[9.09591,45.48105]]]},"properties":{"cdi":0.228,"o_score_pt":1084.1,"o_score_car":1723.4,"population":13}},{"type":"Feature","id":933,"geometry":{"type":"Polygon","coordinates":[[[9.08243,45.47462],[9.08366,45.47526],[9.08491,45.47491],[9.08502,45.47396],[9.08379,45.47332],[9.08254,45.47368],[9.08243,45.47462]]]},"properties":{"cdi":0.249,"o_score_pt":928.1,"o_score_car":1543.4,"population":80}},{"type":"Feature","id":934,"geometry":{"type":"Polygon","coordinates":[[[9.08432,45.48774],[9.08452,45.48784],[9.08452,45.48784],[9.08432,45.48774],[9.08432,45.48774]]]},"properties":{"cdi":0.296,"o_score_pt":869.8,"o_score_car":1600.6,"population":0}},{"type":"Feature","id":935,"geometry":{"type":"Polygon","coordinates":[[[9.07414,45.48725],[9.07539,45.4879],[9.07666,45.48754],[9.07678,45.48657],[9.07552,45.48592],[9.07425,45.48628],[9.07414,45.48725]]]},"properties":{"cdi":0.285,"o_score_pt":869.8,"o_score_car":1564.3,"population":85}},{"type":"Feature","id":936,"geometry":{"type":"Polygon","coordinates":[[[9.09348,45.48345],[9.09405,45.48374],[9.09449,45.48362],[9.09453,45.48328],[9.09396,45.48298],[9.09352,45.48311],[9.09348,45.48345]]]},"properties":{"cdi":0.251,"o_score_pt":968.3,"o_score_car":1618.1,"population":9}},{"type":"Feature","id":937,"geometry":{"type":"Polygon","coordinates":[[[9.07149,45.48111],[9.07169,45.48121],[9.07169,45.48121],[9.07149,45.48111],[9.07149,45.48111]]]},"properties":{"cdi":1,"o_score_pt":0,"o_score_car":1281.1,"population":2}},{"type":"Feature","id":938,"geometry":{"type":"Polygon","coordinates":[[[9.07266,45.48423],[9.07352,45.48467],[9.07432,45.48445],[9.07439,45.48384],[9.07353,45.4834],[9.07273,45.48362],[9.07266,45.48423]]]},"properties":{"cdi":0.288,"o_score_pt":817.1,"o_score_car":1478.8,"population":24}},{"type":"Feature","id":939,"geometry":{"type":"Polygon","coordinates":[[[9.1116,45.48515],[9.11201,45.48536],[9.11225,45.48529],[9.11227,45.4851],[9.11187,45.48489],[9.11162,45.48496],[9.1116,45.48515]]]},"properties":{"cdi":0.177,"o_score_pt":1163.4,"o_score_car":1665,"population":5}},{"type":"Feature","id":940,"geometry":{"type":"Polygon","coordinates":[[[9.12972,45.48173],[9.1305,45.48213],[9.13119,45.48193],[9.13125,45.48141],[9.13047,45.48101],[9.12979,45.4812],[9.12972,45.48173]]]},"properties":{"cdi":0.105,"o_score_pt":1531.5,"o_score_car":1892.3,"population":18}},{"type":"Feature","id":941,"geometry":{"type":"Polygon","coordinates":[[[9.12004,45.48108],[9.12143,45.4818],[9.12287,45.48139],[9.123,45.4803],[9.12161,45.47958],[9.12017,45.47999],[9.12004,45.48108]]]},"properties":{"cdi":0.153,"o_score_pt":1339.9,"o_score_car":1824.8,"population":131}},{"type":"Feature","id":942,"geometry":{"type":"Polygon","coordinates":[[[9.10639,45.47471],[9.10849,45.47579],[9.11078,45.47514],[9.11098,45.47341],[9.10889,45.47232],[9.10659,45.47297],[9.10639,45.47471]]]},"properties":{"cdi":0.116,"o_score_pt":1394.3,"o_score_car":1761,"population":1208}},{"type":"Feature","id":943,"geometry":{"type":"Polygon","coordinates":[[[9.11536,45.47559],[9.11745,45.47667],[9.11975,45.47602],[9.11995,45.47429],[9.11785,45.4732],[9.11556,45.47385],[9.11536,45.47559]]]},"properties":{"cdi":0.019,"o_score_pt":1650.5,"o_score_car":1713.4,"population":1201}},{"type":"Feature","id":944,"geometry":{"type":"Polygon","coordinates":[[[9.11906,45.4779],[9.11963,45.47819],[9.12007,45.47807],[9.12011,45.47773],[9.11954,45.47743],[9.1191,45.47756],[9.11906,45.4779]]]},"properties":{"cdi":0.068,"o_score_pt":1545.8,"o_score_car":1772.5,"population":9}},{"type":"Feature","id":945,"geometry":{"type":"Polygon","coordinates":[[[9.10929,45.48751],[9.10948,45.48761],[9.10948,45.48761],[9.10929,45.48751],[9.10929,45.48751]]]},"properties":{"cdi":0.236,"o_score_pt":1018.5,"o_score_car":1648.8,"population":2}},{"type":"Feature","id":946,"geometry":{"type":"Polygon","coordinates":[[[9.11794,45.49198],[9.12008,45.49308],[9.12243,45.49242],[9.12263,45.49065],[9.12049,45.48954],[9.11815,45.49021],[9.11794,45.49198]]]},"properties":{"cdi":0.052,"o_score_pt":1572.4,"o_score_car":1745.8,"population":1609}},{"type":"Feature","id":947,"geometry":{"type":"Polygon","coordinates":[[[9.10735,45.48463],[9.10755,45.48473],[9.10755,45.48473],[9.10735,45.48463],[9.10735,45.48463]]]},"properties":{"cdi":0.171,"o_score_pt":1155.6,"o_score_car":1633.2,"population":0}},{"type":"Feature","id":948,"geometry":{"type":"Polygon","coordinates":[[[9.09839,45.48375],[9.09859,45.48385],[9.09859,45.48385],[9.09839,45.48375],[9.09839,45.48375]]]},"properties":{"cdi":0.197,"o_score_pt":1053.4,"o_score_car":1569.2,"population":0}},{"type":"Feature","id":949,"geometry":{"type":"Polygon","coordinates":[[[9.06906,45.45955],[9.06963,45.45985],[9.07007,45.45972],[9.07011,45.45938],[9.06954,45.45909],[9.0691,45.45921],[9.06906,45.45955]]]},"properties":{"cdi":0.708,"o_score_pt":241.2,"o_score_car":1412.2,"population":9}},{"type":"Feature","id":950,"geometry":{"type":"Polygon","coordinates":[[[9.07692,45.45567],[9.07898,45.45674],[9.08122,45.4561],[9.08142,45.4544],[9.07936,45.45334],[9.07711,45.45397],[9.07692,45.45567]]]},"properties":{"cdi":0.268,"o_score_pt":833.5,"o_score_car":1444.6,"population":1073}},{"type":"Feature","id":951,"geometry":{"type":"Polygon","coordinates":[[[9.05808,45.45582],[9.05873,45.45616],[9.05927,45.45601],[9.05932,45.45559],[9.05867,45.45526],[9.05813,45.45541],[9.05808,45.45582]]]},"properties":{"cdi":0.705,"o_score_pt":240.2,"o_score_car":1386.9,"population":12}},{"type":"Feature","id":952,"geometry":{"type":"Polygon","coordinates":[[[9.07515,45.45274],[9.07707,45.45374],[9.07914,45.45315],[9.07933,45.45158],[9.07741,45.45058],[9.07533,45.45117],[9.07515,45.45274]]]},"properties":{"cdi":0.276,"o_score_pt":817.2,"o_score_car":1440.2,"population":687}},{"type":"Feature","id":953,"geometry":{"type":"Polygon","coordinates":[[[9.06596,45.45193],[9.06808,45.45303],[9.07039,45.45237],[9.07059,45.45062],[9.06848,45.44953],[9.06617,45.45018],[9.06596,45.45193]]]},"properties":{"cdi":0.288,"o_score_pt":726.2,"o_score_car":1313.3,"population":1278}},{"type":"Feature","id":954,"geometry":{"type":"Polygon","coordinates":[[[9.07611,45.46616],[9.0778,45.46704],[9.0796,45.46653],[9.07976,45.46516],[9.07807,45.46429],[9.07626,45.4648],[9.07611,45.46616]]]},"properties":{"cdi":0.235,"o_score_pt":846.8,"o_score_car":1365.9,"population":338}},{"type":"Feature","id":955,"geometry":{"type":"Polygon","coordinates":[[[9.07865,45.46884],[9.07981,45.46944],[9.08097,45.46911],[9.08107,45.46824],[9.07991,45.46764],[9.07875,45.46796],[9.07865,45.46884]]]},"properties":{"cdi":0.296,"o_score_pt":751.4,"o_score_car":1384.3,"population":63}},{"type":"Feature","id":956,"geometry":{"type":"Polygon","coordinates":[[[9.05605,45.45809],[9.05625,45.4582],[9.05625,45.4582],[9.05605,45.45809],[9.05605,45.45809]]]},"properties":{"cdi":0.782,"o_score_pt":155.8,"o_score_car":1273.6,"population":0}},{"type":"Feature","id":957,"geometry":{"type":"Polygon","coordinates":[[[9.17728,45.44941],[9.17942,45.45052],[9.18176,45.44985],[9.18196,45.44808],[9.17982,45.44698],[9.17748,45.44764],[9.17728,45.44941]]]},"properties":{"cdi":0.078,"o_score_pt":1676,"o_score_car":1959.1,"population":2006}},{"type":"Feature","id":958,"geometry":{"type":"Polygon","coordinates":[[[9.18818,45.45316],[9.19032,45.45427],[9.19266,45.4536],[9.19287,45.45183],[9.19073,45.45072],[9.18838,45.45139],[9.18818,45.45316]]]},"properties":{"cdi":0.053,"o_score_pt":1813,"o_score_car":2016.6,"population":1806}},{"type":"Feature","id":959,"geometry":{"type":"Polygon","coordinates":[[[9.17534,45.44654],[9.17748,45.44764],[9.17982,45.44698],[9.18003,45.4452],[9.17789,45.4441],[9.17555,45.44477],[9.17534,45.44654]]]},"properties":{"cdi":0.058,"o_score_pt":1648.6,"o_score_car":1850.8,"population":2134}},{"type":"Feature","id":960,"geometry":{"type":"Polygon","coordinates":[[[9.16699,45.44547],[9.1686,45.4463],[9.1703,45.44581],[9.17045,45.44453],[9.16884,45.4437],[9.16714,45.44418],[9.16699,45.44547]]]},"properties":{"cdi":-0.025,"o_score_pt":1933.8,"o_score_car":1840,"population":260}},{"type":"Feature","id":961,"geometry":{"type":"Polygon","coordinates":[[[9.18513,45.44203],[9.18709,45.44304],[9.18921,45.44243],[9.18939,45.44083],[9.18744,45.43982],[9.18532,45.44042],[9.18513,45.44203]]]},"properties":{"cdi":0.138,"o_score_pt":1327.8,"o_score_car":1754.7,"population":773}},{"type":"Feature","id":962,"geometry":{"type":"Polygon","coordinates":[[[9.17605,45.46004],[9.17819,45.46115],[9.18053,45.46048],[9.18074,45.45871],[9.1786,45.45761],[9.17626,45.45827],[9.17605,45.46004]]]},"properties":{"cdi":0.004,"o_score_pt":2024.1,"o_score_car":2039.3,"population":1558}},{"type":"Feature","id":963,"geometry":{"type":"Polygon","coordinates":[[[9.17807,45.46289],[9.18014,45.46396],[9.1824,45.46332],[9.18259,45.46161],[9.18052,45.46054],[9.17826,45.46119],[9.17807,45.46289]]]},"properties":{"cdi":-0.044,"o_score_pt":2117.1,"o_score_car":1938.1,"population":1102}},{"type":"Feature","id":964,"geometry":{"type":"Polygon","coordinates":[[[9.18563,45.4556],[9.18777,45.45671],[9.19012,45.45604],[9.19032,45.45427],[9.18818,45.45316],[9.18584,45.45383],[9.18563,45.4556]]]},"properties":{"cdi":-0.034,"o_score_pt":1983.8,"o_score_car":1854.5,"population":1381}},{"type":"Feature","id":965,"geometry":{"type":"Polygon","coordinates":[[[9.16515,45.45629],[9.16729,45.4574],[9.16963,45.45673],[9.16984,45.45496],[9.1677,45.45386],[9.16535,45.45452],[9.16515,45.45629]]]},"properties":{"cdi":0.004,"o_score_pt":1928.6,"o_score_car":1942.8,"population":1821}},{"type":"Feature","id":966,"geometry":{"type":"Polygon","coordinates":[[[9.21321,45.45289],[9.2153,45.45396],[9.21758,45.45331],[9.21778,45.45159],[9.21569,45.45051],[9.2134,45.45116],[9.21321,45.45289]]]},"properties":{"cdi":0.077,"o_score_pt":1689.1,"o_score_car":1972,"population":1175}},{"type":"Feature","id":967,"geometry":{"type":"Polygon","coordinates":[[[9.22212,45.45378],[9.22426,45.45488],[9.2266,45.45421],[9.22681,45.45244],[9.22466,45.45134],[9.22232,45.452],[9.22212,45.45378]]]},"properties":{"cdi":0.088,"o_score_pt":1592.9,"o_score_car":1901.2,"population":2417}},{"type":"Feature","id":968,"geometry":{"type":"Polygon","coordinates":[[[9.22483,45.4564],[9.2263,45.45716],[9.22783,45.45672],[9.22796,45.45556],[9.2265,45.45481],[9.22497,45.45524],[9.22483,45.4564]]]},"properties":{"cdi":0.112,"o_score_pt":1511.7,"o_score_car":1892.4,"population":166}},{"type":"Feature","id":969,"geometry":{"type":"Polygon","coordinates":[[[9.20176,45.44582],[9.20264,45.44627],[9.20347,45.44604],[9.20354,45.44541],[9.20266,45.44495],[9.20183,45.44519],[9.20176,45.44582]]]},"properties":{"cdi":0.04,"o_score_pt":1804.2,"o_score_car":1955.8,"population":26}},{"type":"Feature","id":970,"geometry":{"type":"Polygon","coordinates":[[[9.21121,45.45003],[9.21335,45.45113],[9.2157,45.45046],[9.2159,45.44869],[9.21376,45.44759],[9.21141,45.44826],[9.21121,45.45003]]]},"properties":{"cdi":0.043,"o_score_pt":1774.1,"o_score_car":1931.7,"population":1486}},{"type":"Feature","id":971,"geometry":{"type":"Polygon","coordinates":[[[9.21193,45.46354],[9.21407,45.46464],[9.21641,45.46397],[9.21662,45.4622],[9.21447,45.4611],[9.21213,45.46176],[9.21193,45.46354]]]},"properties":{"cdi":0.089,"o_score_pt":1719.7,"o_score_car":2053.7,"population":2396}},{"type":"Feature","id":972,"geometry":{"type":"Polygon","coordinates":[[[9.20296,45.46266],[9.2051,45.46377],[9.20744,45.4631],[9.20765,45.46133],[9.2055,45.46022],[9.20316,45.46089],[9.20296,45.46266]]]},"properties":{"cdi":0.047,"o_score_pt":1886.8,"o_score_car":2074.7,"population":1523}},{"type":"Feature","id":973,"geometry":{"type":"Polygon","coordinates":[[[9.22166,45.45904],[9.22367,45.46008],[9.22586,45.45946],[9.22605,45.4578],[9.22403,45.45677],[9.22185,45.45739],[9.22166,45.45904]]]},"properties":{"cdi":0.094,"o_score_pt":1629.2,"o_score_car":1967.6,"population":916}},{"type":"Feature","id":974,"geometry":{"type":"Polygon","coordinates":[[[9.19908,45.45691],[9.20122,45.45802],[9.20357,45.45735],[9.20377,45.45558],[9.20163,45.45447],[9.19929,45.45514],[9.19908,45.45691]]]},"properties":{"cdi":0.047,"o_score_pt":1856.8,"o_score_car":2038.9,"population":1562}},{"type":"Feature","id":975,"geometry":{"type":"Polygon","coordinates":[[[9.20167,45.45958],[9.20325,45.4604],[9.20491,45.45992],[9.20506,45.45866],[9.20348,45.45785],[9.20181,45.45832],[9.20167,45.45958]]]},"properties":{"cdi":0.053,"o_score_pt":1798.9,"o_score_car":2000.6,"population":236}},{"type":"Feature","id":976,"geometry":{"type":"Polygon","coordinates":[[[9.16357,45.43445],[9.16532,45.43535],[9.16719,45.43482],[9.16735,45.43341],[9.1656,45.4325],[9.16374,45.43304],[9.16357,45.43445]]]},"properties":{"cdi":0,"o_score_pt":1655.2,"o_score_car":1653.8,"population":402}},{"type":"Feature","id":977,"geometry":{"type":"Polygon","coordinates":[[[9.18171,45.43101],[9.18381,45.43209],[9.1861,45.43144],[9.18629,45.42971],[9.1842,45.42863],[9.18191,45.42928],[9.18171,45.43101]]]},"properties":{"cdi":0.109,"o_score_pt":1388.1,"o_score_car":1727.6,"population":1190}},{"type":"Feature","id":978,"geometry":{"type":"Polygon","coordinates":[[[9.17277,45.43013],[9.17485,45.4312],[9.17711,45.43056],[9.17731,45.42884],[9.17523,45.42777],[9.17297,45.42842],[9.17277,45.43013]]]},"properties":{"cdi":-0.004,"o_score_pt":1689.5,"o_score_car":1677.1,"population":1121}},{"type":"Feature","id":979,"geometry":{"type":"Polygon","coordinates":[[[9.16168,45.42294],[9.16225,45.42324],[9.16269,45.42311],[9.16273,45.42277],[9.16216,45.42248],[9.16172,45.4226],[9.16168,45.42294]]]},"properties":{"cdi":0.123,"o_score_pt":1184,"o_score_car":1515.6,"population":9}},{"type":"Feature","id":980,"geometry":{"type":"Polygon","coordinates":[[[9.16953,45.42417],[9.17106,45.42496],[9.17267,45.42451],[9.17281,45.42329],[9.17128,45.4225],[9.16967,45.42296],[9.16953,45.42417]]]},"properties":{"cdi":0.127,"o_score_pt":1267.4,"o_score_car":1635.3,"population":202}},{"type":"Feature","id":981,"geometry":{"type":"Polygon","coordinates":[[[9.17077,45.42727],[9.1729,45.42838],[9.17524,45.42771],[9.17544,45.42594],[9.17331,45.42484],[9.17097,45.42551],[9.17077,45.42727]]]},"properties":{"cdi":0.057,"o_score_pt":1500.5,"o_score_car":1682.1,"population":1344}},{"type":"Feature","id":982,"geometry":{"type":"Polygon","coordinates":[[[9.16065,45.43701],[9.16272,45.43808],[9.16498,45.43743],[9.16517,45.43573],[9.16311,45.43466],[9.16085,45.4353],[9.16065,45.43701]]]},"properties":{"cdi":0.014,"o_score_pt":1705.8,"o_score_car":1755.1,"population":1095}},{"type":"Feature","id":983,"geometry":{"type":"Polygon","coordinates":[[[9.1715,45.44078],[9.17361,45.44187],[9.17593,45.44121],[9.17613,45.43946],[9.17401,45.43837],[9.1717,45.43903],[9.1715,45.44078]]]},"properties":{"cdi":0.064,"o_score_pt":1613.5,"o_score_car":1835.4,"population":1272}},{"type":"Feature","id":984,"geometry":{"type":"Polygon","coordinates":[[[9.15918,45.43398],[9.16085,45.43485],[9.16262,45.43434],[9.16278,45.433],[9.16111,45.43214],[9.15934,45.43264],[9.15918,45.43398]]]},"properties":{"cdi":0.041,"o_score_pt":1522.9,"o_score_car":1651.8,"population":314}},{"type":"Feature","id":985,"geometry":{"type":"Polygon","coordinates":[[[9.14986,45.43322],[9.15184,45.43424],[9.15399,45.43363],[9.15417,45.43201],[9.1522,45.43099],[9.15005,45.4316],[9.14986,45.43322]]]},"properties":{"cdi":0.128,"o_score_pt":1238.6,"o_score_car":1603.2,"population":828}},{"type":"Feature","id":986,"geometry":{"type":"Polygon","coordinates":[[[9.19711,45.43519],[9.19919,45.43627],[9.20147,45.43562],[9.20166,45.4339],[9.19958,45.43282],[9.19731,45.43347],[9.19711,45.43519]]]},"properties":{"cdi":0.144,"o_score_pt":1334,"o_score_car":1782.2,"population":1147}},{"type":"Feature","id":987,"geometry":{"type":"Polygon","coordinates":[[[9.19915,45.43803],[9.20114,45.43906],[9.20331,45.43844],[9.2035,45.43681],[9.2015,45.43578],[9.19934,45.4364],[9.19915,45.43803]]]},"properties":{"cdi":0.128,"o_score_pt":1390.2,"o_score_car":1799.2,"population":861}},{"type":"Feature","id":988,"geometry":{"type":"Polygon","coordinates":[[[9.20713,45.4306],[9.20883,45.43148],[9.21064,45.43096],[9.2108,45.42959],[9.2091,45.42872],[9.20729,45.42924],[9.20713,45.4306]]]},"properties":{"cdi":0.215,"o_score_pt":1091.4,"o_score_car":1688.6,"population":342}},{"type":"Feature","id":989,"geometry":{"type":"Polygon","coordinates":[[[9.18796,45.43088],[9.18853,45.43117],[9.18897,45.43105],[9.18901,45.43071],[9.18844,45.43042],[9.188,45.43054],[9.18796,45.43088]]]},"properties":{"cdi":0.165,"o_score_pt":1211.9,"o_score_car":1690.4,"population":9}},{"type":"Feature","id":990,"geometry":{"type":"Polygon","coordinates":[[[9.2048,45.42785],[9.20684,45.42891],[9.20906,45.42827],[9.20926,45.42659],[9.20722,45.42554],[9.205,45.42617],[9.2048,45.42785]]]},"properties":{"cdi":0.217,"o_score_pt":1054.2,"o_score_car":1639.1,"population":1001}},{"type":"Feature","id":991,"geometry":{"type":"Polygon","coordinates":[[[9.19665,45.42672],[9.19799,45.42741],[9.19936,45.42702],[9.19948,45.42598],[9.19814,45.42529],[9.19677,45.42568],[9.19665,45.42672]]]},"properties":{"cdi":0.227,"o_score_pt":1034.4,"o_score_car":1641.7,"population":111}},{"type":"Feature","id":992,"geometry":{"type":"Polygon","coordinates":[[[9.19643,45.44053],[9.19857,45.44163],[9.20092,45.44097],[9.20112,45.43919],[9.19898,45.43809],[9.19664,45.43876],[9.19643,45.44053]]]},"properties":{"cdi":0.112,"o_score_pt":1488.3,"o_score_car":1864.6,"population":1455}},{"type":"Feature","id":993,"geometry":{"type":"Polygon","coordinates":[[[9.20606,45.44119],[9.20763,45.442],[9.20928,45.44153],[9.20943,45.44028],[9.20786,45.43947],[9.2062,45.43994],[9.20606,45.44119]]]},"properties":{"cdi":0.058,"o_score_pt":1527.7,"o_score_car":1715.8,"population":230}},{"type":"Feature","id":994,"geometry":{"type":"Polygon","coordinates":[[[9.20738,45.44426],[9.20948,45.44535],[9.21178,45.44469],[9.21198,45.44295],[9.20988,45.44187],[9.20758,45.44253],[9.20738,45.44426]]]},"properties":{"cdi":0.028,"o_score_pt":1711.3,"o_score_car":1808.8,"population":1216}},{"type":"Feature","id":995,"geometry":{"type":"Polygon","coordinates":[[[9.18372,45.43387],[9.18575,45.43492],[9.18797,45.43428],[9.18816,45.43261],[9.18613,45.43155],[9.18391,45.43219],[9.18372,45.43387]]]},"properties":{"cdi":0.131,"o_score_pt":1371.3,"o_score_car":1785.6,"population":994}},{"type":"Feature","id":996,"geometry":{"type":"Polygon","coordinates":[[[9.16599,45.46976],[9.16802,45.4708],[9.17022,45.47017],[9.17041,45.46851],[9.16839,45.46746],[9.16618,45.46809],[9.16599,45.46976]]]},"properties":{"cdi":-0.028,"o_score_pt":2193.7,"o_score_car":2076.2,"population":952}},{"type":"Feature","id":997,"geometry":{"type":"Polygon","coordinates":[[[9.15691,45.46892],[9.15903,45.47001],[9.16135,45.46935],[9.16155,45.4676],[9.15943,45.4665],[9.15712,45.46716],[9.15691,45.46892]]]},"properties":{"cdi":-0.038,"o_score_pt":2237.5,"o_score_car":2071.9,"population":1287}},{"type":"Feature","id":998,"geometry":{"type":"Polygon","coordinates":[[[9.17551,45.46534],[9.17759,45.46641],[9.17985,45.46576],[9.18005,45.46405],[9.17798,45.46298],[9.17571,45.46362],[9.17551,45.46534]]]},"properties":{"cdi":-0.032,"o_score_pt":2166.9,"o_score_car":2033.3,"population":1120}},{"type":"Feature","id":999,"geometry":{"type":"Polygon","coordinates":[[[9.15302,45.46317],[9.15516,45.46428],[9.1575,45.46361],[9.15771,45.46184],[9.15557,45.46073],[9.15322,45.4614],[9.15302,45.46317]]]},"properties":{"cdi":0.052,"o_score_pt":1834.7,"o_score_car":2035.1,"population":1394}},{"type":"Feature","id":1000,"geometry":{"type":"Polygon","coordinates":[[[9.15497,45.46604],[9.1571,45.46714],[9.15943,45.46648],[9.15963,45.46472],[9.1575,45.46362],[9.15517,45.46428],[9.15497,45.46604]]]},"properties":{"cdi":0.026,"o_score_pt":1963.2,"o_score_car":2068.4,"population":1322}},{"type":"Feature","id":1001,"geometry":{"type":"Polygon","coordinates":[[[9.1626,45.45873],[9.16474,45.45984],[9.16708,45.45917],[9.16729,45.4574],[9.16515,45.45629],[9.1628,45.45696],[9.1626,45.45873]]]},"properties":{"cdi":0.018,"o_score_pt":1917.9,"o_score_car":1989.9,"population":1451}},{"type":"Feature","id":1002,"geometry":{"type":"Polygon","coordinates":[[[9.15791,45.47883],[9.1581,45.47894],[9.1581,45.47894],[9.15791,45.47883],[9.15791,45.47883]]]},"properties":{"cdi":-0.006,"o_score_pt":1979.4,"o_score_car":1954.3,"population":0}},{"type":"Feature","id":1003,"geometry":{"type":"Polygon","coordinates":[[[9.17544,45.4756],[9.17652,45.47615],[9.17758,45.47585],[9.17768,45.47505],[9.17659,45.47449],[9.17553,45.47479],[9.17544,45.4756]]]},"properties":{"cdi":0.034,"o_score_pt":2001.9,"o_score_car":2143.2,"population":49}},{"type":"Feature","id":1004,"geometry":{"type":"Polygon","coordinates":[[[9.16551,45.47503],[9.16742,45.47602],[9.16949,45.47543],[9.16967,45.47386],[9.16776,45.47288],[9.16569,45.47346],[9.16551,45.47503]]]},"properties":{"cdi":0.054,"o_score_pt":1848.7,"o_score_car":2061.3,"population":674}},{"type":"Feature","id":1005,"geometry":{"type":"Polygon","coordinates":[[[9.15241,45.46848],[9.15455,45.46959],[9.15688,45.46892],[9.15709,45.46715],[9.15495,45.46605],[9.15262,45.46672],[9.15241,45.46848]]]},"properties":{"cdi":-0.031,"o_score_pt":2148.1,"o_score_car":2018,"population":1351}},{"type":"Feature","id":1006,"geometry":{"type":"Polygon","coordinates":[[[9.19118,45.46943],[9.19302,45.47038],[9.19499,45.46982],[9.19516,45.46832],[9.19333,45.46738],[9.19135,45.46794],[9.19118,45.46943]]]},"properties":{"cdi":-0.089,"o_score_pt":2343.2,"o_score_car":1960.2,"population":525}},{"type":"Feature","id":1007,"geometry":{"type":"Polygon","coordinates":[[[9.20202,45.4732],[9.20391,45.47418],[9.20596,45.4736],[9.20614,45.47205],[9.20424,45.47107],[9.2022,45.47165],[9.20202,45.4732]]]},"properties":{"cdi":-0.035,"o_score_pt":2223.6,"o_score_car":2075.1,"population":638}},{"type":"Feature","id":1008,"geometry":{"type":"Polygon","coordinates":[[[9.18985,45.46636],[9.19116,45.46704],[9.1925,45.46666],[9.19262,45.46564],[9.19131,45.46497],[9.18997,45.46535],[9.18985,45.46636]]]},"properties":{"cdi":-0.093,"o_score_pt":2343.1,"o_score_car":1944.4,"population":101}},{"type":"Feature","id":1009,"geometry":{"type":"Polygon","coordinates":[[[9.18026,45.46569],[9.18211,45.46664],[9.1841,45.46608],[9.18428,45.46457],[9.18243,45.46361],[9.18043,45.46418],[9.18026,45.46569]]]},"properties":{"cdi":-0.074,"o_score_pt":2234.2,"o_score_car":1926.8,"population":555}},{"type":"Feature","id":1010,"geometry":{"type":"Polygon","coordinates":[[[9.19875,45.46214],[9.20065,45.46312],[9.20271,45.46253],[9.20288,45.46098],[9.20098,45.46],[9.19893,45.46059],[9.19875,45.46214]]]},"properties":{"cdi":-0.004,"o_score_pt":1960.7,"o_score_car":1946.9,"population":649}},{"type":"Feature","id":1011,"geometry":{"type":"Polygon","coordinates":[[[9.18982,45.4801],[9.19177,45.48111],[9.19389,45.48051],[9.19407,45.47891],[9.19212,45.4779],[9.19001,45.47851],[9.18982,45.4801]]]},"properties":{"cdi":0,"o_score_pt":2146.3,"o_score_car":2146.5,"population":757}},{"type":"Feature","id":1012,"geometry":{"type":"Polygon","coordinates":[[[9.19204,45.48289],[9.19375,45.48377],[9.19557,45.48325],[9.19573,45.48188],[9.19402,45.481],[9.1922,45.48151],[9.19204,45.48289]]]},"properties":{"cdi":-0.042,"o_score_pt":2235,"o_score_car":2054,"population":352}},{"type":"Feature","id":1013,"geometry":{"type":"Polygon","coordinates":[[[9.19962,45.47559],[9.20139,45.47651],[9.20328,45.47597],[9.20344,45.47454],[9.20168,45.47363],[9.19978,45.47416],[9.19962,45.47559]]]},"properties":{"cdi":-0.033,"o_score_pt":2178.4,"o_score_car":2040.8,"population":424}},{"type":"Feature","id":1014,"geometry":{"type":"Polygon","coordinates":[[[9.17904,45.47632],[9.18088,45.47727],[9.18287,45.4767],[9.18305,45.4752],[9.1812,45.47425],[9.17921,45.47481],[9.17904,45.47632]]]},"properties":{"cdi":-0.028,"o_score_pt":2240,"o_score_car":2117.3,"population":548}},{"type":"Feature","id":1015,"geometry":{"type":"Polygon","coordinates":[[[9.15099,45.4466],[9.1526,45.44743],[9.15431,45.44694],[9.15446,45.44565],[9.15284,45.44482],[9.15114,45.4453],[9.15099,45.4466]]]},"properties":{"cdi":0.011,"o_score_pt":1719.9,"o_score_car":1759.6,"population":265}},{"type":"Feature","id":1016,"geometry":{"type":"Polygon","coordinates":[[[9.15934,45.44767],[9.16148,45.44877],[9.16383,45.4481],[9.16403,45.44633],[9.16189,45.44523],[9.15955,45.44589],[9.15934,45.44767]]]},"properties":{"cdi":0.026,"o_score_pt":1772.1,"o_score_car":1865.9,"population":1892}},{"type":"Feature","id":1017,"geometry":{"type":"Polygon","coordinates":[[[9.16152,45.45047],[9.16345,45.45146],[9.16554,45.45087],[9.16573,45.44928],[9.16379,45.44829],[9.1617,45.44888],[9.16152,45.45047]]]},"properties":{"cdi":0.017,"o_score_pt":1781.1,"o_score_car":1842.7,"population":718}},{"type":"Feature","id":1018,"geometry":{"type":"Polygon","coordinates":[[[9.13756,45.44015],[9.13969,45.44125],[9.14201,45.44059],[9.14222,45.43883],[9.14009,45.43773],[9.13777,45.4384],[9.13756,45.44015]]]},"properties":{"cdi":0.179,"o_score_pt":1145.2,"o_score_car":1645.9,"population":1312}},{"type":"Feature","id":1019,"geometry":{"type":"Polygon","coordinates":[[[9.14872,45.44382],[9.15062,45.44481],[9.15268,45.44422],[9.15285,45.44267],[9.15096,45.44169],[9.1489,45.44227],[9.14872,45.44382]]]},"properties":{"cdi":0.102,"o_score_pt":1488.9,"o_score_car":1828.1,"population":648}},{"type":"Feature","id":1020,"geometry":{"type":"Polygon","coordinates":[[[9.14915,45.45742],[9.15129,45.45852],[9.15363,45.45786],[9.15384,45.45609],[9.1517,45.45498],[9.14936,45.45565],[9.14915,45.45742]]]},"properties":{"cdi":0.084,"o_score_pt":1662.2,"o_score_car":1965.8,"population":1758}},{"type":"Feature","id":1021,"geometry":{"type":"Polygon","coordinates":[[[9.14024,45.45653],[9.14233,45.45761],[9.14462,45.45696],[9.14482,45.45523],[9.14273,45.45415],[9.14044,45.4548],[9.14024,45.45653]]]},"properties":{"cdi":0.104,"o_score_pt":1517.3,"o_score_car":1869,"population":1184}},{"type":"Feature","id":1022,"geometry":{"type":"Polygon","coordinates":[[[9.15896,45.45291],[9.1609,45.45391],[9.16301,45.45331],[9.16319,45.45172],[9.16125,45.45072],[9.15914,45.45132],[9.15896,45.45291]]]},"properties":{"cdi":0.063,"o_score_pt":1719.4,"o_score_car":1950.3,"population":743}},{"type":"Feature","id":1023,"geometry":{"type":"Polygon","coordinates":[[[9.13632,45.45079],[9.13846,45.4519],[9.1408,45.45123],[9.14101,45.44946],[9.13887,45.44835],[9.13652,45.44902],[9.13632,45.45079]]]},"properties":{"cdi":0.134,"o_score_pt":1430.3,"o_score_car":1874.5,"population":3443}},{"type":"Feature","id":1024,"geometry":{"type":"Polygon","coordinates":[[[9.13825,45.45367],[9.14039,45.45477],[9.14273,45.4541],[9.14294,45.45233],[9.1408,45.45123],[9.13846,45.4519],[9.13825,45.45367]]]},"properties":{"cdi":0.095,"o_score_pt":1553.4,"o_score_car":1879,"population":2290}},{"type":"Feature","id":1025,"geometry":{"type":"Polygon","coordinates":[[[9.20281,45.52949],[9.20429,45.53026],[9.20584,45.52982],[9.20598,45.52864],[9.20449,45.52788],[9.20294,45.52832],[9.20281,45.52949]]]},"properties":{"cdi":0.217,"o_score_pt":1022.5,"o_score_car":1589.6,"population":174}},{"type":"Feature","id":1026,"geometry":{"type":"Polygon","coordinates":[[[9.21288,45.5249],[9.21395,45.52545],[9.21499,45.52515],[9.21508,45.52436],[9.21401,45.52381],[9.21297,45.52411],[9.21288,45.5249]]]},"properties":{"cdi":0.022,"o_score_pt":1576.2,"o_score_car":1645.7,"population":46}},{"type":"Feature","id":1027,"geometry":{"type":"Polygon","coordinates":[[[9.19215,45.52566],[9.19341,45.52631],[9.19469,45.52595],[9.1948,45.52498],[9.19354,45.52433],[9.19226,45.52469],[9.19215,45.52566]]]},"properties":{"cdi":0.146,"o_score_pt":1264.2,"o_score_car":1696,"population":86}},{"type":"Feature","id":1028,"geometry":{"type":"Polygon","coordinates":[[[9.21194,45.5217],[9.21214,45.52181],[9.21214,45.52181],[9.21194,45.5217],[9.21194,45.5217]]]},"properties":{"cdi":-0.001,"o_score_pt":1730.6,"o_score_car":1727.5,"population":0}},{"type":"Feature","id":1029,"geometry":{"type":"Polygon","coordinates":[[[9.20195,45.52116],[9.20303,45.52171],[9.20409,45.52141],[9.20418,45.52061],[9.2031,45.52005],[9.20204,45.52035],[9.20195,45.52116]]]},"properties":{"cdi":0.086,"o_score_pt":1472.7,"o_score_car":1750.1,"population":48}},{"type":"Feature","id":1030,"geometry":{"type":"Polygon","coordinates":[[[9.18866,45.5284],[9.19073,45.52947],[9.193,45.52883],[9.1932,45.52711],[9.19112,45.52604],[9.18885,45.52669],[9.18866,45.5284]]]},"properties":{"cdi":0.149,"o_score_pt":1227.3,"o_score_car":1658.4,"population":1122}},{"type":"Feature","id":1031,"geometry":{"type":"Polygon","coordinates":[[[9.10813,45.51694],[9.10833,45.51704],[9.10833,45.51704],[9.10813,45.51694],[9.10813,45.51694]]]},"properties":{"cdi":0.992,"o_score_pt":3.8,"o_score_car":950.8,"population":0}},{"type":"Feature","id":1032,"geometry":{"type":"Polygon","coordinates":[[[9.1171,45.52131],[9.11897,45.52228],[9.121,45.52171],[9.12118,45.52018],[9.1193,45.51921],[9.11727,45.51978],[9.1171,45.52131]]]},"properties":{"cdi":0.301,"o_score_pt":821.9,"o_score_car":1528.2,"population":602}},{"type":"Feature","id":1033,"geometry":{"type":"Polygon","coordinates":[[[9.10603,45.51412],[9.10638,45.5143],[9.10655,45.51425],[9.10657,45.51411],[9.10622,45.51393],[9.10605,45.51398],[9.10603,45.51412]]]},"properties":{"cdi":0.202,"o_score_pt":947.2,"o_score_car":1427.9,"population":4}},{"type":"Feature","id":1034,"geometry":{"type":"Polygon","coordinates":[[[9.09694,45.51328],[9.09739,45.51351],[9.0977,45.51342],[9.09772,45.51319],[9.09727,45.51296],[9.09696,45.51304],[9.09694,45.51328]]]},"properties":{"cdi":0.236,"o_score_pt":965.1,"o_score_car":1560.2,"population":6}},{"type":"Feature","id":1035,"geometry":{"type":"Polygon","coordinates":[[[9.1154,45.50976],[9.11594,45.51003],[9.11634,45.50992],[9.11637,45.50961],[9.11584,45.50933],[9.11544,45.50945],[9.1154,45.50976]]]},"properties":{"cdi":0.284,"o_score_pt":918.1,"o_score_car":1648.2,"population":8}},{"type":"Feature","id":1036,"geometry":{"type":"Polygon","coordinates":[[[9.0677,45.49416],[9.0679,45.49427],[9.0679,45.49427],[9.0677,45.49416],[9.0677,45.49416]]]},"properties":{"cdi":0.26,"o_score_pt":845,"o_score_car":1437.2,"population":0}},{"type":"Feature","id":1037,"geometry":{"type":"Polygon","coordinates":[[[9.07483,45.49563],[9.07662,45.49656],[9.07854,45.49601],[9.07871,45.49456],[9.07692,45.49364],[9.075,45.49418],[9.07483,45.49563]]]},"properties":{"cdi":0.183,"o_score_pt":1032.5,"o_score_car":1495.6,"population":456}},{"type":"Feature","id":1038,"geometry":{"type":"Polygon","coordinates":[[[9.06577,45.49129],[9.06597,45.49139],[9.06597,45.49139],[9.06577,45.49129],[9.06577,45.49129]]]},"properties":{"cdi":0.996,"o_score_pt":2.8,"o_score_car":1453.1,"population":1}},{"type":"Feature","id":1039,"geometry":{"type":"Polygon","coordinates":[[[9.06646,45.50478],[9.06666,45.50489],[9.06666,45.50489],[9.06646,45.50478],[9.06646,45.50478]]]},"properties":{"cdi":0.838,"o_score_pt":110.8,"o_score_car":1260.3,"population":1}},{"type":"Feature","id":1040,"geometry":{"type":"Polygon","coordinates":[[[9.0575,45.5039],[9.0577,45.504],[9.0577,45.504],[9.0575,45.5039],[9.0575,45.5039]]]},"properties":{"cdi":1,"o_score_pt":0,"o_score_car":1353.7,"population":0}},{"type":"Feature","id":1041,"geometry":{"type":"Polygon","coordinates":[[[9.05557,45.50102],[9.05576,45.50113],[9.05576,45.50113],[9.05557,45.50102],[9.05557,45.50102]]]},"properties":{"cdi":1,"o_score_pt":0,"o_score_car":812.1,"population":0}},{"type":"Feature","id":1042,"geometry":{"type":"Polygon","coordinates":[[[9.09208,45.50273],[9.09392,45.50368],[9.09591,45.50312],[9.09609,45.50161],[9.09424,45.50066],[9.09225,45.50122],[9.09208,45.50273]]]},"properties":{"cdi":0.101,"o_score_pt":1319.6,"o_score_car":1616.8,"population":550}},{"type":"Feature","id":1043,"geometry":{"type":"Polygon","coordinates":[[[9.1104,45.49925],[9.11244,45.50031],[9.11468,45.49968],[9.11487,45.49799],[9.11283,45.49693],[9.11059,45.49757],[9.1104,45.49925]]]},"properties":{"cdi":0.042,"o_score_pt":1458.6,"o_score_car":1587.5,"population":1025}},{"type":"Feature","id":1044,"geometry":{"type":"Polygon","coordinates":[[[9.10132,45.49841],[9.10346,45.49951],[9.10581,45.49885],[9.10601,45.49708],[9.10387,45.49597],[9.10153,45.49664],[9.10132,45.49841]]]},"properties":{"cdi":0.067,"o_score_pt":1363,"o_score_car":1558.7,"population":1858}},{"type":"Feature","id":1045,"geometry":{"type":"Polygon","coordinates":[[[9.09074,45.49106],[9.09093,45.49116],[9.09093,45.49116],[9.09074,45.49106],[9.09074,45.49106]]]},"properties":{"cdi":0.31,"o_score_pt":809.1,"o_score_car":1535.6,"population":0}},{"type":"Feature","id":1046,"geometry":{"type":"Polygon","coordinates":[[[9.0977,45.49258],[9.09963,45.49357],[9.10172,45.49298],[9.1019,45.4914],[9.09997,45.4904],[9.09788,45.491],[9.0977,45.49258]]]},"properties":{"cdi":0.161,"o_score_pt":1169,"o_score_car":1618.6,"population":712}},{"type":"Feature","id":1047,"geometry":{"type":"Polygon","coordinates":[[[9.09954,45.49548],[9.10155,45.49652],[9.10374,45.4959],[9.10393,45.49425],[9.10192,45.49321],[9.09973,45.49383],[9.09954,45.49548]]]},"properties":{"cdi":0.113,"o_score_pt":1276.1,"o_score_car":1601.1,"population":919}},{"type":"Feature","id":1048,"geometry":{"type":"Polygon","coordinates":[[[9.08978,45.50508],[9.09141,45.50592],[9.09313,45.50543],[9.09328,45.50413],[9.09165,45.50329],[9.08994,45.50378],[9.08978,45.50508]]]},"properties":{"cdi":0.196,"o_score_pt":1083.7,"o_score_car":1611.8,"population":271}},{"type":"Feature","id":1049,"geometry":{"type":"Polygon","coordinates":[[[9.10225,45.50834],[9.10252,45.50848],[9.10261,45.50846],[9.10262,45.50839],[9.10234,45.50824],[9.10225,45.50827],[9.10225,45.50834]]]},"properties":{"cdi":0.166,"o_score_pt":1183,"o_score_car":1654.3,"population":3}},{"type":"Feature","id":1050,"geometry":{"type":"Polygon","coordinates":[[[9.09247,45.52655],[9.09351,45.52708],[9.09453,45.5268],[9.09462,45.52603],[9.09357,45.52549],[9.09256,45.52578],[9.09247,45.52655]]]},"properties":{"cdi":0.994,"o_score_pt":3.9,"o_score_car":1362.5,"population":43}},{"type":"Feature","id":1051,"geometry":{"type":"Polygon","coordinates":[[[9.05598,45.43928],[9.05618,45.43938],[9.05618,45.43938],[9.05598,45.43928],[9.05598,45.43928]]]},"properties":{"cdi":0.999,"o_score_pt":0.6,"o_score_car":1107.5,"population":0}},{"type":"Feature","id":1052,"geometry":{"type":"Polygon","coordinates":[[[9.05791,45.44215],[9.05811,45.44226],[9.05811,45.44226],[9.05791,45.44215],[9.05791,45.44215]]]},"properties":{"cdi":0.999,"o_score_pt":0.6,"o_score_car":1113,"population":0}},{"type":"Feature","id":1053,"geometry":{"type":"Polygon","coordinates":[[[9.06556,45.43485],[9.06576,45.43495],[9.06576,45.43495],[9.06556,45.43485],[9.06556,45.43485]]]},"properties":{"cdi":0.998,"o_score_pt":1.1,"o_score_car":1214.1,"population":0}},{"type":"Feature","id":1054,"geometry":{"type":"Polygon","coordinates":[[[9.05536,45.44459],[9.05556,45.44469],[9.05556,45.44469],[9.05536,45.44459],[9.05536,45.44459]]]},"properties":{"cdi":1,"o_score_pt":0,"o_score_car":1142.5,"population":0}},{"type":"Feature","id":1055,"geometry":{"type":"Polygon","coordinates":[[[9.06432,45.44547],[9.06452,45.44557],[9.06452,45.44557],[9.06432,45.44547],[9.06432,45.44547]]]},"properties":{"cdi":0.426,"o_score_pt":478.7,"o_score_car":1188.5,"population":0}},{"type":"Feature","id":1056,"geometry":{"type":"Polygon","coordinates":[[[9.06523,45.44868],[9.06631,45.44924],[9.06737,45.44893],[9.06747,45.44813],[9.06639,45.44757],[9.06532,45.44787],[9.06523,45.44868]]]},"properties":{"cdi":0.323,"o_score_pt":660.9,"o_score_car":1292.7,"population":49}},{"type":"Feature","id":1057,"geometry":{"type":"Polygon","coordinates":[[[9.16812,45.41089],[9.17026,45.41199],[9.1726,45.41133],[9.1728,45.40955],[9.17067,45.40845],[9.16832,45.40912],[9.16812,45.41089]]]},"properties":{"cdi":0.136,"o_score_pt":1075.6,"o_score_car":1413,"population":1557}},{"type":"Feature","id":1058,"geometry":{"type":"Polygon","coordinates":[[[9.1614,45.4093],[9.1616,45.4094],[9.1616,45.4094],[9.1614,45.4093],[9.1614,45.4093]]]},"properties":{"cdi":0.323,"o_score_pt":758,"o_score_car":1480.3,"population":2}},{"type":"Feature","id":1059,"geometry":{"type":"Polygon","coordinates":[[[9.15644,45.40389],[9.15759,45.40448],[9.15872,45.40416],[9.15882,45.40329],[9.15768,45.4027],[9.15654,45.40303],[9.15644,45.40389]]]},"properties":{"cdi":0.999,"o_score_pt":0.9,"o_score_car":1414.7,"population":60}},{"type":"Feature","id":1060,"geometry":{"type":"Polygon","coordinates":[[[9.15839,45.40676],[9.15952,45.40735],[9.16065,45.40703],[9.16075,45.40617],[9.15961,45.40559],[9.15849,45.40591],[9.15839,45.40676]]]},"properties":{"cdi":0.355,"o_score_pt":685.2,"o_score_car":1439.7,"population":58}},{"type":"Feature","id":1061,"geometry":{"type":"Polygon","coordinates":[[[9.14889,45.4163],[9.14943,45.41658],[9.14983,45.41646],[9.14986,45.41616],[9.14933,45.41588],[9.14893,45.41599],[9.14889,45.4163]]]},"properties":{"cdi":0.998,"o_score_pt":0.9,"o_score_car":1167.1,"population":8}},{"type":"Feature","id":1062,"geometry":{"type":"Polygon","coordinates":[[[9.15906,45.42029],[9.16022,45.42088],[9.16138,45.42056],[9.16148,45.41968],[9.16032,45.41908],[9.15916,45.41941],[9.15906,45.42029]]]},"properties":{"cdi":0.174,"o_score_pt":1094.7,"o_score_car":1554.8,"population":63}},{"type":"Feature","id":1063,"geometry":{"type":"Polygon","coordinates":[[[9.13819,45.42622],[9.13917,45.42673],[9.1401,45.42646],[9.14018,45.42575],[9.13921,45.42524],[9.13827,45.42551],[9.13819,45.42622]]]},"properties":{"cdi":0.329,"o_score_pt":712.7,"o_score_car":1411.2,"population":35}},{"type":"Feature","id":1064,"geometry":{"type":"Polygon","coordinates":[[[9.14805,45.42681],[9.14825,45.42691],[9.14825,45.42691],[9.14805,45.42681],[9.14805,45.42681]]]},"properties":{"cdi":0.151,"o_score_pt":1162.7,"o_score_car":1575.1,"population":0}},{"type":"Feature","id":1065,"geometry":{"type":"Polygon","coordinates":[[[9.14777,45.43039],[9.14988,45.43149],[9.15219,45.43083],[9.15239,45.42908],[9.15028,45.42799],[9.14798,45.42865],[9.14777,45.43039]]]},"properties":{"cdi":0.11,"o_score_pt":1267,"o_score_car":1580.1,"population":1255}},{"type":"Feature","id":1066,"geometry":{"type":"Polygon","coordinates":[[[9.13686,45.42315],[9.13732,45.42339],[9.13762,45.4233],[9.13765,45.42307],[9.13719,45.42283],[9.13689,45.42292],[9.13686,45.42315]]]},"properties":{"cdi":1,"o_score_pt":0.1,"o_score_car":1346,"population":6}},{"type":"Feature","id":1067,"geometry":{"type":"Polygon","coordinates":[[[9.13658,45.43697],[9.13789,45.43765],[9.13922,45.43727],[9.13933,45.43626],[9.13803,45.43559],[9.1367,45.43597],[9.13658,45.43697]]]},"properties":{"cdi":0.176,"o_score_pt":1124.5,"o_score_car":1603.3,"population":99}},{"type":"Feature","id":1068,"geometry":{"type":"Polygon","coordinates":[[[9.12837,45.43586],[9.12903,45.43619],[9.12957,45.43604],[9.12962,45.43562],[9.12896,45.43529],[9.12842,45.43544],[9.12837,45.43586]]]},"properties":{"cdi":0.185,"o_score_pt":1029.5,"o_score_car":1496.8,"population":12}},{"type":"Feature","id":1069,"geometry":{"type":"Polygon","coordinates":[[[9.14541,45.43278],[9.14736,45.43379],[9.14948,45.43318],[9.14966,45.43158],[9.14771,45.43057],[9.14559,45.43117],[9.14541,45.43278]]]},"properties":{"cdi":0.131,"o_score_pt":1216.7,"o_score_car":1582.9,"population":768}},{"type":"Feature","id":1070,"geometry":{"type":"Polygon","coordinates":[[[9.12586,45.43317],[9.12701,45.43376],[9.12817,45.43343],[9.12827,45.43256],[9.12711,45.43196],[9.12596,45.43229],[9.12586,45.43317]]]},"properties":{"cdi":0.29,"o_score_pt":883.1,"o_score_car":1604.6,"population":62}},{"type":"Feature","id":1071,"geometry":{"type":"Polygon","coordinates":[[[9.25814,45.44347],[9.25954,45.44418],[9.26097,45.44377],[9.2611,45.44268],[9.25971,45.44196],[9.25827,45.44238],[9.25814,45.44347]]]},"properties":{"cdi":0.231,"o_score_pt":1018.5,"o_score_car":1630.1,"population":131}},{"type":"Feature","id":1072,"geometry":{"type":"Polygon","coordinates":[[[9.25625,45.43195],[9.25645,45.43206],[9.25645,45.43206],[9.25625,45.43195],[9.25625,45.43195]]]},"properties":{"cdi":-0.051,"o_score_pt":1507.7,"o_score_car":1361.7,"population":0}},{"type":"Feature","id":1073,"geometry":{"type":"Polygon","coordinates":[[[9.25543,45.44596],[9.25697,45.44676],[9.25858,45.44629],[9.25872,45.44507],[9.25718,45.44428],[9.25557,45.44474],[9.25543,45.44596]]]},"properties":{"cdi":0.127,"o_score_pt":1145.3,"o_score_car":1477.9,"population":209}},{"type":"Feature","id":1074,"geometry":{"type":"Polygon","coordinates":[[[9.25504,45.44259],[9.25523,45.44269],[9.25523,45.44269],[9.25504,45.44259],[9.25504,45.44259]]]},"properties":{"cdi":0.168,"o_score_pt":1082.6,"o_score_car":1521.3,"population":2}},{"type":"Feature","id":1075,"geometry":{"type":"Polygon","coordinates":[[[9.24432,45.44228],[9.24603,45.44316],[9.24785,45.44264],[9.24801,45.44126],[9.2463,45.44038],[9.24448,45.4409],[9.24432,45.44228]]]},"properties":{"cdi":0.134,"o_score_pt":1143.4,"o_score_car":1498,"population":357}},{"type":"Feature","id":1076,"geometry":{"type":"Polygon","coordinates":[[[9.04351,45.44625],[9.04401,45.44651],[9.04436,45.44641],[9.04439,45.44613],[9.04389,45.44588],[9.04354,45.44598],[9.04351,45.44625]]]},"properties":{"cdi":0.999,"o_score_pt":0.6,"o_score_car":1287.4,"population":7}},{"type":"Feature","id":1077,"geometry":{"type":"Polygon","coordinates":[[[9.23855,45.41477],[9.24012,45.41558],[9.24178,45.41511],[9.24193,45.41385],[9.24035,45.41304],[9.23869,45.41352],[9.23855,45.41477]]]},"properties":{"cdi":0.231,"o_score_pt":877.8,"o_score_car":1406.5,"population":233}},{"type":"Feature","id":1078,"geometry":{"type":"Polygon","coordinates":[[[9.24031,45.41771],[9.24204,45.4186],[9.24388,45.41807],[9.24404,45.41667],[9.24231,45.41578],[9.24047,45.41631],[9.24031,45.41771]]]},"properties":{"cdi":0.194,"o_score_pt":958.4,"o_score_car":1421,"population":378}},{"type":"Feature","id":1079,"geometry":{"type":"Polygon","coordinates":[[[9.24076,45.43131],[9.24272,45.43232],[9.24485,45.43171],[9.24504,45.4301],[9.24307,45.42909],[9.24094,45.42969],[9.24076,45.43131]]]},"properties":{"cdi":0.131,"o_score_pt":1288.9,"o_score_car":1676,"population":793}},{"type":"Feature","id":1080,"geometry":{"type":"Polygon","coordinates":[[[9.25028,45.42687],[9.25229,45.42791],[9.25447,45.42728],[9.25466,45.42563],[9.25266,45.4246],[9.25047,45.42522],[9.25028,45.42687]]]},"properties":{"cdi":0.1,"o_score_pt":1306.1,"o_score_car":1595.7,"population":904}},{"type":"Feature","id":1081,"geometry":{"type":"Polygon","coordinates":[[[9.23829,45.41998],[9.23956,45.42064],[9.24086,45.42027],[9.24097,45.41928],[9.2397,45.41862],[9.2384,45.419],[9.23829,45.41998]]]},"properties":{"cdi":0.236,"o_score_pt":958.5,"o_score_car":1549.3,"population":91}},{"type":"Feature","id":1082,"geometry":{"type":"Polygon","coordinates":[[[9.2447,45.4559],[9.24671,45.45694],[9.24889,45.45631],[9.24908,45.45466],[9.24707,45.45363],[9.24489,45.45425],[9.2447,45.4559]]]},"properties":{"cdi":0.148,"o_score_pt":1326.1,"o_score_car":1786.1,"population":907}},{"type":"Feature","id":1083,"geometry":{"type":"Polygon","coordinates":[[[9.25542,45.45621],[9.25592,45.45646],[9.25627,45.45636],[9.2563,45.45609],[9.2558,45.45583],[9.25545,45.45594],[9.25542,45.45621]]]},"properties":{"cdi":0.242,"o_score_pt":986.3,"o_score_car":1617.2,"population":7}},{"type":"Feature","id":1084,"geometry":{"type":"Polygon","coordinates":[[[9.25663,45.45932],[9.25776,45.4599],[9.25887,45.45958],[9.25897,45.45873],[9.25784,45.45815],[9.25673,45.45847],[9.25663,45.45932]]]},"properties":{"cdi":0.345,"o_score_pt":751.2,"o_score_car":1543.9,"population":56}},{"type":"Feature","id":1085,"geometry":{"type":"Polygon","coordinates":[[[9.23334,45.4488],[9.23406,45.44917],[9.23468,45.44899],[9.23474,45.44852],[9.23402,45.44815],[9.2334,45.44833],[9.23334,45.4488]]]},"properties":{"cdi":0.22,"o_score_pt":1036.6,"o_score_car":1622.2,"population":15}},{"type":"Feature","id":1086,"geometry":{"type":"Polygon","coordinates":[[[9.24358,45.45276],[9.24488,45.45343],[9.24621,45.45305],[9.24632,45.45205],[9.24502,45.45138],[9.24369,45.45176],[9.24358,45.45276]]]},"properties":{"cdi":0.16,"o_score_pt":1189.2,"o_score_car":1641.9,"population":98}},{"type":"Feature","id":1087,"geometry":{"type":"Polygon","coordinates":[[[9.24557,45.46586],[9.24577,45.46596],[9.24577,45.46596],[9.24557,45.46586],[9.24557,45.46586]]]},"properties":{"cdi":0.138,"o_score_pt":1318,"o_score_car":1739.3,"population":0}},{"type":"Feature","id":1088,"geometry":{"type":"Polygon","coordinates":[[[9.23449,45.46567],[9.23651,45.46671],[9.23872,45.46608],[9.23891,45.46442],[9.23688,45.46338],[9.23468,45.464],[9.23449,45.46567]]]},"properties":{"cdi":0.06,"o_score_pt":1699.4,"o_score_car":1915.6,"population":954}},{"type":"Feature","id":1089,"geometry":{"type":"Polygon","coordinates":[[[9.25435,45.46167],[9.25524,45.46214],[9.25608,45.4619],[9.25616,45.46126],[9.25526,45.4608],[9.25442,45.46104],[9.25435,45.46167]]]},"properties":{"cdi":0.234,"o_score_pt":888.2,"o_score_car":1430,"population":27}},{"type":"Feature","id":1090,"geometry":{"type":"Polygon","coordinates":[[[9.23127,45.45971],[9.23273,45.46046],[9.23424,45.46003],[9.23438,45.45888],[9.23292,45.45813],[9.2314,45.45856],[9.23127,45.45971]]]},"properties":{"cdi":0.112,"o_score_pt":1365.5,"o_score_car":1708.9,"population":161}},{"type":"Feature","id":1091,"geometry":{"type":"Polygon","coordinates":[[[9.23242,45.46284],[9.23456,45.46394],[9.2369,45.46327],[9.23711,45.4615],[9.23496,45.4604],[9.23262,45.46107],[9.23242,45.46284]]]},"properties":{"cdi":0.052,"o_score_pt":1752.6,"o_score_car":1943.8,"population":1675}},{"type":"Feature","id":1092,"geometry":{"type":"Polygon","coordinates":[[[9.27055,45.46559],[9.27075,45.46569],[9.27075,45.46569],[9.27055,45.46559],[9.27055,45.46559]]]},"properties":{"cdi":0.993,"o_score_pt":4.7,"o_score_car":1308.9,"population":0}},{"type":"Feature","id":1093,"geometry":{"type":"Polygon","coordinates":[[[9.26823,45.46284],[9.26876,45.46312],[9.26916,45.463],[9.2692,45.46269],[9.26866,45.46242],[9.26826,45.46253],[9.26823,45.46284]]]},"properties":{"cdi":0.418,"o_score_pt":656.4,"o_score_car":1598.5,"population":8}},{"type":"Feature","id":1094,"geometry":{"type":"Polygon","coordinates":[[[9.25894,45.46207],[9.25975,45.46249],[9.26047,45.46228],[9.26054,45.46173],[9.25973,45.46131],[9.259,45.46152],[9.25894,45.46207]]]},"properties":{"cdi":0.245,"o_score_pt":888.4,"o_score_car":1464.6,"population":20}},{"type":"Feature","id":1095,"geometry":{"type":"Polygon","coordinates":[[[9.22889,45.43811],[9.23063,45.43901],[9.2325,45.43848],[9.23266,45.43707],[9.23091,45.43617],[9.22905,45.4367],[9.22889,45.43811]]]},"properties":{"cdi":-0.041,"o_score_pt":1843.8,"o_score_car":1699,"population":396}},{"type":"Feature","id":1096,"geometry":{"type":"Polygon","coordinates":[[[9.23134,45.44083],[9.23264,45.4415],[9.23397,45.44112],[9.23408,45.44011],[9.23278,45.43944],[9.23146,45.43982],[9.23134,45.44083]]]},"properties":{"cdi":0.074,"o_score_pt":1502.4,"o_score_car":1743,"population":98}},{"type":"Feature","id":1097,"geometry":{"type":"Polygon","coordinates":[[[9.23868,45.4336],[9.24024,45.4344],[9.24188,45.43393],[9.24202,45.43269],[9.24046,45.43189],[9.23882,45.43235],[9.23868,45.4336]]]},"properties":{"cdi":-0.014,"o_score_pt":1628.8,"o_score_car":1584.1,"population":223}},{"type":"Feature","id":1098,"geometry":{"type":"Polygon","coordinates":[[[9.21758,45.4345],[9.21967,45.43558],[9.22196,45.43492],[9.22216,45.4332],[9.22006,45.43212],[9.21778,45.43277],[9.21758,45.4345]]]},"properties":{"cdi":0.103,"o_score_pt":1415,"o_score_car":1739.4,"population":1183}},{"type":"Feature","id":1099,"geometry":{"type":"Polygon","coordinates":[[[9.23769,45.43042],[9.23843,45.4308],[9.23908,45.43061],[9.23913,45.43012],[9.2384,45.42974],[9.23775,45.42992],[9.23769,45.43042]]]},"properties":{"cdi":0.112,"o_score_pt":1302.2,"o_score_car":1631.4,"population":16}},{"type":"Feature","id":1100,"geometry":{"type":"Polygon","coordinates":[[[9.22877,45.42953],[9.22947,45.42989],[9.23007,45.42972],[9.23012,45.42927],[9.22942,45.42891],[9.22882,45.42908],[9.22877,45.42953]]]},"properties":{"cdi":0.272,"o_score_pt":900.6,"o_score_car":1575.1,"population":14}},{"type":"Feature","id":1101,"geometry":{"type":"Polygon","coordinates":[[[9.22825,45.44344],[9.23002,45.44435],[9.23191,45.44381],[9.23208,45.44238],[9.23031,45.44147],[9.22841,45.44201],[9.22825,45.44344]]]},"properties":{"cdi":0.083,"o_score_pt":1488.5,"o_score_car":1759.6,"population":429}},{"type":"Feature","id":1102,"geometry":{"type":"Polygon","coordinates":[[[9.23805,45.44404],[9.2391,45.44458],[9.24013,45.44429],[9.24021,45.44351],[9.23917,45.44297],[9.23814,45.44327],[9.23805,45.44404]]]},"properties":{"cdi":0.16,"o_score_pt":1081.7,"o_score_car":1493.7,"population":44}},{"type":"Feature","id":1103,"geometry":{"type":"Polygon","coordinates":[[[9.23897,45.44725],[9.2409,45.44824],[9.243,45.44765],[9.24318,45.44606],[9.24124,45.44507],[9.23915,45.44566],[9.23897,45.44725]]]},"properties":{"cdi":0.172,"o_score_pt":1146,"o_score_car":1621.6,"population":718}},{"type":"Feature","id":1104,"geometry":{"type":"Polygon","coordinates":[[[9.21498,45.43696],[9.21712,45.43806],[9.21946,45.43739],[9.21967,45.43562],[9.21753,45.43451],[9.21518,45.43518],[9.21498,45.43696]]]},"properties":{"cdi":0.072,"o_score_pt":1511.6,"o_score_car":1744.6,"population":2145}},{"type":"Feature","id":1105,"geometry":{"type":"Polygon","coordinates":[[[9.202,45.39777],[9.20355,45.39857],[9.20519,45.39811],[9.20533,45.39687],[9.20377,45.39607],[9.20214,45.39653],[9.202,45.39777]]]},"properties":{"cdi":0.388,"o_score_pt":620.1,"o_score_car":1404.7,"population":219}},{"type":"Feature","id":1106,"geometry":{"type":"Polygon","coordinates":[[[9.20406,45.40061],[9.2055,45.40135],[9.207,45.40092],[9.20713,45.39979],[9.20569,45.39904],[9.20419,45.39947],[9.20406,45.40061]]]},"properties":{"cdi":0.397,"o_score_pt":620.3,"o_score_car":1437.3,"population":154}},{"type":"Feature","id":1107,"geometry":{"type":"Polygon","coordinates":[[[9.19267,45.39352],[9.19286,45.39362],[9.19286,45.39362],[9.19267,45.39352],[9.19267,45.39352]]]},"properties":{"cdi":1,"o_score_pt":0.1,"o_score_car":961.6,"population":0}},{"type":"Feature","id":1108,"geometry":{"type":"Polygon","coordinates":[[[9.20165,45.40301],[9.20298,45.40369],[9.20434,45.4033],[9.20446,45.40227],[9.20313,45.40159],[9.20177,45.40197],[9.20165,45.40301]]]},"properties":{"cdi":0.44,"o_score_pt":554.1,"o_score_car":1425.7,"population":107}},{"type":"Feature","id":1109,"geometry":{"type":"Polygon","coordinates":[[[9.21192,45.40346],[9.21211,45.40356],[9.21211,45.40356],[9.21192,45.40346],[9.21192,45.40346]]]},"properties":{"cdi":0.318,"o_score_pt":619.5,"o_score_car":1198.4,"population":0}},{"type":"Feature","id":1110,"geometry":{"type":"Polygon","coordinates":[[[9.21385,45.40634],[9.21405,45.40644],[9.21405,45.40644],[9.21385,45.40634],[9.21385,45.40634]]]},"properties":{"cdi":0.376,"o_score_pt":553.1,"o_score_car":1219.4,"population":0}},{"type":"Feature","id":1111,"geometry":{"type":"Polygon","coordinates":[[[9.19012,45.39596],[9.19032,45.39606],[9.19032,45.39606],[9.19012,45.39596],[9.19012,45.39596]]]},"properties":{"cdi":1,"o_score_pt":0.1,"o_score_car":956.1,"population":0}},{"type":"Feature","id":1112,"geometry":{"type":"Polygon","coordinates":[[[9.22924,45.41052],[9.22943,45.41062],[9.22943,45.41062],[9.22924,45.41052],[9.22924,45.41052]]]},"properties":{"cdi":0.166,"o_score_pt":957.7,"o_score_car":1338.4,"population":1}},{"type":"Feature","id":1113,"geometry":{"type":"Polygon","coordinates":[[[9.18248,45.41703],[9.1833,45.41745],[9.18404,45.41724],[9.18411,45.41667],[9.18329,45.41625],[9.18254,45.41646],[9.18248,45.41703]]]},"properties":{"cdi":0.991,"o_score_pt":6,"o_score_car":1374.9,"population":21}},{"type":"Feature","id":1114,"geometry":{"type":"Polygon","coordinates":[[[9.20173,45.41322],[9.20193,45.41333],[9.20193,45.41333],[9.20173,45.41322],[9.20173,45.41322]]]},"properties":{"cdi":0.356,"o_score_pt":753.5,"o_score_car":1586.1,"population":0}},{"type":"Feature","id":1115,"geometry":{"type":"Polygon","coordinates":[[[9.19277,45.41235],[9.19297,45.41245],[9.19297,45.41245],[9.19277,45.41235],[9.19277,45.41235]]]},"properties":{"cdi":0.999,"o_score_pt":0.3,"o_score_car":1101.1,"population":0}},{"type":"Feature","id":1116,"geometry":{"type":"Polygon","coordinates":[[[9.17994,45.40573],[9.18013,45.40583],[9.18013,45.40583],[9.17994,45.40573],[9.17994,45.40573]]]},"properties":{"cdi":0.168,"o_score_pt":989.9,"o_score_car":1390.6,"population":0}},{"type":"Feature","id":1117,"geometry":{"type":"Polygon","coordinates":[[[9.1889,45.4066],[9.1891,45.4067],[9.1891,45.4067],[9.1889,45.4066],[9.1889,45.4066]]]},"properties":{"cdi":0.546,"o_score_pt":357.7,"o_score_car":1217.4,"population":0}},{"type":"Feature","id":1118,"geometry":{"type":"Polygon","coordinates":[[[9.19083,45.40948],[9.19103,45.40958],[9.19103,45.40958],[9.19083,45.40948],[9.19083,45.40948]]]},"properties":{"cdi":0.998,"o_score_pt":1,"o_score_car":1175,"population":0}},{"type":"Feature","id":1119,"geometry":{"type":"Polygon","coordinates":[[[9.17871,45.41986],[9.18058,45.42083],[9.18261,45.42025],[9.18278,45.41872],[9.18091,45.41775],[9.17888,45.41833],[9.17871,45.41986]]]},"properties":{"cdi":0.151,"o_score_pt":1127.7,"o_score_car":1529.7,"population":602}},{"type":"Feature","id":1120,"geometry":{"type":"Polygon","coordinates":[[[9.19155,45.42299],[9.19174,45.42309],[9.19174,45.42309],[9.19155,45.42299],[9.19155,45.42299]]]},"properties":{"cdi":0.999,"o_score_pt":0.6,"o_score_car":1303.4,"population":0}},{"type":"Feature","id":1121,"geometry":{"type":"Polygon","coordinates":[[[9.1765,45.41707],[9.17861,45.41816],[9.18092,45.4175],[9.18112,45.41575],[9.17901,45.41466],[9.1767,45.41532],[9.1765,45.41707]]]},"properties":{"cdi":0.127,"o_score_pt":1160.7,"o_score_car":1497.2,"population":1259}},{"type":"Feature","id":1122,"geometry":{"type":"Polygon","coordinates":[[[9.16759,45.41618],[9.16966,45.41725],[9.17191,45.4166],[9.17211,45.4149],[9.17004,45.41383],[9.16779,45.41447],[9.16759,45.41618]]]},"properties":{"cdi":0.142,"o_score_pt":1118.6,"o_score_car":1489.4,"population":1096}},{"type":"Feature","id":1123,"geometry":{"type":"Polygon","coordinates":[[[9.21712,45.41741],[9.21731,45.41751],[9.21731,45.41751],[9.21712,45.41741],[9.21712,45.41741]]]},"properties":{"cdi":0.538,"o_score_pt":409.2,"o_score_car":1361.1,"population":0}},{"type":"Feature","id":1124,"geometry":{"type":"Polygon","coordinates":[[[9.21905,45.42028],[9.21925,45.42039],[9.21925,45.42039],[9.21905,45.42028],[9.21905,45.42028]]]},"properties":{"cdi":0.999,"o_score_pt":0.7,"o_score_car":1392.6,"population":0}},{"type":"Feature","id":1125,"geometry":{"type":"Polygon","coordinates":[[[9.22669,45.41296],[9.22689,45.41306],[9.22689,45.41306],[9.22669,45.41296],[9.22669,45.41296]]]},"properties":{"cdi":0.167,"o_score_pt":957.7,"o_score_car":1341.3,"population":0}},{"type":"Feature","id":1126,"geometry":{"type":"Polygon","coordinates":[[[9.20622,45.41366],[9.20641,45.41376],[9.20641,45.41376],[9.20622,45.41366],[9.20622,45.41366]]]},"properties":{"cdi":0.332,"o_score_pt":794.6,"o_score_car":1584,"population":2}},{"type":"Feature","id":1127,"geometry":{"type":"Polygon","coordinates":[[[9.22475,45.41008],[9.22495,45.41018],[9.22495,45.41018],[9.22475,45.41008],[9.22475,45.41008]]]},"properties":{"cdi":0.186,"o_score_pt":897.9,"o_score_car":1309.1,"population":0}},{"type":"Feature","id":1128,"geometry":{"type":"Polygon","coordinates":[[[9.21579,45.40921],[9.21599,45.40931],[9.21599,45.40931],[9.21579,45.40921],[9.21579,45.40921]]]},"properties":{"cdi":0.335,"o_score_pt":618.6,"o_score_car":1240.6,"population":0}},{"type":"Feature","id":1129,"geometry":{"type":"Polygon","coordinates":[[[9.21651,45.42273],[9.2167,45.42283],[9.2167,45.42283],[9.21651,45.42273],[9.21651,45.42273]]]},"properties":{"cdi":0.383,"o_score_pt":642.9,"o_score_car":1442.2,"population":0}},{"type":"Feature","id":1130,"geometry":{"type":"Polygon","coordinates":[[[9.22547,45.4236],[9.22567,45.4237],[9.22567,45.4237],[9.22547,45.4236],[9.22547,45.4236]]]},"properties":{"cdi":0.285,"o_score_pt":922.9,"o_score_car":1658.4,"population":1}},{"type":"Feature","id":1131,"geometry":{"type":"Polygon","coordinates":[[[9.22673,45.42669],[9.22752,45.4271],[9.22823,45.42689],[9.22829,45.42635],[9.2275,45.42595],[9.22679,45.42615],[9.22673,45.42669]]]},"properties":{"cdi":0.21,"o_score_pt":1096.1,"o_score_car":1677.3,"population":19}},{"type":"Feature","id":1132,"geometry":{"type":"Polygon","coordinates":[[[9.20367,45.4161],[9.20387,45.4162],[9.20387,45.4162],[9.20367,45.4161],[9.20367,45.4161]]]},"properties":{"cdi":0.319,"o_score_pt":828.4,"o_score_car":1606.2,"population":1}},{"type":"Feature","id":1133,"geometry":{"type":"Polygon","coordinates":[[[9.17668,45.39465],[9.17688,45.39475],[9.17688,45.39475],[9.17668,45.39465],[9.17668,45.39465]]]},"properties":{"cdi":0.364,"o_score_pt":609.9,"o_score_car":1308.8,"population":2}},{"type":"Feature","id":1134,"geometry":{"type":"Polygon","coordinates":[[[9.16493,45.40492],[9.16648,45.40572],[9.16811,45.40525],[9.16825,45.40402],[9.1667,45.40322],[9.16508,45.40368],[9.16493,45.40492]]]},"properties":{"cdi":0.224,"o_score_pt":832.4,"o_score_car":1313.5,"population":216}},{"type":"Feature","id":1135,"geometry":{"type":"Polygon","coordinates":[[[9.18443,45.40104],[9.18515,45.40141],[9.18577,45.40123],[9.18583,45.40075],[9.18511,45.40038],[9.18449,45.40056],[9.18443,45.40104]]]},"properties":{"cdi":0.485,"o_score_pt":412.5,"o_score_car":1189.1,"population":15}},{"type":"Feature","id":1136,"geometry":{"type":"Polygon","coordinates":[[[9.17607,45.39997],[9.17626,45.40007],[9.17626,45.40007],[9.17607,45.39997],[9.17607,45.39997]]]},"properties":{"cdi":0.247,"o_score_pt":834.5,"o_score_car":1381.4,"population":0}},{"type":"Feature","id":1137,"geometry":{"type":"Polygon","coordinates":[[[9.15793,45.50628],[9.15933,45.507],[9.16078,45.50659],[9.16091,45.50549],[9.15951,45.50477],[9.15806,45.50518],[9.15793,45.50628]]]},"properties":{"cdi":0.151,"o_score_pt":1416.3,"o_score_car":1918.9,"population":134}},{"type":"Feature","id":1138,"geometry":{"type":"Polygon","coordinates":[[[9.16007,45.50909],[9.1613,45.50972],[9.16253,45.50937],[9.16264,45.50843],[9.16142,45.5078],[9.16018,45.50815],[9.16007,45.50909]]]},"properties":{"cdi":0.229,"o_score_pt":1168,"o_score_car":1862.1,"population":77}},{"type":"Feature","id":1139,"geometry":{"type":"Polygon","coordinates":[[[9.16666,45.50212],[9.1688,45.50322],[9.17115,45.50255],[9.17135,45.50078],[9.16921,45.49968],[9.16687,45.50034],[9.16666,45.50212]]]},"properties":{"cdi":0.1,"o_score_pt":1580.5,"o_score_car":1932.9,"population":2198}},{"type":"Feature","id":1140,"geometry":{"type":"Polygon","coordinates":[[[9.14634,45.50274],[9.14833,45.50377],[9.1505,45.50316],[9.15068,45.50152],[9.14869,45.5005],[9.14653,45.50111],[9.14634,45.50274]]]},"properties":{"cdi":0.176,"o_score_pt":1276.8,"o_score_car":1821.7,"population":856}},{"type":"Feature","id":1141,"geometry":{"type":"Polygon","coordinates":[[[9.16472,45.49924],[9.16687,45.50034],[9.16921,45.49968],[9.16942,45.49791],[9.16727,45.4968],[9.16493,45.49747],[9.16472,45.49924]]]},"properties":{"cdi":0.081,"o_score_pt":1724.2,"o_score_car":2029.7,"population":1641}},{"type":"Feature","id":1142,"geometry":{"type":"Polygon","coordinates":[[[9.1562,45.49822],[9.15795,45.49913],[9.15983,45.49859],[9.16,45.49717],[9.15824,45.49627],[9.15636,45.4968],[9.1562,45.49822]]]},"properties":{"cdi":0.154,"o_score_pt":1415.5,"o_score_car":1932.2,"population":411}},{"type":"Feature","id":1143,"geometry":{"type":"Polygon","coordinates":[[[9.15726,45.51161],[9.15871,45.51235],[9.16022,45.51193],[9.16035,45.51079],[9.1589,45.51004],[9.15739,45.51047],[9.15726,45.51161]]]},"properties":{"cdi":0.208,"o_score_pt":1111.7,"o_score_car":1693.9,"population":156}},{"type":"Feature","id":1144,"geometry":{"type":"Polygon","coordinates":[[[9.16609,45.51253],[9.16766,45.51334],[9.16932,45.51287],[9.16947,45.51162],[9.16789,45.51081],[9.16624,45.51128],[9.16609,45.51253]]]},"properties":{"cdi":0.031,"o_score_pt":1715.3,"o_score_car":1825.7,"population":230}},{"type":"Feature","id":1145,"geometry":{"type":"Polygon","coordinates":[[[9.16737,45.51561],[9.16951,45.51672],[9.17186,45.51605],[9.17206,45.51428],[9.16992,45.51318],[9.16757,45.51384],[9.16737,45.51561]]]},"properties":{"cdi":0.025,"o_score_pt":1718.6,"o_score_car":1806.5,"population":1760}},{"type":"Feature","id":1146,"geometry":{"type":"Polygon","coordinates":[[[9.14419,45.50505],[9.14584,45.5059],[9.14758,45.50541],[9.14773,45.50409],[9.14609,45.50324],[9.14435,45.50374],[9.14419,45.50505]]]},"properties":{"cdi":0.185,"o_score_pt":1095.6,"o_score_car":1591.4,"population":288}},{"type":"Feature","id":1147,"geometry":{"type":"Polygon","coordinates":[[[9.19297,45.51005],[9.19511,45.51116],[9.19745,45.51049],[9.19766,45.50872],[9.19552,45.50761],[9.19317,45.50828],[9.19297,45.51005]]]},"properties":{"cdi":0.064,"o_score_pt":1646.3,"o_score_car":1872.2,"population":1783}},{"type":"Feature","id":1148,"geometry":{"type":"Polygon","coordinates":[[[9.18595,45.50855],[9.1864,45.50879],[9.18671,45.5087],[9.18673,45.50847],[9.18628,45.50823],[9.18597,45.50832],[9.18595,45.50855]]]},"properties":{"cdi":0.104,"o_score_pt":1474.8,"o_score_car":1816.2,"population":6}},{"type":"Feature","id":1149,"geometry":{"type":"Polygon","coordinates":[[[9.20293,45.50549],[9.20475,45.50643],[9.2067,45.50587],[9.20687,45.5044],[9.20505,45.50346],[9.2031,45.50402],[9.20293,45.50549]]]},"properties":{"cdi":0.07,"o_score_pt":1551.9,"o_score_car":1784.5,"population":493}},{"type":"Feature","id":1150,"geometry":{"type":"Polygon","coordinates":[[[9.18029,45.50337],[9.18228,45.5044],[9.18445,45.50378],[9.18464,45.50215],[9.18265,45.50112],[9.18048,45.50174],[9.18029,45.50337]]]},"properties":{"cdi":0.025,"o_score_pt":1877.4,"o_score_car":1971.9,"population":856}},{"type":"Feature","id":1151,"geometry":{"type":"Polygon","coordinates":[[[9.18223,45.50625],[9.18422,45.50727],[9.18638,45.50666],[9.18657,45.50503],[9.18458,45.504],[9.18242,45.50461],[9.18223,45.50625]]]},"properties":{"cdi":0.035,"o_score_pt":1684.2,"o_score_car":1807.7,"population":851}},{"type":"Feature","id":1152,"geometry":{"type":"Polygon","coordinates":[[[9.1897,45.49899],[9.19185,45.50009],[9.19419,45.49943],[9.1944,45.49766],[9.19225,45.49655],[9.18991,45.49722],[9.1897,45.49899]]]},"properties":{"cdi":0.025,"o_score_pt":1946.4,"o_score_car":2044.7,"population":1835}},{"type":"Feature","id":1153,"geometry":{"type":"Polygon","coordinates":[[[9.18328,45.51964],[9.18498,45.52052],[9.18679,45.52],[9.18695,45.51863],[9.18525,45.51775],[9.18344,45.51827],[9.18328,45.51964]]]},"properties":{"cdi":0.172,"o_score_pt":1194.9,"o_score_car":1690.1,"population":346}},{"type":"Feature","id":1154,"geometry":{"type":"Polygon","coordinates":[[[9.20157,45.51616],[9.20351,45.51716],[9.2056,45.51656],[9.20578,45.51498],[9.20385,45.51398],[9.20175,45.51458],[9.20157,45.51616]]]},"properties":{"cdi":-0.013,"o_score_pt":1847.9,"o_score_car":1800.3,"population":717}},{"type":"Feature","id":1155,"geometry":{"type":"Polygon","coordinates":[[[9.19242,45.51534],[9.19451,45.51642],[9.19678,45.51577],[9.19698,45.51405],[9.1949,45.51298],[9.19262,45.51363],[9.19242,45.51534]]]},"properties":{"cdi":0.088,"o_score_pt":1495.3,"o_score_car":1784.1,"population":1141}},{"type":"Feature","id":1156,"geometry":{"type":"Polygon","coordinates":[[[9.18009,45.50855],[9.18173,45.5094],[9.18346,45.5089],[9.18361,45.50759],[9.18198,45.50675],[9.18024,45.50724],[9.18009,45.50855]]]},"properties":{"cdi":0.09,"o_score_pt":1557.9,"o_score_car":1866.7,"population":282}},{"type":"Feature","id":1157,"geometry":{"type":"Polygon","coordinates":[[[9.14162,45.48354],[9.14374,45.48463],[9.14605,45.48397],[9.14625,45.48223],[9.14414,45.48114],[9.14183,45.48179],[9.14162,45.48354]]]},"properties":{"cdi":0.028,"o_score_pt":1881.6,"o_score_car":1989.7,"population":1265}},{"type":"Feature","id":1158,"geometry":{"type":"Polygon","coordinates":[[[9.1525,45.4873],[9.15464,45.48841],[9.15698,45.48774],[9.15719,45.48597],[9.15505,45.48486],[9.1527,45.48553],[9.1525,45.4873]]]},"properties":{"cdi":0.083,"o_score_pt":1716.2,"o_score_car":2025.2,"population":1765}},{"type":"Feature","id":1159,"geometry":{"type":"Polygon","coordinates":[[[9.14027,45.48048],[9.14188,45.48131],[9.14359,45.48082],[9.14373,45.47954],[9.14212,45.47871],[9.14042,45.47919],[9.14027,45.48048]]]},"properties":{"cdi":-0.015,"o_score_pt":2050.4,"o_score_car":1990.8,"population":260}},{"type":"Feature","id":1160,"geometry":{"type":"Polygon","coordinates":[[[9.13121,45.47963],[9.1329,45.4805],[9.13471,45.47999],[9.13486,45.47863],[9.13317,45.47775],[9.13137,45.47827],[9.13121,45.47963]]]},"properties":{"cdi":0.089,"o_score_pt":1549.1,"o_score_car":1852,"population":338}},{"type":"Feature","id":1161,"geometry":{"type":"Polygon","coordinates":[[[9.14944,45.47617],[9.15141,45.47719],[9.15355,45.47658],[9.15373,45.47497],[9.15176,45.47395],[9.14963,45.47456],[9.14944,45.47617]]]},"properties":{"cdi":-0.029,"o_score_pt":2014.1,"o_score_car":1898.9,"population":805}},{"type":"Feature","id":1162,"geometry":{"type":"Polygon","coordinates":[[[9.14046,45.49414],[9.14252,45.49521],[9.14476,45.49457],[9.14496,45.49287],[9.1429,45.49181],[9.14066,45.49245],[9.14046,45.49414]]]},"properties":{"cdi":0.103,"o_score_pt":1545.3,"o_score_car":1900,"population":1060}},{"type":"Feature","id":1163,"geometry":{"type":"Polygon","coordinates":[[[9.1423,45.49705],[9.14444,45.49815],[9.14678,45.49749],[9.14699,45.49572],[9.14485,45.49461],[9.1425,45.49528],[9.1423,45.49705]]]},"properties":{"cdi":0.137,"o_score_pt":1418.6,"o_score_car":1869.7,"population":2434}},{"type":"Feature","id":1164,"geometry":{"type":"Polygon","coordinates":[[[9.14995,45.48974],[9.15209,45.49084],[9.15443,45.49018],[9.15464,45.48841],[9.1525,45.4873],[9.15015,45.48797],[9.14995,45.48974]]]},"properties":{"cdi":0.068,"o_score_pt":1723.6,"o_score_car":1974.3,"population":1498}},{"type":"Feature","id":1165,"geometry":{"type":"Polygon","coordinates":[[[9.13171,45.4897],[9.1319,45.48981],[9.1319,45.48981],[9.13171,45.4897],[9.13171,45.4897]]]},"properties":{"cdi":0.073,"o_score_pt":1580.1,"o_score_car":1829.1,"population":1}},{"type":"Feature","id":1166,"geometry":{"type":"Polygon","coordinates":[[[9.17972,45.48633],[9.17992,45.48644],[9.17992,45.48644],[9.17972,45.48633],[9.17972,45.48633]]]},"properties":{"cdi":-0.039,"o_score_pt":2097.9,"o_score_car":1938.6,"population":0}},{"type":"Feature","id":1167,"geometry":{"type":"Polygon","coordinates":[[[9.18644,45.48793],[9.18858,45.48903],[9.19093,45.48836],[9.19113,45.48659],[9.18899,45.48549],[9.18665,45.48616],[9.18644,45.48793]]]},"properties":{"cdi":-0.06,"o_score_pt":2272.4,"o_score_car":2016.7,"population":2374}},{"type":"Feature","id":1168,"geometry":{"type":"Polygon","coordinates":[[[9.18838,45.4908],[9.19052,45.49191],[9.19287,45.49124],[9.19307,45.48947],[9.19093,45.48836],[9.18858,45.48903],[9.18838,45.4908]]]},"properties":{"cdi":-0.036,"o_score_pt":2226.2,"o_score_car":2070.4,"population":1631}},{"type":"Feature","id":1169,"geometry":{"type":"Polygon","coordinates":[[[9.16465,45.48042],[9.16677,45.48152],[9.1691,45.48086],[9.1693,45.4791],[9.16718,45.478],[9.16485,45.47866],[9.16465,45.48042]]]},"properties":{"cdi":0.055,"o_score_pt":1919.3,"o_score_car":2140.6,"population":1314}},{"type":"Feature","id":1170,"geometry":{"type":"Polygon","coordinates":[[[9.17581,45.48409],[9.17771,45.48507],[9.17977,45.48449],[9.17995,45.48293],[9.17805,45.48195],[9.17599,45.48253],[9.17581,45.48409]]]},"properties":{"cdi":0.012,"o_score_pt":2107.2,"o_score_car":2157.7,"population":658}},{"type":"Feature","id":1171,"geometry":{"type":"Polygon","coordinates":[[[9.17654,45.49758],[9.17843,45.49856],[9.18047,45.49798],[9.18064,45.49644],[9.17876,45.49546],[9.17672,45.49604],[9.17654,45.49758]]]},"properties":{"cdi":0.033,"o_score_pt":1946,"o_score_car":2078.2,"population":622}},{"type":"Feature","id":1172,"geometry":{"type":"Polygon","coordinates":[[[9.16733,45.49679],[9.16942,45.49787],[9.17171,45.49722],[9.17191,45.49549],[9.16982,45.49441],[9.16753,45.49506],[9.16733,45.49679]]]},"properties":{"cdi":0.079,"o_score_pt":1710.3,"o_score_car":2003.8,"population":1182}},{"type":"Feature","id":1173,"geometry":{"type":"Polygon","coordinates":[[[9.18583,45.49324],[9.18797,45.49434],[9.19032,45.49368],[9.19052,45.49191],[9.18838,45.4908],[9.18603,45.49147],[9.18583,45.49324]]]},"properties":{"cdi":0.001,"o_score_pt":2045,"o_score_car":2049.3,"population":1903}},{"type":"Feature","id":1174,"geometry":{"type":"Polygon","coordinates":[[[9.1634,45.49105],[9.16554,45.49216],[9.16789,45.49149],[9.16809,45.48972],[9.16595,45.48862],[9.16361,45.48928],[9.1634,45.49105]]]},"properties":{"cdi":0.042,"o_score_pt":1851.7,"o_score_car":2012.7,"population":2643}},{"type":"Feature","id":1175,"geometry":{"type":"Polygon","coordinates":[[[9.16594,45.49374],[9.16756,45.49457],[9.16928,45.49408],[9.16943,45.49279],[9.16781,45.49195],[9.16609,45.49244],[9.16594,45.49374]]]},"properties":{"cdi":0.072,"o_score_pt":1731.2,"o_score_car":1998,"population":268}},{"type":"Feature","id":1176,"geometry":{"type":"Polygon","coordinates":[[[9.15661,45.52205],[9.15756,45.52254],[9.15847,45.52228],[9.15854,45.52159],[9.15759,45.5211],[9.15669,45.52136],[9.15661,45.52205]]]},"properties":{"cdi":0.086,"o_score_pt":1433.2,"o_score_car":1704.3,"population":32}},{"type":"Feature","id":1177,"geometry":{"type":"Polygon","coordinates":[[[9.14779,45.52112],[9.14861,45.52154],[9.14936,45.52133],[9.14942,45.52077],[9.1486,45.52034],[9.14785,45.52055],[9.14779,45.52112]]]},"properties":{"cdi":0.145,"o_score_pt":1203.1,"o_score_car":1611.4,"population":21}},{"type":"Feature","id":1178,"geometry":{"type":"Polygon","coordinates":[[[9.13342,45.51498],[9.13556,45.51609],[9.1379,45.51542],[9.13811,45.51365],[9.13597,45.51255],[9.13362,45.51321],[9.13342,45.51498]]]},"properties":{"cdi":0.241,"o_score_pt":1048.1,"o_score_car":1711.8,"population":1713}},{"type":"Feature","id":1179,"geometry":{"type":"Polygon","coordinates":[[[9.14239,45.51586],[9.14453,45.51696],[9.14687,45.5163],[9.14708,45.51453],[9.14494,45.51342],[9.14259,45.51409],[9.14239,45.51586]]]},"properties":{"cdi":0.179,"o_score_pt":1132.8,"o_score_car":1626.6,"population":2450}},{"type":"Feature","id":1180,"geometry":{"type":"Polygon","coordinates":[[[9.14478,45.51859],[9.14653,45.51949],[9.14839,45.51896],[9.14856,45.51755],[9.14681,45.51665],[9.14494,45.51718],[9.14478,45.51859]]]},"properties":{"cdi":0.18,"o_score_pt":1132,"o_score_car":1628.7,"population":399}},{"type":"Feature","id":1181,"geometry":{"type":"Polygon","coordinates":[[[9.17063,45.52667],[9.17277,45.52778],[9.17512,45.52711],[9.17532,45.52534],[9.17318,45.52424],[9.17083,45.5249],[9.17063,45.52667]]]},"properties":{"cdi":0.08,"o_score_pt":1471.3,"o_score_car":1727.3,"population":2180}},{"type":"Feature","id":1182,"geometry":{"type":"Polygon","coordinates":[[[9.17266,45.52952],[9.17472,45.53058],[9.17697,45.52994],[9.17717,45.52825],[9.1751,45.52718],[9.17286,45.52782],[9.17266,45.52952]]]},"properties":{"cdi":0.094,"o_score_pt":1332.8,"o_score_car":1610,"population":1069}},{"type":"Feature","id":1183,"geometry":{"type":"Polygon","coordinates":[[[9.1817,45.52177],[9.18256,45.52221],[9.18336,45.52198],[9.18343,45.52138],[9.18257,45.52093],[9.18177,45.52116],[9.1817,45.52177]]]},"properties":{"cdi":0.183,"o_score_pt":1214.4,"o_score_car":1757.7,"population":24}},{"type":"Feature","id":1184,"geometry":{"type":"Polygon","coordinates":[[[9.16004,45.52282],[9.1619,45.52378],[9.16391,45.52321],[9.16409,45.52169],[9.16223,45.52073],[9.16022,45.5213],[9.16004,45.52282]]]},"properties":{"cdi":0.057,"o_score_pt":1565.7,"o_score_car":1755,"population":575}},{"type":"Feature","id":1185,"geometry":{"type":"Polygon","coordinates":[[[9.17979,45.51888],[9.18063,45.51931],[9.18139,45.51909],[9.18146,45.51851],[9.18062,45.51808],[9.17986,45.5183],[9.17979,45.51888]]]},"properties":{"cdi":0.146,"o_score_pt":1342.7,"o_score_car":1801.6,"population":22}},{"type":"Feature","id":1186,"geometry":{"type":"Polygon","coordinates":[[[9.16931,45.51849],[9.17145,45.51959],[9.17379,45.51893],[9.174,45.51716],[9.17186,45.51605],[9.16951,45.51672],[9.16931,45.51849]]]},"properties":{"cdi":0.032,"o_score_pt":1727.6,"o_score_car":1843.4,"population":1620}},{"type":"Feature","id":1187,"geometry":{"type":"Polygon","coordinates":[[[9.17025,45.53191],[9.17219,45.53291],[9.17429,45.53231],[9.17447,45.53073],[9.17253,45.52973],[9.17044,45.53033],[9.17025,45.53191]]]},"properties":{"cdi":0.069,"o_score_pt":1386.3,"o_score_car":1592.6,"population":725}},{"type":"Feature","id":1188,"geometry":{"type":"Polygon","coordinates":[[[9.181,45.53222],[9.18141,45.53243],[9.18165,45.53236],[9.18167,45.53217],[9.18127,45.53196],[9.18102,45.53203],[9.181,45.53222]]]},"properties":{"cdi":0.181,"o_score_pt":1127.1,"o_score_car":1624.1,"population":5}},{"type":"Feature","id":1189,"geometry":{"type":"Polygon","coordinates":[[[9.15717,45.52536],[9.15931,45.52646],[9.16165,45.5258],[9.16185,45.52403],[9.15972,45.52293],[9.15738,45.52359],[9.15717,45.52536]]]},"properties":{"cdi":0.094,"o_score_pt":1405,"o_score_car":1696.2,"population":1349}},{"type":"Feature","id":1190,"geometry":{"type":"Polygon","coordinates":[[[9.13126,45.50357],[9.13245,45.50418],[9.13365,45.50384],[9.13375,45.50294],[9.13256,45.50233],[9.13137,45.50266],[9.13126,45.50357]]]},"properties":{"cdi":0.143,"o_score_pt":1214.2,"o_score_car":1619.5,"population":69}},{"type":"Feature","id":1191,"geometry":{"type":"Polygon","coordinates":[[[9.12133,45.503],[9.12335,45.50404],[9.12555,45.50342],[9.12574,45.50175],[9.12372,45.50071],[9.12152,45.50134],[9.12133,45.503]]]},"properties":{"cdi":0.17,"o_score_pt":1248.1,"o_score_car":1757.6,"population":942}},{"type":"Feature","id":1192,"geometry":{"type":"Polygon","coordinates":[[[9.13975,45.49949],[9.14189,45.50059],[9.14423,45.49992],[9.14444,45.49815],[9.1423,45.49705],[9.13995,45.49772],[9.13975,45.49949]]]},"properties":{"cdi":0.141,"o_score_pt":1391.7,"o_score_car":1847.9,"population":1587}},{"type":"Feature","id":1193,"geometry":{"type":"Polygon","coordinates":[[[9.11738,45.49727],[9.11947,45.49835],[9.12176,45.4977],[9.12196,45.49598],[9.11987,45.4949],[9.11758,45.49555],[9.11738,45.49727]]]},"properties":{"cdi":0.028,"o_score_pt":1595.2,"o_score_car":1686.4,"population":1184}},{"type":"Feature","id":1194,"geometry":{"type":"Polygon","coordinates":[[[9.11986,45.49997],[9.12148,45.50081],[9.1232,45.50033],[9.12335,45.49903],[9.12173,45.49819],[9.12001,45.49868],[9.11986,45.49997]]]},"properties":{"cdi":0.172,"o_score_pt":1253.7,"o_score_car":1775.1,"population":271}},{"type":"Feature","id":1195,"geometry":{"type":"Polygon","coordinates":[[[9.12877,45.49226],[9.1293,45.49254],[9.1297,45.49243],[9.12974,45.49212],[9.12921,45.49184],[9.1288,45.49196],[9.12877,45.49226]]]},"properties":{"cdi":0.059,"o_score_pt":1608.2,"o_score_car":1810.8,"population":8}},{"type":"Feature","id":1196,"geometry":{"type":"Polygon","coordinates":[[[9.12152,45.51316],[9.12231,45.51357],[9.12302,45.51337],[9.12309,45.51283],[9.1223,45.51242],[9.12159,45.51262],[9.12152,45.51316]]]},"properties":{"cdi":0.241,"o_score_pt":1020.7,"o_score_car":1667.4,"population":19}},{"type":"Feature","id":1197,"geometry":{"type":"Polygon","coordinates":[[[9.13861,45.51008],[9.14067,45.51114],[9.14292,45.5105],[9.14311,45.50881],[9.14105,45.50775],[9.13881,45.50838],[9.13861,45.51008]]]},"properties":{"cdi":0.209,"o_score_pt":1107.3,"o_score_car":1692.8,"population":1063}},{"type":"Feature","id":1198,"geometry":{"type":"Polygon","coordinates":[[[9.12962,45.50921],[9.1317,45.51028],[9.13396,45.50964],[9.13416,45.50792],[9.13209,45.50685],[9.12982,45.5075],[9.12962,45.50921]]]},"properties":{"cdi":0.201,"o_score_pt":1127.6,"o_score_car":1693.7,"population":1120}},{"type":"Feature","id":1199,"geometry":{"type":"Polygon","coordinates":[[[9.11783,45.50225],[9.119,45.50285],[9.12018,45.50252],[9.12028,45.50163],[9.11911,45.50102],[9.11793,45.50135],[9.11783,45.50225]]]},"properties":{"cdi":0.174,"o_score_pt":1233.3,"o_score_car":1754.3,"population":66}},{"type":"Feature","id":1200,"geometry":{"type":"Polygon","coordinates":[[[9.24084,45.49298],[9.2425,45.49384],[9.24427,45.49333],[9.24442,45.492],[9.24276,45.49114],[9.24099,45.49164],[9.24084,45.49298]]]},"properties":{"cdi":0.06,"o_score_pt":1601.7,"o_score_car":1805.8,"population":307}},{"type":"Feature","id":1201,"geometry":{"type":"Polygon","coordinates":[[[9.25151,45.49331],[9.2517,45.49341],[9.2517,45.49341],[9.25151,45.49331],[9.25151,45.49331]]]},"properties":{"cdi":0.203,"o_score_pt":1196.9,"o_score_car":1808.1,"population":2}},{"type":"Feature","id":1202,"geometry":{"type":"Polygon","coordinates":[[[9.25345,45.49618],[9.25364,45.49628],[9.25364,45.49628],[9.25345,45.49618],[9.25345,45.49618]]]},"properties":{"cdi":0.294,"o_score_pt":973,"o_score_car":1785.3,"population":0}},{"type":"Feature","id":1203,"geometry":{"type":"Polygon","coordinates":[[[9.22743,45.48654],[9.22957,45.48764],[9.23192,45.48697],[9.23212,45.4852],[9.22998,45.4841],[9.22763,45.48477],[9.22743,45.48654]]]},"properties":{"cdi":0.058,"o_score_pt":1785.3,"o_score_car":2005.6,"population":2563}},{"type":"Feature","id":1204,"geometry":{"type":"Polygon","coordinates":[[[9.2384,45.49027],[9.24049,45.49135],[9.24279,45.49069],[9.24298,45.48896],[9.24089,45.48788],[9.23859,45.48854],[9.2384,45.49027]]]},"properties":{"cdi":0.031,"o_score_pt":1722.6,"o_score_car":1832.3,"population":1195}},{"type":"Feature","id":1205,"geometry":{"type":"Polygon","coordinates":[[[9.23907,45.50379],[9.24121,45.50489],[9.24355,45.50422],[9.24376,45.50245],[9.24161,45.50135],[9.23927,45.50201],[9.23907,45.50379]]]},"properties":{"cdi":0.039,"o_score_pt":1591.8,"o_score_car":1719.4,"population":2147}},{"type":"Feature","id":1206,"geometry":{"type":"Polygon","coordinates":[[[9.23053,45.50277],[9.23229,45.50368],[9.23418,45.50314],[9.23434,45.50172],[9.23258,45.50081],[9.23069,45.50135],[9.23053,45.50277]]]},"properties":{"cdi":0.06,"o_score_pt":1550.2,"o_score_car":1747.7,"population":416}},{"type":"Feature","id":1207,"geometry":{"type":"Polygon","coordinates":[[[9.25081,45.49865],[9.25109,45.49879],[9.25117,45.49877],[9.25118,45.4987],[9.25091,45.49855],[9.25082,45.49858],[9.25081,45.49865]]]},"properties":{"cdi":0.115,"o_score_pt":1263.8,"o_score_car":1592.1,"population":3}},{"type":"Feature","id":1208,"geometry":{"type":"Polygon","coordinates":[[[9.22621,45.49717],[9.22835,45.49827],[9.2307,45.4976],[9.2309,45.49583],[9.22876,45.49473],[9.22641,45.49539],[9.22621,45.49717]]]},"properties":{"cdi":0.026,"o_score_pt":1686.2,"o_score_car":1775.9,"population":1461}},{"type":"Feature","id":1209,"geometry":{"type":"Polygon","coordinates":[[[9.22833,45.49998],[9.23032,45.50101],[9.23248,45.50039],[9.23267,45.49876],[9.23068,45.49774],[9.22851,45.49835],[9.22833,45.49998]]]},"properties":{"cdi":0.047,"o_score_pt":1608.8,"o_score_car":1768.1,"population":854}},{"type":"Feature","id":1210,"geometry":{"type":"Polygon","coordinates":[[[9.25509,45.49915],[9.25555,45.49938],[9.25585,45.4993],[9.25588,45.49906],[9.25542,45.49883],[9.25512,45.49892],[9.25509,45.49915]]]},"properties":{"cdi":0.174,"o_score_pt":1238,"o_score_car":1761.2,"population":6}},{"type":"Feature","id":1211,"geometry":{"type":"Polygon","coordinates":[[[9.22435,45.47541],[9.22633,45.47644],[9.22848,45.47582],[9.22867,45.47419],[9.22669,45.47317],[9.22453,45.47379],[9.22435,45.47541]]]},"properties":{"cdi":0.033,"o_score_pt":1849.4,"o_score_car":1975.4,"population":839}},{"type":"Feature","id":1212,"geometry":{"type":"Polygon","coordinates":[[[9.2278,45.47781],[9.22847,45.47815],[9.22905,45.47799],[9.2291,45.47755],[9.22842,45.47721],[9.22785,45.47737],[9.2278,45.47781]]]},"properties":{"cdi":-0.01,"o_score_pt":1956.8,"o_score_car":1919.9,"population":13}},{"type":"Feature","id":1213,"geometry":{"type":"Polygon","coordinates":[[[9.23375,45.47103],[9.23589,45.47213],[9.23823,45.47146],[9.23843,45.46969],[9.23629,45.46859],[9.23395,45.46926],[9.23375,45.47103]]]},"properties":{"cdi":0.048,"o_score_pt":1756.7,"o_score_car":1933,"population":1722}},{"type":"Feature","id":1214,"geometry":{"type":"Polygon","coordinates":[[[9.21325,45.47173],[9.2154,45.47283],[9.21774,45.47216],[9.21794,45.47039],[9.2158,45.46929],[9.21346,45.46996],[9.21325,45.47173]]]},"properties":{"cdi":0.017,"o_score_pt":2000.7,"o_score_car":2071.1,"population":2251}},{"type":"Feature","id":1215,"geometry":{"type":"Polygon","coordinates":[[[9.23181,45.46815],[9.23395,45.46926],[9.23629,45.46859],[9.2365,45.46682],[9.23435,45.46571],[9.23201,45.46638],[9.23181,45.46815]]]},"properties":{"cdi":0.01,"o_score_pt":1910,"o_score_car":1949.5,"population":1607}},{"type":"Feature","id":1216,"geometry":{"type":"Polygon","coordinates":[[[9.22284,45.46728],[9.22498,45.46839],[9.22732,45.46772],[9.22752,45.46595],[9.22538,45.46484],[9.22304,45.46551],[9.22284,45.46728]]]},"properties":{"cdi":0.009,"o_score_pt":1912.6,"o_score_car":1948.8,"population":1899}},{"type":"Feature","id":1217,"geometry":{"type":"Polygon","coordinates":[[[9.22355,45.48079],[9.2257,45.48189],[9.22804,45.48122],[9.22824,45.47945],[9.2261,45.47835],[9.22376,45.47902],[9.22355,45.48079]]]},"properties":{"cdi":-0.016,"o_score_pt":2041.6,"o_score_car":1978.5,"population":1534}},{"type":"Feature","id":1218,"geometry":{"type":"Polygon","coordinates":[[[9.23253,45.48166],[9.23467,45.48276],[9.23701,45.48209],[9.23722,45.48032],[9.23508,45.47922],[9.23273,45.47989],[9.23253,45.48166]]]},"properties":{"cdi":0.011,"o_score_pt":1864.5,"o_score_car":1905.7,"population":1675}},{"type":"Feature","id":1219,"geometry":{"type":"Polygon","coordinates":[[[9.23447,45.48453],[9.23661,45.48564],[9.23895,45.48497],[9.23916,45.4832],[9.23701,45.48209],[9.23467,45.48276],[9.23447,45.48453]]]},"properties":{"cdi":-0.029,"o_score_pt":2007.9,"o_score_car":1893.2,"population":1631}},{"type":"Feature","id":1220,"geometry":{"type":"Polygon","coordinates":[[[9.21071,45.47417],[9.21285,45.47527],[9.21519,45.4746],[9.2154,45.47283],[9.21325,45.47173],[9.21091,45.47239],[9.21071,45.47417]]]},"properties":{"cdi":0.026,"o_score_pt":1971.4,"o_score_car":2074.9,"population":2613}},{"type":"Feature","id":1221,"geometry":{"type":"Polygon","coordinates":[[[9.25316,45.47742],[9.25351,45.4776],[9.25368,45.47755],[9.2537,45.47741],[9.25335,45.47723],[9.25318,45.47728],[9.25316,45.47742]]]},"properties":{"cdi":0.149,"o_score_pt":1302.6,"o_score_car":1760.5,"population":4}},{"type":"Feature","id":1222,"geometry":{"type":"Polygon","coordinates":[[[9.24777,45.47215],[9.24942,45.47301],[9.25118,45.4725],[9.25133,45.47117],[9.24968,45.47032],[9.24792,45.47082],[9.24777,45.47215]]]},"properties":{"cdi":0.138,"o_score_pt":1376.1,"o_score_car":1816.1,"population":300}},{"type":"Feature","id":1223,"geometry":{"type":"Polygon","coordinates":[[[9.24995,45.47495],[9.2514,45.47569],[9.2529,45.47527],[9.25303,45.47413],[9.25158,45.47338],[9.25008,45.47381],[9.24995,45.47495]]]},"properties":{"cdi":0.124,"o_score_pt":1318.2,"o_score_car":1692.1,"population":155}},{"type":"Feature","id":1224,"geometry":{"type":"Polygon","coordinates":[[[9.25903,45.46717],[9.25923,45.46727],[9.25923,45.46727],[9.25903,45.46717],[9.25903,45.46717]]]},"properties":{"cdi":0.267,"o_score_pt":923.9,"o_score_car":1596.1,"population":1}},{"type":"Feature","id":1225,"geometry":{"type":"Polygon","coordinates":[[[9.25145,45.48821],[9.25222,45.4886],[9.25291,45.48841],[9.25297,45.48788],[9.2522,45.48748],[9.25151,45.48768],[9.25145,45.48821]]]},"properties":{"cdi":0.173,"o_score_pt":1028,"o_score_car":1458.2,"population":18}},{"type":"Feature","id":1226,"geometry":{"type":"Polygon","coordinates":[[[9.2617,45.48355],[9.2619,45.48365],[9.2619,45.48365],[9.2617,45.48355],[9.2617,45.48355]]]},"properties":{"cdi":0.339,"o_score_pt":845.6,"o_score_car":1711.8,"population":0}},{"type":"Feature","id":1227,"geometry":{"type":"Polygon","coordinates":[[[9.24692,45.47754],[9.24878,45.4785],[9.25079,45.47793],[9.25096,45.47641],[9.2491,45.47546],[9.2471,45.47603],[9.24692,45.47754]]]},"properties":{"cdi":0.107,"o_score_pt":1440.8,"o_score_car":1785,"population":569}},{"type":"Feature","id":1228,"geometry":{"type":"Polygon","coordinates":[[[9.21837,45.50966],[9.22015,45.51058],[9.22206,45.51004],[9.22223,45.50859],[9.22045,45.50768],[9.21854,45.50822],[9.21837,45.50966]]]},"properties":{"cdi":0.023,"o_score_pt":1684.6,"o_score_car":1762.4,"population":445}},{"type":"Feature","id":1229,"geometry":{"type":"Polygon","coordinates":[[[9.22918,45.51344],[9.23106,45.51441],[9.23308,45.51383],[9.23325,45.5123],[9.23138,45.51134],[9.22936,45.51192],[9.22918,45.51344]]]},"properties":{"cdi":0.014,"o_score_pt":1637.6,"o_score_car":1685.6,"population":592}},{"type":"Feature","id":1230,"geometry":{"type":"Polygon","coordinates":[[[9.21662,45.50673],[9.21824,45.50757],[9.21996,45.50708],[9.22011,45.50578],[9.21848,45.50494],[9.21676,45.50543],[9.21662,45.50673]]]},"properties":{"cdi":0.02,"o_score_pt":1691.9,"o_score_car":1760.1,"population":271}},{"type":"Feature","id":1231,"geometry":{"type":"Polygon","coordinates":[[[9.20756,45.50588],[9.20925,45.50676],[9.21106,45.50624],[9.21122,45.50488],[9.20952,45.504],[9.20771,45.50452],[9.20756,45.50588]]]},"properties":{"cdi":0.08,"o_score_pt":1532,"o_score_car":1798.7,"population":341}},{"type":"Feature","id":1232,"geometry":{"type":"Polygon","coordinates":[[[9.22586,45.5024],[9.22778,45.50338],[9.22985,45.50279],[9.23003,45.50123],[9.22812,45.50024],[9.22604,45.50083],[9.22586,45.5024]]]},"properties":{"cdi":0.042,"o_score_pt":1632.4,"o_score_car":1777.1,"population":682}},{"type":"Feature","id":1233,"geometry":{"type":"Polygon","coordinates":[[[9.21817,45.51996],[9.21907,45.52042],[9.21991,45.52018],[9.21999,45.51955],[9.21909,45.51908],[9.21825,45.51932],[9.21817,45.51996]]]},"properties":{"cdi":0.066,"o_score_pt":1497.1,"o_score_car":1708.1,"population":27}},{"type":"Feature","id":1234,"geometry":{"type":"Polygon","coordinates":[[[9.22034,45.52276],[9.22104,45.52312],[9.22164,45.52295],[9.22169,45.52249],[9.22099,45.52213],[9.2204,45.5223],[9.22034,45.52276]]]},"properties":{"cdi":0.076,"o_score_pt":1462.7,"o_score_car":1702.9,"population":14}},{"type":"Feature","id":1235,"geometry":{"type":"Polygon","coordinates":[[[9.22656,45.5159],[9.2285,45.5169],[9.2306,45.51631],[9.23078,45.51472],[9.22884,45.51372],[9.22674,45.51432],[9.22656,45.5159]]]},"properties":{"cdi":0.026,"o_score_pt":1587.4,"o_score_car":1673,"population":728}},{"type":"Feature","id":1236,"geometry":{"type":"Polygon","coordinates":[[[9.20582,45.51667],[9.20796,45.51778],[9.21031,45.51711],[9.21051,45.51534],[9.20837,45.51424],[9.20602,45.5149],[9.20582,45.51667]]]},"properties":{"cdi":0.004,"o_score_pt":1770.4,"o_score_car":1784.4,"population":1418}},{"type":"Feature","id":1237,"geometry":{"type":"Polygon","coordinates":[[[9.25451,45.51307],[9.25609,45.51389],[9.25777,45.51341],[9.25791,45.51215],[9.25632,45.51133],[9.25465,45.51181],[9.25451,45.51307]]]},"properties":{"cdi":0.076,"o_score_pt":1410.4,"o_score_car":1643.7,"population":241}},{"type":"Feature","id":1238,"geometry":{"type":"Polygon","coordinates":[[[9.26509,45.51343],[9.26529,45.51353],[9.26529,45.51353],[9.26509,45.51343],[9.26509,45.51343]]]},"properties":{"cdi":0.145,"o_score_pt":1214.6,"o_score_car":1627.7,"population":0}},{"type":"Feature","id":1239,"geometry":{"type":"Polygon","coordinates":[[[9.24104,45.50665],[9.24315,45.50774],[9.24546,45.50708],[9.24566,45.50533],[9.24355,45.50424],[9.24124,45.5049],[9.24104,45.50665]]]},"properties":{"cdi":0.079,"o_score_pt":1485,"o_score_car":1738.1,"population":1259}},{"type":"Feature","id":1240,"geometry":{"type":"Polygon","coordinates":[[[9.25209,45.51035],[9.25409,45.51138],[9.25626,45.51076],[9.25645,45.50912],[9.25445,45.50809],[9.25228,45.50871],[9.25209,45.51035]]]},"properties":{"cdi":0.074,"o_score_pt":1406,"o_score_car":1631.4,"population":869}},{"type":"Feature","id":1241,"geometry":{"type":"Polygon","coordinates":[[[9.24044,45.51708],[9.24202,45.51789],[9.24369,45.51742],[9.24383,45.51616],[9.24225,45.51534],[9.24058,45.51582],[9.24044,45.51708]]]},"properties":{"cdi":0.11,"o_score_pt":1241.1,"o_score_car":1549.2,"population":237}},{"type":"Feature","id":1242,"geometry":{"type":"Polygon","coordinates":[[[9.20378,45.49499],[9.20592,45.49609],[9.20826,45.49542],[9.20847,45.49365],[9.20633,45.49255],[9.20398,45.49322],[9.20378,45.49499]]]},"properties":{"cdi":0.028,"o_score_pt":1970.4,"o_score_car":2082.2,"population":3065}},{"type":"Feature","id":1243,"geometry":{"type":"Polygon","coordinates":[[[9.22233,45.49142],[9.22448,45.49252],[9.22682,45.49185],[9.22702,45.49008],[9.22488,45.48898],[9.22254,45.48965],[9.22233,45.49142]]]},"properties":{"cdi":0.026,"o_score_pt":1872,"o_score_car":1970.8,"population":3305}},{"type":"Feature","id":1244,"geometry":{"type":"Polygon","coordinates":[[[9.21336,45.49054],[9.2155,45.49165],[9.21785,45.49098],[9.21805,45.48921],[9.21591,45.48811],[9.21356,45.48877],[9.21336,45.49054]]]},"properties":{"cdi":-0.027,"o_score_pt":2098.7,"o_score_car":1990,"population":2711}},{"type":"Feature","id":1245,"geometry":{"type":"Polygon","coordinates":[[[9.20084,45.48382],[9.2027,45.48478],[9.2047,45.48421],[9.20488,45.48269],[9.20302,45.48173],[9.20101,45.4823],[9.20084,45.48382]]]},"properties":{"cdi":-0.063,"o_score_pt":2396.9,"o_score_car":2112.9,"population":571}},{"type":"Feature","id":1246,"geometry":{"type":"Polygon","coordinates":[[[9.20948,45.4848],[9.21163,45.4859],[9.21397,45.48523],[9.21417,45.48346],[9.21203,45.48236],[9.20969,45.48302],[9.20948,45.4848]]]},"properties":{"cdi":-0.056,"o_score_pt":2356.6,"o_score_car":2106.8,"population":2188}},{"type":"Feature","id":1247,"geometry":{"type":"Polygon","coordinates":[[[9.21142,45.48767],[9.21356,45.48877],[9.21591,45.48811],[9.21611,45.48633],[9.21397,45.48523],[9.21163,45.4859],[9.21142,45.48767]]]},"properties":{"cdi":-0.044,"o_score_pt":2259.5,"o_score_car":2070.7,"population":1886}},{"type":"Feature","id":1248,"geometry":{"type":"Polygon","coordinates":[[[9.20123,45.49742],[9.20337,45.49853],[9.20571,45.49786],[9.20592,45.49609],[9.20378,45.49499],[9.20143,45.49565],[9.20123,45.49742]]]},"properties":{"cdi":0.067,"o_score_pt":1747.1,"o_score_car":2000,"population":1952}},{"type":"Feature","id":1249,"geometry":{"type":"Polygon","coordinates":[[[9.21249,45.50106],[9.21433,45.50201],[9.21631,45.50144],[9.21648,45.49995],[9.21464,45.499],[9.21266,45.49956],[9.21249,45.50106]]]},"properties":{"cdi":0.115,"o_score_pt":1514.8,"o_score_car":1910.3,"population":531}},{"type":"Feature","id":1250,"geometry":{"type":"Polygon","coordinates":[[[9.19934,45.49453],[9.20144,45.49561],[9.20373,45.49496],[9.20393,45.49323],[9.20183,45.49215],[9.19954,45.4928],[9.19934,45.49453]]]},"properties":{"cdi":0.009,"o_score_pt":1978.3,"o_score_car":2016.2,"population":1187}},{"type":"Feature","id":1251,"geometry":{"type":"Polygon","coordinates":[[[9.19042,45.49364],[9.19247,45.4947],[9.19471,45.49406],[9.1949,45.49238],[9.19285,45.49132],[9.19062,45.49195],[9.19042,45.49364]]]},"properties":{"cdi":-0.08,"o_score_pt":2453.7,"o_score_car":2088.5,"population":1032}},{"type":"Feature","id":1252,"geometry":{"type":"Polygon","coordinates":[[[9.10348,45.46354],[9.10529,45.46447],[9.10723,45.46392],[9.1074,45.46245],[9.10559,45.46151],[9.10365,45.46206],[9.10348,45.46354]]]},"properties":{"cdi":0.214,"o_score_pt":1063.3,"o_score_car":1642.8,"population":488}},{"type":"Feature","id":1253,"geometry":{"type":"Polygon","coordinates":[[[9.09434,45.46271],[9.0963,45.46372],[9.09842,45.46312],[9.09861,45.46151],[9.09665,45.4605],[9.09453,45.46111],[9.09434,45.46271]]]},"properties":{"cdi":0.215,"o_score_pt":978,"o_score_car":1513.4,"population":774}},{"type":"Feature","id":1254,"geometry":{"type":"Polygon","coordinates":[[[9.11276,45.4592],[9.11483,45.46026],[9.11708,45.45962],[9.11728,45.45792],[9.11521,45.45685],[9.11296,45.45749],[9.11276,45.4592]]]},"properties":{"cdi":0.082,"o_score_pt":1418.9,"o_score_car":1672.2,"population":1092}},{"type":"Feature","id":1255,"geometry":{"type":"Polygon","coordinates":[[[9.09034,45.457],[9.09242,45.45807],[9.09468,45.45743],[9.09488,45.45572],[9.09281,45.45464],[9.09054,45.45529],[9.09034,45.457]]]},"properties":{"cdi":0.167,"o_score_pt":1101.8,"o_score_car":1543,"population":1120}},{"type":"Feature","id":1256,"geometry":{"type":"Polygon","coordinates":[[[9.0922,45.4599],[9.09434,45.46101],[9.09668,45.46034],[9.09689,45.45857],[9.09475,45.45746],[9.09241,45.45813],[9.0922,45.4599]]]},"properties":{"cdi":0.191,"o_score_pt":1055,"o_score_car":1554.5,"population":1477}},{"type":"Feature","id":1257,"geometry":{"type":"Polygon","coordinates":[[[9.10064,45.45234],[9.10209,45.45309],[9.10361,45.45266],[9.10375,45.45151],[9.10229,45.45076],[9.10077,45.45119],[9.10064,45.45234]]]},"properties":{"cdi":0.155,"o_score_pt":1199.1,"o_score_car":1637.4,"population":162}},{"type":"Feature","id":1258,"geometry":{"type":"Polygon","coordinates":[[[9.09505,45.47271],[9.09533,45.47286],[9.09542,45.47283],[9.09543,45.47276],[9.09515,45.47262],[9.09506,45.47264],[9.09505,45.47271]]]},"properties":{"cdi":0.203,"o_score_pt":1046.3,"o_score_car":1578.3,"population":3}},{"type":"Feature","id":1259,"geometry":{"type":"Polygon","coordinates":[[[9.11261,45.46948],[9.11374,45.47006],[9.11487,45.46974],[9.11497,45.46889],[9.11383,45.4683],[9.11271,45.46862],[9.11261,45.46948]]]},"properties":{"cdi":0.157,"o_score_pt":1275,"o_score_car":1751.5,"population":58}},{"type":"Feature","id":1260,"geometry":{"type":"Polygon","coordinates":[[[9.10327,45.46872],[9.10472,45.46947],[9.10624,45.46904],[9.10638,45.46789],[9.10492,45.46714],[9.1034,45.46757],[9.10327,45.46872]]]},"properties":{"cdi":0.206,"o_score_pt":1113.5,"o_score_car":1689.7,"population":161}},{"type":"Feature","id":1261,"geometry":{"type":"Polygon","coordinates":[[[9.08965,45.46234],[9.09179,45.46344],[9.09413,45.46278],[9.09434,45.46101],[9.0922,45.4599],[9.08986,45.46057],[9.08965,45.46234]]]},"properties":{"cdi":0.183,"o_score_pt":1007.8,"o_score_car":1458.9,"population":1525}},{"type":"Feature","id":1262,"geometry":{"type":"Polygon","coordinates":[[[9.12807,45.46341],[9.1302,45.46451],[9.13253,45.46385],[9.13273,45.46209],[9.1306,45.46099],[9.12827,45.46165],[9.12807,45.46341]]]},"properties":{"cdi":0.093,"o_score_pt":1554.4,"o_score_car":1874.8,"population":1328}},{"type":"Feature","id":1263,"geometry":{"type":"Polygon","coordinates":[[[9.13896,45.46717],[9.14109,45.46828],[9.14344,45.46761],[9.14364,45.46584],[9.1415,45.46473],[9.13916,45.4654],[9.13896,45.46717]]]},"properties":{"cdi":0.034,"o_score_pt":1808.3,"o_score_car":1937.3,"population":1845}},{"type":"Feature","id":1264,"geometry":{"type":"Polygon","coordinates":[[[9.12634,45.46047],[9.12829,45.46148],[9.1304,45.46088],[9.13059,45.45928],[9.12864,45.45827],[9.12653,45.45887],[9.12634,45.46047]]]},"properties":{"cdi":0.013,"o_score_pt":1754,"o_score_car":1798.6,"population":754}},{"type":"Feature","id":1265,"geometry":{"type":"Polygon","coordinates":[[[9.11742,45.45958],[9.11933,45.46057],[9.1214,45.45998],[9.12158,45.45841],[9.11967,45.45743],[9.1176,45.45801],[9.11742,45.45958]]]},"properties":{"cdi":0.072,"o_score_pt":1484.2,"o_score_car":1715.2,"population":673}},{"type":"Feature","id":1266,"geometry":{"type":"Polygon","coordinates":[[[9.1357,45.4561],[9.13784,45.45721],[9.14019,45.45654],[9.14039,45.45477],[9.13825,45.45367],[9.13591,45.45433],[9.1357,45.4561]]]},"properties":{"cdi":0.09,"o_score_pt":1548,"o_score_car":1852.5,"population":1732}},{"type":"Feature","id":1267,"geometry":{"type":"Polygon","coordinates":[[[9.12708,45.47396],[9.129,45.47495],[9.13108,45.47436],[9.13126,45.47279],[9.12934,45.4718],[9.12726,45.47239],[9.12708,45.47396]]]},"properties":{"cdi":0.062,"o_score_pt":1598,"o_score_car":1808.1,"population":690}},{"type":"Feature","id":1268,"geometry":{"type":"Polygon","coordinates":[[[9.12907,45.47682],[9.13094,45.47779],[9.13296,45.47721],[9.13314,45.47569],[9.13126,45.47472],[9.12924,45.47529],[9.12907,45.47682]]]},"properties":{"cdi":0.018,"o_score_pt":1777.8,"o_score_car":1841.8,"population":594}},{"type":"Feature","id":1269,"geometry":{"type":"Polygon","coordinates":[[[9.13641,45.46961],[9.13855,45.47071],[9.14089,45.47005],[9.14109,45.46828],[9.13896,45.46717],[9.13661,45.46784],[9.13641,45.46961]]]},"properties":{"cdi":0.067,"o_score_pt":1658,"o_score_car":1897.2,"population":2194}},{"type":"Feature","id":1270,"geometry":{"type":"Polygon","coordinates":[[[9.11609,45.47024],[9.11809,45.47127],[9.12026,45.47065],[9.12045,45.46901],[9.11845,45.46798],[9.11628,45.46859],[9.11609,45.47024]]]},"properties":{"cdi":0.142,"o_score_pt":1278.7,"o_score_car":1700.9,"population":883}},{"type":"Feature","id":1271,"geometry":{"type":"Polygon","coordinates":[[[9.07583,45.44392],[9.07603,45.44402],[9.07603,45.44402],[9.07583,45.44392],[9.07583,45.44392]]]},"properties":{"cdi":0.998,"o_score_pt":1.2,"o_score_car":1311.2,"population":1}},{"type":"Feature","id":1272,"geometry":{"type":"Polygon","coordinates":[[[9.11615,45.44788],[9.11635,45.44798],[9.11635,45.44798],[9.11615,45.44788],[9.11615,45.44788]]]},"properties":{"cdi":0.184,"o_score_pt":1161,"o_score_car":1683,"population":0}},{"type":"Feature","id":1273,"geometry":{"type":"Polygon","coordinates":[[[9.13278,45.44493],[9.13463,45.44589],[9.13663,45.44532],[9.13681,45.44381],[9.13495,45.44285],[9.13296,45.44342],[9.13278,45.44493]]]},"properties":{"cdi":0.094,"o_score_pt":1396.2,"o_score_car":1687.5,"population":561}},{"type":"Feature","id":1274,"geometry":{"type":"Polygon","coordinates":[[[9.12357,45.44413],[9.12564,45.4452],[9.12789,45.44456],[9.12809,45.44285],[9.12602,45.44179],[9.12377,45.44243],[9.12357,45.44413]]]},"properties":{"cdi":0.103,"o_score_pt":1381.8,"o_score_car":1699.7,"population":1090}},{"type":"Feature","id":1275,"geometry":{"type":"Polygon","coordinates":[[[9.12007,45.43826],[9.12182,45.43917],[9.1237,45.43864],[9.12386,45.43721],[9.12211,45.43631],[9.12023,45.43684],[9.12007,45.43826]]]},"properties":{"cdi":0.094,"o_score_pt":1340.1,"o_score_car":1619.7,"population":411}},{"type":"Feature","id":1276,"geometry":{"type":"Polygon","coordinates":[[[9.12208,45.44111],[9.12377,45.44198],[9.12556,45.44147],[9.12571,45.44012],[9.12403,45.43925],[9.12224,45.43976],[9.12208,45.44111]]]},"properties":{"cdi":0.116,"o_score_pt":1286.5,"o_score_car":1623,"population":327}},{"type":"Feature","id":1277,"geometry":{"type":"Polygon","coordinates":[[[9.11361,45.45032],[9.1138,45.45042],[9.1138,45.45042],[9.11361,45.45032],[9.11361,45.45032]]]},"properties":{"cdi":0.075,"o_score_pt":1372.5,"o_score_car":1594.8,"population":0}},{"type":"Feature","id":1278,"geometry":{"type":"Polygon","coordinates":[[[9.12226,45.45479],[9.12439,45.45589],[9.12674,45.45523],[9.12694,45.45346],[9.12481,45.45235],[9.12246,45.45302],[9.12226,45.45479]]]},"properties":{"cdi":0.061,"o_score_pt":1538.8,"o_score_car":1739.2,"population":1499}},{"type":"Feature","id":1279,"geometry":{"type":"Polygon","coordinates":[[[9.11068,45.44776],[9.11174,45.44831],[9.11278,45.44801],[9.11287,45.44722],[9.11181,45.44667],[9.11077,45.44697],[9.11068,45.44776]]]},"properties":{"cdi":0.217,"o_score_pt":1032.2,"o_score_car":1604.1,"population":46}},{"type":"Feature","id":1280,"geometry":{"type":"Polygon","coordinates":[[[9.08218,45.47982],[9.0831,45.48029],[9.08396,45.48005],[9.08404,45.47939],[9.08312,45.47892],[9.08225,45.47916],[9.08218,45.47982]]]},"properties":{"cdi":0.214,"o_score_pt":969.4,"o_score_car":1495.8,"population":29}},{"type":"Feature","id":1281,"geometry":{"type":"Polygon","coordinates":[[[9.08477,45.48248],[9.08512,45.48266],[9.08529,45.48261],[9.08531,45.48248],[9.08496,45.4823],[9.08479,45.48235],[9.08477,45.48248]]]},"properties":{"cdi":0.243,"o_score_pt":970.2,"o_score_car":1592.3,"population":4}},{"type":"Feature","id":1282,"geometry":{"type":"Polygon","coordinates":[[[9.09056,45.47577],[9.09251,45.47678],[9.09463,45.47618],[9.09482,45.47458],[9.09287,45.47357],[9.09075,45.47417],[9.09056,45.47577]]]},"properties":{"cdi":0.178,"o_score_pt":1151.4,"o_score_car":1651.4,"population":762}},{"type":"Feature","id":1283,"geometry":{"type":"Polygon","coordinates":[[[9.08908,45.47275],[9.09064,45.47356],[9.09229,45.47309],[9.09244,45.47184],[9.09087,45.47103],[9.08922,45.4715],[9.08908,45.47275]]]},"properties":{"cdi":0.125,"o_score_pt":1058.2,"o_score_car":1361.3,"population":227}},{"type":"Feature","id":1284,"geometry":{"type":"Polygon","coordinates":[[[9.0817,45.47136],[9.08189,45.47147],[9.08189,45.47147],[9.0817,45.47136],[9.0817,45.47136]]]},"properties":{"cdi":0.288,"o_score_pt":787.1,"o_score_car":1425.1,"population":0}},{"type":"Feature","id":1285,"geometry":{"type":"Polygon","coordinates":[[[9.08181,45.48505],[9.08251,45.48541],[9.08311,45.48524],[9.08316,45.48478],[9.08246,45.48442],[9.08187,45.48459],[9.08181,45.48505]]]},"properties":{"cdi":0.255,"o_score_pt":968.3,"o_score_car":1629.7,"population":14}},{"type":"Feature","id":1286,"geometry":{"type":"Polygon","coordinates":[[[9.09135,45.48575],[9.09155,45.48585],[9.09155,45.48585],[9.09135,45.48575],[9.09135,45.48575]]]},"properties":{"cdi":0.276,"o_score_pt":929,"o_score_car":1636.2,"population":1}},{"type":"Feature","id":1287,"geometry":{"type":"Polygon","coordinates":[[[9.09329,45.48862],[9.09348,45.48872],[9.09348,45.48872],[9.09329,45.48862],[9.09329,45.48862]]]},"properties":{"cdi":0.291,"o_score_pt":872.8,"o_score_car":1590.9,"population":0}},{"type":"Feature","id":1288,"geometry":{"type":"Polygon","coordinates":[[[9.1172,45.48361],[9.11884,45.48446],[9.12059,45.48396],[9.12074,45.48264],[9.1191,45.48179],[9.11735,45.48229],[9.1172,45.48361]]]},"properties":{"cdi":0.167,"o_score_pt":1266.3,"o_score_car":1775.6,"population":290}},{"type":"Feature","id":1289,"geometry":{"type":"Polygon","coordinates":[[[9.1099,45.48219],[9.1101,45.4823],[9.1101,45.4823],[9.1099,45.48219],[9.1099,45.48219]]]},"properties":{"cdi":0.155,"o_score_pt":1237.6,"o_score_car":1691.3,"population":1}},{"type":"Feature","id":1290,"geometry":{"type":"Polygon","coordinates":[[[9.12729,45.47901],[9.1285,45.47964],[9.12971,45.47929],[9.12982,45.47837],[9.12861,45.47775],[9.12739,45.47809],[9.12729,45.47901]]]},"properties":{"cdi":0.057,"o_score_pt":1630.6,"o_score_car":1828,"population":73}},{"type":"Feature","id":1291,"geometry":{"type":"Polygon","coordinates":[[[9.10416,45.47704],[9.10598,45.47798],[9.10794,45.47743],[9.10811,45.47595],[9.10629,45.475],[9.10433,45.47556],[9.10416,45.47704]]]},"properties":{"cdi":0.134,"o_score_pt":1344.7,"o_score_car":1761.8,"population":509}},{"type":"Feature","id":1292,"geometry":{"type":"Polygon","coordinates":[[[9.10724,45.47955],[9.10807,45.47998],[9.10883,45.47977],[9.1089,45.47919],[9.10807,45.47876],[9.1073,45.47897],[9.10724,45.47955]]]},"properties":{"cdi":0.155,"o_score_pt":1278.8,"o_score_car":1747.9,"population":22}},{"type":"Feature","id":1293,"geometry":{"type":"Polygon","coordinates":[[[9.11365,45.47264],[9.11555,45.47362],[9.11761,45.47304],[9.11779,45.47148],[9.11589,45.4705],[9.11383,45.47108],[9.11365,45.47264]]]},"properties":{"cdi":0.113,"o_score_pt":1392.2,"o_score_car":1747.2,"population":651}},{"type":"Feature","id":1294,"geometry":{"type":"Polygon","coordinates":[[[9.10653,45.4935],[9.10858,45.49456],[9.11081,45.49393],[9.11101,45.49224],[9.10896,45.49118],[9.10672,45.49181],[9.10653,45.4935]]]},"properties":{"cdi":0.06,"o_score_pt":1449.2,"o_score_car":1635.7,"population":1039}},{"type":"Feature","id":1295,"geometry":{"type":"Polygon","coordinates":[[[9.12581,45.48972],[9.12723,45.49045],[9.1287,45.49003],[9.12883,45.48892],[9.12741,45.48818],[9.12594,45.4886],[9.12581,45.48972]]]},"properties":{"cdi":-0.008,"o_score_pt":1805.1,"o_score_car":1777.8,"population":144}},{"type":"Feature","id":1296,"geometry":{"type":"Polygon","coordinates":[[[9.11608,45.48908],[9.11816,45.49015],[9.12043,45.48951],[9.12062,45.4878],[9.11855,45.48672],[9.11628,45.48737],[9.11608,45.48908]]]},"properties":{"cdi":0.111,"o_score_pt":1411.2,"o_score_car":1764.4,"population":1126}},{"type":"Feature","id":1297,"geometry":{"type":"Polygon","coordinates":[[[9.10533,45.48178],[9.10561,45.48193],[9.1057,45.4819],[9.10571,45.48183],[9.10543,45.48169],[9.10534,45.48171],[9.10533,45.48178]]]},"properties":{"cdi":0.16,"o_score_pt":1251.1,"o_score_car":1727.2,"population":3}},{"type":"Feature","id":1298,"geometry":{"type":"Polygon","coordinates":[[[9.06756,45.45654],[9.06776,45.45664],[9.06776,45.45664],[9.06756,45.45654],[9.06756,45.45654]]]},"properties":{"cdi":0.715,"o_score_pt":241,"o_score_car":1448.8,"population":1}},{"type":"Feature","id":1299,"geometry":{"type":"Polygon","coordinates":[[[9.07708,45.46074],[9.07847,45.46145],[9.07989,45.46105],[9.08002,45.45996],[9.07864,45.45925],[9.07721,45.45965],[9.07708,45.46074]]]},"properties":{"cdi":0.243,"o_score_pt":838.2,"o_score_car":1375.1,"population":127}},{"type":"Feature","id":1300,"geometry":{"type":"Polygon","coordinates":[[[9.06455,45.45401],[9.06568,45.45459],[9.0668,45.45427],[9.0669,45.45342],[9.06577,45.45284],[9.06465,45.45316],[9.06455,45.45401]]]},"properties":{"cdi":0.32,"o_score_pt":661.3,"o_score_car":1285.1,"population":57}},{"type":"Feature","id":1301,"geometry":{"type":"Polygon","coordinates":[[[9.05667,45.45278],[9.05687,45.45288],[9.05687,45.45288],[9.05667,45.45278],[9.05667,45.45278]]]},"properties":{"cdi":0.791,"o_score_pt":155.8,"o_score_car":1336.1,"population":1}},{"type":"Feature","id":1302,"geometry":{"type":"Polygon","coordinates":[[[9.07378,45.44969],[9.07521,45.45043],[9.07671,45.45001],[9.07684,45.44888],[9.0754,45.44813],[9.07391,45.44856],[9.07378,45.44969]]]},"properties":{"cdi":0.347,"o_score_pt":580.4,"o_score_car":1198,"population":151}},{"type":"Feature","id":1303,"geometry":{"type":"Polygon","coordinates":[[[9.07438,45.46322],[9.07589,45.464],[9.07748,45.46355],[9.07762,45.46235],[9.07611,45.46157],[9.07452,45.46202],[9.07438,45.46322]]]},"properties":{"cdi":0.368,"o_score_pt":644.9,"o_score_car":1395.6,"population":194}},{"type":"Feature","id":1304,"geometry":{"type":"Polygon","coordinates":[[[9.17666,45.45473],[9.1788,45.45583],[9.18115,45.45517],[9.18135,45.4534],[9.17921,45.45229],[9.17687,45.45296],[9.17666,45.45473]]]},"properties":{"cdi":0.028,"o_score_pt":1828.9,"o_score_car":1935.9,"population":1411}},{"type":"Feature","id":1305,"geometry":{"type":"Polygon","coordinates":[[[9.19521,45.45116],[9.19735,45.45227],[9.19969,45.4516],[9.1999,45.44983],[9.19776,45.44872],[9.19541,45.44939],[9.19521,45.45116]]]},"properties":{"cdi":0.022,"o_score_pt":1935.6,"o_score_car":2024.3,"population":1781}},{"type":"Feature","id":1306,"geometry":{"type":"Polygon","coordinates":[[[9.18645,45.45022],[9.18841,45.45124],[9.19054,45.45063],[9.19073,45.44902],[9.18876,45.448],[9.18663,45.44861],[9.18645,45.45022]]]},"properties":{"cdi":0.083,"o_score_pt":1650.2,"o_score_car":1949.2,"population":793}},{"type":"Feature","id":1307,"geometry":{"type":"Polygon","coordinates":[[[9.17341,45.44366],[9.17555,45.44476],[9.17788,45.4441],[9.17809,45.44233],[9.17595,45.44123],[9.17361,45.44189],[9.17341,45.44366]]]},"properties":{"cdi":-0.001,"o_score_pt":1807.9,"o_score_car":1806,"population":1354}},{"type":"Feature","id":1308,"geometry":{"type":"Polygon","coordinates":[[[9.18246,45.44451],[9.18452,45.44558],[9.18678,45.44493],[9.18698,45.44323],[9.18491,45.44216],[9.18265,45.4428],[9.18246,45.44451]]]},"properties":{"cdi":0.114,"o_score_pt":1510.7,"o_score_car":1901.1,"population":1096}},{"type":"Feature","id":1309,"geometry":{"type":"Polygon","coordinates":[[[9.18464,45.44731],[9.18649,45.44826],[9.18849,45.44769],[9.18867,45.44618],[9.18681,45.44522],[9.18481,45.44579],[9.18464,45.44731]]]},"properties":{"cdi":0.077,"o_score_pt":1672.1,"o_score_car":1952.7,"population":563}},{"type":"Feature","id":1310,"geometry":{"type":"Polygon","coordinates":[[[9.17412,45.45717],[9.17626,45.45827],[9.1786,45.45761],[9.1788,45.45583],[9.17666,45.45473],[9.17432,45.4554],[9.17412,45.45717]]]},"properties":{"cdi":0.024,"o_score_pt":1947.4,"o_score_car":2042,"population":2097}},{"type":"Feature","id":1311,"geometry":{"type":"Polygon","coordinates":[[[9.18527,45.46084],[9.18719,45.46183],[9.18928,45.46124],[9.18946,45.45966],[9.18753,45.45867],[9.18545,45.45926],[9.18527,45.46084]]]},"properties":{"cdi":-0.055,"o_score_pt":2224.3,"o_score_car":1993.6,"population":701}},{"type":"Feature","id":1312,"geometry":{"type":"Polygon","coordinates":[[[9.17221,45.45428],[9.17432,45.45537],[9.17663,45.45471],[9.17683,45.45297],[9.17472,45.45188],[9.17241,45.45254],[9.17221,45.45428]]]},"properties":{"cdi":0.024,"o_score_pt":1919.4,"o_score_car":2012.4,"population":1254}},{"type":"Feature","id":1313,"geometry":{"type":"Polygon","coordinates":[[[9.16321,45.45342],[9.16535,45.45452],[9.1677,45.45386],[9.1679,45.45208],[9.16576,45.45098],[9.16342,45.45165],[9.16321,45.45342]]]},"properties":{"cdi":0.05,"o_score_pt":1768.3,"o_score_car":1952.6,"population":1489}},{"type":"Feature","id":1314,"geometry":{"type":"Polygon","coordinates":[[[9.2106,45.45534],[9.21274,45.45645],[9.21509,45.45578],[9.21529,45.45401],[9.21315,45.4529],[9.2108,45.45357],[9.2106,45.45534]]]},"properties":{"cdi":0.079,"o_score_pt":1685.2,"o_score_car":1975.8,"population":1743}},{"type":"Feature","id":1315,"geometry":{"type":"Polygon","coordinates":[[[9.21254,45.45822],[9.21468,45.45932],[9.21702,45.45866],[9.21723,45.45688],[9.21509,45.45578],[9.21274,45.45645],[9.21254,45.45822]]]},"properties":{"cdi":0.078,"o_score_pt":1680.9,"o_score_car":1963.4,"population":2188}},{"type":"Feature","id":1316,"geometry":{"type":"Polygon","coordinates":[[[9.22018,45.4509],[9.22232,45.452],[9.22466,45.45134],[9.22487,45.44956],[9.22273,45.44846],[9.22038,45.44913],[9.22018,45.4509]]]},"properties":{"cdi":0.068,"o_score_pt":1651.2,"o_score_car":1893.2,"population":2322}},{"type":"Feature","id":1317,"geometry":{"type":"Polygon","coordinates":[[[9.19969,45.4516],[9.20183,45.4527],[9.20418,45.45203],[9.20438,45.45026],[9.20224,45.44916],[9.1999,45.44983],[9.19969,45.4516]]]},"properties":{"cdi":-0.004,"o_score_pt":2066.8,"o_score_car":2051.6,"population":1750}},{"type":"Feature","id":1318,"geometry":{"type":"Polygon","coordinates":[[[9.21855,45.44792],[9.22043,45.44889],[9.22245,45.44831],[9.22262,45.44679],[9.22075,45.44582],[9.21873,45.4464],[9.21855,45.44792]]]},"properties":{"cdi":0.091,"o_score_pt":1517.2,"o_score_car":1819.4,"population":593}},{"type":"Feature","id":1319,"geometry":{"type":"Polygon","coordinates":[[[9.20942,45.44711],[9.21143,45.44814],[9.21363,45.44752],[9.21382,45.44586],[9.2118,45.44482],[9.20961,45.44545],[9.20942,45.44711]]]},"properties":{"cdi":-0.014,"o_score_pt":2039.5,"o_score_car":1984.1,"population":924}},{"type":"Feature","id":1320,"geometry":{"type":"Polygon","coordinates":[[[9.21006,45.46064],[9.21214,45.46171],[9.21441,45.46106],[9.21461,45.45935],[9.21253,45.45828],[9.21026,45.45892],[9.21006,45.46064]]]},"properties":{"cdi":0.07,"o_score_pt":1709.3,"o_score_car":1968.5,"population":1129}},{"type":"Feature","id":1321,"geometry":{"type":"Polygon","coordinates":[[[9.21916,45.46147],[9.22113,45.46248],[9.22326,45.46187],[9.22345,45.46026],[9.22148,45.45925],[9.21935,45.45985],[9.21916,45.46147]]]},"properties":{"cdi":0.078,"o_score_pt":1699.9,"o_score_car":1986.5,"population":797}},{"type":"Feature","id":1322,"geometry":{"type":"Polygon","coordinates":[[[9.2209,45.46441],[9.22304,45.46551],[9.22538,45.46484],[9.22559,45.46307],[9.22345,45.46197],[9.2211,45.46264],[9.2209,45.46441]]]},"properties":{"cdi":0.061,"o_score_pt":1734.1,"o_score_car":1961.3,"population":1804}},{"type":"Feature","id":1323,"geometry":{"type":"Polygon","coordinates":[[[9.19715,45.45404],[9.19929,45.45514],[9.20163,45.45447],[9.20183,45.4527],[9.19969,45.4516],[9.19735,45.45227],[9.19715,45.45404]]]},"properties":{"cdi":0.014,"o_score_pt":1942.5,"o_score_car":1997.7,"population":1958}},{"type":"Feature","id":1324,"geometry":{"type":"Polygon","coordinates":[[[9.17046,45.43249],[9.17233,45.43346],[9.17434,45.43288],[9.17452,45.43136],[9.17265,45.43039],[9.17064,45.43097],[9.17046,45.43249]]]},"properties":{"cdi":0.077,"o_score_pt":1515.4,"o_score_car":1767.4,"population":585}},{"type":"Feature","id":1325,"geometry":{"type":"Polygon","coordinates":[[[9.16146,45.43163],[9.16336,45.43261],[9.16541,45.43203],[9.16559,45.43047],[9.16369,45.42949],[9.16164,45.43008],[9.16146,45.43163]]]},"properties":{"cdi":0.075,"o_score_pt":1400.3,"o_score_car":1626.9,"population":644}},{"type":"Feature","id":1326,"geometry":{"type":"Polygon","coordinates":[[[9.1818,45.42749],[9.18215,45.42766],[9.18232,45.42762],[9.18234,45.42748],[9.18199,45.4273],[9.18182,45.42735],[9.1818,45.42749]]]},"properties":{"cdi":0.068,"o_score_pt":1444.2,"o_score_car":1655.8,"population":4}},{"type":"Feature","id":1327,"geometry":{"type":"Polygon","coordinates":[[[9.15783,45.4258],[9.15952,45.42668],[9.16134,45.42616],[9.16149,45.42479],[9.15979,45.42391],[9.15798,45.42443],[9.15783,45.4258]]]},"properties":{"cdi":0.073,"o_score_pt":1240.7,"o_score_car":1435.5,"population":346}},{"type":"Feature","id":1328,"geometry":{"type":"Polygon","coordinates":[[[9.15965,45.42872],[9.16144,45.42964],[9.16337,45.42909],[9.16354,45.42763],[9.16174,45.42671],[9.15981,45.42725],[9.15965,45.42872]]]},"properties":{"cdi":0.104,"o_score_pt":1294.5,"o_score_car":1596.6,"population":470}},{"type":"Feature","id":1329,"geometry":{"type":"Polygon","coordinates":[[[9.16769,45.42127],[9.16914,45.42202],[9.17065,45.42159],[9.17078,45.42044],[9.16933,45.4197],[9.16782,45.42012],[9.16769,45.42127]]]},"properties":{"cdi":0.172,"o_score_pt":1108.6,"o_score_car":1568.9,"population":157}},{"type":"Feature","id":1330,"geometry":{"type":"Polygon","coordinates":[[[9.16031,45.44224],[9.16214,45.44319],[9.16412,45.44263],[9.1643,45.44113],[9.16246,45.44018],[9.16048,45.44074],[9.16031,45.44224]]]},"properties":{"cdi":-0.017,"o_score_pt":1694.7,"o_score_car":1636.5,"population":536}},{"type":"Feature","id":1331,"geometry":{"type":"Polygon","coordinates":[[[9.1785,45.43878],[9.18064,45.43989],[9.18298,45.43922],[9.18319,45.43745],[9.18105,45.43634],[9.17871,45.43701],[9.1785,45.43878]]]},"properties":{"cdi":0.103,"o_score_pt":1473,"o_score_car":1810.8,"population":2102}},{"type":"Feature","id":1332,"geometry":{"type":"Polygon","coordinates":[[[9.16976,45.43784],[9.17171,45.43884],[9.17381,45.43824],[9.174,45.43665],[9.17205,45.43564],[9.16995,45.43624],[9.16976,45.43784]]]},"properties":{"cdi":0.003,"o_score_pt":1781.4,"o_score_car":1791.4,"population":744}},{"type":"Feature","id":1333,"geometry":{"type":"Polygon","coordinates":[[[9.15682,45.43124],[9.15886,45.43229],[9.16108,45.43166],[9.16127,45.42998],[9.15923,45.42893],[9.15702,45.42956],[9.15682,45.43124]]]},"properties":{"cdi":0.092,"o_score_pt":1368.1,"o_score_car":1644.3,"population":994}},{"type":"Feature","id":1334,"geometry":{"type":"Polygon","coordinates":[[[9.19568,45.43215],[9.19733,45.433],[9.19907,45.43251],[9.19923,45.43118],[9.19758,45.43033],[9.19583,45.43083],[9.19568,45.43215]]]},"properties":{"cdi":0.216,"o_score_pt":1087.9,"o_score_car":1686,"population":294}},{"type":"Feature","id":1335,"geometry":{"type":"Polygon","coordinates":[[[9.20676,45.43584],[9.20825,45.43661],[9.20981,45.43617],[9.20994,45.43499],[9.20846,45.43422],[9.2069,45.43466],[9.20676,45.43584]]]},"properties":{"cdi":0.148,"o_score_pt":1309.5,"o_score_car":1765.1,"population":178}},{"type":"Feature","id":1336,"geometry":{"type":"Polygon","coordinates":[[[9.19448,45.42904],[9.19549,45.42956],[9.19647,45.42928],[9.19655,45.42854],[9.19554,45.42802],[9.19457,45.4283],[9.19448,45.42904]]]},"properties":{"cdi":0.233,"o_score_pt":962.3,"o_score_car":1548.2,"population":39}},{"type":"Feature","id":1337,"geometry":{"type":"Polygon","coordinates":[[[9.18645,45.42787],[9.18665,45.42797],[9.18665,45.42797],[9.18645,45.42787],[9.18645,45.42787]]]},"properties":{"cdi":0.149,"o_score_pt":1265.5,"o_score_car":1707.3,"population":0}},{"type":"Feature","id":1338,"geometry":{"type":"Polygon","coordinates":[[[9.20307,45.42491],[9.20493,45.42587],[9.20694,45.4253],[9.20711,45.42378],[9.20525,45.42282],[9.20325,45.42339],[9.20307,45.42491]]]},"properties":{"cdi":0.216,"o_score_pt":1070.3,"o_score_car":1658.5,"population":573}},{"type":"Feature","id":1339,"geometry":{"type":"Polygon","coordinates":[[[9.19421,45.44286],[9.19607,45.44382],[9.19807,45.44325],[9.19825,45.44174],[9.19639,45.44078],[9.19439,45.44135],[9.19421,45.44286]]]},"properties":{"cdi":0.124,"o_score_pt":1464.7,"o_score_car":1878.9,"population":567}},{"type":"Feature","id":1340,"geometry":{"type":"Polygon","coordinates":[[[9.19638,45.44567],[9.19804,45.44652],[9.1998,45.44602],[9.19995,45.44469],[9.19829,45.44383],[9.19654,45.44434],[9.19638,45.44567]]]},"properties":{"cdi":0.048,"o_score_pt":1720.9,"o_score_car":1894,"population":301}},{"type":"Feature","id":1341,"geometry":{"type":"Polygon","coordinates":[[[9.20484,45.43808],[9.20579,45.43857],[9.20669,45.43832],[9.20677,45.43763],[9.20582,45.43714],[9.20492,45.4374],[9.20484,45.43808]]]},"properties":{"cdi":0.152,"o_score_pt":1329,"o_score_car":1806.6,"population":32}},{"type":"Feature","id":1342,"geometry":{"type":"Polygon","coordinates":[[[9.18311,45.43918],[9.18514,45.44023],[9.18736,45.4396],[9.18755,45.43792],[9.18551,45.43687],[9.1833,45.4375],[9.18311,45.43918]]]},"properties":{"cdi":0.134,"o_score_pt":1384,"o_score_car":1812.7,"population":986}},{"type":"Feature","id":1343,"geometry":{"type":"Polygon","coordinates":[[[9.16392,45.46692],[9.16606,45.46803],[9.16841,45.46736],[9.16861,45.46559],[9.16647,45.46448],[9.16413,45.46515],[9.16392,45.46692]]]},"properties":{"cdi":-0.036,"o_score_pt":2252,"o_score_car":2094.2,"population":1544}},{"type":"Feature","id":1344,"geometry":{"type":"Polygon","coordinates":[[[9.17306,45.46775],[9.17505,45.46878],[9.17722,45.46816],[9.17741,45.46652],[9.17542,45.46549],[9.17324,45.4661],[9.17306,45.46775]]]},"properties":{"cdi":-0.062,"o_score_pt":2405.5,"o_score_car":2124.3,"population":877}},{"type":"Feature","id":1345,"geometry":{"type":"Polygon","coordinates":[[[9.17571,45.47039],[9.17709,45.4711],[9.1785,45.4707],[9.17863,45.46962],[9.17725,45.46892],[9.17584,45.46932],[9.17571,45.47039]]]},"properties":{"cdi":-0.04,"o_score_pt":2256.1,"o_score_car":2082.8,"population":123}},{"type":"Feature","id":1346,"geometry":{"type":"Polygon","coordinates":[[[9.15109,45.4603],[9.15322,45.4614],[9.15557,45.46073],[9.15577,45.45896],[9.15363,45.45786],[9.15129,45.45852],[9.15109,45.4603]]]},"properties":{"cdi":0.076,"o_score_pt":1702.3,"o_score_car":1983.3,"population":2342}},{"type":"Feature","id":1347,"geometry":{"type":"Polygon","coordinates":[[[9.1621,45.46401],[9.16414,45.46506],[9.16637,45.46443],[9.16656,45.46275],[9.16452,45.4617],[9.1623,45.46233],[9.1621,45.46401]]]},"properties":{"cdi":0.012,"o_score_pt":2048.4,"o_score_car":2096.4,"population":1005}},{"type":"Feature","id":1348,"geometry":{"type":"Polygon","coordinates":[[[9.16291,45.47748],[9.16486,45.47849],[9.16698,45.47789],[9.16717,45.47629],[9.16521,45.47528],[9.1631,45.47588],[9.16291,45.47748]]]},"properties":{"cdi":0.067,"o_score_pt":1842,"o_score_car":2105.8,"population":762}},{"type":"Feature","id":1349,"geometry":{"type":"Polygon","coordinates":[[[9.15446,45.47644],[9.15597,45.47722],[9.15754,45.47677],[9.15768,45.47558],[9.15617,45.4748],[9.1546,45.47525],[9.15446,45.47644]]]},"properties":{"cdi":0.006,"o_score_pt":1965.5,"o_score_car":1989.2,"population":186}},{"type":"Feature","id":1350,"geometry":{"type":"Polygon","coordinates":[[[9.17444,45.47242],[9.17471,45.47256],[9.1748,45.47254],[9.17481,45.47247],[9.17453,45.47233],[9.17444,45.47235],[9.17444,45.47242]]]},"properties":{"cdi":0.009,"o_score_pt":2084.1,"o_score_car":2123.8,"population":3}},{"type":"Feature","id":1351,"geometry":{"type":"Polygon","coordinates":[[[9.14986,45.47092],[9.152,45.47203],[9.15434,45.47136],[9.15454,45.46959],[9.15241,45.46849],[9.15006,45.46915],[9.14986,45.47092]]]},"properties":{"cdi":0.016,"o_score_pt":1961.1,"o_score_car":2026.5,"population":2123}},{"type":"Feature","id":1352,"geometry":{"type":"Polygon","coordinates":[[[9.15196,45.47375],[9.15395,45.47477],[9.15612,45.47416],[9.15631,45.47252],[9.15432,45.47149],[9.15215,45.47211],[9.15196,45.47375]]]},"properties":{"cdi":0.013,"o_score_pt":1988.1,"o_score_car":2041.4,"population":867}},{"type":"Feature","id":1353,"geometry":{"type":"Polygon","coordinates":[[[9.19043,45.47479],[9.19239,45.4758],[9.1945,45.4752],[9.19469,45.47359],[9.19273,45.47259],[9.19062,45.47319],[9.19043,45.47479]]]},"properties":{"cdi":-0.03,"o_score_pt":2209.2,"o_score_car":2081.8,"population":763}},{"type":"Feature","id":1354,"geometry":{"type":"Polygon","coordinates":[[[9.20877,45.47129],[9.21091,45.47239],[9.21325,45.47173],[9.21346,45.46996],[9.21132,45.46885],[9.20897,45.46952],[9.20877,45.47129]]]},"properties":{"cdi":0.031,"o_score_pt":1948.1,"o_score_car":2070.9,"population":1610}},{"type":"Feature","id":1355,"geometry":{"type":"Polygon","coordinates":[[[9.19992,45.47038],[9.20196,45.47143],[9.20417,45.4708],[9.20436,45.46912],[9.20233,45.46808],[9.20012,45.46871],[9.19992,45.47038]]]},"properties":{"cdi":-0.03,"o_score_pt":2199.6,"o_score_car":2071.9,"population":976}},{"type":"Feature","id":1356,"geometry":{"type":"Polygon","coordinates":[[[9.18762,45.46358],[9.18919,45.46439],[9.19084,45.46392],[9.19098,45.46267],[9.18941,45.46186],[9.18776,45.46233],[9.18762,45.46358]]]},"properties":{"cdi":-0.11,"o_score_pt":2371.6,"o_score_car":1900.1,"population":229}},{"type":"Feature","id":1357,"geometry":{"type":"Polygon","coordinates":[[[9.19617,45.46459],[9.1981,45.46558],[9.20019,45.46499],[9.20037,45.46341],[9.19844,45.46242],[9.19635,45.46301],[9.19617,45.46459]]]},"properties":{"cdi":-0.049,"o_score_pt":2137.5,"o_score_car":1939.5,"population":708}},{"type":"Feature","id":1358,"geometry":{"type":"Polygon","coordinates":[[[9.19819,45.46744],[9.20005,45.4684],[9.20205,45.46783],[9.20222,45.46631],[9.20036,45.46535],[9.19836,45.46592],[9.19819,45.46744]]]},"properties":{"cdi":-0.06,"o_score_pt":2286.6,"o_score_car":2028.2,"population":569}},{"type":"Feature","id":1359,"geometry":{"type":"Polygon","coordinates":[[[9.18767,45.4773],[9.18981,45.4784],[9.19215,45.47774],[9.19236,45.47596],[9.19022,45.47486],[9.18787,45.47553],[9.18767,45.4773]]]},"properties":{"cdi":-0.039,"o_score_pt":2272.5,"o_score_car":2103.7,"population":1630}},{"type":"Feature","id":1360,"geometry":{"type":"Polygon","coordinates":[[[9.19858,45.48105],[9.20072,45.48215],[9.20306,45.48148],[9.20326,45.47971],[9.20112,45.47861],[9.19878,45.47928],[9.19858,45.48105]]]},"properties":{"cdi":-0.037,"o_score_pt":2287,"o_score_car":2125.4,"population":1730}},{"type":"Feature","id":1361,"geometry":{"type":"Polygon","coordinates":[[[9.18586,45.47438],[9.18789,45.47543],[9.1901,45.4748],[9.19029,45.47313],[9.18826,45.47209],[9.18606,45.47271],[9.18586,45.47438]]]},"properties":{"cdi":-0.024,"o_score_pt":2211.3,"o_score_car":2105.5,"population":960}},{"type":"Feature","id":1362,"geometry":{"type":"Polygon","coordinates":[[[9.17802,45.47315],[9.17907,45.47369],[9.1801,45.4734],[9.18019,45.47262],[9.17914,45.47207],[9.17811,45.47237],[9.17802,45.47315]]]},"properties":{"cdi":-0.017,"o_score_pt":2212.3,"o_score_car":2136.3,"population":45}},{"type":"Feature","id":1363,"geometry":{"type":"Polygon","coordinates":[[[9.14805,45.44916],[9.15,45.45017],[9.15212,45.44957],[9.1523,45.44796],[9.15035,45.44695],[9.14823,45.44756],[9.14805,45.44916]]]},"properties":{"cdi":0.088,"o_score_pt":1526.9,"o_score_car":1820.4,"population":768}},{"type":"Feature","id":1364,"geometry":{"type":"Polygon","coordinates":[[[9.14977,45.4521],[9.1519,45.45321],[9.15425,45.45254],[9.15445,45.45077],[9.15231,45.44967],[9.14997,45.45033],[9.14977,45.4521]]]},"properties":{"cdi":0.079,"o_score_pt":1680.6,"o_score_car":1969.9,"population":2512}},{"type":"Feature","id":1365,"geometry":{"type":"Polygon","coordinates":[[[9.15793,45.44462],[9.15962,45.44549],[9.16142,45.44498],[9.16157,45.44362],[9.15989,45.44275],[9.15809,45.44326],[9.15793,45.44462]]]},"properties":{"cdi":0.024,"o_score_pt":1749.1,"o_score_car":1836.2,"population":333}},{"type":"Feature","id":1366,"geometry":{"type":"Polygon","coordinates":[[[9.13727,45.44537],[9.13912,45.44632],[9.14111,45.44575],[9.14128,45.44425],[9.13943,45.4433],[9.13745,45.44386],[9.13727,45.44537]]]},"properties":{"cdi":0.035,"o_score_pt":1501.9,"o_score_car":1610.8,"population":546}},{"type":"Feature","id":1367,"geometry":{"type":"Polygon","coordinates":[[[9.15562,45.44187],[9.15763,45.44291],[9.15983,45.44228],[9.16002,45.44062],[9.158,45.43958],[9.15581,45.44021],[9.15562,45.44187]]]},"properties":{"cdi":0.075,"o_score_pt":1567.7,"o_score_car":1822.5,"population":927}},{"type":"Feature","id":1368,"geometry":{"type":"Polygon","coordinates":[[[9.14651,45.44104],[9.14865,45.44214],[9.15099,45.44147],[9.1512,45.4397],[9.14906,45.4386],[9.14672,45.43926],[9.14651,45.44104]]]},"properties":{"cdi":0.13,"o_score_pt":1405.9,"o_score_car":1825.4,"population":1439}},{"type":"Feature","id":1369,"geometry":{"type":"Polygon","coordinates":[[[9.14722,45.45454],[9.14936,45.45565],[9.1517,45.45498],[9.1519,45.45321],[9.14977,45.4521],[9.14742,45.45277],[9.14722,45.45454]]]},"properties":{"cdi":0.091,"o_score_pt":1633.5,"o_score_car":1960.6,"population":2974}},{"type":"Feature","id":1370,"geometry":{"type":"Polygon","coordinates":[[[9.15618,45.45542],[9.15832,45.45652],[9.16067,45.45586],[9.16087,45.45409],[9.15873,45.45298],[9.15639,45.45365],[9.15618,45.45542]]]},"properties":{"cdi":0.072,"o_score_pt":1708.7,"o_score_car":1975.7,"population":1834}},{"type":"Feature","id":1371,"geometry":{"type":"Polygon","coordinates":[[[9.15812,45.4583],[9.16026,45.4594],[9.1626,45.45873],[9.1628,45.45696],[9.16067,45.45586],[9.15832,45.45652],[9.15812,45.4583]]]},"properties":{"cdi":0.068,"o_score_pt":1768.3,"o_score_car":2025.3,"population":2048}},{"type":"Feature","id":1372,"geometry":{"type":"Polygon","coordinates":[[[9.13453,45.44787],[9.13654,45.44891],[9.13874,45.44829],[9.13893,45.44663],[9.13691,45.44558],[9.13472,45.44621],[9.13453,45.44787]]]},"properties":{"cdi":0.1,"o_score_pt":1505.2,"o_score_car":1838.4,"population":936}},{"type":"Feature","id":1373,"geometry":{"type":"Polygon","coordinates":[[[9.20061,45.5267],[9.20232,45.52758],[9.20414,45.52706],[9.2043,45.52569],[9.20259,45.52481],[9.20077,45.52533],[9.20061,45.5267]]]},"properties":{"cdi":0.083,"o_score_pt":1345.7,"o_score_car":1590.3,"population":351}},{"type":"Feature","id":1374,"geometry":{"type":"Polygon","coordinates":[[[9.20025,45.52332],[9.20059,45.5235],[9.20077,45.52345],[9.20078,45.52332],[9.20044,45.52314],[9.20026,45.52319],[9.20025,45.52332]]]},"properties":{"cdi":0.121,"o_score_pt":1313.8,"o_score_car":1676,"population":4}},{"type":"Feature","id":1375,"geometry":{"type":"Polygon","coordinates":[[[9.18933,45.52307],[9.19135,45.52411],[9.19356,45.52349],[9.19375,45.52182],[9.19173,45.52078],[9.18952,45.52141],[9.18933,45.52307]]]},"properties":{"cdi":0.086,"o_score_pt":1425.4,"o_score_car":1694.6,"population":955}},{"type":"Feature","id":1376,"geometry":{"type":"Polygon","coordinates":[[[9.20849,45.51931],[9.21,45.52009],[9.21158,45.51964],[9.21171,45.51845],[9.21021,45.51767],[9.20863,45.51812],[9.20849,45.51931]]]},"properties":{"cdi":0.054,"o_score_pt":1586.8,"o_score_car":1768.5,"population":187}},{"type":"Feature","id":1377,"geometry":{"type":"Polygon","coordinates":[[[9.22316,45.52373],[9.2253,45.52483],[9.22765,45.52417],[9.22785,45.5224],[9.22571,45.52129],[9.22336,45.52196],[9.22316,45.52373]]]},"properties":{"cdi":0.063,"o_score_pt":1493.5,"o_score_car":1693.8,"population":1608}},{"type":"Feature","id":1378,"geometry":{"type":"Polygon","coordinates":[[[9.10619,45.52267],[9.10754,45.52336],[9.10892,45.52297],[9.10904,45.52193],[9.10769,45.52123],[9.10631,45.52163],[9.10619,45.52267]]]},"properties":{"cdi":0.995,"o_score_pt":3.6,"o_score_car":1486.6,"population":112}},{"type":"Feature","id":1379,"geometry":{"type":"Polygon","coordinates":[[[9.12471,45.51913],[9.12609,45.51984],[9.12751,45.51944],[9.12764,45.51836],[9.12626,45.51765],[9.12484,45.51806],[9.12471,45.51913]]]},"properties":{"cdi":0.259,"o_score_pt":973.4,"o_score_car":1654.9,"population":125}},{"type":"Feature","id":1380,"geometry":{"type":"Polygon","coordinates":[[[9.11602,45.51816],[9.11716,45.51875],[9.11829,45.51843],[9.11838,45.51757],[9.11725,45.51699],[9.11612,45.51731],[9.11602,45.51816]]]},"properties":{"cdi":0.259,"o_score_pt":940.4,"o_score_car":1599.1,"population":58}},{"type":"Feature","id":1381,"geometry":{"type":"Polygon","coordinates":[[[9.10427,45.51119],[9.10447,45.51129],[9.10447,45.51129],[9.10427,45.51119],[9.10427,45.51119]]]},"properties":{"cdi":0.194,"o_score_pt":996.6,"o_score_car":1475,"population":2}},{"type":"Feature","id":1382,"geometry":{"type":"Polygon","coordinates":[[[9.11277,45.51221],[9.11337,45.51252],[9.11385,45.51239],[9.1139,45.51202],[9.1133,45.51171],[9.11282,45.51185],[9.11277,45.51221]]]},"properties":{"cdi":0.277,"o_score_pt":894.2,"o_score_car":1580.7,"population":10}},{"type":"Feature","id":1383,"geometry":{"type":"Polygon","coordinates":[[[9.11436,45.5152],[9.11526,45.51566],[9.1161,45.51543],[9.11617,45.51479],[9.11528,45.51432],[9.11444,45.51456],[9.11436,45.5152]]]},"properties":{"cdi":0.287,"o_score_pt":920.6,"o_score_car":1662.1,"population":27}},{"type":"Feature","id":1384,"geometry":{"type":"Polygon","coordinates":[[[9.09406,45.52093],[9.09426,45.52103],[9.09426,45.52103],[9.09406,45.52093],[9.09406,45.52093]]]},"properties":{"cdi":0.994,"o_score_pt":3.4,"o_score_car":1183.8,"population":2}},{"type":"Feature","id":1385,"geometry":{"type":"Polygon","coordinates":[[[9.06515,45.4966],[9.06535,45.4967],[9.06535,45.4967],[9.06515,45.4966],[9.06515,45.4966]]]},"properties":{"cdi":0.304,"o_score_pt":750.6,"o_score_car":1407.3,"population":1}},{"type":"Feature","id":1386,"geometry":{"type":"Polygon","coordinates":[[[9.06708,45.49947],[9.06728,45.49958],[9.06728,45.49958],[9.06708,45.49947],[9.06708,45.49947]]]},"properties":{"cdi":0.844,"o_score_pt":110.5,"o_score_car":1303,"population":2}},{"type":"Feature","id":1387,"geometry":{"type":"Polygon","coordinates":[[[9.07278,45.49279],[9.07467,45.49377],[9.07671,45.49319],[9.07689,45.49165],[9.075,45.49067],[9.07296,45.49125],[9.07278,45.49279]]]},"properties":{"cdi":0.154,"o_score_pt":1048.2,"o_score_car":1428.4,"population":623}},{"type":"Feature","id":1388,"geometry":{"type":"Polygon","coordinates":[[[9.07264,45.48935],[9.07298,45.48953],[9.07316,45.48948],[9.07317,45.48934],[9.07282,45.48916],[9.07265,45.48921],[9.07264,45.48935]]]},"properties":{"cdi":0.199,"o_score_pt":1027.2,"o_score_car":1536.7,"population":4}},{"type":"Feature","id":1389,"geometry":{"type":"Polygon","coordinates":[[[9.06453,45.50191],[9.06473,45.50201],[9.06473,45.50201],[9.06453,45.50191],[9.06453,45.50191]]]},"properties":{"cdi":0.854,"o_score_pt":110.3,"o_score_car":1397.6,"population":2}},{"type":"Feature","id":1390,"geometry":{"type":"Polygon","coordinates":[[[9.09915,45.50072],[9.10096,45.50166],[9.10291,45.50111],[9.10308,45.49963],[9.10127,45.49869],[9.09932,45.49925],[9.09915,45.50072]]]},"properties":{"cdi":-0.009,"o_score_pt":1578.6,"o_score_car":1550.3,"population":495}},{"type":"Feature","id":1391,"geometry":{"type":"Polygon","coordinates":[[[9.09205,45.49924],[9.09225,45.49935],[9.09225,45.49935],[9.09205,45.49924],[9.09205,45.49924]]]},"properties":{"cdi":0.156,"o_score_pt":973.1,"o_score_car":1331.7,"population":1}},{"type":"Feature","id":1392,"geometry":{"type":"Polygon","coordinates":[[[9.10841,45.49639],[9.1105,45.49748],[9.1128,45.49683],[9.113,45.4951],[9.1109,45.49401],[9.10861,45.49466],[9.10841,45.49639]]]},"properties":{"cdi":-0.016,"o_score_pt":1650.5,"o_score_car":1598.1,"population":1201}},{"type":"Feature","id":1393,"geometry":{"type":"Polygon","coordinates":[[[9.08819,45.49349],[9.08838,45.4936],[9.08838,45.4936],[9.08819,45.49349],[9.08819,45.49349]]]},"properties":{"cdi":0.335,"o_score_pt":706.9,"o_score_car":1418.8,"population":0}},{"type":"Feature","id":1394,"geometry":{"type":"Polygon","coordinates":[[[9.09012,45.49637],[9.09032,45.49647],[9.09032,45.49647],[9.09012,45.49637],[9.09012,45.49637]]]},"properties":{"cdi":0.998,"o_score_pt":1.4,"o_score_car":1311.5,"population":1}},{"type":"Feature","id":1395,"geometry":{"type":"Polygon","coordinates":[[[9.09646,45.48948],[9.09779,45.49017],[9.09916,45.48978],[9.09928,45.48875],[9.09795,45.48806],[9.09658,45.48845],[9.09646,45.48948]]]},"properties":{"cdi":0.192,"o_score_pt":1092.3,"o_score_car":1612.9,"population":109}},{"type":"Feature","id":1396,"geometry":{"type":"Polygon","coordinates":[[[9.10937,45.50632],[9.10957,45.50642],[9.10957,45.50642],[9.10937,45.50632],[9.10937,45.50632]]]},"properties":{"cdi":0.283,"o_score_pt":961.2,"o_score_car":1719.5,"population":2}},{"type":"Feature","id":1397,"geometry":{"type":"Polygon","coordinates":[[[9.09832,45.5061],[9.10032,45.50713],[9.10249,45.50652],[9.10268,45.50487],[9.10068,45.50384],[9.09851,45.50446],[9.09832,45.5061]]]},"properties":{"cdi":0.103,"o_score_pt":1329,"o_score_car":1633,"population":884}},{"type":"Feature","id":1398,"geometry":{"type":"Polygon","coordinates":[[[9.06485,45.44019],[9.06513,45.44033],[9.06521,45.44031],[9.06522,45.44023],[9.06495,45.44009],[9.06486,45.44011],[9.06485,45.44019]]]},"properties":{"cdi":0.999,"o_score_pt":0.5,"o_score_car":1113.9,"population":3}},{"type":"Feature","id":1399,"geometry":{"type":"Polygon","coordinates":[[[9.05281,45.44703],[9.05301,45.44713],[9.05301,45.44713],[9.05281,45.44703],[9.05281,45.44703]]]},"properties":{"cdi":1,"o_score_pt":0.2,"o_score_car":1243.6,"population":0}},{"type":"Feature","id":1400,"geometry":{"type":"Polygon","coordinates":[[[9.05474,45.4499],[9.05494,45.45001],[9.05494,45.45001],[9.05474,45.4499],[9.05474,45.4499]]]},"properties":{"cdi":1,"o_score_pt":0.1,"o_score_car":1326.2,"population":0}},{"type":"Feature","id":1401,"geometry":{"type":"Polygon","coordinates":[[[9.06135,45.44293],[9.06245,45.44349],[9.06353,45.44319],[9.06362,45.44237],[9.06253,45.4418],[9.06145,45.44211],[9.06135,45.44293]]]},"properties":{"cdi":0.4,"o_score_pt":492.5,"o_score_car":1148.1,"population":51}},{"type":"Feature","id":1402,"geometry":{"type":"Polygon","coordinates":[[[9.1332,45.41733],[9.13348,45.41747],[9.13357,45.41745],[9.13357,45.41738],[9.1333,45.41723],[9.13321,45.41726],[9.1332,45.41733]]]},"properties":{"cdi":0.996,"o_score_pt":2.5,"o_score_car":1329.8,"population":3}},{"type":"Feature","id":1403,"geometry":{"type":"Polygon","coordinates":[[[9.15885,45.41174],[9.15905,45.41184],[9.15905,45.41184],[9.15885,45.41174],[9.15885,45.41174]]]},"properties":{"cdi":0.276,"o_score_pt":757.9,"o_score_car":1335.9,"population":0}},{"type":"Feature","id":1404,"geometry":{"type":"Polygon","coordinates":[[[9.16632,45.40797],[9.16834,45.40902],[9.17055,45.40839],[9.17074,45.40672],[9.16871,45.40567],[9.16651,45.4063],[9.16632,45.40797]]]},"properties":{"cdi":0.179,"o_score_pt":923.8,"o_score_car":1326.5,"population":963}},{"type":"Feature","id":1405,"geometry":{"type":"Polygon","coordinates":[[[9.14867,45.42149],[9.14886,45.4216],[9.14886,45.4216],[9.14867,45.42149],[9.14867,45.42149]]]},"properties":{"cdi":0.183,"o_score_pt":852.4,"o_score_car":1233.5,"population":0}},{"type":"Feature","id":1406,"geometry":{"type":"Polygon","coordinates":[[[9.16613,45.41827],[9.16726,45.41885],[9.16837,45.41853],[9.16847,45.41769],[9.16735,45.41711],[9.16623,45.41742],[9.16613,45.41827]]]},"properties":{"cdi":0.193,"o_score_pt":1042.6,"o_score_car":1542,"population":56}},{"type":"Feature","id":1407,"geometry":{"type":"Polygon","coordinates":[[[9.15694,45.41747],[9.15826,45.41815],[9.15962,45.41777],[9.15974,45.41674],[9.15842,45.41605],[9.15706,45.41644],[9.15694,45.41747]]]},"properties":{"cdi":0.297,"o_score_pt":835.8,"o_score_car":1543.1,"population":106}},{"type":"Feature","id":1408,"geometry":{"type":"Polygon","coordinates":[[[9.1362,45.42848],[9.1367,45.42874],[9.13705,45.42864],[9.13708,45.42837],[9.13658,45.42811],[9.13623,45.42821],[9.1362,45.42848]]]},"properties":{"cdi":0.334,"o_score_pt":699,"o_score_car":1400.9,"population":7}},{"type":"Feature","id":1409,"geometry":{"type":"Polygon","coordinates":[[[9.13847,45.43125],[9.13867,45.43135],[9.13867,45.43135],[9.13847,45.43125],[9.13847,45.43125]]]},"properties":{"cdi":0.999,"o_score_pt":0.6,"o_score_car":1425.2,"population":0}},{"type":"Feature","id":1410,"geometry":{"type":"Polygon","coordinates":[[[9.14612,45.42393],[9.14631,45.42404],[9.14631,45.42404],[9.14612,45.42393],[9.14612,45.42393]]]},"properties":{"cdi":0.299,"o_score_pt":675.4,"o_score_car":1250.7,"population":0}},{"type":"Feature","id":1411,"geometry":{"type":"Polygon","coordinates":[[[9.14418,45.42106],[9.14438,45.42116],[9.14438,45.42116],[9.14418,45.42106],[9.14418,45.42106]]]},"properties":{"cdi":1,"o_score_pt":0.1,"o_score_car":1250.1,"population":0}},{"type":"Feature","id":1412,"geometry":{"type":"Polygon","coordinates":[[[9.13522,45.42018],[9.13542,45.42028],[9.13542,45.42028],[9.13522,45.42018],[9.13522,45.42018]]]},"properties":{"cdi":0.996,"o_score_pt":2.4,"o_score_car":1260,"population":2}},{"type":"Feature","id":1413,"geometry":{"type":"Polygon","coordinates":[[[9.1353,45.43389],[9.13604,45.43427],[9.13669,45.43409],[9.13674,45.43359],[9.13601,45.43321],[9.13536,45.43339],[9.1353,45.43389]]]},"properties":{"cdi":0.295,"o_score_pt":800.9,"o_score_car":1472.7,"population":16}},{"type":"Feature","id":1414,"geometry":{"type":"Polygon","coordinates":[[[9.14269,45.43527],[9.14479,45.43635],[9.14709,45.4357],[9.14729,45.43396],[9.14519,45.43288],[9.14289,45.43353],[9.14269,45.43527]]]},"properties":{"cdi":0.144,"o_score_pt":1225.6,"o_score_car":1638.4,"population":1220}},{"type":"Feature","id":1415,"geometry":{"type":"Polygon","coordinates":[[[9.14473,45.43811],[9.14674,45.43914],[9.14892,45.43852],[9.14911,45.43688],[9.1471,45.43584],[9.14493,45.43646],[9.14473,45.43811]]]},"properties":{"cdi":0.14,"o_score_pt":1282.9,"o_score_car":1701.7,"population":898}},{"type":"Feature","id":1416,"geometry":{"type":"Polygon","coordinates":[[[9.25758,45.44015],[9.25778,45.44025],[9.25778,45.44025],[9.25758,45.44015],[9.25758,45.44015]]]},"properties":{"cdi":0.295,"o_score_pt":878.1,"o_score_car":1612.9,"population":2}},{"type":"Feature","id":1417,"geometry":{"type":"Polygon","coordinates":[[[9.25371,45.4344],[9.2539,45.4345],[9.2539,45.4345],[9.25371,45.4344],[9.25371,45.4344]]]},"properties":{"cdi":0.196,"o_score_pt":987.5,"o_score_car":1470.3,"population":0}},{"type":"Feature","id":1418,"geometry":{"type":"Polygon","coordinates":[[[9.25564,45.43727],[9.25584,45.43737],[9.25584,45.43737],[9.25564,45.43727],[9.25564,45.43727]]]},"properties":{"cdi":0.996,"o_score_pt":3,"o_score_car":1529.9,"population":0}},{"type":"Feature","id":1419,"geometry":{"type":"Polygon","coordinates":[[[9.25538,45.4511],[9.25643,45.45164],[9.25747,45.45135],[9.25756,45.45057],[9.2565,45.45002],[9.25547,45.45032],[9.25538,45.4511]]]},"properties":{"cdi":0.173,"o_score_pt":1131.4,"o_score_car":1606.3,"population":45}},{"type":"Feature","id":1420,"geometry":{"type":"Polygon","coordinates":[[[9.26595,45.44633],[9.26614,45.44643],[9.26614,45.44643],[9.26595,45.44633],[9.26595,45.44633]]]},"properties":{"cdi":0.275,"o_score_pt":897.1,"o_score_car":1577.7,"population":1}},{"type":"Feature","id":1421,"geometry":{"type":"Polygon","coordinates":[[[9.2531,45.43971],[9.2533,45.43982],[9.2533,45.43982],[9.2531,45.43971],[9.2531,45.43971]]]},"properties":{"cdi":0.994,"o_score_pt":4.7,"o_score_car":1547.5,"population":0}},{"type":"Feature","id":1422,"geometry":{"type":"Polygon","coordinates":[[[9.05388,45.45529],[9.05429,45.4555],[9.05453,45.45543],[9.05455,45.45524],[9.05415,45.45503],[9.0539,45.4551],[9.05388,45.45529]]]},"properties":{"cdi":0.792,"o_score_pt":156.3,"o_score_car":1343.8,"population":5}},{"type":"Feature","id":1423,"geometry":{"type":"Polygon","coordinates":[[[9.04392,45.46496],[9.04412,45.46506],[9.04412,45.46506],[9.04392,45.46496],[9.04392,45.46496]]]},"properties":{"cdi":1,"o_score_pt":0.1,"o_score_car":1199.1,"population":0}},{"type":"Feature","id":1424,"geometry":{"type":"Polygon","coordinates":[[[9.2382,45.41139],[9.2384,45.41149],[9.2384,45.41149],[9.2382,45.41139],[9.2382,45.41139]]]},"properties":{"cdi":0.179,"o_score_pt":958.1,"o_score_car":1376.8,"population":0}},{"type":"Feature","id":1425,"geometry":{"type":"Polygon","coordinates":[[[9.24844,45.42909],[9.24984,45.42981],[9.25129,45.4294],[9.25142,45.4283],[9.25001,45.42758],[9.24856,45.42799],[9.24844,45.42909]]]},"properties":{"cdi":0.105,"o_score_pt":1300.9,"o_score_car":1606,"population":135}},{"type":"Feature","id":1426,"geometry":{"type":"Polygon","coordinates":[[[9.24086,45.42778],[9.24106,45.42788],[9.24106,45.42788],[9.24086,45.42778],[9.24086,45.42778]]]},"properties":{"cdi":0.057,"o_score_pt":1409.5,"o_score_car":1580,"population":0}},{"type":"Feature","id":1427,"geometry":{"type":"Polygon","coordinates":[[[9.23699,45.42202],[9.23718,45.42212],[9.23718,45.42212],[9.23699,45.42202],[9.23699,45.42202]]]},"properties":{"cdi":0.246,"o_score_pt":957.8,"o_score_car":1581.9,"population":0}},{"type":"Feature","id":1428,"geometry":{"type":"Polygon","coordinates":[[[9.23892,45.4249],[9.23912,45.425],[9.23912,45.425],[9.23892,45.4249],[9.23892,45.4249]]]},"properties":{"cdi":0.13,"o_score_pt":1172.4,"o_score_car":1523.8,"population":0}},{"type":"Feature","id":1429,"geometry":{"type":"Polygon","coordinates":[[[9.24204,45.45838],[9.24414,45.45946],[9.24644,45.4588],[9.24664,45.45707],[9.24454,45.45599],[9.24224,45.45664],[9.24204,45.45838]]]},"properties":{"cdi":0.101,"o_score_pt":1446,"o_score_car":1771.8,"population":1210}},{"type":"Feature","id":1430,"geometry":{"type":"Polygon","coordinates":[[[9.24409,45.46122],[9.2461,45.46225],[9.24828,45.46163],[9.24847,45.45998],[9.24646,45.45894],[9.24428,45.45956],[9.24409,45.46122]]]},"properties":{"cdi":0.107,"o_score_pt":1442.7,"o_score_car":1790.1,"population":913}},{"type":"Feature","id":1431,"geometry":{"type":"Polygon","coordinates":[[[9.25359,45.4533],[9.25399,45.45351],[9.25423,45.45344],[9.25426,45.45325],[9.25385,45.45304],[9.25361,45.45311],[9.25359,45.4533]]]},"properties":{"cdi":0.188,"o_score_pt":1155,"o_score_car":1691.3,"population":5}},{"type":"Feature","id":1432,"geometry":{"type":"Polygon","coordinates":[[[9.23333,45.45393],[9.23353,45.45403],[9.23353,45.45403],[9.23333,45.45393],[9.23333,45.45393]]]},"properties":{"cdi":0.153,"o_score_pt":1194.4,"o_score_car":1627.2,"population":0}},{"type":"Feature","id":1433,"geometry":{"type":"Polygon","coordinates":[[[9.25044,45.45081],[9.25189,45.45156],[9.25339,45.45113],[9.25352,45.44999],[9.25208,45.44924],[9.25057,45.44967],[9.25044,45.45081]]]},"properties":{"cdi":0.152,"o_score_pt":1281.2,"o_score_car":1739.4,"population":155}},{"type":"Feature","id":1434,"geometry":{"type":"Polygon","coordinates":[[[9.24191,45.4498],[9.24298,45.45035],[9.24402,45.45005],[9.24411,45.44926],[9.24305,45.44871],[9.242,45.44901],[9.24191,45.4498]]]},"properties":{"cdi":0.207,"o_score_pt":1089.8,"o_score_car":1659.9,"population":47}},{"type":"Feature","id":1435,"geometry":{"type":"Polygon","coordinates":[[[9.24204,45.4635],[9.24362,45.46431],[9.24528,45.46383],[9.24542,45.46258],[9.24385,45.46177],[9.24219,45.46224],[9.24204,45.4635]]]},"properties":{"cdi":0.064,"o_score_pt":1574.8,"o_score_car":1791.3,"population":232}},{"type":"Feature","id":1436,"geometry":{"type":"Polygon","coordinates":[[[9.25261,45.46386],[9.2528,45.46396],[9.2528,45.46396],[9.25261,45.46386],[9.25261,45.46386]]]},"properties":{"cdi":0.258,"o_score_pt":952.5,"o_score_car":1614.5,"population":2}},{"type":"Feature","id":1437,"geometry":{"type":"Polygon","coordinates":[[[9.25397,45.46692],[9.25467,45.46728],[9.25527,45.4671],[9.25532,45.46665],[9.25462,45.46629],[9.25402,45.46646],[9.25397,45.46692]]]},"properties":{"cdi":0.225,"o_score_pt":1034.9,"o_score_car":1635.1,"population":14}},{"type":"Feature","id":1438,"geometry":{"type":"Polygon","coordinates":[[[9.23044,45.45648],[9.23094,45.45673],[9.23129,45.45663],[9.23133,45.45636],[9.23083,45.4561],[9.23047,45.4562],[9.23044,45.45648]]]},"properties":{"cdi":0.155,"o_score_pt":1369,"o_score_car":1870.1,"population":7}},{"type":"Feature","id":1439,"geometry":{"type":"Polygon","coordinates":[[[9.2694,45.47108],[9.27007,45.47143],[9.27064,45.47127],[9.27069,45.47083],[9.27002,45.47049],[9.26945,45.47065],[9.2694,45.47108]]]},"properties":{"cdi":0.993,"o_score_pt":5,"o_score_car":1411.6,"population":13}},{"type":"Feature","id":1440,"geometry":{"type":"Polygon","coordinates":[[[9.26638,45.45994],[9.26683,45.46017],[9.26714,45.46008],[9.26716,45.45985],[9.26671,45.45962],[9.26641,45.4597],[9.26638,45.45994]]]},"properties":{"cdi":0.376,"o_score_pt":688.8,"o_score_car":1519.8,"population":6}},{"type":"Feature","id":1441,"geometry":{"type":"Polygon","coordinates":[[[9.22702,45.43522],[9.2287,45.43609],[9.2305,45.43557],[9.23066,45.43422],[9.22897,45.43335],[9.22717,45.43386],[9.22702,45.43522]]]},"properties":{"cdi":0.04,"o_score_pt":1586,"o_score_car":1719.8,"population":332}},{"type":"Feature","id":1442,"geometry":{"type":"Polygon","coordinates":[[[9.23784,45.43899],[9.2396,45.4399],[9.24148,45.43936],[9.24164,45.43793],[9.23989,45.43703],[9.238,45.43757],[9.23784,45.43899]]]},"properties":{"cdi":0.03,"o_score_pt":1387.8,"o_score_car":1473,"population":414}},{"type":"Feature","id":1443,"geometry":{"type":"Polygon","coordinates":[[[9.22608,45.43202],[9.2269,45.43244],[9.22765,45.43223],[9.22771,45.43166],[9.22689,45.43124],[9.22615,45.43145],[9.22608,45.43202]]]},"properties":{"cdi":0.088,"o_score_pt":1409.7,"o_score_car":1682.4,"population":21}},{"type":"Feature","id":1444,"geometry":{"type":"Polygon","coordinates":[[[9.21667,45.43129],[9.21788,45.43191],[9.21909,45.43157],[9.21919,45.43065],[9.21799,45.43003],[9.21678,45.43037],[9.21667,45.43129]]]},"properties":{"cdi":0.225,"o_score_pt":985.4,"o_score_car":1557.3,"population":72}},{"type":"Feature","id":1445,"geometry":{"type":"Polygon","coordinates":[[[9.23638,45.42734],[9.23657,45.42744],[9.23657,45.42744],[9.23638,45.42734],[9.23638,45.42734]]]},"properties":{"cdi":0.141,"o_score_pt":1184,"o_score_car":1571.5,"population":0}},{"type":"Feature","id":1446,"geometry":{"type":"Polygon","coordinates":[[[9.22528,45.44602],[9.22742,45.44712],[9.22975,45.44645],[9.22995,45.44468],[9.22782,45.44358],[9.22548,45.44425],[9.22528,45.44602]]]},"properties":{"cdi":0.089,"o_score_pt":1550.9,"o_score_car":1854.7,"population":1348}},{"type":"Feature","id":1447,"geometry":{"type":"Polygon","coordinates":[[[9.22878,45.44839],[9.22956,45.4488],[9.23027,45.4486],[9.23034,45.44806],[9.22955,45.44765],[9.22884,45.44785],[9.22878,45.44839]]]},"properties":{"cdi":0.169,"o_score_pt":1305.5,"o_score_car":1837.3,"population":19}},{"type":"Feature","id":1448,"geometry":{"type":"Polygon","coordinates":[[[9.23664,45.441],[9.23724,45.44131],[9.23771,45.44117],[9.23776,45.44081],[9.23716,45.4405],[9.23668,45.44063],[9.23664,45.441]]]},"properties":{"cdi":0.098,"o_score_pt":1232.7,"o_score_car":1501.7,"population":10}},{"type":"Feature","id":1449,"geometry":{"type":"Polygon","coordinates":[[[9.21437,45.44227],[9.21651,45.44338],[9.21885,45.44271],[9.21906,45.44094],[9.21692,45.43983],[9.21457,45.4405],[9.21437,45.44227]]]},"properties":{"cdi":0.005,"o_score_pt":1851.9,"o_score_car":1870.1,"population":1492}},{"type":"Feature","id":1450,"geometry":{"type":"Polygon","coordinates":[[[9.21145,45.39848],[9.21258,45.39907],[9.2137,45.39875],[9.2138,45.3979],[9.21267,45.39731],[9.21155,45.39763],[9.21145,45.39848]]]},"properties":{"cdi":0.423,"o_score_pt":553.5,"o_score_car":1366.5,"population":57}},{"type":"Feature","id":1451,"geometry":{"type":"Polygon","coordinates":[[[9.19969,45.39151],[9.19989,45.39162],[9.19989,45.39162],[9.19969,45.39151],[9.19969,45.39151]]]},"properties":{"cdi":1,"o_score_pt":0,"o_score_car":1122.6,"population":0}},{"type":"Feature","id":1452,"geometry":{"type":"Polygon","coordinates":[[[9.20007,45.40514],[9.20056,45.4054],[9.20092,45.40529],[9.20095,45.40502],[9.20045,45.40476],[9.2001,45.40487],[9.20007,45.40514]]]},"properties":{"cdi":0.447,"o_score_pt":554,"o_score_car":1447.8,"population":7}},{"type":"Feature","id":1453,"geometry":{"type":"Polygon","coordinates":[[[9.20226,45.40793],[9.20253,45.40808],[9.20262,45.40805],[9.20263,45.40798],[9.20235,45.40784],[9.20227,45.40786],[9.20226,45.40793]]]},"properties":{"cdi":0.409,"o_score_pt":620,"o_score_car":1477.2,"population":3}},{"type":"Feature","id":1454,"geometry":{"type":"Polygon","coordinates":[[[9.20899,45.4009],[9.21005,45.40144],[9.21108,45.40115],[9.21117,45.40037],[9.21011,45.39982],[9.20908,45.40012],[9.20899,45.4009]]]},"properties":{"cdi":0.413,"o_score_pt":620.2,"o_score_car":1493.7,"population":45}},{"type":"Feature","id":1455,"geometry":{"type":"Polygon","coordinates":[[[9.18951,45.40128],[9.18971,45.40138],[9.18971,45.40138],[9.18951,45.40128],[9.18951,45.40128]]]},"properties":{"cdi":0.998,"o_score_pt":1,"o_score_car":1065.4,"population":0}},{"type":"Feature","id":1456,"geometry":{"type":"Polygon","coordinates":[[[9.19022,45.41479],[9.19042,45.41489],[9.19042,45.41489],[9.19022,45.41479],[9.19022,45.41479]]]},"properties":{"cdi":0.999,"o_score_pt":0.4,"o_score_car":1424.9,"population":0}},{"type":"Feature","id":1457,"geometry":{"type":"Polygon","coordinates":[[[9.18001,45.41432],[9.18129,45.41498],[9.18259,45.41461],[9.18271,45.41362],[9.18143,45.41296],[9.18012,45.41333],[9.18001,45.41432]]]},"properties":{"cdi":0.152,"o_score_pt":1073.9,"o_score_car":1458.2,"population":92}},{"type":"Feature","id":1458,"geometry":{"type":"Polygon","coordinates":[[[9.1998,45.41035],[9.19999,45.41045],[9.19999,45.41045],[9.1998,45.41035],[9.1998,45.41035]]]},"properties":{"cdi":1,"o_score_pt":0.2,"o_score_car":1131.3,"population":0}},{"type":"Feature","id":1459,"geometry":{"type":"Polygon","coordinates":[[[9.17705,45.40828],[9.17754,45.40853],[9.1779,45.40843],[9.17793,45.40816],[9.17743,45.4079],[9.17708,45.408],[9.17705,45.40828]]]},"properties":{"cdi":0.123,"o_score_pt":1087.4,"o_score_car":1392.7,"population":7}},{"type":"Feature","id":1460,"geometry":{"type":"Polygon","coordinates":[[[9.17916,45.4111],[9.1795,45.41128],[9.17968,45.41123],[9.17969,45.41109],[9.17934,45.41091],[9.17917,45.41096],[9.17916,45.4111]]]},"properties":{"cdi":0.103,"o_score_pt":1075.6,"o_score_car":1323.6,"population":4}},{"type":"Feature","id":1461,"geometry":{"type":"Polygon","coordinates":[[[9.18696,45.40372],[9.18716,45.40382],[9.18716,45.40382],[9.18696,45.40372],[9.18696,45.40372]]]},"properties":{"cdi":0.507,"o_score_pt":412.5,"o_score_car":1262.2,"population":0}},{"type":"Feature","id":1462,"geometry":{"type":"Polygon","coordinates":[[[9.17816,45.42516],[9.17998,45.4261],[9.18194,45.42554],[9.18211,45.42406],[9.18029,45.42312],[9.17833,45.42367],[9.17816,45.42516]]]},"properties":{"cdi":0.092,"o_score_pt":1279.4,"o_score_car":1538,"population":507}},{"type":"Feature","id":1463,"geometry":{"type":"Polygon","coordinates":[[[9.19808,45.42114],[9.19871,45.42146],[9.19922,45.42132],[9.19927,45.42093],[9.19864,45.4206],[9.19813,45.42075],[9.19808,45.42114]]]},"properties":{"cdi":0.34,"o_score_pt":789.5,"o_score_car":1601.6,"population":11}},{"type":"Feature","id":1464,"geometry":{"type":"Polygon","coordinates":[[[9.18961,45.42011],[9.18981,45.42021],[9.18981,45.42021],[9.18961,45.42011],[9.18961,45.42011]]]},"properties":{"cdi":0.995,"o_score_pt":3.4,"o_score_car":1441.1,"population":0}},{"type":"Feature","id":1465,"geometry":{"type":"Polygon","coordinates":[[[9.17577,45.41381],[9.17684,45.41436],[9.1779,45.41406],[9.17799,45.41326],[9.17691,45.41271],[9.17586,45.41301],[9.17577,45.41381]]]},"properties":{"cdi":0.123,"o_score_pt":1160.9,"o_score_car":1486.2,"population":48}},{"type":"Feature","id":1466,"geometry":{"type":"Polygon","coordinates":[[[9.21518,45.41453],[9.21538,45.41463],[9.21538,45.41463],[9.21518,45.41453],[9.21518,45.41453]]]},"properties":{"cdi":0.418,"o_score_pt":618.9,"o_score_car":1509.1,"population":0}},{"type":"Feature","id":1467,"geometry":{"type":"Polygon","coordinates":[[[9.22608,45.41828],[9.22628,45.41838],[9.22628,45.41838],[9.22608,45.41828],[9.22608,45.41828]]]},"properties":{"cdi":0.285,"o_score_pt":735.7,"o_score_car":1321.6,"population":0}},{"type":"Feature","id":1468,"geometry":{"type":"Polygon","coordinates":[[[9.21324,45.41165],[9.21344,45.41176],[9.21344,45.41176],[9.21324,45.41165],[9.21324,45.41165]]]},"properties":{"cdi":0.423,"o_score_pt":618.9,"o_score_car":1524.5,"population":1}},{"type":"Feature","id":1469,"geometry":{"type":"Polygon","coordinates":[[[9.20428,45.41078],[9.20448,45.41088],[9.20448,45.41088],[9.20428,45.41078],[9.20428,45.41078]]]},"properties":{"cdi":0.376,"o_score_pt":686.1,"o_score_car":1512,"population":0}},{"type":"Feature","id":1470,"geometry":{"type":"Polygon","coordinates":[[[9.21303,45.42546],[9.21403,45.42598],[9.215,45.42571],[9.21509,45.42497],[9.21408,45.42445],[9.21312,45.42473],[9.21303,45.42546]]]},"properties":{"cdi":0.252,"o_score_pt":897.8,"o_score_car":1503.2,"population":38}},{"type":"Feature","id":1471,"geometry":{"type":"Polygon","coordinates":[[[9.21457,45.42847],[9.21592,45.42916],[9.2173,45.42877],[9.21741,45.42772],[9.21607,45.42703],[9.21469,45.42742],[9.21457,45.42847]]]},"properties":{"cdi":0.329,"o_score_pt":778.9,"o_score_car":1544.2,"population":112}},{"type":"Feature","id":1472,"geometry":{"type":"Polygon","coordinates":[[[9.22354,45.42072],[9.22373,45.42082],[9.22373,45.42082],[9.22354,45.42072],[9.22354,45.42072]]]},"properties":{"cdi":0.995,"o_score_pt":3.5,"o_score_car":1363.7,"population":0}},{"type":"Feature","id":1473,"geometry":{"type":"Polygon","coordinates":[[[9.2018,45.42182],[9.20309,45.42249],[9.2044,45.42211],[9.20452,45.42112],[9.20323,45.42045],[9.20191,45.42083],[9.2018,45.42182]]]},"properties":{"cdi":0.158,"o_score_pt":1169,"o_score_car":1608,"population":95}},{"type":"Feature","id":1474,"geometry":{"type":"Polygon","coordinates":[[[9.18371,45.39265],[9.1839,45.39275],[9.1839,45.39275],[9.18371,45.39265],[9.18371,45.39265]]]},"properties":{"cdi":0.999,"o_score_pt":0.3,"o_score_car":1169.2,"population":0}},{"type":"Feature","id":1475,"geometry":{"type":"Polygon","coordinates":[[[9.18564,45.39553],[9.18584,45.39563],[9.18584,45.39563],[9.18564,45.39553],[9.18564,45.39553]]]},"properties":{"cdi":0.497,"o_score_pt":357.7,"o_score_car":1063.7,"population":0}},{"type":"Feature","id":1476,"geometry":{"type":"Polygon","coordinates":[[[9.17185,45.40295],[9.17349,45.4038],[9.17524,45.4033],[9.17539,45.40198],[9.17375,45.40113],[9.172,45.40163],[9.17185,45.40295]]]},"properties":{"cdi":0.123,"o_score_pt":1076.1,"o_score_car":1376.7,"population":290}},{"type":"Feature","id":1477,"geometry":{"type":"Polygon","coordinates":[[[9.1831,45.39797],[9.18329,45.39807],[9.18329,45.39807],[9.1831,45.39797],[9.1831,45.39797]]]},"properties":{"cdi":0.439,"o_score_pt":414,"o_score_car":1062.9,"population":2}},{"type":"Feature","id":1478,"geometry":{"type":"Polygon","coordinates":[[[9.1564,45.50327],[9.15745,45.50381],[9.15848,45.50352],[9.15857,45.50275],[9.15752,45.50221],[9.15649,45.5025],[9.1564,45.50327]]]},"properties":{"cdi":0.146,"o_score_pt":1281,"o_score_car":1720.8,"population":44}},{"type":"Feature","id":1479,"geometry":{"type":"Polygon","coordinates":[[[9.16676,45.5072],[9.16829,45.50799],[9.16988,45.50753],[9.17002,45.50632],[9.1685,45.50554],[9.1669,45.50599],[9.16676,45.5072]]]},"properties":{"cdi":0.139,"o_score_pt":1442.6,"o_score_car":1910,"population":198}},{"type":"Feature","id":1480,"geometry":{"type":"Polygon","coordinates":[[[9.15447,45.5004],[9.15552,45.50094],[9.15654,45.50065],[9.15663,45.49987],[9.15558,45.49933],[9.15456,45.49962],[9.15447,45.5004]]]},"properties":{"cdi":0.077,"o_score_pt":1360.9,"o_score_car":1588.4,"population":44}},{"type":"Feature","id":1481,"geometry":{"type":"Polygon","coordinates":[[[9.14423,45.49992],[9.14637,45.50103],[9.14872,45.50036],[9.14892,45.49859],[9.14678,45.49749],[9.14444,45.49815],[9.14423,45.49992]]]},"properties":{"cdi":0.163,"o_score_pt":1336.3,"o_score_car":1858.2,"population":1828}},{"type":"Feature","id":1482,"geometry":{"type":"Polygon","coordinates":[[[9.16311,45.49626],[9.16497,45.49723],[9.16699,45.49666],[9.16716,45.49513],[9.1653,45.49417],[9.16328,45.49474],[9.16311,45.49626]]]},"properties":{"cdi":0.098,"o_score_pt":1586.6,"o_score_car":1930.8,"population":582}},{"type":"Feature","id":1483,"geometry":{"type":"Polygon","coordinates":[[[9.15419,45.51421],[9.15609,45.51519],[9.15814,45.51461],[9.15832,45.51306],[9.15642,45.51208],[9.15437,45.51266],[9.15419,45.51421]]]},"properties":{"cdi":0.141,"o_score_pt":1336.3,"o_score_car":1773.8,"population":646}},{"type":"Feature","id":1484,"geometry":{"type":"Polygon","coordinates":[[[9.15601,45.51712],[9.15801,45.51815],[9.16018,45.51753],[9.16037,45.5159],[9.15837,45.51487],[9.1562,45.51548],[9.15601,45.51712]]]},"properties":{"cdi":0.11,"o_score_pt":1368,"o_score_car":1706.3,"population":871}},{"type":"Feature","id":1485,"geometry":{"type":"Polygon","coordinates":[[[9.16457,45.50952],[9.16578,45.51015],[9.16701,45.5098],[9.16712,45.50887],[9.1659,45.50825],[9.16467,45.50859],[9.16457,45.50952]]]},"properties":{"cdi":0.195,"o_score_pt":1270.9,"o_score_car":1888.1,"population":75}},{"type":"Feature","id":1486,"geometry":{"type":"Polygon","coordinates":[[[9.14324,45.51047],[9.14518,45.51147],[9.14728,45.51088],[9.14746,45.50929],[9.14552,45.50829],[9.14342,45.50889],[9.14324,45.51047]]]},"properties":{"cdi":0.225,"o_score_pt":1037.9,"o_score_car":1640.6,"population":728}},{"type":"Feature","id":1487,"geometry":{"type":"Polygon","coordinates":[[[9.19104,45.50717],[9.19317,45.50827],[9.19551,45.50761],[9.19571,45.50585],[9.19358,45.50475],[9.19124,45.50541],[9.19104,45.50717]]]},"properties":{"cdi":0.047,"o_score_pt":1655.6,"o_score_car":1819.8,"population":1335}},{"type":"Feature","id":1488,"geometry":{"type":"Polygon","coordinates":[[[9.2,45.50805],[9.20215,45.50915],[9.20449,45.50849],[9.2047,45.50672],[9.20255,45.50561],[9.20021,45.50628],[9.2,45.50805]]]},"properties":{"cdi":-0.032,"o_score_pt":1928.9,"o_score_car":1808.9,"population":2105}},{"type":"Feature","id":1489,"geometry":{"type":"Polygon","coordinates":[[[9.20194,45.51093],[9.20408,45.51203],[9.20643,45.51136],[9.20663,45.50959],[9.20449,45.50849],[9.20215,45.50915],[9.20194,45.51093]]]},"properties":{"cdi":0.048,"o_score_pt":1682.7,"o_score_car":1853.1,"population":2263}},{"type":"Feature","id":1490,"geometry":{"type":"Polygon","coordinates":[[[9.17818,45.50055],[9.18032,45.50166],[9.18267,45.50099],[9.18287,45.49922],[9.18073,45.49812],[9.17839,45.49878],[9.17818,45.50055]]]},"properties":{"cdi":0.033,"o_score_pt":1903.4,"o_score_car":2034.7,"population":2234}},{"type":"Feature","id":1491,"geometry":{"type":"Polygon","coordinates":[[[9.18909,45.5043],[9.19123,45.50541],[9.19358,45.50474],[9.19378,45.50297],[9.19164,45.50186],[9.1893,45.50253],[9.18909,45.5043]]]},"properties":{"cdi":0.042,"o_score_pt":1750.1,"o_score_car":1902.6,"population":1455}},{"type":"Feature","id":1492,"geometry":{"type":"Polygon","coordinates":[[[9.18981,45.5178],[9.19195,45.51891],[9.19429,45.51824],[9.1945,45.51647],[9.19236,45.51536],[9.19001,45.51603],[9.18981,45.5178]]]},"properties":{"cdi":0.093,"o_score_pt":1496,"o_score_car":1802.3,"population":1633}},{"type":"Feature","id":1493,"geometry":{"type":"Polygon","coordinates":[[[9.18228,45.51646],[9.18317,45.51692],[9.184,45.51668],[9.18407,45.51606],[9.18318,45.5156],[9.18236,45.51584],[9.18228,45.51646]]]},"properties":{"cdi":0.12,"o_score_pt":1432,"o_score_car":1821.9,"population":26}},{"type":"Feature","id":1494,"geometry":{"type":"Polygon","coordinates":[[[9.1999,45.5132],[9.2016,45.51408],[9.20342,45.51356],[9.20358,45.51219],[9.20187,45.51131],[9.20006,45.51183],[9.1999,45.5132]]]},"properties":{"cdi":0.064,"o_score_pt":1645.4,"o_score_car":1870.5,"population":348}},{"type":"Feature","id":1495,"geometry":{"type":"Polygon","coordinates":[[[9.17698,45.51117],[9.1791,45.51226],[9.18142,45.5116],[9.18162,45.50985],[9.1795,45.50876],[9.17718,45.50942],[9.17698,45.51117]]]},"properties":{"cdi":0.034,"o_score_pt":1686.1,"o_score_car":1804.1,"population":1282}},{"type":"Feature","id":1496,"geometry":{"type":"Polygon","coordinates":[[[9.17982,45.51376],[9.18116,45.51445],[9.18254,45.51406],[9.18266,45.51302],[9.18132,45.51232],[9.17994,45.51272],[9.17982,45.51376]]]},"properties":{"cdi":0.103,"o_score_pt":1503.4,"o_score_car":1847.8,"population":111}},{"type":"Feature","id":1497,"geometry":{"type":"Polygon","coordinates":[[[9.14134,45.48875],[9.14317,45.48969],[9.14513,45.48913],[9.1453,45.48765],[9.14348,45.4867],[9.14152,45.48726],[9.14134,45.48875]]]},"properties":{"cdi":0.094,"o_score_pt":1506.4,"o_score_car":1820.4,"population":511}},{"type":"Feature","id":1498,"geometry":{"type":"Polygon","coordinates":[[[9.15953,45.4853],[9.16167,45.48641],[9.16402,45.48574],[9.16422,45.48397],[9.16208,45.48286],[9.15974,45.48353],[9.15953,45.4853]]]},"properties":{"cdi":0.038,"o_score_pt":1928.1,"o_score_car":2081.5,"population":1522}},{"type":"Feature","id":1499,"geometry":{"type":"Polygon","coordinates":[[[9.15101,45.48428],[9.15276,45.48519],[9.15464,45.48465],[9.1548,45.48324],[9.15305,45.48233],[9.15118,45.48287],[9.15101,45.48428]]]},"properties":{"cdi":0.058,"o_score_pt":1770.5,"o_score_car":1986.8,"population":405}},{"type":"Feature","id":1500,"geometry":{"type":"Polygon","coordinates":[[[9.13793,45.47773],[9.13989,45.47874],[9.14202,45.47814],[9.14221,45.47653],[9.14025,45.47552],[9.13812,45.47612],[9.13793,45.47773]]]},"properties":{"cdi":0.004,"o_score_pt":1932.3,"o_score_car":1946,"population":785}},{"type":"Feature","id":1501,"geometry":{"type":"Polygon","coordinates":[[[9.14669,45.47867],[9.14883,45.47978],[9.15118,45.47911],[9.15138,45.47734],[9.14924,45.47624],[9.1469,45.4769],[9.14669,45.47867]]]},"properties":{"cdi":0.027,"o_score_pt":1842.9,"o_score_car":1946.6,"population":1945}},{"type":"Feature","id":1502,"geometry":{"type":"Polygon","coordinates":[[[9.14982,45.48117],[9.15093,45.48174],[9.15202,45.48143],[9.15212,45.4806],[9.15101,45.48003],[9.14992,45.48034],[9.14982,45.48117]]]},"properties":{"cdi":0.009,"o_score_pt":1998.4,"o_score_car":2035,"population":53}},{"type":"Feature","id":1503,"geometry":{"type":"Polygon","coordinates":[[[9.13947,45.49097],[9.14071,45.49161],[9.14197,45.49125],[9.14208,45.4903],[9.14084,45.48966],[9.13958,45.49001],[9.13947,45.49097]]]},"properties":{"cdi":0.139,"o_score_pt":1412.3,"o_score_car":1868.6,"population":82}},{"type":"Feature","id":1504,"geometry":{"type":"Polygon","coordinates":[[[9.14933,45.49505],[9.15147,45.49616],[9.15382,45.49549],[9.15402,45.49372],[9.15188,45.49261],[9.14954,45.49328],[9.14933,45.49505]]]},"properties":{"cdi":0.116,"o_score_pt":1545.8,"o_score_car":1950.7,"population":2522}},{"type":"Feature","id":1505,"geometry":{"type":"Polygon","coordinates":[[[9.13668,45.48836],[9.13866,45.48938],[9.14081,45.48877],[9.14099,45.48715],[9.13902,45.48613],[9.13687,45.48674],[9.13668,45.48836]]]},"properties":{"cdi":0.031,"o_score_pt":1734.8,"o_score_car":1846.2,"population":823}},{"type":"Feature","id":1506,"geometry":{"type":"Polygon","coordinates":[[[9.12792,45.48742],[9.12972,45.48835],[9.13165,45.4878],[9.13182,45.48634],[9.13002,45.48541],[9.12809,45.48596],[9.12792,45.48742]]]},"properties":{"cdi":0.073,"o_score_pt":1614.1,"o_score_car":1867.5,"population":469}},{"type":"Feature","id":1507,"geometry":{"type":"Polygon","coordinates":[[[9.17717,45.48877],[9.17737,45.48887],[9.17737,45.48887],[9.17717,45.48877],[9.17717,45.48877]]]},"properties":{"cdi":-0.016,"o_score_pt":1951.2,"o_score_car":1888.7,"population":0}},{"type":"Feature","id":1508,"geometry":{"type":"Polygon","coordinates":[[[9.17812,45.49196],[9.17917,45.4925],[9.1802,45.49221],[9.18029,45.49144],[9.17924,45.49089],[9.17821,45.49119],[9.17812,45.49196]]]},"properties":{"cdi":0.043,"o_score_pt":1863.2,"o_score_car":2031.8,"population":44}},{"type":"Feature","id":1509,"geometry":{"type":"Polygon","coordinates":[[[9.18526,45.48481],[9.18675,45.48558],[9.18831,45.48514],[9.18845,45.48396],[9.18695,45.48319],[9.18539,45.48363],[9.18526,45.48481]]]},"properties":{"cdi":-0.052,"o_score_pt":2375.2,"o_score_car":2141.4,"population":180}},{"type":"Feature","id":1510,"geometry":{"type":"Polygon","coordinates":[[[9.16404,45.48573],[9.16616,45.48683],[9.16848,45.48617],[9.16868,45.48441],[9.16656,45.48332],[9.16424,45.48398],[9.16404,45.48573]]]},"properties":{"cdi":-0.004,"o_score_pt":2104.4,"o_score_car":2088.8,"population":1297}},{"type":"Feature","id":1511,"geometry":{"type":"Polygon","coordinates":[[[9.1826,45.48217],[9.18471,45.48326],[9.18703,45.4826],[9.18723,45.48085],[9.18511,45.47976],[9.1828,45.48042],[9.1826,45.48217]]]},"properties":{"cdi":0.003,"o_score_pt":2125.5,"o_score_car":2136.9,"population":1263}},{"type":"Feature","id":1512,"geometry":{"type":"Polygon","coordinates":[[[9.1736,45.4813],[9.17574,45.48241],[9.17808,45.48174],[9.17829,45.47997],[9.17615,45.47886],[9.1738,45.47953],[9.1736,45.4813]]]},"properties":{"cdi":0.037,"o_score_pt":1922.6,"o_score_car":2071.1,"population":2549}},{"type":"Feature","id":1513,"geometry":{"type":"Polygon","coordinates":[[[9.17485,45.49463],[9.17652,45.49549],[9.1783,45.49499],[9.17846,45.49364],[9.17678,45.49278],[9.17501,45.49329],[9.17485,45.49463]]]},"properties":{"cdi":0.075,"o_score_pt":1738.1,"o_score_car":2020.8,"population":314}},{"type":"Feature","id":1514,"geometry":{"type":"Polygon","coordinates":[[[9.18328,45.49568],[9.18542,45.49678],[9.18777,45.49611],[9.18797,45.49434],[9.18583,45.49324],[9.18349,45.49391],[9.18328,45.49568]]]},"properties":{"cdi":-0.013,"o_score_pt":2096.8,"o_score_car":2043.6,"population":2099}},{"type":"Feature","id":1515,"geometry":{"type":"Polygon","coordinates":[[[9.18539,45.4985],[9.18738,45.49953],[9.18955,45.49891],[9.18974,45.49727],[9.18774,45.49624],[9.18558,45.49686],[9.18539,45.4985]]]},"properties":{"cdi":0.014,"o_score_pt":2048.9,"o_score_car":2106,"population":868}},{"type":"Feature","id":1516,"geometry":{"type":"Polygon","coordinates":[[[9.16147,45.48818],[9.16361,45.48928],[9.16595,45.48862],[9.16616,45.48684],[9.16402,45.48574],[9.16167,45.48641],[9.16147,45.48818]]]},"properties":{"cdi":0.053,"o_score_pt":1847,"o_score_car":2053.6,"population":2580}},{"type":"Feature","id":1517,"geometry":{"type":"Polygon","coordinates":[[[9.15397,45.51939],[9.15553,45.5202],[9.15717,45.51973],[9.15731,45.5185],[9.15575,45.51769],[9.15412,45.51816],[9.15397,45.51939]]]},"properties":{"cdi":0.131,"o_score_pt":1321.2,"o_score_car":1718.6,"population":219}},{"type":"Feature","id":1518,"geometry":{"type":"Polygon","coordinates":[[[9.13175,45.51713],[9.13313,45.51784],[9.13455,45.51744],[9.13467,45.51637],[9.13329,45.51566],[9.13188,45.51606],[9.13175,45.51713]]]},"properties":{"cdi":0.247,"o_score_pt":1005.2,"o_score_car":1665.5,"population":124}},{"type":"Feature","id":1519,"geometry":{"type":"Polygon","coordinates":[[[9.1328,45.52029],[9.13494,45.5214],[9.13729,45.52073],[9.13749,45.51896],[9.13535,45.51786],[9.13301,45.51852],[9.1328,45.52029]]]},"properties":{"cdi":0.187,"o_score_pt":1119,"o_score_car":1632.6,"population":1442}},{"type":"Feature","id":1520,"geometry":{"type":"Polygon","coordinates":[[[9.14045,45.51298],[9.14259,45.51409],[9.14494,45.51342],[9.14514,45.51165],[9.143,45.51055],[9.14066,45.51121],[9.14045,45.51298]]]},"properties":{"cdi":0.251,"o_score_pt":1013.5,"o_score_car":1693.6,"population":1690}},{"type":"Feature","id":1521,"geometry":{"type":"Polygon","coordinates":[[[9.13052,45.52264],[9.13243,45.52363],[9.13449,45.52304],[9.13467,45.52148],[9.13276,45.5205],[9.1307,45.52108],[9.13052,45.52264]]]},"properties":{"cdi":0.198,"o_score_pt":1074.5,"o_score_car":1606.3,"population":665}},{"type":"Feature","id":1522,"geometry":{"type":"Polygon","coordinates":[[[9.16869,45.5238],[9.17083,45.5249],[9.17318,45.52424],[9.17338,45.52247],[9.17124,45.52136],[9.1689,45.52203],[9.16869,45.5238]]]},"properties":{"cdi":-0.026,"o_score_pt":1791.4,"o_score_car":1700,"population":1970}},{"type":"Feature","id":1523,"geometry":{"type":"Polygon","coordinates":[[[9.18075,45.52718],[9.1819,45.52778],[9.18305,45.52745],[9.18315,45.52658],[9.182,45.52599],[9.18085,45.52632],[9.18075,45.52718]]]},"properties":{"cdi":0.176,"o_score_pt":1189.5,"o_score_car":1698.3,"population":61}},{"type":"Feature","id":1524,"geometry":{"type":"Polygon","coordinates":[[[9.16676,45.52093],[9.1689,45.52203],[9.17124,45.52136],[9.17145,45.51959],[9.16931,45.51849],[9.16696,45.51916],[9.16676,45.52093]]]},"properties":{"cdi":-0.01,"o_score_pt":1878.7,"o_score_car":1841.4,"population":1662}},{"type":"Feature","id":1525,"geometry":{"type":"Polygon","coordinates":[[[9.15917,45.51961],[9.16011,45.52009],[9.16101,45.51984],[9.16108,45.51916],[9.16014,45.51868],[9.15925,45.51893],[9.15917,45.51961]]]},"properties":{"cdi":0.076,"o_score_pt":1430.2,"o_score_car":1664.7,"population":31}},{"type":"Feature","id":1526,"geometry":{"type":"Polygon","coordinates":[[[9.1767,45.51638],[9.17853,45.51732],[9.18051,45.51676],[9.18068,45.51527],[9.17885,45.51432],[9.17687,45.51488],[9.1767,45.51638]]]},"properties":{"cdi":0.072,"o_score_pt":1637.7,"o_score_car":1890.3,"population":526}},{"type":"Feature","id":1527,"geometry":{"type":"Polygon","coordinates":[[[9.16884,45.53398],[9.1698,45.53447],[9.1707,45.53421],[9.17078,45.53353],[9.16983,45.53304],[9.16892,45.5333],[9.16884,45.53398]]]},"properties":{"cdi":0.06,"o_score_pt":1418,"o_score_car":1599.1,"population":32}},{"type":"Feature","id":1528,"geometry":{"type":"Polygon","coordinates":[[[9.17821,45.52962],[9.17935,45.53021],[9.1805,45.52989],[9.18059,45.52902],[9.17945,45.52843],[9.17831,45.52875],[9.17821,45.52962]]]},"properties":{"cdi":0.157,"o_score_pt":1216.3,"o_score_car":1669.9,"population":60}},{"type":"Feature","id":1529,"geometry":{"type":"Polygon","coordinates":[[[9.15676,45.5306],[9.15872,45.53161],[9.16085,45.53101],[9.16104,45.52941],[9.15908,45.5284],[9.15695,45.529],[9.15676,45.5306]]]},"properties":{"cdi":0.013,"o_score_pt":1636.9,"o_score_car":1679.7,"population":777}},{"type":"Feature","id":1530,"geometry":{"type":"Polygon","coordinates":[[[9.12894,45.50082],[9.13047,45.5016],[9.13206,45.50115],[9.1322,45.49994],[9.13068,45.49916],[9.12908,45.49961],[9.12894,45.50082]]]},"properties":{"cdi":0.039,"o_score_pt":1354.3,"o_score_car":1463.8,"population":197}},{"type":"Feature","id":1531,"geometry":{"type":"Polygon","coordinates":[[[9.13745,45.50184],[9.13937,45.50284],[9.14146,45.50225],[9.14164,45.50067],[9.13971,45.49968],[9.13763,45.50027],[9.13745,45.50184]]]},"properties":{"cdi":0.129,"o_score_pt":1410,"o_score_car":1829.3,"population":700}},{"type":"Feature","id":1532,"geometry":{"type":"Polygon","coordinates":[[[9.13963,45.50464],[9.14134,45.50553],[9.14317,45.50501],[9.14333,45.50362],[9.14162,45.50274],[9.13979,45.50326],[9.13963,45.50464]]]},"properties":{"cdi":0.179,"o_score_pt":1239,"o_score_car":1781,"population":361}},{"type":"Feature","id":1533,"geometry":{"type":"Polygon","coordinates":[[[9.11611,45.49419],[9.11763,45.49497],[9.11922,45.49452],[9.11936,45.49331],[9.11784,45.49253],[9.11625,45.49298],[9.11611,45.49419]]]},"properties":{"cdi":0.041,"o_score_pt":1571.6,"o_score_car":1706.9,"population":197}},{"type":"Feature","id":1534,"geometry":{"type":"Polygon","coordinates":[[[9.12726,45.49786],[9.12857,45.49854],[9.1299,45.49816],[9.13002,45.49714],[9.12871,45.49647],[9.12737,45.49685],[9.12726,45.49786]]]},"properties":{"cdi":0.131,"o_score_pt":1425.8,"o_score_car":1854.5,"population":101}},{"type":"Feature","id":1535,"geometry":{"type":"Polygon","coordinates":[[[9.12716,45.51162],[9.12916,45.51265],[9.13134,45.51203],[9.13153,45.51039],[9.12952,45.50935],[9.12735,45.50997],[9.12716,45.51162]]]},"properties":{"cdi":0.203,"o_score_pt":1115.3,"o_score_car":1684.7,"population":890}},{"type":"Feature","id":1536,"geometry":{"type":"Polygon","coordinates":[[[9.11981,45.51022],[9.12041,45.51053],[9.12089,45.51039],[9.12093,45.51003],[9.12033,45.50972],[9.11985,45.50985],[9.11981,45.51022]]]},"properties":{"cdi":0.245,"o_score_pt":978,"o_score_car":1613.6,"population":10}},{"type":"Feature","id":1537,"geometry":{"type":"Polygon","coordinates":[[[9.13728,45.50701],[9.13882,45.5078],[9.14043,45.50734],[9.14057,45.50613],[9.13904,45.50533],[9.13743,45.50579],[9.13728,45.50701]]]},"properties":{"cdi":0.193,"o_score_pt":1119.8,"o_score_car":1655.5,"population":205}},{"type":"Feature","id":1538,"geometry":{"type":"Polygon","coordinates":[[[9.1164,45.50432],[9.1166,45.50442],[9.1166,45.50442],[9.1164,45.50432],[9.1164,45.50432]]]},"properties":{"cdi":0.201,"o_score_pt":1072.6,"o_score_car":1613.3,"population":0}},{"type":"Feature","id":1539,"geometry":{"type":"Polygon","coordinates":[[[9.11834,45.5072],[9.11854,45.5073],[9.11854,45.5073],[9.11834,45.5072],[9.11834,45.5072]]]},"properties":{"cdi":0.251,"o_score_pt":1003.6,"o_score_car":1675.7,"population":2}},{"type":"Feature","id":1540,"geometry":{"type":"Polygon","coordinates":[[[9.23809,45.49548],[9.23993,45.49643],[9.2419,45.49587],[9.24207,45.49437],[9.24024,45.49343],[9.23826,45.49399],[9.23809,45.49548]]]},"properties":{"cdi":0.071,"o_score_pt":1544.4,"o_score_car":1781,"population":528}},{"type":"Feature","id":1541,"geometry":{"type":"Polygon","coordinates":[[[9.24057,45.49818],[9.24194,45.49889],[9.24335,45.49849],[9.24347,45.49742],[9.2421,45.49672],[9.2407,45.49712],[9.24057,45.49818]]]},"properties":{"cdi":0.001,"o_score_pt":1724.9,"o_score_car":1729.4,"population":120}},{"type":"Feature","id":1542,"geometry":{"type":"Polygon","coordinates":[[[9.24792,45.49096],[9.24954,45.4918],[9.25126,45.49131],[9.25141,45.49001],[9.24979,45.48917],[9.24806,45.48966],[9.24792,45.49096]]]},"properties":{"cdi":0.086,"o_score_pt":1460.5,"o_score_car":1734.6,"population":273}},{"type":"Feature","id":1543,"geometry":{"type":"Polygon","coordinates":[[[9.22682,45.49185],[9.22896,45.49296],[9.23131,45.49229],[9.23151,45.49052],[9.22937,45.48941],[9.22702,45.49008],[9.22682,45.49185]]]},"properties":{"cdi":0.086,"o_score_pt":1634.9,"o_score_car":1943.7,"population":1377}},{"type":"Feature","id":1544,"geometry":{"type":"Polygon","coordinates":[[[9.24553,45.48823],[9.24754,45.48927],[9.24973,45.48864],[9.24992,45.48699],[9.24791,45.48595],[9.24572,45.48657],[9.24553,45.48823]]]},"properties":{"cdi":0.13,"o_score_pt":1416.5,"o_score_car":1840.6,"population":924}},{"type":"Feature","id":1545,"geometry":{"type":"Polygon","coordinates":[[[9.23641,45.48741],[9.23855,45.48851],[9.24089,45.48784],[9.2411,45.48607],[9.23895,45.48497],[9.23661,45.48564],[9.23641,45.48741]]]},"properties":{"cdi":0.025,"o_score_pt":1776.5,"o_score_car":1866.2,"population":1621}},{"type":"Feature","id":1546,"geometry":{"type":"Polygon","coordinates":[[[9.23713,45.50091],[9.23927,45.50201],[9.24161,45.50135],[9.24182,45.49957],[9.23967,45.49847],[9.23733,45.49914],[9.23713,45.50091]]]},"properties":{"cdi":-0.01,"o_score_pt":1772.3,"o_score_car":1737.9,"population":1885}},{"type":"Feature","id":1547,"geometry":{"type":"Polygon","coordinates":[[[9.24671,45.50158],[9.24833,45.50242],[9.25003,45.50193],[9.25018,45.50064],[9.24857,45.49981],[9.24686,45.5003],[9.24671,45.50158]]]},"properties":{"cdi":0.038,"o_score_pt":1491.1,"o_score_car":1608.6,"population":262}},{"type":"Feature","id":1548,"geometry":{"type":"Polygon","coordinates":[[[9.24863,45.50447],[9.25026,45.50531],[9.252,45.50482],[9.25215,45.5035],[9.25051,45.50266],[9.24878,45.50316],[9.24863,45.50447]]]},"properties":{"cdi":0.01,"o_score_pt":1605.8,"o_score_car":1636.7,"population":283}},{"type":"Feature","id":1549,"geometry":{"type":"Polygon","coordinates":[[[9.22427,45.49429],[9.22641,45.49539],[9.22876,45.49473],[9.22896,45.49296],[9.22682,45.49185],[9.22448,45.49252],[9.22427,45.49429]]]},"properties":{"cdi":0.034,"o_score_pt":1810.8,"o_score_car":1937.8,"population":1849}},{"type":"Feature","id":1550,"geometry":{"type":"Polygon","coordinates":[[[9.26501,45.50833],[9.26581,45.50874],[9.26652,45.50854],[9.26658,45.508],[9.26579,45.50759],[9.26508,45.50779],[9.26501,45.50833]]]},"properties":{"cdi":0.322,"o_score_pt":811.7,"o_score_car":1581.9,"population":19}},{"type":"Feature","id":1551,"geometry":{"type":"Polygon","coordinates":[[[9.27482,45.50381],[9.27542,45.50412],[9.2759,45.50399],[9.27594,45.50362],[9.27534,45.50331],[9.27486,45.50345],[9.27482,45.50381]]]},"properties":{"cdi":0.304,"o_score_pt":752.1,"o_score_car":1408,"population":10}},{"type":"Feature","id":1552,"geometry":{"type":"Polygon","coordinates":[[[9.22223,45.4726],[9.22437,45.4737],[9.22671,45.47303],[9.22691,45.47126],[9.22477,45.47016],[9.22243,45.47083],[9.22223,45.4726]]]},"properties":{"cdi":0.025,"o_score_pt":1907.5,"o_score_car":2006.3,"population":1534}},{"type":"Feature","id":1553,"geometry":{"type":"Polygon","coordinates":[[[9.23399,45.47607],[9.23539,45.47679],[9.23685,45.47638],[9.23697,45.47528],[9.23557,45.47456],[9.23412,45.47497],[9.23399,45.47607]]]},"properties":{"cdi":0.096,"o_score_pt":1564,"o_score_car":1896.9,"population":135}},{"type":"Feature","id":1554,"geometry":{"type":"Polygon","coordinates":[[[9.22029,45.46972],[9.22243,45.47083],[9.22477,45.47016],[9.22498,45.46839],[9.22284,45.46728],[9.22049,45.46795],[9.22029,45.46972]]]},"properties":{"cdi":0.019,"o_score_pt":1962.2,"o_score_car":2038.7,"population":1505}},{"type":"Feature","id":1555,"geometry":{"type":"Polygon","coordinates":[[[9.21132,45.46885],[9.21346,45.46996],[9.2158,45.46929],[9.21601,45.46752],[9.21386,45.46641],[9.21152,45.46708],[9.21132,45.46885]]]},"properties":{"cdi":0.029,"o_score_pt":1933.6,"o_score_car":2047.9,"population":1892}},{"type":"Feature","id":1556,"geometry":{"type":"Polygon","coordinates":[[[9.22987,45.46528],[9.23201,45.46638],[9.23435,45.46571],[9.23456,45.46394],[9.23242,45.46284],[9.23007,45.46351],[9.22987,45.46528]]]},"properties":{"cdi":0.049,"o_score_pt":1755.7,"o_score_car":1937.6,"population":3175}},{"type":"Feature","id":1557,"geometry":{"type":"Polygon","coordinates":[[[9.22101,45.48323],[9.22315,45.48433],[9.22549,45.48366],[9.2257,45.48189],[9.22355,45.48079],[9.22121,45.48146],[9.22101,45.48323]]]},"properties":{"cdi":0.002,"o_score_pt":2007.9,"o_score_car":2017.3,"population":1978}},{"type":"Feature","id":1558,"geometry":{"type":"Polygon","coordinates":[[[9.22294,45.4861],[9.22509,45.48721],[9.22743,45.48654],[9.22763,45.48477],[9.22549,45.48366],[9.22315,45.48433],[9.22294,45.4861]]]},"properties":{"cdi":0.017,"o_score_pt":1942.2,"o_score_car":2010.2,"population":1469}},{"type":"Feature","id":1559,"geometry":{"type":"Polygon","coordinates":[[[9.23172,45.47842],[9.23288,45.47902],[9.23405,45.47869],[9.23415,45.47781],[9.23298,45.47721],[9.23182,45.47754],[9.23172,45.47842]]]},"properties":{"cdi":0.087,"o_score_pt":1616.9,"o_score_car":1924.3,"population":64}},{"type":"Feature","id":1560,"geometry":{"type":"Polygon","coordinates":[[[9.2101,45.47948],[9.21224,45.48058],[9.21458,45.47992],[9.21478,45.47815],[9.21264,45.47704],[9.2103,45.47771],[9.2101,45.47948]]]},"properties":{"cdi":-0.039,"o_score_pt":2217.6,"o_score_car":2050.3,"population":2249}},{"type":"Feature","id":1561,"geometry":{"type":"Polygon","coordinates":[[[9.24644,45.46908],[9.24757,45.46966],[9.24869,45.46934],[9.24879,45.46849],[9.24765,45.46791],[9.24653,45.46823],[9.24644,45.46908]]]},"properties":{"cdi":0.18,"o_score_pt":1224.7,"o_score_car":1760.8,"population":57}},{"type":"Feature","id":1562,"geometry":{"type":"Polygon","coordinates":[[[9.25774,45.4727],[9.25853,45.47311],[9.25924,45.4729],[9.2593,45.47236],[9.25851,45.47196],[9.2578,45.47216],[9.25774,45.4727]]]},"properties":{"cdi":0.245,"o_score_pt":987.7,"o_score_car":1628.7,"population":19}},{"type":"Feature","id":1563,"geometry":{"type":"Polygon","coordinates":[[[9.25017,45.48512],[9.25037,45.48522],[9.25037,45.48522],[9.25017,45.48512],[9.25017,45.48512]]]},"properties":{"cdi":0.132,"o_score_pt":1261.6,"o_score_car":1645.4,"population":1}},{"type":"Feature","id":1564,"geometry":{"type":"Polygon","coordinates":[[[9.2441,45.48007],[9.2462,45.48115],[9.24849,45.4805],[9.24869,45.47877],[9.24659,45.47769],[9.2443,45.47834],[9.2441,45.48007]]]},"properties":{"cdi":0.054,"o_score_pt":1639.6,"o_score_car":1828.4,"population":1192}},{"type":"Feature","id":1565,"geometry":{"type":"Polygon","coordinates":[[[9.2471,45.48261],[9.24828,45.48322],[9.24946,45.48288],[9.24957,45.48198],[9.24839,45.48137],[9.2472,45.48171],[9.2471,45.48261]]]},"properties":{"cdi":0.162,"o_score_pt":1199.6,"o_score_car":1663.6,"population":67}},{"type":"Feature","id":1566,"geometry":{"type":"Polygon","coordinates":[[[9.21771,45.51499],[9.21954,45.51593],[9.2215,45.51537],[9.22167,45.51389],[9.21984,45.51295],[9.21788,45.51351],[9.21771,45.51499]]]},"properties":{"cdi":0.039,"o_score_pt":1611.2,"o_score_car":1742.7,"population":508}},{"type":"Feature","id":1567,"geometry":{"type":"Polygon","coordinates":[[[9.23669,45.51129],[9.23816,45.51204],[9.23968,45.51161],[9.23982,45.51045],[9.23835,45.5097],[9.23682,45.51013],[9.23669,45.51129]]]},"properties":{"cdi":0.095,"o_score_pt":1372.6,"o_score_car":1659.1,"population":164}},{"type":"Feature","id":1568,"geometry":{"type":"Polygon","coordinates":[[[9.22715,45.5106],[9.2291,45.5116],[9.23122,45.511],[9.2314,45.5094],[9.22945,45.5084],[9.22733,45.509],[9.22715,45.5106]]]},"properties":{"cdi":0.06,"o_score_pt":1532.2,"o_score_car":1727,"population":758}},{"type":"Feature","id":1569,"geometry":{"type":"Polygon","coordinates":[[[9.2148,45.50382],[9.21632,45.5046],[9.21791,45.50414],[9.21805,45.50294],[9.21653,45.50216],[9.21494,45.50261],[9.2148,45.50382]]]},"properties":{"cdi":0.111,"o_score_pt":1483.2,"o_score_car":1854.8,"population":194}},{"type":"Feature","id":1570,"geometry":{"type":"Polygon","coordinates":[[[9.22305,45.50492],[9.2252,45.50602],[9.22754,45.50535],[9.22774,45.50358],[9.2256,45.50248],[9.22326,45.50315],[9.22305,45.50492]]]},"properties":{"cdi":0.031,"o_score_pt":1719.5,"o_score_car":1828.5,"population":1737}},{"type":"Feature","id":1571,"geometry":{"type":"Polygon","coordinates":[[[9.22509,45.50776],[9.22715,45.50882],[9.22939,45.50818],[9.22959,45.50649],[9.22753,45.50543],[9.22528,45.50607],[9.22509,45.50776]]]},"properties":{"cdi":-0.004,"o_score_pt":1717.8,"o_score_car":1704.4,"population":1063}},{"type":"Feature","id":1572,"geometry":{"type":"Polygon","coordinates":[[[9.21528,45.51739],[9.217,45.51828],[9.21885,45.51776],[9.21901,45.51637],[9.21728,45.51548],[9.21544,45.516],[9.21528,45.51739]]]},"properties":{"cdi":0.058,"o_score_pt":1483.6,"o_score_car":1666.7,"population":373}},{"type":"Feature","id":1573,"geometry":{"type":"Polygon","coordinates":[[[9.22603,45.52119],[9.2279,45.52215],[9.22991,45.52158],[9.23008,45.52006],[9.22822,45.5191],[9.2262,45.51967],[9.22603,45.52119]]]},"properties":{"cdi":0.029,"o_score_pt":1558.2,"o_score_car":1650.7,"population":579}},{"type":"Feature","id":1574,"geometry":{"type":"Polygon","coordinates":[[[9.21336,45.51451],[9.21507,45.51539],[9.21688,45.51487],[9.21704,45.5135],[9.21534,45.51262],[9.21352,45.51314],[9.21336,45.51451]]]},"properties":{"cdi":0.08,"o_score_pt":1418.9,"o_score_car":1667.2,"population":347}},{"type":"Feature","id":1575,"geometry":{"type":"Polygon","coordinates":[[[9.20402,45.51375],[9.20604,45.5148],[9.20824,45.51417],[9.20843,45.51251],[9.20641,45.51147],[9.20421,45.51209],[9.20402,45.51375]]]},"properties":{"cdi":0.011,"o_score_pt":1773.5,"o_score_car":1814.7,"population":939}},{"type":"Feature","id":1576,"geometry":{"type":"Polygon","coordinates":[[[9.25159,45.51563],[9.2535,45.51661],[9.25555,45.51602],[9.25573,45.51447],[9.25383,45.51349],[9.25177,45.51407],[9.25159,45.51563]]]},"properties":{"cdi":0.099,"o_score_pt":1198.6,"o_score_car":1463.5,"population":654}},{"type":"Feature","id":1577,"geometry":{"type":"Polygon","coordinates":[[[9.25427,45.51826],[9.25554,45.51892],[9.25682,45.51855],[9.25693,45.51758],[9.25567,45.51693],[9.25438,45.51729],[9.25427,45.51826]]]},"properties":{"cdi":0.151,"o_score_pt":1037.8,"o_score_car":1408.2,"population":87}},{"type":"Feature","id":1578,"geometry":{"type":"Polygon","coordinates":[[[9.26218,45.51086],[9.26322,45.51139],[9.26422,45.51111],[9.26431,45.51035],[9.26328,45.50981],[9.26227,45.5101],[9.26218,45.51086]]]},"properties":{"cdi":0.032,"o_score_pt":1472.1,"o_score_car":1568.1,"population":42}},{"type":"Feature","id":1579,"geometry":{"type":"Polygon","coordinates":[[[9.24089,45.51181],[9.24261,45.5127],[9.24444,45.51218],[9.24459,45.51079],[9.24288,45.50991],[9.24105,45.51043],[9.24089,45.51181]]]},"properties":{"cdi":0.141,"o_score_pt":1233,"o_score_car":1636.3,"population":360}},{"type":"Feature","id":1580,"geometry":{"type":"Polygon","coordinates":[[[9.26047,45.50791],[9.26131,45.50834],[9.26207,45.50813],[9.26214,45.50755],[9.2613,45.50712],[9.26054,45.50733],[9.26047,45.50791]]]},"properties":{"cdi":0.08,"o_score_pt":1366.3,"o_score_car":1605.4,"population":22}},{"type":"Feature","id":1581,"geometry":{"type":"Polygon","coordinates":[[[9.25008,45.5075],[9.25214,45.50856],[9.25438,45.50792],[9.25458,45.50622],[9.25252,45.50516],[9.25027,45.5058],[9.25008,45.5075]]]},"properties":{"cdi":0.029,"o_score_pt":1510.3,"o_score_car":1601,"population":1060}},{"type":"Feature","id":1582,"geometry":{"type":"Polygon","coordinates":[[[9.23852,45.5142],[9.24008,45.515],[9.24173,45.51453],[9.24187,45.51329],[9.24031,45.51248],[9.23866,45.51295],[9.23852,45.5142]]]},"properties":{"cdi":0.107,"o_score_pt":1275.2,"o_score_car":1579.5,"population":224}},{"type":"Feature","id":1583,"geometry":{"type":"Polygon","coordinates":[[[9.21081,45.49298],[9.21295,45.49409],[9.2153,45.49342],[9.2155,45.49165],[9.21336,45.49054],[9.21102,45.49121],[9.21081,45.49298]]]},"properties":{"cdi":0.008,"o_score_pt":1943,"o_score_car":1973.9,"population":2243}},{"type":"Feature","id":1584,"geometry":{"type":"Polygon","coordinates":[[[9.20184,45.49211],[9.20398,45.49322],[9.20633,45.49255],[9.20653,45.49078],[9.20439,45.48967],[9.20204,45.49034],[9.20184,45.49211]]]},"properties":{"cdi":0.005,"o_score_pt":2063.3,"o_score_car":2083.7,"population":2020}},{"type":"Feature","id":1585,"geometry":{"type":"Polygon","coordinates":[[[9.2204,45.48854],[9.22254,45.48965],[9.22488,45.48898],[9.22509,45.48721],[9.22294,45.4861],[9.2206,45.48677],[9.2204,45.48854]]]},"properties":{"cdi":0.023,"o_score_pt":1892,"o_score_car":1979.2,"population":1903}},{"type":"Feature","id":1586,"geometry":{"type":"Polygon","coordinates":[[[9.19841,45.48622],[9.20017,45.48712],[9.20204,45.48659],[9.2022,45.48517],[9.20045,45.48427],[9.19858,45.4848],[9.19841,45.48622]]]},"properties":{"cdi":-0.046,"o_score_pt":2355.5,"o_score_car":2149.8,"population":407}},{"type":"Feature","id":1587,"geometry":{"type":"Polygon","coordinates":[[[9.1999,45.48924],[9.20204,45.49034],[9.20439,45.48967],[9.20459,45.4879],[9.20245,45.4868],[9.2001,45.48747],[9.1999,45.48924]]]},"properties":{"cdi":-0.044,"o_score_pt":2268.4,"o_score_car":2075.5,"population":1474}},{"type":"Feature","id":1588,"geometry":{"type":"Polygon","coordinates":[[[9.20755,45.48192],[9.20969,45.48302],[9.21203,45.48236],[9.21224,45.48058],[9.2101,45.47948],[9.20775,45.48015],[9.20755,45.48192]]]},"properties":{"cdi":-0.065,"o_score_pt":2296.6,"o_score_car":2016.9,"population":1962}},{"type":"Feature","id":1589,"geometry":{"type":"Polygon","coordinates":[[[9.20078,45.50269],[9.20278,45.50372],[9.20496,45.5031],[9.20515,45.50145],[9.20314,45.50042],[9.20096,45.50104],[9.20078,45.50269]]]},"properties":{"cdi":0.042,"o_score_pt":1758,"o_score_car":1910.6,"population":891}},{"type":"Feature","id":1590,"geometry":{"type":"Polygon","coordinates":[[[9.21918,45.49917],[9.22132,45.50027],[9.22366,45.4996],[9.22387,45.49783],[9.22172,45.49673],[9.21938,45.4974],[9.21918,45.49917]]]},"properties":{"cdi":0.005,"o_score_pt":1854.8,"o_score_car":1874.1,"population":2046}},{"type":"Feature","id":1591,"geometry":{"type":"Polygon","coordinates":[[[9.21038,45.49824],[9.21237,45.49926],[9.21453,45.49865],[9.21471,45.49702],[9.21273,45.496],[9.21057,45.49661],[9.21038,45.49824]]]},"properties":{"cdi":0.047,"o_score_pt":1771.4,"o_score_car":1947.9,"population":845}},{"type":"Feature","id":1592,"geometry":{"type":"Polygon","coordinates":[[[9.19762,45.49159],[9.19953,45.49258],[9.2016,45.49199],[9.20178,45.49043],[9.19986,45.48944],[9.1978,45.49003],[9.19762,45.49159]]]},"properties":{"cdi":-0.033,"o_score_pt":2213.6,"o_score_car":2073.8,"population":668}},{"type":"Feature","id":1593,"geometry":{"type":"Polygon","coordinates":[[[9.10125,45.46075],[9.10331,45.46182],[9.10557,45.46118],[9.10577,45.45948],[9.1037,45.45841],[9.10144,45.45905],[9.10125,45.46075]]]},"properties":{"cdi":0.158,"o_score_pt":1164.4,"o_score_car":1600.5,"population":1099}},{"type":"Feature","id":1594,"geometry":{"type":"Polygon","coordinates":[[[9.11013,45.46166],[9.11226,45.46277],[9.11461,45.4621],[9.11481,45.46033],[9.11268,45.45922],[9.11033,45.45989],[9.11013,45.46166]]]},"properties":{"cdi":0.096,"o_score_pt":1404.9,"o_score_car":1703.2,"population":1593}},{"type":"Feature","id":1595,"geometry":{"type":"Polygon","coordinates":[[[9.11247,45.4644],[9.11425,45.46532],[9.11616,45.46478],[9.11633,45.46334],[9.11455,45.46242],[9.11264,45.46296],[9.11247,45.4644]]]},"properties":{"cdi":0.147,"o_score_pt":1299.3,"o_score_car":1747.4,"population":446}},{"type":"Feature","id":1596,"geometry":{"type":"Polygon","coordinates":[[[9.08936,45.45382],[9.09061,45.45447],[9.09189,45.45411],[9.092,45.45314],[9.09075,45.45249],[9.08947,45.45285],[9.08936,45.45382]]]},"properties":{"cdi":0.185,"o_score_pt":1017.9,"o_score_car":1481.5,"population":86}},{"type":"Feature","id":1597,"geometry":{"type":"Polygon","coordinates":[[[9.09923,45.4579],[9.10137,45.45901],[9.10371,45.45834],[9.10392,45.45657],[9.10178,45.45547],[9.09944,45.45613],[9.09923,45.4579]]]},"properties":{"cdi":0.205,"o_score_pt":1033.8,"o_score_car":1567.6,"population":1609}},{"type":"Feature","id":1598,"geometry":{"type":"Polygon","coordinates":[[[9.10061,45.47119],[9.10216,45.47199],[9.10379,45.47153],[9.10394,45.47029],[9.10238,45.46949],[9.10075,45.46995],[9.10061,45.47119]]]},"properties":{"cdi":0.176,"o_score_pt":1114.3,"o_score_car":1589,"population":217}},{"type":"Feature","id":1599,"geometry":{"type":"Polygon","coordinates":[[[9.09117,45.47046],[9.09313,45.47147],[9.09526,45.47087],[9.09544,45.46926],[9.09348,45.46825],[9.09136,45.46885],[9.09117,45.47046]]]},"properties":{"cdi":0.189,"o_score_pt":915.1,"o_score_car":1341.3,"population":778}},{"type":"Feature","id":1600,"geometry":{"type":"Polygon","coordinates":[[[9.11098,45.46651],[9.11185,45.46696],[9.11266,45.46673],[9.11273,45.46611],[9.11186,45.46566],[9.11105,45.46589],[9.11098,45.46651]]]},"properties":{"cdi":0.158,"o_score_pt":1274.3,"o_score_car":1751.7,"population":25}},{"type":"Feature","id":1601,"geometry":{"type":"Polygon","coordinates":[[[9.08733,45.4647],[9.08927,45.4657],[9.09137,45.46511],[9.09156,45.46352],[9.08962,45.46251],[9.08752,45.46311],[9.08733,45.4647]]]},"properties":{"cdi":0.212,"o_score_pt":970.3,"o_score_car":1492,"population":736}},{"type":"Feature","id":1602,"geometry":{"type":"Polygon","coordinates":[[[9.08903,45.46765],[9.09117,45.46876],[9.09351,45.46809],[9.09372,45.46632],[9.09158,45.46521],[9.08924,45.46588],[9.08903,45.46765]]]},"properties":{"cdi":0.22,"o_score_pt":909.1,"o_score_car":1423.4,"population":1428}},{"type":"Feature","id":1603,"geometry":{"type":"Polygon","coordinates":[[[9.12744,45.46873],[9.12958,45.46984],[9.13192,45.46917],[9.13213,45.4674],[9.12999,45.46629],[9.12765,45.46696],[9.12744,45.46873]]]},"properties":{"cdi":0.046,"o_score_pt":1604,"o_score_car":1759.3,"population":2176}},{"type":"Feature","id":1604,"geometry":{"type":"Polygon","coordinates":[[[9.14599,45.46517],[9.14813,45.46628],[9.15047,45.46561],[9.15068,45.46384],[9.14854,45.46273],[9.14619,45.4634],[9.14599,45.46517]]]},"properties":{"cdi":0.048,"o_score_pt":1795.8,"o_score_car":1975.7,"population":1597}},{"type":"Feature","id":1605,"geometry":{"type":"Polygon","coordinates":[[[9.13702,45.46429],[9.13916,45.4654],[9.1415,45.46473],[9.14171,45.46296],[9.13957,45.46186],[9.13723,45.46252],[9.13702,45.46429]]]},"properties":{"cdi":0.041,"o_score_pt":1788.7,"o_score_car":1943.6,"population":2253}},{"type":"Feature","id":1606,"geometry":{"type":"Polygon","coordinates":[[[9.1244,45.4576],[9.12636,45.45861],[9.12848,45.45801],[9.12867,45.4564],[9.12671,45.45539],[9.12459,45.45599],[9.1244,45.4576]]]},"properties":{"cdi":0.091,"o_score_pt":1491.6,"o_score_car":1789.4,"population":777}},{"type":"Feature","id":1607,"geometry":{"type":"Polygon","coordinates":[[[9.13323,45.45852],[9.1353,45.45959],[9.13757,45.45895],[9.13777,45.45723],[9.13569,45.45616],[9.13343,45.45681],[9.13323,45.45852]]]},"properties":{"cdi":0.066,"o_score_pt":1606.3,"o_score_car":1832.9,"population":1124}},{"type":"Feature","id":1608,"geometry":{"type":"Polygon","coordinates":[[[9.13509,45.46142],[9.13723,45.46252],[9.13957,45.46186],[9.13978,45.46009],[9.13764,45.45898],[9.13529,45.45965],[9.13509,45.46142]]]},"properties":{"cdi":0.022,"o_score_pt":1824.3,"o_score_car":1905.5,"population":1469}},{"type":"Feature","id":1609,"geometry":{"type":"Polygon","coordinates":[[[9.12491,45.47116],[9.12703,45.47226],[9.12936,45.4716],[9.12956,45.46984],[9.12744,45.46874],[9.12511,45.4694],[9.12491,45.47116]]]},"properties":{"cdi":0.085,"o_score_pt":1503.4,"o_score_car":1783.7,"population":1313}},{"type":"Feature","id":1610,"geometry":{"type":"Polygon","coordinates":[[[9.13579,45.47492],[9.13793,45.47603],[9.14027,45.47536],[9.14048,45.47359],[9.13834,45.47248],[9.136,45.47315],[9.13579,45.47492]]]},"properties":{"cdi":0.034,"o_score_pt":1810.7,"o_score_car":1937.8,"population":1953}},{"type":"Feature","id":1611,"geometry":{"type":"Polygon","coordinates":[[[9.12331,45.46818],[9.12514,45.46912],[9.12712,45.46856],[9.12729,45.46707],[9.12546,45.46613],[9.12349,45.46669],[9.12331,45.46818]]]},"properties":{"cdi":0.114,"o_score_pt":1408.8,"o_score_car":1773.1,"population":522}},{"type":"Feature","id":1612,"geometry":{"type":"Polygon","coordinates":[[[9.11527,45.467],[9.11631,45.46754],[9.11731,45.46725],[9.1174,45.46649],[9.11637,45.46596],[9.11536,45.46624],[9.11527,45.467]]]},"properties":{"cdi":0.165,"o_score_pt":1251.3,"o_score_car":1745.6,"population":42}},{"type":"Feature","id":1613,"geometry":{"type":"Polygon","coordinates":[[[9.07645,45.4386],[9.07664,45.43871],[9.07664,45.43871],[9.07645,45.4386],[9.07645,45.4386]]]},"properties":{"cdi":1,"o_score_pt":0,"o_score_car":1224.8,"population":1}},{"type":"Feature","id":1614,"geometry":{"type":"Polygon","coordinates":[[[9.09571,45.45204],[9.09755,45.45299],[9.09953,45.45243],[9.09971,45.45093],[9.09787,45.44998],[9.09589,45.45054],[9.09571,45.45204]]]},"properties":{"cdi":0.266,"o_score_pt":883.3,"o_score_car":1523.6,"population":536}},{"type":"Feature","id":1615,"geometry":{"type":"Polygon","coordinates":[[[9.07338,45.44121],[9.07403,45.44155],[9.07457,45.44139],[9.07462,45.44098],[9.07397,45.44064],[9.07342,45.44079],[9.07338,45.44121]]]},"properties":{"cdi":0.483,"o_score_pt":478.4,"o_score_car":1373.9,"population":12}},{"type":"Feature","id":1616,"geometry":{"type":"Polygon","coordinates":[[[9.12146,45.44643],[9.12315,45.44731],[9.12495,45.44679],[9.12511,45.44543],[9.12342,45.44456],[9.12161,45.44507],[9.12146,45.44643]]]},"properties":{"cdi":0.145,"o_score_pt":1301.8,"o_score_car":1743.7,"population":338}},{"type":"Feature","id":1617,"geometry":{"type":"Polygon","coordinates":[[[9.11262,45.44551],[9.1142,45.44634],[9.11588,45.44586],[9.11602,45.44459],[9.11444,45.44377],[9.11276,45.44425],[9.11262,45.44551]]]},"properties":{"cdi":0.173,"o_score_pt":1163.6,"o_score_car":1651.9,"population":243}},{"type":"Feature","id":1618,"geometry":{"type":"Polygon","coordinates":[[[9.13073,45.44209],[9.13268,45.44311],[9.13481,45.4425],[9.135,45.44089],[9.13304,45.43988],[9.13091,45.44049],[9.13073,45.44209]]]},"properties":{"cdi":0.059,"o_score_pt":1431.5,"o_score_car":1611.5,"population":781}},{"type":"Feature","id":1619,"geometry":{"type":"Polygon","coordinates":[[[9.11101,45.45626],[9.11292,45.45725],[9.11499,45.45666],[9.11517,45.4551],[9.11326,45.45411],[9.11119,45.4547],[9.11101,45.45626]]]},"properties":{"cdi":0.035,"o_score_pt":1584.2,"o_score_car":1698.2,"population":676}},{"type":"Feature","id":1620,"geometry":{"type":"Polygon","coordinates":[[[9.12955,45.4527],[9.13146,45.45369],[9.13353,45.4531],[9.13371,45.45154],[9.1318,45.45055],[9.12973,45.45114],[9.12955,45.4527]]]},"properties":{"cdi":0.095,"o_score_pt":1484.8,"o_score_car":1795.2,"population":669}},{"type":"Feature","id":1621,"geometry":{"type":"Polygon","coordinates":[[[9.12085,45.45174],[9.12253,45.45261],[9.12432,45.4521],[9.12448,45.45075],[9.1228,45.44988],[9.12101,45.45039],[9.12085,45.45174]]]},"properties":{"cdi":0.071,"o_score_pt":1425.1,"o_score_car":1643.3,"population":325}},{"type":"Feature","id":1622,"geometry":{"type":"Polygon","coordinates":[[[9.08023,45.47695],[9.08116,45.47743],[9.08204,45.47718],[9.08212,45.47651],[9.08119,45.47603],[9.08031,45.47628],[9.08023,45.47695]]]},"properties":{"cdi":0.323,"o_score_pt":797.5,"o_score_car":1560,"population":30}},{"type":"Feature","id":1623,"geometry":{"type":"Polygon","coordinates":[[[9.09058,45.48088],[9.09198,45.48161],[9.09344,45.48119],[9.09357,45.48009],[9.09216,45.47936],[9.09071,45.47978],[9.09058,45.48088]]]},"properties":{"cdi":0.236,"o_score_pt":1028.4,"o_score_car":1662.3,"population":137}},{"type":"Feature","id":1624,"geometry":{"type":"Polygon","coordinates":[[[9.0788,45.47391],[9.0793,45.47417],[9.07965,45.47407],[9.07969,45.47379],[9.07919,45.47354],[9.07883,45.47364],[9.0788,45.47391]]]},"properties":{"cdi":0.217,"o_score_pt":856.2,"o_score_car":1330.3,"population":7}},{"type":"Feature","id":1625,"geometry":{"type":"Polygon","coordinates":[[[9.08677,45.47],[9.08866,45.47097],[9.09071,45.47039],[9.09089,45.46885],[9.08899,45.46787],[9.08695,45.46845],[9.08677,45.47]]]},"properties":{"cdi":0.253,"o_score_pt":847.7,"o_score_car":1423.1,"population":637}},{"type":"Feature","id":1626,"geometry":{"type":"Polygon","coordinates":[[[9.07883,45.48762],[9.0799,45.48817],[9.08095,45.48788],[9.08104,45.48708],[9.07997,45.48653],[9.07893,45.48683],[9.07883,45.48762]]]},"properties":{"cdi":0.268,"o_score_pt":869.3,"o_score_car":1506.9,"population":47}},{"type":"Feature","id":1627,"geometry":{"type":"Polygon","coordinates":[[[9.08143,45.49029],[9.08193,45.49054],[9.08228,45.49044],[9.08231,45.49017],[9.08181,45.48991],[9.08146,45.49001],[9.08143,45.49029]]]},"properties":{"cdi":0.303,"o_score_pt":845.6,"o_score_car":1580.8,"population":7}},{"type":"Feature","id":1628,"geometry":{"type":"Polygon","coordinates":[[[9.08834,45.48322],[9.08948,45.4838],[9.0906,45.48348],[9.0907,45.48263],[9.08957,45.48204],[9.08844,45.48236],[9.08834,45.48322]]]},"properties":{"cdi":0.238,"o_score_pt":1030.6,"o_score_car":1676,"population":58}},{"type":"Feature","id":1629,"geometry":{"type":"Polygon","coordinates":[[[9.06894,45.48354],[9.06914,45.48364],[9.06914,45.48364],[9.06894,45.48354],[9.06894,45.48354]]]},"properties":{"cdi":1,"o_score_pt":0.3,"o_score_car":1265.1,"population":0}},{"type":"Feature","id":1630,"geometry":{"type":"Polygon","coordinates":[[[9.11493,45.48084],[9.11686,45.48183],[9.11895,45.48124],[9.11914,45.47966],[9.11721,45.47866],[9.11512,45.47926],[9.11493,45.48084]]]},"properties":{"cdi":0.103,"o_score_pt":1481.9,"o_score_car":1821.9,"population":711}},{"type":"Feature","id":1631,"geometry":{"type":"Polygon","coordinates":[[[9.12514,45.48132],[9.126,45.48177],[9.1268,45.48154],[9.12687,45.48093],[9.126,45.48049],[9.12521,45.48072],[9.12514,45.48132]]]},"properties":{"cdi":0.123,"o_score_pt":1383.8,"o_score_car":1772.4,"population":24}},{"type":"Feature","id":1632,"geometry":{"type":"Polygon","coordinates":[[[9.12651,45.48438],[9.12786,45.48508],[9.12925,45.48468],[9.12937,45.48363],[9.12802,45.48293],[9.12663,45.48333],[9.12651,45.48438]]]},"properties":{"cdi":0.097,"o_score_pt":1536.7,"o_score_car":1868.5,"population":115}},{"type":"Feature","id":1633,"geometry":{"type":"Polygon","coordinates":[[[9.10205,45.47422],[9.10402,45.47525],[9.10617,45.47464],[9.10636,45.47301],[9.10438,45.47199],[9.10224,45.4726],[9.10205,45.47422]]]},"properties":{"cdi":0.104,"o_score_pt":1303.9,"o_score_car":1607.9,"population":828}},{"type":"Feature","id":1634,"geometry":{"type":"Polygon","coordinates":[[[9.11317,45.47791],[9.11495,45.47883],[9.11687,45.47828],[9.11703,45.47684],[9.11525,45.47592],[9.11334,45.47646],[9.11317,45.47791]]]},"properties":{"cdi":0.056,"o_score_pt":1578.4,"o_score_car":1767,"population":448}},{"type":"Feature","id":1635,"geometry":{"type":"Polygon","coordinates":[[[9.11371,45.49146],[9.11563,45.49245],[9.11772,45.49186],[9.1179,45.49029],[9.11597,45.48929],[9.11389,45.48988],[9.11371,45.49146]]]},"properties":{"cdi":0.086,"o_score_pt":1450.6,"o_score_car":1725.2,"population":701}},{"type":"Feature","id":1636,"geometry":{"type":"Polygon","coordinates":[[[9.10551,45.49034],[9.10677,45.49099],[9.10805,45.49062],[9.10816,45.48965],[9.1069,45.489],[9.10562,45.48936],[9.10551,45.49034]]]},"properties":{"cdi":0.17,"o_score_pt":1159.9,"o_score_car":1635.4,"population":87}},{"type":"Feature","id":1637,"geometry":{"type":"Polygon","coordinates":[[[9.12349,45.48696],[9.12524,45.48787],[9.12712,45.48734],[9.12729,45.48592],[9.12553,45.48501],[9.12365,45.48554],[9.12349,45.48696]]]},"properties":{"cdi":0.073,"o_score_pt":1574.4,"o_score_car":1820.6,"population":412}},{"type":"Feature","id":1638,"geometry":{"type":"Polygon","coordinates":[[[9.10287,45.48419],[9.10307,45.48429],[9.10307,45.48429],[9.10287,45.48419],[9.10287,45.48419]]]},"properties":{"cdi":0.138,"o_score_pt":1280.8,"o_score_car":1692.3,"population":0}},{"type":"Feature","id":1639,"geometry":{"type":"Polygon","coordinates":[[[9.1048,45.48707],[9.105,45.48717],[9.105,45.48717],[9.1048,45.48707],[9.1048,45.48707]]]},"properties":{"cdi":0.24,"o_score_pt":1025.9,"o_score_car":1672.1,"population":0}},{"type":"Feature","id":1640,"geometry":{"type":"Polygon","coordinates":[[[9.06694,45.46185],[9.06714,45.46195],[9.06714,45.46195],[9.06694,45.46185],[9.06694,45.46185]]]},"properties":{"cdi":0.71,"o_score_pt":241,"o_score_car":1421.5,"population":1}},{"type":"Feature","id":1641,"geometry":{"type":"Polygon","coordinates":[[[9.08343,45.45896],[9.0854,45.45998],[9.08755,45.45937],[9.08774,45.45775],[9.08576,45.45673],[9.08361,45.45734],[9.08343,45.45896]]]},"properties":{"cdi":0.162,"o_score_pt":1046.2,"o_score_car":1449.7,"population":825}},{"type":"Feature","id":1642,"geometry":{"type":"Polygon","coordinates":[[[9.07563,45.45771],[9.0766,45.45821],[9.07752,45.45794],[9.07761,45.45724],[9.07664,45.45674],[9.07571,45.457],[9.07563,45.45771]]]},"properties":{"cdi":0.272,"o_score_pt":806.8,"o_score_car":1408.8,"population":34}},{"type":"Feature","id":1643,"geometry":{"type":"Polygon","coordinates":[[[9.0637,45.45079],[9.0639,45.45089],[9.0639,45.45089],[9.0637,45.45079],[9.0637,45.45079]]]},"properties":{"cdi":0.413,"o_score_pt":520.6,"o_score_car":1254.5,"population":0}},{"type":"Feature","id":1644,"geometry":{"type":"Polygon","coordinates":[[[9.07089,45.45223],[9.07262,45.45313],[9.07447,45.4526],[9.07463,45.4512],[9.0729,45.45031],[9.07105,45.45083],[9.07089,45.45223]]]},"properties":{"cdi":0.305,"o_score_pt":712.7,"o_score_car":1338.3,"population":381}},{"type":"Feature","id":1645,"geometry":{"type":"Polygon","coordinates":[[[9.07309,45.45502],[9.07458,45.4558],[9.07615,45.45536],[9.07629,45.45417],[9.07479,45.45339],[9.07322,45.45384],[9.07309,45.45502]]]},"properties":{"cdi":0.255,"o_score_pt":831.5,"o_score_car":1401,"population":184}},{"type":"Feature","id":1646,"geometry":{"type":"Polygon","coordinates":[[[9.07442,45.46832],[9.07536,45.46881],[9.07627,45.46856],[9.07635,45.46787],[9.0754,45.46738],[9.0745,45.46764],[9.07442,45.46832]]]},"properties":{"cdi":0.387,"o_score_pt":584.8,"o_score_car":1322,"population":32}},{"type":"Feature","id":1647,"geometry":{"type":"Polygon","coordinates":[[[9.06246,45.46141],[9.06266,45.46151],[9.06266,45.46151],[9.06246,45.46141],[9.06246,45.46141]]]},"properties":{"cdi":0.786,"o_score_pt":156,"o_score_car":1300.1,"population":1}},{"type":"Feature","id":1648,"geometry":{"type":"Polygon","coordinates":[[[9.05311,45.46065],[9.05365,45.46093],[9.05405,45.46082],[9.05408,45.46051],[9.05355,45.46023],[9.05315,45.46034],[9.05311,45.46065]]]},"properties":{"cdi":0.775,"o_score_pt":155.8,"o_score_car":1231.3,"population":8}},{"type":"Feature","id":1649,"geometry":{"type":"Polygon","coordinates":[[[9.1837,45.45273],[9.18584,45.45383],[9.18818,45.45316],[9.18838,45.45139],[9.18624,45.45029],[9.1839,45.45096],[9.1837,45.45273]]]},"properties":{"cdi":0.036,"o_score_pt":1862.7,"o_score_car":2000.3,"population":1639}},{"type":"Feature","id":1650,"geometry":{"type":"Polygon","coordinates":[[[9.17473,45.45185],[9.17687,45.45296],[9.17921,45.45229],[9.17942,45.45052],[9.17728,45.44941],[9.17493,45.45008],[9.17473,45.45185]]]},"properties":{"cdi":0.031,"o_score_pt":1757.8,"o_score_car":1870,"population":1479}},{"type":"Feature","id":1651,"geometry":{"type":"Polygon","coordinates":[[[9.19334,45.44826],[9.19542,45.44934],[9.1977,45.44869],[9.19789,45.44697],[9.19581,45.4459],[9.19354,45.44654],[9.19334,45.44826]]]},"properties":{"cdi":0.064,"o_score_pt":1722.6,"o_score_car":1957.5,"population":1143}},{"type":"Feature","id":1652,"geometry":{"type":"Polygon","coordinates":[[[9.1712,45.44599],[9.17304,45.44695],[9.17503,45.44638],[9.17521,45.44487],[9.17336,45.44392],[9.17137,45.44449],[9.1712,45.44599]]]},"properties":{"cdi":0.023,"o_score_pt":1789.4,"o_score_car":1873,"population":548}},{"type":"Feature","id":1653,"geometry":{"type":"Polygon","coordinates":[[[9.17279,45.44898],[9.17493,45.45008],[9.17728,45.44941],[9.17748,45.44764],[9.17534,45.44654],[9.173,45.44721],[9.17279,45.44898]]]},"properties":{"cdi":0.015,"o_score_pt":1724.4,"o_score_car":1776.1,"population":2360}},{"type":"Feature","id":1654,"geometry":{"type":"Polygon","coordinates":[[[9.18044,45.44166],[9.18258,45.44276],[9.18492,45.4421],[9.18512,45.44032],[9.18298,45.43922],[9.18064,45.43989],[9.18044,45.44166]]]},"properties":{"cdi":0.081,"o_score_pt":1546.1,"o_score_car":1818.1,"population":2214}},{"type":"Feature","id":1655,"geometry":{"type":"Polygon","coordinates":[[[9.17374,45.46241],[9.17568,45.46341],[9.17777,45.46281],[9.17795,45.46123],[9.17602,45.46023],[9.17392,45.46082],[9.17374,45.46241]]]},"properties":{"cdi":-0.044,"o_score_pt":2097.4,"o_score_car":1920.1,"population":719}},{"type":"Feature","id":1656,"geometry":{"type":"Polygon","coordinates":[[[9.19241,45.4588],[9.19424,45.45974],[9.19621,45.45918],[9.19638,45.4577],[9.19455,45.45675],[9.19258,45.45731],[9.19241,45.4588]]]},"properties":{"cdi":-0.032,"o_score_pt":2107.5,"o_score_car":1978.5,"population":516}},{"type":"Feature","id":1657,"geometry":{"type":"Polygon","coordinates":[[[9.18313,45.45803],[9.18523,45.45911],[9.18752,45.45846],[9.18772,45.45672],[9.18562,45.45564],[9.18333,45.45629],[9.18313,45.45803]]]},"properties":{"cdi":-0.018,"o_score_pt":2042.2,"o_score_car":1969.2,"population":1201}},{"type":"Feature","id":1658,"geometry":{"type":"Polygon","coordinates":[[[9.17026,45.45141],[9.17239,45.45251],[9.17471,45.45185],[9.17492,45.45009],[9.17279,45.44899],[9.17046,45.44965],[9.17026,45.45141]]]},"properties":{"cdi":-0.035,"o_score_pt":1941.6,"o_score_car":1808.6,"population":1317}},{"type":"Feature","id":1659,"geometry":{"type":"Polygon","coordinates":[[[9.20866,45.45247],[9.2108,45.45357],[9.21315,45.4529],[9.21335,45.45113],[9.21121,45.45003],[9.20887,45.4507],[9.20866,45.45247]]]},"properties":{"cdi":0.056,"o_score_pt":1744.1,"o_score_car":1949.2,"population":1580}},{"type":"Feature","id":1660,"geometry":{"type":"Polygon","coordinates":[[[9.21957,45.45622],[9.22171,45.45732],[9.22405,45.45665],[9.22426,45.45488],[9.22212,45.45378],[9.21977,45.45444],[9.21957,45.45622]]]},"properties":{"cdi":0.095,"o_score_pt":1549.5,"o_score_car":1874.6,"population":2955}},{"type":"Feature","id":1661,"geometry":{"type":"Polygon","coordinates":[[[9.20673,45.44959],[9.20887,45.4507],[9.21121,45.45003],[9.21141,45.44826],[9.20927,45.44715],[9.20693,45.44782],[9.20673,45.44959]]]},"properties":{"cdi":0.021,"o_score_pt":1898,"o_score_car":1980.8,"population":1973}},{"type":"Feature","id":1662,"geometry":{"type":"Polygon","coordinates":[[[9.19783,45.4487],[9.19991,45.44977],[9.20218,45.44913],[9.20238,45.44741],[9.2003,45.44633],[9.19802,45.44698],[9.19783,45.4487]]]},"properties":{"cdi":0.018,"o_score_pt":1899.5,"o_score_car":1969,"population":1146}},{"type":"Feature","id":1663,"geometry":{"type":"Polygon","coordinates":[[[9.21631,45.44515],[9.21845,45.44625],[9.22079,45.44558],[9.22099,45.44381],[9.21885,45.44271],[9.21651,45.44338],[9.21631,45.44515]]]},"properties":{"cdi":0.004,"o_score_pt":1859.1,"o_score_car":1873.7,"population":1517}},{"type":"Feature","id":1664,"geometry":{"type":"Polygon","coordinates":[[[9.20744,45.4631],[9.20958,45.4642],[9.21193,45.46354],[9.21213,45.46176],[9.20999,45.46066],[9.20765,45.46133],[9.20744,45.4631]]]},"properties":{"cdi":0.06,"o_score_pt":1834,"o_score_car":2067.8,"population":2126}},{"type":"Feature","id":1665,"geometry":{"type":"Polygon","coordinates":[[[9.20938,45.46598],[9.21152,45.46708],[9.21386,45.46641],[9.21407,45.46464],[9.21193,45.46354],[9.20958,45.4642],[9.20938,45.46598]]]},"properties":{"cdi":0.049,"o_score_pt":1875.2,"o_score_car":2069.1,"population":2179}},{"type":"Feature","id":1666,"geometry":{"type":"Polygon","coordinates":[[[9.21702,45.45866],[9.21916,45.45976],[9.22151,45.45909],[9.22171,45.45732],[9.21957,45.45622],[9.21723,45.45688],[9.21702,45.45866]]]},"properties":{"cdi":0.104,"o_score_pt":1623.2,"o_score_car":2001,"population":1537}},{"type":"Feature","id":1667,"geometry":{"type":"Polygon","coordinates":[[[9.1971,45.45917],[9.19875,45.46002],[9.20051,45.45952],[9.20066,45.4582],[9.19901,45.45734],[9.19725,45.45784],[9.1971,45.45917]]]},"properties":{"cdi":0.006,"o_score_pt":1940.7,"o_score_car":1963.8,"population":298}},{"type":"Feature","id":1668,"geometry":{"type":"Polygon","coordinates":[[[9.16832,45.42968],[9.17037,45.43074],[9.1726,45.4301],[9.17279,45.42842],[9.17075,45.42736],[9.16851,45.42799],[9.16832,45.42968]]]},"properties":{"cdi":0.1,"o_score_pt":1412.4,"o_score_car":1726.1,"population":1031}},{"type":"Feature","id":1669,"geometry":{"type":"Polygon","coordinates":[[[9.17729,45.43055],[9.17933,45.43161],[9.18156,45.43097],[9.18175,45.42929],[9.17971,45.42824],[9.17749,45.42887],[9.17729,45.43055]]]},"properties":{"cdi":0.01,"o_score_pt":1690.7,"o_score_car":1725.2,"population":1005}},{"type":"Feature","id":1670,"geometry":{"type":"Polygon","coordinates":[[[9.17911,45.43347],[9.18125,45.43457],[9.1836,45.4339],[9.1838,45.43213],[9.18166,45.43103],[9.17932,45.43169],[9.17911,45.43347]]]},"properties":{"cdi":0.083,"o_score_pt":1488.9,"o_score_car":1757,"population":1869}},{"type":"Feature","id":1671,"geometry":{"type":"Polygon","coordinates":[[[9.15682,45.42263],[9.15772,45.42309],[9.15856,45.42285],[9.15863,45.42221],[9.15773,45.42175],[9.1569,45.42199],[9.15682,45.42263]]]},"properties":{"cdi":0.113,"o_score_pt":1155.2,"o_score_car":1450.5,"population":27}},{"type":"Feature","id":1672,"geometry":{"type":"Polygon","coordinates":[[[9.16676,45.42669],[9.16848,45.42758],[9.17033,45.42705],[9.17049,45.42566],[9.16876,45.42477],[9.16692,45.42529],[9.16676,45.42669]]]},"properties":{"cdi":0.119,"o_score_pt":1278.3,"o_score_car":1623.8,"population":376}},{"type":"Feature","id":1673,"geometry":{"type":"Polygon","coordinates":[[[9.16733,45.44024],[9.16917,45.44119],[9.17116,45.44062],[9.17133,45.43912],[9.16949,45.43817],[9.16751,45.43874],[9.16733,45.44024]]]},"properties":{"cdi":0.018,"o_score_pt":1736.4,"o_score_car":1799.5,"population":537}},{"type":"Feature","id":1674,"geometry":{"type":"Polygon","coordinates":[[[9.15804,45.43947],[9.16017,45.44056],[9.16249,45.4399],[9.16269,45.43815],[9.16057,45.43705],[9.15825,45.43771],[9.15804,45.43947]]]},"properties":{"cdi":0.065,"o_score_pt":1540.1,"o_score_car":1752.7,"population":1297}},{"type":"Feature","id":1675,"geometry":{"type":"Polygon","coordinates":[[[9.17657,45.43591],[9.17871,45.43701],[9.18105,45.43634],[9.18125,45.43457],[9.17911,45.43347],[9.17677,45.43413],[9.17657,45.43591]]]},"properties":{"cdi":0.068,"o_score_pt":1507.4,"o_score_car":1728.7,"population":1981}},{"type":"Feature","id":1676,"geometry":{"type":"Polygon","coordinates":[[[9.15467,45.43355],[9.15636,45.43443],[9.15817,45.43392],[9.15832,45.43255],[9.15663,45.43168],[9.15483,45.43219],[9.15467,45.43355]]]},"properties":{"cdi":0.106,"o_score_pt":1365.4,"o_score_car":1689.8,"population":337}},{"type":"Feature","id":1677,"geometry":{"type":"Polygon","coordinates":[[[9.15625,45.43655],[9.15825,45.43758],[9.16043,45.43696],[9.16062,45.43531],[9.15862,45.43428],[9.15644,45.4349],[9.15625,45.43655]]]},"properties":{"cdi":0.046,"o_score_pt":1546.2,"o_score_car":1694.3,"population":899}},{"type":"Feature","id":1678,"geometry":{"type":"Polygon","coordinates":[[[9.19455,45.43763],[9.19664,45.43871],[9.19893,45.43806],[9.19913,45.43633],[9.19704,45.43526],[9.19475,45.43591],[9.19455,45.43763]]]},"properties":{"cdi":0.154,"o_score_pt":1355.8,"o_score_car":1847.9,"population":1181}},{"type":"Feature","id":1679,"geometry":{"type":"Polygon","coordinates":[[[9.21427,45.43369],[9.21535,45.43425],[9.21641,45.43394],[9.2165,45.43313],[9.21542,45.43258],[9.21436,45.43288],[9.21427,45.43369]]]},"properties":{"cdi":0.164,"o_score_pt":1207.2,"o_score_car":1682.4,"population":49}},{"type":"Feature","id":1680,"geometry":{"type":"Polygon","coordinates":[[[9.20447,45.43308],[9.20627,45.43401],[9.2082,45.43346],[9.20837,45.432],[9.20657,45.43107],[9.20464,45.43162],[9.20447,45.43308]]]},"properties":{"cdi":0.2,"o_score_pt":1155.7,"o_score_car":1732.6,"population":471}},{"type":"Feature","id":1681,"geometry":{"type":"Polygon","coordinates":[[[9.19348,45.42586],[9.19368,45.42597],[9.19368,45.42597],[9.19348,45.42586],[9.19348,45.42586]]]},"properties":{"cdi":0.257,"o_score_pt":715.4,"o_score_car":1211.1,"population":0}},{"type":"Feature","id":1682,"geometry":{"type":"Polygon","coordinates":[[[9.2002,45.42746],[9.20234,45.42856],[9.20469,45.42789],[9.20489,45.42612],[9.20275,45.42501],[9.20041,45.42568],[9.2002,45.42746]]]},"properties":{"cdi":0.177,"o_score_pt":1171.2,"o_score_car":1673.7,"population":1432}},{"type":"Feature","id":1683,"geometry":{"type":"Polygon","coordinates":[[[9.2022,45.43031],[9.20429,45.43139],[9.20657,45.43074],[9.20677,45.42901],[9.20468,45.42793],[9.20239,45.42859],[9.2022,45.43031]]]},"properties":{"cdi":0.165,"o_score_pt":1222,"o_score_car":1705.2,"population":1178}},{"type":"Feature","id":1684,"geometry":{"type":"Polygon","coordinates":[[[9.19209,45.44005],[9.19411,45.44109],[9.19631,45.44046],[9.1965,45.4388],[9.19448,45.43776],[9.19228,45.43839],[9.19209,45.44005]]]},"properties":{"cdi":0.149,"o_score_pt":1333.2,"o_score_car":1800,"population":946}},{"type":"Feature","id":1685,"geometry":{"type":"Polygon","coordinates":[[[9.20392,45.4435],[9.20514,45.44413],[9.20636,45.44378],[9.20647,45.44285],[9.20525,45.44222],[9.20403,45.44257],[9.20392,45.4435]]]},"properties":{"cdi":0.062,"o_score_pt":1602.4,"o_score_car":1813.3,"population":75}},{"type":"Feature","id":1686,"geometry":{"type":"Polygon","coordinates":[[[9.19036,45.4371],[9.1922,45.43805],[9.19418,45.43749],[9.19435,45.43599],[9.19251,45.43504],[9.19054,45.43561],[9.19036,45.4371]]]},"properties":{"cdi":0.17,"o_score_pt":1282.6,"o_score_car":1806.3,"population":534}},{"type":"Feature","id":1687,"geometry":{"type":"Polygon","coordinates":[[[9.18105,45.43634],[9.18319,45.43745],[9.18553,45.43678],[9.18574,45.43501],[9.1836,45.4339],[9.18125,45.43457],[9.18105,45.43634]]]},"properties":{"cdi":0.102,"o_score_pt":1458.3,"o_score_car":1790.5,"population":2084}},{"type":"Feature","id":1688,"geometry":{"type":"Polygon","coordinates":[[[9.16137,45.46936],[9.16351,45.47047],[9.16586,45.4698],[9.16606,45.46803],[9.16392,45.46692],[9.16158,45.46759],[9.16137,45.46936]]]},"properties":{"cdi":-0.028,"o_score_pt":2208.5,"o_score_car":2087,"population":1405}},{"type":"Feature","id":1689,"geometry":{"type":"Polygon","coordinates":[[[9.16338,45.47221],[9.16546,45.47328],[9.16772,45.47264],[9.16792,45.47093],[9.16585,45.46986],[9.16358,45.4705],[9.16338,45.47221]]]},"properties":{"cdi":0.018,"o_score_pt":2038,"o_score_car":2113.5,"population":1121}},{"type":"Feature","id":1690,"geometry":{"type":"Polygon","coordinates":[[[9.17104,45.46489],[9.17311,45.46596],[9.17536,45.46532],[9.17556,45.46362],[9.17349,45.46255],[9.17124,45.46319],[9.17104,45.46489]]]},"properties":{"cdi":-0.038,"o_score_pt":2143.3,"o_score_car":1985,"population":1087}},{"type":"Feature","id":1691,"geometry":{"type":"Polygon","coordinates":[[[9.15052,45.46559],[9.15262,45.46667],[9.15491,45.46602],[9.15511,45.46429],[9.15301,45.46321],[9.15072,45.46386],[9.15052,45.46559]]]},"properties":{"cdi":0.04,"o_score_pt":1856.7,"o_score_car":2011.6,"population":1190}},{"type":"Feature","id":1692,"geometry":{"type":"Polygon","coordinates":[[[9.16917,45.462],[9.17118,45.46303],[9.17336,45.46241],[9.17355,45.46076],[9.17155,45.45973],[9.16936,45.46035],[9.16917,45.462]]]},"properties":{"cdi":-0.011,"o_score_pt":2094.4,"o_score_car":2050.2,"population":906}},{"type":"Feature","id":1693,"geometry":{"type":"Polygon","coordinates":[[[9.16005,45.46117],[9.16219,45.46228],[9.16454,45.46161],[9.16474,45.45984],[9.1626,45.45873],[9.16026,45.4594],[9.16005,45.46117]]]},"properties":{"cdi":0.041,"o_score_pt":1891.8,"o_score_car":2054.1,"population":2026}},{"type":"Feature","id":1694,"geometry":{"type":"Polygon","coordinates":[[[9.1611,45.47457],[9.16295,45.47552],[9.16494,45.47496],[9.16511,45.47345],[9.16326,45.47249],[9.16127,45.47306],[9.1611,45.47457]]]},"properties":{"cdi":0.049,"o_score_pt":1858.1,"o_score_car":2050.5,"population":552}},{"type":"Feature","id":1695,"geometry":{"type":"Polygon","coordinates":[[[9.17014,45.47542],[9.17192,45.47634],[9.17384,45.47579],[9.174,45.47435],[9.17222,45.47343],[9.17031,45.47397],[9.17014,45.47542]]]},"properties":{"cdi":0.046,"o_score_pt":1915.1,"o_score_car":2099,"population":447}},{"type":"Feature","id":1696,"geometry":{"type":"Polygon","coordinates":[[[9.17166,45.47843],[9.1738,45.47953],[9.17615,45.47886],[9.17635,45.47709],[9.17421,45.47599],[9.17187,45.47665],[9.17166,45.47843]]]},"properties":{"cdi":0.04,"o_score_pt":1940.3,"o_score_car":2101.9,"population":1911}},{"type":"Feature","id":1697,"geometry":{"type":"Polygon","coordinates":[[[9.14792,45.46805],[9.15006,45.46915],[9.15241,45.46849],[9.15261,45.46671],[9.15047,45.46561],[9.14813,45.46628],[9.14792,45.46805]]]},"properties":{"cdi":0.009,"o_score_pt":1995.1,"o_score_car":2032.4,"population":2141}},{"type":"Feature","id":1698,"geometry":{"type":"Polygon","coordinates":[[[9.19798,45.47263],[9.19949,45.4734],[9.20107,45.47295],[9.20121,45.47176],[9.1997,45.47098],[9.19812,45.47143],[9.19798,45.47263]]]},"properties":{"cdi":-0.016,"o_score_pt":2147.3,"o_score_car":2080.4,"population":191}},{"type":"Feature","id":1699,"geometry":{"type":"Polygon","coordinates":[[[9.18855,45.4719],[9.19046,45.47288],[9.19251,45.47229],[9.19269,45.47074],[9.19079,45.46976],[9.18873,45.47034],[9.18855,45.4719]]]},"properties":{"cdi":-0.063,"o_score_pt":2307.7,"o_score_car":2032.4,"population":653}},{"type":"Feature","id":1700,"geometry":{"type":"Polygon","coordinates":[[[9.20683,45.46842],[9.20897,45.46952],[9.21132,45.46885],[9.21152,45.46708],[9.20938,45.46598],[9.20703,45.46664],[9.20683,45.46842]]]},"properties":{"cdi":-0.049,"o_score_pt":2241,"o_score_car":2031.6,"population":1690}},{"type":"Feature","id":1701,"geometry":{"type":"Polygon","coordinates":[[[9.18536,45.46593],[9.18668,45.4666],[9.18802,45.46622],[9.18814,45.46521],[9.18682,45.46453],[9.18548,45.46491],[9.18536,45.46593]]]},"properties":{"cdi":-0.133,"o_score_pt":2499,"o_score_car":1913.9,"population":102}},{"type":"Feature","id":1702,"geometry":{"type":"Polygon","coordinates":[[[9.18688,45.46894],[9.18856,45.4698],[9.19034,45.46929],[9.19049,45.46795],[9.18882,45.46708],[9.18704,45.46759],[9.18688,45.46894]]]},"properties":{"cdi":-0.062,"o_score_pt":2270.2,"o_score_car":2004.2,"population":319}},{"type":"Feature","id":1703,"geometry":{"type":"Polygon","coordinates":[[[9.19427,45.4617],[9.19617,45.46268],[9.19822,45.4621],[9.19839,45.46055],[9.1965,45.45957],[9.19445,45.46015],[9.19427,45.4617]]]},"properties":{"cdi":-0.007,"o_score_pt":2038.8,"o_score_car":2012.1,"population":639}},{"type":"Feature","id":1704,"geometry":{"type":"Polygon","coordinates":[[[9.18717,45.48258],[9.18921,45.48363],[9.19144,45.483],[9.19163,45.48132],[9.18959,45.48026],[9.18736,45.4809],[9.18717,45.48258]]]},"properties":{"cdi":-0.036,"o_score_pt":2268.2,"o_score_car":2108.7,"population":1003}},{"type":"Feature","id":1705,"geometry":{"type":"Polygon","coordinates":[[[9.20561,45.47904],[9.20775,45.48015],[9.2101,45.47948],[9.2103,45.47771],[9.20816,45.47661],[9.20581,45.47727],[9.20561,45.47904]]]},"properties":{"cdi":-0.009,"o_score_pt":2073.7,"o_score_car":2034.9,"population":1639}},{"type":"Feature","id":1706,"geometry":{"type":"Polygon","coordinates":[[[9.19684,45.47811],[9.19881,45.47912],[9.20094,45.47851],[9.20112,45.4769],[9.19916,45.47589],[9.19703,45.4765],[9.19684,45.47811]]]},"properties":{"cdi":-0.024,"o_score_pt":2221.7,"o_score_car":2118.7,"population":790}},{"type":"Feature","id":1707,"geometry":{"type":"Polygon","coordinates":[[[9.18392,45.47151],[9.18595,45.47256],[9.18817,45.47193],[9.18836,45.47025],[9.18633,45.4692],[9.18411,45.46983],[9.18392,45.47151]]]},"properties":{"cdi":-0.08,"o_score_pt":2280.2,"o_score_car":1942.1,"population":984}},{"type":"Feature","id":1708,"geometry":{"type":"Polygon","coordinates":[[[9.1468,45.44606],[9.14816,45.44676],[9.14955,45.44637],[9.14968,45.44531],[9.14832,45.44461],[9.14693,45.445],[9.1468,45.44606]]]},"properties":{"cdi":0.015,"o_score_pt":1690.3,"o_score_car":1741.1,"population":117}},{"type":"Feature","id":1709,"geometry":{"type":"Polygon","coordinates":[[[9.15727,45.44995],[9.159,45.45085],[9.16085,45.45032],[9.16101,45.44892],[9.15928,45.44802],[9.15743,45.44855],[9.15727,45.44995]]]},"properties":{"cdi":0.037,"o_score_pt":1696.3,"o_score_car":1827.2,"population":385}},{"type":"Feature","id":1710,"geometry":{"type":"Polygon","coordinates":[[[9.14413,45.44342],[9.14612,45.44445],[9.14829,45.44383],[9.14848,45.4422],[9.14649,45.44117],[9.14432,45.44178],[9.14413,45.44342]]]},"properties":{"cdi":0.114,"o_score_pt":1455.9,"o_score_car":1831.4,"population":872}},{"type":"Feature","id":1711,"geometry":{"type":"Polygon","coordinates":[[[9.135,45.4426],[9.13714,45.4437],[9.13948,45.44304],[9.13969,45.44127],[9.13755,45.44016],[9.1352,45.44083],[9.135,45.4426]]]},"properties":{"cdi":0.094,"o_score_pt":1382.1,"o_score_car":1668.2,"population":1479}},{"type":"Feature","id":1712,"geometry":{"type":"Polygon","coordinates":[[[9.15354,45.43904],[9.15568,45.44014],[9.15802,45.43947],[9.15823,45.4377],[9.15609,45.4366],[9.15375,45.43726],[9.15354,45.43904]]]},"properties":{"cdi":0.092,"o_score_pt":1483.8,"o_score_car":1785.7,"population":1756}},{"type":"Feature","id":1713,"geometry":{"type":"Polygon","coordinates":[[[9.14475,45.45696],[9.14682,45.45802],[9.14908,45.45738],[9.14927,45.45567],[9.14721,45.45461],[9.14495,45.45525],[9.14475,45.45696]]]},"properties":{"cdi":0.101,"o_score_pt":1579.8,"o_score_car":1935,"population":1103}},{"type":"Feature","id":1714,"geometry":{"type":"Polygon","coordinates":[[[9.14669,45.45983],[9.14875,45.46089],[9.151,45.46025],[9.1512,45.45855],[9.14914,45.45749],[9.14689,45.45813],[9.14669,45.45983]]]},"properties":{"cdi":0.073,"o_score_pt":1727.9,"o_score_car":1998.8,"population":1079}},{"type":"Feature","id":1715,"geometry":{"type":"Polygon","coordinates":[[[9.15425,45.45254],[9.15639,45.45365],[9.15873,45.45298],[9.15894,45.45121],[9.1568,45.4501],[9.15445,45.45077],[9.15425,45.45254]]]},"properties":{"cdi":0.079,"o_score_pt":1665.8,"o_score_car":1951.2,"population":2016}},{"type":"Feature","id":1716,"geometry":{"type":"Polygon","coordinates":[[[9.13377,45.45323],[9.13591,45.45433],[9.13825,45.45367],[9.13846,45.4519],[9.13632,45.45079],[9.13397,45.45146],[9.13377,45.45323]]]},"properties":{"cdi":0.097,"o_score_pt":1506.3,"o_score_car":1828.2,"population":2595}},{"type":"Feature","id":1717,"geometry":{"type":"Polygon","coordinates":[[[9.15967,45.53317],[9.16079,45.53375],[9.16191,45.53343],[9.16201,45.53259],[9.16088,45.53201],[9.15976,45.53233],[9.15967,45.53317]]]},"properties":{"cdi":0.031,"o_score_pt":1592,"o_score_car":1695.2,"population":56}},{"type":"Feature","id":1718,"geometry":{"type":"Polygon","coordinates":[[[9.2093,45.52767],[9.21126,45.52867],[9.21338,45.52807],[9.21356,45.52647],[9.21161,45.52546],[9.20948,45.52606],[9.2093,45.52767]]]},"properties":{"cdi":-0.002,"o_score_pt":1665.2,"o_score_car":1657.2,"population":771}},{"type":"Feature","id":1719,"geometry":{"type":"Polygon","coordinates":[[[9.19654,45.52101],[9.19842,45.52198],[9.20043,45.5214],[9.20061,45.51988],[9.19874,45.51891],[9.19672,45.51949],[9.19654,45.52101]]]},"properties":{"cdi":0.1,"o_score_pt":1375.4,"o_score_car":1680.9,"population":588}},{"type":"Feature","id":1720,"geometry":{"type":"Polygon","coordinates":[[[9.20533,45.52195],[9.20737,45.523],[9.20959,45.52237],[9.20978,45.52069],[9.20774,45.51964],[9.20552,45.52027],[9.20533,45.52195]]]},"properties":{"cdi":0.037,"o_score_pt":1600.7,"o_score_car":1724.5,"population":996}},{"type":"Feature","id":1721,"geometry":{"type":"Polygon","coordinates":[[[9.20736,45.52479],[9.20932,45.5258],[9.21144,45.5252],[9.21162,45.52359],[9.20967,45.52259],[9.20755,45.52319],[9.20736,45.52479]]]},"properties":{"cdi":-0.011,"o_score_pt":1702.3,"o_score_car":1666.6,"population":766}},{"type":"Feature","id":1722,"geometry":{"type":"Polygon","coordinates":[[[9.11322,45.52068],[9.11457,45.52138],[9.11596,45.52098],[9.11608,45.51993],[9.11473,45.51923],[9.11334,45.51963],[9.11322,45.52068]]]},"properties":{"cdi":0.346,"o_score_pt":745.4,"o_score_car":1535.7,"population":115}},{"type":"Feature","id":1723,"geometry":{"type":"Polygon","coordinates":[[[9.10558,45.51937],[9.10578,45.51948],[9.10578,45.51948],[9.10558,45.51937],[9.10558,45.51937]]]},"properties":{"cdi":0.992,"o_score_pt":4,"o_score_car":971.9,"population":1}},{"type":"Feature","id":1724,"geometry":{"type":"Polygon","coordinates":[[[9.12217,45.51645],[9.12407,45.51743],[9.12613,45.51685],[9.12631,45.5153],[9.12441,45.51432],[9.12235,45.5149],[9.12217,45.51645]]]},"properties":{"cdi":0.215,"o_score_pt":1024.4,"o_score_car":1585,"population":646}},{"type":"Feature","id":1725,"geometry":{"type":"Polygon","coordinates":[[[9.10155,45.51368],[9.10189,45.51386],[9.10207,45.51381],[9.10208,45.51367],[9.10173,45.51349],[9.10156,45.51354],[9.10155,45.51368]]]},"properties":{"cdi":0.252,"o_score_pt":905.7,"o_score_car":1515.5,"population":4}},{"type":"Feature","id":1726,"geometry":{"type":"Polygon","coordinates":[[[9.10365,45.5165],[9.10385,45.5166],[9.10385,45.5166],[9.10365,45.5165],[9.10365,45.5165]]]},"properties":{"cdi":0.012,"o_score_pt":944.1,"o_score_car":967,"population":0}},{"type":"Feature","id":1727,"geometry":{"type":"Polygon","coordinates":[[[9.1113,45.50919],[9.1115,45.50929],[9.1115,45.50929],[9.1113,45.50919],[9.1113,45.50919]]]},"properties":{"cdi":0.241,"o_score_pt":965.5,"o_score_car":1577.6,"population":0}},{"type":"Feature","id":1728,"geometry":{"type":"Polygon","coordinates":[[[9.10086,45.51901],[9.10127,45.51922],[9.10151,45.51915],[9.10153,45.51896],[9.10113,45.51875],[9.10088,45.51882],[9.10086,45.51901]]]},"properties":{"cdi":0.99,"o_score_pt":5.3,"o_score_car":1003.1,"population":5}},{"type":"Feature","id":1729,"geometry":{"type":"Polygon","coordinates":[[[9.06322,45.49372],[9.06342,45.49382],[9.06342,45.49382],[9.06322,45.49372],[9.06322,45.49372]]]},"properties":{"cdi":0.284,"o_score_pt":726.6,"o_score_car":1301.9,"population":1}},{"type":"Feature","id":1730,"geometry":{"type":"Polygon","coordinates":[[[9.07403,45.49751],[9.07431,45.49765],[9.07439,45.49763],[9.0744,45.49756],[9.07413,45.49741],[9.07404,45.49744],[9.07403,45.49751]]]},"properties":{"cdi":0.254,"o_score_pt":900,"o_score_car":1512.5,"population":3}},{"type":"Feature","id":1731,"geometry":{"type":"Polygon","coordinates":[[[9.06006,45.49124],[9.06132,45.49189],[9.0626,45.49153],[9.06271,45.49056],[9.06145,45.48991],[9.06018,45.49027],[9.06006,45.49124]]]},"properties":{"cdi":1,"o_score_pt":0.3,"o_score_car":1406.8,"population":86}},{"type":"Feature","id":1732,"geometry":{"type":"Polygon","coordinates":[[[9.07087,45.48642],[9.07107,45.48652],[9.07107,45.48652],[9.07087,45.48642],[9.07087,45.48642]]]},"properties":{"cdi":0.269,"o_score_pt":862.8,"o_score_car":1497.4,"population":0}},{"type":"Feature","id":1733,"geometry":{"type":"Polygon","coordinates":[[[9.07157,45.49992],[9.07176,45.50002],[9.07176,45.50002],[9.07157,45.49992],[9.07157,45.49992]]]},"properties":{"cdi":0.343,"o_score_pt":711.8,"o_score_car":1455.9,"population":0}},{"type":"Feature","id":1734,"geometry":{"type":"Polygon","coordinates":[[[9.0972,45.49785],[9.09903,45.49879],[9.10099,45.49824],[9.10116,45.49675],[9.09934,45.49581],[9.09738,45.49637],[9.0972,45.49785]]]},"properties":{"cdi":0.108,"o_score_pt":1287.8,"o_score_car":1599.7,"population":511}},{"type":"Feature","id":1735,"geometry":{"type":"Polygon","coordinates":[[[9.10595,45.4988],[9.10797,45.49984],[9.11016,45.49922],[9.11035,45.49756],[9.10834,45.49652],[9.10615,45.49714],[9.10595,45.4988]]]},"properties":{"cdi":0.078,"o_score_pt":1363.9,"o_score_car":1596.3,"population":921}},{"type":"Feature","id":1736,"geometry":{"type":"Polygon","coordinates":[[[9.10828,45.50155],[9.10995,45.50242],[9.11174,45.50191],[9.11189,45.50056],[9.11022,45.4997],[9.10843,45.5002],[9.10828,45.50155]]]},"properties":{"cdi":0.13,"o_score_pt":1294.3,"o_score_car":1680.9,"population":320}},{"type":"Feature","id":1737,"geometry":{"type":"Polygon","coordinates":[[[9.08625,45.49062],[9.08645,45.49072],[9.08645,45.49072],[9.08625,45.49062],[9.08625,45.49062]]]},"properties":{"cdi":0.385,"o_score_pt":706.8,"o_score_car":1591.4,"population":0}},{"type":"Feature","id":1738,"geometry":{"type":"Polygon","coordinates":[[[9.09521,45.49499],[9.09709,45.49596],[9.09911,45.49539],[9.09929,45.49386],[9.09742,45.49289],[9.09539,45.49346],[9.09521,45.49499]]]},"properties":{"cdi":0.171,"o_score_pt":1099.4,"o_score_car":1552,"population":604}},{"type":"Feature","id":1739,"geometry":{"type":"Polygon","coordinates":[[[9.10541,45.50409],[9.10736,45.50509],[9.10947,45.50449],[9.10966,45.5029],[9.10771,45.50189],[9.1056,45.50249],[9.10541,45.50409]]]},"properties":{"cdi":0.142,"o_score_pt":1280.7,"o_score_car":1704.9,"population":756}},{"type":"Feature","id":1740,"geometry":{"type":"Polygon","coordinates":[[[9.0992,45.52976],[9.09997,45.53016],[9.10066,45.52997],[9.10072,45.52944],[9.09995,45.52904],[9.09926,45.52924],[9.0992,45.52976]]]},"properties":{"cdi":0.997,"o_score_pt":1.8,"o_score_car":1408.8,"population":18}}]}