{"type":"FeatureCollection","features":[{"type":"Feature","id":0,"geometry":{"type":"Polygon","coordinates":[[[-1.52269,47.1915],[-1.52029,47.19078],[-1.51984,47.18898],[-1.52179,47.1879],[-1.52418,47.18862],[-1.52463,47.19042],[-1.52269,47.1915]]]},"properties":{"cdi":0.069,"o_score_pt":824,"o_score_car":946.2,"population":648}},{"type":"Feature","id":1,"geometry":{"type":"Polygon","coordinates":[[[-1.51383,47.27164],[-1.51224,47.27116],[-1.51193,47.26993],[-1.51317,47.26924],[-1.51476,47.26972],[-1.51507,47.27095],[-1.51383,47.27164]]]},"properties":{"cdi":0.031,"o_score_pt":802.1,"o_score_car":853.7,"population":100}},{"type":"Feature","id":2,"geometry":{"type":"Polygon","coordinates":[[[-1.58413,47.23323],[-1.58181,47.23254],[-1.58137,47.23079],[-1.58325,47.22975],[-1.58557,47.23044],[-1.586,47.23219],[-1.58413,47.23323]]]},"properties":{"cdi":0.047,"o_score_pt":971.8,"o_score_car":1067.5,"population":536}},{"type":"Feature","id":3,"geometry":{"type":"Polygon","coordinates":[[[-1.61364,47.20038],[-1.61133,47.19969],[-1.6109,47.19795],[-1.61277,47.19691],[-1.61508,47.1976],[-1.61551,47.19934],[-1.61364,47.20038]]]},"properties":{"cdi":0.012,"o_score_pt":914.7,"o_score_car":936.2,"population":527}},{"type":"Feature","id":4,"geometry":{"type":"Polygon","coordinates":[[[-1.54231,47.22574],[-1.53991,47.22502],[-1.53946,47.22322],[-1.54141,47.22214],[-1.5438,47.22286],[-1.54425,47.22466],[-1.54231,47.22574]]]},"properties":{"cdi":-0.006,"o_score_pt":1148.7,"o_score_car":1136,"population":871}},{"type":"Feature","id":5,"geometry":{"type":"Polygon","coordinates":[[[-1.55685,47.22177],[-1.55445,47.22105],[-1.554,47.21925],[-1.55595,47.21817],[-1.55835,47.21889],[-1.55879,47.22069],[-1.55685,47.22177]]]},"properties":{"cdi":-0.103,"o_score_pt":1478.7,"o_score_car":1203.6,"population":1929}},{"type":"Feature","id":6,"geometry":{"type":"Polygon","coordinates":[[[-1.58548,47.23866],[-1.58314,47.23796],[-1.5827,47.23619],[-1.5846,47.23514],[-1.58694,47.23584],[-1.58739,47.2376],[-1.58548,47.23866]]]},"properties":{"cdi":-0.008,"o_score_pt":1064.8,"o_score_car":1048,"population":573}},{"type":"Feature","id":7,"geometry":{"type":"Polygon","coordinates":[[[-1.59327,47.20768],[-1.59087,47.20696],[-1.59042,47.20516],[-1.59237,47.20408],[-1.59477,47.2048],[-1.59522,47.2066],[-1.59327,47.20768]]]},"properties":{"cdi":0.006,"o_score_pt":1023.7,"o_score_car":1035.6,"population":845}},{"type":"Feature","id":8,"geometry":{"type":"Polygon","coordinates":[[[-1.52475,47.2354],[-1.52245,47.23471],[-1.52202,47.23298],[-1.52388,47.23195],[-1.52618,47.23264],[-1.52661,47.23437],[-1.52475,47.2354]]]},"properties":{"cdi":0.069,"o_score_pt":934.6,"o_score_car":1074,"population":513}},{"type":"Feature","id":9,"geometry":{"type":"Polygon","coordinates":[[[-1.49135,47.22567],[-1.49098,47.22556],[-1.49089,47.2252],[-1.49105,47.22511],[-1.49142,47.22522],[-1.49151,47.22558],[-1.49135,47.22567]]]},"properties":{"cdi":1,"o_score_pt":0,"o_score_car":905.2,"population":5}},{"type":"Feature","id":10,"geometry":{"type":"Polygon","coordinates":[[[-1.5171,47.25813],[-1.51477,47.25743],[-1.51433,47.25568],[-1.51622,47.25464],[-1.51854,47.25534],[-1.51898,47.25709],[-1.5171,47.25813]]]},"properties":{"cdi":0.068,"o_score_pt":849.8,"o_score_car":973.8,"population":548}},{"type":"Feature","id":11,"geometry":{"type":"Polygon","coordinates":[[[-1.60617,47.21488],[-1.60377,47.21417],[-1.60332,47.21236],[-1.60527,47.21128],[-1.60767,47.212],[-1.60812,47.2138],[-1.60617,47.21488]]]},"properties":{"cdi":0.013,"o_score_pt":967.7,"o_score_car":992.9,"population":805}},{"type":"Feature","id":12,"geometry":{"type":"Polygon","coordinates":[[[-1.53479,47.24009],[-1.5325,47.2394],[-1.53206,47.23767],[-1.53392,47.23664],[-1.53622,47.23733],[-1.53665,47.23906],[-1.53479,47.24009]]]},"properties":{"cdi":0.035,"o_score_pt":1039.2,"o_score_car":1115.3,"population":511}},{"type":"Feature","id":13,"geometry":{"type":"Polygon","coordinates":[[[-1.56867,47.20691],[-1.56637,47.20622],[-1.56593,47.20448],[-1.5678,47.20345],[-1.57011,47.20414],[-1.57054,47.20587],[-1.56867,47.20691]]]},"properties":{"cdi":-0.048,"o_score_pt":1175.8,"o_score_car":1068.9,"population":524}},{"type":"Feature","id":14,"geometry":{"type":"Polygon","coordinates":[[[-1.52712,47.26269],[-1.52496,47.26204],[-1.52455,47.26041],[-1.52629,47.25945],[-1.52845,47.2601],[-1.52885,47.26173],[-1.52712,47.26269]]]},"properties":{"cdi":0.021,"o_score_pt":902.6,"o_score_car":941.2,"population":371}},{"type":"Feature","id":15,"geometry":{"type":"Polygon","coordinates":[[[-1.5073,47.23653],[-1.50543,47.23596],[-1.50507,47.23454],[-1.50656,47.23372],[-1.50843,47.23428],[-1.50878,47.2357],[-1.5073,47.23653]]]},"properties":{"cdi":0.056,"o_score_pt":866.2,"o_score_car":968.5,"population":190}},{"type":"Feature","id":16,"geometry":{"type":"Polygon","coordinates":[[[-1.55633,47.24628],[-1.55441,47.24571],[-1.55405,47.24425],[-1.55557,47.24341],[-1.55748,47.24398],[-1.55785,47.24544],[-1.55633,47.24628]]]},"properties":{"cdi":0.004,"o_score_pt":1041.9,"o_score_car":1050.2,"population":210}},{"type":"Feature","id":17,"geometry":{"type":"Polygon","coordinates":[[[-1.53559,47.18977],[-1.53405,47.18931],[-1.53376,47.18812],[-1.53495,47.18745],[-1.53649,47.18791],[-1.53678,47.18911],[-1.53559,47.18977]]]},"properties":{"cdi":0.061,"o_score_pt":817.8,"o_score_car":924.3,"population":88}},{"type":"Feature","id":18,"geometry":{"type":"Polygon","coordinates":[[[-1.51689,47.26617],[-1.5149,47.26557],[-1.51453,47.26406],[-1.51612,47.26318],[-1.5181,47.26378],[-1.51848,47.26529],[-1.51689,47.26617]]]},"properties":{"cdi":0.041,"o_score_pt":767.4,"o_score_car":833.3,"population":249}},{"type":"Feature","id":19,"geometry":{"type":"Polygon","coordinates":[[[-1.5505,47.24963],[-1.54845,47.24901],[-1.54806,47.24746],[-1.5497,47.24655],[-1.55175,47.24717],[-1.55213,47.24872],[-1.5505,47.24963]]]},"properties":{"cdi":-0.027,"o_score_pt":1075.4,"o_score_car":1018.8,"population":286}},{"type":"Feature","id":20,"geometry":{"type":"Polygon","coordinates":[[[-1.60218,47.18998],[-1.6003,47.18941],[-1.59994,47.18798],[-1.60143,47.18715],[-1.60331,47.18771],[-1.60367,47.18914],[-1.60218,47.18998]]]},"properties":{"cdi":0.998,"o_score_pt":0.8,"o_score_car":892.9,"population":195}},{"type":"Feature","id":21,"geometry":{"type":"Polygon","coordinates":[[[-1.6152,47.18881],[-1.61341,47.18828],[-1.61307,47.18691],[-1.61448,47.18612],[-1.61628,47.18665],[-1.61662,47.18803],[-1.6152,47.18881]]]},"properties":{"cdi":0.999,"o_score_pt":0.4,"o_score_car":830,"population":159}},{"type":"Feature","id":22,"geometry":{"type":"Polygon","coordinates":[[[-1.58458,47.20841],[-1.58218,47.20769],[-1.58173,47.20589],[-1.58368,47.20481],[-1.58607,47.20553],[-1.58652,47.20733],[-1.58458,47.20841]]]},"properties":{"cdi":-0.066,"o_score_pt":1204.1,"o_score_car":1054.7,"population":813}},{"type":"Feature","id":23,"geometry":{"type":"Polygon","coordinates":[[[-1.58351,47.26625],[-1.58139,47.26562],[-1.58099,47.26401],[-1.58269,47.26306],[-1.58482,47.2637],[-1.58522,47.26531],[-1.58351,47.26625]]]},"properties":{"cdi":0.157,"o_score_pt":660.7,"o_score_car":906.3,"population":343}},{"type":"Feature","id":24,"geometry":{"type":"Polygon","coordinates":[[[-1.52702,47.19107],[-1.52471,47.19038],[-1.52427,47.18864],[-1.52615,47.1876],[-1.52846,47.18829],[-1.52889,47.19003],[-1.52702,47.19107]]]},"properties":{"cdi":0.018,"o_score_pt":913,"o_score_car":946.5,"population":532}},{"type":"Feature","id":25,"geometry":{"type":"Polygon","coordinates":[[[-1.52276,47.26302],[-1.52065,47.26238],[-1.52025,47.26078],[-1.52195,47.25984],[-1.52406,47.26048],[-1.52446,47.26208],[-1.52276,47.26302]]]},"properties":{"cdi":0.057,"o_score_pt":802.4,"o_score_car":899.5,"population":335}},{"type":"Feature","id":26,"geometry":{"type":"Polygon","coordinates":[[[-1.5744,47.20307],[-1.57289,47.20261],[-1.57259,47.20144],[-1.57376,47.20079],[-1.57528,47.20124],[-1.57557,47.20242],[-1.5744,47.20307]]]},"properties":{"cdi":-0.004,"o_score_pt":1078.1,"o_score_car":1068.6,"population":83}},{"type":"Feature","id":27,"geometry":{"type":"Polygon","coordinates":[[[-1.51823,47.27152],[-1.5163,47.27095],[-1.51594,47.26948],[-1.51747,47.26863],[-1.51939,47.26921],[-1.51976,47.27067],[-1.51823,47.27152]]]},"properties":{"cdi":0.071,"o_score_pt":731.7,"o_score_car":843.1,"population":215}},{"type":"Feature","id":28,"geometry":{"type":"Polygon","coordinates":[[[-1.49547,47.25143],[-1.49343,47.25082],[-1.49304,47.24927],[-1.49468,47.24836],[-1.49672,47.24898],[-1.4971,47.25052],[-1.49547,47.25143]]]},"properties":{"cdi":0.161,"o_score_pt":655.1,"o_score_car":906.3,"population":283}},{"type":"Feature","id":29,"geometry":{"type":"Polygon","coordinates":[[[-1.61798,47.19995],[-1.61576,47.19928],[-1.61534,47.19761],[-1.61713,47.19662],[-1.61934,47.19728],[-1.61976,47.19895],[-1.61798,47.19995]]]},"properties":{"cdi":0.117,"o_score_pt":712.8,"o_score_car":902,"population":422}},{"type":"Feature","id":30,"geometry":{"type":"Polygon","coordinates":[[[-1.51894,47.2121],[-1.51894,47.2121],[-1.51892,47.212],[-1.51892,47.212],[-1.51894,47.2121]]]},"properties":{"cdi":0.008,"o_score_pt":1026,"o_score_car":1042.9,"population":0}},{"type":"Feature","id":31,"geometry":{"type":"Polygon","coordinates":[[[-1.54665,47.22538],[-1.54425,47.22466],[-1.5438,47.22286],[-1.54575,47.22178],[-1.54815,47.2225],[-1.5486,47.2243],[-1.54665,47.22538]]]},"properties":{"cdi":-0.04,"o_score_pt":1278.7,"o_score_car":1179.4,"population":928}},{"type":"Feature","id":32,"geometry":{"type":"Polygon","coordinates":[[[-1.57957,47.24159],[-1.57765,47.24101],[-1.57729,47.23955],[-1.57881,47.2387],[-1.58073,47.23928],[-1.5811,47.24074],[-1.57957,47.24159]]]},"properties":{"cdi":0.075,"o_score_pt":917.5,"o_score_car":1066.5,"population":213}},{"type":"Feature","id":33,"geometry":{"type":"Polygon","coordinates":[[[-1.60032,47.21809],[-1.59797,47.21739],[-1.59753,47.21563],[-1.59943,47.21457],[-1.60178,47.21527],[-1.60222,47.21704],[-1.60032,47.21809]]]},"properties":{"cdi":0.031,"o_score_pt":968.3,"o_score_car":1031.3,"population":570}},{"type":"Feature","id":34,"geometry":{"type":"Polygon","coordinates":[[[-1.52895,47.24335],[-1.52662,47.24265],[-1.52619,47.24091],[-1.52807,47.23986],[-1.53039,47.24056],[-1.53083,47.24231],[-1.52895,47.24335]]]},"properties":{"cdi":0.015,"o_score_pt":1042.4,"o_score_car":1073.9,"population":544}},{"type":"Feature","id":35,"geometry":{"type":"Polygon","coordinates":[[[-1.59762,47.20732],[-1.59522,47.2066],[-1.59477,47.2048],[-1.59672,47.20371],[-1.59912,47.20443],[-1.59957,47.20624],[-1.59762,47.20732]]]},"properties":{"cdi":0.004,"o_score_pt":985.7,"o_score_car":993.1,"population":775}},{"type":"Feature","id":36,"geometry":{"type":"Polygon","coordinates":[[[-1.5291,47.23505],[-1.52679,47.23436],[-1.52635,47.23262],[-1.52823,47.23158],[-1.53054,47.23227],[-1.53097,47.23401],[-1.5291,47.23505]]]},"properties":{"cdi":0.042,"o_score_pt":1022.8,"o_score_car":1113.6,"population":530}},{"type":"Feature","id":37,"geometry":{"type":"Polygon","coordinates":[[[-1.51071,47.28589],[-1.50885,47.28533],[-1.50849,47.28391],[-1.50997,47.28309],[-1.51184,47.28365],[-1.51219,47.28507],[-1.51071,47.28589]]]},"properties":{"cdi":0.224,"o_score_pt":514.1,"o_score_car":811.3,"population":188}},{"type":"Feature","id":38,"geometry":{"type":"Polygon","coordinates":[[[-1.5214,47.25755],[-1.51937,47.25694],[-1.51898,47.2554],[-1.52061,47.2545],[-1.52264,47.25511],[-1.52303,47.25665],[-1.5214,47.25755]]]},"properties":{"cdi":0,"o_score_pt":946.8,"o_score_car":947.3,"population":278}},{"type":"Feature","id":39,"geometry":{"type":"Polygon","coordinates":[[[-1.56284,47.21023],[-1.56044,47.20951],[-1.55999,47.20771],[-1.56194,47.20663],[-1.56434,47.20734],[-1.56479,47.20915],[-1.56284,47.21023]]]},"properties":{"cdi":-0.073,"o_score_pt":1299.2,"o_score_car":1121.9,"population":795}},{"type":"Feature","id":40,"geometry":{"type":"Polygon","coordinates":[[[-1.53133,47.19056],[-1.52922,47.18993],[-1.52883,47.18833],[-1.53052,47.18739],[-1.53263,47.18802],[-1.53302,47.18962],[-1.53133,47.19056]]]},"properties":{"cdi":0.049,"o_score_pt":849.7,"o_score_car":937.5,"population":332}},{"type":"Feature","id":41,"geometry":{"type":"Polygon","coordinates":[[[-1.48839,47.24077],[-1.48662,47.24024],[-1.48629,47.23889],[-1.48768,47.23811],[-1.48945,47.23865],[-1.48979,47.24],[-1.48839,47.24077]]]},"properties":{"cdi":0.998,"o_score_pt":1.1,"o_score_car":914.7,"population":151}},{"type":"Feature","id":42,"geometry":{"type":"Polygon","coordinates":[[[-1.56452,47.27015],[-1.56298,47.26969],[-1.56268,47.2685],[-1.56388,47.26783],[-1.56542,47.26829],[-1.56572,47.26949],[-1.56452,47.27015]]]},"properties":{"cdi":0.358,"o_score_pt":445.9,"o_score_car":943.2,"population":89}},{"type":"Feature","id":43,"geometry":{"type":"Polygon","coordinates":[[[-1.53142,47.26213],[-1.52954,47.26156],[-1.52918,47.26012],[-1.53068,47.25929],[-1.53257,47.25986],[-1.53293,47.2613],[-1.53142,47.26213]]]},"properties":{"cdi":0.029,"o_score_pt":876.9,"o_score_car":929.8,"population":199}},{"type":"Feature","id":44,"geometry":{"type":"Polygon","coordinates":[[[-1.52025,47.24406],[-1.51795,47.24337],[-1.51751,47.24163],[-1.51938,47.2406],[-1.52168,47.24129],[-1.52211,47.24302],[-1.52025,47.24406]]]},"properties":{"cdi":-0.007,"o_score_pt":1034.8,"o_score_car":1021.2,"population":520}},{"type":"Feature","id":45,"geometry":{"type":"Polygon","coordinates":[[[-1.54853,47.19727],[-1.5466,47.19669],[-1.54623,47.19522],[-1.54777,47.19436],[-1.54971,47.19494],[-1.55007,47.19641],[-1.54853,47.19727]]]},"properties":{"cdi":0.015,"o_score_pt":951,"o_score_car":979.7,"population":221}},{"type":"Feature","id":46,"geometry":{"type":"Polygon","coordinates":[[[-1.58139,47.22223],[-1.57931,47.22161],[-1.57892,47.22004],[-1.58058,47.21912],[-1.58265,47.21974],[-1.58305,47.22131],[-1.58139,47.22223]]]},"properties":{"cdi":-0.006,"o_score_pt":1130.1,"o_score_car":1115.8,"population":304}},{"type":"Feature","id":47,"geometry":{"type":"Polygon","coordinates":[[[-1.61952,47.1883],[-1.61793,47.18782],[-1.61762,47.18659],[-1.61886,47.1859],[-1.62045,47.18638],[-1.62076,47.18761],[-1.61952,47.1883]]]},"properties":{"cdi":0.999,"o_score_pt":0.4,"o_score_car":741.2,"population":100}},{"type":"Feature","id":48,"geometry":{"type":"Polygon","coordinates":[[[-1.58892,47.20805],[-1.58652,47.20733],[-1.58607,47.20553],[-1.58802,47.20444],[-1.59042,47.20516],[-1.59087,47.20696],[-1.58892,47.20805]]]},"properties":{"cdi":0.003,"o_score_pt":1067.8,"o_score_car":1074.6,"population":854}},{"type":"Feature","id":49,"geometry":{"type":"Polygon","coordinates":[[[-1.50294,47.23682],[-1.50116,47.23628],[-1.50082,47.23492],[-1.50222,47.23414],[-1.504,47.23468],[-1.50434,47.23604],[-1.50294,47.23682]]]},"properties":{"cdi":0.041,"o_score_pt":866.9,"o_score_car":941.4,"population":154}},{"type":"Feature","id":50,"geometry":{"type":"Polygon","coordinates":[[[-1.51239,47.27481],[-1.5104,47.27422],[-1.51002,47.27271],[-1.51161,47.27183],[-1.5136,47.27243],[-1.51397,47.27393],[-1.51239,47.27481]]]},"properties":{"cdi":0.078,"o_score_pt":707.9,"o_score_car":827.3,"population":250}},{"type":"Feature","id":51,"geometry":{"type":"Polygon","coordinates":[[[-1.61215,47.20327],[-1.60984,47.20258],[-1.6094,47.20084],[-1.61127,47.1998],[-1.61358,47.20049],[-1.61402,47.20223],[-1.61215,47.20327]]]},"properties":{"cdi":0.009,"o_score_pt":894.5,"o_score_car":910.4,"population":528}},{"type":"Feature","id":52,"geometry":{"type":"Polygon","coordinates":[[[-1.5131,47.21534],[-1.5131,47.21534],[-1.51307,47.21525],[-1.51307,47.21525],[-1.5131,47.21534]]]},"properties":{"cdi":0.029,"o_score_pt":1002.8,"o_score_car":1062.9,"population":0}},{"type":"Feature","id":53,"geometry":{"type":"Polygon","coordinates":[[[-1.54081,47.22863],[-1.53841,47.22791],[-1.53796,47.2261],[-1.53991,47.22502],[-1.54231,47.22574],[-1.54275,47.22755],[-1.54081,47.22863]]]},"properties":{"cdi":-0.004,"o_score_pt":1159.2,"o_score_car":1150.9,"population":801}},{"type":"Feature","id":54,"geometry":{"type":"Polygon","coordinates":[[[-1.53294,47.2593],[-1.53097,47.25871],[-1.5306,47.25722],[-1.53217,47.25635],[-1.53413,47.25694],[-1.53451,47.25843],[-1.53294,47.2593]]]},"properties":{"cdi":0.058,"o_score_pt":834.4,"o_score_car":936.5,"population":239}},{"type":"Feature","id":55,"geometry":{"type":"Polygon","coordinates":[[[-1.55415,47.21096],[-1.55175,47.21024],[-1.5513,47.20843],[-1.55325,47.20735],[-1.55565,47.20807],[-1.5561,47.20987],[-1.55415,47.21096]]]},"properties":{"cdi":-0.058,"o_score_pt":1333.6,"o_score_car":1186.5,"population":1373}},{"type":"Feature","id":56,"geometry":{"type":"Polygon","coordinates":[[[-1.58397,47.24146],[-1.58173,47.24079],[-1.58131,47.2391],[-1.58312,47.2381],[-1.58536,47.23877],[-1.58578,47.24046],[-1.58397,47.24146]]]},"properties":{"cdi":0.05,"o_score_pt":972.6,"o_score_car":1075.6,"population":448}},{"type":"Feature","id":57,"geometry":{"type":"Polygon","coordinates":[[[-1.60467,47.21777],[-1.60227,47.21705],[-1.60182,47.21525],[-1.60377,47.21417],[-1.60617,47.21488],[-1.60662,47.21669],[-1.60467,47.21777]]]},"properties":{"cdi":0.052,"o_score_pt":899.8,"o_score_car":998,"population":726}},{"type":"Feature","id":58,"geometry":{"type":"Polygon","coordinates":[[[-1.5333,47.243],[-1.53096,47.2423],[-1.53052,47.24054],[-1.53242,47.23949],[-1.53475,47.24019],[-1.53519,47.24195],[-1.5333,47.243]]]},"properties":{"cdi":0.031,"o_score_pt":1027.6,"o_score_car":1094.3,"population":564}},{"type":"Feature","id":59,"geometry":{"type":"Polygon","coordinates":[[[-1.58007,47.21701],[-1.57775,47.21632],[-1.57731,47.21457],[-1.57919,47.21352],[-1.58152,47.21422],[-1.58195,47.21597],[-1.58007,47.21701]]]},"properties":{"cdi":-0.02,"o_score_pt":1153.6,"o_score_car":1107.7,"population":543}},{"type":"Feature","id":60,"geometry":{"type":"Polygon","coordinates":[[[-1.52325,47.23829],[-1.52095,47.2376],[-1.52052,47.23587],[-1.52238,47.23484],[-1.52467,47.23553],[-1.5251,47.23725],[-1.52325,47.23829]]]},"properties":{"cdi":0.069,"o_score_pt":943.2,"o_score_car":1082.2,"population":509}},{"type":"Feature","id":61,"geometry":{"type":"Polygon","coordinates":[[[-1.51502,47.28535],[-1.51341,47.28486],[-1.5131,47.28362],[-1.51436,47.28292],[-1.51598,47.2834],[-1.51629,47.28465],[-1.51502,47.28535]]]},"properties":{"cdi":0.129,"o_score_pt":589.3,"o_score_car":763.2,"population":106}},{"type":"Feature","id":62,"geometry":{"type":"Polygon","coordinates":[[[-1.51558,47.26097],[-1.51332,47.26029],[-1.5129,47.25858],[-1.51473,47.25757],[-1.51699,47.25825],[-1.51741,47.25995],[-1.51558,47.26097]]]},"properties":{"cdi":0.102,"o_score_pt":765.5,"o_score_car":940.2,"population":473}},{"type":"Feature","id":63,"geometry":{"type":"Polygon","coordinates":[[[-1.48987,47.23778],[-1.48825,47.2373],[-1.48794,47.23604],[-1.48921,47.23534],[-1.49083,47.23583],[-1.49114,47.23708],[-1.48987,47.23778]]]},"properties":{"cdi":0.325,"o_score_pt":444,"o_score_car":871,"population":108}},{"type":"Feature","id":64,"geometry":{"type":"Polygon","coordinates":[[[-1.57648,47.25591],[-1.57421,47.25523],[-1.57378,47.25352],[-1.57562,47.2525],[-1.57789,47.25318],[-1.57832,47.25489],[-1.57648,47.25591]]]},"properties":{"cdi":0.043,"o_score_pt":946.9,"o_score_car":1032.3,"population":482}},{"type":"Feature","id":65,"geometry":{"type":"Polygon","coordinates":[[[-1.60346,47.20407],[-1.60106,47.20335],[-1.60061,47.20155],[-1.60256,47.20046],[-1.60496,47.20118],[-1.60541,47.20298],[-1.60346,47.20407]]]},"properties":{"cdi":0.031,"o_score_pt":868.1,"o_score_car":923.9,"population":752}},{"type":"Feature","id":66,"geometry":{"type":"Polygon","coordinates":[[[-1.53211,47.22935],[-1.52971,47.22863],[-1.52926,47.22683],[-1.53121,47.22575],[-1.53361,47.22647],[-1.53406,47.22827],[-1.53211,47.22935]]]},"properties":{"cdi":0.017,"o_score_pt":1064.5,"o_score_car":1100.2,"population":807}},{"type":"Feature","id":67,"geometry":{"type":"Polygon","coordinates":[[[-1.56719,47.20987],[-1.56479,47.20915],[-1.56434,47.20734],[-1.56629,47.20626],[-1.56869,47.20698],[-1.56914,47.20878],[-1.56719,47.20987]]]},"properties":{"cdi":-0.079,"o_score_pt":1378.5,"o_score_car":1175.9,"population":893}},{"type":"Feature","id":68,"geometry":{"type":"Polygon","coordinates":[[[-1.48102,47.22904],[-1.48102,47.22904],[-1.481,47.22894],[-1.481,47.22894],[-1.48102,47.22904]]]},"properties":{"cdi":1,"o_score_pt":0,"o_score_car":952.6,"population":0}},{"type":"Feature","id":69,"geometry":{"type":"Polygon","coordinates":[[[-1.56891,47.26998],[-1.56711,47.26944],[-1.56677,47.26807],[-1.56819,47.26728],[-1.56999,47.26782],[-1.57034,47.26919],[-1.56891,47.26998]]]},"properties":{"cdi":0.2,"o_score_pt":585.7,"o_score_car":878.6,"population":162}},{"type":"Feature","id":70,"geometry":{"type":"Polygon","coordinates":[[[-1.5957,47.22614],[-1.59417,47.22569],[-1.59387,47.2245],[-1.59506,47.22384],[-1.59659,47.2243],[-1.59689,47.22548],[-1.5957,47.22614]]]},"properties":{"cdi":0.078,"o_score_pt":882.5,"o_score_car":1031.6,"population":87}},{"type":"Feature","id":71,"geometry":{"type":"Polygon","coordinates":[[[-1.56434,47.20734],[-1.56194,47.20663],[-1.56149,47.20482],[-1.56344,47.20374],[-1.56584,47.20446],[-1.56629,47.20626],[-1.56434,47.20734]]]},"properties":{"cdi":-0.025,"o_score_pt":1213.4,"o_score_car":1153.6,"population":1574}},{"type":"Feature","id":72,"geometry":{"type":"Polygon","coordinates":[[[-1.52446,47.25206],[-1.52206,47.25134],[-1.52161,47.24954],[-1.52356,47.24846],[-1.52596,47.24918],[-1.52641,47.25098],[-1.52446,47.25206]]]},"properties":{"cdi":-0.01,"o_score_pt":1041.6,"o_score_car":1020,"population":910}},{"type":"Feature","id":73,"geometry":{"type":"Polygon","coordinates":[[[-1.5246,47.24371],[-1.52228,47.24301],[-1.52185,47.24127],[-1.52372,47.24023],[-1.52604,47.24092],[-1.52647,47.24267],[-1.5246,47.24371]]]},"properties":{"cdi":0.044,"o_score_pt":958,"o_score_car":1046.8,"population":532}},{"type":"Feature","id":74,"geometry":{"type":"Polygon","coordinates":[[[-1.53521,47.21501],[-1.53318,47.2144],[-1.5328,47.21287],[-1.53442,47.21196],[-1.53645,47.21257],[-1.53683,47.21411],[-1.53521,47.21501]]]},"properties":{"cdi":-0.02,"o_score_pt":1177.7,"o_score_car":1130.8,"population":274}},{"type":"Feature","id":75,"geometry":{"type":"Polygon","coordinates":[[[-1.54064,47.23685],[-1.53834,47.23615],[-1.53791,47.23442],[-1.53977,47.23339],[-1.54207,47.23408],[-1.5425,47.23581],[-1.54064,47.23685]]]},"properties":{"cdi":0.016,"o_score_pt":1092.5,"o_score_car":1128.6,"population":518}},{"type":"Feature","id":76,"geometry":{"type":"Polygon","coordinates":[[[-1.56773,47.25641],[-1.56577,47.25582],[-1.5654,47.25433],[-1.56696,47.25346],[-1.56893,47.25405],[-1.5693,47.25554],[-1.56773,47.25641]]]},"properties":{"cdi":0.029,"o_score_pt":898.5,"o_score_car":951.2,"population":236}},{"type":"Feature","id":77,"geometry":{"type":"Polygon","coordinates":[[[-1.60055,47.19223],[-1.59952,47.19192],[-1.59931,47.19109],[-1.60006,47.19067],[-1.6011,47.19098],[-1.60131,47.19181],[-1.60055,47.19223]]]},"properties":{"cdi":0.998,"o_score_pt":0.7,"o_score_car":859.4,"population":27}},{"type":"Feature","id":78,"geometry":{"type":"Polygon","coordinates":[[[-1.58574,47.22192],[-1.58361,47.22128],[-1.5832,47.21966],[-1.58492,47.2187],[-1.58706,47.21935],[-1.58746,47.22096],[-1.58574,47.22192]]]},"properties":{"cdi":-0.002,"o_score_pt":1090.2,"o_score_car":1086.4,"population":355}},{"type":"Feature","id":79,"geometry":{"type":"Polygon","coordinates":[[[-1.58308,47.2113],[-1.58068,47.21058],[-1.58023,47.20878],[-1.58218,47.20769],[-1.58458,47.20841],[-1.58503,47.21022],[-1.58308,47.2113]]]},"properties":{"cdi":-0.014,"o_score_pt":1113.5,"o_score_car":1083.1,"population":786}},{"type":"Feature","id":80,"geometry":{"type":"Polygon","coordinates":[[[-1.58198,47.26895],[-1.5801,47.26839],[-1.57974,47.26696],[-1.58123,47.26613],[-1.58311,47.2667],[-1.58347,47.26812],[-1.58198,47.26895]]]},"properties":{"cdi":0.147,"o_score_pt":679.6,"o_score_car":913,"population":192}},{"type":"Feature","id":81,"geometry":{"type":"Polygon","coordinates":[[[-1.51671,47.27434],[-1.51487,47.27379],[-1.51453,47.27239],[-1.51598,47.27158],[-1.51782,47.27213],[-1.51817,47.27354],[-1.51671,47.27434]]]},"properties":{"cdi":0.075,"o_score_pt":718.9,"o_score_car":834.7,"population":177}},{"type":"Feature","id":82,"geometry":{"type":"Polygon","coordinates":[[[-1.56494,47.24514],[-1.56359,47.24473],[-1.56332,47.24367],[-1.56435,47.2431],[-1.56571,47.24351],[-1.56597,47.24457],[-1.56494,47.24514]]]},"properties":{"cdi":0.01,"o_score_pt":886.9,"o_score_car":905,"population":57}},{"type":"Feature","id":83,"geometry":{"type":"Polygon","coordinates":[[[-1.61647,47.20277],[-1.61434,47.20213],[-1.61393,47.20052],[-1.61565,47.19957],[-1.61777,47.20021],[-1.61818,47.20182],[-1.61647,47.20277]]]},"properties":{"cdi":0.073,"o_score_pt":783.6,"o_score_car":906.8,"population":347}},{"type":"Feature","id":84,"geometry":{"type":"Polygon","coordinates":[[[-1.5176,47.21535],[-1.51706,47.21518],[-1.51694,47.2147],[-1.51726,47.21452],[-1.5178,47.21468],[-1.51792,47.21517],[-1.5176,47.21535]]]},"properties":{"cdi":0.016,"o_score_pt":1038.6,"o_score_car":1071.8,"population":8}},{"type":"Feature","id":85,"geometry":{"type":"Polygon","coordinates":[[[-1.54515,47.22827],[-1.54275,47.22755],[-1.54231,47.22574],[-1.54425,47.22466],[-1.54665,47.22538],[-1.5471,47.22718],[-1.54515,47.22827]]]},"properties":{"cdi":-0.016,"o_score_pt":1184.3,"o_score_car":1147.9,"population":821}},{"type":"Feature","id":86,"geometry":{"type":"Polygon","coordinates":[[[-1.55849,47.21059],[-1.5561,47.20987],[-1.55565,47.20807],[-1.55759,47.20699],[-1.55999,47.20771],[-1.56044,47.20951],[-1.55849,47.21059]]]},"properties":{"cdi":-0.048,"o_score_pt":1306.2,"o_score_car":1187.2,"population":1346}},{"type":"Feature","id":87,"geometry":{"type":"Polygon","coordinates":[[[-1.59881,47.2209],[-1.59656,47.22023],[-1.59614,47.21854],[-1.59795,47.21753],[-1.60019,47.21821],[-1.60062,47.2199],[-1.59881,47.2209]]]},"properties":{"cdi":0.063,"o_score_pt":910.3,"o_score_car":1033.3,"population":452}},{"type":"Feature","id":88,"geometry":{"type":"Polygon","coordinates":[[[-1.52745,47.24627],[-1.52509,47.24556],[-1.52464,47.24378],[-1.52656,47.24271],[-1.52893,47.24342],[-1.52938,47.2452],[-1.52745,47.24627]]]},"properties":{"cdi":0.062,"o_score_pt":927.7,"o_score_car":1049.5,"population":604}},{"type":"Feature","id":89,"geometry":{"type":"Polygon","coordinates":[[[-1.58442,47.21665],[-1.58209,47.21595],[-1.58165,47.2142],[-1.58354,47.21315],[-1.58587,47.21385],[-1.58631,47.2156],[-1.58442,47.21665]]]},"properties":{"cdi":0.004,"o_score_pt":1079.1,"o_score_car":1088.2,"population":550}},{"type":"Feature","id":90,"geometry":{"type":"Polygon","coordinates":[[[-1.58314,47.2734],[-1.58255,47.27322],[-1.58242,47.2727],[-1.58278,47.2725],[-1.58337,47.27268],[-1.5835,47.2732],[-1.58314,47.2734]]]},"properties":{"cdi":0.998,"o_score_pt":0.8,"o_score_car":821.5,"population":9}},{"type":"Feature","id":91,"geometry":{"type":"Polygon","coordinates":[[[-1.5092,47.28873],[-1.5074,47.28819],[-1.50706,47.28681],[-1.50848,47.28602],[-1.51028,47.28656],[-1.51062,47.28794],[-1.5092,47.28873]]]},"properties":{"cdi":0.255,"o_score_pt":480.7,"o_score_car":810.5,"population":162}},{"type":"Feature","id":92,"geometry":{"type":"Polygon","coordinates":[[[-1.51993,47.2606],[-1.51768,47.25992],[-1.51726,47.25822],[-1.51908,47.25721],[-1.52133,47.25789],[-1.52175,47.25959],[-1.51993,47.2606]]]},"properties":{"cdi":0.016,"o_score_pt":924.6,"o_score_car":953.8,"population":464}},{"type":"Feature","id":93,"geometry":{"type":"Polygon","coordinates":[[[-1.60781,47.2037],[-1.60541,47.20298],[-1.60496,47.20118],[-1.60691,47.2001],[-1.60931,47.20082],[-1.60976,47.20262],[-1.60781,47.2037]]]},"properties":{"cdi":0.041,"o_score_pt":845,"o_score_car":916.8,"population":675}},{"type":"Feature","id":94,"geometry":{"type":"Polygon","coordinates":[[[-1.5042,47.25088],[-1.50193,47.2502],[-1.5015,47.24849],[-1.50334,47.24747],[-1.50561,47.24815],[-1.50603,47.24986],[-1.5042,47.25088]]]},"properties":{"cdi":0.048,"o_score_pt":788.5,"o_score_car":868.2,"population":480}},{"type":"Feature","id":95,"geometry":{"type":"Polygon","coordinates":[[[-1.53646,47.22899],[-1.53406,47.22827],[-1.53361,47.22647],[-1.53556,47.22538],[-1.53796,47.2261],[-1.53841,47.22791],[-1.53646,47.22899]]]},"properties":{"cdi":0.029,"o_score_pt":1058.8,"o_score_car":1121.9,"population":806}},{"type":"Feature","id":96,"geometry":{"type":"Polygon","coordinates":[[[-1.54965,47.21961],[-1.54725,47.21889],[-1.5468,47.21709],[-1.54875,47.21601],[-1.55115,47.21673],[-1.5516,47.21853],[-1.54965,47.21961]]]},"properties":{"cdi":-0.09,"o_score_pt":1436.5,"o_score_car":1198.3,"population":1858}},{"type":"Feature","id":97,"geometry":{"type":"Polygon","coordinates":[[[-1.57693,47.23111],[-1.57457,47.2304],[-1.57413,47.22862],[-1.57604,47.22756],[-1.57841,47.22826],[-1.57885,47.23004],[-1.57693,47.23111]]]},"properties":{"cdi":0.009,"o_score_pt":1123.1,"o_score_car":1142.5,"population":599}},{"type":"Feature","id":98,"geometry":{"type":"Polygon","coordinates":[[[-1.48536,47.22868],[-1.48536,47.22868],[-1.48534,47.22858],[-1.48534,47.22858],[-1.48536,47.22868]]]},"properties":{"cdi":1,"o_score_pt":0,"o_score_car":938.1,"population":0}},{"type":"Feature","id":99,"geometry":{"type":"Polygon","coordinates":[[[-1.60015,47.22624],[-1.59799,47.2256],[-1.59759,47.22397],[-1.59932,47.22301],[-1.60147,47.22366],[-1.60188,47.22528],[-1.60015,47.22624]]]},"properties":{"cdi":0.053,"o_score_pt":922.1,"o_score_car":1026.1,"population":365}},{"type":"Feature","id":100,"geometry":{"type":"Polygon","coordinates":[[[-1.5288,47.2517],[-1.52641,47.25098],[-1.52596,47.24918],[-1.52791,47.24809],[-1.53031,47.24882],[-1.53075,47.25062],[-1.5288,47.2517]]]},"properties":{"cdi":0.04,"o_score_pt":957.6,"o_score_car":1038.2,"population":679}},{"type":"Feature","id":101,"geometry":{"type":"Polygon","coordinates":[[[-1.51876,47.24701],[-1.51636,47.24629],[-1.51591,47.24449],[-1.51786,47.24341],[-1.52026,47.24413],[-1.52071,47.24593],[-1.51876,47.24701]]]},"properties":{"cdi":-0.003,"o_score_pt":1022.7,"o_score_car":1015.6,"population":649}},{"type":"Feature","id":102,"geometry":{"type":"Polygon","coordinates":[[[-1.54693,47.19965],[-1.54567,47.19927],[-1.54543,47.19828],[-1.54638,47.19775],[-1.54764,47.19813],[-1.54788,47.19912],[-1.54693,47.19965]]]},"properties":{"cdi":-0.012,"o_score_pt":1134.2,"o_score_car":1108.3,"population":46}},{"type":"Feature","id":103,"geometry":{"type":"Polygon","coordinates":[[[-1.51124,47.26133],[-1.50897,47.26065],[-1.50854,47.25894],[-1.51038,47.25792],[-1.51265,47.2586],[-1.51307,47.26032],[-1.51124,47.26133]]]},"properties":{"cdi":0.122,"o_score_pt":732.9,"o_score_car":936.1,"population":482}},{"type":"Feature","id":104,"geometry":{"type":"Polygon","coordinates":[[[-1.53961,47.21493],[-1.53721,47.21421],[-1.53676,47.21241],[-1.53871,47.21132],[-1.54111,47.21204],[-1.54156,47.21385],[-1.53961,47.21493]]]},"properties":{"cdi":-0.037,"o_score_pt":1259.3,"o_score_car":1169,"population":1239}},{"type":"Feature","id":105,"geometry":{"type":"Polygon","coordinates":[[[-1.57211,47.25619],[-1.56995,47.25555],[-1.56954,47.25391],[-1.57128,47.25295],[-1.57345,47.25359],[-1.57385,47.25523],[-1.57211,47.25619]]]},"properties":{"cdi":0.108,"o_score_pt":783.8,"o_score_car":973.2,"population":375}},{"type":"Feature","id":106,"geometry":{"type":"Polygon","coordinates":[[[-1.57988,47.2251],[-1.57784,47.22448],[-1.57745,47.22293],[-1.57909,47.22203],[-1.58113,47.22264],[-1.58152,47.22419],[-1.57988,47.2251]]]},"properties":{"cdi":0.007,"o_score_pt":1095.7,"o_score_car":1110.3,"population":284}},{"type":"Feature","id":107,"geometry":{"type":"Polygon","coordinates":[[[-1.53828,47.20056],[-1.53677,47.20011],[-1.53648,47.19894],[-1.53765,47.19829],[-1.53916,47.19874],[-1.53945,47.19991],[-1.53828,47.20056]]]},"properties":{"cdi":0.01,"o_score_pt":1050.5,"o_score_car":1071,"population":83}},{"type":"Feature","id":108,"geometry":{"type":"Polygon","coordinates":[[[-1.487,47.22603],[-1.48663,47.22592],[-1.48654,47.22556],[-1.48671,47.22547],[-1.48708,47.22558],[-1.48717,47.22594],[-1.487,47.22603]]]},"properties":{"cdi":1,"o_score_pt":0,"o_score_car":920.2,"population":5}},{"type":"Feature","id":109,"geometry":{"type":"Polygon","coordinates":[[[-1.53076,47.22394],[-1.52837,47.22322],[-1.52792,47.22142],[-1.52987,47.22034],[-1.53226,47.22106],[-1.53271,47.22286],[-1.53076,47.22394]]]},"properties":{"cdi":0,"o_score_pt":1133.9,"o_score_car":1133.8,"population":668}},{"type":"Feature","id":110,"geometry":{"type":"Polygon","coordinates":[[[-1.55804,47.23544],[-1.55568,47.23473],[-1.55524,47.23296],[-1.55715,47.2319],[-1.55951,47.2326],[-1.55995,47.23438],[-1.55804,47.23544]]]},"properties":{"cdi":-0.026,"o_score_pt":1227.5,"o_score_car":1165.9,"population":591}},{"type":"Feature","id":111,"geometry":{"type":"Polygon","coordinates":[[[-1.58606,47.19642],[-1.58474,47.19603],[-1.58448,47.19499],[-1.58548,47.19443],[-1.5868,47.19483],[-1.58706,47.19587],[-1.58606,47.19642]]]},"properties":{"cdi":0.424,"o_score_pt":365.4,"o_score_car":903,"population":53}},{"type":"Feature","id":112,"geometry":{"type":"Polygon","coordinates":[[[-1.55265,47.21384],[-1.55025,47.21312],[-1.5498,47.21132],[-1.55175,47.21024],[-1.55415,47.21096],[-1.5546,47.21276],[-1.55265,47.21384]]]},"properties":{"cdi":-0.101,"o_score_pt":1484.2,"o_score_car":1211,"population":1891}},{"type":"Feature","id":113,"geometry":{"type":"Polygon","coordinates":[[[-1.57856,47.21985],[-1.57631,47.21917],[-1.57588,47.21747],[-1.57771,47.21646],[-1.57996,47.21713],[-1.58039,47.21883],[-1.57856,47.21985]]]},"properties":{"cdi":-0.018,"o_score_pt":1138.3,"o_score_car":1099,"population":465}},{"type":"Feature","id":114,"geometry":{"type":"Polygon","coordinates":[[[-1.52056,47.22751],[-1.51822,47.2268],[-1.51778,47.22504],[-1.51968,47.22399],[-1.52202,47.22469],[-1.52246,47.22645],[-1.52056,47.22751]]]},"properties":{"cdi":-0.048,"o_score_pt":1191,"o_score_car":1080.9,"population":568}},{"type":"Feature","id":115,"geometry":{"type":"Polygon","coordinates":[[[-1.51336,47.28743],[-1.51282,47.28726],[-1.5127,47.28678],[-1.51302,47.2866],[-1.51356,47.28676],[-1.51368,47.28725],[-1.51336,47.28743]]]},"properties":{"cdi":0.228,"o_score_pt":495.6,"o_score_car":788,"population":8}},{"type":"Feature","id":116,"geometry":{"type":"Polygon","coordinates":[[[-1.51291,47.25024],[-1.51054,47.24952],[-1.5101,47.24774],[-1.51202,47.24668],[-1.51439,47.24739],[-1.51483,47.24917],[-1.51291,47.25024]]]},"properties":{"cdi":0.046,"o_score_pt":862.8,"o_score_car":946.6,"population":606}},{"type":"Feature","id":117,"geometry":{"type":"Polygon","coordinates":[[[-1.57374,47.24494],[-1.57169,47.24432],[-1.5713,47.24276],[-1.57295,47.24185],[-1.575,47.24246],[-1.57539,47.24402],[-1.57374,47.24494]]]},"properties":{"cdi":0.04,"o_score_pt":986.2,"o_score_car":1069,"population":294}},{"type":"Feature","id":118,"geometry":{"type":"Polygon","coordinates":[[[-1.60197,47.20695],[-1.59957,47.20624],[-1.59912,47.20443],[-1.60106,47.20335],[-1.60346,47.20407],[-1.60392,47.20587],[-1.60197,47.20695]]]},"properties":{"cdi":-0.01,"o_score_pt":982.4,"o_score_car":962.9,"population":711}},{"type":"Feature","id":119,"geometry":{"type":"Polygon","coordinates":[[[-1.59912,47.20443],[-1.59672,47.20371],[-1.59627,47.20191],[-1.59821,47.20083],[-1.60061,47.20155],[-1.60106,47.20335],[-1.59912,47.20443]]]},"properties":{"cdi":0.046,"o_score_pt":866.2,"o_score_car":949.5,"population":649}},{"type":"Feature","id":120,"geometry":{"type":"Polygon","coordinates":[[[-1.53163,47.25412],[-1.52937,47.25344],[-1.52895,47.25174],[-1.53078,47.25072],[-1.53303,47.2514],[-1.53346,47.2531],[-1.53163,47.25412]]]},"properties":{"cdi":0.039,"o_score_pt":949.1,"o_score_car":1025.3,"population":470}},{"type":"Feature","id":121,"geometry":{"type":"Polygon","coordinates":[[[-1.53061,47.23223],[-1.52821,47.23151],[-1.52776,47.22971],[-1.52971,47.22863],[-1.53211,47.22935],[-1.53256,47.23115],[-1.53061,47.23223]]]},"properties":{"cdi":0.024,"o_score_pt":1070.9,"o_score_car":1123.6,"population":650}},{"type":"Feature","id":122,"geometry":{"type":"Polygon","coordinates":[[[-1.554,47.21925],[-1.5516,47.21853],[-1.55115,47.21673],[-1.5531,47.21564],[-1.5555,47.21636],[-1.55595,47.21817],[-1.554,47.21925]]]},"properties":{"cdi":-0.104,"o_score_pt":1502.8,"o_score_car":1220.7,"population":1931}},{"type":"Feature","id":123,"geometry":{"type":"Polygon","coordinates":[[[-1.58128,47.23071],[-1.57895,47.23002],[-1.57851,47.22827],[-1.5804,47.22722],[-1.58272,47.22792],[-1.58316,47.22967],[-1.58128,47.23071]]]},"properties":{"cdi":0.022,"o_score_pt":1038.1,"o_score_car":1083.8,"population":546}},{"type":"Feature","id":124,"geometry":{"type":"Polygon","coordinates":[[[-1.59421,47.22907],[-1.59263,47.22859],[-1.59232,47.22737],[-1.59356,47.22669],[-1.59514,47.22716],[-1.59545,47.22838],[-1.59421,47.22907]]]},"properties":{"cdi":0.104,"o_score_pt":830.9,"o_score_car":1023.5,"population":98}},{"type":"Feature","id":125,"geometry":{"type":"Polygon","coordinates":[[[-1.52295,47.25489],[-1.52061,47.25419],[-1.52018,47.25244],[-1.52207,47.25139],[-1.5244,47.25209],[-1.52484,47.25384],[-1.52295,47.25489]]]},"properties":{"cdi":0.029,"o_score_pt":924.4,"o_score_car":980.3,"population":555}},{"type":"Feature","id":126,"geometry":{"type":"Polygon","coordinates":[[[-1.52311,47.24665],[-1.52072,47.24593],[-1.52027,47.24413],[-1.52221,47.24306],[-1.5246,47.24377],[-1.52505,47.24557],[-1.52311,47.24665]]]},"properties":{"cdi":0.026,"o_score_pt":998.3,"o_score_car":1052.1,"population":637}},{"type":"Feature","id":127,"geometry":{"type":"Polygon","coordinates":[[[-1.58111,47.23893],[-1.5789,47.23826],[-1.57848,47.23659],[-1.58027,47.23559],[-1.58249,47.23626],[-1.5829,47.23793],[-1.58111,47.23893]]]},"properties":{"cdi":0.041,"o_score_pt":970.8,"o_score_car":1053.7,"population":426}},{"type":"Feature","id":128,"geometry":{"type":"Polygon","coordinates":[[[-1.55131,47.19942],[-1.54987,47.19899],[-1.54959,47.19787],[-1.55069,47.19725],[-1.55213,47.19769],[-1.55241,47.19881],[-1.55131,47.19942]]]},"properties":{"cdi":0.05,"o_score_pt":976.3,"o_score_car":1079.2,"population":70}},{"type":"Feature","id":129,"geometry":{"type":"Polygon","coordinates":[[[-1.53376,47.21818],[-1.53137,47.21745],[-1.53092,47.21565],[-1.53287,47.21457],[-1.53526,47.21529],[-1.53571,47.21709],[-1.53376,47.21818]]]},"properties":{"cdi":-0.042,"o_score_pt":1259,"o_score_car":1156.6,"population":810}},{"type":"Feature","id":130,"geometry":{"type":"Polygon","coordinates":[[[-1.56627,47.25945],[-1.56409,47.2588],[-1.56368,47.25716],[-1.56543,47.25618],[-1.56761,47.25683],[-1.56802,47.25848],[-1.56627,47.25945]]]},"properties":{"cdi":0.051,"o_score_pt":845.9,"o_score_car":936.3,"population":387}},{"type":"Feature","id":131,"geometry":{"type":"Polygon","coordinates":[[[-1.58026,47.19992],[-1.57862,47.19942],[-1.5783,47.19816],[-1.57959,47.19744],[-1.58123,47.19794],[-1.58155,47.1992],[-1.58026,47.19992]]]},"properties":{"cdi":0.027,"o_score_pt":994.7,"o_score_car":1049.5,"population":113}},{"type":"Feature","id":132,"geometry":{"type":"Polygon","coordinates":[[[-1.54261,47.20013],[-1.5412,47.1997],[-1.54092,47.1986],[-1.54201,47.198],[-1.54342,47.19842],[-1.5437,47.19953],[-1.54261,47.20013]]]},"properties":{"cdi":-0.009,"o_score_pt":1123.9,"o_score_car":1103.2,"population":66}},{"type":"Feature","id":133,"geometry":{"type":"Polygon","coordinates":[[[-1.53511,47.22358],[-1.53271,47.22286],[-1.53226,47.22106],[-1.53421,47.21998],[-1.53661,47.2207],[-1.53706,47.2225],[-1.53511,47.22358]]]},"properties":{"cdi":-0.027,"o_score_pt":1186.7,"o_score_car":1125.4,"population":969}},{"type":"Feature","id":134,"geometry":{"type":"Polygon","coordinates":[[[-1.56239,47.23508],[-1.56002,47.23437],[-1.55958,47.23259],[-1.5615,47.23153],[-1.56387,47.23224],[-1.56431,47.23402],[-1.56239,47.23508]]]},"properties":{"cdi":-0.007,"o_score_pt":1185.1,"o_score_car":1168.4,"population":603}},{"type":"Feature","id":135,"geometry":{"type":"Polygon","coordinates":[[[-1.54464,47.25281],[-1.54267,47.25222],[-1.5423,47.25073],[-1.54387,47.24986],[-1.54583,47.25045],[-1.5462,47.25194],[-1.54464,47.25281]]]},"properties":{"cdi":0.042,"o_score_pt":886,"o_score_car":962.7,"population":238}},{"type":"Feature","id":136,"geometry":{"type":"Polygon","coordinates":[[[-1.58291,47.21948],[-1.58066,47.21881],[-1.58023,47.21711],[-1.58205,47.2161],[-1.58431,47.21677],[-1.58473,47.21847],[-1.58291,47.21948]]]},"properties":{"cdi":-0.013,"o_score_pt":1146.7,"o_score_car":1116.8,"population":461}},{"type":"Feature","id":137,"geometry":{"type":"Polygon","coordinates":[[[-1.52492,47.22719],[-1.52252,47.22647],[-1.52207,47.22467],[-1.52402,47.22358],[-1.52642,47.22431],[-1.52687,47.22611],[-1.52492,47.22719]]]},"properties":{"cdi":-0.018,"o_score_pt":1130,"o_score_car":1090.3,"population":709}},{"type":"Feature","id":138,"geometry":{"type":"Polygon","coordinates":[[[-1.50026,47.22608],[-1.49838,47.22552],[-1.49803,47.22408],[-1.49952,47.22325],[-1.5014,47.22382],[-1.50176,47.22525],[-1.50026,47.22608]]]},"properties":{"cdi":0.999,"o_score_pt":0.3,"o_score_car":980.9,"population":195}},{"type":"Feature","id":139,"geometry":{"type":"Polygon","coordinates":[[[-1.52637,47.29518],[-1.5251,47.2948],[-1.52485,47.2938],[-1.52581,47.29327],[-1.52708,47.29365],[-1.52733,47.29465],[-1.52637,47.29518]]]},"properties":{"cdi":0.308,"o_score_pt":355.8,"o_score_car":672.9,"population":47}},{"type":"Feature","id":140,"geometry":{"type":"Polygon","coordinates":[[[-1.51726,47.2499],[-1.51486,47.24918],[-1.51441,47.24737],[-1.51636,47.24629],[-1.51876,47.24701],[-1.51921,47.24882],[-1.51726,47.2499]]]},"properties":{"cdi":0.054,"o_score_pt":894.7,"o_score_car":997.8,"population":685}},{"type":"Feature","id":141,"geometry":{"type":"Polygon","coordinates":[[[-1.5493,47.23594],[-1.54724,47.23532],[-1.54686,47.23376],[-1.5485,47.23285],[-1.55056,47.23347],[-1.55094,47.23502],[-1.5493,47.23594]]]},"properties":{"cdi":0.021,"o_score_pt":1104.1,"o_score_car":1151.6,"population":292}},{"type":"Feature","id":142,"geometry":{"type":"Polygon","coordinates":[[[-1.57805,47.24437],[-1.57627,47.24383],[-1.57593,47.24247],[-1.57734,47.24169],[-1.57912,47.24223],[-1.57946,47.24359],[-1.57805,47.24437]]]},"properties":{"cdi":0.072,"o_score_pt":935.1,"o_score_car":1080.5,"population":154}},{"type":"Feature","id":143,"geometry":{"type":"Polygon","coordinates":[[[-1.54815,47.2225],[-1.54575,47.22178],[-1.5453,47.21997],[-1.54725,47.21889],[-1.54965,47.21961],[-1.5501,47.22141],[-1.54815,47.2225]]]},"properties":{"cdi":-0.095,"o_score_pt":1374.9,"o_score_car":1136.7,"population":1197}},{"type":"Feature","id":144,"geometry":{"type":"Polygon","coordinates":[[[-1.52205,47.22458],[-1.51977,47.22389],[-1.51935,47.22218],[-1.52119,47.22115],[-1.52347,47.22184],[-1.5239,47.22355],[-1.52205,47.22458]]]},"properties":{"cdi":-0.011,"o_score_pt":1096.5,"o_score_car":1073,"population":492}},{"type":"Feature","id":145,"geometry":{"type":"Polygon","coordinates":[[[-1.57544,47.23399],[-1.57307,47.23328],[-1.57262,47.23151],[-1.57455,47.23044],[-1.57691,47.23115],[-1.57736,47.23293],[-1.57544,47.23399]]]},"properties":{"cdi":-0.006,"o_score_pt":1141.3,"o_score_car":1128.3,"population":602}},{"type":"Feature","id":146,"geometry":{"type":"Polygon","coordinates":[[[-1.48397,47.23167],[-1.48378,47.23161],[-1.48372,47.23137],[-1.48373,47.23136],[-1.48393,47.23142],[-1.48399,47.23166],[-1.48397,47.23167]]]},"properties":{"cdi":0.999,"o_score_pt":0.3,"o_score_car":924.7,"population":3}},{"type":"Feature","id":147,"geometry":{"type":"Polygon","coordinates":[[[-1.56037,47.26247],[-1.5585,47.26191],[-1.55814,47.26048],[-1.55963,47.25966],[-1.5615,47.26022],[-1.56185,47.26164],[-1.56037,47.26247]]]},"properties":{"cdi":0.05,"o_score_pt":873.3,"o_score_car":966,"population":190}},{"type":"Feature","id":148,"geometry":{"type":"Polygon","coordinates":[[[-1.59861,47.22894],[-1.59671,47.22837],[-1.59634,47.22692],[-1.59786,47.22608],[-1.59976,47.22665],[-1.60012,47.2281],[-1.59861,47.22894]]]},"properties":{"cdi":0.123,"o_score_pt":785.3,"o_score_car":1005,"population":205}},{"type":"Feature","id":149,"geometry":{"type":"Polygon","coordinates":[[[-1.52729,47.2545],[-1.52499,47.25381],[-1.52456,47.25209],[-1.52642,47.25106],[-1.52872,47.25175],[-1.52915,47.25347],[-1.52729,47.2545]]]},"properties":{"cdi":0.039,"o_score_pt":926.6,"o_score_car":1001,"population":510}},{"type":"Feature","id":150,"geometry":{"type":"Polygon","coordinates":[[[-1.52089,47.28219],[-1.51917,47.28167],[-1.51884,47.28035],[-1.52019,47.27959],[-1.52192,47.28011],[-1.52225,47.28143],[-1.52089,47.28219]]]},"properties":{"cdi":0.127,"o_score_pt":590.8,"o_score_car":762.2,"population":136}},{"type":"Feature","id":151,"geometry":{"type":"Polygon","coordinates":[[[-1.56674,47.23472],[-1.56437,47.23401],[-1.56393,47.23223],[-1.56585,47.23116],[-1.56822,47.23187],[-1.56866,47.23365],[-1.56674,47.23472]]]},"properties":{"cdi":-0.023,"o_score_pt":1257.9,"o_score_car":1200.7,"population":604}},{"type":"Feature","id":152,"geometry":{"type":"Polygon","coordinates":[[[-1.58467,47.19984],[-1.58264,47.19923],[-1.58226,47.19769],[-1.58388,47.19679],[-1.5859,47.1974],[-1.58629,47.19894],[-1.58467,47.19984]]]},"properties":{"cdi":0.002,"o_score_pt":1035.5,"o_score_car":1039.9,"population":274}},{"type":"Feature","id":153,"geometry":{"type":"Polygon","coordinates":[[[-1.51602,47.23596],[-1.51395,47.23533],[-1.51356,47.23376],[-1.51522,47.23284],[-1.51729,47.23346],[-1.51768,47.23503],[-1.51602,47.23596]]]},"properties":{"cdi":0.024,"o_score_pt":991.9,"o_score_car":1040.1,"population":305}},{"type":"Feature","id":154,"geometry":{"type":"Polygon","coordinates":[[[-1.53682,47.20364],[-1.53506,47.20311],[-1.53472,47.20176],[-1.53611,47.20099],[-1.53787,47.20152],[-1.53821,47.20286],[-1.53682,47.20364]]]},"properties":{"cdi":-0.05,"o_score_pt":1137,"o_score_car":1028,"population":148}},{"type":"Feature","id":155,"geometry":{"type":"Polygon","coordinates":[[[-1.52926,47.22683],[-1.52687,47.22611],[-1.52642,47.22431],[-1.52837,47.22322],[-1.53076,47.22394],[-1.53121,47.22575],[-1.52926,47.22683]]]},"properties":{"cdi":0.011,"o_score_pt":1104.5,"o_score_car":1128.5,"population":844}},{"type":"Feature","id":156,"geometry":{"type":"Polygon","coordinates":[[[-1.55651,47.23815],[-1.55438,47.23751],[-1.55398,47.2359],[-1.55569,47.23495],[-1.55782,47.23559],[-1.55822,47.2372],[-1.55651,47.23815]]]},"properties":{"cdi":-0.043,"o_score_pt":1166.3,"o_score_car":1069.6,"population":348}},{"type":"Feature","id":157,"geometry":{"type":"Polygon","coordinates":[[[-1.54992,47.20289],[-1.54771,47.20222],[-1.5473,47.20055],[-1.54908,47.19956],[-1.55129,47.20022],[-1.55171,47.20189],[-1.54992,47.20289]]]},"properties":{"cdi":-0.006,"o_score_pt":1119.6,"o_score_car":1106.3,"population":422}},{"type":"Feature","id":158,"geometry":{"type":"Polygon","coordinates":[[[-1.58245,47.24422],[-1.58038,47.2436],[-1.57998,47.24203],[-1.58164,47.24111],[-1.58371,47.24173],[-1.5841,47.2433],[-1.58245,47.24422]]]},"properties":{"cdi":0.073,"o_score_pt":895.4,"o_score_car":1037.2,"population":302}},{"type":"Feature","id":159,"geometry":{"type":"Polygon","coordinates":[[[-1.549,47.25252],[-1.54694,47.2519],[-1.54655,47.25034],[-1.5482,47.24943],[-1.55026,47.25005],[-1.55065,47.2516],[-1.549,47.25252]]]},"properties":{"cdi":0.006,"o_score_pt":963.7,"o_score_car":974.7,"population":294}},{"type":"Feature","id":160,"geometry":{"type":"Polygon","coordinates":[[[-1.57586,47.20903],[-1.57361,47.20835],[-1.57318,47.20666],[-1.575,47.20565],[-1.57726,47.20632],[-1.57768,47.20802],[-1.57586,47.20903]]]},"properties":{"cdi":-0.054,"o_score_pt":1221.3,"o_score_car":1096.2,"population":462}},{"type":"Feature","id":161,"geometry":{"type":"Polygon","coordinates":[[[-1.51905,47.23035],[-1.51677,47.22966],[-1.51634,47.22794],[-1.51819,47.22692],[-1.52047,47.2276],[-1.5209,47.22932],[-1.51905,47.23035]]]},"properties":{"cdi":-0.039,"o_score_pt":1149.9,"o_score_car":1064.1,"population":496}},{"type":"Feature","id":162,"geometry":{"type":"Polygon","coordinates":[[[-1.5748,47.26691],[-1.57277,47.2663],[-1.57238,47.26476],[-1.57401,47.26386],[-1.57604,47.26447],[-1.57642,47.26601],[-1.5748,47.26691]]]},"properties":{"cdi":0.084,"o_score_pt":803.8,"o_score_car":951.2,"population":274}},{"type":"Feature","id":163,"geometry":{"type":"Polygon","coordinates":[[[-1.50458,47.22559],[-1.50288,47.22508],[-1.50255,47.22377],[-1.50389,47.22302],[-1.5056,47.22354],[-1.50593,47.22485],[-1.50458,47.22559]]]},"properties":{"cdi":0.995,"o_score_pt":2.6,"o_score_car":965.6,"population":131}},{"type":"Feature","id":164,"geometry":{"type":"Polygon","coordinates":[[[-1.53045,47.29391],[-1.53045,47.29391],[-1.53043,47.29382],[-1.53043,47.29382],[-1.53045,47.29391]]]},"properties":{"cdi":0.348,"o_score_pt":319.1,"o_score_car":660.5,"population":0}},{"type":"Feature","id":165,"geometry":{"type":"Polygon","coordinates":[[[-1.51141,47.25312],[-1.50904,47.25241],[-1.50859,47.25063],[-1.51052,47.24956],[-1.51289,47.25027],[-1.51333,47.25205],[-1.51141,47.25312]]]},"properties":{"cdi":0.182,"o_score_pt":686.4,"o_score_car":991.8,"population":610}},{"type":"Feature","id":166,"geometry":{"type":"Polygon","coordinates":[[[-1.5722,47.2476],[-1.57045,47.24707],[-1.57011,47.24573],[-1.57149,47.24496],[-1.57325,47.24549],[-1.57358,47.24683],[-1.5722,47.2476]]]},"properties":{"cdi":0.044,"o_score_pt":912,"o_score_car":994.9,"population":145}},{"type":"Feature","id":167,"geometry":{"type":"Polygon","coordinates":[[[-1.54775,47.23859],[-1.546,47.23807],[-1.54567,47.23673],[-1.54705,47.23596],[-1.5488,47.23649],[-1.54914,47.23783],[-1.54775,47.23859]]]},"properties":{"cdi":0.042,"o_score_pt":1031.3,"o_score_car":1121.1,"population":145}},{"type":"Feature","id":168,"geometry":{"type":"Polygon","coordinates":[[[-1.5525,47.22213],[-1.5501,47.22141],[-1.54965,47.21961],[-1.5516,47.21853],[-1.554,47.21925],[-1.55445,47.22105],[-1.5525,47.22213]]]},"properties":{"cdi":-0.095,"o_score_pt":1421.7,"o_score_car":1174.6,"population":1589}},{"type":"Feature","id":169,"geometry":{"type":"Polygon","coordinates":[[[-1.57979,47.23363],[-1.57742,47.23292],[-1.57697,47.23114],[-1.57889,47.23008],[-1.58126,47.23079],[-1.5817,47.23256],[-1.57979,47.23363]]]},"properties":{"cdi":-0.018,"o_score_pt":1134.5,"o_score_car":1094.9,"population":600}},{"type":"Feature","id":170,"geometry":{"type":"Polygon","coordinates":[[[-1.49703,47.23977],[-1.49564,47.23935],[-1.49537,47.23827],[-1.49643,47.23768],[-1.49782,47.2381],[-1.49809,47.23918],[-1.49703,47.23977]]]},"properties":{"cdi":0.156,"o_score_pt":680.7,"o_score_car":931.8,"population":62}},{"type":"Feature","id":171,"geometry":{"type":"Polygon","coordinates":[[[-1.56474,47.26219],[-1.56275,47.2616],[-1.56238,47.26009],[-1.56396,47.25921],[-1.56595,47.25981],[-1.56632,47.26131],[-1.56474,47.26219]]]},"properties":{"cdi":0.08,"o_score_pt":816.9,"o_score_car":958.4,"population":248}},{"type":"Feature","id":172,"geometry":{"type":"Polygon","coordinates":[[[-1.5299,47.26487],[-1.52819,47.26436],[-1.52787,47.26305],[-1.5292,47.26231],[-1.53091,47.26282],[-1.53123,47.26413],[-1.5299,47.26487]]]},"properties":{"cdi":0.049,"o_score_pt":823.4,"o_score_car":907.4,"population":129}},{"type":"Feature","id":173,"geometry":{"type":"Polygon","coordinates":[[[-1.531,47.20699],[-1.52909,47.20642],[-1.52873,47.20497],[-1.53025,47.20413],[-1.53215,47.2047],[-1.53251,47.20615],[-1.531,47.20699]]]},"properties":{"cdi":-0.012,"o_score_pt":1108.5,"o_score_car":1082.5,"population":206}},{"type":"Feature","id":174,"geometry":{"type":"Polygon","coordinates":[[[-1.57108,47.23434],[-1.56874,47.23364],[-1.5683,47.23187],[-1.5702,47.23082],[-1.57254,47.23152],[-1.57299,47.23329],[-1.57108,47.23434]]]},"properties":{"cdi":-0.003,"o_score_pt":1176.1,"o_score_car":1168.3,"population":572}},{"type":"Feature","id":175,"geometry":{"type":"Polygon","coordinates":[[[-1.57881,47.20302],[-1.57687,47.20244],[-1.5765,47.20097],[-1.57805,47.20011],[-1.57998,47.20069],[-1.58035,47.20216],[-1.57881,47.20302]]]},"properties":{"cdi":-0.022,"o_score_pt":1119,"o_score_car":1070.6,"population":222}},{"type":"Feature","id":176,"geometry":{"type":"Polygon","coordinates":[[[-1.5204,47.23575],[-1.51812,47.23507],[-1.51769,47.23335],[-1.51954,47.23232],[-1.52182,47.23301],[-1.52225,47.23473],[-1.5204,47.23575]]]},"properties":{"cdi":0.041,"o_score_pt":979.8,"o_score_car":1064.6,"population":495}},{"type":"Feature","id":177,"geometry":{"type":"Polygon","coordinates":[[[-1.57785,47.26142],[-1.57545,47.2607],[-1.575,47.25889],[-1.57695,47.25781],[-1.57935,47.25853],[-1.5798,47.26033],[-1.57785,47.26142]]]},"properties":{"cdi":0.094,"o_score_pt":817.1,"o_score_car":985.8,"population":673}},{"type":"Feature","id":178,"geometry":{"type":"Polygon","coordinates":[[[-1.5027,47.25379],[-1.5004,47.2531],[-1.49997,47.25136],[-1.50183,47.25033],[-1.50413,47.25102],[-1.50456,47.25275],[-1.5027,47.25379]]]},"properties":{"cdi":0.128,"o_score_pt":673.1,"o_score_car":871,"population":515}},{"type":"Feature","id":179,"geometry":{"type":"Polygon","coordinates":[[[-1.56341,47.24787],[-1.56226,47.24752],[-1.56204,47.24661],[-1.56288,47.24614],[-1.56403,47.24648],[-1.56426,47.2474],[-1.56341,47.24787]]]},"properties":{"cdi":0.098,"o_score_pt":870.1,"o_score_car":1059.8,"population":35}},{"type":"Feature","id":180,"geometry":{"type":"Polygon","coordinates":[[[-1.53361,47.22647],[-1.53121,47.22575],[-1.53076,47.22394],[-1.53271,47.22286],[-1.53511,47.22358],[-1.53556,47.22538],[-1.53361,47.22647]]]},"properties":{"cdi":0.054,"o_score_pt":981.5,"o_score_car":1093.7,"population":841}},{"type":"Feature","id":181,"geometry":{"type":"Polygon","coordinates":[[[-1.56088,47.23792],[-1.55858,47.23723],[-1.55815,47.2355],[-1.56001,47.23446],[-1.56231,47.23515],[-1.56274,47.23688],[-1.56088,47.23792]]]},"properties":{"cdi":0.019,"o_score_pt":1092.8,"o_score_car":1135.2,"population":514}},{"type":"Feature","id":182,"geometry":{"type":"Polygon","coordinates":[[[-1.55426,47.20249],[-1.55209,47.20184],[-1.55168,47.2002],[-1.55343,47.19923],[-1.5556,47.19988],[-1.55601,47.20152],[-1.55426,47.20249]]]},"properties":{"cdi":-0.01,"o_score_pt":1138.6,"o_score_car":1115.8,"population":384}},{"type":"Feature","id":183,"geometry":{"type":"Polygon","coordinates":[[[-1.54311,47.25559],[-1.54129,47.25504],[-1.54095,47.25365],[-1.54239,47.25285],[-1.54421,47.2534],[-1.54456,47.25479],[-1.54311,47.25559]]]},"properties":{"cdi":0.08,"o_score_pt":792.1,"o_score_car":930.3,"population":170}},{"type":"Feature","id":184,"geometry":{"type":"Polygon","coordinates":[[[-1.58023,47.20878],[-1.57783,47.20806],[-1.57738,47.20625],[-1.57933,47.20517],[-1.58173,47.20589],[-1.58218,47.20769],[-1.58023,47.20878]]]},"properties":{"cdi":-0.054,"o_score_pt":1241,"o_score_car":1114.4,"population":715}},{"type":"Feature","id":185,"geometry":{"type":"Polygon","coordinates":[[[-1.57915,47.26657],[-1.57709,47.26595],[-1.5767,47.26439],[-1.57835,47.26347],[-1.58042,47.26409],[-1.58081,47.26565],[-1.57915,47.26657]]]},"properties":{"cdi":0.075,"o_score_pt":808.4,"o_score_car":939.3,"population":298}},{"type":"Feature","id":186,"geometry":{"type":"Polygon","coordinates":[[[-1.49872,47.22874],[-1.49714,47.22826],[-1.49684,47.22705],[-1.49806,47.22637],[-1.49964,47.22684],[-1.49994,47.22806],[-1.49872,47.22874]]]},"properties":{"cdi":0.996,"o_score_pt":1.6,"o_score_car":905.1,"population":96}},{"type":"Feature","id":187,"geometry":{"type":"Polygon","coordinates":[[[-1.51576,47.25278],[-1.51336,47.25206],[-1.51291,47.25026],[-1.51486,47.24918],[-1.51726,47.2499],[-1.51771,47.2517],[-1.51576,47.25278]]]},"properties":{"cdi":0.066,"o_score_pt":844.8,"o_score_car":964.6,"population":702}},{"type":"Feature","id":188,"geometry":{"type":"Polygon","coordinates":[[[-1.48847,47.23205],[-1.48727,47.23169],[-1.48704,47.23075],[-1.48793,47.23026],[-1.48912,47.23062],[-1.48935,47.23156],[-1.48847,47.23205]]]},"properties":{"cdi":0.999,"o_score_pt":0.5,"o_score_car":864.9,"population":39}},{"type":"Feature","id":189,"geometry":{"type":"Polygon","coordinates":[[[-1.57655,47.24724],[-1.57478,47.24671],[-1.57445,47.24536],[-1.57584,47.24459],[-1.57761,47.24512],[-1.57795,47.24647],[-1.57655,47.24724]]]},"properties":{"cdi":0.054,"o_score_pt":982.6,"o_score_car":1095.1,"population":150}},{"type":"Feature","id":190,"geometry":{"type":"Polygon","coordinates":[[[-1.55208,47.23813],[-1.55047,47.23764],[-1.55016,47.2364],[-1.55142,47.2357],[-1.55303,47.23619],[-1.55334,47.23743],[-1.55208,47.23813]]]},"properties":{"cdi":0.012,"o_score_pt":1037.4,"o_score_car":1061.7,"population":104}},{"type":"Feature","id":191,"geometry":{"type":"Polygon","coordinates":[[[-1.54545,47.21168],[-1.54306,47.21096],[-1.54261,47.20916],[-1.54456,47.20808],[-1.54695,47.2088],[-1.5474,47.2106],[-1.54545,47.21168]]]},"properties":{"cdi":-0.032,"o_score_pt":1264.8,"o_score_car":1186.5,"population":1495}},{"type":"Feature","id":192,"geometry":{"type":"Polygon","coordinates":[[[-1.57272,47.22311],[-1.57045,47.22243],[-1.57002,47.22072],[-1.57186,47.2197],[-1.57413,47.22038],[-1.57456,47.22209],[-1.57272,47.22311]]]},"properties":{"cdi":-0.015,"o_score_pt":1181.4,"o_score_car":1145.4,"population":482}},{"type":"Feature","id":193,"geometry":{"type":"Polygon","coordinates":[[[-1.5899,47.22962],[-1.58807,47.22907],[-1.58771,47.22767],[-1.58917,47.22686],[-1.59101,47.22741],[-1.59136,47.22881],[-1.5899,47.22962]]]},"properties":{"cdi":0.046,"o_score_pt":920.3,"o_score_car":1009.7,"population":176}},{"type":"Feature","id":194,"geometry":{"type":"Polygon","coordinates":[[[-1.50141,47.23955],[-1.49983,47.23908],[-1.49952,47.23786],[-1.50075,47.23718],[-1.50233,47.23765],[-1.50264,47.23887],[-1.50141,47.23955]]]},"properties":{"cdi":0.087,"o_score_pt":801.4,"o_score_car":954.7,"population":97}},{"type":"Feature","id":195,"geometry":{"type":"Polygon","coordinates":[[[-1.55884,47.26518],[-1.55719,47.26469],[-1.55687,47.26342],[-1.55816,47.26271],[-1.55981,47.2632],[-1.56012,47.26447],[-1.55884,47.26518]]]},"properties":{"cdi":0.158,"o_score_pt":614.9,"o_score_car":845.2,"population":113}},{"type":"Feature","id":196,"geometry":{"type":"Polygon","coordinates":[[[-1.56269,47.21852],[-1.56029,47.2178],[-1.55984,47.216],[-1.56179,47.21492],[-1.56419,47.21564],[-1.56464,47.21744],[-1.56269,47.21852]]]},"properties":{"cdi":-0.098,"o_score_pt":1405.3,"o_score_car":1155.3,"population":1915}},{"type":"Feature","id":197,"geometry":{"type":"Polygon","coordinates":[[[-1.51835,47.18286],[-1.5169,47.18242],[-1.51662,47.18129],[-1.51774,47.18067],[-1.51919,47.18111],[-1.51947,47.18224],[-1.51835,47.18286]]]},"properties":{"cdi":0.121,"o_score_pt":662.7,"o_score_car":845,"population":72}},{"type":"Feature","id":198,"geometry":{"type":"Polygon","coordinates":[[[-1.53411,47.26385],[-1.53329,47.2636],[-1.53312,47.26292],[-1.53369,47.26261],[-1.53451,47.26286],[-1.53468,47.26354],[-1.53411,47.26385]]]},"properties":{"cdi":0.072,"o_score_pt":750,"o_score_car":866.1,"population":16}},{"type":"Feature","id":199,"geometry":{"type":"Polygon","coordinates":[[[-1.53537,47.20675],[-1.5333,47.20613],[-1.53291,47.20456],[-1.53457,47.20364],[-1.53663,47.20426],[-1.53702,47.20583],[-1.53537,47.20675]]]},"properties":{"cdi":-0.029,"o_score_pt":1182.6,"o_score_car":1115.4,"population":300}},{"type":"Feature","id":200,"geometry":{"type":"Polygon","coordinates":[[[-1.60926,47.19154],[-1.60816,47.19122],[-1.60794,47.19034],[-1.60874,47.18989],[-1.60984,47.19022],[-1.61006,47.1911],[-1.60926,47.19154]]]},"properties":{"cdi":0.998,"o_score_pt":0.8,"o_score_car":813.3,"population":31}},{"type":"Feature","id":201,"geometry":{"type":"Polygon","coordinates":[[[-1.56523,47.23757],[-1.56292,47.23687],[-1.56248,47.23513],[-1.56436,47.23409],[-1.56667,47.23478],[-1.56711,47.23653],[-1.56523,47.23757]]]},"properties":{"cdi":0.021,"o_score_pt":1113.6,"o_score_car":1161.9,"population":535}},{"type":"Feature","id":202,"geometry":{"type":"Polygon","coordinates":[[[-1.51449,47.23871],[-1.51259,47.23814],[-1.51223,47.23669],[-1.51375,47.23585],[-1.51565,47.23642],[-1.51601,47.23787],[-1.51449,47.23871]]]},"properties":{"cdi":0.062,"o_score_pt":886,"o_score_car":1004,"population":206}},{"type":"Feature","id":203,"geometry":{"type":"Polygon","coordinates":[[[-1.50705,47.25345],[-1.50473,47.25275],[-1.50429,47.251],[-1.50618,47.24995],[-1.5085,47.25065],[-1.50894,47.2524],[-1.50705,47.25345]]]},"properties":{"cdi":0.243,"o_score_pt":535.5,"o_score_car":879.3,"population":546}},{"type":"Feature","id":204,"geometry":{"type":"Polygon","coordinates":[[[-1.56784,47.24789],[-1.56618,47.24739],[-1.56586,47.24611],[-1.56716,47.24539],[-1.56882,47.24589],[-1.56914,47.24717],[-1.56784,47.24789]]]},"properties":{"cdi":0.068,"o_score_pt":908.1,"o_score_car":1039.8,"population":117}},{"type":"Feature","id":205,"geometry":{"type":"Polygon","coordinates":[[[-1.55385,47.22754],[-1.55145,47.22682],[-1.551,47.22502],[-1.55295,47.22394],[-1.55535,47.22466],[-1.5558,47.22646],[-1.55385,47.22754]]]},"properties":{"cdi":-0.049,"o_score_pt":1295,"o_score_car":1174.5,"population":783}},{"type":"Feature","id":206,"geometry":{"type":"Polygon","coordinates":[[[-1.54845,47.20591],[-1.54605,47.20519],[-1.54561,47.20339],[-1.54755,47.20231],[-1.54995,47.20303],[-1.5504,47.20483],[-1.54845,47.20591]]]},"properties":{"cdi":-0.068,"o_score_pt":1307.4,"o_score_car":1141.4,"population":830}},{"type":"Feature","id":207,"geometry":{"type":"Polygon","coordinates":[[[-1.55197,47.24664],[-1.55007,47.24607],[-1.54971,47.24462],[-1.55122,47.24377],[-1.55313,47.24435],[-1.55349,47.2458],[-1.55197,47.24664]]]},"properties":{"cdi":0.007,"o_score_pt":1032.6,"o_score_car":1046.4,"population":206}},{"type":"Feature","id":208,"geometry":{"type":"Polygon","coordinates":[[[-1.56014,47.27034],[-1.55883,47.26994],[-1.55857,47.26892],[-1.55956,47.26837],[-1.56087,47.26876],[-1.56113,47.26979],[-1.56014,47.27034]]]},"properties":{"cdi":1,"o_score_pt":0,"o_score_car":833.2,"population":51}},{"type":"Feature","id":209,"geometry":{"type":"Polygon","coordinates":[[[-1.57438,47.21203],[-1.57199,47.21131],[-1.57153,47.2095],[-1.57348,47.20842],[-1.57588,47.20914],[-1.57633,47.21094],[-1.57438,47.21203]]]},"properties":{"cdi":-0.031,"o_score_pt":1217.3,"o_score_car":1144,"population":855}},{"type":"Feature","id":210,"geometry":{"type":"Polygon","coordinates":[[[-1.50578,47.23934],[-1.50401,47.23881],[-1.50367,47.23745],[-1.50507,47.23667],[-1.50684,47.2372],[-1.50718,47.23856],[-1.50578,47.23934]]]},"properties":{"cdi":0.032,"o_score_pt":874.5,"o_score_car":931.5,"population":153}},{"type":"Feature","id":211,"geometry":{"type":"Polygon","coordinates":[[[-1.57331,47.26983],[-1.57122,47.26921],[-1.57082,47.26763],[-1.5725,47.2667],[-1.57459,47.26733],[-1.57498,47.26891],[-1.57331,47.26983]]]},"properties":{"cdi":0.136,"o_score_pt":673.2,"o_score_car":885,"population":315}},{"type":"Feature","id":212,"geometry":{"type":"Polygon","coordinates":[[[-1.50306,47.22835],[-1.50152,47.22789],[-1.50122,47.2267],[-1.50242,47.22603],[-1.50395,47.2265],[-1.50425,47.22769],[-1.50306,47.22835]]]},"properties":{"cdi":0.993,"o_score_pt":3.2,"o_score_car":929.4,"population":88}},{"type":"Feature","id":213,"geometry":{"type":"Polygon","coordinates":[[[-1.53418,47.19309],[-1.53206,47.19246],[-1.53166,47.19085],[-1.53336,47.1899],[-1.53549,47.19054],[-1.53589,47.19214],[-1.53418,47.19309]]]},"properties":{"cdi":0.039,"o_score_pt":887.2,"o_score_car":959.5,"population":344}},{"type":"Feature","id":214,"geometry":{"type":"Polygon","coordinates":[[[-1.49818,47.26234],[-1.49601,47.26169],[-1.4956,47.26005],[-1.49735,47.25908],[-1.49952,47.25973],[-1.49993,47.26137],[-1.49818,47.26234]]]},"properties":{"cdi":0.276,"o_score_pt":479.1,"o_score_car":844.3,"population":384}},{"type":"Feature","id":215,"geometry":{"type":"Polygon","coordinates":[[[-1.52528,47.27296],[-1.52433,47.27267],[-1.52414,47.2719],[-1.52481,47.27152],[-1.52577,47.27181],[-1.52596,47.27258],[-1.52528,47.27296]]]},"properties":{"cdi":0.14,"o_score_pt":623.5,"o_score_car":826.2,"population":22}},{"type":"Feature","id":216,"geometry":{"type":"Polygon","coordinates":[[[-1.51837,47.26316],[-1.51654,47.26261],[-1.51619,47.26122],[-1.51764,47.26042],[-1.51947,47.26097],[-1.51981,47.26236],[-1.51837,47.26316]]]},"properties":{"cdi":0.067,"o_score_pt":783.3,"o_score_car":894.9,"population":172}},{"type":"Feature","id":217,"geometry":{"type":"Polygon","coordinates":[[[-1.57015,47.20393],[-1.56798,47.20328],[-1.56757,47.20163],[-1.56932,47.20066],[-1.57149,47.20131],[-1.5719,47.20295],[-1.57015,47.20393]]]},"properties":{"cdi":0.046,"o_score_pt":931.7,"o_score_car":1021.1,"population":386}},{"type":"Feature","id":218,"geometry":{"type":"Polygon","coordinates":[[[-1.52649,47.21563],[-1.52461,47.21506],[-1.52425,47.21363],[-1.52575,47.21279],[-1.52763,47.21336],[-1.52799,47.2148],[-1.52649,47.21563]]]},"properties":{"cdi":-0.032,"o_score_pt":1155.9,"o_score_car":1084.7,"population":198}},{"type":"Feature","id":219,"geometry":{"type":"Polygon","coordinates":[[[-1.55905,47.25723],[-1.55696,47.2566],[-1.55656,47.25502],[-1.55824,47.25408],[-1.56034,47.25471],[-1.56074,47.2563],[-1.55905,47.25723]]]},"properties":{"cdi":0.022,"o_score_pt":908.4,"o_score_car":949.8,"population":321}},{"type":"Feature","id":220,"geometry":{"type":"Polygon","coordinates":[[[-1.54621,47.24127],[-1.54474,47.24083],[-1.54445,47.23968],[-1.54559,47.23905],[-1.54707,47.23949],[-1.54735,47.24064],[-1.54621,47.24127]]]},"properties":{"cdi":0.111,"o_score_pt":884.9,"o_score_car":1105.8,"population":76}},{"type":"Feature","id":221,"geometry":{"type":"Polygon","coordinates":[[[-1.5498,47.21132],[-1.5474,47.2106],[-1.54695,47.2088],[-1.5489,47.20771],[-1.5513,47.20843],[-1.55175,47.21024],[-1.5498,47.21132]]]},"properties":{"cdi":-0.082,"o_score_pt":1362.8,"o_score_car":1155.9,"population":1665}},{"type":"Feature","id":222,"geometry":{"type":"Polygon","coordinates":[[[-1.57706,47.22273],[-1.57481,47.22206],[-1.57438,47.22036],[-1.57621,47.21934],[-1.57846,47.22002],[-1.57889,47.22172],[-1.57706,47.22273]]]},"properties":{"cdi":0.006,"o_score_pt":1117.1,"o_score_car":1131.4,"population":465}},{"type":"Feature","id":223,"geometry":{"type":"Polygon","coordinates":[[[-1.49554,47.2427],[-1.49409,47.24226],[-1.49381,47.24113],[-1.49492,47.24051],[-1.49638,47.24095],[-1.49666,47.24208],[-1.49554,47.2427]]]},"properties":{"cdi":0.153,"o_score_pt":683.6,"o_score_car":930.2,"population":72}},{"type":"Feature","id":224,"geometry":{"type":"Polygon","coordinates":[[[-1.52263,47.18216],[-1.52163,47.18186],[-1.52143,47.18105],[-1.52215,47.18065],[-1.52315,47.18095],[-1.52336,47.18176],[-1.52263,47.18216]]]},"properties":{"cdi":0.167,"o_score_pt":634.2,"o_score_car":888.8,"population":25}},{"type":"Feature","id":225,"geometry":{"type":"Polygon","coordinates":[[[-1.52839,47.26774],[-1.52671,47.26724],[-1.52638,47.26594],[-1.52771,47.26521],[-1.52939,47.26571],[-1.52972,47.26701],[-1.52839,47.26774]]]},"properties":{"cdi":0.055,"o_score_pt":791.2,"o_score_car":883.4,"population":124}},{"type":"Feature","id":226,"geometry":{"type":"Polygon","coordinates":[[[-1.52956,47.21018],[-1.52724,47.20949],[-1.52681,47.20774],[-1.52868,47.2067],[-1.531,47.2074],[-1.53143,47.20914],[-1.52956,47.21018]]]},"properties":{"cdi":-0.053,"o_score_pt":1216.5,"o_score_car":1093.3,"population":535}},{"type":"Feature","id":227,"geometry":{"type":"Polygon","coordinates":[[[-1.61371,47.19173],[-1.61189,47.19118],[-1.61154,47.18978],[-1.61298,47.18898],[-1.61481,47.18953],[-1.61516,47.19092],[-1.61371,47.19173]]]},"properties":{"cdi":0.999,"o_score_pt":0.4,"o_score_car":864.9,"population":172}},{"type":"Feature","id":228,"geometry":{"type":"Polygon","coordinates":[[[-1.48677,47.24303],[-1.48584,47.24275],[-1.48565,47.24199],[-1.48631,47.24162],[-1.48724,47.2419],[-1.48743,47.24266],[-1.48677,47.24303]]]},"properties":{"cdi":0.223,"o_score_pt":505.9,"o_score_car":795.9,"population":21}},{"type":"Feature","id":229,"geometry":{"type":"Polygon","coordinates":[[[-1.59612,47.21021],[-1.59372,47.20949],[-1.59327,47.20768],[-1.59522,47.2066],[-1.59762,47.20732],[-1.59807,47.20912],[-1.59612,47.21021]]]},"properties":{"cdi":-0.06,"o_score_pt":1149,"o_score_car":1019.4,"population":912}},{"type":"Feature","id":230,"geometry":{"type":"Polygon","coordinates":[[[-1.5189,47.23865],[-1.51661,47.23796],[-1.51618,47.23623],[-1.51803,47.2352],[-1.52033,47.23589],[-1.52076,47.23762],[-1.5189,47.23865]]]},"properties":{"cdi":0.008,"o_score_pt":1028.1,"o_score_car":1044.3,"population":508}},{"type":"Feature","id":231,"geometry":{"type":"Polygon","coordinates":[[[-1.50119,47.25663],[-1.49894,47.25596],[-1.49852,47.25426],[-1.50034,47.25325],[-1.50259,47.25393],[-1.50301,47.25562],[-1.50119,47.25663]]]},"properties":{"cdi":0.166,"o_score_pt":617.5,"o_score_car":862.9,"population":460}},{"type":"Feature","id":232,"geometry":{"type":"Polygon","coordinates":[[[-1.56199,47.25117],[-1.56028,47.25066],[-1.55996,47.24935],[-1.5613,47.2486],[-1.56301,47.24912],[-1.56334,47.25043],[-1.56199,47.25117]]]},"properties":{"cdi":0.107,"o_score_pt":781.6,"o_score_car":968.5,"population":131}},{"type":"Feature","id":233,"geometry":{"type":"Polygon","coordinates":[[[-1.5582,47.22718],[-1.5558,47.22646],[-1.55535,47.22466],[-1.5573,47.22357],[-1.55969,47.22429],[-1.56014,47.2261],[-1.5582,47.22718]]]},"properties":{"cdi":-0.042,"o_score_pt":1303.2,"o_score_car":1198.1,"population":894}},{"type":"Feature","id":234,"geometry":{"type":"Polygon","coordinates":[[[-1.62672,47.19045],[-1.62513,47.18997],[-1.62483,47.18875],[-1.62606,47.18806],[-1.62764,47.18854],[-1.62795,47.18976],[-1.62672,47.19045]]]},"properties":{"cdi":0.999,"o_score_pt":0.3,"o_score_car":690.6,"population":98}},{"type":"Feature","id":235,"geometry":{"type":"Polygon","coordinates":[[[-1.54044,47.24491],[-1.53845,47.24431],[-1.53807,47.24279],[-1.53966,47.24191],[-1.54166,47.24251],[-1.54204,47.24402],[-1.54044,47.24491]]]},"properties":{"cdi":0.08,"o_score_pt":895.5,"o_score_car":1051.7,"population":254}},{"type":"Feature","id":236,"geometry":{"type":"Polygon","coordinates":[[[-1.57873,47.21166],[-1.57633,47.21094],[-1.57588,47.20914],[-1.57783,47.20806],[-1.58023,47.20878],[-1.58068,47.21058],[-1.57873,47.21166]]]},"properties":{"cdi":-0.02,"o_score_pt":1171.6,"o_score_car":1126.5,"population":826}},{"type":"Feature","id":237,"geometry":{"type":"Polygon","coordinates":[[[-1.51013,47.23897],[-1.50837,47.23844],[-1.50803,47.23709],[-1.50942,47.23632],[-1.51118,47.23685],[-1.51151,47.2382],[-1.51013,47.23897]]]},"properties":{"cdi":0.019,"o_score_pt":898.1,"o_score_car":932.1,"population":147}},{"type":"Feature","id":238,"geometry":{"type":"Polygon","coordinates":[[[-1.57764,47.26936],[-1.5757,47.26878],[-1.57533,47.26731],[-1.57687,47.26645],[-1.57881,47.26703],[-1.57918,47.2685],[-1.57764,47.26936]]]},"properties":{"cdi":0.16,"o_score_pt":650.6,"o_score_car":898.6,"population":223}},{"type":"Feature","id":239,"geometry":{"type":"Polygon","coordinates":[[[-1.52217,47.28724],[-1.52092,47.28686],[-1.52067,47.28587],[-1.52161,47.28535],[-1.52287,47.28573],[-1.52311,47.28672],[-1.52217,47.28724]]]},"properties":{"cdi":0.217,"o_score_pt":480.2,"o_score_car":746.9,"population":45}},{"type":"Feature","id":240,"geometry":{"type":"Polygon","coordinates":[[[-1.5088,47.23364],[-1.50694,47.23308],[-1.50658,47.23166],[-1.50806,47.23084],[-1.50992,47.2314],[-1.51027,47.23282],[-1.5088,47.23364]]]},"properties":{"cdi":0.014,"o_score_pt":981.7,"o_score_car":1010.3,"population":187}},{"type":"Feature","id":241,"geometry":{"type":"Polygon","coordinates":[[[-1.52941,47.27193],[-1.52941,47.27193],[-1.52939,47.27183],[-1.52939,47.27183],[-1.52941,47.27193]]]},"properties":{"cdi":0.37,"o_score_pt":385.4,"o_score_car":838.8,"population":0}},{"type":"Feature","id":242,"geometry":{"type":"Polygon","coordinates":[[[-1.53085,47.21534],[-1.52887,47.21475],[-1.52849,47.21324],[-1.53008,47.21236],[-1.53206,47.21295],[-1.53244,47.21446],[-1.53085,47.21534]]]},"properties":{"cdi":-0.051,"o_score_pt":1243.4,"o_score_car":1122.6,"population":249}},{"type":"Feature","id":243,"geometry":{"type":"Polygon","coordinates":[[[-1.56339,47.25683],[-1.56135,47.25621],[-1.56097,47.25467],[-1.5626,47.25376],[-1.56464,47.25437],[-1.56503,47.25592],[-1.56339,47.25683]]]},"properties":{"cdi":0.036,"o_score_pt":878.5,"o_score_car":944.2,"population":282}},{"type":"Feature","id":244,"geometry":{"type":"Polygon","coordinates":[[[-1.58727,47.21915],[-1.58497,47.21846],[-1.58453,47.21673],[-1.58639,47.2157],[-1.5887,47.21639],[-1.58913,47.21812],[-1.58727,47.21915]]]},"properties":{"cdi":0.026,"o_score_pt":1063.6,"o_score_car":1121.3,"population":517}},{"type":"Feature","id":245,"geometry":{"type":"Polygon","coordinates":[[[-1.52862,47.25985],[-1.52641,47.25918],[-1.52599,47.25751],[-1.52778,47.25652],[-1.52999,47.25719],[-1.53041,47.25886],[-1.52862,47.25985]]]},"properties":{"cdi":0.022,"o_score_pt":941.5,"o_score_car":983.4,"population":422}},{"type":"Feature","id":246,"geometry":{"type":"Polygon","coordinates":[[[-1.54396,47.21457],[-1.54156,47.21385],[-1.54111,47.21204],[-1.54306,47.21096],[-1.54545,47.21168],[-1.5459,47.21348],[-1.54396,47.21457]]]},"properties":{"cdi":-0.08,"o_score_pt":1360,"o_score_car":1157.4,"population":1883}},{"type":"Feature","id":247,"geometry":{"type":"Polygon","coordinates":[[[-1.5712,47.2259],[-1.56906,47.22526],[-1.56865,47.22363],[-1.57038,47.22268],[-1.57252,47.22332],[-1.57293,47.22494],[-1.5712,47.2259]]]},"properties":{"cdi":-0.012,"o_score_pt":1172.2,"o_score_car":1143.9,"population":359}},{"type":"Feature","id":248,"geometry":{"type":"Polygon","coordinates":[[[-1.61805,47.19133],[-1.61627,47.1908],[-1.61592,47.18943],[-1.61733,47.18864],[-1.61912,47.18918],[-1.61946,47.19055],[-1.61805,47.19133]]]},"properties":{"cdi":0.999,"o_score_pt":0.4,"o_score_car":749.4,"population":157}},{"type":"Feature","id":249,"geometry":{"type":"Polygon","coordinates":[[[-1.49988,47.24231],[-1.49847,47.24189],[-1.49819,47.24078],[-1.49928,47.24018],[-1.50069,47.24061],[-1.50096,47.24171],[-1.49988,47.24231]]]},"properties":{"cdi":0.058,"o_score_pt":818.4,"o_score_car":920.1,"population":66}},{"type":"Feature","id":250,"geometry":{"type":"Polygon","coordinates":[[[-1.5297,47.20187],[-1.52742,47.20118],[-1.527,47.19946],[-1.52884,47.19844],[-1.53112,47.19912],[-1.53155,47.20084],[-1.5297,47.20187]]]},"properties":{"cdi":0.006,"o_score_pt":970.8,"o_score_car":983.2,"population":495}},{"type":"Feature","id":251,"geometry":{"type":"Polygon","coordinates":[[[-1.60783,47.19478],[-1.60627,47.19431],[-1.60597,47.19311],[-1.60718,47.19243],[-1.60874,47.1929],[-1.60904,47.1941],[-1.60783,47.19478]]]},"properties":{"cdi":0.022,"o_score_pt":902.2,"o_score_car":942,"population":92}},{"type":"Feature","id":252,"geometry":{"type":"Polygon","coordinates":[[[-1.56254,47.22681],[-1.56015,47.22609],[-1.55971,47.2243],[-1.56165,47.22322],[-1.56403,47.22394],[-1.56448,47.22573],[-1.56254,47.22681]]]},"properties":{"cdi":-0.031,"o_score_pt":1262.5,"o_score_car":1187,"population":632}},{"type":"Feature","id":253,"geometry":{"type":"Polygon","coordinates":[[[-1.49122,47.2432],[-1.48958,47.24271],[-1.48926,47.24144],[-1.49055,47.24073],[-1.49219,47.24122],[-1.49251,47.24249],[-1.49122,47.2432]]]},"properties":{"cdi":0.215,"o_score_pt":583.6,"o_score_car":903.3,"population":113}},{"type":"Feature","id":254,"geometry":{"type":"Polygon","coordinates":[[[-1.60047,47.20984],[-1.59807,47.20912],[-1.59762,47.20732],[-1.59957,47.20624],[-1.60197,47.20695],[-1.60242,47.20876],[-1.60047,47.20984]]]},"properties":{"cdi":-0.069,"o_score_pt":1094.2,"o_score_car":953.4,"population":812}},{"type":"Feature","id":255,"geometry":{"type":"Polygon","coordinates":[[[-1.51176,47.22767],[-1.51016,47.22719],[-1.50985,47.22596],[-1.5111,47.22527],[-1.5127,47.22575],[-1.51301,47.22698],[-1.51176,47.22767]]]},"properties":{"cdi":0.037,"o_score_pt":959.5,"o_score_car":1033.9,"population":102}},{"type":"Feature","id":256,"geometry":{"type":"Polygon","coordinates":[[[-1.5109,47.2778],[-1.50878,47.27716],[-1.50838,47.27556],[-1.51009,47.27461],[-1.51221,47.27525],[-1.51261,47.27685],[-1.5109,47.2778]]]},"properties":{"cdi":0.067,"o_score_pt":712,"o_score_car":813.6,"population":342}},{"type":"Feature","id":257,"geometry":{"type":"Polygon","coordinates":[[[-1.55234,47.23039],[-1.54999,47.22968],[-1.54955,47.22792],[-1.55146,47.22686],[-1.55381,47.22756],[-1.55425,47.22933],[-1.55234,47.23039]]]},"properties":{"cdi":-0.036,"o_score_pt":1215.1,"o_score_car":1130.5,"population":580}},{"type":"Feature","id":258,"geometry":{"type":"Polygon","coordinates":[[[-1.59916,47.19562],[-1.59745,47.19511],[-1.59712,47.1938],[-1.59846,47.19305],[-1.60017,47.19356],[-1.6005,47.19487],[-1.59916,47.19562]]]},"properties":{"cdi":0.05,"o_score_pt":838,"o_score_car":927.1,"population":130}},{"type":"Feature","id":259,"geometry":{"type":"Polygon","coordinates":[[[-1.56569,47.21275],[-1.56329,47.21203],[-1.56284,47.21023],[-1.56479,47.20915],[-1.56719,47.20987],[-1.56764,47.21167],[-1.56569,47.21275]]]},"properties":{"cdi":-0.055,"o_score_pt":1308,"o_score_car":1171.8,"population":1491}},{"type":"Feature","id":260,"geometry":{"type":"Polygon","coordinates":[[[-1.54466,47.2439],[-1.54353,47.24356],[-1.5433,47.24266],[-1.54414,47.24219],[-1.54528,47.24253],[-1.5455,47.24343],[-1.54466,47.2439]]]},"properties":{"cdi":0.084,"o_score_pt":858.2,"o_score_car":1016.4,"population":34}},{"type":"Feature","id":261,"geometry":{"type":"Polygon","coordinates":[[[-1.59161,47.21875],[-1.58935,47.21808],[-1.58893,47.21638],[-1.59075,47.21537],[-1.593,47.21604],[-1.59343,47.21774],[-1.59161,47.21875]]]},"properties":{"cdi":0.035,"o_score_pt":1017.6,"o_score_car":1092,"population":463}},{"type":"Feature","id":262,"geometry":{"type":"Polygon","coordinates":[[[-1.57139,47.2178],[-1.56899,47.21708],[-1.56854,47.21527],[-1.57049,47.21419],[-1.57289,47.21491],[-1.57334,47.21671],[-1.57139,47.2178]]]},"properties":{"cdi":-0.046,"o_score_pt":1248.6,"o_score_car":1139.8,"population":810}},{"type":"Feature","id":263,"geometry":{"type":"Polygon","coordinates":[[[-1.50425,47.24209],[-1.50266,47.24161],[-1.50235,47.24038],[-1.5036,47.23969],[-1.50519,47.24017],[-1.5055,47.2414],[-1.50425,47.24209]]]},"properties":{"cdi":0.078,"o_score_pt":815.9,"o_score_car":954.8,"population":101}},{"type":"Feature","id":264,"geometry":{"type":"Polygon","coordinates":[[[-1.53272,47.19616],[-1.53035,47.19545],[-1.5299,47.19367],[-1.53183,47.1926],[-1.5342,47.19331],[-1.53464,47.19509],[-1.53272,47.19616]]]},"properties":{"cdi":0.018,"o_score_pt":981.3,"o_score_car":1016.9,"population":609}},{"type":"Feature","id":265,"geometry":{"type":"Polygon","coordinates":[[[-1.60496,47.20118],[-1.60256,47.20046],[-1.60211,47.19866],[-1.60406,47.19758],[-1.60646,47.1983],[-1.60691,47.2001],[-1.60496,47.20118]]]},"properties":{"cdi":-0.009,"o_score_pt":962,"o_score_car":945.6,"population":759}},{"type":"Feature","id":266,"geometry":{"type":"Polygon","coordinates":[[[-1.5363,47.23723],[-1.53396,47.23653],[-1.53352,47.23477],[-1.53542,47.23372],[-1.53775,47.23442],[-1.53819,47.23618],[-1.5363,47.23723]]]},"properties":{"cdi":0.027,"o_score_pt":1095.6,"o_score_car":1157.1,"population":562}},{"type":"Feature","id":267,"geometry":{"type":"Polygon","coordinates":[[[-1.52625,47.28598],[-1.52625,47.28598],[-1.52623,47.28589],[-1.52623,47.28589],[-1.52625,47.28598]]]},"properties":{"cdi":0.155,"o_score_pt":478.5,"o_score_car":653.7,"population":0}},{"type":"Feature","id":268,"geometry":{"type":"Polygon","coordinates":[[[-1.52376,47.27576],[-1.52292,47.27551],[-1.52274,47.27481],[-1.52333,47.27449],[-1.52418,47.27474],[-1.52435,47.27544],[-1.52376,47.27576]]]},"properties":{"cdi":0.204,"o_score_pt":516.7,"o_score_car":782.2,"population":17}},{"type":"Feature","id":269,"geometry":{"type":"Polygon","coordinates":[[[-1.52496,47.21833],[-1.52332,47.21784],[-1.52301,47.21657],[-1.52429,47.21586],[-1.52592,47.21636],[-1.52624,47.21762],[-1.52496,47.21833]]]},"properties":{"cdi":-0.043,"o_score_pt":1160.7,"o_score_car":1064.6,"population":111}},{"type":"Feature","id":270,"geometry":{"type":"Polygon","coordinates":[[[-1.55755,47.26009],[-1.55549,47.25947],[-1.5551,47.25791],[-1.55675,47.25699],[-1.55881,47.25761],[-1.5592,47.25917],[-1.55755,47.26009]]]},"properties":{"cdi":0.04,"o_score_pt":915.3,"o_score_car":991.4,"population":296}},{"type":"Feature","id":271,"geometry":{"type":"Polygon","coordinates":[[[-1.5483,47.2142],[-1.5459,47.21348],[-1.54545,47.21168],[-1.5474,47.2106],[-1.5498,47.21132],[-1.55025,47.21312],[-1.5483,47.2142]]]},"properties":{"cdi":-0.087,"o_score_pt":1369.2,"o_score_car":1149.2,"population":1700}},{"type":"Feature","id":272,"geometry":{"type":"Polygon","coordinates":[[[-1.60767,47.212],[-1.60527,47.21128],[-1.60482,47.20948],[-1.60677,47.20839],[-1.60917,47.20911],[-1.60962,47.21091],[-1.60767,47.212]]]},"properties":{"cdi":0.01,"o_score_pt":930.6,"o_score_car":950.2,"population":814}},{"type":"Feature","id":273,"geometry":{"type":"Polygon","coordinates":[[[-1.56063,47.24569],[-1.55903,47.24521],[-1.55872,47.24397],[-1.55997,47.24328],[-1.56157,47.24376],[-1.56188,47.24499],[-1.56063,47.24569]]]},"properties":{"cdi":0.055,"o_score_pt":970.6,"o_score_car":1084.1,"population":102}},{"type":"Feature","id":274,"geometry":{"type":"Polygon","coordinates":[[[-1.57558,47.22567],[-1.57325,47.22497],[-1.57281,47.22322],[-1.5747,47.22218],[-1.57703,47.22287],[-1.57746,47.22462],[-1.57558,47.22567]]]},"properties":{"cdi":-0.002,"o_score_pt":1140.5,"o_score_car":1136.5,"population":550}},{"type":"Feature","id":275,"geometry":{"type":"Polygon","coordinates":[[[-1.62239,47.1909],[-1.62069,47.19039],[-1.62037,47.18909],[-1.6217,47.18835],[-1.62339,47.18885],[-1.62372,47.19016],[-1.62239,47.1909]]]},"properties":{"cdi":0.998,"o_score_pt":0.6,"o_score_car":729.7,"population":127}},{"type":"Feature","id":276,"geometry":{"type":"Polygon","coordinates":[[[-1.49286,47.23195],[-1.49133,47.23149],[-1.49103,47.2303],[-1.49222,47.22964],[-1.49376,47.2301],[-1.49406,47.23129],[-1.49286,47.23195]]]},"properties":{"cdi":0.999,"o_score_pt":0.6,"o_score_car":865.9,"population":88}},{"type":"Feature","id":277,"geometry":{"type":"Polygon","coordinates":[[[-1.53399,47.2012],[-1.53212,47.20063],[-1.53176,47.19921],[-1.53325,47.19838],[-1.53512,47.19894],[-1.53548,47.20037],[-1.53399,47.2012]]]},"properties":{"cdi":-0.043,"o_score_pt":1174,"o_score_car":1077.6,"population":192}},{"type":"Feature","id":278,"geometry":{"type":"Polygon","coordinates":[[[-1.51521,47.27723],[-1.51337,47.27668],[-1.51302,47.27527],[-1.51448,47.27446],[-1.51632,47.27501],[-1.51667,47.27642],[-1.51521,47.27723]]]},"properties":{"cdi":0.069,"o_score_pt":712,"o_score_car":818.1,"population":179}},{"type":"Feature","id":279,"geometry":{"type":"Polygon","coordinates":[[[-1.61497,47.20566],[-1.61283,47.20502],[-1.61243,47.20341],[-1.61415,47.20245],[-1.61628,47.20309],[-1.61669,47.20471],[-1.61497,47.20566]]]},"properties":{"cdi":0.049,"o_score_pt":855.5,"o_score_car":943.4,"population":353}},{"type":"Feature","id":280,"geometry":{"type":"Polygon","coordinates":[[[-1.51628,47.21913],[-1.51454,47.2186],[-1.51421,47.21727],[-1.51558,47.21651],[-1.51732,47.21703],[-1.51765,47.21837],[-1.51628,47.21913]]]},"properties":{"cdi":-0.033,"o_score_pt":1140.8,"o_score_car":1066.8,"population":141}},{"type":"Feature","id":281,"geometry":{"type":"Polygon","coordinates":[[[-1.54365,47.23115],[-1.54125,47.23043],[-1.54081,47.22863],[-1.54275,47.22755],[-1.54515,47.22827],[-1.5456,47.23007],[-1.54365,47.23115]]]},"properties":{"cdi":-0.016,"o_score_pt":1191.6,"o_score_car":1154.1,"population":652}},{"type":"Feature","id":282,"geometry":{"type":"Polygon","coordinates":[[[-1.53195,47.29103],[-1.53195,47.29103],[-1.53193,47.29093],[-1.53193,47.29093],[-1.53195,47.29103]]]},"properties":{"cdi":0.457,"o_score_pt":277.4,"o_score_car":744.1,"population":0}},{"type":"Feature","id":283,"geometry":{"type":"Polygon","coordinates":[[[-1.61224,47.19475],[-1.61024,47.19415],[-1.60986,47.19262],[-1.61146,47.19173],[-1.61346,47.19233],[-1.61385,47.19386],[-1.61224,47.19475]]]},"properties":{"cdi":0.643,"o_score_pt":190.9,"o_score_car":878.3,"population":261}},{"type":"Feature","id":284,"geometry":{"type":"Polygon","coordinates":[[[-1.56683,47.22615],[-1.56483,47.22555],[-1.56446,47.22404],[-1.56605,47.22315],[-1.56805,47.22375],[-1.56843,47.22527],[-1.56683,47.22615]]]},"properties":{"cdi":-0.059,"o_score_pt":1276.1,"o_score_car":1133.9,"population":256}},{"type":"Feature","id":285,"geometry":{"type":"Polygon","coordinates":[[[-1.49984,47.25118],[-1.49765,47.25052],[-1.49724,47.24887],[-1.499,47.24789],[-1.50119,47.24855],[-1.5016,47.2502],[-1.49984,47.25118]]]},"properties":{"cdi":0.178,"o_score_pt":659.4,"o_score_car":944.5,"population":396}},{"type":"Feature","id":286,"geometry":{"type":"Polygon","coordinates":[[[-1.53594,47.25356],[-1.53395,47.25296],[-1.53357,47.25144],[-1.53516,47.25056],[-1.53716,47.25116],[-1.53753,47.25267],[-1.53594,47.25356]]]},"properties":{"cdi":0.055,"o_score_pt":866,"o_score_car":966,"population":253}},{"type":"Feature","id":287,"geometry":{"type":"Polygon","coordinates":[[[-1.59462,47.21308],[-1.59223,47.21237],[-1.59179,47.21057],[-1.59372,47.2095],[-1.59611,47.21021],[-1.59656,47.21201],[-1.59462,47.21308]]]},"properties":{"cdi":0.004,"o_score_pt":1032.4,"o_score_car":1041.4,"population":632}},{"type":"Feature","id":288,"geometry":{"type":"Polygon","coordinates":[[[-1.51619,47.22774],[-1.51402,47.22709],[-1.51361,47.22545],[-1.51536,47.22448],[-1.51753,47.22513],[-1.51794,47.22677],[-1.51619,47.22774]]]},"properties":{"cdi":0.009,"o_score_pt":1019.1,"o_score_car":1037.5,"population":384}},{"type":"Feature","id":289,"geometry":{"type":"Polygon","coordinates":[[[-1.49838,47.2452],[-1.49695,47.24478],[-1.49668,47.24366],[-1.49777,47.24306],[-1.4992,47.24348],[-1.49948,47.2446],[-1.49838,47.2452]]]},"properties":{"cdi":0.08,"o_score_pt":782.4,"o_score_car":918.6,"population":68}},{"type":"Feature","id":290,"geometry":{"type":"Polygon","coordinates":[[[-1.55936,47.24071],[-1.55718,47.24006],[-1.55677,47.23841],[-1.55853,47.23744],[-1.56071,47.23809],[-1.56112,47.23974],[-1.55936,47.24071]]]},"properties":{"cdi":0.006,"o_score_pt":1042.9,"o_score_car":1054.7,"population":392}},{"type":"Feature","id":291,"geometry":{"type":"Polygon","coordinates":[[[-1.5567,47.23006],[-1.5543,47.22934],[-1.55385,47.22754],[-1.5558,47.22646],[-1.5582,47.22718],[-1.55865,47.22898],[-1.5567,47.23006]]]},"properties":{"cdi":-0.06,"o_score_pt":1240.8,"o_score_car":1100.5,"population":726}},{"type":"Feature","id":292,"geometry":{"type":"Polygon","coordinates":[[[-1.60349,47.19518],[-1.60188,47.1947],[-1.60157,47.19346],[-1.60282,47.19276],[-1.60443,47.19324],[-1.60474,47.19448],[-1.60349,47.19518]]]},"properties":{"cdi":0.017,"o_score_pt":910.5,"o_score_car":942.5,"population":103}},{"type":"Feature","id":293,"geometry":{"type":"Polygon","coordinates":[[[-1.57004,47.21239],[-1.56764,47.21167],[-1.56719,47.20987],[-1.56914,47.20878],[-1.57153,47.2095],[-1.57199,47.21131],[-1.57004,47.21239]]]},"properties":{"cdi":-0.06,"o_score_pt":1283.8,"o_score_car":1138.5,"population":1135}},{"type":"Feature","id":294,"geometry":{"type":"Polygon","coordinates":[[[-1.53893,47.24773],[-1.53702,47.24715],[-1.53666,47.2457],[-1.53818,47.24486],[-1.54009,47.24543],[-1.54045,47.24688],[-1.53893,47.24773]]]},"properties":{"cdi":0.096,"o_score_pt":837.9,"o_score_car":1015.8,"population":209}},{"type":"Feature","id":295,"geometry":{"type":"Polygon","coordinates":[[[-1.59596,47.21841],[-1.59368,47.21773],[-1.59325,47.21601],[-1.59509,47.21498],[-1.59738,47.21567],[-1.59781,47.21739],[-1.59596,47.21841]]]},"properties":{"cdi":0.062,"o_score_pt":938.8,"o_score_car":1062.7,"population":495}},{"type":"Feature","id":296,"geometry":{"type":"Polygon","coordinates":[[[-1.51922,47.29326],[-1.51762,47.29278],[-1.51731,47.29155],[-1.51856,47.29086],[-1.52016,47.29134],[-1.52046,47.29257],[-1.51922,47.29326]]]},"properties":{"cdi":0.328,"o_score_pt":355.7,"o_score_car":703.1,"population":101}},{"type":"Feature","id":297,"geometry":{"type":"Polygon","coordinates":[[[-1.52072,47.2904],[-1.5191,47.28991],[-1.51878,47.28866],[-1.52006,47.28795],[-1.52168,47.28844],[-1.52199,47.2897],[-1.52072,47.2904]]]},"properties":{"cdi":0.335,"o_score_pt":355.1,"o_score_car":713.5,"population":108}},{"type":"Feature","id":298,"geometry":{"type":"Polygon","coordinates":[[[-1.52791,47.27481],[-1.52791,47.27481],[-1.52788,47.27472],[-1.52788,47.27472],[-1.52791,47.27481]]]},"properties":{"cdi":0.345,"o_score_pt":385.1,"o_score_car":790.8,"population":0}},{"type":"Feature","id":299,"geometry":{"type":"Polygon","coordinates":[[[-1.49271,47.22255],[-1.49271,47.22255],[-1.49269,47.22246],[-1.49269,47.22246],[-1.49271,47.22255]]]},"properties":{"cdi":1,"o_score_pt":0,"o_score_car":890,"population":2}},{"type":"Feature","id":300,"geometry":{"type":"Polygon","coordinates":[[[-1.52936,47.21827],[-1.52732,47.21766],[-1.52694,47.21611],[-1.52857,47.2152],[-1.53061,47.21581],[-1.531,47.21736],[-1.52936,47.21827]]]},"properties":{"cdi":-0.032,"o_score_pt":1194.5,"o_score_car":1120.3,"population":283}},{"type":"Feature","id":301,"geometry":{"type":"Polygon","coordinates":[[[-1.56191,47.25979],[-1.55977,47.25915],[-1.55936,47.25753],[-1.56109,47.25657],[-1.56323,47.25721],[-1.56364,47.25883],[-1.56191,47.25979]]]},"properties":{"cdi":0.071,"o_score_pt":814.6,"o_score_car":939,"population":360}},{"type":"Feature","id":302,"geometry":{"type":"Polygon","coordinates":[[[-1.51547,47.18921],[-1.51325,47.18854],[-1.51283,47.18686],[-1.51463,47.18587],[-1.51685,47.18653],[-1.51726,47.18821],[-1.51547,47.18921]]]},"properties":{"cdi":0.081,"o_score_pt":753.5,"o_score_car":886.5,"population":431}},{"type":"Feature","id":303,"geometry":{"type":"Polygon","coordinates":[[[-1.56119,47.22141],[-1.55879,47.22069],[-1.55835,47.21889],[-1.56029,47.2178],[-1.56269,47.21852],[-1.56314,47.22033],[-1.56119,47.22141]]]},"properties":{"cdi":-0.072,"o_score_pt":1381.6,"o_score_car":1196.8,"population":1462}},{"type":"Feature","id":304,"geometry":{"type":"Polygon","coordinates":[[[-1.58846,47.23277],[-1.58626,47.23212],[-1.58585,47.23046],[-1.58762,47.22948],[-1.58981,47.23014],[-1.59022,47.23179],[-1.58846,47.23277]]]},"properties":{"cdi":0.076,"o_score_pt":893.1,"o_score_car":1040.1,"population":402}},{"type":"Feature","id":305,"geometry":{"type":"Polygon","coordinates":[[[-1.61657,47.19429],[-1.61469,47.19373],[-1.61433,47.19229],[-1.61582,47.19146],[-1.61771,47.19202],[-1.61807,47.19346],[-1.61657,47.19429]]]},"properties":{"cdi":0.994,"o_score_pt":2.4,"o_score_car":754.1,"population":198}},{"type":"Feature","id":306,"geometry":{"type":"Polygon","coordinates":[[[-1.50741,47.22803],[-1.50582,47.22755],[-1.50551,47.22632],[-1.50675,47.22563],[-1.50835,47.22611],[-1.50865,47.22734],[-1.50741,47.22803]]]},"properties":{"cdi":0.211,"o_score_pt":616.5,"o_score_car":945.4,"population":100}},{"type":"Feature","id":307,"geometry":{"type":"Polygon","coordinates":[[[-1.49721,47.23159],[-1.49567,47.23113],[-1.49538,47.22994],[-1.49657,47.22928],[-1.49811,47.22974],[-1.4984,47.23093],[-1.49721,47.23159]]]},"properties":{"cdi":0.216,"o_score_pt":583.1,"o_score_car":904.6,"population":88}},{"type":"Feature","id":308,"geometry":{"type":"Polygon","coordinates":[[[-1.51947,47.27639],[-1.51826,47.27603],[-1.51803,47.27508],[-1.51893,47.27458],[-1.52013,47.27494],[-1.52037,47.27589],[-1.51947,47.27639]]]},"properties":{"cdi":0.123,"o_score_pt":621,"o_score_car":795.8,"population":40}},{"type":"Feature","id":309,"geometry":{"type":"Polygon","coordinates":[[[-1.52063,47.21877],[-1.51888,47.21825],[-1.51855,47.21691],[-1.51992,47.21614],[-1.52167,47.21667],[-1.522,47.21801],[-1.52063,47.21877]]]},"properties":{"cdi":-0.029,"o_score_pt":1115.2,"o_score_car":1052.1,"population":143}},{"type":"Feature","id":310,"geometry":{"type":"Polygon","coordinates":[[[-1.59477,47.2048],[-1.59237,47.20408],[-1.59192,47.20228],[-1.59387,47.20119],[-1.59627,47.20191],[-1.59672,47.20371],[-1.59477,47.2048]]]},"properties":{"cdi":0.028,"o_score_pt":952.4,"o_score_car":1006.5,"population":808}},{"type":"Feature","id":311,"geometry":{"type":"Polygon","coordinates":[[[-1.53744,47.25065],[-1.53547,47.25006],[-1.5351,47.24857],[-1.53667,47.2477],[-1.53863,47.24829],[-1.53901,47.24978],[-1.53744,47.25065]]]},"properties":{"cdi":0.069,"o_score_pt":878.1,"o_score_car":1009.1,"population":238}},{"type":"Feature","id":312,"geometry":{"type":"Polygon","coordinates":[[[-1.548,47.23077],[-1.54563,47.23005],[-1.54518,47.22827],[-1.54711,47.2272],[-1.54948,47.22792],[-1.54992,47.2297],[-1.548,47.23077]]]},"properties":{"cdi":-0.006,"o_score_pt":1147.8,"o_score_car":1135,"population":608}},{"type":"Feature","id":313,"geometry":{"type":"Polygon","coordinates":[[[-1.56104,47.2297],[-1.55865,47.22898],[-1.5582,47.22718],[-1.56014,47.2261],[-1.56254,47.22682],[-1.56299,47.22862],[-1.56104,47.2297]]]},"properties":{"cdi":-0.018,"o_score_pt":1241.9,"o_score_car":1198.7,"population":794}},{"type":"Feature","id":314,"geometry":{"type":"Polygon","coordinates":[[[-1.54023,47.25291],[-1.53862,47.25243],[-1.53831,47.25118],[-1.53957,47.25048],[-1.54118,47.25097],[-1.54149,47.25221],[-1.54023,47.25291]]]},"properties":{"cdi":0.123,"o_score_pt":732.3,"o_score_car":937.1,"population":105}},{"type":"Feature","id":315,"geometry":{"type":"Polygon","coordinates":[[[-1.51024,47.23046],[-1.50877,47.23002],[-1.50849,47.22888],[-1.50962,47.22825],[-1.51109,47.22869],[-1.51137,47.22983],[-1.51024,47.23046]]]},"properties":{"cdi":0.034,"o_score_pt":968.2,"o_score_car":1035.7,"population":75}},{"type":"Feature","id":316,"geometry":{"type":"Polygon","coordinates":[[[-1.51185,47.29027],[-1.51136,47.29012],[-1.51125,47.28967],[-1.51152,47.28952],[-1.51202,47.28967],[-1.51213,47.29012],[-1.51185,47.29027]]]},"properties":{"cdi":0.355,"o_score_pt":354.1,"o_score_car":744,"population":7}},{"type":"Feature","id":317,"geometry":{"type":"Polygon","coordinates":[[[-1.50939,47.28061],[-1.50736,47.28],[-1.50697,47.27846],[-1.5086,47.27756],[-1.51063,47.27817],[-1.51102,47.27971],[-1.50939,47.28061]]]},"properties":{"cdi":0.197,"o_score_pt":551.4,"o_score_car":822.3,"population":277}},{"type":"Feature","id":318,"geometry":{"type":"Polygon","coordinates":[[[-1.56824,47.23186],[-1.56584,47.23114],[-1.56539,47.22934],[-1.56734,47.22826],[-1.56974,47.22897],[-1.57019,47.23078],[-1.56824,47.23186]]]},"properties":{"cdi":-0.023,"o_score_pt":1192.8,"o_score_car":1139.6,"population":693}},{"type":"Feature","id":319,"geometry":{"type":"Polygon","coordinates":[[[-1.50277,47.24506],[-1.50105,47.24455],[-1.50073,47.24323],[-1.50208,47.24248],[-1.50379,47.24299],[-1.50412,47.24431],[-1.50277,47.24506]]]},"properties":{"cdi":0.064,"o_score_pt":811.1,"o_score_car":922,"population":134}},{"type":"Feature","id":320,"geometry":{"type":"Polygon","coordinates":[[[-1.56372,47.24037],[-1.56151,47.23971],[-1.56109,47.23804],[-1.56287,47.23705],[-1.56508,47.23772],[-1.5655,47.23938],[-1.56372,47.24037]]]},"properties":{"cdi":0.059,"o_score_pt":1008.8,"o_score_car":1135.9,"population":415}},{"type":"Feature","id":321,"geometry":{"type":"Polygon","coordinates":[[[-1.53914,47.23971],[-1.53686,47.23903],[-1.53643,47.23731],[-1.53827,47.23629],[-1.54055,47.23697],[-1.54098,47.23869],[-1.53914,47.23971]]]},"properties":{"cdi":0.009,"o_score_pt":1112.9,"o_score_car":1132.1,"population":491}},{"type":"Feature","id":322,"geometry":{"type":"Polygon","coordinates":[[[-1.59774,47.19891],[-1.5955,47.19823],[-1.59508,47.19654],[-1.59689,47.19554],[-1.59913,47.19621],[-1.59955,47.1979],[-1.59774,47.19891]]]},"properties":{"cdi":0.004,"o_score_pt":976.4,"o_score_car":983.8,"population":449}},{"type":"Feature","id":323,"geometry":{"type":"Polygon","coordinates":[[[-1.56419,47.21564],[-1.56179,47.21492],[-1.56134,47.21312],[-1.56329,47.21203],[-1.56569,47.21275],[-1.56614,47.21456],[-1.56419,47.21564]]]},"properties":{"cdi":-0.094,"o_score_pt":1386.1,"o_score_car":1147.3,"population":1778}},{"type":"Feature","id":324,"geometry":{"type":"Polygon","coordinates":[[[-1.556,47.26272],[-1.55428,47.2622],[-1.55395,47.26088],[-1.5553,47.26013],[-1.55702,47.26065],[-1.55735,47.26197],[-1.556,47.26272]]]},"properties":{"cdi":0.161,"o_score_pt":600.9,"o_score_car":832.3,"population":134}},{"type":"Feature","id":325,"geometry":{"type":"Polygon","coordinates":[[[-1.5901,47.22157],[-1.58793,47.22092],[-1.58753,47.21929],[-1.58927,47.21832],[-1.59143,47.21897],[-1.59184,47.2206],[-1.5901,47.22157]]]},"properties":{"cdi":0.039,"o_score_pt":1022.9,"o_score_car":1106.9,"population":374}},{"type":"Feature","id":326,"geometry":{"type":"Polygon","coordinates":[[[-1.50156,47.23126],[-1.49999,47.23078],[-1.49969,47.22957],[-1.50091,47.22889],[-1.50248,47.22937],[-1.50278,47.23058],[-1.50156,47.23126]]]},"properties":{"cdi":0.206,"o_score_pt":630.2,"o_score_car":957.5,"population":95}},{"type":"Feature","id":327,"geometry":{"type":"Polygon","coordinates":[[[-1.5299,47.18474],[-1.52834,47.18427],[-1.52804,47.18306],[-1.52926,47.18239],[-1.53082,47.18286],[-1.53112,47.18407],[-1.5299,47.18474]]]},"properties":{"cdi":0.109,"o_score_pt":727.6,"o_score_car":905.2,"population":93}},{"type":"Feature","id":328,"geometry":{"type":"Polygon","coordinates":[[[-1.52501,47.2897],[-1.52384,47.28935],[-1.5236,47.28842],[-1.52447,47.28794],[-1.52564,47.28829],[-1.52588,47.28922],[-1.52501,47.2897]]]},"properties":{"cdi":0.297,"o_score_pt":356.3,"o_score_car":658.1,"population":37}},{"type":"Feature","id":329,"geometry":{"type":"Polygon","coordinates":[[[-1.52123,47.26578],[-1.51928,47.26519],[-1.51891,47.26371],[-1.52047,47.26284],[-1.52242,47.26343],[-1.52279,47.26492],[-1.52123,47.26578]]]},"properties":{"cdi":0.034,"o_score_pt":818.1,"o_score_car":876.2,"population":232}},{"type":"Feature","id":330,"geometry":{"type":"Polygon","coordinates":[[[-1.55485,47.2493],[-1.55276,47.24867],[-1.55236,47.24709],[-1.55404,47.24615],[-1.55614,47.24678],[-1.55654,47.24837],[-1.55485,47.2493]]]},"properties":{"cdi":0.008,"o_score_pt":1021.6,"o_score_car":1037.2,"population":322}},{"type":"Feature","id":331,"geometry":{"type":"Polygon","coordinates":[[[-1.56554,47.22105],[-1.56314,47.22033],[-1.56269,47.21852],[-1.56464,47.21744],[-1.56704,47.21816],[-1.56749,47.21996],[-1.56554,47.22105]]]},"properties":{"cdi":-0.055,"o_score_pt":1283.8,"o_score_car":1151,"population":697}},{"type":"Feature","id":332,"geometry":{"type":"Polygon","coordinates":[[[-1.54497,47.23639],[-1.5428,47.23573],[-1.54239,47.23409],[-1.54414,47.23312],[-1.54631,47.23377],[-1.54672,47.23541],[-1.54497,47.23639]]]},"properties":{"cdi":0.024,"o_score_pt":1104.2,"o_score_car":1159.2,"population":383}},{"type":"Feature","id":333,"geometry":{"type":"Polygon","coordinates":[[[-1.59278,47.23229],[-1.59075,47.23168],[-1.59037,47.23014],[-1.59199,47.22924],[-1.59402,47.22985],[-1.59441,47.23139],[-1.59278,47.23229]]]},"properties":{"cdi":0.076,"o_score_pt":899.2,"o_score_car":1046.4,"population":276}},{"type":"Feature","id":334,"geometry":{"type":"Polygon","coordinates":[[[-1.49133,47.23468],[-1.49,47.23428],[-1.48974,47.23323],[-1.49075,47.23267],[-1.49209,47.23307],[-1.49235,47.23412],[-1.49133,47.23468]]]},"properties":{"cdi":0.986,"o_score_pt":6.2,"o_score_car":873.1,"population":55}},{"type":"Feature","id":335,"geometry":{"type":"Polygon","coordinates":[[[-1.51771,47.22494],[-1.51542,47.22426],[-1.51499,47.22253],[-1.51684,47.22151],[-1.51913,47.22219],[-1.51956,47.22392],[-1.51771,47.22494]]]},"properties":{"cdi":-0.039,"o_score_pt":1129.7,"o_score_car":1043.9,"population":501}},{"type":"Feature","id":336,"geometry":{"type":"Polygon","coordinates":[[[-1.53236,47.20341],[-1.53139,47.20311],[-1.53119,47.20233],[-1.53188,47.20194],[-1.53285,47.20223],[-1.53305,47.20302],[-1.53236,47.20341]]]},"properties":{"cdi":-0.027,"o_score_pt":1082.9,"o_score_car":1025.3,"population":23}},{"type":"Feature","id":337,"geometry":{"type":"Polygon","coordinates":[[[-1.51372,47.28015],[-1.51183,47.27958],[-1.51147,47.27814],[-1.51297,47.27731],[-1.51486,47.27787],[-1.51522,47.27931],[-1.51372,47.28015]]]},"properties":{"cdi":0.107,"o_score_pt":642.3,"o_score_car":796.5,"population":199}},{"type":"Feature","id":338,"geometry":{"type":"Polygon","coordinates":[[[-1.51483,47.22224],[-1.51278,47.22163],[-1.51239,47.22007],[-1.51403,47.21916],[-1.51608,47.21978],[-1.51647,47.22133],[-1.51483,47.22224]]]},"properties":{"cdi":0.007,"o_score_pt":1046.1,"o_score_car":1060.8,"population":290}},{"type":"Feature","id":339,"geometry":{"type":"Polygon","coordinates":[[[-1.54214,47.23397],[-1.53983,47.23327],[-1.5394,47.23154],[-1.54127,47.2305],[-1.54358,47.23119],[-1.54401,47.23293],[-1.54214,47.23397]]]},"properties":{"cdi":-0.024,"o_score_pt":1180.3,"o_score_car":1124.6,"population":527}},{"type":"Feature","id":340,"geometry":{"type":"Polygon","coordinates":[[[-1.53446,47.25654],[-1.53233,47.2559],[-1.53193,47.25429],[-1.53364,47.25334],[-1.53577,47.25398],[-1.53618,47.25559],[-1.53446,47.25654]]]},"properties":{"cdi":0.077,"o_score_pt":838.8,"o_score_car":978.4,"population":349}},{"type":"Feature","id":341,"geometry":{"type":"Polygon","coordinates":[[[-1.51657,47.28268],[-1.51467,47.28211],[-1.51431,47.28066],[-1.51582,47.27982],[-1.51772,47.28039],[-1.51808,47.28184],[-1.51657,47.28268]]]},"properties":{"cdi":0.082,"o_score_pt":682.7,"o_score_car":805.4,"population":203}},{"type":"Feature","id":342,"geometry":{"type":"Polygon","coordinates":[[[-1.59191,47.20222],[-1.58959,47.20152],[-1.58915,47.19977],[-1.59103,47.19873],[-1.59335,47.19942],[-1.59379,47.20117],[-1.59191,47.20222]]]},"properties":{"cdi":0.008,"o_score_pt":994.6,"o_score_car":1011.3,"population":541}},{"type":"Feature","id":343,"geometry":{"type":"Polygon","coordinates":[[[-1.51466,47.23049],[-1.51267,47.22989],[-1.5123,47.22838],[-1.51389,47.2275],[-1.51587,47.2281],[-1.51625,47.22961],[-1.51466,47.23049]]]},"properties":{"cdi":0.022,"o_score_pt":995.3,"o_score_car":1040.4,"population":251}},{"type":"Feature","id":344,"geometry":{"type":"Polygon","coordinates":[[[-1.51636,47.29068],[-1.51483,47.29022],[-1.51454,47.28905],[-1.51572,47.28839],[-1.51724,47.28885],[-1.51754,47.29003],[-1.51636,47.29068]]]},"properties":{"cdi":0.356,"o_score_pt":355.7,"o_score_car":749.2,"population":85}},{"type":"Feature","id":345,"geometry":{"type":"Polygon","coordinates":[[[-1.49697,47.24854],[-1.49494,47.24793],[-1.49455,47.24639],[-1.49618,47.24549],[-1.49821,47.2461],[-1.4986,47.24764],[-1.49697,47.24854]]]},"properties":{"cdi":0.069,"o_score_pt":816,"o_score_car":937.7,"population":278}},{"type":"Feature","id":346,"geometry":{"type":"Polygon","coordinates":[[[-1.5291,47.2885],[-1.5291,47.2885],[-1.52908,47.28841],[-1.52908,47.28841],[-1.5291,47.2885]]]},"properties":{"cdi":0.449,"o_score_pt":277.2,"o_score_car":729.4,"population":1}},{"type":"Feature","id":347,"geometry":{"type":"Polygon","coordinates":[[[-1.55785,47.24351],[-1.55579,47.24289],[-1.5554,47.24133],[-1.55705,47.24041],[-1.55911,47.24103],[-1.5595,47.24259],[-1.55785,47.24351]]]},"properties":{"cdi":-0.017,"o_score_pt":1119.9,"o_score_car":1081.9,"population":296}},{"type":"Feature","id":348,"geometry":{"type":"Polygon","coordinates":[[[-1.54345,47.23919],[-1.54139,47.23857],[-1.541,47.23701],[-1.54265,47.23609],[-1.54471,47.23671],[-1.5451,47.23827],[-1.54345,47.23919]]]},"properties":{"cdi":0.03,"o_score_pt":1052.7,"o_score_car":1117,"population":297}},{"type":"Feature","id":349,"geometry":{"type":"Polygon","coordinates":[[[-1.52574,47.25714],[-1.52378,47.25655],[-1.52341,47.25506],[-1.52497,47.25419],[-1.52693,47.25478],[-1.5273,47.25627],[-1.52574,47.25714]]]},"properties":{"cdi":0.009,"o_score_pt":914,"o_score_car":930.8,"population":235}},{"type":"Feature","id":350,"geometry":{"type":"Polygon","coordinates":[[[-1.59444,47.22118],[-1.59231,47.22055],[-1.59191,47.21893],[-1.59362,47.21798],[-1.59575,47.21862],[-1.59615,47.22023],[-1.59444,47.22118]]]},"properties":{"cdi":0.074,"o_score_pt":908.9,"o_score_car":1054.5,"population":347}},{"type":"Feature","id":351,"geometry":{"type":"Polygon","coordinates":[[[-1.5059,47.23084],[-1.5044,47.23039],[-1.50411,47.22923],[-1.50527,47.22859],[-1.50676,47.22904],[-1.50705,47.2302],[-1.5059,47.23084]]]},"properties":{"cdi":0.098,"o_score_pt":811.6,"o_score_car":988.4,"population":80}},{"type":"Feature","id":352,"geometry":{"type":"Polygon","coordinates":[[[-1.49834,47.2541],[-1.49611,47.25343],[-1.49569,47.25174],[-1.4975,47.25074],[-1.49973,47.25141],[-1.50015,47.2531],[-1.49834,47.2541]]]},"properties":{"cdi":0.194,"o_score_pt":608.1,"o_score_car":901.6,"population":443}},{"type":"Feature","id":353,"geometry":{"type":"Polygon","coordinates":[[[-1.56725,47.20117],[-1.5654,47.20061],[-1.56505,47.19919],[-1.56652,47.19838],[-1.56837,47.19893],[-1.56873,47.20035],[-1.56725,47.20117]]]},"properties":{"cdi":0.123,"o_score_pt":823.5,"o_score_car":1054.2,"population":184}},{"type":"Feature","id":354,"geometry":{"type":"Polygon","coordinates":[[[-1.52561,47.26555],[-1.52349,47.26491],[-1.52309,47.2633],[-1.52479,47.26236],[-1.52691,47.263],[-1.52731,47.2646],[-1.52561,47.26555]]]},"properties":{"cdi":0.006,"o_score_pt":832.6,"o_score_car":843.4,"population":341}},{"type":"Feature","id":355,"geometry":{"type":"Polygon","coordinates":[[[-1.52662,47.20722],[-1.52489,47.2067],[-1.52456,47.20537],[-1.52593,47.20462],[-1.52766,47.20514],[-1.52799,47.20647],[-1.52662,47.20722]]]},"properties":{"cdi":0.013,"o_score_pt":1027,"o_score_car":1054.7,"population":138}},{"type":"Feature","id":356,"geometry":{"type":"Polygon","coordinates":[[[-1.55915,47.24866],[-1.55743,47.24814],[-1.5571,47.24682],[-1.55845,47.24607],[-1.56017,47.24659],[-1.5605,47.24791],[-1.55915,47.24866]]]},"properties":{"cdi":0.008,"o_score_pt":954.9,"o_score_car":970.7,"population":134}},{"type":"Feature","id":357,"geometry":{"type":"Polygon","coordinates":[[[-1.55969,47.22429],[-1.5573,47.22357],[-1.55685,47.22177],[-1.55879,47.22069],[-1.56119,47.22141],[-1.56164,47.22321],[-1.55969,47.22429]]]},"properties":{"cdi":-0.062,"o_score_pt":1335.8,"o_score_car":1178.7,"population":1395}},{"type":"Feature","id":358,"geometry":{"type":"Polygon","coordinates":[[[-1.49571,47.23448],[-1.49416,47.23402],[-1.49387,47.23282],[-1.49507,47.23215],[-1.49661,47.23262],[-1.49691,47.23382],[-1.49571,47.23448]]]},"properties":{"cdi":0.213,"o_score_pt":583.4,"o_score_car":899.7,"population":90}},{"type":"Feature","id":359,"geometry":{"type":"Polygon","coordinates":[[[-1.60363,47.18688],[-1.60203,47.1864],[-1.60172,47.18516],[-1.60297,47.18447],[-1.60457,47.18495],[-1.60488,47.18619],[-1.60363,47.18688]]]},"properties":{"cdi":0.998,"o_score_pt":1,"o_score_car":906.7,"population":102}},{"type":"Feature","id":360,"geometry":{"type":"Polygon","coordinates":[[[-1.57828,47.2365],[-1.57594,47.23579],[-1.5755,47.23404],[-1.5774,47.23298],[-1.57974,47.23368],[-1.58018,47.23544],[-1.57828,47.2365]]]},"properties":{"cdi":-0.007,"o_score_pt":1103.6,"o_score_car":1088.6,"population":563}},{"type":"Feature","id":361,"geometry":{"type":"Polygon","coordinates":[[[-1.53873,47.25578],[-1.53714,47.2553],[-1.53683,47.25407],[-1.53807,47.25338],[-1.53967,47.25386],[-1.53997,47.25509],[-1.53873,47.25578]]]},"properties":{"cdi":0.079,"o_score_pt":803.5,"o_score_car":940.6,"population":100}},{"type":"Feature","id":362,"geometry":{"type":"Polygon","coordinates":[[[-1.59627,47.20191],[-1.59387,47.20119],[-1.59342,47.19939],[-1.59537,47.19831],[-1.59776,47.19903],[-1.59821,47.20083],[-1.59627,47.20191]]]},"properties":{"cdi":0.003,"o_score_pt":980.9,"o_score_car":987.5,"population":640}},{"type":"Feature","id":363,"geometry":{"type":"Polygon","coordinates":[[[-1.5276,47.23793],[-1.52529,47.23724],[-1.52486,47.23551],[-1.52673,47.23447],[-1.52903,47.23516],[-1.52946,47.2369],[-1.5276,47.23793]]]},"properties":{"cdi":0.066,"o_score_pt":961.1,"o_score_car":1097.4,"population":519}},{"type":"Feature","id":364,"geometry":{"type":"Polygon","coordinates":[[[-1.51041,47.29343],[-1.50954,47.29317],[-1.50936,47.29246],[-1.50996,47.29212],[-1.51084,47.29238],[-1.51101,47.2931],[-1.51041,47.29343]]]},"properties":{"cdi":0.448,"o_score_pt":273.8,"o_score_car":718.4,"population":18}},{"type":"Feature","id":365,"geometry":{"type":"Polygon","coordinates":[[[-1.50664,47.2695],[-1.505,47.26901],[-1.50469,47.26776],[-1.50597,47.26705],[-1.5076,47.26754],[-1.50792,47.2688],[-1.50664,47.2695]]]},"properties":{"cdi":0.354,"o_score_pt":405.5,"o_score_car":849.6,"population":110}},{"type":"Feature","id":366,"geometry":{"type":"Polygon","coordinates":[[[-1.53763,47.24259],[-1.53537,47.24191],[-1.53494,47.2402],[-1.53678,47.23918],[-1.53904,47.23986],[-1.53946,47.24157],[-1.53763,47.24259]]]},"properties":{"cdi":0.022,"o_score_pt":1055.1,"o_score_car":1102.3,"population":475}},{"type":"Feature","id":367,"geometry":{"type":"Polygon","coordinates":[[[-1.56149,47.20482],[-1.55909,47.2041],[-1.55864,47.2023],[-1.56059,47.20122],[-1.56299,47.20194],[-1.56344,47.20374],[-1.56149,47.20482]]]},"properties":{"cdi":0.066,"o_score_pt":981.5,"o_score_car":1120.4,"population":912}},{"type":"Feature","id":368,"geometry":{"type":"Polygon","coordinates":[[[-1.48702,47.2352],[-1.48547,47.23474],[-1.48517,47.23354],[-1.48637,47.23287],[-1.48792,47.23334],[-1.48822,47.23454],[-1.48702,47.2352]]]},"properties":{"cdi":1,"o_score_pt":0,"o_score_car":925.4,"population":90}},{"type":"Feature","id":369,"geometry":{"type":"Polygon","coordinates":[[[-1.53014,47.25704],[-1.52783,47.25635],[-1.52739,47.2546],[-1.52927,47.25356],[-1.53158,47.25426],[-1.53201,47.256],[-1.53014,47.25704]]]},"properties":{"cdi":0.04,"o_score_pt":934.4,"o_score_car":1011.4,"population":533}},{"type":"Feature","id":370,"geometry":{"type":"Polygon","coordinates":[[[-1.50006,47.23414],[-1.49849,47.23367],[-1.49819,47.23246],[-1.49941,47.23178],[-1.50098,47.23225],[-1.50128,47.23346],[-1.50006,47.23414]]]},"properties":{"cdi":0.186,"o_score_pt":651.4,"o_score_car":949.2,"population":94}},{"type":"Feature","id":371,"geometry":{"type":"Polygon","coordinates":[[[-1.52849,47.18805],[-1.52637,47.18741],[-1.52597,47.1858],[-1.52767,47.18485],[-1.52979,47.18549],[-1.53019,47.1871],[-1.52849,47.18805]]]},"properties":{"cdi":0.036,"o_score_pt":854.4,"o_score_car":917.7,"population":342}},{"type":"Feature","id":372,"geometry":{"type":"Polygon","coordinates":[[[-1.51975,47.26876],[-1.51767,47.26814],[-1.51727,47.26656],[-1.51895,47.26563],[-1.52104,47.26626],[-1.52143,47.26784],[-1.51975,47.26876]]]},"properties":{"cdi":0.034,"o_score_pt":809.8,"o_score_car":867.3,"population":315}},{"type":"Feature","id":373,"geometry":{"type":"Polygon","coordinates":[[[-1.52063,47.20972],[-1.51989,47.2095],[-1.51974,47.20888],[-1.52023,47.20861],[-1.52097,47.20883],[-1.52112,47.20945],[-1.52063,47.20972]]]},"properties":{"cdi":0.052,"o_score_pt":930.6,"o_score_car":1032.9,"population":13}},{"type":"Feature","id":374,"geometry":{"type":"Polygon","coordinates":[[[-1.55338,47.25232],[-1.55111,47.25164],[-1.55068,47.24993],[-1.55252,47.24891],[-1.55479,47.24959],[-1.55522,47.2513],[-1.55338,47.25232]]]},"properties":{"cdi":-0.023,"o_score_pt":1038.4,"o_score_car":992.7,"population":484}},{"type":"Feature","id":375,"geometry":{"type":"Polygon","coordinates":[[[-1.56402,47.22383],[-1.56176,47.22315],[-1.56133,47.22144],[-1.56316,47.22043],[-1.56543,47.22111],[-1.56585,47.22281],[-1.56402,47.22383]]]},"properties":{"cdi":-0.064,"o_score_pt":1288.9,"o_score_car":1132.8,"population":473}},{"type":"Feature","id":376,"geometry":{"type":"Polygon","coordinates":[[[-1.58743,47.21093],[-1.58503,47.21022],[-1.58458,47.20841],[-1.58652,47.20733],[-1.58892,47.20805],[-1.58937,47.20985],[-1.58743,47.21093]]]},"properties":{"cdi":-0.042,"o_score_pt":1204.2,"o_score_car":1107,"population":782}},{"type":"Feature","id":377,"geometry":{"type":"Polygon","coordinates":[[[-1.58631,47.2685],[-1.58455,47.26797],[-1.58422,47.26663],[-1.5856,47.26586],[-1.58736,47.26639],[-1.5877,47.26773],[-1.58631,47.2685]]]},"properties":{"cdi":0.198,"o_score_pt":590,"o_score_car":880.9,"population":146}},{"type":"Feature","id":378,"geometry":{"type":"Polygon","coordinates":[[[-1.52987,47.19363],[-1.52752,47.19292],[-1.52708,47.19115],[-1.52898,47.19009],[-1.53134,47.1908],[-1.53178,47.19257],[-1.52987,47.19363]]]},"properties":{"cdi":0.012,"o_score_pt":920.1,"o_score_car":942.2,"population":585}},{"type":"Feature","id":379,"geometry":{"type":"Polygon","coordinates":[[[-1.49439,47.22919],[-1.49269,47.22868],[-1.49236,47.22737],[-1.4937,47.22663],[-1.4954,47.22714],[-1.49573,47.22845],[-1.49439,47.22919]]]},"properties":{"cdi":1,"o_score_pt":0,"o_score_car":888.4,"population":129}},{"type":"Feature","id":380,"geometry":{"type":"Polygon","coordinates":[[[-1.51097,47.26904],[-1.50947,47.26859],[-1.50918,47.26743],[-1.51034,47.26679],[-1.51184,47.26724],[-1.51212,47.2684],[-1.51097,47.26904]]]},"properties":{"cdi":0.117,"o_score_pt":675.4,"o_score_car":855.2,"population":80}},{"type":"Feature","id":381,"geometry":{"type":"Polygon","coordinates":[[[-1.61078,47.19778],[-1.60857,47.19712],[-1.60816,47.19546],[-1.60993,47.19447],[-1.61214,47.19513],[-1.61255,47.19679],[-1.61078,47.19778]]]},"properties":{"cdi":0.039,"o_score_pt":874.9,"o_score_car":946.6,"population":413}},{"type":"Feature","id":382,"geometry":{"type":"Polygon","coordinates":[[[-1.53946,47.22322],[-1.53706,47.2225],[-1.53661,47.2207],[-1.53856,47.21962],[-1.54096,47.22034],[-1.54141,47.22214],[-1.53946,47.22322]]]},"properties":{"cdi":-0.012,"o_score_pt":1130.4,"o_score_car":1102.9,"population":1063}},{"type":"Feature","id":383,"geometry":{"type":"Polygon","coordinates":[[[-1.60788,47.18604],[-1.60691,47.18575],[-1.60672,47.18496],[-1.60741,47.18458],[-1.60838,47.18487],[-1.60858,47.18565],[-1.60788,47.18604]]]},"properties":{"cdi":0.998,"o_score_pt":0.9,"o_score_car":872.8,"population":23}},{"type":"Feature","id":384,"geometry":{"type":"Polygon","coordinates":[[[-1.5856,47.23023],[-1.58344,47.22958],[-1.58303,47.22795],[-1.58477,47.22698],[-1.58693,47.22763],[-1.58734,47.22926],[-1.5856,47.23023]]]},"properties":{"cdi":0.047,"o_score_pt":984.6,"o_score_car":1082.7,"population":373}},{"type":"Feature","id":385,"geometry":{"type":"Polygon","coordinates":[[[-1.58264,47.23618],[-1.58024,47.23546],[-1.57979,47.23366],[-1.58174,47.23257],[-1.58414,47.23329],[-1.58459,47.23509],[-1.58264,47.23618]]]},"properties":{"cdi":-0.017,"o_score_pt":1097.7,"o_score_car":1061.6,"population":678}},{"type":"Feature","id":386,"geometry":{"type":"Polygon","coordinates":[[[-1.60318,47.22066],[-1.60078,47.21994],[-1.60033,47.21814],[-1.60227,47.21705],[-1.60467,47.21777],[-1.60513,47.21957],[-1.60318,47.22066]]]},"properties":{"cdi":0.024,"o_score_pt":975.4,"o_score_car":1023.7,"population":696}},{"type":"Feature","id":387,"geometry":{"type":"Polygon","coordinates":[[[-1.55835,47.21889],[-1.55595,47.21817],[-1.5555,47.21636],[-1.55745,47.21528],[-1.55984,47.216],[-1.56029,47.2178],[-1.55835,47.21889]]]},"properties":{"cdi":-0.128,"o_score_pt":1535.6,"o_score_car":1187.5,"population":1884}},{"type":"Feature","id":388,"geometry":{"type":"Polygon","coordinates":[[[-1.5318,47.24591],[-1.52943,47.2452],[-1.52899,47.24342],[-1.53091,47.24235],[-1.53328,47.24306],[-1.53372,47.24484],[-1.5318,47.24591]]]},"properties":{"cdi":0.027,"o_score_pt":1010.2,"o_score_car":1066.6,"population":603}},{"type":"Feature","id":389,"geometry":{"type":"Polygon","coordinates":[[[-1.59042,47.20516],[-1.58802,47.20444],[-1.58757,47.20264],[-1.58952,47.20156],[-1.59192,47.20228],[-1.59237,47.20408],[-1.59042,47.20516]]]},"properties":{"cdi":0.003,"o_score_pt":1042.8,"o_score_car":1049.2,"population":742}},{"type":"Feature","id":390,"geometry":{"type":"Polygon","coordinates":[[[-1.53195,47.2376],[-1.52961,47.2369],[-1.52917,47.23513],[-1.53107,47.23408],[-1.53341,47.23478],[-1.53385,47.23655],[-1.53195,47.2376]]]},"properties":{"cdi":0.059,"o_score_pt":980.9,"o_score_car":1104.3,"population":573}},{"type":"Feature","id":391,"geometry":{"type":"Polygon","coordinates":[[[-1.50077,47.27268],[-1.49923,47.27221],[-1.49893,47.27102],[-1.50013,47.27036],[-1.50167,47.27082],[-1.50197,47.27201],[-1.50077,47.27268]]]},"properties":{"cdi":0.181,"o_score_pt":585.9,"o_score_car":844.9,"population":89}},{"type":"Feature","id":392,"geometry":{"type":"Polygon","coordinates":[[[-1.51426,47.25566],[-1.51186,47.25494],[-1.51141,47.25314],[-1.51336,47.25206],[-1.51576,47.25278],[-1.51621,47.25458],[-1.51426,47.25566]]]},"properties":{"cdi":0.064,"o_score_pt":804.5,"o_score_car":915.2,"population":696}},{"type":"Feature","id":393,"geometry":{"type":"Polygon","coordinates":[[[-1.5751,47.25034],[-1.57304,47.24973],[-1.57265,47.24817],[-1.5743,47.24726],[-1.57635,47.24787],[-1.57674,47.24943],[-1.5751,47.25034]]]},"properties":{"cdi":0.129,"o_score_pt":770.4,"o_score_car":998.7,"population":291}},{"type":"Feature","id":394,"geometry":{"type":"Polygon","coordinates":[[[-1.54193,47.24199],[-1.53999,47.2414],[-1.53962,47.23992],[-1.54117,47.23906],[-1.54312,47.23964],[-1.54349,47.24112],[-1.54193,47.24199]]]},"properties":{"cdi":0.056,"o_score_pt":994.4,"o_score_car":1112.7,"population":227}},{"type":"Feature","id":395,"geometry":{"type":"Polygon","coordinates":[[[-1.56584,47.20446],[-1.56344,47.20374],[-1.56299,47.20194],[-1.56494,47.20085],[-1.56734,47.20157],[-1.56779,47.20338],[-1.56584,47.20446]]]},"properties":{"cdi":0.013,"o_score_pt":1099.2,"o_score_car":1127.8,"population":780}},{"type":"Feature","id":396,"geometry":{"type":"Polygon","coordinates":[[[-1.52425,47.26006],[-1.52223,47.25946],[-1.52185,47.25793],[-1.52346,47.25703],[-1.52548,47.25764],[-1.52586,47.25917],[-1.52425,47.26006]]]},"properties":{"cdi":0.008,"o_score_pt":944,"o_score_car":960,"population":269}},{"type":"Feature","id":397,"geometry":{"type":"Polygon","coordinates":[[[-1.5241,47.26841],[-1.52201,47.26778],[-1.52161,47.26619],[-1.5233,47.26526],[-1.52539,47.26589],[-1.52579,47.26748],[-1.5241,47.26841]]]},"properties":{"cdi":0.041,"o_score_pt":833.2,"o_score_car":904.3,"population":324}},{"type":"Feature","id":398,"geometry":{"type":"Polygon","coordinates":[[[-1.52515,47.21026],[-1.52323,47.20968],[-1.52286,47.20821],[-1.5244,47.20735],[-1.52632,47.20793],[-1.52669,47.2094],[-1.52515,47.21026]]]},"properties":{"cdi":-0.001,"o_score_pt":1057.3,"o_score_car":1054.2,"population":219}},{"type":"Feature","id":399,"geometry":{"type":"Polygon","coordinates":[[[-1.55769,47.25178],[-1.55566,47.25117],[-1.55527,47.24963],[-1.5569,47.24872],[-1.55894,47.24933],[-1.55932,47.25087],[-1.55769,47.25178]]]},"properties":{"cdi":0.046,"o_score_pt":937.8,"o_score_car":1028.7,"population":278}},{"type":"Feature","id":400,"geometry":{"type":"Polygon","coordinates":[[[-1.58419,47.22453],[-1.58242,47.224],[-1.58208,47.22264],[-1.58348,47.22186],[-1.58525,47.2224],[-1.58559,47.22375],[-1.58419,47.22453]]]},"properties":{"cdi":-0.001,"o_score_pt":1141.6,"o_score_car":1139.5,"population":152}},{"type":"Feature","id":401,"geometry":{"type":"Polygon","coordinates":[[[-1.59177,47.21057],[-1.58937,47.20985],[-1.58892,47.20805],[-1.59087,47.20696],[-1.59327,47.20768],[-1.59372,47.20949],[-1.59177,47.21057]]]},"properties":{"cdi":-0.041,"o_score_pt":1149,"o_score_car":1058,"population":747}},{"type":"Feature","id":402,"geometry":{"type":"Polygon","coordinates":[[[-1.51538,47.26902],[-1.51343,47.26844],[-1.51306,47.26695],[-1.51462,47.26609],[-1.51657,47.26668],[-1.51694,47.26816],[-1.51538,47.26902]]]},"properties":{"cdi":0.064,"o_score_pt":766.1,"o_score_car":870.8,"population":231}},{"type":"Feature","id":403,"geometry":{"type":"Polygon","coordinates":[[[-1.61513,47.19746],[-1.61288,47.19678],[-1.61245,47.19508],[-1.61427,47.19407],[-1.61653,47.19474],[-1.61695,47.19644],[-1.61513,47.19746]]]},"properties":{"cdi":0.137,"o_score_pt":700.2,"o_score_car":923.2,"population":464}},{"type":"Feature","id":404,"geometry":{"type":"Polygon","coordinates":[[[-1.5438,47.22286],[-1.54141,47.22214],[-1.54096,47.22034],[-1.54291,47.21925],[-1.5453,47.21997],[-1.54575,47.22178],[-1.5438,47.22286]]]},"properties":{"cdi":-0.067,"o_score_pt":1339.8,"o_score_car":1171.3,"population":938}},{"type":"Feature","id":405,"geometry":{"type":"Polygon","coordinates":[[[-1.59046,47.19636],[-1.58874,47.19584],[-1.58841,47.19452],[-1.58977,47.19377],[-1.59149,47.19429],[-1.59182,47.19561],[-1.59046,47.19636]]]},"properties":{"cdi":0.012,"o_score_pt":971.7,"o_score_car":994.3,"population":135}},{"type":"Feature","id":406,"geometry":{"type":"Polygon","coordinates":[[[-1.557,47.21348],[-1.5546,47.21276],[-1.55415,47.21096],[-1.5561,47.20987],[-1.55849,47.21059],[-1.55894,47.2124],[-1.557,47.21348]]]},"properties":{"cdi":-0.093,"o_score_pt":1456.8,"o_score_car":1209.4,"population":1899}},{"type":"Feature","id":407,"geometry":{"type":"Polygon","coordinates":[[[-1.57676,47.23926],[-1.57458,47.23861],[-1.57417,47.23696],[-1.57592,47.23599],[-1.5781,47.23664],[-1.57851,47.23829],[-1.57676,47.23926]]]},"properties":{"cdi":0.038,"o_score_pt":992.8,"o_score_car":1071.6,"population":389}},{"type":"Feature","id":408,"geometry":{"type":"Polygon","coordinates":[[[-1.57577,47.19955],[-1.5751,47.19935],[-1.57496,47.19878],[-1.57539,47.19854],[-1.57606,47.19874],[-1.5762,47.19931],[-1.57577,47.19955]]]},"properties":{"cdi":-0.007,"o_score_pt":1076.8,"o_score_car":1062.9,"population":11}},{"type":"Feature","id":409,"geometry":{"type":"Polygon","coordinates":[[[-1.53613,47.24546],[-1.53388,47.24479],[-1.53345,47.24308],[-1.53528,47.24207],[-1.53753,47.24275],[-1.53796,47.24445],[-1.53613,47.24546]]]},"properties":{"cdi":0.034,"o_score_pt":996.1,"o_score_car":1066.3,"population":468}},{"type":"Feature","id":410,"geometry":{"type":"Polygon","coordinates":[[[-1.5261,47.24081],[-1.52379,47.24012],[-1.52336,47.23839],[-1.52523,47.23736],[-1.52753,47.23805],[-1.52796,47.23978],[-1.5261,47.24081]]]},"properties":{"cdi":0.049,"o_score_pt":956.3,"o_score_car":1054.1,"population":518}},{"type":"Feature","id":411,"geometry":{"type":"Polygon","coordinates":[[[-1.50481,47.2712],[-1.50481,47.2712],[-1.50479,47.27111],[-1.50479,47.27111],[-1.50481,47.2712]]]},"properties":{"cdi":0.989,"o_score_pt":4.6,"o_score_car":817.2,"population":1}},{"type":"Feature","id":412,"geometry":{"type":"Polygon","coordinates":[[[-1.51861,47.25529],[-1.51622,47.25458],[-1.51577,47.25278],[-1.51771,47.25171],[-1.5201,47.25243],[-1.52055,47.25422],[-1.51861,47.25529]]]},"properties":{"cdi":0.066,"o_score_pt":852.8,"o_score_car":973.9,"population":632}},{"type":"Feature","id":413,"geometry":{"type":"Polygon","coordinates":[[[-1.60631,47.20659],[-1.60392,47.20587],[-1.60346,47.20407],[-1.60541,47.20298],[-1.60781,47.2037],[-1.60826,47.20551],[-1.60631,47.20659]]]},"properties":{"cdi":-0.005,"o_score_pt":939.5,"o_score_car":930.3,"population":723}},{"type":"Feature","id":414,"geometry":{"type":"Polygon","coordinates":[[[-1.53496,47.23187],[-1.53256,47.23115],[-1.53211,47.22935],[-1.53406,47.22827],[-1.53646,47.22899],[-1.53691,47.23079],[-1.53496,47.23187]]]},"properties":{"cdi":0.012,"o_score_pt":1104.2,"o_score_car":1130.5,"population":785}},{"type":"Feature","id":415,"geometry":{"type":"Polygon","coordinates":[[[-1.55999,47.20771],[-1.55759,47.20699],[-1.55714,47.20519],[-1.55909,47.2041],[-1.56149,47.20482],[-1.56194,47.20663],[-1.55999,47.20771]]]},"properties":{"cdi":-0.03,"o_score_pt":1227.7,"o_score_car":1157.2,"population":1339}},{"type":"Feature","id":416,"geometry":{"type":"Polygon","coordinates":[[[-1.57175,47.27243],[-1.57005,47.27192],[-1.56972,47.27061],[-1.57106,47.26987],[-1.57276,47.27038],[-1.57309,47.27169],[-1.57175,47.27243]]]},"properties":{"cdi":0.189,"o_score_pt":627,"o_score_car":919.3,"population":129}},{"type":"Feature","id":417,"geometry":{"type":"Polygon","coordinates":[[[-1.51738,47.24142],[-1.51523,47.24077],[-1.51483,47.23915],[-1.51656,47.23819],[-1.5187,47.23884],[-1.5191,47.24046],[-1.51738,47.24142]]]},"properties":{"cdi":-0.013,"o_score_pt":1075,"o_score_car":1047.5,"population":360}},{"type":"Feature","id":418,"geometry":{"type":"Polygon","coordinates":[[[-1.50972,47.26415],[-1.50754,47.2635],[-1.50712,47.26185],[-1.50889,47.26087],[-1.51108,47.26152],[-1.51149,47.26318],[-1.50972,47.26415]]]},"properties":{"cdi":0.174,"o_score_pt":632.7,"o_score_car":898.3,"population":398}},{"type":"Feature","id":419,"geometry":{"type":"Polygon","coordinates":[[[-1.53811,47.21781],[-1.53571,47.21709],[-1.53526,47.21529],[-1.53721,47.21421],[-1.53961,47.21493],[-1.54006,47.21673],[-1.53811,47.21781]]]},"properties":{"cdi":-0.067,"o_score_pt":1285.7,"o_score_car":1124.2,"population":1139}},{"type":"Feature","id":420,"geometry":{"type":"Polygon","coordinates":[[[-1.57063,47.25916],[-1.56836,47.25848],[-1.56794,47.25677],[-1.56977,47.25575],[-1.57203,47.25643],[-1.57246,47.25814],[-1.57063,47.25916]]]},"properties":{"cdi":0.092,"o_score_pt":798.8,"o_score_car":960,"population":475}},{"type":"Feature","id":421,"geometry":{"type":"Polygon","coordinates":[[[-1.51784,47.28772],[-1.51642,47.2873],[-1.51615,47.28619],[-1.51724,47.28558],[-1.51866,47.28601],[-1.51894,47.28712],[-1.51784,47.28772]]]},"properties":{"cdi":0.207,"o_score_pt":503,"o_score_car":766.3,"population":67}},{"type":"Feature","id":422,"geometry":{"type":"Polygon","coordinates":[[[-1.53274,47.18721],[-1.53124,47.18677],[-1.53095,47.1856],[-1.53211,47.18496],[-1.53361,47.18541],[-1.5339,47.18657],[-1.53274,47.18721]]]},"properties":{"cdi":0.062,"o_score_pt":807.6,"o_score_car":914.4,"population":80}},{"type":"Feature","id":423,"geometry":{"type":"Polygon","coordinates":[[[-1.58858,47.22438],[-1.58653,47.22376],[-1.58614,47.2222],[-1.58778,47.22129],[-1.58984,47.22191],[-1.59023,47.22346],[-1.58858,47.22438]]]},"properties":{"cdi":-0.002,"o_score_pt":1115.9,"o_score_car":1112.2,"population":292}},{"type":"Feature","id":424,"geometry":{"type":"Polygon","coordinates":[[[-1.58592,47.2138],[-1.58355,47.21309],[-1.58311,47.21131],[-1.58503,47.21024],[-1.5874,47.21095],[-1.58785,47.21273],[-1.58592,47.2138]]]},"properties":{"cdi":-0.007,"o_score_pt":1118.7,"o_score_car":1103.5,"population":609}},{"type":"Feature","id":425,"geometry":{"type":"Polygon","coordinates":[[[-1.58471,47.27087],[-1.58364,47.27055],[-1.58343,47.26969],[-1.58421,47.26926],[-1.58527,47.26958],[-1.58549,47.27044],[-1.58471,47.27087]]]},"properties":{"cdi":0.192,"o_score_pt":575.5,"o_score_car":849.6,"population":29}},{"type":"Feature","id":426,"geometry":{"type":"Polygon","coordinates":[[[-1.52838,47.19655],[-1.52598,47.19583],[-1.52553,47.19402],[-1.52748,47.19294],[-1.52988,47.19366],[-1.53032,47.19546],[-1.52838,47.19655]]]},"properties":{"cdi":-0.039,"o_score_pt":1087.7,"o_score_car":1005.2,"population":747}},{"type":"Feature","id":427,"geometry":{"type":"Polygon","coordinates":[[[-1.50943,47.27175],[-1.50817,47.27137],[-1.50792,47.27038],[-1.50887,47.26985],[-1.51013,47.27023],[-1.51038,47.27122],[-1.50943,47.27175]]]},"properties":{"cdi":0.141,"o_score_pt":648,"o_score_car":860.2,"population":46}},{"type":"Feature","id":428,"geometry":{"type":"Polygon","coordinates":[[[-1.60931,47.20082],[-1.60691,47.2001],[-1.60646,47.1983],[-1.60841,47.19721],[-1.61081,47.19793],[-1.61126,47.19973],[-1.60931,47.20082]]]},"properties":{"cdi":0.001,"o_score_pt":936.2,"o_score_car":937.3,"population":697}},{"type":"Feature","id":429,"geometry":{"type":"Polygon","coordinates":[[[-1.59202,47.27355],[-1.59025,47.27302],[-1.58992,47.27167],[-1.59131,47.2709],[-1.59307,47.27143],[-1.59341,47.27278],[-1.59202,47.27355]]]},"properties":{"cdi":0.416,"o_score_pt":369.9,"o_score_car":897.4,"population":148}},{"type":"Feature","id":430,"geometry":{"type":"Polygon","coordinates":[[[-1.53796,47.2261],[-1.53556,47.22538],[-1.53511,47.22358],[-1.53706,47.2225],[-1.53946,47.22322],[-1.53991,47.22502],[-1.53796,47.2261]]]},"properties":{"cdi":-0.013,"o_score_pt":1168.3,"o_score_car":1137.8,"population":876}},{"type":"Feature","id":431,"geometry":{"type":"Polygon","coordinates":[[[-1.50442,47.23384],[-1.50277,47.23334],[-1.50245,47.23207],[-1.50374,47.23135],[-1.5054,47.23185],[-1.50571,47.23312],[-1.50442,47.23384]]]},"properties":{"cdi":0.072,"o_score_pt":828.2,"o_score_car":957.5,"population":115}},{"type":"Feature","id":432,"geometry":{"type":"Polygon","coordinates":[[[-1.59483,47.19607],[-1.59301,47.19552],[-1.59266,47.19413],[-1.5941,47.19333],[-1.59591,47.19388],[-1.59626,47.19527],[-1.59483,47.19607]]]},"properties":{"cdi":0.022,"o_score_pt":901.3,"o_score_car":942.5,"population":168}},{"type":"Feature","id":433,"geometry":{"type":"Polygon","coordinates":[[[-1.56134,47.21312],[-1.55894,47.2124],[-1.55849,47.21059],[-1.56044,47.20951],[-1.56284,47.21023],[-1.56329,47.21203],[-1.56134,47.21312]]]},"properties":{"cdi":-0.098,"o_score_pt":1456.2,"o_score_car":1196.1,"population":1963}},{"type":"Feature","id":434,"geometry":{"type":"Polygon","coordinates":[[[-1.60168,47.22354],[-1.59928,47.22282],[-1.59883,47.22102],[-1.60078,47.21994],[-1.60318,47.22066],[-1.60363,47.22246],[-1.60168,47.22354]]]},"properties":{"cdi":-0.01,"o_score_pt":1065.9,"o_score_car":1044.5,"population":653}},{"type":"Feature","id":435,"geometry":{"type":"Polygon","coordinates":[[[-1.59312,47.21593],[-1.59078,47.21523],[-1.59034,47.21347],[-1.59223,47.21242],[-1.59457,47.21312],[-1.59501,47.21488],[-1.59312,47.21593]]]},"properties":{"cdi":0.04,"o_score_pt":994.1,"o_score_car":1077.4,"population":566}},{"type":"Feature","id":436,"geometry":{"type":"Polygon","coordinates":[[[-1.54601,47.24932],[-1.54486,47.24898],[-1.54463,47.24806],[-1.54549,47.24758],[-1.54664,47.24793],[-1.54687,47.24885],[-1.54601,47.24932]]]},"properties":{"cdi":0.053,"o_score_pt":881.3,"o_score_car":979.6,"population":36}},{"type":"Feature","id":437,"geometry":{"type":"Polygon","coordinates":[[[-1.53031,47.24882],[-1.52791,47.24809],[-1.52746,47.24629],[-1.52941,47.24521],[-1.53181,47.24593],[-1.53225,47.24773],[-1.53031,47.24882]]]},"properties":{"cdi":0.052,"o_score_pt":954.4,"o_score_car":1059.7,"population":655}},{"type":"Feature","id":438,"geometry":{"type":"Polygon","coordinates":[[[-1.57723,47.21455],[-1.57483,47.21383],[-1.57438,47.21203],[-1.57633,47.21094],[-1.57873,47.21166],[-1.57918,47.21346],[-1.57723,47.21455]]]},"properties":{"cdi":-0.015,"o_score_pt":1169.1,"o_score_car":1135.5,"population":777}},{"type":"Feature","id":439,"geometry":{"type":"Polygon","coordinates":[[[-1.53045,47.24047],[-1.52812,47.23977],[-1.52769,47.23802],[-1.52957,47.23698],[-1.53189,47.23768],[-1.53233,47.23942],[-1.53045,47.24047]]]},"properties":{"cdi":0.035,"o_score_pt":978.7,"o_score_car":1050.7,"population":544}},{"type":"Feature","id":440,"geometry":{"type":"Polygon","coordinates":[[[-1.57597,47.27141],[-1.57515,47.27116],[-1.57498,47.27048],[-1.57554,47.27017],[-1.57636,47.27042],[-1.57653,47.2711],[-1.57597,47.27141]]]},"properties":{"cdi":0.188,"o_score_pt":550.5,"o_score_car":805.2,"population":16}},{"type":"Feature","id":441,"geometry":{"type":"Polygon","coordinates":[[[-1.51219,47.2829],[-1.51047,47.28238],[-1.51015,47.28107],[-1.5115,47.28032],[-1.51321,47.28084],[-1.51354,47.28215],[-1.51219,47.2829]]]},"properties":{"cdi":0.138,"o_score_pt":604.8,"o_score_car":797.8,"population":133}},{"type":"Feature","id":442,"geometry":{"type":"Polygon","coordinates":[[[-1.51276,47.25855],[-1.51036,47.25783],[-1.50991,47.25602],[-1.51186,47.25494],[-1.51426,47.25566],[-1.51471,47.25747],[-1.51276,47.25855]]]},"properties":{"cdi":0.123,"o_score_pt":746.9,"o_score_car":956.3,"population":662}},{"type":"Feature","id":443,"geometry":{"type":"Polygon","coordinates":[[[-1.57361,47.2533],[-1.57146,47.25266],[-1.57105,47.25103],[-1.57278,47.25007],[-1.57494,47.25071],[-1.57534,47.25234],[-1.57361,47.2533]]]},"properties":{"cdi":0.051,"o_score_pt":919.3,"o_score_car":1018.8,"population":365}},{"type":"Feature","id":444,"geometry":{"type":"Polygon","coordinates":[[[-1.61065,47.20617],[-1.60832,47.20547],[-1.60788,47.20372],[-1.60977,47.20267],[-1.6121,47.20337],[-1.61254,47.20512],[-1.61065,47.20617]]]},"properties":{"cdi":0.029,"o_score_pt":865,"o_score_car":916.3,"population":552}},{"type":"Feature","id":445,"geometry":{"type":"Polygon","coordinates":[[[-1.53931,47.23151],[-1.53691,47.23079],[-1.53646,47.22899],[-1.53841,47.22791],[-1.54081,47.22863],[-1.54125,47.23043],[-1.53931,47.23151]]]},"properties":{"cdi":-0.002,"o_score_pt":1151.4,"o_score_car":1146.1,"population":736}},{"type":"Feature","id":446,"geometry":{"type":"Polygon","coordinates":[[[-1.63813,47.19158],[-1.63743,47.19137],[-1.63728,47.19077],[-1.63774,47.19051],[-1.63844,47.19072],[-1.63859,47.19132],[-1.63813,47.19158]]]},"properties":{"cdi":1,"o_score_pt":0,"o_score_car":833.1,"population":12}},{"type":"Feature","id":447,"geometry":{"type":"Polygon","coordinates":[[[-1.5929,47.22388],[-1.59103,47.22332],[-1.59067,47.22189],[-1.59216,47.22106],[-1.59403,47.22162],[-1.59439,47.22305],[-1.5929,47.22388]]]},"properties":{"cdi":-0.006,"o_score_pt":1080.2,"o_score_car":1067.5,"population":193}},{"type":"Feature","id":448,"geometry":{"type":"Polygon","coordinates":[[[-1.52161,47.24954],[-1.51921,47.24882],[-1.51876,47.24701],[-1.52071,47.24593],[-1.52311,47.24665],[-1.52356,47.24846],[-1.52161,47.24954]]]},"properties":{"cdi":-0.018,"o_score_pt":1023.6,"o_score_car":986.7,"population":774}},{"type":"Feature","id":449,"geometry":{"type":"Polygon","coordinates":[[[-1.52174,47.24116],[-1.51947,47.24047],[-1.51904,47.23876],[-1.52088,47.23773],[-1.52316,47.23842],[-1.52359,47.24013],[-1.52174,47.24116]]]},"properties":{"cdi":0.028,"o_score_pt":976,"o_score_car":1031.8,"population":491}},{"type":"Feature","id":450,"geometry":{"type":"Polygon","coordinates":[[[-1.51401,47.26349],[-1.51223,47.26295],[-1.51189,47.26159],[-1.5133,47.26081],[-1.51508,47.26135],[-1.51542,47.26271],[-1.51401,47.26349]]]},"properties":{"cdi":0.1,"o_score_pt":733.7,"o_score_car":895.9,"population":155}},{"type":"Feature","id":451,"geometry":{"type":"Polygon","coordinates":[[[-1.54246,47.21745],[-1.54006,47.21673],[-1.53961,47.21493],[-1.54156,47.21385],[-1.54396,47.21457],[-1.5444,47.21637],[-1.54246,47.21745]]]},"properties":{"cdi":-0.06,"o_score_pt":1321.7,"o_score_car":1172.8,"population":1793}},{"type":"Feature","id":452,"geometry":{"type":"Polygon","coordinates":[[[-1.575,47.25889],[-1.5726,47.25817],[-1.57215,47.25637],[-1.5741,47.25529],[-1.5765,47.25601],[-1.57695,47.25781],[-1.575,47.25889]]]},"properties":{"cdi":0.037,"o_score_pt":879.5,"o_score_car":946.3,"population":649}},{"type":"Feature","id":453,"geometry":{"type":"Polygon","coordinates":[[[-1.56704,47.21816],[-1.56464,47.21744],[-1.56419,47.21564],[-1.56614,47.21456],[-1.56854,47.21527],[-1.56899,47.21708],[-1.56704,47.21816]]]},"properties":{"cdi":-0.065,"o_score_pt":1336,"o_score_car":1172.6,"population":1072}},{"type":"Feature","id":454,"geometry":{"type":"Polygon","coordinates":[[[-1.58275,47.2277],[-1.5806,47.22705],[-1.58019,47.22543],[-1.58192,47.22447],[-1.58407,47.22511],[-1.58448,47.22674],[-1.58275,47.2277]]]},"properties":{"cdi":0.033,"o_score_pt":1060.9,"o_score_car":1133.4,"population":366}},{"type":"Feature","id":455,"geometry":{"type":"Polygon","coordinates":[[[-1.6295,47.1926],[-1.6284,47.19227],[-1.62818,47.1914],[-1.62898,47.19095],[-1.63008,47.19128],[-1.6303,47.19215],[-1.6295,47.1926]]]},"properties":{"cdi":0.998,"o_score_pt":0.5,"o_score_car":695,"population":31}},{"type":"Feature","id":456,"geometry":{"type":"Polygon","coordinates":[[[-1.60061,47.20155],[-1.59821,47.20083],[-1.59776,47.19902],[-1.59971,47.19794],[-1.60211,47.19866],[-1.60256,47.20046],[-1.60061,47.20155]]]},"properties":{"cdi":-0.014,"o_score_pt":968.4,"o_score_car":940.9,"population":672}},{"type":"Feature","id":457,"geometry":{"type":"Polygon","coordinates":[[[-1.59027,47.21342],[-1.58791,47.21272],[-1.58747,47.21095],[-1.58938,47.20988],[-1.59174,47.21059],[-1.59218,47.21236],[-1.59027,47.21342]]]},"properties":{"cdi":0.003,"o_score_pt":1056,"o_score_car":1061.8,"population":589}},{"type":"Feature","id":458,"geometry":{"type":"Polygon","coordinates":[[[-1.58916,47.27098],[-1.58745,47.27047],[-1.58712,47.26916],[-1.58846,47.26842],[-1.59017,47.26893],[-1.59049,47.27024],[-1.58916,47.27098]]]},"properties":{"cdi":0.226,"o_score_pt":514.8,"o_score_car":815.3,"population":129}},{"type":"Feature","id":459,"geometry":{"type":"Polygon","coordinates":[[[-1.50725,47.21859],[-1.50725,47.21859],[-1.50723,47.21849],[-1.50723,47.21849],[-1.50725,47.21859]]]},"properties":{"cdi":0.076,"o_score_pt":860.7,"o_score_car":1002.1,"population":2}},{"type":"Feature","id":460,"geometry":{"type":"Polygon","coordinates":[[[-1.5412,47.20346],[-1.53919,47.20286],[-1.53881,47.20133],[-1.54042,47.20044],[-1.54243,47.20104],[-1.54281,47.20257],[-1.5412,47.20346]]]},"properties":{"cdi":-0.026,"o_score_pt":1150.7,"o_score_car":1091.8,"population":264}},{"type":"Feature","id":461,"geometry":{"type":"Polygon","coordinates":[[[-1.58904,47.1996],[-1.58684,47.19894],[-1.58643,47.19729],[-1.5882,47.1963],[-1.59039,47.19696],[-1.59081,47.19862],[-1.58904,47.1996]]]},"properties":{"cdi":-0.058,"o_score_pt":1136.1,"o_score_car":1011.2,"population":406}},{"type":"Feature","id":462,"geometry":{"type":"Polygon","coordinates":[[[-1.5555,47.21636],[-1.5531,47.21564],[-1.55265,47.21384],[-1.5546,47.21276],[-1.557,47.21348],[-1.55745,47.21528],[-1.5555,47.21636]]]},"properties":{"cdi":-0.126,"o_score_pt":1562,"o_score_car":1212.2,"population":1819}},{"type":"Feature","id":463,"geometry":{"type":"Polygon","coordinates":[[[-1.53463,47.24832],[-1.53241,47.24765],[-1.53199,47.24598],[-1.53378,47.24499],[-1.536,47.24565],[-1.53641,47.24732],[-1.53463,47.24832]]]},"properties":{"cdi":0.033,"o_score_pt":975.8,"o_score_car":1041.5,"population":424}},{"type":"Feature","id":464,"geometry":{"type":"Polygon","coordinates":[[[-1.56649,47.24251],[-1.5648,47.242],[-1.56447,47.2407],[-1.5658,47.23996],[-1.56749,47.24047],[-1.56782,47.24177],[-1.56649,47.24251]]]},"properties":{"cdi":0.058,"o_score_pt":981.2,"o_score_car":1102.3,"population":126}},{"type":"Feature","id":465,"geometry":{"type":"Polygon","coordinates":[[[-1.58158,47.21418],[-1.57918,47.21346],[-1.57873,47.21166],[-1.58068,47.21058],[-1.58308,47.2113],[-1.58353,47.2131],[-1.58158,47.21418]]]},"properties":{"cdi":0,"o_score_pt":1137.2,"o_score_car":1136.2,"population":649}},{"type":"Feature","id":466,"geometry":{"type":"Polygon","coordinates":[[[-1.52341,47.23002],[-1.52108,47.22932],[-1.52064,47.22757],[-1.52253,47.22652],[-1.52486,47.22722],[-1.5253,47.22897],[-1.52341,47.23002]]]},"properties":{"cdi":0.002,"o_score_pt":1092.7,"o_score_car":1096.7,"population":555}},{"type":"Feature","id":467,"geometry":{"type":"Polygon","coordinates":[[[-1.58043,47.2716],[-1.57886,47.27113],[-1.57856,47.26992],[-1.57978,47.26925],[-1.58135,47.26972],[-1.58165,47.27093],[-1.58043,47.2716]]]},"properties":{"cdi":0.193,"o_score_pt":574.8,"o_score_car":849.9,"population":94}},{"type":"Feature","id":468,"geometry":{"type":"Polygon","coordinates":[[[-1.60482,47.20948],[-1.60242,47.20876],[-1.60197,47.20695],[-1.60392,47.20587],[-1.60631,47.20659],[-1.60677,47.20839],[-1.60482,47.20948]]]},"properties":{"cdi":0.005,"o_score_pt":952.4,"o_score_car":962,"population":708}},{"type":"Feature","id":469,"geometry":{"type":"Polygon","coordinates":[[[-1.53346,47.23476],[-1.53106,47.23404],[-1.53061,47.23223],[-1.53256,47.23115],[-1.53496,47.23187],[-1.53541,47.23368],[-1.53346,47.23476]]]},"properties":{"cdi":0.017,"o_score_pt":1115.4,"o_score_car":1153.1,"population":692}},{"type":"Feature","id":470,"geometry":{"type":"Polygon","coordinates":[[[-1.5468,47.21709],[-1.5444,47.21637],[-1.54396,47.21457],[-1.5459,47.21348],[-1.5483,47.2142],[-1.54875,47.21601],[-1.5468,47.21709]]]},"properties":{"cdi":-0.113,"o_score_pt":1471,"o_score_car":1173.1,"population":1984}},{"type":"Feature","id":471,"geometry":{"type":"Polygon","coordinates":[[[-1.57408,47.22856],[-1.57175,47.22786],[-1.57131,47.22611],[-1.5732,47.22506],[-1.57553,47.22576],[-1.57597,47.22751],[-1.57408,47.22856]]]},"properties":{"cdi":0.005,"o_score_pt":1125.8,"o_score_car":1137.6,"population":552}},{"type":"Feature","id":472,"geometry":{"type":"Polygon","coordinates":[[[-1.48252,47.22616],[-1.48252,47.22616],[-1.4825,47.22606],[-1.4825,47.22606],[-1.48252,47.22616]]]},"properties":{"cdi":1,"o_score_pt":0,"o_score_car":934.6,"population":0}},{"type":"Feature","id":473,"geometry":{"type":"Polygon","coordinates":[[[-1.59729,47.22371],[-1.59515,47.22307],[-1.59475,47.22145],[-1.59647,47.2205],[-1.59861,47.22114],[-1.59901,47.22276],[-1.59729,47.22371]]]},"properties":{"cdi":-0.01,"o_score_pt":1084.7,"o_score_car":1064,"population":356}},{"type":"Feature","id":474,"geometry":{"type":"Polygon","coordinates":[[[-1.52596,47.24918],[-1.52356,47.24846],[-1.52311,47.24665],[-1.52506,47.24557],[-1.52746,47.24629],[-1.52791,47.24809],[-1.52596,47.24918]]]},"properties":{"cdi":0.037,"o_score_pt":992.2,"o_score_car":1068,"population":688}},{"type":"Feature","id":475,"geometry":{"type":"Polygon","coordinates":[[[-1.5159,47.2444],[-1.51362,47.24372],[-1.51319,47.242],[-1.51503,47.24098],[-1.51731,47.24166],[-1.51774,47.24338],[-1.5159,47.2444]]]},"properties":{"cdi":-0.015,"o_score_pt":1018.5,"o_score_car":987.8,"population":494}},{"type":"Feature","id":476,"geometry":{"type":"Polygon","coordinates":[[[-1.50568,47.2479],[-1.50354,47.24726],[-1.50313,47.24564],[-1.50486,47.24468],[-1.507,47.24533],[-1.5074,47.24695],[-1.50568,47.2479]]]},"properties":{"cdi":0.079,"o_score_pt":820.6,"o_score_car":961.4,"population":359}},{"type":"Feature","id":477,"geometry":{"type":"Polygon","coordinates":[[[-1.54416,47.19748],[-1.54243,47.19696],[-1.54209,47.19563],[-1.54346,47.19487],[-1.54519,47.19539],[-1.54552,47.19672],[-1.54416,47.19748]]]},"properties":{"cdi":-0.053,"o_score_pt":1126.2,"o_score_car":1013.4,"population":139}},{"type":"Feature","id":478,"geometry":{"type":"Polygon","coordinates":[[[-1.5082,47.26692],[-1.50616,47.26631],[-1.50578,47.26477],[-1.50741,47.26386],[-1.50945,47.26448],[-1.50983,47.26602],[-1.5082,47.26692]]]},"properties":{"cdi":0.139,"o_score_pt":667.5,"o_score_car":882.6,"population":280}},{"type":"Feature","id":479,"geometry":{"type":"Polygon","coordinates":[[[-1.53661,47.2207],[-1.53421,47.21998],[-1.53376,47.21818],[-1.53571,47.21709],[-1.53811,47.21781],[-1.53856,47.21962],[-1.53661,47.2207]]]},"properties":{"cdi":-0.065,"o_score_pt":1300.9,"o_score_car":1142.4,"population":1314}},{"type":"Feature","id":480,"geometry":{"type":"Polygon","coordinates":[[[-1.56912,47.262],[-1.56691,47.26134],[-1.56649,47.25967],[-1.56828,47.25868],[-1.57049,47.25934],[-1.57091,47.26101],[-1.56912,47.262]]]},"properties":{"cdi":0.03,"o_score_pt":897.2,"o_score_car":953.2,"population":422}},{"type":"Feature","id":481,"geometry":{"type":"Polygon","coordinates":[[[-1.58707,47.22719],[-1.58511,47.2266],[-1.58474,47.22511],[-1.5863,47.22425],[-1.58826,47.22483],[-1.58863,47.22632],[-1.58707,47.22719]]]},"properties":{"cdi":0.06,"o_score_pt":982.1,"o_score_car":1107.7,"population":234}},{"type":"Feature","id":482,"geometry":{"type":"Polygon","coordinates":[[[-1.63371,47.19156],[-1.63351,47.1915],[-1.63345,47.19127],[-1.63347,47.19126],[-1.63366,47.19132],[-1.63372,47.19155],[-1.63371,47.19156]]]},"properties":{"cdi":0.999,"o_score_pt":0.2,"o_score_car":649.9,"population":3}},{"type":"Feature","id":483,"geometry":{"type":"Polygon","coordinates":[[[-1.58319,47.20283],[-1.58103,47.20218],[-1.58062,47.20054],[-1.58236,47.19958],[-1.58452,47.20023],[-1.58493,47.20186],[-1.58319,47.20283]]]},"properties":{"cdi":-0.007,"o_score_pt":1084.1,"o_score_car":1068.1,"population":373}},{"type":"Feature","id":484,"geometry":{"type":"Polygon","coordinates":[[[-1.51186,47.21911],[-1.51063,47.21874],[-1.51038,47.21776],[-1.51131,47.21725],[-1.51254,47.21762],[-1.51278,47.2186],[-1.51186,47.21911]]]},"properties":{"cdi":0.016,"o_score_pt":1006,"o_score_car":1037.8,"population":43}},{"type":"Feature","id":485,"geometry":{"type":"Polygon","coordinates":[[[-1.54559,47.20332],[-1.54329,47.20263],[-1.54285,47.20089],[-1.54472,47.19985],[-1.54703,47.20055],[-1.54746,47.20228],[-1.54559,47.20332]]]},"properties":{"cdi":-0.069,"o_score_pt":1301.8,"o_score_car":1133.4,"population":524}},{"type":"Feature","id":486,"geometry":{"type":"Polygon","coordinates":[[[-1.52664,47.27844],[-1.52559,47.27812],[-1.52538,47.27728],[-1.52615,47.27685],[-1.5272,47.27717],[-1.52741,47.27801],[-1.52664,47.27844]]]},"properties":{"cdi":0.324,"o_score_pt":382.9,"o_score_car":750.4,"population":28}},{"type":"Feature","id":487,"geometry":{"type":"Polygon","coordinates":[[[-1.51479,47.29324],[-1.5137,47.29291],[-1.51348,47.29204],[-1.51428,47.29159],[-1.51538,47.29192],[-1.5156,47.2928],[-1.51479,47.29324]]]},"properties":{"cdi":0.373,"o_score_pt":317.6,"o_score_car":695.5,"population":31}},{"type":"Feature","id":488,"geometry":{"type":"Polygon","coordinates":[[[-1.52784,47.22102],[-1.52598,47.22046],[-1.52562,47.21904],[-1.5271,47.21822],[-1.52896,47.21878],[-1.52931,47.2202],[-1.52784,47.22102]]]},"properties":{"cdi":-0.023,"o_score_pt":1165.8,"o_score_car":1113.2,"population":187}},{"type":"Feature","id":489,"geometry":{"type":"Polygon","coordinates":[[[-1.55519,47.2329],[-1.55285,47.2322],[-1.55241,47.23044],[-1.55431,47.22939],[-1.55665,47.23009],[-1.55709,47.23185],[-1.55519,47.2329]]]},"properties":{"cdi":-0.049,"o_score_pt":1229.7,"o_score_car":1113.8,"population":565}},{"type":"Feature","id":490,"geometry":{"type":"Polygon","coordinates":[[[-1.5934,47.19929],[-1.59114,47.19861],[-1.59071,47.1969],[-1.59254,47.19589],[-1.5948,47.19657],[-1.59522,47.19827],[-1.5934,47.19929]]]},"properties":{"cdi":-0.026,"o_score_pt":1077.3,"o_score_car":1023.3,"population":471}},{"type":"Feature","id":491,"geometry":{"type":"Polygon","coordinates":[[[-1.55984,47.216],[-1.55745,47.21528],[-1.557,47.21348],[-1.55894,47.2124],[-1.56134,47.21312],[-1.56179,47.21492],[-1.55984,47.216]]]},"properties":{"cdi":-0.13,"o_score_pt":1493.1,"o_score_car":1148.8,"population":1808}},{"type":"Feature","id":492,"geometry":{"type":"Polygon","coordinates":[[[-1.54747,47.25526],[-1.54561,47.2547],[-1.54525,47.25328],[-1.54673,47.25246],[-1.54859,47.25302],[-1.54895,47.25444],[-1.54747,47.25526]]]},"properties":{"cdi":0.04,"o_score_pt":896.9,"o_score_car":970.9,"population":187}},{"type":"Feature","id":493,"geometry":{"type":"Polygon","coordinates":[[[-1.57574,47.21743],[-1.57334,47.21671],[-1.57289,47.21491],[-1.57483,47.21383],[-1.57723,47.21455],[-1.57768,47.21635],[-1.57574,47.21743]]]},"properties":{"cdi":-0.044,"o_score_pt":1231.6,"o_score_car":1127.1,"population":654}},{"type":"Feature","id":494,"geometry":{"type":"Polygon","coordinates":[[[-1.52776,47.22971],[-1.52537,47.22899],[-1.52492,47.22719],[-1.52687,47.22611],[-1.52926,47.22683],[-1.52971,47.22863],[-1.52776,47.22971]]]},"properties":{"cdi":0.032,"o_score_pt":1066.9,"o_score_car":1138.1,"population":665}},{"type":"Feature","id":495,"geometry":{"type":"Polygon","coordinates":[[[-1.51005,47.24766],[-1.50775,47.24697],[-1.50732,47.24524],[-1.50918,47.24421],[-1.51148,47.2449],[-1.51191,47.24663],[-1.51005,47.24766]]]},"properties":{"cdi":0.058,"o_score_pt":830.1,"o_score_car":933,"population":515}},{"type":"Feature","id":496,"geometry":{"type":"Polygon","coordinates":[[[-1.55859,47.20203],[-1.55656,47.20142],[-1.55617,47.19987],[-1.5578,47.19897],[-1.55983,47.19958],[-1.56022,47.20112],[-1.55859,47.20203]]]},"properties":{"cdi":0.073,"o_score_pt":968.5,"o_score_car":1121.7,"population":279}},{"type":"Feature","id":497,"geometry":{"type":"Polygon","coordinates":[[[-1.51331,47.22506],[-1.51135,47.22447],[-1.51098,47.22298],[-1.51255,47.22211],[-1.51451,47.2227],[-1.51488,47.22419],[-1.51331,47.22506]]]},"properties":{"cdi":-0.017,"o_score_pt":1014.5,"o_score_car":980.4,"population":237}},{"type":"Feature","id":498,"geometry":{"type":"Polygon","coordinates":[[[-1.57087,47.24231],[-1.56895,47.24174],[-1.56859,47.24028],[-1.57012,47.23943],[-1.57203,47.24001],[-1.5724,47.24147],[-1.57087,47.24231]]]},"properties":{"cdi":0.033,"o_score_pt":994.8,"o_score_car":1062.4,"population":213}},{"type":"Feature","id":499,"geometry":{"type":"Polygon","coordinates":[[[-1.60917,47.20911],[-1.60677,47.20839],[-1.60631,47.20659],[-1.60826,47.20551],[-1.61066,47.20623],[-1.61111,47.20803],[-1.60917,47.20911]]]},"properties":{"cdi":-0.005,"o_score_pt":940.9,"o_score_car":931.6,"population":678}},{"type":"Feature","id":500,"geometry":{"type":"Polygon","coordinates":[[[-1.5378,47.23438],[-1.53542,47.23367],[-1.53498,47.23188],[-1.53691,47.23081],[-1.53929,47.23152],[-1.53974,47.23331],[-1.5378,47.23438]]]},"properties":{"cdi":-0.005,"o_score_pt":1174.7,"o_score_car":1163.9,"population":622}},{"type":"Feature","id":501,"geometry":{"type":"Polygon","coordinates":[[[-1.60182,47.21525],[-1.59942,47.21453],[-1.59897,47.21273],[-1.60092,47.21164],[-1.60332,47.21236],[-1.60377,47.21417],[-1.60182,47.21525]]]},"properties":{"cdi":0.032,"o_score_pt":948.6,"o_score_car":1011.2,"population":741}},{"type":"Feature","id":502,"geometry":{"type":"Polygon","coordinates":[[[-1.53313,47.25123],[-1.53088,47.25055],[-1.53046,47.24885],[-1.53228,47.24784],[-1.53453,47.24852],[-1.53495,47.25022],[-1.53313,47.25123]]]},"properties":{"cdi":0.08,"o_score_pt":869,"o_score_car":1019.4,"population":461}},{"type":"Feature","id":503,"geometry":{"type":"Polygon","coordinates":[[[-1.55115,47.21673],[-1.54875,47.21601],[-1.5483,47.2142],[-1.55025,47.21312],[-1.55265,47.21384],[-1.5531,47.21564],[-1.55115,47.21673]]]},"properties":{"cdi":-0.1,"o_score_pt":1504.9,"o_score_car":1231.6,"population":1985}},{"type":"Feature","id":504,"geometry":{"type":"Polygon","coordinates":[[[-1.49257,47.24867],[-1.49086,47.24815],[-1.49053,47.24683],[-1.49188,47.24608],[-1.4936,47.2466],[-1.49393,47.24792],[-1.49257,47.24867]]]},"properties":{"cdi":0.06,"o_score_pt":814.7,"o_score_car":918.5,"population":134}},{"type":"Feature","id":505,"geometry":{"type":"Polygon","coordinates":[[[-1.57841,47.22812],[-1.57618,47.22745],[-1.57576,47.22577],[-1.57756,47.22477],[-1.5798,47.22544],[-1.58022,47.22712],[-1.57841,47.22812]]]},"properties":{"cdi":0.04,"o_score_pt":1038.7,"o_score_car":1124.4,"population":443}},{"type":"Feature","id":506,"geometry":{"type":"Polygon","coordinates":[[[-1.5632,47.2649],[-1.56146,47.26437],[-1.56112,47.26304],[-1.5625,47.26227],[-1.56424,47.2628],[-1.56458,47.26413],[-1.5632,47.2649]]]},"properties":{"cdi":0.128,"o_score_pt":698.5,"o_score_car":904.3,"population":142}},{"type":"Feature","id":507,"geometry":{"type":"Polygon","coordinates":[[[-1.59138,47.22661],[-1.5897,47.22611],[-1.58938,47.22483],[-1.59069,47.2241],[-1.59236,47.2246],[-1.59268,47.22588],[-1.59138,47.22661]]]},"properties":{"cdi":0.079,"o_score_pt":908.5,"o_score_car":1063.8,"population":120}},{"type":"Feature","id":508,"geometry":{"type":"Polygon","coordinates":[[[-1.52011,47.25242],[-1.51771,47.2517],[-1.51726,47.2499],[-1.51921,47.24882],[-1.52161,47.24954],[-1.52206,47.25134],[-1.52011,47.25242]]]},"properties":{"cdi":0.07,"o_score_pt":898.2,"o_score_car":1034.1,"population":816}},{"type":"Feature","id":509,"geometry":{"type":"Polygon","coordinates":[[[-1.56389,47.23222],[-1.56149,47.2315],[-1.56104,47.2297],[-1.56299,47.22862],[-1.56539,47.22934],[-1.56584,47.23114],[-1.56389,47.23222]]]},"properties":{"cdi":-0.028,"o_score_pt":1273.4,"o_score_car":1203.6,"population":701}},{"type":"Feature","id":510,"geometry":{"type":"Polygon","coordinates":[[[-1.51254,47.2665],[-1.51059,47.26591],[-1.51022,47.26443],[-1.51177,47.26357],[-1.51372,47.26415],[-1.51409,47.26564],[-1.51254,47.2665]]]},"properties":{"cdi":0.119,"o_score_pt":694.2,"o_score_car":882.5,"population":229}},{"type":"Feature","id":511,"geometry":{"type":"Polygon","coordinates":[[[-1.54096,47.22034],[-1.53856,47.21962],[-1.53811,47.21781],[-1.54006,47.21673],[-1.54246,47.21745],[-1.54291,47.21925],[-1.54096,47.22034]]]},"properties":{"cdi":-0.099,"o_score_pt":1352.2,"o_score_car":1107.6,"population":1573}},{"type":"Feature","id":512,"geometry":{"type":"Polygon","coordinates":[[[-1.5735,47.26178],[-1.5711,47.26106],[-1.57065,47.25926],[-1.5726,47.25818],[-1.575,47.2589],[-1.57545,47.2607],[-1.5735,47.26178]]]},"properties":{"cdi":0.046,"o_score_pt":883,"o_score_car":968.3,"population":645}},{"type":"Feature","id":513,"geometry":{"type":"Polygon","coordinates":[[[-1.56958,47.23721],[-1.56726,47.23651],[-1.56683,47.23477],[-1.5687,47.23372],[-1.57102,47.23442],[-1.57146,47.23616],[-1.56958,47.23721]]]},"properties":{"cdi":0.009,"o_score_pt":1139.9,"o_score_car":1159.5,"population":538}},{"type":"Feature","id":514,"geometry":{"type":"Polygon","coordinates":[[[-1.58755,47.20254],[-1.58529,47.20186],[-1.58487,47.20015],[-1.58669,47.19914],[-1.58895,47.19982],[-1.58938,47.20152],[-1.58755,47.20254]]]},"properties":{"cdi":-0.029,"o_score_pt":1093.5,"o_score_car":1031.9,"population":470}},{"type":"Feature","id":515,"geometry":{"type":"Polygon","coordinates":[[[-1.50596,47.22211],[-1.50505,47.22184],[-1.50487,47.22109],[-1.50551,47.22074],[-1.50642,47.22101],[-1.50661,47.22176],[-1.50596,47.22211]]]},"properties":{"cdi":0.127,"o_score_pt":756.1,"o_score_car":976.1,"population":20}},{"type":"Feature","id":516,"geometry":{"type":"Polygon","coordinates":[[[-1.53974,47.20654],[-1.53747,47.20586],[-1.53704,47.20415],[-1.53888,47.20313],[-1.54115,47.20381],[-1.54158,47.20552],[-1.53974,47.20654]]]},"properties":{"cdi":-0.051,"o_score_pt":1204.2,"o_score_car":1088.3,"population":485}},{"type":"Feature","id":517,"geometry":{"type":"Polygon","coordinates":[[[-1.53226,47.22106],[-1.52987,47.22034],[-1.52942,47.21854],[-1.53137,47.21745],[-1.53376,47.21818],[-1.53421,47.21998],[-1.53226,47.22106]]]},"properties":{"cdi":-0.049,"o_score_pt":1267.5,"o_score_car":1149.4,"population":751}},{"type":"Feature","id":518,"geometry":{"type":"Polygon","coordinates":[[[-1.55954,47.23256],[-1.55717,47.23185],[-1.55673,47.23007],[-1.55865,47.229],[-1.56102,47.22971],[-1.56146,47.23149],[-1.55954,47.23256]]]},"properties":{"cdi":-0.039,"o_score_pt":1232.5,"o_score_car":1141,"population":604}},{"type":"Feature","id":519,"geometry":{"type":"Polygon","coordinates":[[[-1.5528,47.20555],[-1.5504,47.20483],[-1.54995,47.20303],[-1.5519,47.20194],[-1.5543,47.20266],[-1.55475,47.20447],[-1.5528,47.20555]]]},"properties":{"cdi":-0.035,"o_score_pt":1208.7,"o_score_car":1127.7,"population":837}},{"type":"Feature","id":520,"geometry":{"type":"Polygon","coordinates":[[[-1.55184,47.25502],[-1.54982,47.25441],[-1.54943,47.25287],[-1.55105,47.25197],[-1.55308,47.25258],[-1.55347,47.25412],[-1.55184,47.25502]]]},"properties":{"cdi":0.024,"o_score_pt":951.8,"o_score_car":998,"population":274}},{"type":"Feature","id":521,"geometry":{"type":"Polygon","coordinates":[[[-1.5219,47.23289],[-1.5196,47.2322],[-1.51916,47.23046],[-1.52103,47.22942],[-1.52334,47.23011],[-1.52377,47.23185],[-1.5219,47.23289]]]},"properties":{"cdi":0.053,"o_score_pt":977.8,"o_score_car":1088.1,"population":526}},{"type":"Feature","id":522,"geometry":{"type":"Polygon","coordinates":[[[-1.49728,47.22285],[-1.49634,47.22257],[-1.49616,47.22181],[-1.49682,47.22144],[-1.49775,47.22172],[-1.49794,47.22248],[-1.49728,47.22285]]]},"properties":{"cdi":1,"o_score_pt":0,"o_score_car":874.1,"population":21}},{"type":"Feature","id":523,"geometry":{"type":"Polygon","coordinates":[[[-1.55083,47.23321],[-1.54856,47.23253],[-1.54813,47.23082],[-1.54997,47.2298],[-1.55224,47.23048],[-1.55267,47.23219],[-1.55083,47.23321]]]},"properties":{"cdi":-0.007,"o_score_pt":1126.8,"o_score_car":1110.9,"population":481}},{"type":"Feature","id":524,"geometry":{"type":"Polygon","coordinates":[[[-1.52357,47.29288],[-1.52199,47.29241],[-1.52169,47.29119],[-1.52291,47.29051],[-1.52449,47.29099],[-1.52479,47.2922],[-1.52357,47.29288]]]},"properties":{"cdi":0.295,"o_score_pt":376.8,"o_score_car":691.5,"population":96}},{"type":"Feature","id":525,"geometry":{"type":"Polygon","coordinates":[[[-1.51441,47.24737],[-1.51202,47.24665],[-1.51157,47.24485],[-1.51352,47.24377],[-1.51591,47.24449],[-1.51636,47.24629],[-1.51441,47.24737]]]},"properties":{"cdi":0.012,"o_score_pt":951.9,"o_score_car":975.6,"population":641}},{"type":"Feature","id":526,"geometry":{"type":"Polygon","coordinates":[[[-1.52348,47.22133],[-1.52169,47.22079],[-1.52135,47.21942],[-1.52276,47.21863],[-1.52455,47.21917],[-1.5249,47.22054],[-1.52348,47.22133]]]},"properties":{"cdi":-0.09,"o_score_pt":1097.4,"o_score_car":916.1,"population":159}},{"type":"Feature","id":527,"geometry":{"type":"Polygon","coordinates":[[[-1.56293,47.20162],[-1.56096,47.20103],[-1.56058,47.19953],[-1.56215,47.19865],[-1.56412,47.19924],[-1.5645,47.20074],[-1.56293,47.20162]]]},"properties":{"cdi":0.098,"o_score_pt":893.4,"o_score_car":1088.3,"population":241}},{"type":"Feature","id":528,"geometry":{"type":"Polygon","coordinates":[[[-1.57525,47.24209],[-1.57314,47.24146],[-1.57275,47.23987],[-1.57444,47.23893],[-1.57654,47.23956],[-1.57694,47.24115],[-1.57525,47.24209]]]},"properties":{"cdi":0.052,"o_score_pt":995.8,"o_score_car":1104.7,"population":329}},{"type":"Feature","id":529,"geometry":{"type":"Polygon","coordinates":[[[-1.55057,47.24095],[-1.54904,47.24049],[-1.54875,47.23931],[-1.54993,47.23865],[-1.55145,47.23911],[-1.55175,47.24029],[-1.55057,47.24095]]]},"properties":{"cdi":0.023,"o_score_pt":978.2,"o_score_car":1025,"population":85}},{"type":"Feature","id":530,"geometry":{"type":"Polygon","coordinates":[[[-1.5453,47.21997],[-1.54291,47.21925],[-1.54246,47.21745],[-1.5444,47.21637],[-1.5468,47.21709],[-1.54725,47.21889],[-1.5453,47.21997]]]},"properties":{"cdi":-0.079,"o_score_pt":1378.4,"o_score_car":1176.6,"population":1750}},{"type":"Feature","id":531,"geometry":{"type":"Polygon","coordinates":[[[-1.57259,47.23148],[-1.57021,47.23077],[-1.56976,47.22898],[-1.57169,47.22791],[-1.57407,47.22862],[-1.57452,47.23041],[-1.57259,47.23148]]]},"properties":{"cdi":-0.062,"o_score_pt":1325.1,"o_score_car":1169.3,"population":616}},{"type":"Feature","id":532,"geometry":{"type":"Polygon","coordinates":[[[-1.5223,47.27885],[-1.52118,47.27851],[-1.52096,47.27762],[-1.52179,47.27716],[-1.52291,47.2775],[-1.52313,47.27839],[-1.5223,47.27885]]]},"properties":{"cdi":0.254,"o_score_pt":495.3,"o_score_car":832.8,"population":33}},{"type":"Feature","id":533,"geometry":{"type":"Polygon","coordinates":[[[-1.56762,47.26489],[-1.5654,47.26423],[-1.56498,47.26255],[-1.56678,47.26155],[-1.569,47.26222],[-1.56942,47.2639],[-1.56762,47.26489]]]},"properties":{"cdi":0.086,"o_score_pt":779.8,"o_score_car":926.4,"population":433}},{"type":"Feature","id":534,"geometry":{"type":"Polygon","coordinates":[[[-1.53269,47.26712],[-1.53135,47.26672],[-1.53109,47.26567],[-1.53211,47.26511],[-1.53345,47.26551],[-1.53371,47.26656],[-1.53269,47.26712]]]},"properties":{"cdi":0.097,"o_score_pt":705.1,"o_score_car":857.3,"population":55}},{"type":"Feature","id":535,"geometry":{"type":"Polygon","coordinates":[[[-1.5339,47.20979],[-1.53163,47.20911],[-1.5312,47.20739],[-1.53304,47.20637],[-1.53531,47.20706],[-1.53573,47.20877],[-1.5339,47.20979]]]},"properties":{"cdi":-0.038,"o_score_pt":1178.9,"o_score_car":1092.4,"population":485}},{"type":"Feature","id":536,"geometry":{"type":"Polygon","coordinates":[[[-1.58833,47.24116],[-1.58601,47.24046],[-1.58558,47.23872],[-1.58745,47.23768],[-1.58977,47.23837],[-1.59021,47.24012],[-1.58833,47.24116]]]},"properties":{"cdi":-0.027,"o_score_pt":1058,"o_score_car":1003.1,"population":535}},{"type":"Feature","id":537,"geometry":{"type":"Polygon","coordinates":[[[-1.57393,47.23684],[-1.57161,47.23615],[-1.57118,47.2344],[-1.57305,47.23336],[-1.57537,47.23406],[-1.57581,47.2358],[-1.57393,47.23684]]]},"properties":{"cdi":0.015,"o_score_pt":1091.7,"o_score_car":1124.9,"population":534}},{"type":"Feature","id":538,"geometry":{"type":"Polygon","coordinates":[[[-1.5817,47.20575],[-1.57948,47.20509],[-1.57906,47.20342],[-1.58085,47.20242],[-1.58307,47.20309],[-1.58349,47.20476],[-1.5817,47.20575]]]},"properties":{"cdi":-0.025,"o_score_pt":1144,"o_score_car":1087.7,"population":426}},{"type":"Feature","id":539,"geometry":{"type":"Polygon","coordinates":[[[-1.51315,47.23333],[-1.51123,47.23275],[-1.51086,47.23128],[-1.5124,47.23043],[-1.51432,47.23101],[-1.51469,47.23247],[-1.51315,47.23333]]]},"properties":{"cdi":-0.043,"o_score_pt":1097.2,"o_score_car":1007.5,"population":218}},{"type":"Feature","id":540,"geometry":{"type":"Polygon","coordinates":[[[-1.5807,47.26393],[-1.57831,47.26321],[-1.57786,47.26142],[-1.5798,47.26034],[-1.5822,47.26106],[-1.58265,47.26285],[-1.5807,47.26393]]]},"properties":{"cdi":0.132,"o_score_pt":737.6,"o_score_car":962.1,"population":639}},{"type":"Feature","id":541,"geometry":{"type":"Polygon","coordinates":[[[-1.51042,47.22228],[-1.5088,47.22179],[-1.50849,47.22055],[-1.50975,47.21985],[-1.51137,47.22033],[-1.51168,47.22158],[-1.51042,47.22228]]]},"properties":{"cdi":-0.005,"o_score_pt":830,"o_score_car":822.3,"population":106}},{"type":"Feature","id":542,"geometry":{"type":"Polygon","coordinates":[[[-1.5441,47.20625],[-1.54174,47.20554],[-1.54129,47.20376],[-1.54321,47.20269],[-1.54558,47.2034],[-1.54602,47.20518],[-1.5441,47.20625]]]},"properties":{"cdi":-0.045,"o_score_pt":1238.6,"o_score_car":1133,"population":604}},{"type":"Feature","id":543,"geometry":{"type":"Polygon","coordinates":[[[-1.50555,47.25634],[-1.50322,47.25563],[-1.50278,47.25388],[-1.50467,47.25283],[-1.50701,47.25353],[-1.50745,47.25529],[-1.50555,47.25634]]]},"properties":{"cdi":0.182,"o_score_pt":621.5,"o_score_car":897.4,"population":561}},{"type":"Feature","id":544,"geometry":{"type":"Polygon","coordinates":[[[-1.52491,47.28058],[-1.52491,47.28058],[-1.52488,47.28048],[-1.52488,47.28048],[-1.52491,47.28058]]]},"properties":{"cdi":0.172,"o_score_pt":494.8,"o_score_car":700.1,"population":1}},{"type":"Feature","id":545,"geometry":{"type":"Polygon","coordinates":[[[-1.56629,47.25052],[-1.56496,47.25012],[-1.5647,47.24909],[-1.56571,47.24853],[-1.56703,47.24893],[-1.56729,47.24996],[-1.56629,47.25052]]]},"properties":{"cdi":0.141,"o_score_pt":775.6,"o_score_car":1030.1,"population":53}},{"type":"Feature","id":546,"geometry":{"type":"Polygon","coordinates":[[[-1.5264,47.22422],[-1.52411,47.22354],[-1.52368,47.22181],[-1.52554,47.22078],[-1.52782,47.22147],[-1.52825,47.2232],[-1.5264,47.22422]]]},"properties":{"cdi":-0.04,"o_score_pt":1177.8,"o_score_car":1087.5,"population":505}},{"type":"Feature","id":547,"geometry":{"type":"Polygon","coordinates":[[[-1.55367,47.23571],[-1.55144,47.23504],[-1.55101,47.23335],[-1.55282,47.23235],[-1.55506,47.23302],[-1.55548,47.23471],[-1.55367,47.23571]]]},"properties":{"cdi":-0.003,"o_score_pt":1173.3,"o_score_car":1166.6,"population":448}},{"type":"Feature","id":548,"geometry":{"type":"Polygon","coordinates":[[[-1.55714,47.20519],[-1.55475,47.20447],[-1.5543,47.20266],[-1.55625,47.20158],[-1.55864,47.2023],[-1.55909,47.2041],[-1.55714,47.20519]]]},"properties":{"cdi":0.038,"o_score_pt":1045.2,"o_score_car":1126.9,"population":822}},{"type":"Feature","id":549,"geometry":{"type":"Polygon","coordinates":[[[-1.57292,47.20604],[-1.57129,47.20555],[-1.57098,47.2043],[-1.57225,47.20359],[-1.57387,47.20408],[-1.57419,47.20533],[-1.57292,47.20604]]]},"properties":{"cdi":-0.073,"o_score_pt":1279.1,"o_score_car":1104.1,"population":108}},{"type":"Feature","id":550,"geometry":{"type":"Polygon","coordinates":[[[-1.52625,47.23254],[-1.52393,47.23184],[-1.5235,47.23009],[-1.52538,47.22905],[-1.5277,47.22975],[-1.52813,47.23149],[-1.52625,47.23254]]]},"properties":{"cdi":0.037,"o_score_pt":1008,"o_score_car":1085.9,"population":544}},{"type":"Feature","id":551,"geometry":{"type":"Polygon","coordinates":[[[-1.57199,47.2646],[-1.56968,47.2639],[-1.56924,47.26216],[-1.57111,47.26112],[-1.57343,47.26182],[-1.57386,47.26356],[-1.57199,47.2646]]]},"properties":{"cdi":0.051,"o_score_pt":821.7,"o_score_car":909.8,"population":530}},{"type":"Feature","id":552,"geometry":{"type":"Polygon","coordinates":[[[-1.5016,47.22236],[-1.50083,47.22213],[-1.50067,47.22149],[-1.50119,47.22121],[-1.50195,47.22144],[-1.50211,47.22208],[-1.5016,47.22236]]]},"properties":{"cdi":1,"o_score_pt":0.1,"o_score_car":946.4,"population":14}},{"type":"Feature","id":553,"geometry":{"type":"Polygon","coordinates":[[[-1.52785,47.29218],[-1.52673,47.29185],[-1.5265,47.29095],[-1.52733,47.29049],[-1.52845,47.29083],[-1.52868,47.29173],[-1.52785,47.29218]]]},"properties":{"cdi":0.346,"o_score_pt":319.1,"o_score_car":656.2,"population":33}},{"type":"Feature","id":554,"geometry":{"type":"Polygon","coordinates":[[[-1.50855,47.25055],[-1.50624,47.24986],[-1.50581,47.24812],[-1.50768,47.24708],[-1.50999,47.24777],[-1.51043,47.24951],[-1.50855,47.25055]]]},"properties":{"cdi":0.18,"o_score_pt":637.7,"o_score_car":917.5,"population":531}},{"type":"Feature","id":555,"geometry":{"type":"Polygon","coordinates":[[[-1.56931,47.24486],[-1.56784,47.24442],[-1.56755,47.24328],[-1.56868,47.24265],[-1.57015,47.24309],[-1.57044,47.24423],[-1.56931,47.24486]]]},"properties":{"cdi":0.031,"o_score_pt":950.9,"o_score_car":1010.8,"population":75}},{"type":"Feature","id":556,"geometry":{"type":"Polygon","coordinates":[[[-1.55499,47.24095],[-1.55297,47.24035],[-1.55259,47.23882],[-1.55421,47.23792],[-1.55622,47.23853],[-1.55661,47.24006],[-1.55499,47.24095]]]},"properties":{"cdi":-0.015,"o_score_pt":1105.9,"o_score_car":1074.2,"population":269}},{"type":"Feature","id":557,"geometry":{"type":"Polygon","coordinates":[[[-1.49418,47.23721],[-1.49283,47.23681],[-1.49257,47.23576],[-1.4936,47.23519],[-1.49494,47.23559],[-1.4952,47.23665],[-1.49418,47.23721]]]},"properties":{"cdi":0.258,"o_score_pt":531.1,"o_score_car":900,"population":56}},{"type":"Feature","id":558,"geometry":{"type":"Polygon","coordinates":[[[-1.5617,47.26778],[-1.55996,47.26725],[-1.55963,47.26592],[-1.561,47.26516],[-1.56274,47.26568],[-1.56307,47.26702],[-1.5617,47.26778]]]},"properties":{"cdi":0.219,"o_score_pt":616.7,"o_score_car":963.5,"population":140}},{"type":"Feature","id":559,"geometry":{"type":"Polygon","coordinates":[[[-1.53717,47.25838],[-1.53596,47.25801],[-1.53572,47.25705],[-1.53663,47.25655],[-1.53784,47.25692],[-1.53808,47.25787],[-1.53717,47.25838]]]},"properties":{"cdi":0.064,"o_score_pt":806.4,"o_score_car":916.7,"population":41}},{"type":"Feature","id":560,"geometry":{"type":"Polygon","coordinates":[[[-1.5213,47.18587],[-1.5192,47.18524],[-1.5188,47.18365],[-1.52049,47.18271],[-1.52259,47.18334],[-1.52298,47.18493],[-1.5213,47.18587]]]},"properties":{"cdi":0.063,"o_score_pt":827.6,"o_score_car":939.4,"population":326}},{"type":"Feature","id":561,"geometry":{"type":"Polygon","coordinates":[[[-1.53693,47.26623],[-1.5363,47.26604],[-1.53616,47.2655],[-1.53656,47.26527],[-1.5372,47.26547],[-1.53733,47.26601],[-1.53693,47.26623]]]},"properties":{"cdi":0.181,"o_score_pt":591.4,"o_score_car":853.3,"population":10}},{"type":"Feature","id":562,"geometry":{"type":"Polygon","coordinates":[[[-1.53826,47.20952],[-1.53586,47.2088],[-1.53541,47.207],[-1.53736,47.20592],[-1.53976,47.20664],[-1.54021,47.20844],[-1.53826,47.20952]]]},"properties":{"cdi":-0.013,"o_score_pt":1166.1,"o_score_car":1135.3,"population":878}},{"type":"Feature","id":563,"geometry":{"type":"Polygon","coordinates":[[[-1.56806,47.23999],[-1.56588,47.23934],[-1.56547,47.23769],[-1.56723,47.23671],[-1.56941,47.23736],[-1.56982,47.23901],[-1.56806,47.23999]]]},"properties":{"cdi":0.037,"o_score_pt":1053.4,"o_score_car":1134.4,"population":394}},{"type":"Feature","id":564,"geometry":{"type":"Polygon","coordinates":[[[-1.58607,47.20552],[-1.58368,47.2048],[-1.58323,47.20301],[-1.58517,47.20193],[-1.58757,47.20264],[-1.58801,47.20444],[-1.58607,47.20552]]]},"properties":{"cdi":0.005,"o_score_pt":1026,"o_score_car":1037.2,"population":638}},{"type":"Feature","id":565,"geometry":{"type":"Polygon","coordinates":[[[-1.51754,47.23319],[-1.51532,47.23252],[-1.5149,47.23084],[-1.5167,47.22984],[-1.51892,47.23051],[-1.51934,47.23219],[-1.51754,47.23319]]]},"properties":{"cdi":-0.038,"o_score_pt":1128.9,"o_score_car":1045.7,"population":433}},{"type":"Feature","id":566,"geometry":{"type":"Polygon","coordinates":[[[-1.50991,47.256],[-1.50754,47.25529],[-1.5071,47.25351],[-1.50902,47.25245],[-1.51138,47.25316],[-1.51182,47.25493],[-1.50991,47.256]]]},"properties":{"cdi":0.18,"o_score_pt":637.3,"o_score_car":917.2,"population":597}},{"type":"Feature","id":567,"geometry":{"type":"Polygon","coordinates":[[[-1.57073,47.25061],[-1.5688,47.25003],[-1.56843,47.24857],[-1.56997,47.24772],[-1.57189,47.24829],[-1.57226,47.24976],[-1.57073,47.25061]]]},"properties":{"cdi":0.073,"o_score_pt":856.8,"o_score_car":991.5,"population":217}},{"type":"Feature","id":568,"geometry":{"type":"Polygon","coordinates":[[[-1.55124,47.20814],[-1.54924,47.20754],[-1.54886,47.20601],[-1.55046,47.20512],[-1.55246,47.20573],[-1.55284,47.20725],[-1.55124,47.20814]]]},"properties":{"cdi":-0.06,"o_score_pt":1311.7,"o_score_car":1162.8,"population":261}},{"type":"Feature","id":569,"geometry":{"type":"Polygon","coordinates":[[[-1.5503,47.25767],[-1.54858,47.25715],[-1.54826,47.25584],[-1.5496,47.25509],[-1.55131,47.25561],[-1.55164,47.25692],[-1.5503,47.25767]]]},"properties":{"cdi":0.178,"o_score_pt":660.8,"o_score_car":947.4,"population":132}},{"type":"Feature","id":570,"geometry":{"type":"Polygon","coordinates":[[[-1.48994,47.22904],[-1.48892,47.22873],[-1.48872,47.22791],[-1.48946,47.2275],[-1.49048,47.22781],[-1.49068,47.22863],[-1.48994,47.22904]]]},"properties":{"cdi":1,"o_score_pt":0,"o_score_car":922.7,"population":26}},{"type":"Feature","id":571,"geometry":{"type":"Polygon","coordinates":[[[-1.57733,47.206],[-1.57527,47.20538],[-1.57488,47.20382],[-1.57653,47.20291],[-1.57859,47.20352],[-1.57898,47.20508],[-1.57733,47.206]]]},"properties":{"cdi":-0.014,"o_score_pt":1114.3,"o_score_car":1083.7,"population":294}},{"type":"Feature","id":572,"geometry":{"type":"Polygon","coordinates":[[[-1.50867,47.2421],[-1.50658,47.24147],[-1.50619,47.23989],[-1.50787,47.23895],[-1.50996,47.23958],[-1.51036,47.24117],[-1.50867,47.2421]]]},"properties":{"cdi":0.056,"o_score_pt":877,"o_score_car":981.1,"population":320}},{"type":"Feature","id":573,"geometry":{"type":"Polygon","coordinates":[[[-1.57635,47.26428],[-1.57397,47.26357],[-1.57353,47.26179],[-1.57545,47.26072],[-1.57783,47.26143],[-1.57828,47.26321],[-1.57635,47.26428]]]},"properties":{"cdi":0.083,"o_score_pt":831.5,"o_score_car":981.4,"population":611}},{"type":"Feature","id":574,"geometry":{"type":"Polygon","coordinates":[[[-1.49591,47.22642],[-1.49406,47.22587],[-1.49371,47.22445],[-1.49518,47.22363],[-1.49703,47.22419],[-1.49738,47.22561],[-1.49591,47.22642]]]},"properties":{"cdi":1,"o_score_pt":0,"o_score_car":888.9,"population":184}},{"type":"Feature","id":575,"geometry":{"type":"Polygon","coordinates":[[[-1.53703,47.19563],[-1.53489,47.19499],[-1.53448,47.19337],[-1.53621,47.19241],[-1.53835,47.19305],[-1.53875,47.19467],[-1.53703,47.19563]]]},"properties":{"cdi":0.022,"o_score_pt":943.5,"o_score_car":986.6,"population":359}},{"type":"Feature","id":576,"geometry":{"type":"Polygon","coordinates":[[[-1.52201,47.29548],[-1.52081,47.29512],[-1.52058,47.29418],[-1.52147,47.29368],[-1.52266,47.29404],[-1.5229,47.29499],[-1.52201,47.29548]]]},"properties":{"cdi":0.313,"o_score_pt":355.2,"o_score_car":679.2,"population":39}},{"type":"Feature","id":577,"geometry":{"type":"Polygon","coordinates":[[[-1.54907,47.24384],[-1.54753,47.24338],[-1.54724,47.24219],[-1.54843,47.24153],[-1.54997,47.24199],[-1.55026,47.24318],[-1.54907,47.24384]]]},"properties":{"cdi":0.028,"o_score_pt":903.8,"o_score_car":955.5,"population":88}},{"type":"Feature","id":578,"geometry":{"type":"Polygon","coordinates":[[[-1.54261,47.20916],[-1.54021,47.20844],[-1.53976,47.20664],[-1.54171,47.20555],[-1.54411,47.20627],[-1.54456,47.20808],[-1.54261,47.20916]]]},"properties":{"cdi":-0.04,"o_score_pt":1238.9,"o_score_car":1144.1,"population":1128}},{"type":"Feature","id":579,"geometry":{"type":"Polygon","coordinates":[[[-1.56989,47.22068],[-1.56749,47.21996],[-1.56704,47.21816],[-1.56899,47.21708],[-1.57139,47.2178],[-1.57184,47.2196],[-1.56989,47.22068]]]},"properties":{"cdi":-0.032,"o_score_pt":1242.2,"o_score_car":1165.4,"population":695}},{"type":"Feature","id":580,"geometry":{"type":"Polygon","coordinates":[[[-1.49856,47.23705],[-1.49696,47.23656],[-1.49666,47.23533],[-1.4979,47.23464],[-1.4995,47.23512],[-1.49981,47.23635],[-1.49856,47.23705]]]},"properties":{"cdi":0.189,"o_score_pt":633.1,"o_score_car":927.9,"population":102}},{"type":"Feature","id":581,"geometry":{"type":"Polygon","coordinates":[[[-1.56608,47.26753],[-1.56418,47.26696],[-1.56382,47.26552],[-1.56533,47.26468],[-1.56722,47.26525],[-1.56758,47.26669],[-1.56608,47.26753]]]},"properties":{"cdi":0.14,"o_score_pt":667.1,"o_score_car":883.5,"population":201}},{"type":"Feature","id":582,"geometry":{"type":"Polygon","coordinates":[[[-1.52561,47.18534],[-1.52373,47.18478],[-1.52337,47.18334],[-1.52486,47.18252],[-1.52674,47.18308],[-1.5271,47.18451],[-1.52561,47.18534]]]},"properties":{"cdi":0.036,"o_score_pt":829.4,"o_score_car":890.6,"population":194}},{"type":"Feature","id":583,"geometry":{"type":"Polygon","coordinates":[[[-1.53115,47.26982],[-1.53006,47.26949],[-1.52984,47.26862],[-1.53064,47.26817],[-1.53174,47.2685],[-1.53196,47.26938],[-1.53115,47.26982]]]},"properties":{"cdi":0.116,"o_score_pt":678.1,"o_score_car":856.6,"population":31}},{"type":"Feature","id":584,"geometry":{"type":"Polygon","coordinates":[[[-1.53227,47.21205],[-1.53083,47.21162],[-1.53055,47.2105],[-1.53166,47.20988],[-1.5331,47.21031],[-1.53338,47.21143],[-1.53227,47.21205]]]},"properties":{"cdi":-0.007,"o_score_pt":1109.9,"o_score_car":1094.3,"population":70}},{"type":"Feature","id":585,"geometry":{"type":"Polygon","coordinates":[[[-1.60648,47.18938],[-1.6049,47.18891],[-1.6046,47.18769],[-1.60582,47.18701],[-1.6074,47.18748],[-1.6077,47.1887],[-1.60648,47.18938]]]},"properties":{"cdi":0.998,"o_score_pt":0.8,"o_score_car":868.7,"population":96}},{"type":"Feature","id":586,"geometry":{"type":"Polygon","coordinates":[[[-1.57242,47.23968],[-1.57017,47.239],[-1.56975,47.23731],[-1.57157,47.2363],[-1.57382,47.23697],[-1.57424,47.23867],[-1.57242,47.23968]]]},"properties":{"cdi":0.037,"o_score_pt":1055.3,"o_score_car":1136.4,"population":460}},{"type":"Feature","id":587,"geometry":{"type":"Polygon","coordinates":[[[-1.48961,47.24552],[-1.48872,47.24525],[-1.48853,47.24452],[-1.48916,47.24418],[-1.49005,47.24444],[-1.49023,47.24518],[-1.48961,47.24552]]]},"properties":{"cdi":0.198,"o_score_pt":587.8,"o_score_car":877.6,"population":19}},{"type":"Feature","id":588,"geometry":{"type":"Polygon","coordinates":[[[-1.59897,47.21273],[-1.59657,47.21201],[-1.59612,47.21021],[-1.59807,47.20912],[-1.60047,47.20984],[-1.60092,47.21164],[-1.59897,47.21273]]]},"properties":{"cdi":-0.008,"o_score_pt":1026.1,"o_score_car":1010.5,"population":755}},{"type":"Feature","id":589,"geometry":{"type":"Polygon","coordinates":[[[-1.55467,47.25741],[-1.55281,47.25686],[-1.55246,47.25544],[-1.55393,47.25463],[-1.55578,47.25518],[-1.55614,47.2566],[-1.55467,47.25741]]]},"properties":{"cdi":0.064,"o_score_pt":889,"o_score_car":1011.1,"population":183}},{"type":"Feature","id":590,"geometry":{"type":"Polygon","coordinates":[[[-1.51165,47.23618],[-1.50975,47.23562],[-1.50939,47.23417],[-1.5109,47.23334],[-1.51279,47.23391],[-1.51315,47.23535],[-1.51165,47.23618]]]},"properties":{"cdi":0.007,"o_score_pt":987.6,"o_score_car":1001.3,"population":202}},{"type":"Feature","id":591,"geometry":{"type":"Polygon","coordinates":[[[-1.50406,47.25927],[-1.50166,47.25855],[-1.50121,47.25674],[-1.50316,47.25566],[-1.50556,47.25638],[-1.50601,47.25819],[-1.50406,47.25927]]]},"properties":{"cdi":0.211,"o_score_pt":570.3,"o_score_car":874.9,"population":681}},{"type":"Feature","id":592,"geometry":{"type":"Polygon","coordinates":[[[-1.52209,47.21571],[-1.52058,47.21526],[-1.52029,47.21409],[-1.52146,47.21344],[-1.52297,47.21389],[-1.52326,47.21506],[-1.52209,47.21571]]]},"properties":{"cdi":-0.023,"o_score_pt":1111.6,"o_score_car":1062.5,"population":82}},{"type":"Feature","id":593,"geometry":{"type":"Polygon","coordinates":[[[-1.56483,47.25361],[-1.56323,47.25313],[-1.56292,47.2519],[-1.56417,47.25121],[-1.56577,47.25169],[-1.56607,47.25292],[-1.56483,47.25361]]]},"properties":{"cdi":0.046,"o_score_pt":896.3,"o_score_car":982,"population":101}},{"type":"Feature","id":594,"geometry":{"type":"Polygon","coordinates":[[[-1.551,47.22502],[-1.5486,47.2243],[-1.54815,47.2225],[-1.5501,47.22141],[-1.5525,47.22213],[-1.55295,47.22394],[-1.551,47.22502]]]},"properties":{"cdi":-0.09,"o_score_pt":1389.1,"o_score_car":1160,"population":1084}},{"type":"Feature","id":595,"geometry":{"type":"Polygon","coordinates":[[[-1.55565,47.20807],[-1.55325,47.20735],[-1.5528,47.20555],[-1.55475,47.20447],[-1.55714,47.20519],[-1.55759,47.20699],[-1.55565,47.20807]]]},"properties":{"cdi":-0.03,"o_score_pt":1251.4,"o_score_car":1178,"population":1361}},{"type":"Feature","id":596,"geometry":{"type":"Polygon","coordinates":[[[-1.5432,47.24695],[-1.54184,47.24654],[-1.54157,47.24548],[-1.54261,47.24491],[-1.54397,47.24531],[-1.54423,47.24638],[-1.5432,47.24695]]]},"properties":{"cdi":0.117,"o_score_pt":794.5,"o_score_car":1005.3,"population":58}},{"type":"Feature","id":597,"geometry":{"type":"Polygon","coordinates":[[[-1.57153,47.2095],[-1.56914,47.20878],[-1.56869,47.20698],[-1.57064,47.2059],[-1.57303,47.20662],[-1.57348,47.20842],[-1.57153,47.2095]]]},"properties":{"cdi":-0.053,"o_score_pt":1267.1,"o_score_car":1140.4,"population":640}},{"type":"Feature","id":598,"geometry":{"type":"Polygon","coordinates":[[[-1.52104,47.27389],[-1.51933,47.27338],[-1.519,47.27206],[-1.52035,47.27131],[-1.52207,47.27183],[-1.52239,47.27314],[-1.52104,47.27389]]]},"properties":{"cdi":0.11,"o_score_pt":643.6,"o_score_car":803.2,"population":133}},{"type":"Feature","id":599,"geometry":{"type":"Polygon","coordinates":[[[-1.5716,47.2008],[-1.56975,47.20025],[-1.56939,47.19883],[-1.57086,47.19801],[-1.57272,47.19857],[-1.57307,47.19998],[-1.5716,47.2008]]]},"properties":{"cdi":0.012,"o_score_pt":1004.2,"o_score_car":1028.7,"population":184}},{"type":"Feature","id":600,"geometry":{"type":"Polygon","coordinates":[[[-1.51303,47.24176],[-1.51091,47.24112],[-1.51051,47.23952],[-1.51221,47.23857],[-1.51433,47.23921],[-1.51473,47.24081],[-1.51303,47.24176]]]},"properties":{"cdi":0.043,"o_score_pt":932.7,"o_score_car":1015.7,"population":341}},{"type":"Feature","id":601,"geometry":{"type":"Polygon","coordinates":[[[-1.57043,47.26719],[-1.56851,47.26661],[-1.56814,47.26515],[-1.56967,47.2643],[-1.5716,47.26488],[-1.57196,47.26634],[-1.57043,47.26719]]]},"properties":{"cdi":0.156,"o_score_pt":680.1,"o_score_car":932.4,"population":215}},{"type":"Feature","id":602,"geometry":{"type":"Polygon","coordinates":[[[-1.54126,47.19472],[-1.53985,47.1943],[-1.53958,47.19319],[-1.54066,47.19259],[-1.54207,47.19302],[-1.54235,47.19412],[-1.54126,47.19472]]]},"properties":{"cdi":-0.016,"o_score_pt":999,"o_score_car":968.4,"population":66}},{"type":"Feature","id":603,"geometry":{"type":"Polygon","coordinates":[[[-1.49526,47.25944],[-1.49359,47.25894],[-1.49327,47.25765],[-1.49458,47.25693],[-1.49624,47.25743],[-1.49656,47.25871],[-1.49526,47.25944]]]},"properties":{"cdi":0.272,"o_score_pt":467.8,"o_score_car":817.4,"population":119}},{"type":"Feature","id":604,"geometry":{"type":"Polygon","coordinates":[[[-1.52257,47.27113],[-1.5207,47.27056],[-1.52034,47.26914],[-1.52183,47.26831],[-1.5237,47.26887],[-1.52406,47.2703],[-1.52257,47.27113]]]},"properties":{"cdi":0.094,"o_score_pt":706.4,"o_score_car":853.5,"population":191}},{"type":"Feature","id":605,"geometry":{"type":"Polygon","coordinates":[[[-1.52355,47.21261],[-1.52233,47.21224],[-1.52209,47.21128],[-1.523,47.21077],[-1.52422,47.21113],[-1.52447,47.2121],[-1.52355,47.21261]]]},"properties":{"cdi":-0.036,"o_score_pt":1129.8,"o_score_car":1051.4,"population":42}},{"type":"Feature","id":606,"geometry":{"type":"Polygon","coordinates":[[[-1.55621,47.25473],[-1.55408,47.25409],[-1.55368,47.25249],[-1.55539,47.25154],[-1.55751,47.25218],[-1.55792,47.25378],[-1.55621,47.25473]]]},"properties":{"cdi":0.019,"o_score_pt":960.8,"o_score_car":998.6,"population":344}},{"type":"Feature","id":607,"geometry":{"type":"Polygon","coordinates":[[[-1.55347,47.24372],[-1.5516,47.24316],[-1.55125,47.24174],[-1.55273,47.24092],[-1.5546,47.24148],[-1.55495,47.2429],[-1.55347,47.24372]]]},"properties":{"cdi":-0.02,"o_score_pt":1104.7,"o_score_car":1061.8,"population":189}},{"type":"Feature","id":608,"geometry":{"type":"Polygon","coordinates":[[[-1.54695,47.2088],[-1.54456,47.20808],[-1.54411,47.20627],[-1.54605,47.20519],[-1.54845,47.20591],[-1.5489,47.20771],[-1.54695,47.2088]]]},"properties":{"cdi":-0.054,"o_score_pt":1286,"o_score_car":1155.2,"population":876}},{"type":"Feature","id":609,"geometry":{"type":"Polygon","coordinates":[[[-1.57423,47.22027],[-1.57189,47.21957],[-1.57145,47.21781],[-1.57335,47.21676],[-1.57568,47.21746],[-1.57612,47.21922],[-1.57423,47.22027]]]},"properties":{"cdi":-0.008,"o_score_pt":1093.7,"o_score_car":1076.4,"population":562}},{"type":"Feature","id":610,"geometry":{"type":"Polygon","coordinates":[[[-1.62085,47.1936],[-1.61941,47.19316],[-1.61913,47.19204],[-1.62024,47.19142],[-1.62168,47.19185],[-1.62197,47.19298],[-1.62085,47.1936]]]},"properties":{"cdi":0.999,"o_score_pt":0.4,"o_score_car":736.6,"population":71}},{"type":"Feature","id":611,"geometry":{"type":"Polygon","coordinates":[[[-1.49269,47.24016],[-1.49126,47.23973],[-1.49098,47.23862],[-1.49208,47.238],[-1.49351,47.23844],[-1.49379,47.23955],[-1.49269,47.24016]]]},"properties":{"cdi":0.209,"o_score_pt":577.8,"o_score_car":883.9,"population":69}},{"type":"Feature","id":612,"geometry":{"type":"Polygon","coordinates":[[[-1.52364,47.28419],[-1.5226,47.28388],[-1.52239,47.28305],[-1.52315,47.28263],[-1.52418,47.28294],[-1.52439,47.28378],[-1.52364,47.28419]]]},"properties":{"cdi":0.165,"o_score_pt":512.8,"o_score_car":715.1,"population":27}},{"type":"Feature","id":613,"geometry":{"type":"Polygon","coordinates":[[[-1.53987,47.19814],[-1.53775,47.1975],[-1.53735,47.19589],[-1.53906,47.19495],[-1.54117,47.19558],[-1.54157,47.19719],[-1.53987,47.19814]]]},"properties":{"cdi":-0.03,"o_score_pt":1120,"o_score_car":1054.4,"population":341}},{"type":"Feature","id":614,"geometry":{"type":"Polygon","coordinates":[[[-1.53567,47.26126],[-1.53446,47.2609],[-1.53422,47.25994],[-1.53513,47.25943],[-1.53634,47.2598],[-1.53658,47.26076],[-1.53567,47.26126]]]},"properties":{"cdi":0.085,"o_score_pt":759.2,"o_score_car":900.1,"population":41}},{"type":"Feature","id":615,"geometry":{"type":"Polygon","coordinates":[[[-1.51983,47.18892],[-1.5175,47.18822],[-1.51707,47.18647],[-1.51895,47.18542],[-1.52128,47.18612],[-1.52172,47.18788],[-1.51983,47.18892]]]},"properties":{"cdi":0.015,"o_score_pt":903.2,"o_score_car":930.7,"population":551}},{"type":"Feature","id":616,"geometry":{"type":"Polygon","coordinates":[[[-1.53526,47.26868],[-1.53526,47.26868],[-1.53524,47.26859],[-1.53524,47.26859],[-1.53526,47.26868]]]},"properties":{"cdi":0.171,"o_score_pt":588.9,"o_score_car":831.1,"population":2}},{"type":"Feature","id":617,"geometry":{"type":"Polygon","coordinates":[[[-1.53669,47.21203],[-1.53479,47.21146],[-1.53442,47.21001],[-1.53594,47.20917],[-1.53784,47.20974],[-1.5382,47.21119],[-1.53669,47.21203]]]},"properties":{"cdi":-0.02,"o_score_pt":1158.3,"o_score_car":1111.9,"population":206}},{"type":"Feature","id":618,"geometry":{"type":"Polygon","coordinates":[[[-1.61084,47.18907],[-1.60918,47.18858],[-1.60886,47.18731],[-1.61016,47.18659],[-1.61181,47.18708],[-1.61213,47.18835],[-1.61084,47.18907]]]},"properties":{"cdi":0.998,"o_score_pt":0.7,"o_score_car":816.7,"population":115}},{"type":"Feature","id":619,"geometry":{"type":"Polygon","coordinates":[[[-1.56539,47.2293],[-1.56304,47.2286],[-1.5626,47.22683],[-1.5645,47.22577],[-1.56685,47.22648],[-1.56729,47.22824],[-1.56539,47.2293]]]},"properties":{"cdi":-0.017,"o_score_pt":1205.8,"o_score_car":1166.1,"population":578}},{"type":"Feature","id":620,"geometry":{"type":"Polygon","coordinates":[[[-1.58745,47.27281],[-1.58715,47.27272],[-1.58708,47.27242],[-1.58717,47.27236],[-1.58747,47.27245],[-1.58754,47.27275],[-1.58745,47.27281]]]},"properties":{"cdi":0.378,"o_score_pt":370.3,"o_score_car":819.7,"population":4}},{"type":"Feature","id":621,"geometry":{"type":"Polygon","coordinates":[[[-1.49406,47.24571],[-1.49244,47.24522],[-1.49213,47.24397],[-1.4934,47.24327],[-1.49501,47.24376],[-1.49532,47.24501],[-1.49406,47.24571]]]},"properties":{"cdi":0.059,"o_score_pt":814.6,"o_score_car":915.9,"population":106}},{"type":"Feature","id":622,"geometry":{"type":"Polygon","coordinates":[[[-1.51155,47.24476],[-1.50927,47.24408],[-1.50885,47.24236],[-1.51069,47.24134],[-1.51296,47.24202],[-1.51339,47.24374],[-1.51155,47.24476]]]},"properties":{"cdi":0.079,"o_score_pt":840.1,"o_score_car":983.6,"population":490}},{"type":"Feature","id":623,"geometry":{"type":"Polygon","coordinates":[[[-1.60332,47.21236],[-1.60092,47.21164],[-1.60047,47.20984],[-1.60242,47.20876],[-1.60482,47.20948],[-1.60527,47.21128],[-1.60332,47.21236]]]},"properties":{"cdi":-0.006,"o_score_pt":1001.3,"o_score_car":989.7,"population":759}},{"type":"Feature","id":624,"geometry":{"type":"Polygon","coordinates":[[[-1.50841,47.25891],[-1.50601,47.25819],[-1.50556,47.25638],[-1.50751,47.2553],[-1.50991,47.25602],[-1.51036,47.25783],[-1.50841,47.25891]]]},"properties":{"cdi":0.246,"o_score_pt":592.4,"o_score_car":977.9,"population":732}},{"type":"Feature","id":625,"geometry":{"type":"Polygon","coordinates":[[[-1.56922,47.25344],[-1.56737,47.25288],[-1.56701,47.25147],[-1.56848,47.25066],[-1.57033,47.25121],[-1.57068,47.25262],[-1.56922,47.25344]]]},"properties":{"cdi":0.054,"o_score_pt":898.6,"o_score_car":1002,"population":181}},{"type":"Feature","id":626,"geometry":{"type":"Polygon","coordinates":[[[-1.58877,47.2163],[-1.58643,47.2156],[-1.58599,47.21384],[-1.58789,47.21278],[-1.59023,47.21348],[-1.59067,47.21524],[-1.58877,47.2163]]]},"properties":{"cdi":0.017,"o_score_pt":1078.2,"o_score_car":1114.9,"population":570}},{"type":"Feature","id":627,"geometry":{"type":"Polygon","coordinates":[[[-1.54162,47.24947],[-1.54075,47.24921],[-1.54057,47.24849],[-1.54118,47.24816],[-1.54205,47.24842],[-1.54223,47.24913],[-1.54162,47.24947]]]},"properties":{"cdi":0.066,"o_score_pt":866.3,"o_score_car":988.4,"population":18}},{"type":"Feature","id":628,"geometry":{"type":"Polygon","coordinates":[[[-1.55535,47.22466],[-1.55295,47.22394],[-1.5525,47.22213],[-1.55445,47.22105],[-1.55685,47.22177],[-1.5573,47.22357],[-1.55535,47.22466]]]},"properties":{"cdi":-0.079,"o_score_pt":1407.4,"o_score_car":1201.3,"population":1437}},{"type":"Feature","id":629,"geometry":{"type":"Polygon","coordinates":[[[-1.60208,47.1985],[-1.59989,47.19785],[-1.59948,47.19619],[-1.60124,47.19521],[-1.60343,47.19587],[-1.60384,47.19752],[-1.60208,47.1985]]]},"properties":{"cdi":-0.008,"o_score_pt":994.7,"o_score_car":978.5,"population":398}},{"type":"Feature","id":630,"geometry":{"type":"Polygon","coordinates":[[[-1.56854,47.21527],[-1.56614,47.21456],[-1.56569,47.21275],[-1.56764,47.21167],[-1.57004,47.21239],[-1.57049,47.21419],[-1.56854,47.21527]]]},"properties":{"cdi":-0.069,"o_score_pt":1323.6,"o_score_car":1151.8,"population":1113}},{"type":"Feature","id":631,"geometry":{"type":"Polygon","coordinates":[[[-1.54755,47.24664],[-1.54613,47.24621],[-1.54585,47.2451],[-1.54695,47.24449],[-1.54837,47.24492],[-1.54865,47.24603],[-1.54755,47.24664]]]},"properties":{"cdi":0.046,"o_score_pt":890.9,"o_score_car":976.5,"population":68}},{"type":"Feature","id":632,"geometry":{"type":"Polygon","coordinates":[[[-1.50718,47.245],[-1.50506,47.24436],[-1.50466,47.24276],[-1.50636,47.24182],[-1.50848,47.24246],[-1.50888,47.24406],[-1.50718,47.245]]]},"properties":{"cdi":0.071,"o_score_pt":836.4,"o_score_car":965.1,"population":338}},{"type":"Feature","id":633,"geometry":{"type":"Polygon","coordinates":[[[-1.53554,47.19856],[-1.53333,47.1979],[-1.53292,47.19623],[-1.5347,47.19525],[-1.5369,47.19591],[-1.53732,47.19757],[-1.53554,47.19856]]]},"properties":{"cdi":0.009,"o_score_pt":989.8,"o_score_car":1007.3,"population":414}},{"type":"Feature","id":634,"geometry":{"type":"Polygon","coordinates":[[[-1.51938,47.285],[-1.51774,47.28451],[-1.51743,47.28325],[-1.51871,47.28254],[-1.52034,47.28303],[-1.52066,47.28429],[-1.51938,47.285]]]},"properties":{"cdi":0.13,"o_score_pt":590.6,"o_score_car":766.8,"population":110}},{"type":"Feature","id":635,"geometry":{"type":"Polygon","coordinates":[[[-1.49968,47.25946],[-1.4975,47.25881],[-1.49709,47.25716],[-1.49885,47.25619],[-1.50103,47.25684],[-1.50144,47.25849],[-1.49968,47.25946]]]},"properties":{"cdi":0.259,"o_score_pt":526.1,"o_score_car":894.3,"population":393}},{"type":"Feature","id":636,"geometry":{"type":"Polygon","coordinates":[[[-1.52686,47.27049],[-1.52536,47.27004],[-1.52507,47.26887],[-1.52623,47.26822],[-1.52774,47.26868],[-1.52803,47.26985],[-1.52686,47.27049]]]},"properties":{"cdi":0.036,"o_score_pt":802.3,"o_score_car":861.4,"population":82}},{"type":"Feature","id":637,"geometry":{"type":"Polygon","coordinates":[[[-1.52798,47.21269],[-1.52617,47.21215],[-1.52582,47.21076],[-1.52726,47.20996],[-1.52907,47.21051],[-1.52942,47.21189],[-1.52798,47.21269]]]},"properties":{"cdi":-0.026,"o_score_pt":1143.1,"o_score_car":1084.3,"population":168}},{"type":"Feature","id":638,"geometry":{"type":"Polygon","coordinates":[[[-1.56054,47.25429],[-1.55853,47.25368],[-1.55814,47.25215],[-1.55976,47.25126],[-1.56177,47.25186],[-1.56215,47.25339],[-1.56054,47.25429]]]},"properties":{"cdi":-0.001,"o_score_pt":994.7,"o_score_car":992.4,"population":266}},{"type":"Feature","id":639,"geometry":{"type":"Polygon","coordinates":[[[-1.54111,47.21204],[-1.53871,47.21132],[-1.53826,47.20952],[-1.54021,47.20844],[-1.54261,47.20916],[-1.54306,47.21096],[-1.54111,47.21204]]]},"properties":{"cdi":-0.027,"o_score_pt":1181,"o_score_car":1118.1,"population":1001}},{"type":"Feature","id":640,"geometry":{"type":"Polygon","coordinates":[[[-1.56833,47.22327],[-1.56633,47.22267],[-1.56595,47.22115],[-1.56755,47.22026],[-1.56955,47.22086],[-1.56993,47.22238],[-1.56833,47.22327]]]},"properties":{"cdi":-0.011,"o_score_pt":1169.6,"o_score_car":1144.5,"population":256}},{"type":"Feature","id":641,"geometry":{"type":"Polygon","coordinates":[[[-1.62518,47.19313],[-1.62387,47.19273],[-1.62362,47.19171],[-1.62461,47.19116],[-1.62591,47.19155],[-1.62617,47.19258],[-1.62518,47.19313]]]},"properties":{"cdi":0.998,"o_score_pt":0.6,"o_score_car":711.1,"population":51}},{"type":"Feature","id":642,"geometry":{"type":"Polygon","coordinates":[[[-1.52418,47.18857],[-1.52184,47.18787],[-1.5214,47.18611],[-1.5233,47.18505],[-1.52563,47.18576],[-1.52607,47.18752],[-1.52418,47.18857]]]},"properties":{"cdi":0.053,"o_score_pt":835.9,"o_score_car":929.5,"population":568}},{"type":"Feature","id":643,"geometry":{"type":"Polygon","coordinates":[[[-1.51805,47.2797],[-1.51628,47.27916],[-1.51595,47.27781],[-1.51734,47.27704],[-1.51911,47.27757],[-1.51944,47.27892],[-1.51805,47.2797]]]},"properties":{"cdi":0.123,"o_score_pt":559.4,"o_score_car":715.7,"population":150}},{"type":"Feature","id":644,"geometry":{"type":"Polygon","coordinates":[[[-1.57289,47.21491],[-1.57049,47.21419],[-1.57004,47.21239],[-1.57199,47.21131],[-1.57438,47.21203],[-1.57483,47.21383],[-1.57289,47.21491]]]},"properties":{"cdi":-0.04,"o_score_pt":1238.8,"o_score_car":1142.4,"population":957}},{"type":"Feature","id":645,"geometry":{"type":"Polygon","coordinates":[[[-1.51916,47.22182],[-1.5172,47.22123],[-1.51683,47.21974],[-1.51839,47.21887],[-1.52035,47.21946],[-1.52072,47.22095],[-1.51916,47.22182]]]},"properties":{"cdi":-0.013,"o_score_pt":1044.2,"o_score_car":1017.4,"population":236}},{"type":"Feature","id":646,"geometry":{"type":"Polygon","coordinates":[[[-1.54648,47.23356],[-1.54423,47.23289],[-1.5438,47.23119],[-1.54562,47.23018],[-1.54788,47.23085],[-1.5483,47.23255],[-1.54648,47.23356]]]},"properties":{"cdi":0.023,"o_score_pt":1060.8,"o_score_car":1110.4,"population":464}},{"type":"Feature","id":647,"geometry":{"type":"Polygon","coordinates":[[[-1.60643,47.19815],[-1.60422,47.19749],[-1.60381,47.19582],[-1.60558,47.19483],[-1.60779,47.1955],[-1.60821,47.19716],[-1.60643,47.19815]]]},"properties":{"cdi":0.003,"o_score_pt":927.1,"o_score_car":933.4,"population":414}},{"type":"Feature","id":648,"geometry":{"type":"Polygon","coordinates":[[[-1.5495,47.2279],[-1.5471,47.22718],[-1.54665,47.22538],[-1.5486,47.2243],[-1.551,47.22502],[-1.55145,47.22682],[-1.5495,47.2279]]]},"properties":{"cdi":-0.045,"o_score_pt":1277,"o_score_car":1167.2,"population":892}},{"type":"Feature","id":649,"geometry":{"type":"Polygon","coordinates":[[[-1.60491,47.19193],[-1.60379,47.19159],[-1.60357,47.1907],[-1.60439,47.19024],[-1.60552,47.19057],[-1.60574,47.19147],[-1.60491,47.19193]]]},"properties":{"cdi":0.998,"o_score_pt":0.8,"o_score_car":843,"population":33}},{"type":"Feature","id":650,"geometry":{"type":"Polygon","coordinates":[[[-1.56972,47.22886],[-1.56747,47.22819],[-1.56705,47.22649],[-1.56886,47.22548],[-1.57111,47.22616],[-1.57154,47.22785],[-1.56972,47.22886]]]},"properties":{"cdi":-0.05,"o_score_pt":1293.5,"o_score_car":1169.9,"population":459}},{"type":"Feature","id":651,"geometry":{"type":"Polygon","coordinates":[[[-1.59747,47.21561],[-1.59508,47.21489],[-1.59463,47.21309],[-1.59657,47.21201],[-1.59897,47.21273],[-1.59942,47.21453],[-1.59747,47.21561]]]},"properties":{"cdi":0.024,"o_score_pt":993.9,"o_score_car":1043.5,"population":639}},{"type":"Feature","id":652,"geometry":{"type":"Polygon","coordinates":[[[-1.50893,47.22526],[-1.50719,47.22473],[-1.50686,47.2234],[-1.50823,47.22264],[-1.50997,47.22316],[-1.5103,47.2245],[-1.50893,47.22526]]]},"properties":{"cdi":0.082,"o_score_pt":812,"o_score_car":956.4,"population":141}},{"type":"Feature","id":653,"geometry":{"type":"Polygon","coordinates":[[[-1.50797,47.27486],[-1.5064,47.27439],[-1.5061,47.27318],[-1.50732,47.2725],[-1.50889,47.27297],[-1.5092,47.27419],[-1.50797,47.27486]]]},"properties":{"cdi":0.123,"o_score_pt":642.7,"o_score_car":823.7,"population":95}},{"type":"Feature","id":654,"geometry":{"type":"Polygon","coordinates":[[[-1.50134,47.24829],[-1.49916,47.24764],[-1.49875,47.24599],[-1.50051,47.24501],[-1.50269,47.24567],[-1.5031,47.24732],[-1.50134,47.24829]]]},"properties":{"cdi":0.026,"o_score_pt":829.9,"o_score_car":874.1,"population":395}},{"type":"Feature","id":655,"geometry":{"type":"Polygon","coordinates":[[[-1.56216,47.24296],[-1.56035,47.24242],[-1.56,47.24103],[-1.56143,47.24023],[-1.56325,47.24078],[-1.56359,47.24216],[-1.56216,47.24296]]]},"properties":{"cdi":0.051,"o_score_pt":976.5,"o_score_car":1081.5,"population":167}}]}