{"type":"FeatureCollection","features":[{"type":"Feature","properties":{"i":0},"geometry":{"type":"Polygon","coordinates":[[[-122.3661,47.56422],[-122.36491,47.56576],[-122.3663,47.56707],[-122.36889,47.56684],[-122.37008,47.5653],[-122.36868,47.56399],[-122.3661,47.56422]]]}},{"type":"Feature","properties":{"i":1},"geometry":{"type":"Polygon","coordinates":[[[-122.32378,47.51907],[-122.32258,47.52061],[-122.32398,47.52192],[-122.32657,47.5217],[-122.32776,47.52015],[-122.32636,47.51884],[-122.32378,47.51907]]]}},{"type":"Feature","properties":{"i":2},"geometry":{"type":"Polygon","coordinates":[[[-122.38751,47.53645],[-122.38632,47.538],[-122.38772,47.53931],[-122.39031,47.53908],[-122.3915,47.53754],[-122.3901,47.53623],[-122.38751,47.53645]]]}},{"type":"Feature","properties":{"i":3},"geometry":{"type":"Polygon","coordinates":[[[-122.38415,47.54394],[-122.38296,47.54548],[-122.38436,47.54679],[-122.38695,47.54657],[-122.38814,47.54502],[-122.38674,47.54371],[-122.38415,47.54394]]]}},{"type":"Feature","properties":{"i":4},"geometry":{"type":"Polygon","coordinates":[[[-122.3749,47.57781],[-122.37371,47.57935],[-122.37511,47.58066],[-122.37769,47.58043],[-122.37888,47.57889],[-122.37749,47.57758],[-122.3749,47.57781]]]}},{"type":"Feature","properties":{"i":5},"geometry":{"type":"Polygon","coordinates":[[[-122.38038,47.54571],[-122.37919,47.54725],[-122.38058,47.54857],[-122.38317,47.54834],[-122.38436,47.54679],[-122.38296,47.54548],[-122.38038,47.54571]]]}},{"type":"Feature","properties":{"i":6},"geometry":{"type":"Polygon","coordinates":[[[-122.38706,47.58391],[-122.38587,47.58546],[-122.38727,47.58677],[-122.38986,47.58654],[-122.39105,47.585],[-122.38965,47.58369],[-122.38706,47.58391]]]}},{"type":"Feature","properties":{"i":7},"geometry":{"type":"Polygon","coordinates":[[[-122.36951,47.50354],[-122.36832,47.50508],[-122.36971,47.50639],[-122.3723,47.50617],[-122.37349,47.50462],[-122.37209,47.50331],[-122.36951,47.50354]]]}},{"type":"Feature","properties":{"i":8},"geometry":{"type":"Polygon","coordinates":[[[-122.34768,47.52559],[-122.34649,47.52713],[-122.34788,47.52845],[-122.35047,47.52822],[-122.35166,47.52668],[-122.35026,47.52536],[-122.34768,47.52559]]]}},{"type":"Feature","properties":{"i":9},"geometry":{"type":"Polygon","coordinates":[[[-122.35983,47.53171],[-122.35864,47.53325],[-122.36004,47.53457],[-122.36263,47.53434],[-122.36382,47.5328],[-122.36242,47.53148],[-122.35983,47.53171]]]}},{"type":"Feature","properties":{"i":10},"geometry":{"type":"Polygon","coordinates":[[[-122.38328,47.58569],[-122.38209,47.58723],[-122.38349,47.58854],[-122.38608,47.58831],[-122.38727,47.58677],[-122.38587,47.58546],[-122.38328,47.58569]]]}},{"type":"Feature","properties":{"i":11},"geometry":{"type":"Polygon","coordinates":[[[-122.37013,47.51211],[-122.36894,47.51365],[-122.37033,47.51497],[-122.37292,47.51474],[-122.37411,47.5132],[-122.37271,47.51188],[-122.37013,47.51211]]]}},{"type":"Feature","properties":{"i":12},"geometry":{"type":"Polygon","coordinates":[[[-122.3739,47.51034],[-122.37271,47.51188],[-122.37411,47.5132],[-122.3767,47.51297],[-122.37789,47.51142],[-122.37649,47.51011],[-122.3739,47.51034]]]}},{"type":"Feature","properties":{"i":13},"geometry":{"type":"Polygon","coordinates":[[[-122.35057,47.56558],[-122.34938,47.56713],[-122.35078,47.56844],[-122.35336,47.56821],[-122.35455,47.56667],[-122.35316,47.56536],[-122.35057,47.56558]]]}},{"type":"Feature","properties":{"i":14},"geometry":{"type":"Polygon","coordinates":[[[-122.37199,47.53783],[-122.3708,47.53937],[-122.3722,47.54068],[-122.37479,47.54045],[-122.37598,47.53891],[-122.37458,47.5376],[-122.37199,47.53783]]]}},{"type":"Feature","properties":{"i":15},"geometry":{"type":"Polygon","coordinates":[[[-122.34871,47.53988],[-122.34752,47.54142],[-122.34892,47.54273],[-122.3515,47.54251],[-122.35269,47.54096],[-122.3513,47.53965],[-122.34871,47.53988]]]}},{"type":"Feature","properties":{"i":16},"geometry":{"type":"Polygon","coordinates":[[[-122.36273,47.5717],[-122.36154,47.57324],[-122.36294,47.57455],[-122.36553,47.57432],[-122.36672,47.57278],[-122.36532,47.57147],[-122.36273,47.5717]]]}},{"type":"Feature","properties":{"i":17},"geometry":{"type":"Polygon","coordinates":[[[-122.36863,47.54531],[-122.36744,47.54685],[-122.36884,47.54817],[-122.37143,47.54794],[-122.37262,47.54639],[-122.37122,47.54508],[-122.36863,47.54531]]]}},{"type":"Feature","properties":{"i":18},"geometry":{"type":"Polygon","coordinates":[[[-122.32838,47.52873],[-122.32719,47.53027],[-122.32858,47.53159],[-122.33117,47.53136],[-122.33236,47.52982],[-122.33096,47.5285],[-122.32838,47.52873]]]}},{"type":"Feature","properties":{"i":19},"geometry":{"type":"Polygon","coordinates":[[[-122.39756,47.56718],[-122.39637,47.56872],[-122.39777,47.57004],[-122.40036,47.56981],[-122.40155,47.56827],[-122.40015,47.56695],[-122.39756,47.56718]]]}},{"type":"Feature","properties":{"i":20},"geometry":{"type":"Polygon","coordinates":[[[-122.33531,47.51661],[-122.33412,47.51816],[-122.33552,47.51947],[-122.33811,47.51924],[-122.3393,47.5177],[-122.3379,47.51639],[-122.33531,47.51661]]]}},{"type":"Feature","properties":{"i":21},"geometry":{"type":"Polygon","coordinates":[[[-122.33717,47.54233],[-122.33598,47.54387],[-122.33738,47.54519],[-122.33996,47.54496],[-122.34115,47.54342],[-122.33976,47.5421],[-122.33717,47.54233]]]}},{"type":"Feature","properties":{"i":22},"geometry":{"type":"Polygon","coordinates":[[[-122.36925,47.55388],[-122.36806,47.55542],[-122.36946,47.55673],[-122.37205,47.55651],[-122.37324,47.55496],[-122.37184,47.55365],[-122.36925,47.55388]]]}},{"type":"Feature","properties":{"i":23},"geometry":{"type":"Polygon","coordinates":[[[-122.3246,47.5305],[-122.32341,47.53204],[-122.3248,47.53335],[-122.32739,47.53313],[-122.32858,47.53159],[-122.32719,47.53027],[-122.3246,47.5305]]]}},{"type":"Feature","properties":{"i":24},"geometry":{"type":"Polygon","coordinates":[[[-122.36299,47.52137],[-122.3618,47.52291],[-122.3632,47.52422],[-122.36578,47.524],[-122.36697,47.52245],[-122.36558,47.52114],[-122.36299,47.52137]]]}},{"type":"Feature","properties":{"i":25},"geometry":{"type":"Polygon","coordinates":[[[-122.38644,47.57535],[-122.38525,47.57689],[-122.38665,47.57821],[-122.38923,47.57798],[-122.39042,47.57643],[-122.38903,47.57512],[-122.38644,47.57535]]]}},{"type":"Feature","properties":{"i":26},"geometry":{"type":"Polygon","coordinates":[[[-122.34431,47.53308],[-122.34312,47.53462],[-122.34452,47.53593],[-122.34711,47.53571],[-122.3483,47.53416],[-122.3469,47.53285],[-122.34431,47.53308]]]}},{"type":"Feature","properties":{"i":27},"geometry":{"type":"Polygon","coordinates":[[[-122.38104,47.50108],[-122.37985,47.50262],[-122.38124,47.50394],[-122.38383,47.50371],[-122.38502,47.50217],[-122.38362,47.50085],[-122.38104,47.50108]]]}},{"type":"Feature","properties":{"i":28},"geometry":{"type":"Polygon","coordinates":[[[-122.35921,47.52314],[-122.35802,47.52468],[-122.35942,47.526],[-122.36201,47.52577],[-122.3632,47.52422],[-122.3618,47.52291],[-122.35921,47.52314]]]}},{"type":"Feature","properties":{"i":29},"geometry":{"type":"Polygon","coordinates":[[[-122.36589,47.56136],[-122.3647,47.5629],[-122.3661,47.56422],[-122.36868,47.56399],[-122.36987,47.56245],[-122.36848,47.56113],[-122.36589,47.56136]]]}},{"type":"Feature","properties":{"i":30},"geometry":{"type":"Polygon","coordinates":[[[-122.38689,47.52788],[-122.3857,47.52943],[-122.3871,47.53074],[-122.38968,47.53051],[-122.39087,47.52897],[-122.38948,47.52765],[-122.38689,47.52788]]]}},{"type":"Feature","properties":{"i":31},"geometry":{"type":"Polygon","coordinates":[[[-122.40553,47.56935],[-122.40434,47.57089],[-122.40574,47.57221],[-122.40833,47.57198],[-122.40952,47.57043],[-122.40812,47.56912],[-122.40553,47.56935]]]}},{"type":"Feature","properties":{"i":32},"geometry":{"type":"Polygon","coordinates":[[[-122.39777,47.57004],[-122.39658,47.57158],[-122.39798,47.57289],[-122.40057,47.57266],[-122.40176,47.57112],[-122.40036,47.56981],[-122.39777,47.57004]]]}},{"type":"Feature","properties":{"i":33},"geometry":{"type":"Polygon","coordinates":[[[-122.39465,47.5272],[-122.39346,47.52874],[-122.39486,47.53005],[-122.39744,47.52983],[-122.39863,47.52828],[-122.39723,47.52697],[-122.39465,47.5272]]]}},{"type":"Feature","properties":{"i":34},"geometry":{"type":"Polygon","coordinates":[[[-122.34493,47.54165],[-122.34374,47.54319],[-122.34514,47.5445],[-122.34773,47.54428],[-122.34892,47.54273],[-122.34752,47.54142],[-122.34493,47.54165]]]}},{"type":"Feature","properties":{"i":35},"geometry":{"type":"Polygon","coordinates":[[[-122.38166,47.50965],[-122.38047,47.5112],[-122.38187,47.51251],[-122.38445,47.51228],[-122.38564,47.51074],[-122.38425,47.50942],[-122.38166,47.50965]]]}},{"type":"Feature","properties":{"i":36},"geometry":{"type":"Polygon","coordinates":[[[-122.36211,47.56313],[-122.36092,47.56467],[-122.36232,47.56599],[-122.36491,47.56576],[-122.3661,47.56422],[-122.3647,47.5629],[-122.36211,47.56313]]]}},{"type":"Feature","properties":{"i":37},"geometry":{"type":"Polygon","coordinates":[[[-122.31979,47.51798],[-122.3186,47.51952],[-122.32,47.52084],[-122.32258,47.52061],[-122.32378,47.51907],[-122.32238,47.51775],[-122.31979,47.51798]]]}},{"type":"Feature","properties":{"i":38},"geometry":{"type":"Polygon","coordinates":[[[-122.39441,47.57752],[-122.39322,47.57906],[-122.39462,47.58037],[-122.39721,47.58014],[-122.3984,47.5786],[-122.397,47.57729],[-122.39441,47.57752]]]}},{"type":"Feature","properties":{"i":39},"geometry":{"type":"Polygon","coordinates":[[[-122.38353,47.53537],[-122.38234,47.53691],[-122.38374,47.53823],[-122.38632,47.538],[-122.38751,47.53645],[-122.38612,47.53514],[-122.38353,47.53537]]]}},{"type":"Feature","properties":{"i":40},"geometry":{"type":"Polygon","coordinates":[[[-122.39486,47.53005],[-122.39367,47.5316],[-122.39506,47.53291],[-122.39765,47.53268],[-122.39884,47.53114],[-122.39744,47.52983],[-122.39486,47.53005]]]}},{"type":"Feature","properties":{"i":41},"geometry":{"type":"Polygon","coordinates":[[[-122.38017,47.54285],[-122.37898,47.5444],[-122.38038,47.54571],[-122.38296,47.54548],[-122.38415,47.54394],[-122.38276,47.54262],[-122.38017,47.54285]]]}},{"type":"Feature","properties":{"i":42},"geometry":{"type":"Polygon","coordinates":[[[-122.38266,47.57712],[-122.38147,47.57866],[-122.38287,47.57998],[-122.38546,47.57975],[-122.38665,47.57821],[-122.38525,47.57689],[-122.38266,47.57712]]]}},{"type":"Feature","properties":{"i":43},"geometry":{"type":"Polygon","coordinates":[[[-122.38079,47.55142],[-122.3796,47.55296],[-122.381,47.55428],[-122.38359,47.55405],[-122.38478,47.55251],[-122.38338,47.55119],[-122.38079,47.55142]]]}},{"type":"Feature","properties":{"i":44},"geometry":{"type":"Polygon","coordinates":[[[-122.38308,47.58283],[-122.38189,47.58437],[-122.38328,47.58569],[-122.38587,47.58546],[-122.38706,47.58391],[-122.38567,47.5826],[-122.38308,47.58283]]]}},{"type":"Feature","properties":{"i":45},"geometry":{"type":"Polygon","coordinates":[[[-122.34809,47.53131],[-122.3469,47.53285],[-122.3483,47.53416],[-122.35088,47.53394],[-122.35207,47.53239],[-122.35068,47.53108],[-122.34809,47.53131]]]}},{"type":"Feature","properties":{"i":46},"geometry":{"type":"Polygon","coordinates":[[[-122.35585,47.53062],[-122.35466,47.53217],[-122.35606,47.53348],[-122.35864,47.53325],[-122.35983,47.53171],[-122.35844,47.5304],[-122.35585,47.53062]]]}},{"type":"Feature","properties":{"i":47},"geometry":{"type":"Polygon","coordinates":[[[-122.3837,47.59139],[-122.38251,47.59294],[-122.38391,47.59425],[-122.3865,47.59402],[-122.38769,47.59248],[-122.38629,47.59117],[-122.3837,47.59139]]]}},{"type":"Feature","properties":{"i":48},"geometry":{"type":"Polygon","coordinates":[[[-122.33511,47.51376],[-122.33392,47.5153],[-122.33531,47.51661],[-122.3379,47.51639],[-122.33909,47.51484],[-122.33769,47.51353],[-122.33511,47.51376]]]}},{"type":"Feature","properties":{"i":49},"geometry":{"type":"Polygon","coordinates":[[[-122.37975,47.53714],[-122.37856,47.53868],[-122.37996,47.54],[-122.38255,47.53977],[-122.38374,47.53823],[-122.38234,47.53691],[-122.37975,47.53714]]]}},{"type":"Feature","properties":{"i":50},"geometry":{"type":"Polygon","coordinates":[[[-122.35647,47.53919],[-122.35528,47.54074],[-122.35668,47.54205],[-122.35927,47.54182],[-122.36046,47.54028],[-122.35906,47.53897],[-122.35647,47.53919]]]}},{"type":"Feature","properties":{"i":51},"geometry":{"type":"Polygon","coordinates":[[[-122.35875,47.57061],[-122.35756,47.57215],[-122.35895,47.57347],[-122.36154,47.57324],[-122.36273,47.5717],[-122.36134,47.57038],[-122.35875,47.57061]]]}},{"type":"Feature","properties":{"i":52},"geometry":{"type":"Polygon","coordinates":[[[-122.37639,47.54462],[-122.3752,47.54617],[-122.3766,47.54748],[-122.37919,47.54725],[-122.38038,47.54571],[-122.37898,47.5444],[-122.37639,47.54462]]]}},{"type":"Feature","properties":{"i":53},"geometry":{"type":"Polygon","coordinates":[[[-122.32439,47.52764],[-122.3232,47.52918],[-122.3246,47.5305],[-122.32719,47.53027],[-122.32838,47.52873],[-122.32698,47.52741],[-122.32439,47.52764]]]}},{"type":"Feature","properties":{"i":54},"geometry":{"type":"Polygon","coordinates":[[[-122.39358,47.5661],[-122.39239,47.56764],[-122.39379,47.56895],[-122.39637,47.56872],[-122.39756,47.56718],[-122.39616,47.56587],[-122.39358,47.5661]]]}},{"type":"Feature","properties":{"i":55},"geometry":{"type":"Polygon","coordinates":[[[-122.33133,47.51553],[-122.33014,47.51707],[-122.33154,47.51838],[-122.33412,47.51816],[-122.33531,47.51661],[-122.33392,47.5153],[-122.33133,47.51553]]]}},{"type":"Feature","properties":{"i":56},"geometry":{"type":"Polygon","coordinates":[[[-122.40595,47.57506],[-122.40476,47.5766],[-122.40616,47.57791],[-122.40875,47.57769],[-122.40994,47.57614],[-122.40854,47.57483],[-122.40595,47.57506]]]}},{"type":"Feature","properties":{"i":57},"geometry":{"type":"Polygon","coordinates":[[[-122.36527,47.55279],[-122.36408,47.55433],[-122.36548,47.55565],[-122.36806,47.55542],[-122.36925,47.55388],[-122.36786,47.55256],[-122.36527,47.55279]]]}},{"type":"Feature","properties":{"i":58},"geometry":{"type":"Polygon","coordinates":[[[-122.36548,47.55565],[-122.36429,47.55719],[-122.36568,47.5585],[-122.36827,47.55828],[-122.36946,47.55673],[-122.36806,47.55542],[-122.36548,47.55565]]]}},{"type":"Feature","properties":{"i":59},"geometry":{"type":"Polygon","coordinates":[[[-122.3793,47.5846],[-122.37811,47.58614],[-122.37951,47.58746],[-122.38209,47.58723],[-122.38328,47.58569],[-122.38189,47.58437],[-122.3793,47.5846]]]}},{"type":"Feature","properties":{"i":60},"geometry":{"type":"Polygon","coordinates":[[[-122.35901,47.52028],[-122.35782,47.52182],[-122.35921,47.52314],[-122.3618,47.52291],[-122.36299,47.52137],[-122.36159,47.52005],[-122.35901,47.52028]]]}},{"type":"Feature","properties":{"i":61},"geometry":{"type":"Polygon","coordinates":[[[-122.3632,47.52422],[-122.36201,47.52577],[-122.3634,47.52708],[-122.36599,47.52685],[-122.36718,47.52531],[-122.36578,47.524],[-122.3632,47.52422]]]}},{"type":"Feature","properties":{"i":62},"geometry":{"type":"Polygon","coordinates":[[[-122.3942,47.57466],[-122.39301,47.57621],[-122.39441,47.57752],[-122.397,47.57729],[-122.39819,47.57575],[-122.39679,47.57443],[-122.3942,47.57466]]]}},{"type":"Feature","properties":{"i":63},"geometry":{"type":"Polygon","coordinates":[[[-122.34473,47.53879],[-122.34353,47.54033],[-122.34493,47.54165],[-122.34752,47.54142],[-122.34871,47.53988],[-122.34731,47.53856],[-122.34473,47.53879]]]}},{"type":"Feature","properties":{"i":64},"geometry":{"type":"Polygon","coordinates":[[[-122.35963,47.52885],[-122.35844,47.5304],[-122.35983,47.53171],[-122.36242,47.53148],[-122.36361,47.52994],[-122.36221,47.52862],[-122.35963,47.52885]]]}},{"type":"Feature","properties":{"i":65},"geometry":{"type":"Polygon","coordinates":[[[-122.3619,47.56027],[-122.36071,47.56182],[-122.36211,47.56313],[-122.3647,47.5629],[-122.36589,47.56136],[-122.36449,47.56005],[-122.3619,47.56027]]]}},{"type":"Feature","properties":{"i":66},"geometry":{"type":"Polygon","coordinates":[[[-122.40155,47.56827],[-122.40036,47.56981],[-122.40176,47.57112],[-122.40434,47.57089],[-122.40553,47.56935],[-122.40413,47.56804],[-122.40155,47.56827]]]}},{"type":"Feature","properties":{"i":67},"geometry":{"type":"Polygon","coordinates":[[[-122.39066,47.52611],[-122.38948,47.52765],[-122.39087,47.52897],[-122.39346,47.52874],[-122.39465,47.5272],[-122.39325,47.52588],[-122.39066,47.52611]]]}},{"type":"Feature","properties":{"i":68},"geometry":{"type":"Polygon","coordinates":[[[-122.34095,47.54056],[-122.33976,47.5421],[-122.34115,47.54342],[-122.34374,47.54319],[-122.34493,47.54165],[-122.34353,47.54033],[-122.34095,47.54056]]]}},{"type":"Feature","properties":{"i":69},"geometry":{"type":"Polygon","coordinates":[[[-122.37768,47.50857],[-122.37649,47.51011],[-122.37789,47.51142],[-122.38047,47.5112],[-122.38166,47.50965],[-122.38026,47.50834],[-122.37768,47.50857]]]}},{"type":"Feature","properties":{"i":70},"geometry":{"type":"Polygon","coordinates":[[[-122.38502,47.50217],[-122.38383,47.50371],[-122.38523,47.50502],[-122.38781,47.5048],[-122.389,47.50325],[-122.3876,47.50194],[-122.38502,47.50217]]]}},{"type":"Feature","properties":{"i":71},"geometry":{"type":"Polygon","coordinates":[[[-122.32061,47.52941],[-122.31942,47.53095],[-122.32082,47.53227],[-122.32341,47.53204],[-122.3246,47.5305],[-122.3232,47.52918],[-122.32061,47.52941]]]}},{"type":"Feature","properties":{"i":72},"geometry":{"type":"Polygon","coordinates":[[[-122.36253,47.56884],[-122.36134,47.57038],[-122.36273,47.5717],[-122.36532,47.57147],[-122.36651,47.56993],[-122.36511,47.56861],[-122.36253,47.56884]]]}},{"type":"Feature","properties":{"i":73},"geometry":{"type":"Polygon","coordinates":[[[-122.3202,47.52369],[-122.31901,47.52524],[-122.32041,47.52655],[-122.323,47.52632],[-122.32419,47.52478],[-122.32279,47.52347],[-122.3202,47.52369]]]}},{"type":"Feature","properties":{"i":74},"geometry":{"type":"Polygon","coordinates":[[[-122.40217,47.57683],[-122.40098,47.57837],[-122.40238,47.57969],[-122.40497,47.57946],[-122.40616,47.57791],[-122.40476,47.5766],[-122.40217,47.57683]]]}},{"type":"Feature","properties":{"i":75},"geometry":{"type":"Polygon","coordinates":[[[-122.39129,47.53468],[-122.3901,47.53623],[-122.3915,47.53754],[-122.39408,47.53731],[-122.39527,47.53577],[-122.39388,47.53445],[-122.39129,47.53468]]]}},{"type":"Feature","properties":{"i":76},"geometry":{"type":"Polygon","coordinates":[[[-122.38793,47.54217],[-122.38674,47.54371],[-122.38814,47.54502],[-122.39072,47.54479],[-122.39191,47.54325],[-122.39052,47.54194],[-122.38793,47.54217]]]}},{"type":"Feature","properties":{"i":77},"geometry":{"type":"Polygon","coordinates":[[[-122.37868,47.57604],[-122.37749,47.57758],[-122.37888,47.57889],[-122.38147,47.57866],[-122.38266,47.57712],[-122.38126,47.57581],[-122.37868,47.57604]]]}},{"type":"Feature","properties":{"i":78},"geometry":{"type":"Polygon","coordinates":[[[-122.3915,47.53754],[-122.39031,47.53908],[-122.3917,47.5404],[-122.39429,47.54017],[-122.39548,47.53862],[-122.39408,47.53731],[-122.3915,47.53754]]]}},{"type":"Feature","properties":{"i":79},"geometry":{"type":"Polygon","coordinates":[[[-122.3483,47.53416],[-122.34711,47.53571],[-122.3485,47.53702],[-122.35109,47.53679],[-122.35228,47.53525],[-122.35088,47.53394],[-122.3483,47.53416]]]}},{"type":"Feature","properties":{"i":80},"geometry":{"type":"Polygon","coordinates":[[[-122.37681,47.55034],[-122.37562,47.55188],[-122.37701,47.55319],[-122.3796,47.55296],[-122.38079,47.55142],[-122.37939,47.55011],[-122.37681,47.55034]]]}},{"type":"Feature","properties":{"i":81},"geometry":{"type":"Polygon","coordinates":[[[-122.39084,47.58214],[-122.38965,47.58369],[-122.39105,47.585],[-122.39364,47.58477],[-122.39483,47.58323],[-122.39343,47.58192],[-122.39084,47.58214]]]}},{"type":"Feature","properties":{"i":82},"geometry":{"type":"Polygon","coordinates":[[[-122.38523,47.50502],[-122.38404,47.50657],[-122.38543,47.50788],[-122.38802,47.50765],[-122.38921,47.50611],[-122.38781,47.5048],[-122.38523,47.50502]]]}},{"type":"Feature","properties":{"i":83},"geometry":{"type":"Polygon","coordinates":[[[-122.34411,47.53022],[-122.34292,47.53176],[-122.34431,47.53308],[-122.3469,47.53285],[-122.34809,47.53131],[-122.34669,47.52999],[-122.34411,47.53022]]]}},{"type":"Feature","properties":{"i":84},"geometry":{"type":"Polygon","coordinates":[[[-122.35626,47.53634],[-122.35507,47.53788],[-122.35647,47.53919],[-122.35906,47.53897],[-122.36025,47.53742],[-122.35885,47.53611],[-122.35626,47.53634]]]}},{"type":"Feature","properties":{"i":85},"geometry":{"type":"Polygon","coordinates":[[[-122.40532,47.5665],[-122.40413,47.56804],[-122.40553,47.56935],[-122.40812,47.56912],[-122.40931,47.56758],[-122.40791,47.56627],[-122.40532,47.5665]]]}},{"type":"Feature","properties":{"i":86},"geometry":{"type":"Polygon","coordinates":[[[-122.37577,47.53605],[-122.37458,47.5376],[-122.37598,47.53891],[-122.37856,47.53868],[-122.37975,47.53714],[-122.37836,47.53583],[-122.37577,47.53605]]]}},{"type":"Feature","properties":{"i":87},"geometry":{"type":"Polygon","coordinates":[[[-122.35249,47.53811],[-122.3513,47.53965],[-122.35269,47.54096],[-122.35528,47.54074],[-122.35647,47.53919],[-122.35507,47.53788],[-122.35249,47.53811]]]}},{"type":"Feature","properties":{"i":88},"geometry":{"type":"Polygon","coordinates":[[[-122.37241,47.54354],[-122.37122,47.54508],[-122.37262,47.54639],[-122.3752,47.54617],[-122.37639,47.54462],[-122.37499,47.54331],[-122.37241,47.54354]]]}},{"type":"Feature","properties":{"i":89},"geometry":{"type":"Polygon","coordinates":[[[-122.33215,47.52696],[-122.33096,47.5285],[-122.33236,47.52982],[-122.33495,47.52959],[-122.33614,47.52805],[-122.33474,47.52673],[-122.33215,47.52696]]]}},{"type":"Feature","properties":{"i":90},"geometry":{"type":"Polygon","coordinates":[[[-122.33174,47.52124],[-122.33055,47.52279],[-122.33195,47.5241],[-122.33454,47.52387],[-122.33573,47.52233],[-122.33433,47.52102],[-122.33174,47.52124]]]}},{"type":"Feature","properties":{"i":91},"geometry":{"type":"Polygon","coordinates":[[[-122.41371,47.57437],[-122.41252,47.57591],[-122.41392,47.57723],[-122.41651,47.577],[-122.4177,47.57546],[-122.4163,47.57414],[-122.41371,47.57437]]]}},{"type":"Feature","properties":{"i":92},"geometry":{"type":"Polygon","coordinates":[[[-122.37303,47.55211],[-122.37184,47.55365],[-122.37324,47.55496],[-122.37582,47.55473],[-122.37701,47.55319],[-122.37562,47.55188],[-122.37303,47.55211]]]}},{"type":"Feature","properties":{"i":93},"geometry":{"type":"Polygon","coordinates":[[[-122.37531,47.58352],[-122.37412,47.58506],[-122.37552,47.58637],[-122.37811,47.58614],[-122.3793,47.5846],[-122.3779,47.58329],[-122.37531,47.58352]]]}},{"type":"Feature","properties":{"i":94},"geometry":{"type":"Polygon","coordinates":[[[-122.36677,47.5196],[-122.36558,47.52114],[-122.36697,47.52245],[-122.36956,47.52223],[-122.37075,47.52068],[-122.36935,47.51937],[-122.36677,47.5196]]]}},{"type":"Feature","properties":{"i":95},"geometry":{"type":"Polygon","coordinates":[[[-122.39022,47.57358],[-122.38903,47.57512],[-122.39042,47.57643],[-122.39301,47.57621],[-122.3942,47.57466],[-122.3928,47.57335],[-122.39022,47.57358]]]}},{"type":"Feature","properties":{"i":96},"geometry":{"type":"Polygon","coordinates":[[[-122.34074,47.5377],[-122.33955,47.53925],[-122.34095,47.54056],[-122.34353,47.54033],[-122.34473,47.53879],[-122.34333,47.53748],[-122.34074,47.5377]]]}},{"type":"Feature","properties":{"i":97},"geometry":{"type":"Polygon","coordinates":[[[-122.37033,47.51497],[-122.36914,47.51651],[-122.37054,47.51783],[-122.37313,47.5176],[-122.37432,47.51605],[-122.37292,47.51474],[-122.37033,47.51497]]]}},{"type":"Feature","properties":{"i":98},"geometry":{"type":"Polygon","coordinates":[[[-122.35564,47.52777],[-122.35445,47.52931],[-122.35585,47.53062],[-122.35844,47.5304],[-122.35963,47.52885],[-122.35823,47.52754],[-122.35564,47.52777]]]}},{"type":"Feature","properties":{"i":99},"geometry":{"type":"Polygon","coordinates":[[[-122.36967,47.55959],[-122.36848,47.56113],[-122.36987,47.56245],[-122.37246,47.56222],[-122.37365,47.56067],[-122.37225,47.55936],[-122.36967,47.55959]]]}},{"type":"Feature","properties":{"i":100},"geometry":{"type":"Polygon","coordinates":[[[-122.40196,47.57398],[-122.40077,47.57552],[-122.40217,47.57683],[-122.40476,47.5766],[-122.40595,47.57506],[-122.40455,47.57375],[-122.40196,47.57398]]]}},{"type":"Feature","properties":{"i":101},"geometry":{"type":"Polygon","coordinates":[[[-122.34136,47.54627],[-122.34017,47.54782],[-122.34157,47.54913],[-122.34415,47.5489],[-122.34534,47.54736],[-122.34395,47.54605],[-122.34136,47.54627]]]}},{"type":"Feature","properties":{"i":102},"geometry":{"type":"Polygon","coordinates":[[[-122.35854,47.56776],[-122.35735,47.5693],[-122.35875,47.57061],[-122.36134,47.57038],[-122.36253,47.56884],[-122.36113,47.56753],[-122.35854,47.56776]]]}},{"type":"Feature","properties":{"i":103},"geometry":{"type":"Polygon","coordinates":[[[-122.36987,47.56245],[-122.36868,47.56399],[-122.37008,47.5653],[-122.37267,47.56507],[-122.37386,47.56353],[-122.37246,47.56222],[-122.36987,47.56245]]]}},{"type":"Feature","properties":{"i":104},"geometry":{"type":"Polygon","coordinates":[[[-122.31622,47.52261],[-122.31503,47.52415],[-122.31642,47.52546],[-122.31901,47.52524],[-122.3202,47.52369],[-122.31881,47.52238],[-122.31622,47.52261]]]}},{"type":"Feature","properties":{"i":105},"geometry":{"type":"Polygon","coordinates":[[[-122.39819,47.57575],[-122.397,47.57729],[-122.3984,47.5786],[-122.40098,47.57837],[-122.40217,47.57683],[-122.40077,47.57552],[-122.39819,47.57575]]]}},{"type":"Feature","properties":{"i":106},"geometry":{"type":"Polygon","coordinates":[[[-122.38731,47.5336],[-122.38612,47.53514],[-122.38751,47.53645],[-122.3901,47.53623],[-122.39129,47.53468],[-122.38989,47.53337],[-122.38731,47.5336]]]}},{"type":"Feature","properties":{"i":107},"geometry":{"type":"Polygon","coordinates":[[[-122.39863,47.52828],[-122.39744,47.52983],[-122.39884,47.53114],[-122.40143,47.53091],[-122.40261,47.52937],[-122.40122,47.52805],[-122.39863,47.52828]]]}},{"type":"Feature","properties":{"i":108},"geometry":{"type":"Polygon","coordinates":[[[-122.38394,47.54108],[-122.38276,47.54262],[-122.38415,47.54394],[-122.38674,47.54371],[-122.38793,47.54217],[-122.38653,47.54085],[-122.38394,47.54108]]]}},{"type":"Feature","properties":{"i":109},"geometry":{"type":"Polygon","coordinates":[[[-122.38457,47.54965],[-122.38338,47.55119],[-122.38478,47.55251],[-122.38736,47.55228],[-122.38855,47.55074],[-122.38716,47.54942],[-122.38457,47.54965]]]}},{"type":"Feature","properties":{"i":110},"geometry":{"type":"Polygon","coordinates":[[[-122.38685,47.58106],[-122.38567,47.5826],[-122.38706,47.58391],[-122.38965,47.58369],[-122.39084,47.58214],[-122.38944,47.58083],[-122.38685,47.58106]]]}},{"type":"Feature","properties":{"i":111},"geometry":{"type":"Polygon","coordinates":[[[-122.35187,47.52954],[-122.35068,47.53108],[-122.35207,47.53239],[-122.35466,47.53217],[-122.35585,47.53062],[-122.35445,47.52931],[-122.35187,47.52954]]]}},{"type":"Feature","properties":{"i":112},"geometry":{"type":"Polygon","coordinates":[[[-122.36697,47.52245],[-122.36578,47.524],[-122.36718,47.52531],[-122.36977,47.52508],[-122.37096,47.52354],[-122.36956,47.52223],[-122.36697,47.52245]]]}},{"type":"Feature","properties":{"i":113},"geometry":{"type":"Polygon","coordinates":[[[-122.35228,47.53525],[-122.35109,47.53679],[-122.35249,47.53811],[-122.35507,47.53788],[-122.35626,47.53634],[-122.35487,47.53502],[-122.35228,47.53525]]]}},{"type":"Feature","properties":{"i":114},"geometry":{"type":"Polygon","coordinates":[[[-122.38748,47.58962],[-122.38629,47.59117],[-122.38769,47.59248],[-122.39028,47.59225],[-122.39147,47.59071],[-122.39007,47.5894],[-122.38748,47.58962]]]}},{"type":"Feature","properties":{"i":115},"geometry":{"type":"Polygon","coordinates":[[[-122.40134,47.56541],[-122.40015,47.56695],[-122.40155,47.56827],[-122.40413,47.56804],[-122.40532,47.5665],[-122.40393,47.56518],[-122.40134,47.56541]]]}},{"type":"Feature","properties":{"i":116},"geometry":{"type":"Polygon","coordinates":[[[-122.39042,47.57643],[-122.38923,47.57798],[-122.39063,47.57929],[-122.39322,47.57906],[-122.39441,47.57752],[-122.39301,47.57621],[-122.39042,47.57643]]]}},{"type":"Feature","properties":{"i":117},"geometry":{"type":"Polygon","coordinates":[[[-122.38187,47.51251],[-122.38068,47.51405],[-122.38208,47.51537],[-122.38466,47.51514],[-122.38585,47.5136],[-122.38445,47.51228],[-122.38187,47.51251]]]}},{"type":"Feature","properties":{"i":118},"geometry":{"type":"Polygon","coordinates":[[[-122.35476,47.56953],[-122.35357,47.57107],[-122.35497,47.57238],[-122.35756,47.57215],[-122.35875,47.57061],[-122.35735,47.5693],[-122.35476,47.56953]]]}},{"type":"Feature","properties":{"i":119},"geometry":{"type":"Polygon","coordinates":[[[-122.3529,47.54382],[-122.35171,47.54536],[-122.35311,47.54668],[-122.35569,47.54645],[-122.35688,47.54491],[-122.35549,47.54359],[-122.3529,47.54382]]]}},{"type":"Feature","properties":{"i":120},"geometry":{"type":"Polygon","coordinates":[[[-122.32817,47.52587],[-122.32698,47.52741],[-122.32838,47.52873],[-122.33096,47.5285],[-122.33215,47.52696],[-122.33076,47.52564],[-122.32817,47.52587]]]}},{"type":"Feature","properties":{"i":121},"geometry":{"type":"Polygon","coordinates":[[[-122.38141,47.55999],[-122.38022,47.56153],[-122.38162,47.56284],[-122.38421,47.56262],[-122.3854,47.56107],[-122.384,47.55976],[-122.38141,47.55999]]]}},{"type":"Feature","properties":{"i":122},"geometry":{"type":"Polygon","coordinates":[[[-122.32776,47.52015],[-122.32657,47.5217],[-122.32796,47.52301],[-122.33055,47.52279],[-122.33174,47.52124],[-122.33035,47.51993],[-122.32776,47.52015]]]}},{"type":"Feature","properties":{"i":123},"geometry":{"type":"Polygon","coordinates":[[[-122.40973,47.57329],[-122.40854,47.57483],[-122.40994,47.57614],[-122.41252,47.57591],[-122.41371,47.57437],[-122.41231,47.57306],[-122.40973,47.57329]]]}},{"type":"Feature","properties":{"i":124},"geometry":{"type":"Polygon","coordinates":[[[-122.34177,47.55199],[-122.34058,47.55353],[-122.34198,47.55484],[-122.34457,47.55462],[-122.34576,47.55307],[-122.34436,47.55176],[-122.34177,47.55199]]]}},{"type":"Feature","properties":{"i":125},"geometry":{"type":"Polygon","coordinates":[[[-122.36905,47.55102],[-122.36786,47.55256],[-122.36925,47.55388],[-122.37184,47.55365],[-122.37303,47.55211],[-122.37163,47.55079],[-122.36905,47.55102]]]}},{"type":"Feature","properties":{"i":126},"geometry":{"type":"Polygon","coordinates":[[[-122.32879,47.53444],[-122.3276,47.53598],[-122.32899,47.5373],[-122.33158,47.53707],[-122.33277,47.53553],[-122.33138,47.53422],[-122.32879,47.53444]]]}},{"type":"Feature","properties":{"i":127},"geometry":{"type":"Polygon","coordinates":[[[-122.36278,47.51851],[-122.36159,47.52005],[-122.36299,47.52137],[-122.36558,47.52114],[-122.36677,47.5196],[-122.36537,47.51828],[-122.36278,47.51851]]]}},{"type":"Feature","properties":{"i":128},"geometry":{"type":"Polygon","coordinates":[[[-122.3485,47.53702],[-122.34731,47.53856],[-122.34871,47.53988],[-122.3513,47.53965],[-122.35249,47.53811],[-122.35109,47.53679],[-122.3485,47.53702]]]}},{"type":"Feature","properties":{"i":129},"geometry":{"type":"Polygon","coordinates":[[[-122.37809,47.51428],[-122.3769,47.51583],[-122.3783,47.51714],[-122.38089,47.51691],[-122.38208,47.51537],[-122.38068,47.51405],[-122.37809,47.51428]]]}},{"type":"Feature","properties":{"i":130},"geometry":{"type":"Polygon","coordinates":[[[-122.3634,47.52708],[-122.36221,47.52862],[-122.36361,47.52994],[-122.3662,47.52971],[-122.36739,47.52817],[-122.36599,47.52685],[-122.3634,47.52708]]]}},{"type":"Feature","properties":{"i":131},"geometry":{"type":"Polygon","coordinates":[[[-122.36568,47.5585],[-122.36449,47.56005],[-122.36589,47.56136],[-122.36848,47.56113],[-122.36967,47.55959],[-122.36827,47.55828],[-122.36568,47.5585]]]}},{"type":"Feature","properties":{"i":132},"geometry":{"type":"Polygon","coordinates":[[[-122.39798,47.57289],[-122.39679,47.57443],[-122.39819,47.57575],[-122.40077,47.57552],[-122.40196,47.57398],[-122.40057,47.57266],[-122.39798,47.57289]]]}},{"type":"Feature","properties":{"i":133},"geometry":{"type":"Polygon","coordinates":[[[-122.37851,47.52],[-122.37732,47.52154],[-122.37872,47.52285],[-122.3813,47.52263],[-122.38249,47.52108],[-122.38109,47.51977],[-122.37851,47.52]]]}},{"type":"Feature","properties":{"i":134},"geometry":{"type":"Polygon","coordinates":[[[-122.3663,47.56707],[-122.36511,47.56861],[-122.36651,47.56993],[-122.3691,47.5697],[-122.37029,47.56816],[-122.36889,47.56684],[-122.3663,47.56707]]]}},{"type":"Feature","properties":{"i":135},"geometry":{"type":"Polygon","coordinates":[[[-122.37764,47.56176],[-122.37645,47.5633],[-122.37785,47.56462],[-122.38043,47.56439],[-122.38162,47.56284],[-122.38022,47.56153],[-122.37764,47.56176]]]}},{"type":"Feature","properties":{"i":136},"geometry":{"type":"Polygon","coordinates":[[[-122.32398,47.52192],[-122.32279,47.52347],[-122.32419,47.52478],[-122.32677,47.52455],[-122.32796,47.52301],[-122.32657,47.5217],[-122.32398,47.52192]]]}},{"type":"Feature","properties":{"i":137},"geometry":{"type":"Polygon","coordinates":[[[-122.32858,47.53159],[-122.32739,47.53313],[-122.32879,47.53444],[-122.33138,47.53422],[-122.33257,47.53267],[-122.33117,47.53136],[-122.32858,47.53159]]]}},{"type":"Feature","properties":{"i":138},"geometry":{"type":"Polygon","coordinates":[[[-122.36884,47.54817],[-122.36765,47.54971],[-122.36905,47.55102],[-122.37163,47.55079],[-122.37282,47.54925],[-122.37143,47.54794],[-122.36884,47.54817]]]}},{"type":"Feature","properties":{"i":139},"geometry":{"type":"Polygon","coordinates":[[[-122.3986,47.58146],[-122.39741,47.583],[-122.39881,47.58431],[-122.4014,47.58408],[-122.40259,47.58254],[-122.40119,47.58123],[-122.3986,47.58146]]]}},{"type":"Feature","properties":{"i":140},"geometry":{"type":"Polygon","coordinates":[[[-122.36651,47.56993],[-122.36532,47.57147],[-122.36672,47.57278],[-122.36931,47.57255],[-122.3705,47.57101],[-122.3691,47.5697],[-122.36651,47.56993]]]}},{"type":"Feature","properties":{"i":141},"geometry":{"type":"Polygon","coordinates":[[[-122.38058,47.54857],[-122.37939,47.55011],[-122.38079,47.55142],[-122.38338,47.55119],[-122.38457,47.54965],[-122.38317,47.54834],[-122.38058,47.54857]]]}},{"type":"Feature","properties":{"i":142},"geometry":{"type":"Polygon","coordinates":[[[-122.34788,47.52845],[-122.34669,47.52999],[-122.34809,47.53131],[-122.35068,47.53108],[-122.35187,47.52954],[-122.35047,47.52822],[-122.34788,47.52845]]]}},{"type":"Feature","properties":{"i":143},"geometry":{"type":"Polygon","coordinates":[[[-122.37473,47.52177],[-122.37354,47.52331],[-122.37494,47.52463],[-122.37753,47.5244],[-122.37872,47.52285],[-122.37732,47.52154],[-122.37473,47.52177]]]}},{"type":"Feature","properties":{"i":144},"geometry":{"type":"Polygon","coordinates":[[[-122.36004,47.53457],[-122.35885,47.53611],[-122.36025,47.53742],[-122.36284,47.5372],[-122.36403,47.53565],[-122.36263,47.53434],[-122.36004,47.53457]]]}},{"type":"Feature","properties":{"i":145},"geometry":{"type":"Polygon","coordinates":[[[-122.38349,47.58854],[-122.3823,47.59008],[-122.3837,47.59139],[-122.38629,47.59117],[-122.38748,47.58962],[-122.38608,47.58831],[-122.38349,47.58854]]]}},{"type":"Feature","properties":{"i":146},"geometry":{"type":"Polygon","coordinates":[[[-122.38963,47.51183],[-122.38844,47.51337],[-122.38983,47.51468],[-122.39242,47.51445],[-122.39361,47.51291],[-122.39221,47.5116],[-122.38963,47.51183]]]}},{"type":"Feature","properties":{"i":147},"geometry":{"type":"Polygon","coordinates":[[[-122.40952,47.57043],[-122.40833,47.57198],[-122.40973,47.57329],[-122.41231,47.57306],[-122.4135,47.57152],[-122.4121,47.5702],[-122.40952,47.57043]]]}},{"type":"Feature","properties":{"i":148},"geometry":{"type":"Polygon","coordinates":[[[-122.36361,47.52994],[-122.36242,47.53148],[-122.36382,47.5328],[-122.3664,47.53257],[-122.36759,47.53103],[-122.3662,47.52971],[-122.36361,47.52994]]]}},{"type":"Feature","properties":{"i":149},"geometry":{"type":"Polygon","coordinates":[[[-122.34892,47.54273],[-122.34773,47.54428],[-122.34912,47.54559],[-122.35171,47.54536],[-122.3529,47.54382],[-122.3515,47.54251],[-122.34892,47.54273]]]}},{"type":"Feature","properties":{"i":150},"geometry":{"type":"Polygon","coordinates":[[[-122.36294,47.57455],[-122.36175,47.57609],[-122.36315,47.57741],[-122.36574,47.57718],[-122.36693,47.57564],[-122.36553,47.57432],[-122.36294,47.57455]]]}},{"type":"Feature","properties":{"i":151},"geometry":{"type":"Polygon","coordinates":[[[-122.38814,47.54502],[-122.38695,47.54657],[-122.38834,47.54788],[-122.39093,47.54765],[-122.39212,47.54611],[-122.39072,47.54479],[-122.38814,47.54502]]]}},{"type":"Feature","properties":{"i":152},"geometry":{"type":"Polygon","coordinates":[[[-122.38918,47.5593],[-122.38799,47.56085],[-122.38938,47.56216],[-122.39197,47.56193],[-122.39316,47.56039],[-122.39176,47.55907],[-122.38918,47.5593]]]}},{"type":"Feature","properties":{"i":153},"geometry":{"type":"Polygon","coordinates":[[[-122.33552,47.51947],[-122.33433,47.52102],[-122.33573,47.52233],[-122.33831,47.5221],[-122.3395,47.52056],[-122.33811,47.51924],[-122.33552,47.51947]]]}},{"type":"Feature","properties":{"i":154},"geometry":{"type":"Polygon","coordinates":[[[-122.3248,47.53335],[-122.32361,47.5349],[-122.32501,47.53621],[-122.3276,47.53598],[-122.32879,47.53444],[-122.32739,47.53313],[-122.3248,47.53335]]]}},{"type":"Feature","properties":{"i":155},"geometry":{"type":"Polygon","coordinates":[[[-122.34157,47.54913],[-122.34038,47.55067],[-122.34177,47.55199],[-122.34436,47.55176],[-122.34555,47.55022],[-122.34415,47.5489],[-122.34157,47.54913]]]}},{"type":"Feature","properties":{"i":156},"geometry":{"type":"Polygon","coordinates":[[[-122.39105,47.585],[-122.38986,47.58654],[-122.39126,47.58785],[-122.39385,47.58762],[-122.39503,47.58608],[-122.39364,47.58477],[-122.39105,47.585]]]}},{"type":"Feature","properties":{"i":157},"geometry":{"type":"Polygon","coordinates":[[[-122.37805,47.56747],[-122.37686,47.56901],[-122.37826,47.57033],[-122.38085,47.5701],[-122.38204,47.56856],[-122.38064,47.56724],[-122.37805,47.56747]]]}},{"type":"Feature","properties":{"i":158},"geometry":{"type":"Polygon","coordinates":[[[-122.34452,47.53593],[-122.34333,47.53748],[-122.34473,47.53879],[-122.34731,47.53856],[-122.3485,47.53702],[-122.34711,47.53571],[-122.34452,47.53593]]]}},{"type":"Feature","properties":{"i":159},"geometry":{"type":"Polygon","coordinates":[[[-122.37411,47.5132],[-122.37292,47.51474],[-122.37432,47.51605],[-122.3769,47.51583],[-122.37809,47.51428],[-122.3767,47.51297],[-122.37411,47.5132]]]}},{"type":"Feature","properties":{"i":160},"geometry":{"type":"Polygon","coordinates":[[[-122.35942,47.526],[-122.35823,47.52754],[-122.35963,47.52885],[-122.36221,47.52862],[-122.3634,47.52708],[-122.36201,47.52577],[-122.35942,47.526]]]}},{"type":"Feature","properties":{"i":161},"geometry":{"type":"Polygon","coordinates":[[[-122.40574,47.57221],[-122.40455,47.57375],[-122.40595,47.57506],[-122.40854,47.57483],[-122.40973,47.57329],[-122.40833,47.57198],[-122.40574,47.57221]]]}},{"type":"Feature","properties":{"i":162},"geometry":{"type":"Polygon","coordinates":[[[-122.38627,47.51931],[-122.38508,47.52086],[-122.38647,47.52217],[-122.38906,47.52194],[-122.39025,47.5204],[-122.38885,47.51908],[-122.38627,47.51931]]]}},{"type":"Feature","properties":{"i":163},"geometry":{"type":"Polygon","coordinates":[[[-122.34514,47.5445],[-122.34395,47.54605],[-122.34534,47.54736],[-122.34793,47.54713],[-122.34912,47.54559],[-122.34773,47.54428],[-122.34514,47.5445]]]}},{"type":"Feature","properties":{"i":164},"geometry":{"type":"Polygon","coordinates":[[[-122.33236,47.52982],[-122.33117,47.53136],[-122.33257,47.53267],[-122.33515,47.53245],[-122.33634,47.5309],[-122.33495,47.52959],[-122.33236,47.52982]]]}},{"type":"Feature","properties":{"i":165},"geometry":{"type":"Polygon","coordinates":[[[-122.36232,47.56599],[-122.36113,47.56753],[-122.36253,47.56884],[-122.36511,47.56861],[-122.3663,47.56707],[-122.36491,47.56576],[-122.36232,47.56599]]]}},{"type":"Feature","properties":{"i":166},"geometry":{"type":"Polygon","coordinates":[[[-122.37365,47.56067],[-122.37246,47.56222],[-122.37386,47.56353],[-122.37645,47.5633],[-122.37764,47.56176],[-122.37624,47.56045],[-122.37365,47.56067]]]}},{"type":"Feature","properties":{"i":167},"geometry":{"type":"Polygon","coordinates":[[[-122.32,47.52084],[-122.31881,47.52238],[-122.3202,47.52369],[-122.32279,47.52347],[-122.32398,47.52192],[-122.32258,47.52061],[-122.32,47.52084]]]}},{"type":"Feature","properties":{"i":168},"geometry":{"type":"Polygon","coordinates":[[[-122.39462,47.58037],[-122.39343,47.58192],[-122.39483,47.58323],[-122.39741,47.583],[-122.3986,47.58146],[-122.39721,47.58014],[-122.39462,47.58037]]]}},{"type":"Feature","properties":{"i":169},"geometry":{"type":"Polygon","coordinates":[[[-122.37515,47.52748],[-122.37396,47.52903],[-122.37535,47.53034],[-122.37794,47.53011],[-122.37913,47.52857],[-122.37773,47.52725],[-122.37515,47.52748]]]}},{"type":"Feature","properties":{"i":170},"geometry":{"type":"Polygon","coordinates":[[[-122.37307,47.49891],[-122.37188,47.50045],[-122.37328,47.50176],[-122.37587,47.50154],[-122.37706,47.49999],[-122.37566,47.49868],[-122.37307,47.49891]]]}},{"type":"Feature","properties":{"i":171},"geometry":{"type":"Polygon","coordinates":[[[-122.39506,47.53291],[-122.39388,47.53445],[-122.39527,47.53577],[-122.39786,47.53554],[-122.39905,47.534],[-122.39765,47.53268],[-122.39506,47.53291]]]}},{"type":"Feature","properties":{"i":172},"geometry":{"type":"Polygon","coordinates":[[[-122.37324,47.55496],[-122.37205,47.55651],[-122.37344,47.55782],[-122.37603,47.55759],[-122.37722,47.55605],[-122.37582,47.55473],[-122.37324,47.55496]]]}},{"type":"Feature","properties":{"i":173},"geometry":{"type":"Polygon","coordinates":[[[-122.37427,47.56924],[-122.37308,47.57078],[-122.37448,47.5721],[-122.37707,47.57187],[-122.37826,47.57033],[-122.37686,47.56901],[-122.37427,47.56924]]]}},{"type":"Feature","properties":{"i":174},"geometry":{"type":"Polygon","coordinates":[[[-122.3898,47.56787],[-122.38861,47.56941],[-122.39001,47.57072],[-122.3926,47.5705],[-122.39379,47.56895],[-122.39239,47.56764],[-122.3898,47.56787]]]}},{"type":"Feature","properties":{"i":175},"geometry":{"type":"Polygon","coordinates":[[[-122.39569,47.54148],[-122.3945,47.54302],[-122.3959,47.54434],[-122.39848,47.54411],[-122.39967,47.54257],[-122.39828,47.54125],[-122.39569,47.54148]]]}},{"type":"Feature","properties":{"i":176},"geometry":{"type":"Polygon","coordinates":[[[-122.38942,47.50897],[-122.38823,47.51051],[-122.38963,47.51183],[-122.39221,47.5116],[-122.3934,47.51005],[-122.392,47.50874],[-122.38942,47.50897]]]}},{"type":"Feature","properties":{"i":177},"geometry":{"type":"Polygon","coordinates":[[[-122.37075,47.52068],[-122.36956,47.52223],[-122.37096,47.52354],[-122.37354,47.52331],[-122.37473,47.52177],[-122.37334,47.52045],[-122.37075,47.52068]]]}},{"type":"Feature","properties":{"i":178},"geometry":{"type":"Polygon","coordinates":[[[-122.35606,47.53348],[-122.35487,47.53502],[-122.35626,47.53634],[-122.35885,47.53611],[-122.36004,47.53457],[-122.35864,47.53325],[-122.35606,47.53348]]]}},{"type":"Feature","properties":{"i":179},"geometry":{"type":"Polygon","coordinates":[[[-122.40512,47.56364],[-122.40393,47.56518],[-122.40532,47.5665],[-122.40791,47.56627],[-122.4091,47.56472],[-122.4077,47.56341],[-122.40512,47.56364]]]}},{"type":"Feature","properties":{"i":180},"geometry":{"type":"Polygon","coordinates":[[[-122.38564,47.51074],[-122.38445,47.51228],[-122.38585,47.5136],[-122.38844,47.51337],[-122.38963,47.51183],[-122.38823,47.51051],[-122.38564,47.51074]]]}},{"type":"Feature","properties":{"i":181},"geometry":{"type":"Polygon","coordinates":[[[-122.37137,47.52925],[-122.37018,47.5308],[-122.37158,47.53211],[-122.37416,47.53188],[-122.37535,47.53034],[-122.37396,47.52903],[-122.37137,47.52925]]]}},{"type":"Feature","properties":{"i":182},"geometry":{"type":"Polygon","coordinates":[[[-122.35668,47.54205],[-122.35549,47.54359],[-122.35688,47.54491],[-122.35947,47.54468],[-122.36066,47.54314],[-122.35927,47.54182],[-122.35668,47.54205]]]}},{"type":"Feature","properties":{"i":183},"geometry":{"type":"Polygon","coordinates":[[[-122.3959,47.54434],[-122.39471,47.54588],[-122.3961,47.54719],[-122.39869,47.54696],[-122.39988,47.54542],[-122.39848,47.54411],[-122.3959,47.54434]]]}},{"type":"Feature","properties":{"i":184},"geometry":{"type":"Polygon","coordinates":[[[-122.38519,47.55822],[-122.384,47.55976],[-122.3854,47.56107],[-122.38799,47.56085],[-122.38918,47.5593],[-122.38778,47.55799],[-122.38519,47.55822]]]}},{"type":"Feature","properties":{"i":185},"geometry":{"type":"Polygon","coordinates":[[[-122.33154,47.51838],[-122.33035,47.51993],[-122.33174,47.52124],[-122.33433,47.52102],[-122.33552,47.51947],[-122.33412,47.51816],[-122.33154,47.51838]]]}},{"type":"Feature","properties":{"i":186},"geometry":{"type":"Polygon","coordinates":[[[-122.40616,47.57791],[-122.40497,47.57946],[-122.40637,47.58077],[-122.40895,47.58054],[-122.41014,47.579],[-122.40875,47.57769],[-122.40616,47.57791]]]}},{"type":"Feature","properties":{"i":187},"geometry":{"type":"Polygon","coordinates":[[[-122.38478,47.55251],[-122.38359,47.55405],[-122.38498,47.55536],[-122.38757,47.55513],[-122.38876,47.55359],[-122.38736,47.55228],[-122.38478,47.55251]]]}},{"type":"Feature","properties":{"i":188},"geometry":{"type":"Polygon","coordinates":[[[-122.38582,47.56678],[-122.38463,47.56833],[-122.38602,47.56964],[-122.38861,47.56941],[-122.3898,47.56787],[-122.3884,47.56656],[-122.38582,47.56678]]]}},{"type":"Feature","properties":{"i":189},"geometry":{"type":"Polygon","coordinates":[[[-122.38769,47.59248],[-122.3865,47.59402],[-122.3879,47.59533],[-122.39048,47.5951],[-122.39167,47.59356],[-122.39028,47.59225],[-122.38769,47.59248]]]}},{"type":"Feature","properties":{"i":190},"geometry":{"type":"Polygon","coordinates":[[[-122.37452,47.51891],[-122.37334,47.52045],[-122.37473,47.52177],[-122.37732,47.52154],[-122.37851,47.52],[-122.37711,47.51868],[-122.37452,47.51891]]]}},{"type":"Feature","properties":{"i":191},"geometry":{"type":"Polygon","coordinates":[[[-122.35352,47.55239],[-122.35233,47.55393],[-122.35373,47.55525],[-122.35632,47.55502],[-122.35751,47.55348],[-122.35611,47.55216],[-122.35352,47.55239]]]}},{"type":"Feature","properties":{"i":192},"geometry":{"type":"Polygon","coordinates":[[[-122.40176,47.57112],[-122.40057,47.57266],[-122.40196,47.57398],[-122.40455,47.57375],[-122.40574,47.57221],[-122.40434,47.57089],[-122.40176,47.57112]]]}},{"type":"Feature","properties":{"i":193},"geometry":{"type":"Polygon","coordinates":[[[-122.38228,47.51823],[-122.38109,47.51977],[-122.38249,47.52108],[-122.38508,47.52086],[-122.38627,47.51931],[-122.38487,47.518],[-122.38228,47.51823]]]}},{"type":"Feature","properties":{"i":194},"geometry":{"type":"Polygon","coordinates":[[[-122.34115,47.54342],[-122.33996,47.54496],[-122.34136,47.54627],[-122.34395,47.54605],[-122.34514,47.5445],[-122.34374,47.54319],[-122.34115,47.54342]]]}},{"type":"Feature","properties":{"i":195},"geometry":{"type":"Polygon","coordinates":[[[-122.32796,47.52301],[-122.32677,47.52455],[-122.32817,47.52587],[-122.33076,47.52564],[-122.33195,47.5241],[-122.33055,47.52279],[-122.32796,47.52301]]]}},{"type":"Feature","properties":{"i":196},"geometry":{"type":"Polygon","coordinates":[[[-122.37262,47.54639],[-122.37143,47.54794],[-122.37282,47.54925],[-122.37541,47.54902],[-122.3766,47.54748],[-122.3752,47.54617],[-122.37262,47.54639]]]}},{"type":"Feature","properties":{"i":197},"geometry":{"type":"Polygon","coordinates":[[[-122.34012,47.52913],[-122.33893,47.53068],[-122.34033,47.53199],[-122.34292,47.53176],[-122.34411,47.53022],[-122.34271,47.52891],[-122.34012,47.52913]]]}},{"type":"Feature","properties":{"i":198},"geometry":{"type":"Polygon","coordinates":[[[-122.37407,47.56639],[-122.37288,47.56793],[-122.37427,47.56924],[-122.37686,47.56901],[-122.37805,47.56747],[-122.37666,47.56616],[-122.37407,47.56639]]]}},{"type":"Feature","properties":{"i":199},"geometry":{"type":"Polygon","coordinates":[[[-122.40238,47.57969],[-122.40119,47.58123],[-122.40259,47.58254],[-122.40518,47.58231],[-122.40637,47.58077],[-122.40497,47.57946],[-122.40238,47.57969]]]}},{"type":"Feature","properties":{"i":200},"geometry":{"type":"Polygon","coordinates":[[[-122.38291,47.5268],[-122.38172,47.52834],[-122.38311,47.52965],[-122.3857,47.52943],[-122.38689,47.52788],[-122.38549,47.52657],[-122.38291,47.5268]]]}},{"type":"Feature","properties":{"i":201},"geometry":{"type":"Polygon","coordinates":[[[-122.381,47.55428],[-122.37981,47.55582],[-122.38121,47.55713],[-122.38379,47.5569],[-122.38498,47.55536],[-122.38359,47.55405],[-122.381,47.55428]]]}},{"type":"Feature","properties":{"i":202},"geometry":{"type":"Polygon","coordinates":[[[-122.37029,47.56816],[-122.3691,47.5697],[-122.3705,47.57101],[-122.37308,47.57078],[-122.37427,47.56924],[-122.37288,47.56793],[-122.37029,47.56816]]]}},{"type":"Feature","properties":{"i":203},"geometry":{"type":"Polygon","coordinates":[[[-122.3917,47.5404],[-122.39052,47.54194],[-122.39191,47.54325],[-122.3945,47.54302],[-122.39569,47.54148],[-122.39429,47.54017],[-122.3917,47.5404]]]}},{"type":"Feature","properties":{"i":204},"geometry":{"type":"Polygon","coordinates":[[[-122.39631,47.55005],[-122.39512,47.55159],[-122.39652,47.5529],[-122.39911,47.55268],[-122.4003,47.55113],[-122.3989,47.54982],[-122.39631,47.55005]]]}},{"type":"Feature","properties":{"i":205},"geometry":{"type":"Polygon","coordinates":[[[-122.38543,47.50788],[-122.38425,47.50942],[-122.38564,47.51074],[-122.38823,47.51051],[-122.38942,47.50897],[-122.38802,47.50765],[-122.38543,47.50788]]]}},{"type":"Feature","properties":{"i":206},"geometry":{"type":"Polygon","coordinates":[[[-122.33573,47.52233],[-122.33454,47.52387],[-122.33593,47.52519],[-122.33852,47.52496],[-122.33971,47.52342],[-122.33831,47.5221],[-122.33573,47.52233]]]}},{"type":"Feature","properties":{"i":207},"geometry":{"type":"Polygon","coordinates":[[[-122.34974,47.55416],[-122.34855,47.5557],[-122.34995,47.55702],[-122.35254,47.55679],[-122.35373,47.55525],[-122.35233,47.55393],[-122.34974,47.55416]]]}},{"type":"Feature","properties":{"i":208},"geometry":{"type":"Polygon","coordinates":[[[-122.37116,47.5264],[-122.36997,47.52794],[-122.37137,47.52925],[-122.37396,47.52903],[-122.37515,47.52748],[-122.37375,47.52617],[-122.37116,47.5264]]]}},{"type":"Feature","properties":{"i":209},"geometry":{"type":"Polygon","coordinates":[[[-122.38606,47.51645],[-122.38487,47.518],[-122.38627,47.51931],[-122.38885,47.51908],[-122.39004,47.51754],[-122.38864,47.51623],[-122.38606,47.51645]]]}},{"type":"Feature","properties":{"i":210},"geometry":{"type":"Polygon","coordinates":[[[-122.36739,47.52817],[-122.3662,47.52971],[-122.36759,47.53103],[-122.37018,47.5308],[-122.37137,47.52925],[-122.36997,47.52794],[-122.36739,47.52817]]]}},{"type":"Feature","properties":{"i":211},"geometry":{"type":"Polygon","coordinates":[[[-122.35269,47.54096],[-122.3515,47.54251],[-122.3529,47.54382],[-122.35549,47.54359],[-122.35668,47.54205],[-122.35528,47.54074],[-122.35269,47.54096]]]}},{"type":"Feature","properties":{"i":212},"geometry":{"type":"Polygon","coordinates":[[[-122.39191,47.54325],[-122.39072,47.54479],[-122.39212,47.54611],[-122.39471,47.54588],[-122.3959,47.54434],[-122.3945,47.54302],[-122.39191,47.54325]]]}},{"type":"Feature","properties":{"i":213},"geometry":{"type":"Polygon","coordinates":[[[-122.37598,47.53891],[-122.37479,47.54045],[-122.37618,47.54177],[-122.37877,47.54154],[-122.37996,47.54],[-122.37856,47.53868],[-122.37598,47.53891]]]}},{"type":"Feature","properties":{"i":214},"geometry":{"type":"Polygon","coordinates":[[[-122.38561,47.56393],[-122.38442,47.56547],[-122.38582,47.56678],[-122.3884,47.56656],[-122.38959,47.56501],[-122.38819,47.5637],[-122.38561,47.56393]]]}},{"type":"Feature","properties":{"i":215},"geometry":{"type":"Polygon","coordinates":[[[-122.39254,47.55182],[-122.39135,47.55336],[-122.39275,47.55468],[-122.39533,47.55445],[-122.39652,47.5529],[-122.39512,47.55159],[-122.39254,47.55182]]]}},{"type":"Feature","properties":{"i":216},"geometry":{"type":"Polygon","coordinates":[[[-122.39483,47.58323],[-122.39364,47.58477],[-122.39503,47.58608],[-122.39762,47.58585],[-122.39881,47.58431],[-122.39741,47.583],[-122.39483,47.58323]]]}},{"type":"Feature","properties":{"i":217},"geometry":{"type":"Polygon","coordinates":[[[-122.38183,47.5657],[-122.38064,47.56724],[-122.38204,47.56856],[-122.38463,47.56833],[-122.38582,47.56678],[-122.38442,47.56547],[-122.38183,47.5657]]]}},{"type":"Feature","properties":{"i":218},"geometry":{"type":"Polygon","coordinates":[[[-122.36025,47.53742],[-122.35906,47.53897],[-122.36046,47.54028],[-122.36304,47.54005],[-122.36423,47.53851],[-122.36284,47.5372],[-122.36025,47.53742]]]}},{"type":"Feature","properties":{"i":219},"geometry":{"type":"Polygon","coordinates":[[[-122.37054,47.51783],[-122.36935,47.51937],[-122.37075,47.52068],[-122.37334,47.52045],[-122.37452,47.51891],[-122.37313,47.5176],[-122.37054,47.51783]]]}},{"type":"Feature","properties":{"i":220},"geometry":{"type":"Polygon","coordinates":[[[-122.34726,47.51988],[-122.34607,47.52142],[-122.34747,47.52273],[-122.35006,47.52251],[-122.35125,47.52096],[-122.34985,47.51965],[-122.34726,47.51988]]]}},{"type":"Feature","properties":{"i":221},"geometry":{"type":"Polygon","coordinates":[[[-122.36128,47.55171],[-122.36009,47.55325],[-122.36149,47.55456],[-122.36408,47.55433],[-122.36527,47.55279],[-122.36387,47.55148],[-122.36128,47.55171]]]}},{"type":"Feature","properties":{"i":222},"geometry":{"type":"Polygon","coordinates":[[[-122.3827,47.52394],[-122.38151,47.52548],[-122.38291,47.5268],[-122.38549,47.52657],[-122.38668,47.52503],[-122.38528,47.52371],[-122.3827,47.52394]]]}},{"type":"Feature","properties":{"i":223},"geometry":{"type":"Polygon","coordinates":[[[-122.36315,47.57741],[-122.36196,47.57895],[-122.36335,47.58026],[-122.36594,47.58003],[-122.36713,47.57849],[-122.36574,47.57718],[-122.36315,47.57741]]]}},{"type":"Feature","properties":{"i":224},"geometry":{"type":"Polygon","coordinates":[[[-122.33614,47.52805],[-122.33495,47.52959],[-122.33634,47.5309],[-122.33893,47.53068],[-122.34012,47.52913],[-122.33873,47.52782],[-122.33614,47.52805]]]}},{"type":"Feature","properties":{"i":225},"geometry":{"type":"Polygon","coordinates":[[[-122.35016,47.55987],[-122.34897,47.56142],[-122.35036,47.56273],[-122.35295,47.5625],[-122.35414,47.56096],[-122.35274,47.55965],[-122.35016,47.55987]]]}},{"type":"Feature","properties":{"i":226},"geometry":{"type":"Polygon","coordinates":[[[-122.37008,47.5653],[-122.36889,47.56684],[-122.37029,47.56816],[-122.37288,47.56793],[-122.37407,47.56639],[-122.37267,47.56507],[-122.37008,47.5653]]]}},{"type":"Feature","properties":{"i":227},"geometry":{"type":"Polygon","coordinates":[[[-122.3984,47.5786],[-122.39721,47.58014],[-122.3986,47.58146],[-122.40119,47.58123],[-122.40238,47.57969],[-122.40098,47.57837],[-122.3984,47.5786]]]}},{"type":"Feature","properties":{"i":228},"geometry":{"type":"Polygon","coordinates":[[[-122.37892,47.52571],[-122.37773,47.52725],[-122.37913,47.52857],[-122.38172,47.52834],[-122.38291,47.5268],[-122.38151,47.52548],[-122.37892,47.52571]]]}},{"type":"Feature","properties":{"i":229},"geometry":{"type":"Polygon","coordinates":[[[-122.37685,47.49713],[-122.37566,47.49868],[-122.37706,47.49999],[-122.37964,47.49976],[-122.38083,47.49822],[-122.37943,47.49691],[-122.37685,47.49713]]]}},{"type":"Feature","properties":{"i":230},"geometry":{"type":"Polygon","coordinates":[[[-122.37701,47.55319],[-122.37582,47.55473],[-122.37722,47.55605],[-122.37981,47.55582],[-122.381,47.55428],[-122.3796,47.55296],[-122.37701,47.55319]]]}},{"type":"Feature","properties":{"i":231},"geometry":{"type":"Polygon","coordinates":[[[-122.33676,47.53662],[-122.33557,47.53816],[-122.33696,47.53947],[-122.33955,47.53925],[-122.34074,47.5377],[-122.33934,47.53639],[-122.33676,47.53662]]]}},{"type":"Feature","properties":{"i":232},"geometry":{"type":"Polygon","coordinates":[[[-122.3707,47.57387],[-122.36951,47.57541],[-122.37091,47.57672],[-122.3735,47.57649],[-122.37469,47.57495],[-122.37329,47.57364],[-122.3707,47.57387]]]}},{"type":"Feature","properties":{"i":233},"geometry":{"type":"Polygon","coordinates":[[[-122.34349,47.52165],[-122.3423,47.52319],[-122.34369,47.52451],[-122.34628,47.52428],[-122.34747,47.52273],[-122.34607,47.52142],[-122.34349,47.52165]]]}},{"type":"Feature","properties":{"i":234},"geometry":{"type":"Polygon","coordinates":[[[-122.34576,47.55307],[-122.34457,47.55462],[-122.34596,47.55593],[-122.34855,47.5557],[-122.34974,47.55416],[-122.34835,47.55285],[-122.34576,47.55307]]]}},{"type":"Feature","properties":{"i":235},"geometry":{"type":"Polygon","coordinates":[[[-122.36718,47.52531],[-122.36599,47.52685],[-122.36739,47.52817],[-122.36997,47.52794],[-122.37116,47.5264],[-122.36977,47.52508],[-122.36718,47.52531]]]}},{"type":"Feature","properties":{"i":236},"geometry":{"type":"Polygon","coordinates":[[[-122.34534,47.54736],[-122.34415,47.5489],[-122.34555,47.55022],[-122.34814,47.54999],[-122.34933,47.54845],[-122.34793,47.54713],[-122.34534,47.54736]]]}},{"type":"Feature","properties":{"i":237},"geometry":{"type":"Polygon","coordinates":[[[-122.39295,47.55753],[-122.39176,47.55907],[-122.39316,47.56039],[-122.39575,47.56016],[-122.39694,47.55862],[-122.39554,47.5573],[-122.39295,47.55753]]]}},{"type":"Feature","properties":{"i":238},"geometry":{"type":"Polygon","coordinates":[[[-122.38208,47.51537],[-122.38089,47.51691],[-122.38228,47.51823],[-122.38487,47.518],[-122.38606,47.51645],[-122.38466,47.51514],[-122.38208,47.51537]]]}},{"type":"Feature","properties":{"i":239},"geometry":{"type":"Polygon","coordinates":[[[-122.3678,47.53388],[-122.36661,47.53542],[-122.36801,47.53674],[-122.3706,47.53651],[-122.37179,47.53497],[-122.37039,47.53365],[-122.3678,47.53388]]]}},{"type":"Feature","properties":{"i":240},"geometry":{"type":"Polygon","coordinates":[[[-122.39233,47.54896],[-122.39114,47.55051],[-122.39254,47.55182],[-122.39512,47.55159],[-122.39631,47.55005],[-122.39492,47.54874],[-122.39233,47.54896]]]}},{"type":"Feature","properties":{"i":241},"geometry":{"type":"Polygon","coordinates":[[[-122.35455,47.56667],[-122.35336,47.56821],[-122.35476,47.56953],[-122.35735,47.5693],[-122.35854,47.56776],[-122.35714,47.56644],[-122.35455,47.56667]]]}},{"type":"Feature","properties":{"i":242},"geometry":{"type":"Polygon","coordinates":[[[-122.38162,47.56284],[-122.38043,47.56439],[-122.38183,47.5657],[-122.38442,47.56547],[-122.38561,47.56393],[-122.38421,47.56262],[-122.38162,47.56284]]]}},{"type":"Feature","properties":{"i":243},"geometry":{"type":"Polygon","coordinates":[[[-122.40994,47.57614],[-122.40875,47.57769],[-122.41014,47.579],[-122.41273,47.57877],[-122.41392,47.57723],[-122.41252,47.57591],[-122.40994,47.57614]]]}},{"type":"Feature","properties":{"i":244},"geometry":{"type":"Polygon","coordinates":[[[-122.38855,47.55074],[-122.38736,47.55228],[-122.38876,47.55359],[-122.39135,47.55336],[-122.39254,47.55182],[-122.39114,47.55051],[-122.38855,47.55074]]]}},{"type":"Feature","properties":{"i":245},"geometry":{"type":"Polygon","coordinates":[[[-122.38225,47.57141],[-122.38106,47.57295],[-122.38245,47.57427],[-122.38504,47.57404],[-122.38623,47.5725],[-122.38483,47.57118],[-122.38225,47.57141]]]}},{"type":"Feature","properties":{"i":246},"geometry":{"type":"Polygon","coordinates":[[[-122.36801,47.53674],[-122.36682,47.53828],[-122.36822,47.5396],[-122.3708,47.53937],[-122.37199,47.53783],[-122.3706,47.53651],[-122.36801,47.53674]]]}},{"type":"Feature","properties":{"i":247},"geometry":{"type":"Polygon","coordinates":[[[-122.3783,47.51714],[-122.37711,47.51868],[-122.37851,47.52],[-122.38109,47.51977],[-122.38228,47.51823],[-122.38089,47.51691],[-122.3783,47.51714]]]}},{"type":"Feature","properties":{"i":248},"geometry":{"type":"Polygon","coordinates":[[[-122.35502,47.51919],[-122.35383,47.52074],[-122.35523,47.52205],[-122.35782,47.52182],[-122.35901,47.52028],[-122.35761,47.51897],[-122.35502,47.51919]]]}},{"type":"Feature","properties":{"i":249},"geometry":{"type":"Polygon","coordinates":[[[-122.3573,47.55062],[-122.35611,47.55216],[-122.35751,47.55348],[-122.36009,47.55325],[-122.36128,47.55171],[-122.35989,47.55039],[-122.3573,47.55062]]]}},{"type":"Feature","properties":{"i":250},"geometry":{"type":"Polygon","coordinates":[[[-122.37872,47.52285],[-122.37753,47.5244],[-122.37892,47.52571],[-122.38151,47.52548],[-122.3827,47.52394],[-122.3813,47.52263],[-122.37872,47.52285]]]}},{"type":"Feature","properties":{"i":251},"geometry":{"type":"Polygon","coordinates":[[[-122.35688,47.54491],[-122.35569,47.54645],[-122.35709,47.54776],[-122.35968,47.54754],[-122.36087,47.54599],[-122.35947,47.54468],[-122.35688,47.54491]]]}},{"type":"Feature","properties":{"i":252},"geometry":{"type":"Polygon","coordinates":[[[-122.37091,47.57672],[-122.36972,47.57826],[-122.37112,47.57958],[-122.37371,47.57935],[-122.3749,47.57781],[-122.3735,47.57649],[-122.37091,47.57672]]]}},{"type":"Feature","properties":{"i":253},"geometry":{"type":"Polygon","coordinates":[[[-122.33655,47.53376],[-122.33536,47.5353],[-122.33676,47.53662],[-122.33934,47.53639],[-122.34053,47.53485],[-122.33914,47.53353],[-122.33655,47.53376]]]}},{"type":"Feature","properties":{"i":254},"geometry":{"type":"Polygon","coordinates":[[[-122.35792,47.55919],[-122.35673,47.56073],[-122.35813,47.56204],[-122.36071,47.56182],[-122.3619,47.56027],[-122.36051,47.55896],[-122.35792,47.55919]]]}},{"type":"Feature","properties":{"i":255},"geometry":{"type":"Polygon","coordinates":[[[-122.40113,47.56256],[-122.39994,47.5641],[-122.40134,47.56541],[-122.40393,47.56518],[-122.40512,47.56364],[-122.40372,47.56233],[-122.40113,47.56256]]]}},{"type":"Feature","properties":{"i":256},"geometry":{"type":"Polygon","coordinates":[[[-122.37785,47.56462],[-122.37666,47.56616],[-122.37805,47.56747],[-122.38064,47.56724],[-122.38183,47.5657],[-122.38043,47.56439],[-122.37785,47.56462]]]}},{"type":"Feature","properties":{"i":257},"geometry":{"type":"Polygon","coordinates":[[[-122.37934,47.53143],[-122.37815,47.53297],[-122.37955,47.53428],[-122.38213,47.53405],[-122.38332,47.53251],[-122.38192,47.5312],[-122.37934,47.53143]]]}},{"type":"Feature","properties":{"i":258},"geometry":{"type":"Polygon","coordinates":[[[-122.37743,47.5589],[-122.37624,47.56045],[-122.37764,47.56176],[-122.38022,47.56153],[-122.38141,47.55999],[-122.38002,47.55868],[-122.37743,47.5589]]]}},{"type":"Feature","properties":{"i":259},"geometry":{"type":"Polygon","coordinates":[[[-122.38727,47.58677],[-122.38608,47.58831],[-122.38748,47.58962],[-122.39007,47.5894],[-122.39126,47.58785],[-122.38986,47.58654],[-122.38727,47.58677]]]}},{"type":"Feature","properties":{"i":260},"geometry":{"type":"Polygon","coordinates":[[[-122.33277,47.53553],[-122.33158,47.53707],[-122.33298,47.53839],[-122.33557,47.53816],[-122.33676,47.53662],[-122.33536,47.5353],[-122.33277,47.53553]]]}},{"type":"Feature","properties":{"i":261},"geometry":{"type":"Polygon","coordinates":[[[-122.34328,47.51879],[-122.34209,47.52033],[-122.34349,47.52165],[-122.34607,47.52142],[-122.34726,47.51988],[-122.34587,47.51856],[-122.34328,47.51879]]]}},{"type":"Feature","properties":{"i":262},"geometry":{"type":"Polygon","coordinates":[[[-122.35207,47.53239],[-122.35088,47.53394],[-122.35228,47.53525],[-122.35487,47.53502],[-122.35606,47.53348],[-122.35466,47.53217],[-122.35207,47.53239]]]}},{"type":"Feature","properties":{"i":263},"geometry":{"type":"Polygon","coordinates":[[[-122.36672,47.57278],[-122.36553,47.57432],[-122.36693,47.57564],[-122.36951,47.57541],[-122.3707,47.57387],[-122.36931,47.57255],[-122.36672,47.57278]]]}},{"type":"Feature","properties":{"i":264},"geometry":{"type":"Polygon","coordinates":[[[-122.39548,47.53862],[-122.39429,47.54017],[-122.39569,47.54148],[-122.39828,47.54125],[-122.39946,47.53971],[-122.39807,47.5384],[-122.39548,47.53862]]]}},{"type":"Feature","properties":{"i":265},"geometry":{"type":"Polygon","coordinates":[[[-122.31224,47.52152],[-122.31104,47.52306],[-122.31244,47.52438],[-122.31503,47.52415],[-122.31622,47.52261],[-122.31482,47.52129],[-122.31224,47.52152]]]}},{"type":"Feature","properties":{"i":266},"geometry":{"type":"Polygon","coordinates":[[[-122.38921,47.50611],[-122.38802,47.50765],[-122.38942,47.50897],[-122.392,47.50874],[-122.39319,47.5072],[-122.39179,47.50588],[-122.38921,47.50611]]]}},{"type":"Feature","properties":{"i":267},"geometry":{"type":"Polygon","coordinates":[[[-122.3395,47.52056],[-122.33831,47.5221],[-122.33971,47.52342],[-122.3423,47.52319],[-122.34349,47.52165],[-122.34209,47.52033],[-122.3395,47.52056]]]}},{"type":"Feature","properties":{"i":268},"geometry":{"type":"Polygon","coordinates":[[[-122.37494,47.52463],[-122.37375,47.52617],[-122.37515,47.52748],[-122.37773,47.52725],[-122.37892,47.52571],[-122.37753,47.5244],[-122.37494,47.52463]]]}},{"type":"Feature","properties":{"i":269},"geometry":{"type":"Polygon","coordinates":[[[-122.35311,47.54668],[-122.35192,47.54822],[-122.35331,47.54953],[-122.3559,47.54931],[-122.35709,47.54776],[-122.35569,47.54645],[-122.35311,47.54668]]]}},{"type":"Feature","properties":{"i":270},"geometry":{"type":"Polygon","coordinates":[[[-122.40071,47.55684],[-122.39952,47.55839],[-122.40092,47.5597],[-122.40351,47.55947],[-122.4047,47.55793],[-122.4033,47.55662],[-122.40071,47.55684]]]}},{"type":"Feature","properties":{"i":271},"geometry":{"type":"Polygon","coordinates":[[[-122.38983,47.51468],[-122.38864,47.51623],[-122.39004,47.51754],[-122.39263,47.51731],[-122.39382,47.51577],[-122.39242,47.51445],[-122.38983,47.51468]]]}},{"type":"Feature","properties":{"i":272},"geometry":{"type":"Polygon","coordinates":[[[-122.36382,47.5328],[-122.36263,47.53434],[-122.36403,47.53565],[-122.36661,47.53542],[-122.3678,47.53388],[-122.3664,47.53257],[-122.36382,47.5328]]]}},{"type":"Feature","properties":{"i":273},"geometry":{"type":"Polygon","coordinates":[[[-122.38834,47.54788],[-122.38716,47.54942],[-122.38855,47.55074],[-122.39114,47.55051],[-122.39233,47.54896],[-122.39093,47.54765],[-122.38834,47.54788]]]}},{"type":"Feature","properties":{"i":274},"geometry":{"type":"Polygon","coordinates":[[[-122.39004,47.51754],[-122.38885,47.51908],[-122.39025,47.5204],[-122.39283,47.52017],[-122.39402,47.51863],[-122.39263,47.51731],[-122.39004,47.51754]]]}},{"type":"Feature","properties":{"i":275},"geometry":{"type":"Polygon","coordinates":[[[-122.38938,47.56216],[-122.38819,47.5637],[-122.38959,47.56501],[-122.39218,47.56479],[-122.39337,47.56324],[-122.39197,47.56193],[-122.38938,47.56216]]]}},{"type":"Feature","properties":{"i":276},"geometry":{"type":"Polygon","coordinates":[[[-122.38897,47.55645],[-122.38778,47.55799],[-122.38918,47.5593],[-122.39176,47.55907],[-122.39295,47.55753],[-122.39156,47.55622],[-122.38897,47.55645]]]}},{"type":"Feature","properties":{"i":277},"geometry":{"type":"Polygon","coordinates":[[[-122.39126,47.58785],[-122.39007,47.5894],[-122.39147,47.59071],[-122.39405,47.59048],[-122.39524,47.58894],[-122.39385,47.58762],[-122.39126,47.58785]]]}},{"type":"Feature","properties":{"i":278},"geometry":{"type":"Polygon","coordinates":[[[-122.35482,47.51634],[-122.35363,47.51788],[-122.35502,47.51919],[-122.35761,47.51897],[-122.3588,47.51742],[-122.3574,47.51611],[-122.35482,47.51634]]]}},{"type":"Feature","properties":{"i":279},"geometry":{"type":"Polygon","coordinates":[[[-122.37826,47.57033],[-122.37707,47.57187],[-122.37847,47.57318],[-122.38106,47.57295],[-122.38225,47.57141],[-122.38085,47.5701],[-122.37826,47.57033]]]}},{"type":"Feature","properties":{"i":280},"geometry":{"type":"Polygon","coordinates":[[[-122.36403,47.53565],[-122.36284,47.5372],[-122.36423,47.53851],[-122.36682,47.53828],[-122.36801,47.53674],[-122.36661,47.53542],[-122.36403,47.53565]]]}},{"type":"Feature","properties":{"i":281},"geometry":{"type":"Polygon","coordinates":[[[-122.37432,47.51605],[-122.37313,47.5176],[-122.37452,47.51891],[-122.37711,47.51868],[-122.3783,47.51714],[-122.3769,47.51583],[-122.37432,47.51605]]]}},{"type":"Feature","properties":{"i":282},"geometry":{"type":"Polygon","coordinates":[[[-122.35104,47.51811],[-122.34985,47.51965],[-122.35125,47.52096],[-122.35383,47.52074],[-122.35502,47.51919],[-122.35363,47.51788],[-122.35104,47.51811]]]}},{"type":"Feature","properties":{"i":283},"geometry":{"type":"Polygon","coordinates":[[[-122.35771,47.55633],[-122.35652,47.55788],[-122.35792,47.55919],[-122.36051,47.55896],[-122.3617,47.55742],[-122.3603,47.5561],[-122.35771,47.55633]]]}},{"type":"Feature","properties":{"i":284},"geometry":{"type":"Polygon","coordinates":[[[-122.38647,47.52217],[-122.38528,47.52371],[-122.38668,47.52503],[-122.38927,47.5248],[-122.39046,47.52325],[-122.38906,47.52194],[-122.38647,47.52217]]]}},{"type":"Feature","properties":{"i":285},"geometry":{"type":"Polygon","coordinates":[[[-122.36465,47.54422],[-122.36346,47.54577],[-122.36485,47.54708],[-122.36744,47.54685],[-122.36863,47.54531],[-122.36723,47.54399],[-122.36465,47.54422]]]}},{"type":"Feature","properties":{"i":286},"geometry":{"type":"Polygon","coordinates":[[[-122.36693,47.57564],[-122.36574,47.57718],[-122.36713,47.57849],[-122.36972,47.57826],[-122.37091,47.57672],[-122.36951,47.57541],[-122.36693,47.57564]]]}},{"type":"Feature","properties":{"i":287},"geometry":{"type":"Polygon","coordinates":[[[-122.33257,47.53267],[-122.33138,47.53422],[-122.33277,47.53553],[-122.33536,47.5353],[-122.33655,47.53376],[-122.33515,47.53245],[-122.33257,47.53267]]]}},{"type":"Feature","properties":{"i":288},"geometry":{"type":"Polygon","coordinates":[[[-122.35393,47.5581],[-122.35274,47.55965],[-122.35414,47.56096],[-122.35673,47.56073],[-122.35792,47.55919],[-122.35652,47.55788],[-122.35393,47.5581]]]}},{"type":"Feature","properties":{"i":289},"geometry":{"type":"Polygon","coordinates":[[[-122.37386,47.56353],[-122.37267,47.56507],[-122.37407,47.56639],[-122.37666,47.56616],[-122.37785,47.56462],[-122.37645,47.5633],[-122.37386,47.56353]]]}},{"type":"Feature","properties":{"i":290},"geometry":{"type":"Polygon","coordinates":[[[-122.37535,47.53034],[-122.37416,47.53188],[-122.37556,47.5332],[-122.37815,47.53297],[-122.37934,47.53143],[-122.37794,47.53011],[-122.37535,47.53034]]]}},{"type":"Feature","properties":{"i":291},"geometry":{"type":"Polygon","coordinates":[[[-122.37344,47.55782],[-122.37225,47.55936],[-122.37365,47.56067],[-122.37624,47.56045],[-122.37743,47.5589],[-122.37603,47.55759],[-122.37344,47.55782]]]}},{"type":"Feature","properties":{"i":292},"geometry":{"type":"Polygon","coordinates":[[[-122.3393,47.5177],[-122.33811,47.51924],[-122.3395,47.52056],[-122.34209,47.52033],[-122.34328,47.51879],[-122.34188,47.51747],[-122.3393,47.5177]]]}},{"type":"Feature","properties":{"i":293},"geometry":{"type":"Polygon","coordinates":[[[-122.37448,47.5721],[-122.37329,47.57364],[-122.37469,47.57495],[-122.37728,47.57472],[-122.37847,47.57318],[-122.37707,47.57187],[-122.37448,47.5721]]]}},{"type":"Feature","properties":{"i":294},"geometry":{"type":"Polygon","coordinates":[[[-122.33992,47.52628],[-122.33873,47.52782],[-122.34012,47.52913],[-122.34271,47.52891],[-122.3439,47.52736],[-122.3425,47.52605],[-122.33992,47.52628]]]}},{"type":"Feature","properties":{"i":295},"geometry":{"type":"Polygon","coordinates":[[[-122.37096,47.52354],[-122.36977,47.52508],[-122.37116,47.5264],[-122.37375,47.52617],[-122.37494,47.52463],[-122.37354,47.52331],[-122.37096,47.52354]]]}},{"type":"Feature","properties":{"i":296},"geometry":{"type":"Polygon","coordinates":[[[-122.34912,47.54559],[-122.34793,47.54713],[-122.34933,47.54845],[-122.35192,47.54822],[-122.35311,47.54668],[-122.35171,47.54536],[-122.34912,47.54559]]]}},{"type":"Feature","properties":{"i":297},"geometry":{"type":"Polygon","coordinates":[[[-122.39673,47.55576],[-122.39554,47.5573],[-122.39694,47.55862],[-122.39952,47.55839],[-122.40071,47.55684],[-122.39932,47.55553],[-122.39673,47.55576]]]}},{"type":"Feature","properties":{"i":298},"geometry":{"type":"Polygon","coordinates":[[[-122.38585,47.5136],[-122.38466,47.51514],[-122.38606,47.51645],[-122.38864,47.51623],[-122.38983,47.51468],[-122.38844,47.51337],[-122.38585,47.5136]]]}},{"type":"Feature","properties":{"i":299},"geometry":{"type":"Polygon","coordinates":[[[-122.37158,47.53211],[-122.37039,47.53365],[-122.37179,47.53497],[-122.37437,47.53474],[-122.37556,47.5332],[-122.37416,47.53188],[-122.37158,47.53211]]]}},{"type":"Feature","properties":{"i":300},"geometry":{"type":"Polygon","coordinates":[[[-122.3961,47.54719],[-122.39492,47.54874],[-122.39631,47.55005],[-122.3989,47.54982],[-122.40009,47.54828],[-122.39869,47.54696],[-122.3961,47.54719]]]}},{"type":"Feature","properties":{"i":301},"geometry":{"type":"Polygon","coordinates":[[[-122.3854,47.56107],[-122.38421,47.56262],[-122.38561,47.56393],[-122.38819,47.5637],[-122.38938,47.56216],[-122.38799,47.56085],[-122.3854,47.56107]]]}},{"type":"Feature","properties":{"i":302},"geometry":{"type":"Polygon","coordinates":[[[-122.35166,47.52668],[-122.35047,47.52822],[-122.35187,47.52954],[-122.35445,47.52931],[-122.35564,47.52777],[-122.35425,47.52645],[-122.35166,47.52668]]]}},{"type":"Feature","properties":{"i":303},"geometry":{"type":"Polygon","coordinates":[[[-122.38498,47.55536],[-122.38379,47.5569],[-122.38519,47.55822],[-122.38778,47.55799],[-122.38897,47.55645],[-122.38757,47.55513],[-122.38498,47.55536]]]}},{"type":"Feature","properties":{"i":304},"geometry":{"type":"Polygon","coordinates":[[[-122.38602,47.56964],[-122.38483,47.57118],[-122.38623,47.5725],[-122.38882,47.57227],[-122.39001,47.57072],[-122.38861,47.56941],[-122.38602,47.56964]]]}},{"type":"Feature","properties":{"i":305},"geometry":{"type":"Polygon","coordinates":[[[-122.36444,47.54137],[-122.36325,47.54291],[-122.36465,47.54422],[-122.36723,47.54399],[-122.36842,47.54245],[-122.36703,47.54114],[-122.36444,47.54137]]]}},{"type":"Feature","properties":{"i":306},"geometry":{"type":"Polygon","coordinates":[[[-122.35145,47.52382],[-122.35026,47.52536],[-122.35166,47.52668],[-122.35425,47.52645],[-122.35544,47.52491],[-122.35404,47.52359],[-122.35145,47.52382]]]}},{"type":"Feature","properties":{"i":307},"geometry":{"type":"Polygon","coordinates":[[[-122.35373,47.55525],[-122.35254,47.55679],[-122.35393,47.5581],[-122.35652,47.55788],[-122.35771,47.55633],[-122.35632,47.55502],[-122.35373,47.55525]]]}},{"type":"Feature","properties":{"i":308},"geometry":{"type":"Polygon","coordinates":[[[-122.38249,47.52108],[-122.3813,47.52263],[-122.3827,47.52394],[-122.38528,47.52371],[-122.38647,47.52217],[-122.38508,47.52086],[-122.38249,47.52108]]]}},{"type":"Feature","properties":{"i":309},"geometry":{"type":"Polygon","coordinates":[[[-122.36066,47.54314],[-122.35947,47.54468],[-122.36087,47.54599],[-122.36346,47.54577],[-122.36465,47.54422],[-122.36325,47.54291],[-122.36066,47.54314]]]}},{"type":"Feature","properties":{"i":310},"geometry":{"type":"Polygon","coordinates":[[[-122.36734,47.58135],[-122.36615,47.58289],[-122.36755,47.5842],[-122.37014,47.58397],[-122.37133,47.58243],[-122.36993,47.58112],[-122.36734,47.58135]]]}},{"type":"Feature","properties":{"i":311},"geometry":{"type":"Polygon","coordinates":[[[-122.37349,47.50462],[-122.3723,47.50617],[-122.3737,47.50748],[-122.37628,47.50725],[-122.37747,47.50571],[-122.37607,47.50439],[-122.37349,47.50462]]]}},{"type":"Feature","properties":{"i":312},"geometry":{"type":"Polygon","coordinates":[[[-122.34033,47.53199],[-122.33914,47.53353],[-122.34053,47.53485],[-122.34312,47.53462],[-122.34431,47.53308],[-122.34292,47.53176],[-122.34033,47.53199]]]}},{"type":"Feature","properties":{"i":313},"geometry":{"type":"Polygon","coordinates":[[[-122.35435,47.56381],[-122.35316,47.56536],[-122.35455,47.56667],[-122.35714,47.56644],[-122.35833,47.5649],[-122.35694,47.56359],[-122.35435,47.56381]]]}},{"type":"Feature","properties":{"i":314},"geometry":{"type":"Polygon","coordinates":[[[-122.38311,47.52965],[-122.38192,47.5312],[-122.38332,47.53251],[-122.38591,47.53228],[-122.3871,47.53074],[-122.3857,47.52943],[-122.38311,47.52965]]]}},{"type":"Feature","properties":{"i":315},"geometry":{"type":"Polygon","coordinates":[[[-122.36356,47.58312],[-122.36237,47.58466],[-122.36377,47.58597],[-122.36636,47.58574],[-122.36755,47.5842],[-122.36615,47.58289],[-122.36356,47.58312]]]}},{"type":"Feature","properties":{"i":316},"geometry":{"type":"Polygon","coordinates":[[[-122.38121,47.55713],[-122.38002,47.55868],[-122.38141,47.55999],[-122.384,47.55976],[-122.38519,47.55822],[-122.38379,47.5569],[-122.38121,47.55713]]]}},{"type":"Feature","properties":{"i":317},"geometry":{"type":"Polygon","coordinates":[[[-122.38665,47.57821],[-122.38546,47.57975],[-122.38685,47.58106],[-122.38944,47.58083],[-122.39063,47.57929],[-122.38923,47.57798],[-122.38665,47.57821]]]}},{"type":"Feature","properties":{"i":318},"geometry":{"type":"Polygon","coordinates":[[[-122.34706,47.51702],[-122.34587,47.51856],[-122.34726,47.51988],[-122.34985,47.51965],[-122.35104,47.51811],[-122.34964,47.51679],[-122.34706,47.51702]]]}},{"type":"Feature","properties":{"i":319},"geometry":{"type":"Polygon","coordinates":[[[-122.3705,47.57101],[-122.36931,47.57255],[-122.3707,47.57387],[-122.37329,47.57364],[-122.37448,47.5721],[-122.37308,47.57078],[-122.3705,47.57101]]]}},{"type":"Feature","properties":{"i":320},"geometry":{"type":"Polygon","coordinates":[[[-122.38436,47.54679],[-122.38317,47.54834],[-122.38457,47.54965],[-122.38716,47.54942],[-122.38834,47.54788],[-122.38695,47.54657],[-122.38436,47.54679]]]}},{"type":"Feature","properties":{"i":321},"geometry":{"type":"Polygon","coordinates":[[[-122.39652,47.5529],[-122.39533,47.55445],[-122.39673,47.55576],[-122.39932,47.55553],[-122.40051,47.55399],[-122.39911,47.55268],[-122.39652,47.5529]]]}},{"type":"Feature","properties":{"i":322},"geometry":{"type":"Polygon","coordinates":[[[-122.37706,47.49999],[-122.37587,47.50154],[-122.37726,47.50285],[-122.37985,47.50262],[-122.38104,47.50108],[-122.37964,47.49976],[-122.37706,47.49999]]]}},{"type":"Feature","properties":{"i":323},"geometry":{"type":"Polygon","coordinates":[[[-122.33593,47.52519],[-122.33474,47.52673],[-122.33614,47.52805],[-122.33873,47.52782],[-122.33992,47.52628],[-122.33852,47.52496],[-122.33593,47.52519]]]}},{"type":"Feature","properties":{"i":324},"geometry":{"type":"Polygon","coordinates":[[[-122.34995,47.55702],[-122.34876,47.55856],[-122.35016,47.55987],[-122.35274,47.55965],[-122.35393,47.5581],[-122.35254,47.55679],[-122.34995,47.55702]]]}},{"type":"Feature","properties":{"i":325},"geometry":{"type":"Polygon","coordinates":[[[-122.34954,47.5513],[-122.34835,47.55285],[-122.34974,47.55416],[-122.35233,47.55393],[-122.35352,47.55239],[-122.35212,47.55108],[-122.34954,47.5513]]]}},{"type":"Feature","properties":{"i":326},"geometry":{"type":"Polygon","coordinates":[[[-122.39715,47.56147],[-122.39596,47.56301],[-122.39735,47.56433],[-122.39994,47.5641],[-122.40113,47.56256],[-122.39973,47.56124],[-122.39715,47.56147]]]}},{"type":"Feature","properties":{"i":327},"geometry":{"type":"Polygon","coordinates":[[[-122.36759,47.53103],[-122.3664,47.53257],[-122.3678,47.53388],[-122.37039,47.53365],[-122.37158,47.53211],[-122.37018,47.5308],[-122.36759,47.53103]]]}},{"type":"Feature","properties":{"i":328},"geometry":{"type":"Polygon","coordinates":[[[-122.39212,47.54611],[-122.39093,47.54765],[-122.39233,47.54896],[-122.39492,47.54874],[-122.3961,47.54719],[-122.39471,47.54588],[-122.39212,47.54611]]]}},{"type":"Feature","properties":{"i":329},"geometry":{"type":"Polygon","coordinates":[[[-122.39382,47.51577],[-122.39263,47.51731],[-122.39402,47.51863],[-122.39661,47.5184],[-122.3978,47.51685],[-122.3964,47.51554],[-122.39382,47.51577]]]}},{"type":"Feature","properties":{"i":330},"geometry":{"type":"Polygon","coordinates":[[[-122.39275,47.55468],[-122.39156,47.55622],[-122.39295,47.55753],[-122.39554,47.5573],[-122.39673,47.55576],[-122.39533,47.55445],[-122.39275,47.55468]]]}},{"type":"Feature","properties":{"i":331},"geometry":{"type":"Polygon","coordinates":[[[-122.39503,47.58608],[-122.39385,47.58762],[-122.39524,47.58894],[-122.39783,47.58871],[-122.39902,47.58717],[-122.39762,47.58585],[-122.39503,47.58608]]]}},{"type":"Feature","properties":{"i":332},"geometry":{"type":"Polygon","coordinates":[[[-122.37328,47.50176],[-122.37209,47.50331],[-122.37349,47.50462],[-122.37607,47.50439],[-122.37726,47.50285],[-122.37587,47.50154],[-122.37328,47.50176]]]}},{"type":"Feature","properties":{"i":333},"geometry":{"type":"Polygon","coordinates":[[[-122.35859,47.51457],[-122.3574,47.51611],[-122.3588,47.51742],[-122.36139,47.51719],[-122.36258,47.51565],[-122.36118,47.51434],[-122.35859,47.51457]]]}},{"type":"Feature","properties":{"i":334},"geometry":{"type":"Polygon","coordinates":[[[-122.38204,47.56856],[-122.38085,47.5701],[-122.38225,47.57141],[-122.38483,47.57118],[-122.38602,47.56964],[-122.38463,47.56833],[-122.38204,47.56856]]]}},{"type":"Feature","properties":{"i":335},"geometry":{"type":"Polygon","coordinates":[[[-122.36046,47.54028],[-122.35927,47.54182],[-122.36066,47.54314],[-122.36325,47.54291],[-122.36444,47.54137],[-122.36304,47.54005],[-122.36046,47.54028]]]}},{"type":"Feature","properties":{"i":336},"geometry":{"type":"Polygon","coordinates":[[[-122.34747,47.52273],[-122.34628,47.52428],[-122.34768,47.52559],[-122.35026,47.52536],[-122.35145,47.52382],[-122.35006,47.52251],[-122.34747,47.52273]]]}},{"type":"Feature","properties":{"i":337},"geometry":{"type":"Polygon","coordinates":[[[-122.36149,47.55456],[-122.3603,47.5561],[-122.3617,47.55742],[-122.36429,47.55719],[-122.36548,47.55565],[-122.36408,47.55433],[-122.36149,47.55456]]]}},{"type":"Feature","properties":{"i":338},"geometry":{"type":"Polygon","coordinates":[[[-122.36108,47.54885],[-122.35989,47.55039],[-122.36128,47.55171],[-122.36387,47.55148],[-122.36506,47.54994],[-122.36366,47.54862],[-122.36108,47.54885]]]}},{"type":"Feature","properties":{"i":339},"geometry":{"type":"Polygon","coordinates":[[[-122.36335,47.58026],[-122.36216,47.5818],[-122.36356,47.58312],[-122.36615,47.58289],[-122.36734,47.58135],[-122.36594,47.58003],[-122.36335,47.58026]]]}},{"type":"Feature","properties":{"i":340},"geometry":{"type":"Polygon","coordinates":[[[-122.33634,47.5309],[-122.33515,47.53245],[-122.33655,47.53376],[-122.33914,47.53353],[-122.34033,47.53199],[-122.33893,47.53068],[-122.33634,47.5309]]]}},{"type":"Feature","properties":{"i":341},"geometry":{"type":"Polygon","coordinates":[[[-122.35036,47.56273],[-122.34917,47.56427],[-122.35057,47.56558],[-122.35316,47.56536],[-122.35435,47.56381],[-122.35295,47.5625],[-122.35036,47.56273]]]}},{"type":"Feature","properties":{"i":342},"geometry":{"type":"Polygon","coordinates":[[[-122.38959,47.56501],[-122.3884,47.56656],[-122.3898,47.56787],[-122.39239,47.56764],[-122.39358,47.5661],[-122.39218,47.56479],[-122.38959,47.56501]]]}},{"type":"Feature","properties":{"i":343},"geometry":{"type":"Polygon","coordinates":[[[-122.37913,47.52857],[-122.37794,47.53011],[-122.37934,47.53143],[-122.38192,47.5312],[-122.38311,47.52965],[-122.38172,47.52834],[-122.37913,47.52857]]]}},{"type":"Feature","properties":{"i":344},"geometry":{"type":"Polygon","coordinates":[[[-122.37722,47.55605],[-122.37603,47.55759],[-122.37743,47.5589],[-122.38002,47.55868],[-122.38121,47.55713],[-122.37981,47.55582],[-122.37722,47.55605]]]}},{"type":"Feature","properties":{"i":345},"geometry":{"type":"Polygon","coordinates":[[[-122.33696,47.53947],[-122.33577,47.54102],[-122.33717,47.54233],[-122.33976,47.5421],[-122.34095,47.54056],[-122.33955,47.53925],[-122.33696,47.53947]]]}},{"type":"Feature","properties":{"i":346},"geometry":{"type":"Polygon","coordinates":[[[-122.34369,47.52451],[-122.3425,47.52605],[-122.3439,47.52736],[-122.34649,47.52713],[-122.34768,47.52559],[-122.34628,47.52428],[-122.34369,47.52451]]]}},{"type":"Feature","properties":{"i":347},"geometry":{"type":"Polygon","coordinates":[[[-122.38668,47.52503],[-122.38549,47.52657],[-122.38689,47.52788],[-122.38948,47.52765],[-122.39066,47.52611],[-122.38927,47.5248],[-122.38668,47.52503]]]}},{"type":"Feature","properties":{"i":348},"geometry":{"type":"Polygon","coordinates":[[[-122.34555,47.55022],[-122.34436,47.55176],[-122.34576,47.55307],[-122.34835,47.55285],[-122.34954,47.5513],[-122.34814,47.54999],[-122.34555,47.55022]]]}},{"type":"Feature","properties":{"i":349},"geometry":{"type":"Polygon","coordinates":[[[-122.39316,47.56039],[-122.39197,47.56193],[-122.39337,47.56324],[-122.39596,47.56301],[-122.39715,47.56147],[-122.39575,47.56016],[-122.39316,47.56039]]]}},{"type":"Feature","properties":{"i":350},"geometry":{"type":"Polygon","coordinates":[[[-122.3737,47.50748],[-122.37251,47.50902],[-122.3739,47.51034],[-122.37649,47.51011],[-122.37768,47.50857],[-122.37628,47.50725],[-122.3737,47.50748]]]}},{"type":"Feature","properties":{"i":351},"geometry":{"type":"Polygon","coordinates":[[[-122.39361,47.51291],[-122.39242,47.51445],[-122.39382,47.51577],[-122.3964,47.51554],[-122.39759,47.514],[-122.39619,47.51268],[-122.39361,47.51291]]]}},{"type":"Feature","properties":{"i":352},"geometry":{"type":"Polygon","coordinates":[[[-122.37469,47.57495],[-122.3735,47.57649],[-122.3749,47.57781],[-122.37749,47.57758],[-122.37868,47.57604],[-122.37728,47.57472],[-122.37469,47.57495]]]}},{"type":"Feature","properties":{"i":353},"geometry":{"type":"Polygon","coordinates":[[[-122.38876,47.55359],[-122.38757,47.55513],[-122.38897,47.55645],[-122.39156,47.55622],[-122.39275,47.55468],[-122.39135,47.55336],[-122.38876,47.55359]]]}},{"type":"Feature","properties":{"i":354},"geometry":{"type":"Polygon","coordinates":[[[-122.36822,47.5396],[-122.36703,47.54114],[-122.36842,47.54245],[-122.37101,47.54222],[-122.3722,47.54068],[-122.3708,47.53937],[-122.36822,47.5396]]]}},{"type":"Feature","properties":{"i":355},"geometry":{"type":"Polygon","coordinates":[[[-122.36992,47.50925],[-122.36873,47.51079],[-122.37013,47.51211],[-122.37271,47.51188],[-122.3739,47.51034],[-122.37251,47.50902],[-122.36992,47.50925]]]}},{"type":"Feature","properties":{"i":356},"geometry":{"type":"Polygon","coordinates":[[[-122.35523,47.52205],[-122.35404,47.52359],[-122.35544,47.52491],[-122.35802,47.52468],[-122.35921,47.52314],[-122.35782,47.52182],[-122.35523,47.52205]]]}},{"type":"Feature","properties":{"i":357},"geometry":{"type":"Polygon","coordinates":[[[-122.37888,47.57889],[-122.37769,47.58043],[-122.37909,47.58175],[-122.38168,47.58152],[-122.38287,47.57998],[-122.38147,47.57866],[-122.37888,47.57889]]]}},{"type":"Feature","properties":{"i":358},"geometry":{"type":"Polygon","coordinates":[[[-122.35751,47.55348],[-122.35632,47.55502],[-122.35771,47.55633],[-122.3603,47.5561],[-122.36149,47.55456],[-122.36009,47.55325],[-122.35751,47.55348]]]}},{"type":"Feature","properties":{"i":359},"geometry":{"type":"Polygon","coordinates":[[[-122.4177,47.57546],[-122.41651,47.577],[-122.41791,47.57831],[-122.42049,47.57808],[-122.42168,47.57654],[-122.42028,47.57523],[-122.4177,47.57546]]]}},{"type":"Feature","properties":{"i":360},"geometry":{"type":"Polygon","coordinates":[[[-122.37179,47.53497],[-122.3706,47.53651],[-122.37199,47.53783],[-122.37458,47.5376],[-122.37577,47.53605],[-122.37437,47.53474],[-122.37179,47.53497]]]}},{"type":"Feature","properties":{"i":361},"geometry":{"type":"Polygon","coordinates":[[[-122.35709,47.54776],[-122.3559,47.54931],[-122.3573,47.55062],[-122.35989,47.55039],[-122.36108,47.54885],[-122.35968,47.54754],[-122.35709,47.54776]]]}},{"type":"Feature","properties":{"i":362},"geometry":{"type":"Polygon","coordinates":[[[-122.37112,47.57958],[-122.36993,47.58112],[-122.37133,47.58243],[-122.37391,47.5822],[-122.37511,47.58066],[-122.37371,47.57935],[-122.37112,47.57958]]]}},{"type":"Feature","properties":{"i":363},"geometry":{"type":"Polygon","coordinates":[[[-122.36842,47.54245],[-122.36723,47.54399],[-122.36863,47.54531],[-122.37122,47.54508],[-122.37241,47.54354],[-122.37101,47.54222],[-122.36842,47.54245]]]}},{"type":"Feature","properties":{"i":364},"geometry":{"type":"Polygon","coordinates":[[[-122.35813,47.56204],[-122.35694,47.56359],[-122.35833,47.5649],[-122.36092,47.56467],[-122.36211,47.56313],[-122.36071,47.56182],[-122.35813,47.56204]]]}},{"type":"Feature","properties":{"i":365},"geometry":{"type":"Polygon","coordinates":[[[-122.39735,47.56433],[-122.39616,47.56587],[-122.39756,47.56718],[-122.40015,47.56695],[-122.40134,47.56541],[-122.39994,47.5641],[-122.39735,47.56433]]]}},{"type":"Feature","properties":{"i":366},"geometry":{"type":"Polygon","coordinates":[[[-122.33298,47.53839],[-122.33179,47.53993],[-122.33318,47.54124],[-122.33577,47.54102],[-122.33696,47.53947],[-122.33557,47.53816],[-122.33298,47.53839]]]}},{"type":"Feature","properties":{"i":367},"geometry":{"type":"Polygon","coordinates":[[[-122.37133,47.58243],[-122.37014,47.58397],[-122.37153,47.58529],[-122.37412,47.58506],[-122.37531,47.58352],[-122.37391,47.5822],[-122.37133,47.58243]]]}},{"type":"Feature","properties":{"i":368},"geometry":{"type":"Polygon","coordinates":[[[-122.38623,47.5725],[-122.38504,47.57404],[-122.38644,47.57535],[-122.38903,47.57512],[-122.39022,47.57358],[-122.38882,47.57227],[-122.38623,47.5725]]]}},{"type":"Feature","properties":{"i":369},"geometry":{"type":"Polygon","coordinates":[[[-122.39402,47.51863],[-122.39283,47.52017],[-122.39423,47.52148],[-122.39682,47.52125],[-122.39801,47.51971],[-122.39661,47.5184],[-122.39402,47.51863]]]}},{"type":"Feature","properties":{"i":370},"geometry":{"type":"Polygon","coordinates":[[[-122.31244,47.52438],[-122.31125,47.52592],[-122.31265,47.52723],[-122.31523,47.52701],[-122.31642,47.52546],[-122.31503,47.52415],[-122.31244,47.52438]]]}},{"type":"Feature","properties":{"i":371},"geometry":{"type":"Polygon","coordinates":[[[-122.33971,47.52342],[-122.33852,47.52496],[-122.33992,47.52628],[-122.3425,47.52605],[-122.34369,47.52451],[-122.3423,47.52319],[-122.33971,47.52342]]]}},{"type":"Feature","properties":{"i":372},"geometry":{"type":"Polygon","coordinates":[[[-122.35331,47.54953],[-122.35212,47.55108],[-122.35352,47.55239],[-122.35611,47.55216],[-122.3573,47.55062],[-122.3559,47.54931],[-122.35331,47.54953]]]}},{"type":"Feature","properties":{"i":373},"geometry":{"type":"Polygon","coordinates":[[[-122.40092,47.5597],[-122.39973,47.56124],[-122.40113,47.56256],[-122.40372,47.56233],[-122.40491,47.56078],[-122.40351,47.55947],[-122.40092,47.5597]]]}},{"type":"Feature","properties":{"i":374},"geometry":{"type":"Polygon","coordinates":[[[-122.38145,47.5068],[-122.38026,47.50834],[-122.38166,47.50965],[-122.38425,47.50942],[-122.38543,47.50788],[-122.38404,47.50657],[-122.38145,47.5068]]]}},{"type":"Feature","properties":{"i":375},"geometry":{"type":"Polygon","coordinates":[[[-122.38332,47.53251],[-122.38213,47.53405],[-122.38353,47.53537],[-122.38612,47.53514],[-122.38731,47.5336],[-122.38591,47.53228],[-122.38332,47.53251]]]}},{"type":"Feature","properties":{"i":376},"geometry":{"type":"Polygon","coordinates":[[[-122.37996,47.54],[-122.37877,47.54154],[-122.38017,47.54285],[-122.38276,47.54262],[-122.38394,47.54108],[-122.38255,47.53977],[-122.37996,47.54]]]}},{"type":"Feature","properties":{"i":377},"geometry":{"type":"Polygon","coordinates":[[[-122.39025,47.5204],[-122.38906,47.52194],[-122.39046,47.52325],[-122.39304,47.52303],[-122.39423,47.52148],[-122.39283,47.52017],[-122.39025,47.5204]]]}},{"type":"Feature","properties":{"i":378},"geometry":{"type":"Polygon","coordinates":[[[-122.38374,47.53823],[-122.38255,47.53977],[-122.38394,47.54108],[-122.38653,47.54085],[-122.38772,47.53931],[-122.38632,47.538],[-122.38374,47.53823]]]}},{"type":"Feature","properties":{"i":379},"geometry":{"type":"Polygon","coordinates":[[[-122.38245,47.57427],[-122.38126,47.57581],[-122.38266,47.57712],[-122.38525,47.57689],[-122.38644,47.57535],[-122.38504,47.57404],[-122.38245,47.57427]]]}},{"type":"Feature","properties":{"i":380},"geometry":{"type":"Polygon","coordinates":[[[-122.32735,47.51444],[-122.32616,47.51598],[-122.32755,47.5173],[-122.33014,47.51707],[-122.33133,47.51553],[-122.32993,47.51421],[-122.32735,47.51444]]]}},{"type":"Feature","properties":{"i":381},"geometry":{"type":"Polygon","coordinates":[[[-122.38287,47.57998],[-122.38168,47.58152],[-122.38308,47.58283],[-122.38567,47.5826],[-122.38685,47.58106],[-122.38546,47.57975],[-122.38287,47.57998]]]}},{"type":"Feature","properties":{"i":382},"geometry":{"type":"Polygon","coordinates":[[[-122.36971,47.50639],[-122.36852,47.50794],[-122.36992,47.50925],[-122.37251,47.50902],[-122.3737,47.50748],[-122.3723,47.50617],[-122.36971,47.50639]]]}},{"type":"Feature","properties":{"i":383},"geometry":{"type":"Polygon","coordinates":[[[-122.36423,47.53851],[-122.36304,47.54005],[-122.36444,47.54137],[-122.36703,47.54114],[-122.36822,47.5396],[-122.36682,47.53828],[-122.36423,47.53851]]]}},{"type":"Feature","properties":{"i":384},"geometry":{"type":"Polygon","coordinates":[[[-122.35125,47.52096],[-122.35006,47.52251],[-122.35145,47.52382],[-122.35404,47.52359],[-122.35523,47.52205],[-122.35383,47.52074],[-122.35125,47.52096]]]}},{"type":"Feature","properties":{"i":385},"geometry":{"type":"Polygon","coordinates":[[[-122.37955,47.53428],[-122.37836,47.53583],[-122.37975,47.53714],[-122.38234,47.53691],[-122.38353,47.53537],[-122.38213,47.53405],[-122.37955,47.53428]]]}},{"type":"Feature","properties":{"i":386},"geometry":{"type":"Polygon","coordinates":[[[-122.36485,47.54708],[-122.36366,47.54862],[-122.36506,47.54994],[-122.36765,47.54971],[-122.36884,47.54817],[-122.36744,47.54685],[-122.36485,47.54708]]]}},{"type":"Feature","properties":{"i":387},"geometry":{"type":"Polygon","coordinates":[[[-122.36713,47.57849],[-122.36594,47.58003],[-122.36734,47.58135],[-122.36993,47.58112],[-122.37112,47.57958],[-122.36972,47.57826],[-122.36713,47.57849]]]}},{"type":"Feature","properties":{"i":388},"geometry":{"type":"Polygon","coordinates":[[[-122.37618,47.54177],[-122.37499,47.54331],[-122.37639,47.54462],[-122.37898,47.5444],[-122.38017,47.54285],[-122.37877,47.54154],[-122.37618,47.54177]]]}},{"type":"Feature","properties":{"i":389},"geometry":{"type":"Polygon","coordinates":[[[-122.32419,47.52478],[-122.323,47.52632],[-122.32439,47.52764],[-122.32698,47.52741],[-122.32817,47.52587],[-122.32677,47.52455],[-122.32419,47.52478]]]}},{"type":"Feature","properties":{"i":390},"geometry":{"type":"Polygon","coordinates":[[[-122.35414,47.56096],[-122.35295,47.5625],[-122.35435,47.56381],[-122.35694,47.56359],[-122.35813,47.56204],[-122.35673,47.56073],[-122.35414,47.56096]]]}},{"type":"Feature","properties":{"i":391},"geometry":{"type":"Polygon","coordinates":[[[-122.39337,47.56324],[-122.39218,47.56479],[-122.39358,47.5661],[-122.39616,47.56587],[-122.39735,47.56433],[-122.39596,47.56301],[-122.39337,47.56324]]]}},{"type":"Feature","properties":{"i":392},"geometry":{"type":"Polygon","coordinates":[[[-122.36506,47.54994],[-122.36387,47.55148],[-122.36527,47.55279],[-122.36786,47.55256],[-122.36905,47.55102],[-122.36765,47.54971],[-122.36506,47.54994]]]}},{"type":"Feature","properties":{"i":393},"geometry":{"type":"Polygon","coordinates":[[[-122.37909,47.58175],[-122.3779,47.58329],[-122.3793,47.5846],[-122.38189,47.58437],[-122.38308,47.58283],[-122.38168,47.58152],[-122.37909,47.58175]]]}},{"type":"Feature","properties":{"i":394},"geometry":{"type":"Polygon","coordinates":[[[-122.3588,47.51742],[-122.35761,47.51897],[-122.35901,47.52028],[-122.36159,47.52005],[-122.36278,47.51851],[-122.36139,47.51719],[-122.3588,47.51742]]]}},{"type":"Feature","properties":{"i":395},"geometry":{"type":"Polygon","coordinates":[[[-122.39399,47.57181],[-122.3928,47.57335],[-122.3942,47.57466],[-122.39679,47.57443],[-122.39798,47.57289],[-122.39658,47.57158],[-122.39399,47.57181]]]}},{"type":"Feature","properties":{"i":396},"geometry":{"type":"Polygon","coordinates":[[[-122.3871,47.53074],[-122.38591,47.53228],[-122.38731,47.5336],[-122.38989,47.53337],[-122.39108,47.53183],[-122.38968,47.53051],[-122.3871,47.53074]]]}},{"type":"Feature","properties":{"i":397},"geometry":{"type":"Polygon","coordinates":[[[-122.38124,47.50394],[-122.38006,47.50548],[-122.38145,47.5068],[-122.38404,47.50657],[-122.38523,47.50502],[-122.38383,47.50371],[-122.38124,47.50394]]]}},{"type":"Feature","properties":{"i":398},"geometry":{"type":"Polygon","coordinates":[[[-122.3617,47.55742],[-122.36051,47.55896],[-122.3619,47.56027],[-122.36449,47.56005],[-122.36568,47.5585],[-122.36429,47.55719],[-122.3617,47.55742]]]}},{"type":"Feature","properties":{"i":399},"geometry":{"type":"Polygon","coordinates":[[[-122.39046,47.52325],[-122.38927,47.5248],[-122.39066,47.52611],[-122.39325,47.52588],[-122.39444,47.52434],[-122.39304,47.52303],[-122.39046,47.52325]]]}},{"type":"Feature","properties":{"i":400},"geometry":{"type":"Polygon","coordinates":[[[-122.34933,47.54845],[-122.34814,47.54999],[-122.34954,47.5513],[-122.35212,47.55108],[-122.35331,47.54953],[-122.35192,47.54822],[-122.34933,47.54845]]]}},{"type":"Feature","properties":{"i":401},"geometry":{"type":"Polygon","coordinates":[[[-122.39694,47.55862],[-122.39575,47.56016],[-122.39715,47.56147],[-122.39973,47.56124],[-122.40092,47.5597],[-122.39952,47.55839],[-122.39694,47.55862]]]}},{"type":"Feature","properties":{"i":402},"geometry":{"type":"Polygon","coordinates":[[[-122.37747,47.50571],[-122.37628,47.50725],[-122.37768,47.50857],[-122.38026,47.50834],[-122.38145,47.5068],[-122.38006,47.50548],[-122.37747,47.50571]]]}},{"type":"Feature","properties":{"i":403},"geometry":{"type":"Polygon","coordinates":[[[-122.32041,47.52655],[-122.31922,47.52809],[-122.32061,47.52941],[-122.3232,47.52918],[-122.32439,47.52764],[-122.323,47.52632],[-122.32041,47.52655]]]}},{"type":"Feature","properties":{"i":404},"geometry":{"type":"Polygon","coordinates":[[[-122.39108,47.53183],[-122.38989,47.53337],[-122.39129,47.53468],[-122.39388,47.53445],[-122.39506,47.53291],[-122.39367,47.5316],[-122.39108,47.53183]]]}},{"type":"Feature","properties":{"i":405},"geometry":{"type":"Polygon","coordinates":[[[-122.38772,47.53931],[-122.38653,47.54085],[-122.38793,47.54217],[-122.39052,47.54194],[-122.3917,47.5404],[-122.39031,47.53908],[-122.38772,47.53931]]]}},{"type":"Feature","properties":{"i":406},"geometry":{"type":"Polygon","coordinates":[[[-122.37847,47.57318],[-122.37728,47.57472],[-122.37868,47.57604],[-122.38126,47.57581],[-122.38245,47.57427],[-122.38106,47.57295],[-122.37847,47.57318]]]}},{"type":"Feature","properties":{"i":407},"geometry":{"type":"Polygon","coordinates":[[[-122.3766,47.54748],[-122.37541,47.54902],[-122.37681,47.55034],[-122.37939,47.55011],[-122.38058,47.54857],[-122.37919,47.54725],[-122.3766,47.54748]]]}},{"type":"Feature","properties":{"i":408},"geometry":{"type":"Polygon","coordinates":[[[-122.39063,47.57929],[-122.38944,47.58083],[-122.39084,47.58214],[-122.39343,47.58192],[-122.39462,47.58037],[-122.39322,47.57906],[-122.39063,47.57929]]]}},{"type":"Feature","properties":{"i":409},"geometry":{"type":"Polygon","coordinates":[[[-122.3439,47.52736],[-122.34271,47.52891],[-122.34411,47.53022],[-122.34669,47.52999],[-122.34788,47.52845],[-122.34649,47.52713],[-122.3439,47.52736]]]}},{"type":"Feature","properties":{"i":410},"geometry":{"type":"Polygon","coordinates":[[[-122.37951,47.58746],[-122.37832,47.589],[-122.37971,47.59031],[-122.3823,47.59008],[-122.38349,47.58854],[-122.38209,47.58723],[-122.37951,47.58746]]]}},{"type":"Feature","properties":{"i":411},"geometry":{"type":"Polygon","coordinates":[[[-122.37556,47.5332],[-122.37437,47.53474],[-122.37577,47.53605],[-122.37836,47.53583],[-122.37955,47.53428],[-122.37815,47.53297],[-122.37556,47.5332]]]}},{"type":"Feature","properties":{"i":412},"geometry":{"type":"Polygon","coordinates":[[[-122.36087,47.54599],[-122.35968,47.54754],[-122.36108,47.54885],[-122.36366,47.54862],[-122.36485,47.54708],[-122.36346,47.54577],[-122.36087,47.54599]]]}},{"type":"Feature","properties":{"i":413},"geometry":{"type":"Polygon","coordinates":[[[-122.3722,47.54068],[-122.37101,47.54222],[-122.37241,47.54354],[-122.37499,47.54331],[-122.37618,47.54177],[-122.37479,47.54045],[-122.3722,47.54068]]]}},{"type":"Feature","properties":{"i":414},"geometry":{"type":"Polygon","coordinates":[[[-122.33195,47.5241],[-122.33076,47.52564],[-122.33215,47.52696],[-122.33474,47.52673],[-122.33593,47.52519],[-122.33454,47.52387],[-122.33195,47.5241]]]}},{"type":"Feature","properties":{"i":415},"geometry":{"type":"Polygon","coordinates":[[[-122.39379,47.56895],[-122.3926,47.5705],[-122.39399,47.57181],[-122.39658,47.57158],[-122.39777,47.57004],[-122.39637,47.56872],[-122.39379,47.56895]]]}},{"type":"Feature","properties":{"i":416},"geometry":{"type":"Polygon","coordinates":[[[-122.37282,47.54925],[-122.37163,47.55079],[-122.37303,47.55211],[-122.37562,47.55188],[-122.37681,47.55034],[-122.37541,47.54902],[-122.37282,47.54925]]]}},{"type":"Feature","properties":{"i":417},"geometry":{"type":"Polygon","coordinates":[[[-122.37511,47.58066],[-122.37391,47.5822],[-122.37531,47.58352],[-122.3779,47.58329],[-122.37909,47.58175],[-122.37769,47.58043],[-122.37511,47.58066]]]}},{"type":"Feature","properties":{"i":418},"geometry":{"type":"Polygon","coordinates":[[[-122.36656,47.51674],[-122.36537,47.51828],[-122.36677,47.5196],[-122.36935,47.51937],[-122.37054,47.51783],[-122.36914,47.51651],[-122.36656,47.51674]]]}},{"type":"Feature","properties":{"i":419},"geometry":{"type":"Polygon","coordinates":[[[-122.39001,47.57072],[-122.38882,47.57227],[-122.39022,47.57358],[-122.3928,47.57335],[-122.39399,47.57181],[-122.3926,47.5705],[-122.39001,47.57072]]]}},{"type":"Feature","properties":{"i":420},"geometry":{"type":"Polygon","coordinates":[[[-122.34053,47.53485],[-122.33934,47.53639],[-122.34074,47.5377],[-122.34333,47.53748],[-122.34452,47.53593],[-122.34312,47.53462],[-122.34053,47.53485]]]}},{"type":"Feature","properties":{"i":421},"geometry":{"type":"Polygon","coordinates":[[[-122.37726,47.50285],[-122.37607,47.50439],[-122.37747,47.50571],[-122.38006,47.50548],[-122.38124,47.50394],[-122.37985,47.50262],[-122.37726,47.50285]]]}},{"type":"Feature","properties":{"i":422},"geometry":{"type":"Polygon","coordinates":[[[-122.35544,47.52491],[-122.35425,47.52645],[-122.35564,47.52777],[-122.35823,47.52754],[-122.35942,47.526],[-122.35802,47.52468],[-122.35544,47.52491]]]}},{"type":"Feature","properties":{"i":423},"geometry":{"type":"Polygon","coordinates":[[[-122.36946,47.55673],[-122.36827,47.55828],[-122.36967,47.55959],[-122.37225,47.55936],[-122.37344,47.55782],[-122.37205,47.55651],[-122.36946,47.55673]]]}},{"type":"Feature","properties":{"i":424},"geometry":{"type":"Polygon","coordinates":[[[-122.35833,47.5649],[-122.35714,47.56644],[-122.35854,47.56776],[-122.36113,47.56753],[-122.36232,47.56599],[-122.36092,47.56467],[-122.35833,47.5649]]]}},{"type":"Feature","properties":{"i":425},"geometry":{"type":"Polygon","coordinates":[[[-122.39087,47.52897],[-122.38968,47.53051],[-122.39108,47.53183],[-122.39367,47.5316],[-122.39486,47.53005],[-122.39346,47.52874],[-122.39087,47.52897]]]}},{"type":"Feature","properties":{"i":426},"geometry":{"type":"Polygon","coordinates":[[[-122.37789,47.51142],[-122.3767,47.51297],[-122.37809,47.51428],[-122.38068,47.51405],[-122.38187,47.51251],[-122.38047,47.5112],[-122.37789,47.51142]]]}},{"type":"Feature","properties":{"i":427},"geometry":{"type":"Polygon","coordinates":[[[-122.31642,47.52546],[-122.31523,47.52701],[-122.31663,47.52832],[-122.31922,47.52809],[-122.32041,47.52655],[-122.31901,47.52524],[-122.31642,47.52546]]]}},{"type":"Feature","properties":{"i":428},"geometry":{"type":"Polygon","coordinates":[[[-122.34596,47.55593],[-122.34477,47.55747],[-122.34617,47.55879],[-122.34876,47.55856],[-122.34995,47.55702],[-122.34855,47.5557],[-122.34596,47.55593]]]}},{"type":"Feature","properties":{"i":429},"geometry":{"type":"Polygon","coordinates":[[[-122.35202,47.58557],[-122.35083,47.58711],[-122.35222,47.58843],[-122.35481,47.5882],[-122.356,47.58666],[-122.35461,47.58534],[-122.35202,47.58557]]]}},{"type":"Feature","properties":{"i":430},"geometry":{"type":"Polygon","coordinates":[[[-122.3514,47.57701],[-122.35021,47.57855],[-122.3516,47.57986],[-122.35419,47.57963],[-122.35538,47.57809],[-122.35398,47.57678],[-122.3514,47.57701]]]}},{"type":"Feature","properties":{"i":431},"geometry":{"type":"Polygon","coordinates":[[[-122.3558,47.5838],[-122.35461,47.58534],[-122.356,47.58666],[-122.35859,47.58643],[-122.35978,47.58489],[-122.35838,47.58357],[-122.3558,47.5838]]]}},{"type":"Feature","properties":{"i":432},"geometry":{"type":"Polygon","coordinates":[[[-122.35518,47.57524],[-122.35398,47.57678],[-122.35538,47.57809],[-122.35797,47.57786],[-122.35916,47.57632],[-122.35776,47.57501],[-122.35518,47.57524]]]}},{"type":"Feature","properties":{"i":433},"geometry":{"type":"Polygon","coordinates":[[[-122.35538,47.57809],[-122.35419,47.57963],[-122.35559,47.58095],[-122.35818,47.58072],[-122.35937,47.57918],[-122.35797,47.57786],[-122.35538,47.57809]]]}},{"type":"Feature","properties":{"i":434},"geometry":{"type":"Polygon","coordinates":[[[-122.347,47.57021],[-122.34581,47.57175],[-122.3472,47.57307],[-122.34979,47.57284],[-122.35098,47.5713],[-122.34959,47.56998],[-122.347,47.57021]]]}},{"type":"Feature","properties":{"i":435},"geometry":{"type":"Polygon","coordinates":[[[-122.34824,47.58734],[-122.34705,47.58888],[-122.34844,47.5902],[-122.35103,47.58997],[-122.35222,47.58843],[-122.35083,47.58711],[-122.34824,47.58734]]]}},{"type":"Feature","properties":{"i":436},"geometry":{"type":"Polygon","coordinates":[[[-122.34762,47.57878],[-122.34643,47.58032],[-122.34782,47.58163],[-122.35041,47.5814],[-122.3516,47.57986],[-122.35021,47.57855],[-122.34762,47.57878]]]}},{"type":"Feature","properties":{"i":437},"geometry":{"type":"Polygon","coordinates":[[[-122.35098,47.5713],[-122.34979,47.57284],[-122.35119,47.57415],[-122.35378,47.57392],[-122.35497,47.57238],[-122.35357,47.57107],[-122.35098,47.5713]]]}},{"type":"Feature","properties":{"i":438},"geometry":{"type":"Polygon","coordinates":[[[-122.35559,47.58095],[-122.3544,47.58249],[-122.3558,47.5838],[-122.35838,47.58357],[-122.35958,47.58203],[-122.35818,47.58072],[-122.35559,47.58095]]]}},{"type":"Feature","properties":{"i":439},"geometry":{"type":"Polygon","coordinates":[[[-122.34782,47.58163],[-122.34663,47.58317],[-122.34803,47.58449],[-122.35062,47.58426],[-122.35181,47.58272],[-122.35041,47.5814],[-122.34782,47.58163]]]}},{"type":"Feature","properties":{"i":440},"geometry":{"type":"Polygon","coordinates":[[[-122.3472,47.57307],[-122.34601,47.57461],[-122.34741,47.57592],[-122.35,47.57569],[-122.35119,47.57415],[-122.34979,47.57284],[-122.3472,47.57307]]]}},{"type":"Feature","properties":{"i":441},"geometry":{"type":"Polygon","coordinates":[[[-122.3516,47.57986],[-122.35041,47.5814],[-122.35181,47.58272],[-122.3544,47.58249],[-122.35559,47.58095],[-122.35419,47.57963],[-122.3516,47.57986]]]}},{"type":"Feature","properties":{"i":442},"geometry":{"type":"Polygon","coordinates":[[[-122.35119,47.57415],[-122.35,47.57569],[-122.3514,47.57701],[-122.35398,47.57678],[-122.35518,47.57524],[-122.35378,47.57392],[-122.35119,47.57415]]]}},{"type":"Feature","properties":{"i":443},"geometry":{"type":"Polygon","coordinates":[[[-122.34803,47.58449],[-122.34684,47.58603],[-122.34824,47.58734],[-122.35083,47.58711],[-122.35202,47.58557],[-122.35062,47.58426],[-122.34803,47.58449]]]}},{"type":"Feature","properties":{"i":444},"geometry":{"type":"Polygon","coordinates":[[[-122.34741,47.57592],[-122.34622,47.57746],[-122.34762,47.57878],[-122.35021,47.57855],[-122.3514,47.57701],[-122.35,47.57569],[-122.34741,47.57592]]]}},{"type":"Feature","properties":{"i":445},"geometry":{"type":"Polygon","coordinates":[[[-122.35181,47.58272],[-122.35062,47.58426],[-122.35202,47.58557],[-122.35461,47.58534],[-122.3558,47.5838],[-122.3544,47.58249],[-122.35181,47.58272]]]}},{"type":"Feature","properties":{"i":446},"geometry":{"type":"Polygon","coordinates":[[[-122.34144,47.65543],[-122.34025,47.65697],[-122.34165,47.65828],[-122.34424,47.65805],[-122.34543,47.65651],[-122.34403,47.6552],[-122.34144,47.65543]]]}},{"type":"Feature","properties":{"i":447},"geometry":{"type":"Polygon","coordinates":[[[-122.28508,47.68764],[-122.28388,47.68918],[-122.28528,47.69049],[-122.28787,47.69026],[-122.28907,47.68872],[-122.28767,47.68741],[-122.28508,47.68764]]]}},{"type":"Feature","properties":{"i":448},"geometry":{"type":"Polygon","coordinates":[[[-122.30973,47.6496],[-122.30853,47.65114],[-122.30993,47.65246],[-122.31252,47.65223],[-122.31372,47.65069],[-122.31232,47.64937],[-122.30973,47.6496]]]}},{"type":"Feature","properties":{"i":449},"geometry":{"type":"Polygon","coordinates":[[[-122.34661,47.72669],[-122.34542,47.72823],[-122.34682,47.72954],[-122.34941,47.72931],[-122.3506,47.72777],[-122.3492,47.72646],[-122.34661,47.72669]]]}},{"type":"Feature","properties":{"i":450},"geometry":{"type":"Polygon","coordinates":[[[-122.33573,47.68463],[-122.33454,47.68617],[-122.33594,47.68748],[-122.33853,47.68725],[-122.33972,47.68571],[-122.33832,47.6844],[-122.33573,47.68463]]]}},{"type":"Feature","properties":{"i":451},"geometry":{"type":"Polygon","coordinates":[[[-122.31113,47.56043],[-122.30993,47.56197],[-122.31133,47.56329],[-122.31392,47.56306],[-122.31511,47.56152],[-122.31371,47.5602],[-122.31113,47.56043]]]}},{"type":"Feature","properties":{"i":452},"geometry":{"type":"Polygon","coordinates":[[[-122.30981,47.59647],[-122.30862,47.59801],[-122.31002,47.59932],[-122.31261,47.59909],[-122.3138,47.59755],[-122.3124,47.59624],[-122.30981,47.59647]]]}},{"type":"Feature","properties":{"i":453},"geometry":{"type":"Polygon","coordinates":[[[-122.37124,47.68867],[-122.37005,47.69021],[-122.37145,47.69152],[-122.37404,47.69129],[-122.37523,47.68975],[-122.37383,47.68844],[-122.37124,47.68867]]]}},{"type":"Feature","properties":{"i":454},"geometry":{"type":"Polygon","coordinates":[[[-122.34839,47.64333],[-122.34719,47.64487],[-122.34859,47.64618],[-122.35118,47.64596],[-122.35237,47.64442],[-122.35098,47.6431],[-122.34839,47.64333]]]}},{"type":"Feature","properties":{"i":455},"geometry":{"type":"Polygon","coordinates":[[[-122.31997,47.68314],[-122.31878,47.68468],[-122.32018,47.68599],[-122.32277,47.68577],[-122.32396,47.68423],[-122.32256,47.68291],[-122.31997,47.68314]]]}},{"type":"Feature","properties":{"i":456},"geometry":{"type":"Polygon","coordinates":[[[-122.27945,47.55458],[-122.27825,47.55612],[-122.27965,47.55744],[-122.28224,47.55721],[-122.28343,47.55567],[-122.28203,47.55435],[-122.27945,47.55458]]]}},{"type":"Feature","properties":{"i":457},"geometry":{"type":"Polygon","coordinates":[[[-122.40257,47.63567],[-122.40138,47.63721],[-122.40277,47.63853],[-122.40536,47.6383],[-122.40655,47.63676],[-122.40515,47.63544],[-122.40257,47.63567]]]}},{"type":"Feature","properties":{"i":458},"geometry":{"type":"Polygon","coordinates":[[[-122.31668,47.63751],[-122.31549,47.63905],[-122.31688,47.64036],[-122.31947,47.64013],[-122.32067,47.63859],[-122.31927,47.63728],[-122.31668,47.63751]]]}},{"type":"Feature","properties":{"i":459},"geometry":{"type":"Polygon","coordinates":[[[-122.3729,47.71147],[-122.37171,47.71301],[-122.37311,47.71432],[-122.3757,47.71409],[-122.37689,47.71255],[-122.37549,47.71124],[-122.3729,47.71147]]]}},{"type":"Feature","properties":{"i":460},"geometry":{"type":"Polygon","coordinates":[[[-122.31807,47.54832],[-122.31688,47.54986],[-122.31827,47.55118],[-122.32086,47.55095],[-122.32205,47.54941],[-122.32066,47.54809],[-122.31807,47.54832]]]}},{"type":"Feature","properties":{"i":461},"geometry":{"type":"Polygon","coordinates":[[[-122.37087,47.62986],[-122.36968,47.63141],[-122.37107,47.63272],[-122.37366,47.63249],[-122.37486,47.63095],[-122.37346,47.62964],[-122.37087,47.62986]]]}},{"type":"Feature","properties":{"i":462},"geometry":{"type":"Polygon","coordinates":[[[-122.28639,47.54247],[-122.2852,47.54402],[-122.2866,47.54533],[-122.28919,47.5451],[-122.29038,47.54356],[-122.28898,47.54225],[-122.28639,47.54247]]]}},{"type":"Feature","properties":{"i":463},"geometry":{"type":"Polygon","coordinates":[[[-122.28354,47.6117],[-122.28234,47.61324],[-122.28374,47.61455],[-122.28633,47.61432],[-122.28752,47.61278],[-122.28613,47.61147],[-122.28354,47.6117]]]}},{"type":"Feature","properties":{"i":464},"geometry":{"type":"Polygon","coordinates":[[[-122.28517,47.63453],[-122.28398,47.63607],[-122.28538,47.63738],[-122.28797,47.63715],[-122.28916,47.63561],[-122.28777,47.6343],[-122.28517,47.63453]]]}},{"type":"Feature","properties":{"i":465},"geometry":{"type":"Polygon","coordinates":[[[-122.30808,47.62678],[-122.30689,47.62832],[-122.30829,47.62963],[-122.31088,47.6294],[-122.31207,47.62786],[-122.31067,47.62655],[-122.30808,47.62678]]]}},{"type":"Feature","properties":{"i":466},"geometry":{"type":"Polygon","coordinates":[[[-122.32603,47.71273],[-122.32483,47.71427],[-122.32623,47.71558],[-122.32883,47.71535],[-122.33002,47.71381],[-122.32862,47.7125],[-122.32603,47.71273]]]}},{"type":"Feature","properties":{"i":467},"geometry":{"type":"Polygon","coordinates":[[[-122.26931,47.68615],[-122.26812,47.68769],[-122.26952,47.689],[-122.27211,47.68877],[-122.2733,47.68723],[-122.27191,47.68592],[-122.26931,47.68615]]]}},{"type":"Feature","properties":{"i":468},"geometry":{"type":"Polygon","coordinates":[[[-122.33553,47.68177],[-122.33433,47.68331],[-122.33573,47.68463],[-122.33832,47.6844],[-122.33952,47.68286],[-122.33812,47.68155],[-122.33553,47.68177]]]}},{"type":"Feature","properties":{"i":469},"geometry":{"type":"Polygon","coordinates":[[[-122.29785,47.59321],[-122.29666,47.59475],[-122.29805,47.59606],[-122.30064,47.59583],[-122.30184,47.59429],[-122.30044,47.59298],[-122.29785,47.59321]]]}},{"type":"Feature","properties":{"i":470},"geometry":{"type":"Polygon","coordinates":[[[-122.3587,47.62376],[-122.3575,47.6253],[-122.3589,47.62661],[-122.36149,47.62638],[-122.36268,47.62484],[-122.36128,47.62353],[-122.3587,47.62376]]]}},{"type":"Feature","properties":{"i":471},"geometry":{"type":"Polygon","coordinates":[[[-122.37668,47.7097],[-122.37549,47.71124],[-122.37689,47.71255],[-122.37948,47.71232],[-122.38068,47.71078],[-122.37928,47.70947],[-122.37668,47.7097]]]}},{"type":"Feature","properties":{"i":472},"geometry":{"type":"Polygon","coordinates":[[[-122.3038,47.67595],[-122.30261,47.67749],[-122.30401,47.67881],[-122.3066,47.67858],[-122.30779,47.67704],[-122.30639,47.67573],[-122.3038,47.67595]]]}},{"type":"Feature","properties":{"i":473},"geometry":{"type":"Polygon","coordinates":[[[-122.27781,47.53172],[-122.27662,47.53326],[-122.27802,47.53458],[-122.2806,47.53435],[-122.2818,47.53281],[-122.2804,47.5315],[-122.27781,47.53172]]]}},{"type":"Feature","properties":{"i":474},"geometry":{"type":"Polygon","coordinates":[[[-122.41578,47.65603],[-122.41459,47.65757],[-122.41599,47.65888],[-122.41858,47.65865],[-122.41977,47.65711],[-122.41837,47.6558],[-122.41578,47.65603]]]}},{"type":"Feature","properties":{"i":475},"geometry":{"type":"Polygon","coordinates":[[[-122.30351,47.72618],[-122.30231,47.72772],[-122.30371,47.72903],[-122.30631,47.7288],[-122.3075,47.72726],[-122.3061,47.72595],[-122.30351,47.72618]]]}},{"type":"Feature","properties":{"i":476},"geometry":{"type":"Polygon","coordinates":[[[-122.30944,47.69985],[-122.30824,47.70139],[-122.30964,47.7027],[-122.31224,47.70247],[-122.31343,47.70093],[-122.31203,47.69962],[-122.30944,47.69985]]]}},{"type":"Feature","properties":{"i":477},"geometry":{"type":"Polygon","coordinates":[[[-122.33435,47.61155],[-122.33316,47.61309],[-122.33456,47.6144],[-122.33715,47.61417],[-122.33834,47.61263],[-122.33694,47.61132],[-122.33435,47.61155]]]}},{"type":"Feature","properties":{"i":478},"geometry":{"type":"Polygon","coordinates":[[[-122.36092,47.70822],[-122.35973,47.70976],[-122.36113,47.71107],[-122.36372,47.71084],[-122.36492,47.7093],[-122.36352,47.70799],[-122.36092,47.70822]]]}},{"type":"Feature","properties":{"i":479},"geometry":{"type":"Polygon","coordinates":[[[-122.32033,47.57974],[-122.31914,47.58128],[-122.32054,47.5826],[-122.32313,47.58237],[-122.32432,47.58083],[-122.32292,47.57951],[-122.32033,47.57974]]]}},{"type":"Feature","properties":{"i":480},"geometry":{"type":"Polygon","coordinates":[[[-122.31026,47.71125],[-122.30907,47.71279],[-122.31047,47.7141],[-122.31306,47.71387],[-122.31425,47.71233],[-122.31285,47.71102],[-122.31026,47.71125]]]}},{"type":"Feature","properties":{"i":481},"geometry":{"type":"Polygon","coordinates":[[[-122.29972,47.72795],[-122.29853,47.72949],[-122.29993,47.7308],[-122.30252,47.73057],[-122.30371,47.72903],[-122.30231,47.72772],[-122.29972,47.72795]]]}},{"type":"Feature","properties":{"i":482},"geometry":{"type":"Polygon","coordinates":[[[-122.38408,47.65023],[-122.38289,47.65177],[-122.38429,47.65308],[-122.38688,47.65285],[-122.38807,47.65131],[-122.38667,47.65],[-122.38408,47.65023]]]}},{"type":"Feature","properties":{"i":483},"geometry":{"type":"Polygon","coordinates":[[[-122.39057,47.68552],[-122.38938,47.68706],[-122.39078,47.68837],[-122.39337,47.68814],[-122.39456,47.6866],[-122.39316,47.68529],[-122.39057,47.68552]]]}},{"type":"Feature","properties":{"i":484},"geometry":{"type":"Polygon","coordinates":[[[-122.34371,47.68679],[-122.34252,47.68833],[-122.34392,47.68964],[-122.34651,47.68941],[-122.34771,47.68787],[-122.34631,47.68656],[-122.34371,47.68679]]]}},{"type":"Feature","properties":{"i":485},"geometry":{"type":"Polygon","coordinates":[[[-122.30603,47.59823],[-122.30484,47.59978],[-122.30623,47.60109],[-122.30882,47.60086],[-122.31002,47.59932],[-122.30862,47.59801],[-122.30603,47.59823]]]}},{"type":"Feature","properties":{"i":486},"geometry":{"type":"Polygon","coordinates":[[[-122.35885,47.67972],[-122.35766,47.68126],[-122.35906,47.68257],[-122.36165,47.68234],[-122.36284,47.6808],[-122.36144,47.67949],[-122.35885,47.67972]]]}},{"type":"Feature","properties":{"i":487},"geometry":{"type":"Polygon","coordinates":[[[-122.36833,47.64875],[-122.36714,47.65029],[-122.36854,47.6516],[-122.37113,47.65137],[-122.37232,47.64983],[-122.37092,47.64852],[-122.36833,47.64875]]]}},{"type":"Feature","properties":{"i":488},"geometry":{"type":"Polygon","coordinates":[[[-122.31199,47.68097],[-122.3108,47.68251],[-122.3122,47.68383],[-122.31479,47.6836],[-122.31598,47.68206],[-122.31458,47.68075],[-122.31199,47.68097]]]}},{"type":"Feature","properties":{"i":489},"geometry":{"type":"Polygon","coordinates":[[[-122.28742,47.55676],[-122.28623,47.5583],[-122.28762,47.55962],[-122.29021,47.55939],[-122.2914,47.55785],[-122.29001,47.55653],[-122.28742,47.55676]]]}},{"type":"Feature","properties":{"i":490},"geometry":{"type":"Polygon","coordinates":[[[-122.34398,47.63654],[-122.34279,47.63808],[-122.34419,47.6394],[-122.34678,47.63917],[-122.34797,47.63763],[-122.34657,47.63631],[-122.34398,47.63654]]]}},{"type":"Feature","properties":{"i":491},"geometry":{"type":"Polygon","coordinates":[[[-122.33126,47.56872],[-122.33007,47.57026],[-122.33147,47.57158],[-122.33406,47.57135],[-122.33525,47.56981],[-122.33385,47.56849],[-122.33126,47.56872]]]}},{"type":"Feature","properties":{"i":492},"geometry":{"type":"Polygon","coordinates":[[[-122.36912,47.71323],[-122.36792,47.71477],[-122.36932,47.71608],[-122.37192,47.71585],[-122.37311,47.71432],[-122.37171,47.71301],[-122.36912,47.71323]]]}},{"type":"Feature","properties":{"i":493},"geometry":{"type":"Polygon","coordinates":[[[-122.36471,47.70645],[-122.36352,47.70799],[-122.36492,47.7093],[-122.36751,47.70907],[-122.3687,47.70754],[-122.3673,47.70622],[-122.36471,47.70645]]]}},{"type":"Feature","properties":{"i":494},"geometry":{"type":"Polygon","coordinates":[[[-122.28414,47.51103],[-122.28295,47.51258],[-122.28435,47.51389],[-122.28694,47.51367],[-122.28813,47.51212],[-122.28673,47.51081],[-122.28414,47.51103]]]}},{"type":"Feature","properties":{"i":495},"geometry":{"type":"Polygon","coordinates":[[[-122.33497,47.62011],[-122.33378,47.62165],[-122.33518,47.62296],[-122.33777,47.62273],[-122.33896,47.62119],[-122.33756,47.61988],[-122.33497,47.62011]]]}},{"type":"Feature","properties":{"i":496},"geometry":{"type":"Polygon","coordinates":[[[-122.32851,47.58477],[-122.32732,47.58631],[-122.32872,47.58762],[-122.33131,47.5874],[-122.3325,47.58585],[-122.3311,47.58454],[-122.32851,47.58477]]]}},{"type":"Feature","properties":{"i":497},"geometry":{"type":"Polygon","coordinates":[[[-122.33799,47.55376],[-122.3368,47.5553],[-122.3382,47.55661],[-122.34079,47.55639],[-122.34198,47.55484],[-122.34058,47.55353],[-122.33799,47.55376]]]}},{"type":"Feature","properties":{"i":498},"geometry":{"type":"Polygon","coordinates":[[[-122.37884,47.63203],[-122.37765,47.63357],[-122.37905,47.63488],[-122.38164,47.63465],[-122.38283,47.63311],[-122.38143,47.6318],[-122.37884,47.63203]]]}},{"type":"Feature","properties":{"i":499},"geometry":{"type":"Polygon","coordinates":[[[-122.39373,47.6752],[-122.39253,47.67674],[-122.39393,47.67805],[-122.39652,47.67782],[-122.39772,47.67628],[-122.39632,47.67497],[-122.39373,47.6752]]]}},{"type":"Feature","properties":{"i":500},"geometry":{"type":"Polygon","coordinates":[[[-122.26525,47.51988],[-122.26405,47.52142],[-122.26545,47.52274],[-122.26804,47.52251],[-122.26923,47.52097],[-122.26783,47.51965],[-122.26525,47.51988]]]}},{"type":"Feature","properties":{"i":501},"geometry":{"type":"Polygon","coordinates":[[[-122.31367,47.54152],[-122.31248,47.54306],[-122.31388,47.54438],[-122.31647,47.54415],[-122.31766,47.54261],[-122.31626,47.54129],[-122.31367,47.54152]]]}},{"type":"Feature","properties":{"i":502},"geometry":{"type":"Polygon","coordinates":[[[-122.26512,47.68221],[-122.26392,47.68375],[-122.26532,47.68506],[-122.26791,47.68484],[-122.26911,47.6833],[-122.26771,47.68198],[-122.26512,47.68221]]]}},{"type":"Feature","properties":{"i":503},"geometry":{"type":"Polygon","coordinates":[[[-122.29315,47.6367],[-122.29196,47.63824],[-122.29336,47.63955],[-122.29595,47.63933],[-122.29714,47.63779],[-122.29574,47.63647],[-122.29315,47.6367]]]}},{"type":"Feature","properties":{"i":504},"geometry":{"type":"Polygon","coordinates":[[[-122.26552,47.68791],[-122.26433,47.68945],[-122.26573,47.69077],[-122.26832,47.69054],[-122.26952,47.689],[-122.26812,47.68769],[-122.26552,47.68791]]]}},{"type":"Feature","properties":{"i":505},"geometry":{"type":"Polygon","coordinates":[[[-122.32314,47.67282],[-122.32195,47.67436],[-122.32335,47.67567],[-122.32594,47.67544],[-122.32713,47.6739],[-122.32573,47.67259],[-122.32314,47.67282]]]}},{"type":"Feature","properties":{"i":506},"geometry":{"type":"Polygon","coordinates":[[[-122.28987,47.59103],[-122.28868,47.59257],[-122.29008,47.59389],[-122.29267,47.59366],[-122.29386,47.59212],[-122.29246,47.5908],[-122.28987,47.59103]]]}},{"type":"Feature","properties":{"i":507},"geometry":{"type":"Polygon","coordinates":[[[-122.29142,47.667],[-122.29022,47.66854],[-122.29162,47.66985],[-122.29422,47.66962],[-122.29541,47.66808],[-122.29401,47.66677],[-122.29142,47.667]]]}},{"type":"Feature","properties":{"i":508},"geometry":{"type":"Polygon","coordinates":[[[-122.26688,47.54274],[-122.26568,47.54428],[-122.26708,47.5456],[-122.26967,47.54537],[-122.27086,47.54383],[-122.26947,47.54252],[-122.26688,47.54274]]]}},{"type":"Feature","properties":{"i":509},"geometry":{"type":"Polygon","coordinates":[[[-122.26788,47.66619],[-122.26669,47.66772],[-122.26809,47.66904],[-122.27068,47.66881],[-122.27187,47.66727],[-122.27047,47.66596],[-122.26788,47.66619]]]}},{"type":"Feature","properties":{"i":510},"geometry":{"type":"Polygon","coordinates":[[[-122.33057,47.61331],[-122.32938,47.61485],[-122.33078,47.61617],[-122.33337,47.61594],[-122.33456,47.6144],[-122.33316,47.61309],[-122.33057,47.61331]]]}},{"type":"Feature","properties":{"i":511},"geometry":{"type":"Polygon","coordinates":[[[-122.25963,47.49591],[-122.25844,47.49746],[-122.25984,47.49877],[-122.26242,47.49855],[-122.26362,47.49701],[-122.26222,47.49569],[-122.25963,47.49591]]]}},{"type":"Feature","properties":{"i":512},"geometry":{"type":"Polygon","coordinates":[[[-122.35294,47.70606],[-122.35175,47.7076],[-122.35315,47.70891],[-122.35574,47.70868],[-122.35693,47.70714],[-122.35553,47.70583],[-122.35294,47.70606]]]}},{"type":"Feature","properties":{"i":513},"geometry":{"type":"Polygon","coordinates":[[[-122.41956,47.65426],[-122.41837,47.6558],[-122.41977,47.65711],[-122.42236,47.65688],[-122.42355,47.65534],[-122.42215,47.65403],[-122.41956,47.65426]]]}},{"type":"Feature","properties":{"i":514},"geometry":{"type":"Polygon","coordinates":[[[-122.3283,47.58191],[-122.32711,47.58345],[-122.32851,47.58477],[-122.3311,47.58454],[-122.33229,47.583],[-122.33089,47.58169],[-122.3283,47.58191]]]}},{"type":"Feature","properties":{"i":515},"geometry":{"type":"Polygon","coordinates":[[[-122.30647,47.71302],[-122.30528,47.71455],[-122.30668,47.71587],[-122.30927,47.71564],[-122.31047,47.7141],[-122.30907,47.71279],[-122.30647,47.71302]]]}},{"type":"Feature","properties":{"i":516},"geometry":{"type":"Polygon","coordinates":[[[-122.31745,47.53975],[-122.31626,47.54129],[-122.31766,47.54261],[-122.32025,47.54238],[-122.32144,47.54084],[-122.32004,47.53952],[-122.31745,47.53975]]]}},{"type":"Feature","properties":{"i":517},"geometry":{"type":"Polygon","coordinates":[[[-122.32968,47.65503],[-122.32848,47.65657],[-122.32988,47.65788],[-122.33247,47.65765],[-122.33367,47.65611],[-122.33227,47.6548],[-122.32968,47.65503]]]}},{"type":"Feature","properties":{"i":518},"geometry":{"type":"Polygon","coordinates":[[[-122.29532,47.72116],[-122.29412,47.7227],[-122.29552,47.72401],[-122.29812,47.72379],[-122.29931,47.72225],[-122.29791,47.72094],[-122.29532,47.72116]]]}},{"type":"Feature","properties":{"i":519},"geometry":{"type":"Polygon","coordinates":[[[-122.27474,47.70719],[-122.27354,47.70873],[-122.27494,47.71004],[-122.27753,47.70982],[-122.27873,47.70828],[-122.27733,47.70696],[-122.27474,47.70719]]]}},{"type":"Feature","properties":{"i":520},"geometry":{"type":"Polygon","coordinates":[[[-122.27484,47.65409],[-122.27365,47.65563],[-122.27505,47.65695],[-122.27764,47.65672],[-122.27883,47.65518],[-122.27743,47.65387],[-122.27484,47.65409]]]}},{"type":"Feature","properties":{"i":521},"geometry":{"type":"Polygon","coordinates":[[[-122.30533,47.64281],[-122.30413,47.64435],[-122.30553,47.64566],[-122.30812,47.64544],[-122.30932,47.6439],[-122.30792,47.64258],[-122.30533,47.64281]]]}},{"type":"Feature","properties":{"i":522},"geometry":{"type":"Polygon","coordinates":[[[-122.33277,47.6978],[-122.33158,47.69934],[-122.33298,47.70065],[-122.33557,47.70042],[-122.33676,47.69888],[-122.33537,47.69757],[-122.33277,47.6978]]]}},{"type":"Feature","properties":{"i":523},"geometry":{"type":"Polygon","coordinates":[[[-122.29937,47.56002],[-122.29818,47.56157],[-122.29958,47.56288],[-122.30217,47.56265],[-122.30336,47.56111],[-122.30196,47.5598],[-122.29937,47.56002]]]}},{"type":"Feature","properties":{"i":524},"geometry":{"type":"Polygon","coordinates":[[[-122.29949,47.61604],[-122.2983,47.61758],[-122.29969,47.6189],[-122.30229,47.61867],[-122.30348,47.61713],[-122.30208,47.61582],[-122.29949,47.61604]]]}},{"type":"Feature","properties":{"i":525},"geometry":{"type":"Polygon","coordinates":[[[-122.36683,47.68188],[-122.36564,47.68342],[-122.36704,47.68473],[-122.36963,47.68451],[-122.37082,47.68297],[-122.36942,47.68165],[-122.36683,47.68188]]]}},{"type":"Feature","properties":{"i":526},"geometry":{"type":"Polygon","coordinates":[[[-122.35595,47.63979],[-122.35476,47.64133],[-122.35616,47.64265],[-122.35875,47.64242],[-122.35994,47.64088],[-122.35854,47.63957],[-122.35595,47.63979]]]}},{"type":"Feature","properties":{"i":527},"geometry":{"type":"Polygon","coordinates":[[[-122.26984,47.52954],[-122.26865,47.53108],[-122.27005,47.5324],[-122.27263,47.53217],[-122.27383,47.53063],[-122.27243,47.52932],[-122.26984,47.52954]]]}},{"type":"Feature","properties":{"i":528},"geometry":{"type":"Polygon","coordinates":[[[-122.30104,47.69198],[-122.29985,47.69352],[-122.30125,47.69483],[-122.30384,47.6946],[-122.30503,47.69306],[-122.30364,47.69175],[-122.30104,47.69198]]]}},{"type":"Feature","properties":{"i":529},"geometry":{"type":"Polygon","coordinates":[[[-122.31034,47.65816],[-122.30915,47.6597],[-122.31055,47.66101],[-122.31314,47.66078],[-122.31433,47.65924],[-122.31294,47.65793],[-122.31034,47.65816]]]}},{"type":"Feature","properties":{"i":530},"geometry":{"type":"Polygon","coordinates":[[[-122.27505,47.54778],[-122.27386,47.54932],[-122.27526,47.55064],[-122.27784,47.55041],[-122.27904,47.54887],[-122.27764,47.54755],[-122.27505,47.54778]]]}},{"type":"Feature","properties":{"i":531},"geometry":{"type":"Polygon","coordinates":[[[-122.3402,47.63831],[-122.33901,47.63985],[-122.34041,47.64116],[-122.343,47.64094],[-122.34419,47.6394],[-122.34279,47.63808],[-122.3402,47.63831]]]}},{"type":"Feature","properties":{"i":532},"geometry":{"type":"Polygon","coordinates":[[[-122.36258,47.73102],[-122.36139,47.73255],[-122.36279,47.73386],[-122.36538,47.73364],[-122.36658,47.7321],[-122.36518,47.73079],[-122.36258,47.73102]]]}},{"type":"Feature","properties":{"i":533},"geometry":{"type":"Polygon","coordinates":[[[-122.33648,47.58694],[-122.33529,47.58848],[-122.33669,47.5898],[-122.33928,47.58957],[-122.34047,47.58803],[-122.33907,47.58671],[-122.33648,47.58694]]]}},{"type":"Feature","properties":{"i":534},"geometry":{"type":"Polygon","coordinates":[[[-122.32563,47.54478],[-122.32444,47.54633],[-122.32583,47.54764],[-122.32842,47.54741],[-122.32961,47.54587],[-122.32822,47.54456],[-122.32563,47.54478]]]}},{"type":"Feature","properties":{"i":535},"geometry":{"type":"Polygon","coordinates":[[[-122.39438,47.63066],[-122.39319,47.6322],[-122.39459,47.63351],[-122.39718,47.63328],[-122.39837,47.63174],[-122.39697,47.63043],[-122.39438,47.63066]]]}},{"type":"Feature","properties":{"i":536},"geometry":{"type":"Polygon","coordinates":[[[-122.3931,47.66665],[-122.39191,47.66819],[-122.39331,47.6695],[-122.3959,47.66927],[-122.39709,47.66773],[-122.39569,47.66642],[-122.3931,47.66665]]]}},{"type":"Feature","properties":{"i":537},"geometry":{"type":"Polygon","coordinates":[[[-122.29969,47.6189],[-122.2985,47.62044],[-122.2999,47.62175],[-122.30249,47.62152],[-122.30368,47.61998],[-122.30229,47.61867],[-122.29969,47.6189]]]}},{"type":"Feature","properties":{"i":538},"geometry":{"type":"Polygon","coordinates":[[[-122.30989,47.54329],[-122.3087,47.54483],[-122.3101,47.54615],[-122.31269,47.54592],[-122.31388,47.54438],[-122.31248,47.54306],[-122.30989,47.54329]]]}},{"type":"Feature","properties":{"i":539},"geometry":{"type":"Polygon","coordinates":[[[-122.29244,47.68125],[-122.29125,47.68279],[-122.29265,47.68411],[-122.29524,47.68388],[-122.29644,47.68234],[-122.29504,47.68103],[-122.29244,47.68125]]]}},{"type":"Feature","properties":{"i":540},"geometry":{"type":"Polygon","coordinates":[[[-122.34942,47.65759],[-122.34823,47.65913],[-122.34963,47.66044],[-122.35222,47.66022],[-122.35341,47.65868],[-122.35201,47.65736],[-122.34942,47.65759]]]}},{"type":"Feature","properties":{"i":541},"geometry":{"type":"Polygon","coordinates":[[[-122.28078,47.62773],[-122.27958,47.62927],[-122.28098,47.63059],[-122.28357,47.63036],[-122.28476,47.62882],[-122.28337,47.62751],[-122.28078,47.62773]]]}},{"type":"Feature","properties":{"i":542},"geometry":{"type":"Polygon","coordinates":[[[-122.3422,47.71991],[-122.34101,47.72145],[-122.34241,47.72276],[-122.345,47.72253],[-122.3462,47.72099],[-122.3448,47.71968],[-122.3422,47.71991]]]}},{"type":"Feature","properties":{"i":543},"geometry":{"type":"Polygon","coordinates":[[[-122.25754,47.68574],[-122.25635,47.68728],[-122.25774,47.68859],[-122.26034,47.68837],[-122.26153,47.68683],[-122.26013,47.68552],[-122.25754,47.68574]]]}},{"type":"Feature","properties":{"i":544},"geometry":{"type":"Polygon","coordinates":[[[-122.30541,47.58967],[-122.30422,47.59121],[-122.30562,47.59252],[-122.30821,47.5923],[-122.3094,47.59076],[-122.308,47.58944],[-122.30541,47.58967]]]}},{"type":"Feature","properties":{"i":545},"geometry":{"type":"Polygon","coordinates":[[[-122.40739,47.64816],[-122.4062,47.6497],[-122.4076,47.65101],[-122.41019,47.65079],[-122.41138,47.64924],[-122.40998,47.64793],[-122.40739,47.64816]]]}},{"type":"Feature","properties":{"i":546},"geometry":{"type":"Polygon","coordinates":[[[-122.2994,47.66917],[-122.29821,47.67071],[-122.29961,47.67202],[-122.3022,47.67179],[-122.30339,47.67025],[-122.30199,47.66894],[-122.2994,47.66917]]]}},{"type":"Feature","properties":{"i":547},"geometry":{"type":"Polygon","coordinates":[[[-122.37569,47.64236],[-122.3745,47.6439],[-122.37589,47.64521],[-122.37848,47.64498],[-122.37968,47.64344],[-122.37828,47.64213],[-122.37569,47.64236]]]}},{"type":"Feature","properties":{"i":548},"geometry":{"type":"Polygon","coordinates":[[[-122.26409,47.66795],[-122.2629,47.66949],[-122.2643,47.6708],[-122.26689,47.67058],[-122.26809,47.66904],[-122.26669,47.66772],[-122.26409,47.66795]]]}},{"type":"Feature","properties":{"i":549},"geometry":{"type":"Polygon","coordinates":[[[-122.36667,47.62593],[-122.36548,47.62747],[-122.36688,47.62878],[-122.36947,47.62855],[-122.37066,47.62701],[-122.36926,47.6257],[-122.36667,47.62593]]]}},{"type":"Feature","properties":{"i":550},"geometry":{"type":"Polygon","coordinates":[[[-122.36849,47.70469],[-122.3673,47.70622],[-122.3687,47.70754],[-122.37129,47.70731],[-122.37248,47.70577],[-122.37108,47.70446],[-122.36849,47.70469]]]}},{"type":"Feature","properties":{"i":551},"geometry":{"type":"Polygon","coordinates":[[[-122.31593,47.57294],[-122.31474,47.57448],[-122.31614,47.5758],[-122.31873,47.57557],[-122.31992,47.57403],[-122.31852,47.57271],[-122.31593,47.57294]]]}},{"type":"Feature","properties":{"i":552},"geometry":{"type":"Polygon","coordinates":[[[-122.25931,47.54628],[-122.25812,47.54782],[-122.25952,47.54913],[-122.26211,47.54891],[-122.2633,47.54737],[-122.2619,47.54605],[-122.25931,47.54628]]]}},{"type":"Feature","properties":{"i":553},"geometry":{"type":"Polygon","coordinates":[[[-122.29849,47.71085],[-122.29729,47.71239],[-122.29869,47.7137],[-122.30129,47.71347],[-122.30248,47.71193],[-122.30108,47.71062],[-122.29849,47.71085]]]}},{"type":"Feature","properties":{"i":554},"geometry":{"type":"Polygon","coordinates":[[[-122.3073,47.72441],[-122.3061,47.72595],[-122.3075,47.72726],[-122.3101,47.72704],[-122.31129,47.7255],[-122.30989,47.72419],[-122.3073,47.72441]]]}},{"type":"Feature","properties":{"i":555},"geometry":{"type":"Polygon","coordinates":[[[-122.32542,47.54193],[-122.32423,47.54347],[-122.32563,47.54478],[-122.32822,47.54456],[-122.32941,47.54301],[-122.32801,47.5417],[-122.32542,47.54193]]]}},{"type":"Feature","properties":{"i":556},"geometry":{"type":"Polygon","coordinates":[[[-122.29153,47.72293],[-122.29033,47.72447],[-122.29173,47.72578],[-122.29433,47.72555],[-122.29552,47.72401],[-122.29412,47.7227],[-122.29153,47.72293]]]}},{"type":"Feature","properties":{"i":557},"geometry":{"type":"Polygon","coordinates":[[[-122.27412,47.69864],[-122.27293,47.70018],[-122.27433,47.70149],[-122.27692,47.70126],[-122.27811,47.69972],[-122.27672,47.69841],[-122.27412,47.69864]]]}},{"type":"Feature","properties":{"i":558},"geometry":{"type":"Polygon","coordinates":[[[-122.29375,47.53608],[-122.29256,47.53762],[-122.29395,47.53894],[-122.29654,47.53871],[-122.29773,47.53717],[-122.29634,47.53585],[-122.29375,47.53608]]]}},{"type":"Feature","properties":{"i":559},"geometry":{"type":"Polygon","coordinates":[[[-122.30019,47.57145],[-122.299,47.57299],[-122.3004,47.5743],[-122.30299,47.57408],[-122.30418,47.57254],[-122.30278,47.57122],[-122.30019,47.57145]]]}},{"type":"Feature","properties":{"i":560},"geometry":{"type":"Polygon","coordinates":[[[-122.28712,47.60707],[-122.28592,47.60861],[-122.28732,47.60993],[-122.28991,47.6097],[-122.2911,47.60816],[-122.28971,47.60685],[-122.28712,47.60707]]]}},{"type":"Feature","properties":{"i":561},"geometry":{"type":"Polygon","coordinates":[[[-122.36393,47.64196],[-122.36274,47.6435],[-122.36413,47.64481],[-122.36672,47.64458],[-122.36792,47.64304],[-122.36652,47.64173],[-122.36393,47.64196]]]}},{"type":"Feature","properties":{"i":562},"geometry":{"type":"Polygon","coordinates":[[[-122.30903,47.69415],[-122.30783,47.69569],[-122.30923,47.697],[-122.31183,47.69677],[-122.31302,47.69523],[-122.31162,47.69392],[-122.30903,47.69415]]]}},{"type":"Feature","properties":{"i":563},"geometry":{"type":"Polygon","coordinates":[[[-122.25687,47.51198],[-122.25568,47.51352],[-122.25707,47.51484],[-122.25966,47.51461],[-122.26085,47.51307],[-122.25946,47.51175],[-122.25687,47.51198]]]}},{"type":"Feature","properties":{"i":564},"geometry":{"type":"Polygon","coordinates":[[[-122.35019,47.72207],[-122.349,47.72361],[-122.3504,47.72492],[-122.35299,47.72469],[-122.35418,47.72316],[-122.35278,47.72185],[-122.35019,47.72207]]]}},{"type":"Feature","properties":{"i":565},"geometry":{"type":"Polygon","coordinates":[[[-122.32555,47.59796],[-122.32436,47.5995],[-122.32576,47.60081],[-122.32835,47.60058],[-122.32954,47.59904],[-122.32814,47.59773],[-122.32555,47.59796]]]}},{"type":"Feature","properties":{"i":566},"geometry":{"type":"Polygon","coordinates":[[[-122.3336,47.54696],[-122.33241,47.5485],[-122.3338,47.54981],[-122.33639,47.54959],[-122.33758,47.54804],[-122.33618,47.54673],[-122.3336,47.54696]]]}},{"type":"Feature","properties":{"i":567},"geometry":{"type":"Polygon","coordinates":[[[-122.3616,47.66369],[-122.3604,47.66523],[-122.3618,47.66655],[-122.36439,47.66632],[-122.36559,47.66478],[-122.36419,47.66347],[-122.3616,47.66369]]]}},{"type":"Feature","properties":{"i":568},"geometry":{"type":"Polygon","coordinates":[[[-122.38932,47.66842],[-122.38813,47.66996],[-122.38953,47.67127],[-122.39212,47.67104],[-122.39331,47.6695],[-122.39191,47.66819],[-122.38932,47.66842]]]}},{"type":"Feature","properties":{"i":569},"geometry":{"type":"Polygon","coordinates":[[[-122.30192,47.54111],[-122.30073,47.54266],[-122.30213,47.54397],[-122.30472,47.54374],[-122.30591,47.5422],[-122.30451,47.54089],[-122.30192,47.54111]]]}},{"type":"Feature","properties":{"i":570},"geometry":{"type":"Polygon","coordinates":[[[-122.29591,47.62066],[-122.29472,47.62221],[-122.29612,47.62352],[-122.29871,47.62329],[-122.2999,47.62175],[-122.2985,47.62044],[-122.29591,47.62066]]]}},{"type":"Feature","properties":{"i":571},"geometry":{"type":"Polygon","coordinates":[[[-122.30163,47.59144],[-122.30044,47.59298],[-122.30184,47.59429],[-122.30443,47.59407],[-122.30562,47.59252],[-122.30422,47.59121],[-122.30163,47.59144]]]}},{"type":"Feature","properties":{"i":572},"geometry":{"type":"Polygon","coordinates":[[[-122.28866,47.68302],[-122.28746,47.68456],[-122.28886,47.68587],[-122.29145,47.68565],[-122.29265,47.68411],[-122.29125,47.68279],[-122.28866,47.68302]]]}},{"type":"Feature","properties":{"i":573},"geometry":{"type":"Polygon","coordinates":[[[-122.34652,47.61765],[-122.34533,47.61919],[-122.34673,47.62051],[-122.34932,47.62028],[-122.35051,47.61874],[-122.34911,47.61743],[-122.34652,47.61765]]]}},{"type":"Feature","properties":{"i":574},"geometry":{"type":"Polygon","coordinates":[[[-122.34158,47.71136],[-122.34039,47.7129],[-122.34179,47.71421],[-122.34438,47.71398],[-122.34558,47.71244],[-122.34418,47.71113],[-122.34158,47.71136]]]}},{"type":"Feature","properties":{"i":575},"geometry":{"type":"Polygon","coordinates":[[[-122.33931,47.68001],[-122.33812,47.68155],[-122.33952,47.68286],[-122.34211,47.68263],[-122.3433,47.68109],[-122.3419,47.67978],[-122.33931,47.68001]]]}},{"type":"Feature","properties":{"i":576},"geometry":{"type":"Polygon","coordinates":[[[-122.31339,47.59184],[-122.31219,47.59338],[-122.31359,47.5947],[-122.31618,47.59447],[-122.31737,47.59293],[-122.31598,47.59162],[-122.31339,47.59184]]]}},{"type":"Feature","properties":{"i":577},"geometry":{"type":"Polygon","coordinates":[[[-122.32218,47.60543],[-122.32099,47.60698],[-122.32239,47.60829],[-122.32498,47.60806],[-122.32617,47.60652],[-122.32477,47.60521],[-122.32218,47.60543]]]}},{"type":"Feature","properties":{"i":578},"geometry":{"type":"Polygon","coordinates":[[[-122.31495,47.6678],[-122.31376,47.66934],[-122.31516,47.67065],[-122.31775,47.67042],[-122.31894,47.66889],[-122.31754,47.66757],[-122.31495,47.6678]]]}},{"type":"Feature","properties":{"i":579},"geometry":{"type":"Polygon","coordinates":[[[-122.38366,47.64452],[-122.38247,47.64606],[-122.38387,47.64738],[-122.38646,47.64715],[-122.38765,47.64561],[-122.38625,47.64429],[-122.38366,47.64452]]]}},{"type":"Feature","properties":{"i":580},"geometry":{"type":"Polygon","coordinates":[[[-122.32129,47.64715],[-122.32009,47.64869],[-122.32149,47.65],[-122.32408,47.64978],[-122.32527,47.64824],[-122.32388,47.64692],[-122.32129,47.64715]]]}},{"type":"Feature","properties":{"i":581},"geometry":{"type":"Polygon","coordinates":[[[-122.37648,47.70685],[-122.37528,47.70839],[-122.37668,47.7097],[-122.37928,47.70947],[-122.38047,47.70793],[-122.37907,47.70662],[-122.37648,47.70685]]]}},{"type":"Feature","properties":{"i":582},"geometry":{"type":"Polygon","coordinates":[[[-122.25553,47.54804],[-122.25434,47.54959],[-122.25574,47.5509],[-122.25833,47.55068],[-122.25952,47.54913],[-122.25812,47.54782],[-122.25553,47.54804]]]}},{"type":"Feature","properties":{"i":583},"geometry":{"type":"Polygon","coordinates":[[[-122.32754,47.67961],[-122.32635,47.68115],[-122.32775,47.68246],[-122.33034,47.68223],[-122.33153,47.68069],[-122.33013,47.67938],[-122.32754,47.67961]]]}},{"type":"Feature","properties":{"i":584},"geometry":{"type":"Polygon","coordinates":[[[-122.31405,47.70948],[-122.31285,47.71102],[-122.31425,47.71233],[-122.31685,47.7121],[-122.31804,47.71057],[-122.31664,47.70925],[-122.31405,47.70948]]]}},{"type":"Feature","properties":{"i":585},"geometry":{"type":"Polygon","coordinates":[[[-122.31528,47.72658],[-122.31409,47.72812],[-122.31549,47.72943],[-122.31808,47.7292],[-122.31928,47.72766],[-122.31788,47.72635],[-122.31528,47.72658]]]}},{"type":"Feature","properties":{"i":586},"geometry":{"type":"Polygon","coordinates":[[[-122.31306,47.53295],[-122.31187,47.53449],[-122.31326,47.53581],[-122.31585,47.53558],[-122.31704,47.53404],[-122.31564,47.53272],[-122.31306,47.53295]]]}},{"type":"Feature","properties":{"i":587},"geometry":{"type":"Polygon","coordinates":[[[-122.28814,47.62135],[-122.28695,47.62289],[-122.28834,47.6242],[-122.29093,47.62397],[-122.29213,47.62243],[-122.29073,47.62112],[-122.28814,47.62135]]]}},{"type":"Feature","properties":{"i":588},"geometry":{"type":"Polygon","coordinates":[[[-122.3828,47.68621],[-122.3816,47.68775],[-122.383,47.68906],[-122.38559,47.68883],[-122.38679,47.68729],[-122.38539,47.68598],[-122.3828,47.68621]]]}},{"type":"Feature","properties":{"i":589},"geometry":{"type":"Polygon","coordinates":[[[-122.28354,47.72076],[-122.28235,47.7223],[-122.28375,47.72361],[-122.28634,47.72338],[-122.28753,47.72185],[-122.28614,47.72053],[-122.28354,47.72076]]]}},{"type":"Feature","properties":{"i":590},"geometry":{"type":"Polygon","coordinates":[[[-122.28139,47.5271],[-122.2802,47.52864],[-122.28159,47.52995],[-122.28418,47.52973],[-122.28537,47.52818],[-122.28398,47.52687],[-122.28139,47.5271]]]}},{"type":"Feature","properties":{"i":591},"geometry":{"type":"Polygon","coordinates":[[[-122.35844,47.67402],[-122.35724,47.67556],[-122.35864,47.67687],[-122.36123,47.67664],[-122.36243,47.6751],[-122.36103,47.67379],[-122.35844,47.67402]]]}},{"type":"Feature","properties":{"i":592},"geometry":{"type":"Polygon","coordinates":[[[-122.34281,47.56627],[-122.34161,47.56781],[-122.34301,47.56912],[-122.3456,47.5689],[-122.34679,47.56735],[-122.34539,47.56604],[-122.34281,47.56627]]]}},{"type":"Feature","properties":{"i":593},"geometry":{"type":"Polygon","coordinates":[[[-122.321,47.6974],[-122.31981,47.69894],[-122.32121,47.70025],[-122.3238,47.70002],[-122.32499,47.69848],[-122.3236,47.69717],[-122.321,47.6974]]]}},{"type":"Feature","properties":{"i":594},"geometry":{"type":"Polygon","coordinates":[[[-122.29641,47.57322],[-122.29522,47.57476],[-122.29662,47.57607],[-122.29921,47.57585],[-122.3004,47.5743],[-122.299,47.57299],[-122.29641,47.57322]]]}},{"type":"Feature","properties":{"i":595},"geometry":{"type":"Polygon","coordinates":[[[-122.29509,47.60925],[-122.2939,47.61079],[-122.2953,47.6121],[-122.29789,47.61188],[-122.29908,47.61033],[-122.29768,47.60902],[-122.29509,47.60925]]]}},{"type":"Feature","properties":{"i":596},"geometry":{"type":"Polygon","coordinates":[[[-122.29664,47.68519],[-122.29545,47.68673],[-122.29685,47.68804],[-122.29944,47.68781],[-122.30063,47.68628],[-122.29923,47.68496],[-122.29664,47.68519]]]}},{"type":"Feature","properties":{"i":597},"geometry":{"type":"Polygon","coordinates":[[[-122.26484,47.51416],[-122.26365,47.5157],[-122.26504,47.51702],[-122.26763,47.51679],[-122.26882,47.51525],[-122.26743,47.51393],[-122.26484,47.51416]]]}},{"type":"Feature","properties":{"i":598},"geometry":{"type":"Polygon","coordinates":[[[-122.35818,47.72424],[-122.35698,47.72578],[-122.35838,47.72709],[-122.36098,47.72686],[-122.36217,47.72532],[-122.36077,47.72401],[-122.35818,47.72424]]]}},{"type":"Feature","properties":{"i":599},"geometry":{"type":"Polygon","coordinates":[[[-122.32267,47.55798],[-122.32148,47.55952],[-122.32288,47.56084],[-122.32547,47.56061],[-122.32666,47.55907],[-122.32526,47.55775],[-122.32267,47.55798]]]}},{"type":"Feature","properties":{"i":600},"geometry":{"type":"Polygon","coordinates":[[[-122.29099,47.55213],[-122.2898,47.55368],[-122.2912,47.55499],[-122.29379,47.55476],[-122.29498,47.55322],[-122.29358,47.55191],[-122.29099,47.55213]]]}},{"type":"Feature","properties":{"i":601},"geometry":{"type":"Polygon","coordinates":[[[-122.33842,47.72168],[-122.33722,47.72322],[-122.33862,47.72453],[-122.34122,47.7243],[-122.34241,47.72276],[-122.34101,47.72145],[-122.33842,47.72168]]]}},{"type":"Feature","properties":{"i":602},"geometry":{"type":"Polygon","coordinates":[[[-122.31585,47.62609],[-122.31466,47.62764],[-122.31606,47.62895],[-122.31865,47.62872],[-122.31984,47.62718],[-122.31845,47.62587],[-122.31585,47.62609]]]}},{"type":"Feature","properties":{"i":603},"geometry":{"type":"Polygon","coordinates":[[[-122.30011,47.62461],[-122.29891,47.62615],[-122.30031,47.62746],[-122.3029,47.62723],[-122.30409,47.62569],[-122.3027,47.62438],[-122.30011,47.62461]]]}},{"type":"Feature","properties":{"i":604},"geometry":{"type":"Polygon","coordinates":[[[-122.28067,47.68085],[-122.27948,47.68239],[-122.28088,47.6837],[-122.28347,47.68348],[-122.28467,47.68194],[-122.28327,47.68062],[-122.28067,47.68085]]]}},{"type":"Feature","properties":{"i":605},"geometry":{"type":"Polygon","coordinates":[[[-122.3378,47.71313],[-122.3366,47.71467],[-122.338,47.71598],[-122.3406,47.71575],[-122.34179,47.71421],[-122.34039,47.7129],[-122.3378,47.71313]]]}},{"type":"Feature","properties":{"i":606},"geometry":{"type":"Polygon","coordinates":[[[-122.33869,47.67145],[-122.3375,47.67299],[-122.3389,47.6743],[-122.34149,47.67408],[-122.34268,47.67254],[-122.34128,47.67122],[-122.33869,47.67145]]]}},{"type":"Feature","properties":{"i":607},"geometry":{"type":"Polygon","coordinates":[[[-122.30102,47.58287],[-122.29982,47.58441],[-122.30122,47.58573],[-122.30381,47.5855],[-122.305,47.58396],[-122.3036,47.58264],[-122.30102,47.58287]]]}},{"type":"Feature","properties":{"i":608},"geometry":{"type":"Polygon","coordinates":[[[-122.28241,47.54138],[-122.28122,47.54293],[-122.28261,47.54424],[-122.2852,47.54402],[-122.28639,47.54247],[-122.285,47.54116],[-122.28241,47.54138]]]}},{"type":"Feature","properties":{"i":609},"geometry":{"type":"Polygon","coordinates":[[[-122.3992,47.64315],[-122.39801,47.64469],[-122.39941,47.646],[-122.402,47.64577],[-122.40319,47.64423],[-122.40179,47.64292],[-122.3992,47.64315]]]}},{"type":"Feature","properties":{"i":610},"geometry":{"type":"Polygon","coordinates":[[[-122.32926,47.64932],[-122.32807,47.65086],[-122.32947,47.65217],[-122.33206,47.65195],[-122.33325,47.65041],[-122.33186,47.64909],[-122.32926,47.64932]]]}},{"type":"Feature","properties":{"i":611},"geometry":{"type":"Polygon","coordinates":[[[-122.36409,47.6979],[-122.36289,47.69944],[-122.36429,47.70075],[-122.36689,47.70053],[-122.36808,47.69899],[-122.36668,47.69768],[-122.36409,47.6979]]]}},{"type":"Feature","properties":{"i":612},"geometry":{"type":"Polygon","coordinates":[[[-122.33209,47.58014],[-122.33089,47.58169],[-122.33229,47.583],[-122.33488,47.58277],[-122.33607,47.58123],[-122.33467,47.57992],[-122.33209,47.58014]]]}},{"type":"Feature","properties":{"i":613},"geometry":{"type":"Polygon","coordinates":[[[-122.32203,47.71165],[-122.32084,47.71319],[-122.32224,47.7145],[-122.32483,47.71427],[-122.32603,47.71273],[-122.32463,47.71142],[-122.32203,47.71165]]]}},{"type":"Feature","properties":{"i":614},"geometry":{"type":"Polygon","coordinates":[[[-122.28436,47.62311],[-122.28316,47.62465],[-122.28456,47.62597],[-122.28715,47.62574],[-122.28834,47.6242],[-122.28695,47.62289],[-122.28436,47.62311]]]}},{"type":"Feature","properties":{"i":615},"geometry":{"type":"Polygon","coordinates":[[[-122.39834,47.68483],[-122.39715,47.68637],[-122.39855,47.68768],[-122.40114,47.68745],[-122.40233,47.68591],[-122.40093,47.6846],[-122.39834,47.68483]]]}},{"type":"Feature","properties":{"i":616},"geometry":{"type":"Polygon","coordinates":[[[-122.29755,47.64349],[-122.29636,47.64503],[-122.29776,47.64635],[-122.30035,47.64612],[-122.30154,47.64458],[-122.30014,47.64327],[-122.29755,47.64349]]]}},{"type":"Feature","properties":{"i":617},"geometry":{"type":"Polygon","coordinates":[[[-122.2903,47.70583],[-122.2891,47.70737],[-122.2905,47.70868],[-122.2931,47.70845],[-122.29429,47.70691],[-122.29289,47.7056],[-122.2903,47.70583]]]}},{"type":"Feature","properties":{"i":618},"geometry":{"type":"Polygon","coordinates":[[[-122.28936,47.52927],[-122.28816,47.53082],[-122.28956,47.53213],[-122.29215,47.53191],[-122.29334,47.53036],[-122.29194,47.52905],[-122.28936,47.52927]]]}},{"type":"Feature","properties":{"i":619},"geometry":{"type":"Polygon","coordinates":[[[-122.35465,47.67579],[-122.35346,47.67732],[-122.35486,47.67864],[-122.35745,47.67841],[-122.35864,47.67687],[-122.35724,47.67556],[-122.35465,47.67579]]]}},{"type":"Feature","properties":{"i":620},"geometry":{"type":"Polygon","coordinates":[[[-122.27863,47.65233],[-122.27743,47.65387],[-122.27883,47.65518],[-122.28142,47.65495],[-122.28262,47.65341],[-122.28122,47.6521],[-122.27863,47.65233]]]}},{"type":"Feature","properties":{"i":621},"geometry":{"type":"Polygon","coordinates":[[[-122.35554,47.63409],[-122.35434,47.63563],[-122.35574,47.63694],[-122.35833,47.63671],[-122.35952,47.63517],[-122.35813,47.63386],[-122.35554,47.63409]]]}},{"type":"Feature","properties":{"i":622},"geometry":{"type":"Polygon","coordinates":[[[-122.34833,47.69643],[-122.34713,47.69797],[-122.34853,47.69928],[-122.35113,47.69905],[-122.35232,47.69751],[-122.35092,47.6962],[-122.34833,47.69643]]]}},{"type":"Feature","properties":{"i":623},"geometry":{"type":"Polygon","coordinates":[[[-122.28844,47.57104],[-122.28725,47.57258],[-122.28865,47.5739],[-122.29123,47.57367],[-122.29243,47.57213],[-122.29103,47.57081],[-122.28844,47.57104]]]}},{"type":"Feature","properties":{"i":624},"geometry":{"type":"Polygon","coordinates":[[[-122.31063,47.60789],[-122.30944,47.60943],[-122.31084,47.61074],[-122.31343,47.61051],[-122.31462,47.60897],[-122.31322,47.60766],[-122.31063,47.60789]]]}},{"type":"Feature","properties":{"i":625},"geometry":{"type":"Polygon","coordinates":[[[-122.40528,47.67274],[-122.40409,47.67428],[-122.40549,47.67559],[-122.40808,47.67536],[-122.40927,47.67382],[-122.40787,47.67251],[-122.40528,47.67274]]]}},{"type":"Feature","properties":{"i":626},"geometry":{"type":"Polygon","coordinates":[[[-122.26412,47.5588],[-122.26292,47.56034],[-122.26432,47.56165],[-122.26691,47.56143],[-122.2681,47.55989],[-122.2667,47.55857],[-122.26412,47.5588]]]}},{"type":"Feature","properties":{"i":627},"geometry":{"type":"Polygon","coordinates":[[[-122.28037,47.5128],[-122.27917,47.51435],[-122.28057,47.51566],[-122.28316,47.51544],[-122.28435,47.51389],[-122.28295,47.51258],[-122.28037,47.5128]]]}},{"type":"Feature","properties":{"i":628},"geometry":{"type":"Polygon","coordinates":[[[-122.3138,47.59755],[-122.31261,47.59909],[-122.314,47.60041],[-122.31659,47.60018],[-122.31779,47.59864],[-122.31639,47.59733],[-122.3138,47.59755]]]}},{"type":"Feature","properties":{"i":629},"geometry":{"type":"Polygon","coordinates":[[[-122.2487,47.50694],[-122.24751,47.50848],[-122.2489,47.5098],[-122.25149,47.50957],[-122.25268,47.50803],[-122.25129,47.50671],[-122.2487,47.50694]]]}},{"type":"Feature","properties":{"i":630},"geometry":{"type":"Polygon","coordinates":[[[-122.29896,47.55431],[-122.29777,47.55585],[-122.29917,47.55717],[-122.30176,47.55694],[-122.30295,47.5554],[-122.30155,47.55408],[-122.29896,47.55431]]]}},{"type":"Feature","properties":{"i":631},"geometry":{"type":"Polygon","coordinates":[[[-122.30348,47.61713],[-122.30229,47.61867],[-122.30368,47.61998],[-122.30627,47.61976],[-122.30747,47.61822],[-122.30607,47.6169],[-122.30348,47.61713]]]}},{"type":"Feature","properties":{"i":632},"geometry":{"type":"Polygon","coordinates":[[[-122.34006,47.58232],[-122.33887,47.58386],[-122.34026,47.58517],[-122.34285,47.58494],[-122.34404,47.5834],[-122.34265,47.58209],[-122.34006,47.58232]]]}},{"type":"Feature","properties":{"i":633},"geometry":{"type":"Polygon","coordinates":[[[-122.36496,47.65622],[-122.36377,47.65776],[-122.36517,47.65907],[-122.36776,47.65884],[-122.36895,47.6573],[-122.36755,47.65599],[-122.36496,47.65622]]]}},{"type":"Feature","properties":{"i":634},"geometry":{"type":"Polygon","coordinates":[[[-122.33491,47.67322],[-122.33371,47.67476],[-122.33511,47.67607],[-122.3377,47.67584],[-122.3389,47.6743],[-122.3375,47.67299],[-122.33491,47.67322]]]}},{"type":"Feature","properties":{"i":635},"geometry":{"type":"Polygon","coordinates":[[[-122.33834,47.61263],[-122.33715,47.61417],[-122.33855,47.61548],[-122.34114,47.61526],[-122.34233,47.61372],[-122.34093,47.6124],[-122.33834,47.61263]]]}},{"type":"Feature","properties":{"i":636},"geometry":{"type":"Polygon","coordinates":[[[-122.30319,47.6674],[-122.30199,47.66894],[-122.30339,47.67025],[-122.30598,47.67002],[-122.30718,47.66848],[-122.30578,47.66717],[-122.30319,47.6674]]]}},{"type":"Feature","properties":{"i":637},"geometry":{"type":"Polygon","coordinates":[[[-122.27689,47.68262],[-122.27569,47.68416],[-122.27709,47.68547],[-122.27968,47.68524],[-122.28088,47.6837],[-122.27948,47.68239],[-122.27689,47.68262]]]}},{"type":"Feature","properties":{"i":638},"geometry":{"type":"Polygon","coordinates":[[[-122.30689,47.71871],[-122.30569,47.72025],[-122.30709,47.72156],[-122.30968,47.72134],[-122.31088,47.7198],[-122.30948,47.71849],[-122.30689,47.71871]]]}},{"type":"Feature","properties":{"i":639},"geometry":{"type":"Polygon","coordinates":[[[-122.27863,47.54315],[-122.27744,47.54469],[-122.27883,47.54601],[-122.28142,47.54578],[-122.28261,47.54424],[-122.28122,47.54293],[-122.27863,47.54315]]]}},{"type":"Feature","properties":{"i":640},"geometry":{"type":"Polygon","coordinates":[[[-122.25314,47.67895],[-122.25195,47.68049],[-122.25334,47.6818],[-122.25594,47.68158],[-122.25713,47.68004],[-122.25573,47.67873],[-122.25314,47.67895]]]}},{"type":"Feature","properties":{"i":641},"geometry":{"type":"Polygon","coordinates":[[[-122.34481,47.64795],[-122.34362,47.64949],[-122.34502,47.65081],[-122.34761,47.65058],[-122.3488,47.64904],[-122.3474,47.64772],[-122.34481,47.64795]]]}},{"type":"Feature","properties":{"i":642},"geometry":{"type":"Polygon","coordinates":[[[-122.33147,47.57158],[-122.33028,47.57312],[-122.33167,47.57443],[-122.33426,47.57421],[-122.33545,47.57266],[-122.33406,47.57135],[-122.33147,47.57158]]]}},{"type":"Feature","properties":{"i":643},"geometry":{"type":"Polygon","coordinates":[[[-122.30964,47.7027],[-122.30845,47.70424],[-122.30985,47.70555],[-122.31244,47.70532],[-122.31364,47.70378],[-122.31224,47.70247],[-122.30964,47.7027]]]}},{"type":"Feature","properties":{"i":644},"geometry":{"type":"Polygon","coordinates":[[[-122.3292,47.54016],[-122.32801,47.5417],[-122.32941,47.54301],[-122.33199,47.54279],[-122.33318,47.54124],[-122.33179,47.53993],[-122.3292,47.54016]]]}},{"type":"Feature","properties":{"i":645},"geometry":{"type":"Polygon","coordinates":[[[-122.27791,47.69687],[-122.27672,47.69841],[-122.27811,47.69972],[-122.28071,47.6995],[-122.2819,47.69796],[-122.2805,47.69665],[-122.27791,47.69687]]]}},{"type":"Feature","properties":{"i":646},"geometry":{"type":"Polygon","coordinates":[[[-122.37461,47.6812],[-122.37341,47.68274],[-122.37481,47.68405],[-122.3774,47.68382],[-122.3786,47.68228],[-122.3772,47.68097],[-122.37461,47.6812]]]}},{"type":"Feature","properties":{"i":647},"geometry":{"type":"Polygon","coordinates":[[[-122.27945,47.66374],[-122.27825,47.66528],[-122.27965,47.66659],[-122.28224,47.66636],[-122.28344,47.66482],[-122.28204,47.66351],[-122.27945,47.66374]]]}},{"type":"Feature","properties":{"i":648},"geometry":{"type":"Polygon","coordinates":[[[-122.35175,47.63586],[-122.35056,47.6374],[-122.35196,47.63871],[-122.35455,47.63848],[-122.35574,47.63694],[-122.35434,47.63563],[-122.35175,47.63586]]]}},{"type":"Feature","properties":{"i":649},"geometry":{"type":"Polygon","coordinates":[[[-122.34454,47.69819],[-122.34335,47.69973],[-122.34475,47.70104],[-122.34734,47.70082],[-122.34853,47.69928],[-122.34713,47.69797],[-122.34454,47.69819]]]}},{"type":"Feature","properties":{"i":650},"geometry":{"type":"Polygon","coordinates":[[[-122.30398,47.56968],[-122.30278,47.57122],[-122.30418,47.57254],[-122.30677,47.57231],[-122.30796,47.57077],[-122.30656,47.56945],[-122.30398,47.56968]]]}},{"type":"Feature","properties":{"i":651},"geometry":{"type":"Polygon","coordinates":[[[-122.32005,47.63003],[-122.31886,47.63157],[-122.32026,47.63289],[-122.32285,47.63266],[-122.32404,47.63112],[-122.32264,47.62981],[-122.32005,47.63003]]]}},{"type":"Feature","properties":{"i":652},"geometry":{"type":"Polygon","coordinates":[[[-122.31281,47.69238],[-122.31162,47.69392],[-122.31302,47.69523],[-122.31561,47.695],[-122.3168,47.69346],[-122.31541,47.69215],[-122.31281,47.69238]]]}},{"type":"Feature","properties":{"i":653},"geometry":{"type":"Polygon","coordinates":[[[-122.28691,47.60422],[-122.28572,47.60576],[-122.28712,47.60707],[-122.28971,47.60685],[-122.2909,47.60531],[-122.2895,47.60399],[-122.28691,47.60422]]]}},{"type":"Feature","properties":{"i":654},"geometry":{"type":"Polygon","coordinates":[[[-122.31092,47.55757],[-122.30973,47.55912],[-122.31113,47.56043],[-122.31371,47.5602],[-122.31491,47.55866],[-122.31351,47.55735],[-122.31092,47.55757]]]}},{"type":"Feature","properties":{"i":655},"geometry":{"type":"Polygon","coordinates":[[[-122.25667,47.50912],[-122.25547,47.51066],[-122.25687,47.51198],[-122.25946,47.51175],[-122.26065,47.51021],[-122.25926,47.50889],[-122.25667,47.50912]]]}},{"type":"Feature","properties":{"i":656},"geometry":{"type":"Polygon","coordinates":[[[-122.2866,47.54533],[-122.28541,47.54687],[-122.2868,47.54819],[-122.28939,47.54796],[-122.29058,47.54642],[-122.28919,47.5451],[-122.2866,47.54533]]]}},{"type":"Feature","properties":{"i":657},"geometry":{"type":"Polygon","coordinates":[[[-122.31145,47.6193],[-122.31026,47.62084],[-122.31166,47.62216],[-122.31425,47.62193],[-122.31544,47.62039],[-122.31405,47.61907],[-122.31145,47.6193]]]}},{"type":"Feature","properties":{"i":658},"geometry":{"type":"Polygon","coordinates":[[[-122.3294,47.70526],[-122.32821,47.7068],[-122.32961,47.70811],[-122.3322,47.70789],[-122.33339,47.70635],[-122.33199,47.70504],[-122.3294,47.70526]]]}},{"type":"Feature","properties":{"i":659},"geometry":{"type":"Polygon","coordinates":[[[-122.28794,47.72755],[-122.28675,47.72908],[-122.28815,47.7304],[-122.29074,47.73017],[-122.29194,47.72863],[-122.29054,47.72732],[-122.28794,47.72755]]]}},{"type":"Feature","properties":{"i":660},"geometry":{"type":"Polygon","coordinates":[[[-122.35403,47.66723],[-122.35284,47.66877],[-122.35424,47.67008],[-122.35683,47.66985],[-122.35802,47.66831],[-122.35662,47.667],[-122.35403,47.66723]]]}},{"type":"Feature","properties":{"i":661},"geometry":{"type":"Polygon","coordinates":[[[-122.38005,47.70223],[-122.37886,47.70377],[-122.38026,47.70508],[-122.38285,47.70485],[-122.38404,47.70331],[-122.38264,47.702],[-122.38005,47.70223]]]}},{"type":"Feature","properties":{"i":662},"geometry":{"type":"Polygon","coordinates":[[[-122.33772,47.60407],[-122.33653,47.60561],[-122.33793,47.60692],[-122.34052,47.60669],[-122.34171,47.60515],[-122.34031,47.60384],[-122.33772,47.60407]]]}},{"type":"Feature","properties":{"i":663},"geometry":{"type":"Polygon","coordinates":[[[-122.3031,47.72048],[-122.3019,47.72202],[-122.3033,47.72333],[-122.3059,47.7231],[-122.30709,47.72156],[-122.30569,47.72025],[-122.3031,47.72048]]]}},{"type":"Feature","properties":{"i":664},"geometry":{"type":"Polygon","coordinates":[[[-122.27066,47.54097],[-122.26947,47.54252],[-122.27086,47.54383],[-122.27345,47.54361],[-122.27464,47.54206],[-122.27325,47.54075],[-122.27066,47.54097]]]}},{"type":"Feature","properties":{"i":665},"geometry":{"type":"Polygon","coordinates":[[[-122.38744,47.64275],[-122.38625,47.64429],[-122.38765,47.64561],[-122.39024,47.64538],[-122.39143,47.64384],[-122.39003,47.64252],[-122.38744,47.64275]]]}},{"type":"Feature","properties":{"i":666},"geometry":{"type":"Polygon","coordinates":[[[-122.26045,47.50735],[-122.25926,47.50889],[-122.26065,47.51021],[-122.26324,47.50998],[-122.26443,47.50844],[-122.26304,47.50713],[-122.26045,47.50735]]]}},{"type":"Feature","properties":{"i":667},"geometry":{"type":"Polygon","coordinates":[[[-122.32769,47.57335],[-122.3265,47.57489],[-122.32789,47.5762],[-122.33048,47.57597],[-122.33167,47.57443],[-122.33028,47.57312],[-122.32769,47.57335]]]}},{"type":"Feature","properties":{"i":668},"geometry":{"type":"Polygon","coordinates":[[[-122.39393,47.67805],[-122.39274,47.67959],[-122.39414,47.6809],[-122.39673,47.68067],[-122.39792,47.67913],[-122.39652,47.67782],[-122.39393,47.67805]]]}},{"type":"Feature","properties":{"i":669},"geometry":{"type":"Polygon","coordinates":[[[-122.32108,47.6443],[-122.31989,47.64584],[-122.32129,47.64715],[-122.32388,47.64692],[-122.32507,47.64538],[-122.32367,47.64407],[-122.32108,47.6443]]]}},{"type":"Feature","properties":{"i":670},"geometry":{"type":"Polygon","coordinates":[[[-122.28589,47.69904],[-122.2847,47.70058],[-122.2861,47.70189],[-122.28869,47.70167],[-122.28989,47.70013],[-122.28849,47.69882],[-122.28589,47.69904]]]}},{"type":"Feature","properties":{"i":671},"geometry":{"type":"Polygon","coordinates":[[[-122.36222,47.67225],[-122.36103,47.67379],[-122.36243,47.6751],[-122.36502,47.67487],[-122.36621,47.67333],[-122.36481,47.67202],[-122.36222,47.67225]]]}},{"type":"Feature","properties":{"i":672},"geometry":{"type":"Polygon","coordinates":[[[-122.27566,47.66551],[-122.27447,47.66704],[-122.27586,47.66836],[-122.27846,47.66813],[-122.27965,47.66659],[-122.27825,47.66528],[-122.27566,47.66551]]]}},{"type":"Feature","properties":{"i":673},"geometry":{"type":"Polygon","coordinates":[[[-122.3717,47.64127],[-122.37051,47.64282],[-122.37191,47.64413],[-122.3745,47.6439],[-122.37569,47.64236],[-122.37429,47.64105],[-122.3717,47.64127]]]}},{"type":"Feature","properties":{"i":674},"geometry":{"type":"Polygon","coordinates":[[[-122.33656,47.69603],[-122.33537,47.69757],[-122.33676,47.69888],[-122.33936,47.69865],[-122.34055,47.69711],[-122.33915,47.6958],[-122.33656,47.69603]]]}},{"type":"Feature","properties":{"i":675},"geometry":{"type":"Polygon","coordinates":[[[-122.31195,47.57185],[-122.31076,47.5734],[-122.31215,47.57471],[-122.31474,47.57448],[-122.31593,47.57294],[-122.31454,47.57163],[-122.31195,47.57185]]]}},{"type":"Feature","properties":{"i":676},"geometry":{"type":"Polygon","coordinates":[[[-122.29887,47.60748],[-122.29768,47.60902],[-122.29908,47.61033],[-122.30167,47.61011],[-122.30286,47.60857],[-122.30146,47.60725],[-122.29887,47.60748]]]}},{"type":"Feature","properties":{"i":677},"geometry":{"type":"Polygon","coordinates":[[[-122.34735,47.62907],[-122.34616,47.63061],[-122.34756,47.63192],[-122.35015,47.63169],[-122.35134,47.63015],[-122.34994,47.62884],[-122.34735,47.62907]]]}},{"type":"Feature","properties":{"i":678},"geometry":{"type":"Polygon","coordinates":[[[-122.3122,47.68383],[-122.311,47.68537],[-122.3124,47.68668],[-122.31499,47.68645],[-122.31619,47.68491],[-122.31479,47.6836],[-122.3122,47.68383]]]}},{"type":"Feature","properties":{"i":679},"geometry":{"type":"Polygon","coordinates":[[[-122.27699,47.52029],[-122.2758,47.52183],[-122.2772,47.52315],[-122.27979,47.52292],[-122.28098,47.52138],[-122.27958,47.52006],[-122.27699,47.52029]]]}},{"type":"Feature","properties":{"i":680},"geometry":{"type":"Polygon","coordinates":[[[-122.28026,47.56601],[-122.27907,47.56755],[-122.28047,47.56886],[-122.28306,47.56864],[-122.28425,47.5671],[-122.28285,47.56578],[-122.28026,47.56601]]]}},{"type":"Feature","properties":{"i":681},"geometry":{"type":"Polygon","coordinates":[[[-122.39709,47.66773],[-122.3959,47.66927],[-122.3973,47.67058],[-122.39989,47.67035],[-122.40108,47.66881],[-122.39968,47.6675],[-122.39709,47.66773]]]}},{"type":"Feature","properties":{"i":682},"geometry":{"type":"Polygon","coordinates":[[[-122.26862,47.51239],[-122.26743,47.51393],[-122.26882,47.51525],[-122.27141,47.51502],[-122.2726,47.51348],[-122.27121,47.51217],[-122.26862,47.51239]]]}},{"type":"Feature","properties":{"i":683},"geometry":{"type":"Polygon","coordinates":[[[-122.36196,47.72247],[-122.36077,47.72401],[-122.36217,47.72532],[-122.36476,47.72509],[-122.36595,47.72355],[-122.36455,47.72224],[-122.36196,47.72247]]]}},{"type":"Feature","properties":{"i":684},"geometry":{"type":"Polygon","coordinates":[[[-122.3382,47.55661],[-122.33701,47.55816],[-122.33841,47.55947],[-122.34099,47.55924],[-122.34219,47.5577],[-122.34079,47.55639],[-122.3382,47.55661]]]}},{"type":"Feature","properties":{"i":685},"geometry":{"type":"Polygon","coordinates":[[[-122.26849,47.67474],[-122.2673,47.67628],[-122.2687,47.67759],[-122.27129,47.67737],[-122.27249,47.67583],[-122.27109,47.67452],[-122.26849,47.67474]]]}},{"type":"Feature","properties":{"i":686},"geometry":{"type":"Polygon","coordinates":[[[-122.24431,47.50013],[-122.24312,47.50167],[-122.24451,47.50299],[-122.2471,47.50276],[-122.24829,47.50122],[-122.2469,47.4999],[-122.24431,47.50013]]]}},{"type":"Feature","properties":{"i":687},"geometry":{"type":"Polygon","coordinates":[[[-122.30052,47.63031],[-122.29932,47.63185],[-122.30072,47.63317],[-122.30331,47.63294],[-122.3045,47.6314],[-122.30311,47.63009],[-122.30052,47.63031]]]}},{"type":"Feature","properties":{"i":688},"geometry":{"type":"Polygon","coordinates":[[[-122.32651,47.66535],[-122.32532,47.66689],[-122.32672,47.6682],[-122.32931,47.66797],[-122.3305,47.66643],[-122.3291,47.66512],[-122.32651,47.66535]]]}},{"type":"Feature","properties":{"i":689},"geometry":{"type":"Polygon","coordinates":[[[-122.29325,47.58355],[-122.29205,47.58509],[-122.29345,47.58641],[-122.29604,47.58618],[-122.29723,47.58464],[-122.29584,47.58333],[-122.29325,47.58355]]]}},{"type":"Feature","properties":{"i":690},"geometry":{"type":"Polygon","coordinates":[[[-122.36201,47.6694],[-122.36082,47.67094],[-122.36222,47.67225],[-122.36481,47.67202],[-122.366,47.67048],[-122.3646,47.66917],[-122.36201,47.6694]]]}},{"type":"Feature","properties":{"i":691},"geometry":{"type":"Polygon","coordinates":[[[-122.35113,47.6273],[-122.34994,47.62884],[-122.35134,47.63015],[-122.35393,47.62992],[-122.35512,47.62838],[-122.35372,47.62707],[-122.35113,47.6273]]]}},{"type":"Feature","properties":{"i":692},"geometry":{"type":"Polygon","coordinates":[[[-122.29479,47.65952],[-122.2936,47.66106],[-122.295,47.66238],[-122.29759,47.66215],[-122.29878,47.66061],[-122.29739,47.6593],[-122.29479,47.65952]]]}},{"type":"Feature","properties":{"i":693},"geometry":{"type":"Polygon","coordinates":[[[-122.41263,47.66635],[-122.41144,47.66789],[-122.41284,47.6692],[-122.41543,47.66897],[-122.41662,47.66743],[-122.41522,47.66612],[-122.41263,47.66635]]]}},{"type":"Feature","properties":{"i":694},"geometry":{"type":"Polygon","coordinates":[[[-122.33394,47.60584],[-122.33275,47.60738],[-122.33415,47.60869],[-122.33674,47.60846],[-122.33793,47.60692],[-122.33653,47.60561],[-122.33394,47.60584]]]}},{"type":"Feature","properties":{"i":695},"geometry":{"type":"Polygon","coordinates":[[[-122.35631,47.69859],[-122.35512,47.70013],[-122.35652,47.70144],[-122.35911,47.70121],[-122.3603,47.69967],[-122.3589,47.69836],[-122.35631,47.69859]]]}},{"type":"Feature","properties":{"i":696},"geometry":{"type":"Polygon","coordinates":[[[-122.32306,47.7259],[-122.32187,47.72744],[-122.32327,47.72875],[-122.32586,47.72852],[-122.32706,47.72698],[-122.32566,47.72567],[-122.32306,47.7259]]]}},{"type":"Feature","properties":{"i":697},"geometry":{"type":"Polygon","coordinates":[[[-122.37756,47.66802],[-122.37637,47.66956],[-122.37776,47.67087],[-122.38036,47.67065],[-122.38155,47.66911],[-122.38015,47.66779],[-122.37756,47.66802]]]}},{"type":"Feature","properties":{"i":698},"geometry":{"type":"Polygon","coordinates":[[[-122.38828,47.65416],[-122.38709,47.6557],[-122.38849,47.65701],[-122.39108,47.65678],[-122.39227,47.65524],[-122.39087,47.65393],[-122.38828,47.65416]]]}},{"type":"Feature","properties":{"i":699},"geometry":{"type":"Polygon","coordinates":[[[-122.33305,47.64755],[-122.33186,47.64909],[-122.33325,47.65041],[-122.33584,47.65018],[-122.33704,47.64864],[-122.33564,47.64732],[-122.33305,47.64755]]]}},{"type":"Feature","properties":{"i":700},"geometry":{"type":"Polygon","coordinates":[[[-122.25984,47.49877],[-122.25864,47.50032],[-122.26004,47.50163],[-122.26263,47.50141],[-122.26382,47.49986],[-122.26242,47.49855],[-122.25984,47.49877]]]}},{"type":"Feature","properties":{"i":701},"geometry":{"type":"Polygon","coordinates":[[[-122.29869,47.7137],[-122.2975,47.71524],[-122.2989,47.71655],[-122.30149,47.71632],[-122.30269,47.71478],[-122.30129,47.71347],[-122.29869,47.7137]]]}},{"type":"Feature","properties":{"i":702},"geometry":{"type":"Polygon","coordinates":[[[-122.3087,47.63534],[-122.30751,47.63688],[-122.30891,47.63819],[-122.3115,47.63796],[-122.31269,47.63642],[-122.31129,47.63511],[-122.3087,47.63534]]]}},{"type":"Feature","properties":{"i":703},"geometry":{"type":"Polygon","coordinates":[[[-122.29314,47.52751],[-122.29194,47.52905],[-122.29334,47.53036],[-122.29593,47.53014],[-122.29712,47.52859],[-122.29572,47.52728],[-122.29314,47.52751]]]}},{"type":"Feature","properties":{"i":704},"geometry":{"type":"Polygon","coordinates":[[[-122.3702,47.67441],[-122.36901,47.67595],[-122.37041,47.67726],[-122.373,47.67703],[-122.37419,47.67549],[-122.37279,47.67418],[-122.3702,47.67441]]]}},{"type":"Feature","properties":{"i":705},"geometry":{"type":"Polygon","coordinates":[[[-122.26768,47.66333],[-122.26648,47.66487],[-122.26788,47.66619],[-122.27047,47.66596],[-122.27167,47.66442],[-122.27027,47.66311],[-122.26768,47.66333]]]}},{"type":"Feature","properties":{"i":706},"geometry":{"type":"Polygon","coordinates":[[[-122.35932,47.63232],[-122.35813,47.63386],[-122.35952,47.63517],[-122.36211,47.63494],[-122.36331,47.6334],[-122.36191,47.63209],[-122.35932,47.63232]]]}},{"type":"Feature","properties":{"i":707},"geometry":{"type":"Polygon","coordinates":[[[-122.38325,47.63882],[-122.38206,47.64036],[-122.38346,47.64167],[-122.38605,47.64144],[-122.38724,47.6399],[-122.38584,47.63859],[-122.38325,47.63882]]]}},{"type":"Feature","properties":{"i":708},"geometry":{"type":"Polygon","coordinates":[[[-122.29958,47.56288],[-122.29839,47.56442],[-122.29978,47.56574],[-122.30237,47.56551],[-122.30357,47.56397],[-122.30217,47.56265],[-122.29958,47.56288]]]}},{"type":"Feature","properties":{"i":709},"geometry":{"type":"Polygon","coordinates":[[[-122.34357,47.63084],[-122.34238,47.63238],[-122.34378,47.63369],[-122.34637,47.63346],[-122.34756,47.63192],[-122.34616,47.63061],[-122.34357,47.63084]]]}},{"type":"Feature","properties":{"i":710},"geometry":{"type":"Polygon","coordinates":[[[-122.30841,47.68559],[-122.30722,47.68713],[-122.30862,47.68844],[-122.31121,47.68822],[-122.3124,47.68668],[-122.311,47.68537],[-122.30841,47.68559]]]}},{"type":"Feature","properties":{"i":711},"geometry":{"type":"Polygon","coordinates":[[[-122.32185,47.54655],[-122.32066,47.54809],[-122.32205,47.54941],[-122.32464,47.54918],[-122.32583,47.54764],[-122.32444,47.54633],[-122.32185,47.54655]]]}},{"type":"Feature","properties":{"i":712},"geometry":{"type":"Polygon","coordinates":[[[-122.2679,47.55703],[-122.2667,47.55857],[-122.2681,47.55989],[-122.27069,47.55966],[-122.27188,47.55812],[-122.27049,47.5568],[-122.2679,47.55703]]]}},{"type":"Feature","properties":{"i":713},"geometry":{"type":"Polygon","coordinates":[[[-122.39646,47.65918],[-122.39527,47.66072],[-122.39667,47.66203],[-122.39926,47.6618],[-122.40045,47.66026],[-122.39905,47.65895],[-122.39646,47.65918]]]}},{"type":"Feature","properties":{"i":714},"geometry":{"type":"Polygon","coordinates":[[[-122.26943,47.52383],[-122.26824,47.52537],[-122.26964,47.52668],[-122.27223,47.52646],[-122.27342,47.52492],[-122.27202,47.5236],[-122.26943,47.52383]]]}},{"type":"Feature","properties":{"i":715},"geometry":{"type":"Polygon","coordinates":[[[-122.32934,47.59619],[-122.32814,47.59773],[-122.32954,47.59904],[-122.33213,47.59881],[-122.33332,47.59727],[-122.33192,47.59596],[-122.32934,47.59619]]]}},{"type":"Feature","properties":{"i":716},"geometry":{"type":"Polygon","coordinates":[[[-122.33442,47.55838],[-122.33323,47.55993],[-122.33463,47.56124],[-122.33722,47.56101],[-122.33841,47.55947],[-122.33701,47.55816],[-122.33442,47.55838]]]}},{"type":"Feature","properties":{"i":717},"geometry":{"type":"Polygon","coordinates":[[[-122.29582,47.67378],[-122.29463,47.67532],[-122.29602,47.67664],[-122.29862,47.67641],[-122.29981,47.67487],[-122.29841,47.67356],[-122.29582,47.67378]]]}},{"type":"Feature","properties":{"i":718},"geometry":{"type":"Polygon","coordinates":[[[-122.30274,47.55254],[-122.30155,47.55408],[-122.30295,47.5554],[-122.30554,47.55517],[-122.30673,47.55363],[-122.30533,47.55231],[-122.30274,47.55254]]]}},{"type":"Feature","properties":{"i":719},"geometry":{"type":"Polygon","coordinates":[[[-122.34558,47.71244],[-122.34438,47.71398],[-122.34578,47.71529],[-122.34838,47.71506],[-122.34957,47.71353],[-122.34817,47.71222],[-122.34558,47.71244]]]}},{"type":"Feature","properties":{"i":720},"geometry":{"type":"Polygon","coordinates":[[[-122.30878,47.58219],[-122.30759,47.58373],[-122.30899,47.58505],[-122.31158,47.58482],[-122.31277,47.58328],[-122.31137,47.58196],[-122.30878,47.58219]]]}},{"type":"Feature","properties":{"i":721},"geometry":{"type":"Polygon","coordinates":[[[-122.34963,47.66044],[-122.34843,47.66198],[-122.34983,47.6633],[-122.35242,47.66307],[-122.35362,47.66153],[-122.35222,47.66022],[-122.34963,47.66044]]]}},{"type":"Feature","properties":{"i":722},"geometry":{"type":"Polygon","coordinates":[[[-122.35911,47.62947],[-122.35792,47.63101],[-122.35932,47.63232],[-122.36191,47.63209],[-122.3631,47.63055],[-122.3617,47.62924],[-122.35911,47.62947]]]}},{"type":"Feature","properties":{"i":723},"geometry":{"type":"Polygon","coordinates":[[[-122.30277,47.66169],[-122.30158,47.66323],[-122.30298,47.66455],[-122.30557,47.66432],[-122.30677,47.66278],[-122.30537,47.66147],[-122.30277,47.66169]]]}},{"type":"Feature","properties":{"i":724},"geometry":{"type":"Polygon","coordinates":[[[-122.40025,47.65741],[-122.39905,47.65895],[-122.40045,47.66026],[-122.40304,47.66003],[-122.40423,47.65849],[-122.40284,47.65718],[-122.40025,47.65741]]]}},{"type":"Feature","properties":{"i":725},"geometry":{"type":"Polygon","coordinates":[[[-122.32741,47.62364],[-122.32622,47.62518],[-122.32761,47.6265],[-122.33021,47.62627],[-122.3314,47.62473],[-122.33,47.62342],[-122.32741,47.62364]]]}},{"type":"Feature","properties":{"i":726},"geometry":{"type":"Polygon","coordinates":[[[-122.37186,47.69722],[-122.37067,47.69876],[-122.37207,47.70007],[-122.37466,47.69984],[-122.37585,47.6983],[-122.37445,47.69699],[-122.37186,47.69722]]]}},{"type":"Feature","properties":{"i":727},"geometry":{"type":"Polygon","coordinates":[[[-122.3193,47.56546],[-122.31811,47.567],[-122.31951,47.56832],[-122.3221,47.56809],[-122.32329,47.56655],[-122.32189,47.56523],[-122.3193,47.56546]]]}},{"type":"Feature","properties":{"i":728},"geometry":{"type":"Polygon","coordinates":[[[-122.30186,47.70338],[-122.30067,47.70492],[-122.30207,47.70623],[-122.30466,47.706],[-122.30586,47.70446],[-122.30446,47.70315],[-122.30186,47.70338]]]}},{"type":"Feature","properties":{"i":729},"geometry":{"type":"Polygon","coordinates":[[[-122.32095,47.58831],[-122.31976,47.58985],[-122.32116,47.59116],[-122.32374,47.59093],[-122.32494,47.58939],[-122.32354,47.58808],[-122.32095,47.58831]]]}},{"type":"Feature","properties":{"i":730},"geometry":{"type":"Polygon","coordinates":[[[-122.31067,47.71695],[-122.30948,47.71849],[-122.31088,47.7198],[-122.31347,47.71957],[-122.31467,47.71803],[-122.31327,47.71672],[-122.31067,47.71695]]]}},{"type":"Feature","properties":{"i":731},"geometry":{"type":"Polygon","coordinates":[[[-122.37352,47.72001],[-122.37233,47.72155],[-122.37373,47.72286],[-122.37632,47.72263],[-122.37752,47.72109],[-122.37612,47.71978],[-122.37352,47.72001]]]}},{"type":"Feature","properties":{"i":732},"geometry":{"type":"Polygon","coordinates":[[[-122.3845,47.65593],[-122.38331,47.65747],[-122.3847,47.65878],[-122.38729,47.65855],[-122.38849,47.65701],[-122.38709,47.6557],[-122.3845,47.65593]]]}},{"type":"Feature","properties":{"i":733},"geometry":{"type":"Polygon","coordinates":[[[-122.25693,47.67719],[-122.25573,47.67873],[-122.25713,47.68004],[-122.25973,47.67981],[-122.26092,47.67827],[-122.25952,47.67696],[-122.25693,47.67719]]]}},{"type":"Feature","properties":{"i":734},"geometry":{"type":"Polygon","coordinates":[[[-122.33387,47.65896],[-122.33268,47.6605],[-122.33408,47.66181],[-122.33667,47.66159],[-122.33786,47.66005],[-122.33646,47.65873],[-122.33387,47.65896]]]}},{"type":"Feature","properties":{"i":735},"geometry":{"type":"Polygon","coordinates":[[[-122.29491,47.71546],[-122.29371,47.717],[-122.29511,47.71831],[-122.29771,47.71809],[-122.2989,47.71655],[-122.2975,47.71524],[-122.29491,47.71546]]]}},{"type":"Feature","properties":{"i":736},"geometry":{"type":"Polygon","coordinates":[[[-122.2775,47.69117],[-122.27631,47.69271],[-122.27771,47.69402],[-122.2803,47.6938],[-122.28149,47.69226],[-122.28009,47.69094],[-122.2775,47.69117]]]}},{"type":"Feature","properties":{"i":737},"geometry":{"type":"Polygon","coordinates":[[[-122.38363,47.69761],[-122.38244,47.69915],[-122.38384,47.70046],[-122.38643,47.70023],[-122.38762,47.69869],[-122.38622,47.69738],[-122.38363,47.69761]]]}},{"type":"Feature","properties":{"i":738},"geometry":{"type":"Polygon","coordinates":[[[-122.32726,47.72983],[-122.32607,47.73137],[-122.32747,47.73268],[-122.33006,47.73245],[-122.33126,47.73091],[-122.32986,47.7296],[-122.32726,47.72983]]]}},{"type":"Feature","properties":{"i":739},"geometry":{"type":"Polygon","coordinates":[[[-122.29049,47.5996],[-122.2893,47.60114],[-122.29069,47.60245],[-122.29328,47.60222],[-122.29448,47.60068],[-122.29308,47.59937],[-122.29049,47.5996]]]}},{"type":"Feature","properties":{"i":740},"geometry":{"type":"Polygon","coordinates":[[[-122.35926,47.68542],[-122.35807,47.68696],[-122.35947,47.68827],[-122.36206,47.68804],[-122.36326,47.6865],[-122.36186,47.68519],[-122.35926,47.68542]]]}},{"type":"Feature","properties":{"i":741},"geometry":{"type":"Polygon","coordinates":[[[-122.28323,47.66197],[-122.28204,47.66351],[-122.28344,47.66482],[-122.28603,47.6646],[-122.28722,47.66306],[-122.28582,47.66175],[-122.28323,47.66197]]]}},{"type":"Feature","properties":{"i":742},"geometry":{"type":"Polygon","coordinates":[[[-122.36729,47.63449],[-122.3661,47.63603],[-122.3675,47.63734],[-122.37009,47.63711],[-122.37128,47.63557],[-122.36988,47.63426],[-122.36729,47.63449]]]}},{"type":"Feature","properties":{"i":743},"geometry":{"type":"Polygon","coordinates":[[[-122.35356,47.71461],[-122.35237,47.71615],[-122.35377,47.71746],[-122.35636,47.71723],[-122.35755,47.71569],[-122.35615,47.71438],[-122.35356,47.71461]]]}},{"type":"Feature","properties":{"i":744},"geometry":{"type":"Polygon","coordinates":[[[-122.27587,47.55921],[-122.27468,47.56075],[-122.27607,47.56206],[-122.27866,47.56184],[-122.27985,47.5603],[-122.27846,47.55898],[-122.27587,47.55921]]]}},{"type":"Feature","properties":{"i":745},"geometry":{"type":"Polygon","coordinates":[[[-122.39268,47.66095],[-122.39149,47.66249],[-122.39289,47.6638],[-122.39548,47.66357],[-122.39667,47.66203],[-122.39527,47.66072],[-122.39268,47.66095]]]}},{"type":"Feature","properties":{"i":746},"geometry":{"type":"Polygon","coordinates":[[[-122.26565,47.52559],[-122.26446,47.52714],[-122.26586,47.52845],[-122.26845,47.52823],[-122.26964,47.52668],[-122.26824,47.52537],[-122.26565,47.52559]]]}},{"type":"Feature","properties":{"i":747},"geometry":{"type":"Polygon","coordinates":[[[-122.32645,47.55621],[-122.32526,47.55775],[-122.32666,47.55907],[-122.32925,47.55884],[-122.33044,47.5573],[-122.32904,47.55598],[-122.32645,47.55621]]]}},{"type":"Feature","properties":{"i":748},"geometry":{"type":"Polygon","coordinates":[[[-122.29203,47.67555],[-122.29084,47.67709],[-122.29224,47.6784],[-122.29483,47.67818],[-122.29602,47.67664],[-122.29463,47.67532],[-122.29203,47.67555]]]}},{"type":"Feature","properties":{"i":749},"geometry":{"type":"Polygon","coordinates":[[[-122.30213,47.54397],[-122.30094,47.54551],[-122.30233,47.54683],[-122.30492,47.5466],[-122.30611,47.54506],[-122.30472,47.54374],[-122.30213,47.54397]]]}},{"type":"Feature","properties":{"i":750},"geometry":{"type":"Polygon","coordinates":[[[-122.28875,47.62991],[-122.28756,47.63145],[-122.28896,47.63276],[-122.29155,47.63253],[-122.29274,47.63099],[-122.29134,47.62968],[-122.28875,47.62991]]]}},{"type":"Feature","properties":{"i":751},"geometry":{"type":"Polygon","coordinates":[[[-122.40191,47.68021],[-122.40072,47.68175],[-122.40212,47.68306],[-122.40471,47.68283],[-122.40591,47.68129],[-122.40451,47.67998],[-122.40191,47.68021]]]}},{"type":"Feature","properties":{"i":752},"geometry":{"type":"Polygon","coordinates":[[[-122.34496,47.70389],[-122.34376,47.70543],[-122.34516,47.70674],[-122.34775,47.70652],[-122.34895,47.70498],[-122.34755,47.70367],[-122.34496,47.70389]]]}},{"type":"Feature","properties":{"i":753},"geometry":{"type":"Polygon","coordinates":[[[-122.34268,47.67254],[-122.34149,47.67408],[-122.34289,47.67539],[-122.34548,47.67516],[-122.34667,47.67362],[-122.34527,47.67231],[-122.34268,47.67254]]]}},{"type":"Feature","properties":{"i":754},"geometry":{"type":"Polygon","coordinates":[[[-122.31676,47.58436],[-122.31557,47.58591],[-122.31696,47.58722],[-122.31955,47.58699],[-122.32074,47.58545],[-122.31935,47.58414],[-122.31676,47.58436]]]}},{"type":"Feature","properties":{"i":755},"geometry":{"type":"Polygon","coordinates":[[[-122.28609,47.5928],[-122.2849,47.59434],[-122.2863,47.59565],[-122.28889,47.59543],[-122.29008,47.59389],[-122.28868,47.59257],[-122.28609,47.5928]]]}},{"type":"Feature","properties":{"i":756},"geometry":{"type":"Polygon","coordinates":[[[-122.28159,47.63915],[-122.2804,47.64069],[-122.2818,47.642],[-122.28439,47.64178],[-122.28558,47.64024],[-122.28419,47.63892],[-122.28159,47.63915]]]}},{"type":"Feature","properties":{"i":757},"geometry":{"type":"Polygon","coordinates":[[[-122.34673,47.62051],[-122.34554,47.62205],[-122.34694,47.62336],[-122.34953,47.62313],[-122.35072,47.62159],[-122.34932,47.62028],[-122.34673,47.62051]]]}},{"type":"Feature","properties":{"i":758},"geometry":{"type":"Polygon","coordinates":[[[-122.31832,47.66033],[-122.31713,47.66187],[-122.31853,47.66318],[-122.32112,47.66295],[-122.32232,47.66141],[-122.32092,47.6601],[-122.31832,47.66033]]]}},{"type":"Feature","properties":{"i":759},"geometry":{"type":"Polygon","coordinates":[[[-122.28507,47.57852],[-122.28388,47.58006],[-122.28527,47.58138],[-122.28786,47.58115],[-122.28905,47.57961],[-122.28766,47.57829],[-122.28507,47.57852]]]}},{"type":"Feature","properties":{"i":760},"geometry":{"type":"Polygon","coordinates":[[[-122.40822,47.65957],[-122.40703,47.66111],[-122.40843,47.66242],[-122.41102,47.66219],[-122.41221,47.66065],[-122.41081,47.65934],[-122.40822,47.65957]]]}},{"type":"Feature","properties":{"i":761},"geometry":{"type":"Polygon","coordinates":[[[-122.41495,47.64462],[-122.41376,47.64616],[-122.41516,47.64747],[-122.41775,47.64724],[-122.41894,47.6457],[-122.41754,47.64439],[-122.41495,47.64462]]]}},{"type":"Feature","properties":{"i":762},"geometry":{"type":"Polygon","coordinates":[[[-122.31503,47.61468],[-122.31384,47.61622],[-122.31524,47.61753],[-122.31783,47.61731],[-122.31902,47.61577],[-122.31762,47.61445],[-122.31503,47.61468]]]}},{"type":"Feature","properties":{"i":763},"geometry":{"type":"Polygon","coordinates":[[[-122.37984,47.69938],[-122.37865,47.70092],[-122.38005,47.70223],[-122.38264,47.702],[-122.38384,47.70046],[-122.38244,47.69915],[-122.37984,47.69938]]]}},{"type":"Feature","properties":{"i":764},"geometry":{"type":"Polygon","coordinates":[[[-122.31742,47.70201],[-122.31623,47.70355],[-122.31763,47.70486],[-122.32022,47.70464],[-122.32142,47.7031],[-122.32002,47.70179],[-122.31742,47.70201]]]}},{"type":"Feature","properties":{"i":765},"geometry":{"type":"Polygon","coordinates":[[[-122.26391,47.55594],[-122.26272,47.55748],[-122.26412,47.5588],[-122.2667,47.55857],[-122.2679,47.55703],[-122.2665,47.55571],[-122.26391,47.55594]]]}},{"type":"Feature","properties":{"i":766},"geometry":{"type":"Polygon","coordinates":[[[-122.31866,47.71911],[-122.31747,47.72065],[-122.31887,47.72196],[-122.32146,47.72174],[-122.32265,47.7202],[-122.32125,47.71889],[-122.31866,47.71911]]]}},{"type":"Feature","properties":{"i":767},"geometry":{"type":"Polygon","coordinates":[[[-122.32376,47.68138],[-122.32256,47.68291],[-122.32396,47.68423],[-122.32656,47.684],[-122.32775,47.68246],[-122.32635,47.68115],[-122.32376,47.68138]]]}},{"type":"Feature","properties":{"i":768},"geometry":{"type":"Polygon","coordinates":[[[-122.29151,47.61387],[-122.29032,47.61541],[-122.29172,47.61672],[-122.29431,47.6165],[-122.2955,47.61496],[-122.2941,47.61364],[-122.29151,47.61387]]]}},{"type":"Feature","properties":{"i":769},"geometry":{"type":"Polygon","coordinates":[[[-122.37652,47.65377],[-122.37533,47.65531],[-122.37673,47.65662],[-122.37932,47.65639],[-122.38051,47.65485],[-122.37911,47.65354],[-122.37652,47.65377]]]}},{"type":"Feature","properties":{"i":770},"geometry":{"type":"Polygon","coordinates":[[[-122.25632,47.66863],[-122.25512,47.67017],[-122.25652,47.67148],[-122.25911,47.67126],[-122.26031,47.66972],[-122.25891,47.6684],[-122.25632,47.66863]]]}},{"type":"Feature","properties":{"i":771},"geometry":{"type":"Polygon","coordinates":[[[-122.33009,47.66073],[-122.3289,47.66227],[-122.3303,47.66358],[-122.33289,47.66335],[-122.33408,47.66181],[-122.33268,47.6605],[-122.33009,47.66073]]]}},{"type":"Feature","properties":{"i":772},"geometry":{"type":"Polygon","coordinates":[[[-122.24837,47.55729],[-122.24718,47.55884],[-122.24858,47.56015],[-122.25117,47.55993],[-122.25236,47.55838],[-122.25096,47.55707],[-122.24837,47.55729]]]}},{"type":"Feature","properties":{"i":773},"geometry":{"type":"Polygon","coordinates":[[[-122.28692,47.7133],[-122.28573,47.71483],[-122.28712,47.71615],[-122.28972,47.71592],[-122.29091,47.71438],[-122.28951,47.71307],[-122.28692,47.7133]]]}},{"type":"Feature","properties":{"i":774},"geometry":{"type":"Polygon","coordinates":[[[-122.27371,47.69294],[-122.27252,47.69448],[-122.27392,47.69579],[-122.27651,47.69556],[-122.27771,47.69402],[-122.27631,47.69271],[-122.27371,47.69294]]]}},{"type":"Feature","properties":{"i":775},"geometry":{"type":"Polygon","coordinates":[[[-122.28476,47.51961],[-122.28357,47.52115],[-122.28496,47.52247],[-122.28755,47.52224],[-122.28874,47.5207],[-122.28735,47.51938],[-122.28476,47.51961]]]}},{"type":"Feature","properties":{"i":776},"geometry":{"type":"Polygon","coordinates":[[[-122.383,47.68906],[-122.38181,47.6906],[-122.38321,47.69191],[-122.3858,47.69168],[-122.38699,47.69014],[-122.38559,47.68883],[-122.383,47.68906]]]}},{"type":"Feature","properties":{"i":777},"geometry":{"type":"Polygon","coordinates":[[[-122.29837,47.6549],[-122.29718,47.65644],[-122.29858,47.65776],[-122.30117,47.65753],[-122.30236,47.65599],[-122.30097,47.65468],[-122.29837,47.6549]]]}},{"type":"Feature","properties":{"i":778},"geometry":{"type":"Polygon","coordinates":[[[-122.3546,47.72885],[-122.3534,47.73039],[-122.3548,47.7317],[-122.3574,47.73147],[-122.35859,47.72993],[-122.35719,47.72862],[-122.3546,47.72885]]]}},{"type":"Feature","properties":{"i":779},"geometry":{"type":"Polygon","coordinates":[[[-122.32438,47.68993],[-122.32318,47.69147],[-122.32458,47.69278],[-122.32717,47.69255],[-122.32837,47.69101],[-122.32697,47.6897],[-122.32438,47.68993]]]}},{"type":"Feature","properties":{"i":780},"geometry":{"type":"Polygon","coordinates":[[[-122.29846,47.60177],[-122.29727,47.60331],[-122.29867,47.60463],[-122.30126,47.6044],[-122.30245,47.60286],[-122.30105,47.60154],[-122.29846,47.60177]]]}},{"type":"Feature","properties":{"i":781},"geometry":{"type":"Polygon","coordinates":[[[-122.29121,47.66414],[-122.29002,47.66568],[-122.29142,47.667],[-122.29401,47.66677],[-122.2952,47.66523],[-122.29381,47.66392],[-122.29121,47.66414]]]}},{"type":"Feature","properties":{"i":782},"geometry":{"type":"Polygon","coordinates":[[[-122.35636,47.6455],[-122.35517,47.64704],[-122.35657,47.64835],[-122.35916,47.64812],[-122.36035,47.64658],[-122.35895,47.64527],[-122.35636,47.6455]]]}},{"type":"Feature","properties":{"i":783},"geometry":{"type":"Polygon","coordinates":[[[-122.30002,47.67772],[-122.29882,47.67926],[-122.30022,47.68057],[-122.30281,47.68035],[-122.30401,47.67881],[-122.30261,47.67749],[-122.30002,47.67772]]]}},{"type":"Feature","properties":{"i":784},"geometry":{"type":"Polygon","coordinates":[[[-122.32466,47.63968],[-122.32346,47.64122],[-122.32486,47.64253],[-122.32745,47.6423],[-122.32865,47.64076],[-122.32725,47.63945],[-122.32466,47.63968]]]}},{"type":"Feature","properties":{"i":785},"geometry":{"type":"Polygon","coordinates":[[[-122.36155,47.71677],[-122.36035,47.71831],[-122.36175,47.71962],[-122.36435,47.71939],[-122.36554,47.71785],[-122.36414,47.71654],[-122.36155,47.71677]]]}},{"type":"Feature","properties":{"i":786},"geometry":{"type":"Polygon","coordinates":[[[-122.38616,47.67874],[-122.38497,47.68028],[-122.38637,47.68159],[-122.38896,47.68136],[-122.39015,47.67982],[-122.38875,47.67851],[-122.38616,47.67874]]]}},{"type":"Feature","properties":{"i":787},"geometry":{"type":"Polygon","coordinates":[[[-122.35217,47.64156],[-122.35098,47.6431],[-122.35237,47.64442],[-122.35496,47.64419],[-122.35616,47.64265],[-122.35476,47.64133],[-122.35217,47.64156]]]}},{"type":"Feature","properties":{"i":788},"geometry":{"type":"Polygon","coordinates":[[[-122.28405,47.67338],[-122.28286,47.67492],[-122.28426,47.67623],[-122.28685,47.67601],[-122.28804,47.67447],[-122.28664,47.67315],[-122.28405,47.67338]]]}},{"type":"Feature","properties":{"i":789},"geometry":{"type":"Polygon","coordinates":[[[-122.27525,47.6598],[-122.27406,47.66134],[-122.27545,47.66265],[-122.27805,47.66243],[-122.27924,47.66089],[-122.27784,47.65957],[-122.27525,47.6598]]]}},{"type":"Feature","properties":{"i":790},"geometry":{"type":"Polygon","coordinates":[[[-122.29835,47.54574],[-122.29716,47.54728],[-122.29855,47.5486],[-122.30114,47.54837],[-122.30233,47.54683],[-122.30094,47.54551],[-122.29835,47.54574]]]}},{"type":"Feature","properties":{"i":791},"geometry":{"type":"Polygon","coordinates":[[[-122.31606,47.62895],[-122.31487,47.63049],[-122.31627,47.6318],[-122.31886,47.63157],[-122.32005,47.63003],[-122.31865,47.62872],[-122.31606,47.62895]]]}},{"type":"Feature","properties":{"i":792},"geometry":{"type":"Polygon","coordinates":[[[-122.34117,47.70566],[-122.33998,47.7072],[-122.34138,47.70851],[-122.34397,47.70828],[-122.34516,47.70674],[-122.34376,47.70543],[-122.34117,47.70566]]]}},{"type":"Feature","properties":{"i":793},"geometry":{"type":"Polygon","coordinates":[[[-122.34206,47.66398],[-122.34087,47.66552],[-122.34227,47.66683],[-122.34486,47.6666],[-122.34605,47.66506],[-122.34465,47.66375],[-122.34206,47.66398]]]}},{"type":"Feature","properties":{"i":794},"geometry":{"type":"Polygon","coordinates":[[[-122.30439,47.57539],[-122.30319,47.57693],[-122.30459,47.57825],[-122.30718,47.57802],[-122.30837,47.57648],[-122.30698,47.57516],[-122.30439,47.57539]]]}},{"type":"Feature","properties":{"i":795},"geometry":{"type":"Polygon","coordinates":[[[-122.36579,47.66763],[-122.3646,47.66917],[-122.366,47.67048],[-122.36859,47.67025],[-122.36978,47.66871],[-122.36839,47.6674],[-122.36579,47.66763]]]}},{"type":"Feature","properties":{"i":796},"geometry":{"type":"Polygon","coordinates":[[[-122.28578,47.5339],[-122.28459,47.53544],[-122.28599,47.53676],[-122.28857,47.53653],[-122.28977,47.53499],[-122.28837,47.53367],[-122.28578,47.5339]]]}},{"type":"Feature","properties":{"i":797},"geometry":{"type":"Polygon","coordinates":[[[-122.42376,47.65819],[-122.42257,47.65973],[-122.42397,47.66104],[-122.42656,47.66081],[-122.42775,47.65927],[-122.42635,47.65796],[-122.42376,47.65819]]]}},{"type":"Feature","properties":{"i":798},"geometry":{"type":"Polygon","coordinates":[[[-122.32301,47.61685],[-122.32182,47.61839],[-122.32321,47.6197],[-122.3258,47.61948],[-122.327,47.61794],[-122.3256,47.61662],[-122.32301,47.61685]]]}},{"type":"Feature","properties":{"i":799},"geometry":{"type":"Polygon","coordinates":[[[-122.36745,47.69044],[-122.36626,47.69197],[-122.36766,47.69329],[-122.37025,47.69306],[-122.37145,47.69152],[-122.37005,47.69021],[-122.36745,47.69044]]]}},{"type":"Feature","properties":{"i":800},"geometry":{"type":"Polygon","coordinates":[[[-122.33545,47.57266],[-122.33426,47.57421],[-122.33566,47.57552],[-122.33825,47.57529],[-122.33944,47.57375],[-122.33804,47.57244],[-122.33545,47.57266]]]}},{"type":"Feature","properties":{"i":801},"geometry":{"type":"Polygon","coordinates":[[[-122.32541,47.70418],[-122.32421,47.70572],[-122.32561,47.70703],[-122.32821,47.7068],[-122.3294,47.70526],[-122.328,47.70395],[-122.32541,47.70418]]]}},{"type":"Feature","properties":{"i":802},"geometry":{"type":"Polygon","coordinates":[[[-122.30771,47.73011],[-122.30651,47.73165],[-122.30791,47.73296],[-122.31051,47.73273],[-122.3117,47.7312],[-122.3103,47.72989],[-122.30771,47.73011]]]}},{"type":"Feature","properties":{"i":803},"geometry":{"type":"Polygon","coordinates":[[[-122.28773,47.61564],[-122.28654,47.61718],[-122.28793,47.61849],[-122.29053,47.61826],[-122.29172,47.61672],[-122.29032,47.61541],[-122.28773,47.61564]]]}},{"type":"Feature","properties":{"i":804},"geometry":{"type":"Polygon","coordinates":[[[-122.39206,47.65239],[-122.39087,47.65393],[-122.39227,47.65524],[-122.39486,47.65501],[-122.39605,47.65347],[-122.39465,47.65216],[-122.39206,47.65239]]]}},{"type":"Feature","properties":{"i":805},"geometry":{"type":"Polygon","coordinates":[[[-122.35128,47.68326],[-122.35009,47.6848],[-122.35149,47.68611],[-122.35408,47.68588],[-122.35527,47.68434],[-122.35387,47.68303],[-122.35128,47.68326]]]}},{"type":"Feature","properties":{"i":806},"geometry":{"type":"Polygon","coordinates":[[[-122.25253,47.6704],[-122.25133,47.67194],[-122.25273,47.67325],[-122.25533,47.67302],[-122.25652,47.67148],[-122.25512,47.67017],[-122.25253,47.6704]]]}},{"type":"Feature","properties":{"i":807},"geometry":{"type":"Polygon","coordinates":[[[-122.32211,47.65856],[-122.32092,47.6601],[-122.32232,47.66141],[-122.32491,47.66119],[-122.3261,47.65965],[-122.3247,47.65833],[-122.32211,47.65856]]]}},{"type":"Feature","properties":{"i":808},"geometry":{"type":"Polygon","coordinates":[[[-122.26362,47.49701],[-122.26242,47.49855],[-122.26382,47.49986],[-122.26641,47.49964],[-122.2676,47.4981],[-122.2662,47.49678],[-122.26362,47.49701]]]}},{"type":"Feature","properties":{"i":809},"geometry":{"type":"Polygon","coordinates":[[[-122.31043,47.60503],[-122.30923,47.60657],[-122.31063,47.60789],[-122.31322,47.60766],[-122.31441,47.60612],[-122.31302,47.6048],[-122.31043,47.60503]]]}},{"type":"Feature","properties":{"i":810},"geometry":{"type":"Polygon","coordinates":[[[-122.36658,47.7321],[-122.36538,47.73364],[-122.36678,47.73495],[-122.36938,47.73472],[-122.37057,47.73318],[-122.36917,47.73187],[-122.36658,47.7321]]]}},{"type":"Feature","properties":{"i":811},"geometry":{"type":"Polygon","coordinates":[[[-122.24776,47.54872],[-122.24657,47.55026],[-122.24797,47.55158],[-122.25056,47.55135],[-122.25175,47.54981],[-122.25035,47.5485],[-122.24776,47.54872]]]}},{"type":"Feature","properties":{"i":812},"geometry":{"type":"Polygon","coordinates":[[[-122.29367,47.69836],[-122.29248,47.6999],[-122.29388,47.70121],[-122.29647,47.70098],[-122.29767,47.69945],[-122.29627,47.69813],[-122.29367,47.69836]]]}},{"type":"Feature","properties":{"i":813},"geometry":{"type":"Polygon","coordinates":[[[-122.37922,47.69083],[-122.37803,47.69237],[-122.37943,47.69368],[-122.38202,47.69345],[-122.38321,47.69191],[-122.38181,47.6906],[-122.37922,47.69083]]]}},{"type":"Feature","properties":{"i":814},"geometry":{"type":"Polygon","coordinates":[[[-122.35081,47.73062],[-122.34962,47.73216],[-122.35102,47.73347],[-122.35361,47.73324],[-122.3548,47.7317],[-122.3534,47.73039],[-122.35081,47.73062]]]}},{"type":"Feature","properties":{"i":815},"geometry":{"type":"Polygon","coordinates":[[[-122.3517,47.68896],[-122.3505,47.6905],[-122.3519,47.69181],[-122.3545,47.69158],[-122.35569,47.69004],[-122.35429,47.68873],[-122.3517,47.68896]]]}},{"type":"Feature","properties":{"i":816},"geometry":{"type":"Polygon","coordinates":[[[-122.29181,47.56356],[-122.29062,47.5651],[-122.29202,47.56642],[-122.29461,47.56619],[-122.2958,47.56465],[-122.2944,47.56333],[-122.29181,47.56356]]]}},{"type":"Feature","properties":{"i":817},"geometry":{"type":"Polygon","coordinates":[[[-122.314,47.60041],[-122.31281,47.60195],[-122.31421,47.60326],[-122.3168,47.60303],[-122.31799,47.60149],[-122.31659,47.60018],[-122.314,47.60041]]]}},{"type":"Feature","properties":{"i":818},"geometry":{"type":"Polygon","coordinates":[[[-122.3475,47.68502],[-122.34631,47.68656],[-122.34771,47.68787],[-122.3503,47.68765],[-122.35149,47.68611],[-122.35009,47.6848],[-122.3475,47.68502]]]}},{"type":"Feature","properties":{"i":819},"geometry":{"type":"Polygon","coordinates":[[[-122.29559,47.56179],[-122.2944,47.56333],[-122.2958,47.56465],[-122.29839,47.56442],[-122.29958,47.56288],[-122.29818,47.56157],[-122.29559,47.56179]]]}},{"type":"Feature","properties":{"i":820},"geometry":{"type":"Polygon","coordinates":[[[-122.27883,47.65518],[-122.27764,47.65672],[-122.27904,47.65803],[-122.28163,47.65781],[-122.28282,47.65627],[-122.28142,47.65495],[-122.27883,47.65518]]]}},{"type":"Feature","properties":{"i":821},"geometry":{"type":"Polygon","coordinates":[[[-122.34812,47.69358],[-122.34693,47.69511],[-122.34833,47.69643],[-122.35092,47.6962],[-122.35211,47.69466],[-122.35071,47.69335],[-122.34812,47.69358]]]}},{"type":"Feature","properties":{"i":822},"geometry":{"type":"Polygon","coordinates":[[[-122.26749,47.55131],[-122.2663,47.55286],[-122.26769,47.55417],[-122.27028,47.55394],[-122.27147,47.5524],[-122.27008,47.55109],[-122.26749,47.55131]]]}},{"type":"Feature","properties":{"i":823},"geometry":{"type":"Polygon","coordinates":[[[-122.41117,47.64639],[-122.40998,47.64793],[-122.41138,47.64924],[-122.41397,47.64901],[-122.41516,47.64747],[-122.41376,47.64616],[-122.41117,47.64639]]]}},{"type":"Feature","properties":{"i":824},"geometry":{"type":"Polygon","coordinates":[[[-122.40549,47.67559],[-122.4043,47.67713],[-122.4057,47.67844],[-122.40829,47.67821],[-122.40948,47.67667],[-122.40808,47.67536],[-122.40549,47.67559]]]}},{"type":"Feature","properties":{"i":825},"geometry":{"type":"Polygon","coordinates":[[[-122.31717,47.59007],[-122.31598,47.59162],[-122.31737,47.59293],[-122.31996,47.5927],[-122.32116,47.59116],[-122.31976,47.58985],[-122.31717,47.59007]]]}},{"type":"Feature","properties":{"i":826},"geometry":{"type":"Polygon","coordinates":[[[-122.38682,47.6342],[-122.38563,47.63574],[-122.38703,47.63705],[-122.38962,47.63682],[-122.39081,47.63528],[-122.38941,47.63397],[-122.38682,47.6342]]]}},{"type":"Feature","properties":{"i":827},"geometry":{"type":"Polygon","coordinates":[[[-122.37377,47.66979],[-122.37258,47.67133],[-122.37398,47.67264],[-122.37657,47.67241],[-122.37776,47.67087],[-122.37637,47.66956],[-122.37377,47.66979]]]}},{"type":"Feature","properties":{"i":828},"geometry":{"type":"Polygon","coordinates":[[[-122.27321,47.52206],[-122.27202,47.5236],[-122.27342,47.52492],[-122.27601,47.52469],[-122.2772,47.52315],[-122.2758,47.52183],[-122.27321,47.52206]]]}},{"type":"Feature","properties":{"i":829},"geometry":{"type":"Polygon","coordinates":[[[-122.28416,47.72931],[-122.28296,47.73085],[-122.28436,47.73216],[-122.28696,47.73193],[-122.28815,47.7304],[-122.28675,47.72908],[-122.28416,47.72931]]]}},{"type":"Feature","properties":{"i":830},"geometry":{"type":"Polygon","coordinates":[[[-122.2731,47.68438],[-122.27191,47.68592],[-122.2733,47.68723],[-122.2759,47.68701],[-122.27709,47.68547],[-122.27569,47.68416],[-122.2731,47.68438]]]}},{"type":"Feature","properties":{"i":831},"geometry":{"type":"Polygon","coordinates":[[[-122.31228,47.63072],[-122.31108,47.63226],[-122.31248,47.63357],[-122.31507,47.63334],[-122.31627,47.6318],[-122.31487,47.63049],[-122.31228,47.63072]]]}},{"type":"Feature","properties":{"i":832},"geometry":{"type":"Polygon","coordinates":[[[-122.33463,47.72344],[-122.33344,47.72498],[-122.33484,47.72629],[-122.33743,47.72607],[-122.33862,47.72453],[-122.33722,47.72322],[-122.33463,47.72344]]]}},{"type":"Feature","properties":{"i":833},"geometry":{"type":"Polygon","coordinates":[[[-122.24556,47.68248],[-122.24437,47.68402],[-122.24577,47.68534],[-122.24836,47.68511],[-122.24956,47.68357],[-122.24816,47.68226],[-122.24556,47.68248]]]}},{"type":"Feature","properties":{"i":834},"geometry":{"type":"Polygon","coordinates":[[[-122.33828,47.66575],[-122.33708,47.66729],[-122.33848,47.6686],[-122.34107,47.66837],[-122.34227,47.66683],[-122.34087,47.66552],[-122.33828,47.66575]]]}},{"type":"Feature","properties":{"i":835},"geometry":{"type":"Polygon","coordinates":[[[-122.36517,47.65907],[-122.36398,47.66061],[-122.36538,47.66193],[-122.36797,47.6617],[-122.36916,47.66016],[-122.36776,47.65884],[-122.36517,47.65907]]]}},{"type":"Feature","properties":{"i":836},"geometry":{"type":"Polygon","coordinates":[[[-122.36289,47.6277],[-122.3617,47.62924],[-122.3631,47.63055],[-122.36569,47.63032],[-122.36688,47.62878],[-122.36548,47.62747],[-122.36289,47.6277]]]}},{"type":"Feature","properties":{"i":837},"geometry":{"type":"Polygon","coordinates":[[[-122.30656,47.65993],[-122.30537,47.66147],[-122.30677,47.66278],[-122.30936,47.66255],[-122.31055,47.66101],[-122.30915,47.6597],[-122.30656,47.65993]]]}},{"type":"Feature","properties":{"i":838},"geometry":{"type":"Polygon","coordinates":[[[-122.282,47.53567],[-122.28081,47.53721],[-122.2822,47.53853],[-122.28479,47.5383],[-122.28599,47.53676],[-122.28459,47.53544],[-122.282,47.53567]]]}},{"type":"Feature","properties":{"i":839},"geometry":{"type":"Polygon","coordinates":[[[-122.33862,47.72453],[-122.33743,47.72607],[-122.33883,47.72738],[-122.34142,47.72715],[-122.34262,47.72561],[-122.34122,47.7243],[-122.33862,47.72453]]]}},{"type":"Feature","properties":{"i":840},"geometry":{"type":"Polygon","coordinates":[[[-122.28067,47.57172],[-122.27948,47.57326],[-122.28088,47.57458],[-122.28347,47.57435],[-122.28466,47.57281],[-122.28326,47.57149],[-122.28067,47.57172]]]}},{"type":"Feature","properties":{"i":841},"geometry":{"type":"Polygon","coordinates":[[[-122.33855,47.61548],[-122.33736,47.61703],[-122.33875,47.61834],[-122.34134,47.61811],[-122.34254,47.61657],[-122.34114,47.61526],[-122.33855,47.61548]]]}},{"type":"Feature","properties":{"i":842},"geometry":{"type":"Polygon","coordinates":[[[-122.33483,47.5641],[-122.33364,47.56564],[-122.33504,47.56695],[-122.33763,47.56672],[-122.33882,47.56518],[-122.33742,47.56387],[-122.33483,47.5641]]]}},{"type":"Feature","properties":{"i":843},"geometry":{"type":"Polygon","coordinates":[[[-122.31302,47.69523],[-122.31183,47.69677],[-122.31322,47.69808],[-122.31582,47.69785],[-122.31701,47.69631],[-122.31561,47.695],[-122.31302,47.69523]]]}},{"type":"Feature","properties":{"i":844},"geometry":{"type":"Polygon","coordinates":[[[-122.40004,47.65455],[-122.39885,47.6561],[-122.40025,47.65741],[-122.40284,47.65718],[-122.40403,47.65564],[-122.40263,47.65433],[-122.40004,47.65455]]]}},{"type":"Feature","properties":{"i":845},"geometry":{"type":"Polygon","coordinates":[[[-122.33766,47.65719],[-122.33646,47.65873],[-122.33786,47.66005],[-122.34045,47.65982],[-122.34165,47.65828],[-122.34025,47.65697],[-122.33766,47.65719]]]}},{"type":"Feature","properties":{"i":846},"geometry":{"type":"Polygon","coordinates":[[[-122.28129,47.68941],[-122.28009,47.69094],[-122.28149,47.69226],[-122.28409,47.69203],[-122.28528,47.69049],[-122.28388,47.68918],[-122.28129,47.68941]]]}},{"type":"Feature","properties":{"i":847},"geometry":{"type":"Polygon","coordinates":[[[-122.28395,47.72646],[-122.28276,47.728],[-122.28416,47.72931],[-122.28675,47.72908],[-122.28794,47.72755],[-122.28655,47.72623],[-122.28395,47.72646]]]}},{"type":"Feature","properties":{"i":848},"geometry":{"type":"Polygon","coordinates":[[[-122.39918,47.69623],[-122.39798,47.69777],[-122.39938,47.69908],[-122.40198,47.69885],[-122.40317,47.69731],[-122.40177,47.696],[-122.39918,47.69623]]]}},{"type":"Feature","properties":{"i":849},"geometry":{"type":"Polygon","coordinates":[[[-122.34282,47.72846],[-122.34163,47.73],[-122.34303,47.73131],[-122.34562,47.73108],[-122.34682,47.72954],[-122.34542,47.72823],[-122.34282,47.72846]]]}},{"type":"Feature","properties":{"i":850},"geometry":{"type":"Polygon","coordinates":[[[-122.34791,47.69072],[-122.34672,47.69226],[-122.34812,47.69358],[-122.35071,47.69335],[-122.3519,47.69181],[-122.3505,47.6905],[-122.34791,47.69072]]]}},{"type":"Feature","properties":{"i":851},"geometry":{"type":"Polygon","coordinates":[[[-122.30735,47.5622],[-122.30615,47.56374],[-122.30755,47.56506],[-122.31014,47.56483],[-122.31133,47.56329],[-122.30993,47.56197],[-122.30735,47.5622]]]}},{"type":"Feature","properties":{"i":852},"geometry":{"type":"Polygon","coordinates":[[[-122.37481,47.68405],[-122.37362,47.68559],[-122.37502,47.6869],[-122.37761,47.68667],[-122.3788,47.68513],[-122.3774,47.68382],[-122.37481,47.68405]]]}},{"type":"Feature","properties":{"i":853},"geometry":{"type":"Polygon","coordinates":[[[-122.31619,47.68491],[-122.31499,47.68645],[-122.31639,47.68776],[-122.31899,47.68753],[-122.32018,47.68599],[-122.31878,47.68468],[-122.31619,47.68491]]]}},{"type":"Feature","properties":{"i":854},"geometry":{"type":"Polygon","coordinates":[[[-122.26371,47.55308],[-122.26251,47.55462],[-122.26391,47.55594],[-122.2665,47.55571],[-122.26769,47.55417],[-122.2663,47.55286],[-122.26371,47.55308]]]}},{"type":"Feature","properties":{"i":855},"geometry":{"type":"Polygon","coordinates":[[[-122.39879,47.63744],[-122.3976,47.63898],[-122.39899,47.6403],[-122.40158,47.64007],[-122.40277,47.63853],[-122.40138,47.63721],[-122.39879,47.63744]]]}},{"type":"Feature","properties":{"i":856},"geometry":{"type":"Polygon","coordinates":[[[-122.29028,47.59674],[-122.28909,47.59828],[-122.29049,47.5996],[-122.29308,47.59937],[-122.29427,47.59783],[-122.29287,47.59651],[-122.29028,47.59674]]]}},{"type":"Feature","properties":{"i":857},"geometry":{"type":"Polygon","coordinates":[[[-122.32026,47.63289],[-122.31906,47.63443],[-122.32046,47.63574],[-122.32305,47.63551],[-122.32424,47.63397],[-122.32285,47.63266],[-122.32026,47.63289]]]}},{"type":"Feature","properties":{"i":858},"geometry":{"type":"Polygon","coordinates":[[[-122.28833,47.51498],[-122.28714,47.51653],[-122.28854,47.51784],[-122.29113,47.51762],[-122.29232,47.51607],[-122.29092,47.51476],[-122.28833,47.51498]]]}},{"type":"Feature","properties":{"i":859},"geometry":{"type":"Polygon","coordinates":[[[-122.39498,47.6923],[-122.39378,47.69384],[-122.39518,47.69515],[-122.39778,47.69492],[-122.39897,47.69338],[-122.39757,47.69207],[-122.39498,47.6923]]]}},{"type":"Feature","properties":{"i":860},"geometry":{"type":"Polygon","coordinates":[[[-122.31429,47.55009],[-122.3131,47.55163],[-122.3145,47.55295],[-122.31708,47.55272],[-122.31827,47.55118],[-122.31688,47.54986],[-122.31429,47.55009]]]}},{"type":"Feature","properties":{"i":861},"geometry":{"type":"Polygon","coordinates":[[[-122.38304,47.63597],[-122.38185,47.63751],[-122.38325,47.63882],[-122.38584,47.63859],[-122.38703,47.63705],[-122.38563,47.63574],[-122.38304,47.63597]]]}},{"type":"Feature","properties":{"i":862},"geometry":{"type":"Polygon","coordinates":[[[-122.38175,47.67196],[-122.38056,47.6735],[-122.38196,47.67481],[-122.38455,47.67458],[-122.38575,47.67304],[-122.38435,47.67173],[-122.38175,47.67196]]]}},{"type":"Feature","properties":{"i":863},"geometry":{"type":"Polygon","coordinates":[[[-122.28118,47.52424],[-122.27999,47.52578],[-122.28139,47.5271],[-122.28398,47.52687],[-122.28517,47.52533],[-122.28377,47.52401],[-122.28118,47.52424]]]}},{"type":"Feature","properties":{"i":864},"geometry":{"type":"Polygon","coordinates":[[[-122.29214,47.73148],[-122.29095,47.73302],[-122.29235,47.73433],[-122.29494,47.7341],[-122.29614,47.73256],[-122.29474,47.73125],[-122.29214,47.73148]]]}},{"type":"Feature","properties":{"i":865},"geometry":{"type":"Polygon","coordinates":[[[-122.28997,47.53785],[-122.28878,47.53939],[-122.29017,47.5407],[-122.29276,47.54048],[-122.29395,47.53894],[-122.29256,47.53762],[-122.28997,47.53785]]]}},{"type":"Feature","properties":{"i":866},"geometry":{"type":"Polygon","coordinates":[[[-122.28108,47.68655],[-122.27989,47.68809],[-122.28129,47.68941],[-122.28388,47.68918],[-122.28508,47.68764],[-122.28368,47.68633],[-122.28108,47.68655]]]}},{"type":"Feature","properties":{"i":867},"geometry":{"type":"Polygon","coordinates":[[[-122.3043,47.62854],[-122.30311,47.63009],[-122.3045,47.6314],[-122.3071,47.63117],[-122.30829,47.62963],[-122.30689,47.62832],[-122.3043,47.62854]]]}},{"type":"Feature","properties":{"i":868},"geometry":{"type":"Polygon","coordinates":[[[-122.32224,47.7145],[-122.32105,47.71604],[-122.32245,47.71735],[-122.32504,47.71712],[-122.32623,47.71558],[-122.32483,47.71427],[-122.32224,47.7145]]]}},{"type":"Feature","properties":{"i":869},"geometry":{"type":"Polygon","coordinates":[[[-122.33174,47.68354],[-122.33055,47.68508],[-122.33195,47.68639],[-122.33454,47.68617],[-122.33573,47.68463],[-122.33433,47.68331],[-122.33174,47.68354]]]}},{"type":"Feature","properties":{"i":870},"geometry":{"type":"Polygon","coordinates":[[[-122.29407,47.59497],[-122.29287,47.59651],[-122.29427,47.59783],[-122.29686,47.5976],[-122.29805,47.59606],[-122.29666,47.59475],[-122.29407,47.59497]]]}},{"type":"Feature","properties":{"i":871},"geometry":{"type":"Polygon","coordinates":[[[-122.36139,47.66084],[-122.3602,47.66238],[-122.3616,47.66369],[-122.36419,47.66347],[-122.36538,47.66193],[-122.36398,47.66061],[-122.36139,47.66084]]]}},{"type":"Feature","properties":{"i":872},"geometry":{"type":"Polygon","coordinates":[[[-122.30738,47.67134],[-122.30619,47.67288],[-122.30759,47.67419],[-122.31018,47.67396],[-122.31137,47.67242],[-122.30997,47.67111],[-122.30738,47.67134]]]}},{"type":"Feature","properties":{"i":873},"geometry":{"type":"Polygon","coordinates":[[[-122.27403,47.53349],[-122.27284,47.53503],[-122.27424,47.53635],[-122.27682,47.53612],[-122.27802,47.53458],[-122.27662,47.53326],[-122.27403,47.53349]]]}},{"type":"Feature","properties":{"i":874},"geometry":{"type":"Polygon","coordinates":[[[-122.412,47.6578],[-122.41081,47.65934],[-122.41221,47.66065],[-122.4148,47.66042],[-122.41599,47.65888],[-122.41459,47.65757],[-122.412,47.6578]]]}},{"type":"Feature","properties":{"i":875},"geometry":{"type":"Polygon","coordinates":[[[-122.27975,47.72253],[-122.27856,47.72407],[-122.27996,47.72538],[-122.28255,47.72515],[-122.28375,47.72361],[-122.28235,47.7223],[-122.27975,47.72253]]]}},{"type":"Feature","properties":{"i":876},"geometry":{"type":"Polygon","coordinates":[[[-122.29746,47.6966],[-122.29627,47.69813],[-122.29767,47.69945],[-122.30026,47.69922],[-122.30145,47.69768],[-122.30005,47.69637],[-122.29746,47.6966]]]}},{"type":"Feature","properties":{"i":877},"geometry":{"type":"Polygon","coordinates":[[[-122.35714,47.70999],[-122.35595,47.71153],[-122.35735,47.71284],[-122.35994,47.71261],[-122.36113,47.71107],[-122.35973,47.70976],[-122.35714,47.70999]]]}},{"type":"Feature","properties":{"i":878},"geometry":{"type":"Polygon","coordinates":[[[-122.33105,47.56587],[-122.32986,47.56741],[-122.33126,47.56872],[-122.33385,47.56849],[-122.33504,47.56695],[-122.33364,47.56564],[-122.33105,47.56587]]]}},{"type":"Feature","properties":{"i":879},"geometry":{"type":"Polygon","coordinates":[[[-122.29593,47.72971],[-122.29474,47.73125],[-122.29614,47.73256],[-122.29873,47.73233],[-122.29993,47.7308],[-122.29853,47.72949],[-122.29593,47.72971]]]}},{"type":"Feature","properties":{"i":880},"geometry":{"type":"Polygon","coordinates":[[[-122.38765,47.64561],[-122.38646,47.64715],[-122.38786,47.64846],[-122.39045,47.64823],[-122.39164,47.64669],[-122.39024,47.64538],[-122.38765,47.64561]]]}},{"type":"Feature","properties":{"i":881},"geometry":{"type":"Polygon","coordinates":[[[-122.34564,47.65936],[-122.34444,47.6609],[-122.34584,47.66221],[-122.34843,47.66198],[-122.34963,47.66044],[-122.34823,47.65913],[-122.34564,47.65936]]]}},{"type":"Feature","properties":{"i":882},"geometry":{"type":"Polygon","coordinates":[[[-122.28927,47.69158],[-122.28808,47.69311],[-122.28948,47.69443],[-122.29207,47.6942],[-122.29326,47.69266],[-122.29187,47.69135],[-122.28927,47.69158]]]}},{"type":"Feature","properties":{"i":883},"geometry":{"type":"Polygon","coordinates":[[[-122.38679,47.68729],[-122.38559,47.68883],[-122.38699,47.69014],[-122.38959,47.68991],[-122.39078,47.68837],[-122.38938,47.68706],[-122.38679,47.68729]]]}},{"type":"Feature","properties":{"i":884},"geometry":{"type":"Polygon","coordinates":[[[-122.43174,47.66035],[-122.43055,47.66189],[-122.43195,47.6632],[-122.43454,47.66297],[-122.43573,47.66143],[-122.43433,47.66012],[-122.43174,47.66035]]]}},{"type":"Feature","properties":{"i":885},"geometry":{"type":"Polygon","coordinates":[[[-122.31392,47.65354],[-122.31273,47.65508],[-122.31413,47.65639],[-122.31672,47.65616],[-122.31791,47.65462],[-122.31651,47.65331],[-122.31392,47.65354]]]}},{"type":"Feature","properties":{"i":886},"geometry":{"type":"Polygon","coordinates":[[[-122.33993,47.68856],[-122.33874,47.6901],[-122.34014,47.69141],[-122.34273,47.69118],[-122.34392,47.68964],[-122.34252,47.68833],[-122.33993,47.68856]]]}},{"type":"Feature","properties":{"i":887},"geometry":{"type":"Polygon","coordinates":[[[-122.31532,47.56437],[-122.31413,47.56592],[-122.31552,47.56723],[-122.31811,47.567],[-122.3193,47.56546],[-122.31791,47.56415],[-122.31532,47.56437]]]}},{"type":"Feature","properties":{"i":888},"geometry":{"type":"Polygon","coordinates":[[[-122.30225,47.6],[-122.30105,47.60154],[-122.30245,47.60286],[-122.30504,47.60263],[-122.30623,47.60109],[-122.30484,47.59978],[-122.30225,47.6]]]}},{"type":"Feature","properties":{"i":889},"geometry":{"type":"Polygon","coordinates":[[[-122.37103,47.68582],[-122.36984,47.68736],[-122.37124,47.68867],[-122.37383,47.68844],[-122.37502,47.6869],[-122.37362,47.68559],[-122.37103,47.68582]]]}},{"type":"Feature","properties":{"i":890},"geometry":{"type":"Polygon","coordinates":[[[-122.37191,47.64413],[-122.37071,47.64567],[-122.37211,47.64698],[-122.3747,47.64675],[-122.37589,47.64521],[-122.3745,47.6439],[-122.37191,47.64413]]]}},{"type":"Feature","properties":{"i":891},"geometry":{"type":"Polygon","coordinates":[[[-122.31557,47.67636],[-122.31438,47.6779],[-122.31578,47.67921],[-122.31837,47.67898],[-122.31956,47.67744],[-122.31816,47.67613],[-122.31557,47.67636]]]}},{"type":"Feature","properties":{"i":892},"geometry":{"type":"Polygon","coordinates":[[[-122.28364,47.55853],[-122.28244,47.56007],[-122.28384,47.56138],[-122.28643,47.56116],[-122.28762,47.55962],[-122.28623,47.5583],[-122.28364,47.55853]]]}},{"type":"Feature","properties":{"i":893},"geometry":{"type":"Polygon","coordinates":[[[-122.37036,47.73033],[-122.36917,47.73187],[-122.37057,47.73318],[-122.37316,47.73295],[-122.37436,47.73141],[-122.37296,47.7301],[-122.37036,47.73033]]]}},{"type":"Feature","properties":{"i":894},"geometry":{"type":"Polygon","coordinates":[[[-122.40676,47.63961],[-122.40557,47.64115],[-122.40697,47.64246],[-122.40956,47.64223],[-122.41075,47.64069],[-122.40935,47.63938],[-122.40676,47.63961]]]}},{"type":"Feature","properties":{"i":895},"geometry":{"type":"Polygon","coordinates":[[[-122.2674,47.49524],[-122.2662,47.49678],[-122.2676,47.4981],[-122.27019,47.49787],[-122.27138,47.49633],[-122.26998,47.49501],[-122.2674,47.49524]]]}},{"type":"Feature","properties":{"i":896},"geometry":{"type":"Polygon","coordinates":[[[-122.32589,47.65679],[-122.3247,47.65833],[-122.3261,47.65965],[-122.32869,47.65942],[-122.32988,47.65788],[-122.32848,47.65657],[-122.32589,47.65679]]]}},{"type":"Feature","properties":{"i":897},"geometry":{"type":"Polygon","coordinates":[[[-122.36533,47.715],[-122.36414,47.71654],[-122.36554,47.71785],[-122.36813,47.71762],[-122.36932,47.71608],[-122.36792,47.71477],[-122.36533,47.715]]]}},{"type":"Feature","properties":{"i":898},"geometry":{"type":"Polygon","coordinates":[[[-122.34068,47.59088],[-122.33949,47.59242],[-122.34088,47.59374],[-122.34347,47.59351],[-122.34466,47.59197],[-122.34327,47.59065],[-122.34068,47.59088]]]}},{"type":"Feature","properties":{"i":899},"geometry":{"type":"Polygon","coordinates":[[[-122.37506,47.6338],[-122.37387,47.63534],[-122.37527,47.63665],[-122.37786,47.63642],[-122.37905,47.63488],[-122.37765,47.63357],[-122.37506,47.6338]]]}},{"type":"Feature","properties":{"i":900},"geometry":{"type":"Polygon","coordinates":[[[-122.3973,47.67058],[-122.39611,47.67212],[-122.39751,47.67343],[-122.4001,47.6732],[-122.40129,47.67166],[-122.39989,47.67035],[-122.3973,47.67058]]]}},{"type":"Feature","properties":{"i":901},"geometry":{"type":"Polygon","coordinates":[[[-122.26882,47.51525],[-122.26763,47.51679],[-122.26903,47.51811],[-122.27161,47.51788],[-122.27281,47.51634],[-122.27141,47.51502],[-122.26882,47.51525]]]}},{"type":"Feature","properties":{"i":902},"geometry":{"type":"Polygon","coordinates":[[[-122.2687,47.67759],[-122.2675,47.67913],[-122.2689,47.68045],[-122.2715,47.68022],[-122.27269,47.67868],[-122.27129,47.67737],[-122.2687,47.67759]]]}},{"type":"Feature","properties":{"i":903},"geometry":{"type":"Polygon","coordinates":[[[-122.23715,47.50938],[-122.23596,47.51092],[-122.23736,47.51224],[-122.23995,47.51202],[-122.24114,47.51047],[-122.23974,47.50916],[-122.23715,47.50938]]]}},{"type":"Feature","properties":{"i":904},"geometry":{"type":"Polygon","coordinates":[[[-122.28937,47.63847],[-122.28818,47.64001],[-122.28957,47.64132],[-122.29216,47.64109],[-122.29336,47.63955],[-122.29196,47.63824],[-122.28937,47.63847]]]}},{"type":"Feature","properties":{"i":905},"geometry":{"type":"Polygon","coordinates":[[[-122.33023,47.71666],[-122.32903,47.7182],[-122.33043,47.71951],[-122.33303,47.71928],[-122.33422,47.71775],[-122.33282,47.71644],[-122.33023,47.71666]]]}},{"type":"Feature","properties":{"i":906},"geometry":{"type":"Polygon","coordinates":[[[-122.31935,47.67459],[-122.31816,47.67613],[-122.31956,47.67744],[-122.32215,47.67721],[-122.32335,47.67567],[-122.32195,47.67436],[-122.31935,47.67459]]]}},{"type":"Feature","properties":{"i":907},"geometry":{"type":"Polygon","coordinates":[[[-122.29345,47.58641],[-122.29226,47.58795],[-122.29366,47.58926],[-122.29625,47.58904],[-122.29744,47.5875],[-122.29604,47.58618],[-122.29345,47.58641]]]}},{"type":"Feature","properties":{"i":908},"geometry":{"type":"Polygon","coordinates":[[[-122.35849,47.62091],[-122.3573,47.62245],[-122.3587,47.62376],[-122.36128,47.62353],[-122.36248,47.62199],[-122.36108,47.62068],[-122.35849,47.62091]]]}},{"type":"Feature","properties":{"i":909},"geometry":{"type":"Polygon","coordinates":[[[-122.3036,47.6731],[-122.3024,47.67464],[-122.3038,47.67595],[-122.30639,47.67573],[-122.30759,47.67419],[-122.30619,47.67288],[-122.3036,47.6731]]]}},{"type":"Feature","properties":{"i":910},"geometry":{"type":"Polygon","coordinates":[[[-122.2631,47.54451],[-122.2619,47.54605],[-122.2633,47.54737],[-122.26589,47.54714],[-122.26708,47.5456],[-122.26568,47.54428],[-122.2631,47.54451]]]}},{"type":"Feature","properties":{"i":911},"geometry":{"type":"Polygon","coordinates":[[[-122.32679,47.61508],[-122.3256,47.61662],[-122.327,47.61794],[-122.32959,47.61771],[-122.33078,47.61617],[-122.32938,47.61485],[-122.32679,47.61508]]]}},{"type":"Feature","properties":{"i":912},"geometry":{"type":"Polygon","coordinates":[[[-122.35652,47.70144],[-122.35532,47.70298],[-122.35672,47.70429],[-122.35932,47.70406],[-122.36051,47.70252],[-122.35911,47.70121],[-122.35652,47.70144]]]}},{"type":"Feature","properties":{"i":913},"geometry":{"type":"Polygon","coordinates":[[[-122.39584,47.65062],[-122.39465,47.65216],[-122.39605,47.65347],[-122.39864,47.65324],[-122.39983,47.6517],[-122.39843,47.65039],[-122.39584,47.65062]]]}},{"type":"Feature","properties":{"i":914},"geometry":{"type":"Polygon","coordinates":[[[-122.32452,47.58368],[-122.32333,47.58522],[-122.32473,47.58654],[-122.32732,47.58631],[-122.32851,47.58477],[-122.32711,47.58345],[-122.32452,47.58368]]]}},{"type":"Feature","properties":{"i":915},"geometry":{"type":"Polygon","coordinates":[[[-122.30269,47.71478],[-122.30149,47.71632],[-122.30289,47.71763],[-122.30549,47.7174],[-122.30668,47.71587],[-122.30528,47.71455],[-122.30269,47.71478]]]}},{"type":"Feature","properties":{"i":916},"geometry":{"type":"Polygon","coordinates":[[[-122.32327,47.72875],[-122.32208,47.73028],[-122.32348,47.73159],[-122.32607,47.73137],[-122.32726,47.72983],[-122.32586,47.72852],[-122.32327,47.72875]]]}},{"type":"Feature","properties":{"i":917},"geometry":{"type":"Polygon","coordinates":[[[-122.33325,47.65041],[-122.33206,47.65195],[-122.33346,47.65326],[-122.33605,47.65303],[-122.33724,47.65149],[-122.33584,47.65018],[-122.33325,47.65041]]]}},{"type":"Feature","properties":{"i":918},"geometry":{"type":"Polygon","coordinates":[[[-122.27832,47.70258],[-122.27712,47.70411],[-122.27852,47.70543],[-122.28112,47.7052],[-122.28231,47.70366],[-122.28091,47.70235],[-122.27832,47.70258]]]}},{"type":"Feature","properties":{"i":919},"geometry":{"type":"Polygon","coordinates":[[[-122.39477,47.68945],[-122.39358,47.69099],[-122.39498,47.6923],[-122.39757,47.69207],[-122.39876,47.69053],[-122.39736,47.68922],[-122.39477,47.68945]]]}},{"type":"Feature","properties":{"i":920},"geometry":{"type":"Polygon","coordinates":[[[-122.27106,47.65586],[-122.26986,47.6574],[-122.27126,47.65871],[-122.27385,47.65849],[-122.27505,47.65695],[-122.27365,47.65563],[-122.27106,47.65586]]]}},{"type":"Feature","properties":{"i":921},"geometry":{"type":"Polygon","coordinates":[[[-122.30154,47.64458],[-122.30035,47.64612],[-122.30175,47.64743],[-122.30434,47.6472],[-122.30553,47.64566],[-122.30413,47.64435],[-122.30154,47.64458]]]}},{"type":"Feature","properties":{"i":922},"geometry":{"type":"Polygon","coordinates":[[[-122.32899,47.69956],[-122.32779,47.7011],[-122.32919,47.70241],[-122.33179,47.70219],[-122.33298,47.70065],[-122.33158,47.69934],[-122.32899,47.69956]]]}},{"type":"Feature","properties":{"i":923},"geometry":{"type":"Polygon","coordinates":[[[-122.30295,47.5554],[-122.30176,47.55694],[-122.30315,47.55825],[-122.30574,47.55803],[-122.30694,47.55649],[-122.30554,47.55517],[-122.30295,47.5554]]]}},{"type":"Feature","properties":{"i":924},"geometry":{"type":"Polygon","coordinates":[[[-122.30307,47.61142],[-122.30188,47.61296],[-122.30327,47.61428],[-122.30586,47.61405],[-122.30706,47.61251],[-122.30566,47.61119],[-122.30307,47.61142]]]}},{"type":"Feature","properties":{"i":925},"geometry":{"type":"Polygon","coordinates":[[[-122.36305,47.68365],[-122.36186,47.68519],[-122.36326,47.6865],[-122.36585,47.68627],[-122.36704,47.68473],[-122.36564,47.68342],[-122.36305,47.68365]]]}},{"type":"Feature","properties":{"i":926},"geometry":{"type":"Polygon","coordinates":[[[-122.36812,47.6459],[-122.36693,47.64744],[-122.36833,47.64875],[-122.37092,47.64852],[-122.37211,47.64698],[-122.37071,47.64567],[-122.36812,47.6459]]]}},{"type":"Feature","properties":{"i":927},"geometry":{"type":"Polygon","coordinates":[[[-122.31178,47.67812],[-122.31059,47.67966],[-122.31199,47.68097],[-122.31458,47.68075],[-122.31578,47.67921],[-122.31438,47.6779],[-122.31178,47.67812]]]}},{"type":"Feature","properties":{"i":928},"geometry":{"type":"Polygon","coordinates":[[[-122.27127,47.54955],[-122.27008,47.55109],[-122.27147,47.5524],[-122.27406,47.55218],[-122.27526,47.55064],[-122.27386,47.54932],[-122.27127,47.54955]]]}},{"type":"Feature","properties":{"i":929},"geometry":{"type":"Polygon","coordinates":[[[-122.36616,47.7264],[-122.36497,47.72794],[-122.36637,47.72925],[-122.36896,47.72902],[-122.37015,47.72748],[-122.36875,47.72617],[-122.36616,47.7264]]]}},{"type":"Feature","properties":{"i":930},"geometry":{"type":"Polygon","coordinates":[[[-122.3327,47.58871],[-122.33151,47.59025],[-122.33291,47.59156],[-122.3355,47.59134],[-122.33669,47.5898],[-122.33529,47.58848],[-122.3327,47.58871]]]}},{"type":"Feature","properties":{"i":931},"geometry":{"type":"Polygon","coordinates":[[[-122.33779,47.5509],[-122.3366,47.55244],[-122.33799,47.55376],[-122.34058,47.55353],[-122.34177,47.55199],[-122.34038,47.55067],[-122.33779,47.5509]]]}},{"type":"Feature","properties":{"i":932},"geometry":{"type":"Polygon","coordinates":[[[-122.3906,47.63243],[-122.38941,47.63397],[-122.39081,47.63528],[-122.3934,47.63505],[-122.39459,47.63351],[-122.39319,47.6322],[-122.3906,47.63243]]]}},{"type":"Feature","properties":{"i":933},"geometry":{"type":"Polygon","coordinates":[[[-122.30611,47.54506],[-122.30492,47.5466],[-122.30632,47.54792],[-122.30891,47.54769],[-122.3101,47.54615],[-122.3087,47.54483],[-122.30611,47.54506]]]}},{"type":"Feature","properties":{"i":934},"geometry":{"type":"Polygon","coordinates":[[[-122.353,47.65297],[-122.3518,47.65451],[-122.3532,47.65582],[-122.35579,47.6556],[-122.35699,47.65406],[-122.35559,47.65274],[-122.353,47.65297]]]}},{"type":"Feature","properties":{"i":935},"geometry":{"type":"Polygon","coordinates":[[[-122.27699,47.6295],[-122.2758,47.63104],[-122.2772,47.63236],[-122.27979,47.63213],[-122.28098,47.63059],[-122.27958,47.62927],[-122.27699,47.6295]]]}},{"type":"Feature","properties":{"i":936},"geometry":{"type":"Polygon","coordinates":[[[-122.34578,47.71529],[-122.34459,47.71683],[-122.34599,47.71814],[-122.34858,47.71791],[-122.34978,47.71638],[-122.34838,47.71506],[-122.34578,47.71529]]]}},{"type":"Feature","properties":{"i":937},"geometry":{"type":"Polygon","coordinates":[[[-122.26112,47.68113],[-122.25993,47.68266],[-122.26133,47.68398],[-122.26392,47.68375],[-122.26512,47.68221],[-122.26372,47.6809],[-122.26112,47.68113]]]}},{"type":"Feature","properties":{"i":938},"geometry":{"type":"Polygon","coordinates":[[[-122.32734,47.67676],[-122.32614,47.6783],[-122.32754,47.67961],[-122.33013,47.67938],[-122.33133,47.67784],[-122.32993,47.67653],[-122.32734,47.67676]]]}},{"type":"Feature","properties":{"i":939},"geometry":{"type":"Polygon","coordinates":[[[-122.28967,47.58818],[-122.28848,47.58972],[-122.28987,47.59103],[-122.29246,47.5908],[-122.29366,47.58926],[-122.29226,47.58795],[-122.28967,47.58818]]]}},{"type":"Feature","properties":{"i":940},"geometry":{"type":"Polygon","coordinates":[[[-122.40361,47.64993],[-122.40242,47.65147],[-122.40382,47.65278],[-122.40641,47.65256],[-122.4076,47.65101],[-122.4062,47.6497],[-122.40361,47.64993]]]}},{"type":"Feature","properties":{"i":941},"geometry":{"type":"Polygon","coordinates":[[[-122.29561,47.67093],[-122.29442,47.67247],[-122.29582,47.67378],[-122.29841,47.67356],[-122.29961,47.67202],[-122.29821,47.67071],[-122.29561,47.67093]]]}},{"type":"Feature","properties":{"i":942},"geometry":{"type":"Polygon","coordinates":[[[-122.27107,47.54669],[-122.26987,47.54823],[-122.27127,47.54955],[-122.27386,47.54932],[-122.27505,47.54778],[-122.27366,47.54646],[-122.27107,47.54669]]]}},{"type":"Feature","properties":{"i":943},"geometry":{"type":"Polygon","coordinates":[[[-122.26031,47.66972],[-122.25911,47.67126],[-122.26051,47.67257],[-122.2631,47.67234],[-122.2643,47.6708],[-122.2629,47.66949],[-122.26031,47.66972]]]}},{"type":"Feature","properties":{"i":944},"geometry":{"type":"Polygon","coordinates":[[[-122.35273,47.70321],[-122.35154,47.70475],[-122.35294,47.70606],[-122.35553,47.70583],[-122.35672,47.70429],[-122.35532,47.70298],[-122.35273,47.70321]]]}},{"type":"Feature","properties":{"i":945},"geometry":{"type":"Polygon","coordinates":[[[-122.33923,47.57089],[-122.33804,47.57244],[-122.33944,47.57375],[-122.34203,47.57352],[-122.34322,47.57198],[-122.34182,47.57067],[-122.33923,47.57089]]]}},{"type":"Feature","properties":{"i":946},"geometry":{"type":"Polygon","coordinates":[[[-122.31215,47.57471],[-122.31096,47.57625],[-122.31236,47.57757],[-122.31495,47.57734],[-122.31614,47.5758],[-122.31474,47.57448],[-122.31215,47.57471]]]}},{"type":"Feature","properties":{"i":947},"geometry":{"type":"Polygon","coordinates":[[[-122.36388,47.69505],[-122.36269,47.69659],[-122.36409,47.6979],[-122.36668,47.69768],[-122.36787,47.69614],[-122.36647,47.69482],[-122.36388,47.69505]]]}},{"type":"Feature","properties":{"i":948},"geometry":{"type":"Polygon","coordinates":[[[-122.30207,47.70623],[-122.30088,47.70777],[-122.30228,47.70908],[-122.30487,47.70885],[-122.30606,47.70731],[-122.30466,47.706],[-122.30207,47.70623]]]}},{"type":"Feature","properties":{"i":949},"geometry":{"type":"Polygon","coordinates":[[[-122.31948,47.73051],[-122.31829,47.73205],[-122.31969,47.73336],[-122.32228,47.73313],[-122.32348,47.73159],[-122.32208,47.73028],[-122.31948,47.73051]]]}},{"type":"Feature","properties":{"i":950},"geometry":{"type":"Polygon","coordinates":[[[-122.32164,47.5437],[-122.32045,47.54524],[-122.32185,47.54655],[-122.32444,47.54633],[-122.32563,47.54478],[-122.32423,47.54347],[-122.32164,47.5437]]]}},{"type":"Feature","properties":{"i":951},"geometry":{"type":"Polygon","coordinates":[[[-122.28774,47.7247],[-122.28655,47.72623],[-122.28794,47.72755],[-122.29054,47.72732],[-122.29173,47.72578],[-122.29033,47.72447],[-122.28774,47.7247]]]}},{"type":"Feature","properties":{"i":952},"geometry":{"type":"Polygon","coordinates":[[[-122.29732,47.53145],[-122.29613,47.53299],[-122.29753,47.53431],[-122.30012,47.53408],[-122.30131,47.53254],[-122.29991,47.53123],[-122.29732,47.53145]]]}},{"type":"Feature","properties":{"i":953},"geometry":{"type":"Polygon","coordinates":[[[-122.28661,47.6545],[-122.28541,47.65604],[-122.28681,47.65735],[-122.2894,47.65713],[-122.2906,47.65559],[-122.2892,47.65427],[-122.28661,47.6545]]]}},{"type":"Feature","properties":{"i":954},"geometry":{"type":"Polygon","coordinates":[[[-122.32747,47.73268],[-122.32628,47.73422],[-122.32768,47.73553],[-122.33027,47.7353],[-122.33146,47.73376],[-122.33006,47.73245],[-122.32747,47.73268]]]}},{"type":"Feature","properties":{"i":955},"geometry":{"type":"Polygon","coordinates":[[[-122.33697,47.70173],[-122.33578,47.70327],[-122.33718,47.70458],[-122.33977,47.70435],[-122.34096,47.70281],[-122.33956,47.7015],[-122.33697,47.70173]]]}},{"type":"Feature","properties":{"i":956},"geometry":{"type":"Polygon","coordinates":[[[-122.29928,47.61319],[-122.29809,47.61473],[-122.29949,47.61604],[-122.30208,47.61582],[-122.30327,47.61428],[-122.30188,47.61296],[-122.29928,47.61319]]]}},{"type":"Feature","properties":{"i":957},"geometry":{"type":"Polygon","coordinates":[[[-122.36015,47.64373],[-122.35895,47.64527],[-122.36035,47.64658],[-122.36294,47.64635],[-122.36413,47.64481],[-122.36274,47.6435],[-122.36015,47.64373]]]}},{"type":"Feature","properties":{"i":958},"geometry":{"type":"Polygon","coordinates":[[[-122.30524,47.69591],[-122.30405,47.69745],[-122.30545,47.69876],[-122.30804,47.69854],[-122.30923,47.697],[-122.30783,47.69569],[-122.30524,47.69591]]]}},{"type":"Feature","properties":{"i":959},"geometry":{"type":"Polygon","coordinates":[[[-122.27924,47.55172],[-122.27805,47.55327],[-122.27945,47.55458],[-122.28203,47.55435],[-122.28323,47.55281],[-122.28183,47.5515],[-122.27924,47.55172]]]}},{"type":"Feature","properties":{"i":960},"geometry":{"type":"Polygon","coordinates":[[[-122.36238,47.72817],[-122.36118,47.72971],[-122.36258,47.73102],[-122.36518,47.73079],[-122.36637,47.72925],[-122.36497,47.72794],[-122.36238,47.72817]]]}},{"type":"Feature","properties":{"i":961},"geometry":{"type":"Polygon","coordinates":[[[-122.32177,47.59973],[-122.32058,47.60127],[-122.32198,47.60258],[-122.32457,47.60235],[-122.32576,47.60081],[-122.32436,47.5995],[-122.32177,47.59973]]]}},{"type":"Feature","properties":{"i":962},"geometry":{"type":"Polygon","coordinates":[[[-122.32982,47.54873],[-122.32863,47.55027],[-122.33002,47.55158],[-122.33261,47.55136],[-122.3338,47.54981],[-122.33241,47.5485],[-122.32982,47.54873]]]}},{"type":"Feature","properties":{"i":963},"geometry":{"type":"Polygon","coordinates":[[[-122.39858,47.63459],[-122.39739,47.63613],[-122.39879,47.63744],[-122.40138,47.63721],[-122.40257,47.63567],[-122.40117,47.63436],[-122.39858,47.63459]]]}},{"type":"Feature","properties":{"i":964},"geometry":{"type":"Polygon","coordinates":[[[-122.38554,47.67019],[-122.38435,47.67173],[-122.38575,47.67304],[-122.38834,47.67281],[-122.38953,47.67127],[-122.38813,47.66996],[-122.38554,47.67019]]]}},{"type":"Feature","properties":{"i":965},"geometry":{"type":"Polygon","coordinates":[[[-122.29213,47.62243],[-122.29093,47.62397],[-122.29233,47.62529],[-122.29492,47.62506],[-122.29612,47.62352],[-122.29472,47.62221],[-122.29213,47.62243]]]}},{"type":"Feature","properties":{"i":966},"geometry":{"type":"Polygon","coordinates":[[[-122.3055,47.53649],[-122.30431,47.53803],[-122.3057,47.53934],[-122.30829,47.53912],[-122.30948,47.53758],[-122.30809,47.53626],[-122.3055,47.53649]]]}},{"type":"Feature","properties":{"i":967},"geometry":{"type":"Polygon","coordinates":[[[-122.42019,47.66281],[-122.419,47.66435],[-122.4204,47.66566],[-122.42299,47.66543],[-122.42418,47.66389],[-122.42278,47.66258],[-122.42019,47.66281]]]}},{"type":"Feature","properties":{"i":968},"geometry":{"type":"Polygon","coordinates":[[[-122.28487,47.68479],[-122.28368,47.68633],[-122.28508,47.68764],[-122.28767,47.68741],[-122.28886,47.68587],[-122.28746,47.68456],[-122.28487,47.68479]]]}},{"type":"Feature","properties":{"i":969},"geometry":{"type":"Polygon","coordinates":[[[-122.28497,47.63167],[-122.28378,47.63321],[-122.28517,47.63453],[-122.28777,47.6343],[-122.28896,47.63276],[-122.28756,47.63145],[-122.28497,47.63167]]]}},{"type":"Feature","properties":{"i":970},"geometry":{"type":"Polygon","coordinates":[[[-122.3501,47.61303],[-122.34891,47.61457],[-122.35031,47.61588],[-122.35289,47.61566],[-122.35409,47.61412],[-122.35269,47.6128],[-122.3501,47.61303]]]}},{"type":"Feature","properties":{"i":971},"geometry":{"type":"Polygon","coordinates":[[[-122.27648,47.56778],[-122.27529,47.56932],[-122.27669,47.57063],[-122.27928,47.57041],[-122.28047,47.56886],[-122.27907,47.56755],[-122.27648,47.56778]]]}},{"type":"Feature","properties":{"i":972},"geometry":{"type":"Polygon","coordinates":[[[-122.25734,47.68289],[-122.25614,47.68443],[-122.25754,47.68574],[-122.26013,47.68552],[-122.26133,47.68398],[-122.25993,47.68266],[-122.25734,47.68289]]]}},{"type":"Feature","properties":{"i":973},"geometry":{"type":"Polygon","coordinates":[[[-122.34289,47.67539],[-122.34169,47.67693],[-122.34309,47.67824],[-122.34569,47.67801],[-122.34688,47.67647],[-122.34548,47.67516],[-122.34289,47.67539]]]}},{"type":"Feature","properties":{"i":974},"geometry":{"type":"Polygon","coordinates":[[[-122.30961,47.59361],[-122.30841,47.59515],[-122.30981,47.59647],[-122.3124,47.59624],[-122.31359,47.5947],[-122.31219,47.59338],[-122.30961,47.59361]]]}},{"type":"Feature","properties":{"i":975},"geometry":{"type":"Polygon","coordinates":[[[-122.41159,47.6521],[-122.4104,47.65364],[-122.4118,47.65495],[-122.41439,47.65472],[-122.41558,47.65318],[-122.41418,47.65187],[-122.41159,47.6521]]]}},{"type":"Feature","properties":{"i":976},"geometry":{"type":"Polygon","coordinates":[[[-122.3184,47.6072],[-122.31721,47.60874],[-122.31861,47.61006],[-122.3212,47.60983],[-122.32239,47.60829],[-122.32099,47.60698],[-122.3184,47.6072]]]}},{"type":"Feature","properties":{"i":977},"geometry":{"type":"Polygon","coordinates":[[[-122.31117,47.66957],[-122.30997,47.67111],[-122.31137,47.67242],[-122.31396,47.67219],[-122.31516,47.67065],[-122.31376,47.66934],[-122.31117,47.66957]]]}},{"type":"Feature","properties":{"i":978},"geometry":{"type":"Polygon","coordinates":[[[-122.28527,47.58138],[-122.28408,47.58292],[-122.28548,47.58423],[-122.28807,47.58401],[-122.28926,47.58246],[-122.28786,47.58115],[-122.28527,47.58138]]]}},{"type":"Feature","properties":{"i":979},"geometry":{"type":"Polygon","coordinates":[[[-122.37988,47.64629],[-122.37869,47.64783],[-122.38009,47.64914],[-122.38268,47.64892],[-122.38387,47.64738],[-122.38247,47.64606],[-122.37988,47.64629]]]}},{"type":"Feature","properties":{"i":980},"geometry":{"type":"Polygon","coordinates":[[[-122.37269,47.70862],[-122.3715,47.71016],[-122.3729,47.71147],[-122.37549,47.71124],[-122.37668,47.7097],[-122.37528,47.70839],[-122.37269,47.70862]]]}},{"type":"Feature","properties":{"i":981},"geometry":{"type":"Polygon","coordinates":[[[-122.2822,47.53853],[-122.28101,47.54007],[-122.28241,47.54138],[-122.285,47.54116],[-122.28619,47.53962],[-122.28479,47.5383],[-122.2822,47.53853]]]}},{"type":"Feature","properties":{"i":982},"geometry":{"type":"Polygon","coordinates":[[[-122.32013,47.57688],[-122.31893,47.57843],[-122.32033,47.57974],[-122.32292,47.57951],[-122.32411,47.57797],[-122.32272,47.57666],[-122.32013,47.57688]]]}},{"type":"Feature","properties":{"i":983},"geometry":{"type":"Polygon","coordinates":[[[-122.31413,47.65639],[-122.31294,47.65793],[-122.31433,47.65924],[-122.31693,47.65902],[-122.31812,47.65748],[-122.31672,47.65616],[-122.31413,47.65639]]]}},{"type":"Feature","properties":{"i":984},"geometry":{"type":"Polygon","coordinates":[[[-122.25175,47.54981],[-122.25056,47.55135],[-122.25195,47.55267],[-122.25454,47.55244],[-122.25574,47.5509],[-122.25434,47.54959],[-122.25175,47.54981]]]}},{"type":"Feature","properties":{"i":985},"geometry":{"type":"Polygon","coordinates":[[[-122.29828,47.708],[-122.29709,47.70954],[-122.29849,47.71085],[-122.30108,47.71062],[-122.30228,47.70908],[-122.30088,47.70777],[-122.29828,47.708]]]}},{"type":"Feature","properties":{"i":986},"geometry":{"type":"Polygon","coordinates":[[[-122.3115,47.72835],[-122.3103,47.72989],[-122.3117,47.7312],[-122.3143,47.73097],[-122.31549,47.72943],[-122.31409,47.72812],[-122.3115,47.72835]]]}},{"type":"Feature","properties":{"i":987},"geometry":{"type":"Polygon","coordinates":[[[-122.30928,47.53472],[-122.30809,47.53626],[-122.30948,47.53758],[-122.31207,47.53735],[-122.31326,47.53581],[-122.31187,47.53449],[-122.30928,47.53472]]]}},{"type":"Feature","properties":{"i":988},"geometry":{"type":"Polygon","coordinates":[[[-122.38637,47.68159],[-122.38518,47.68313],[-122.38658,47.68444],[-122.38917,47.68421],[-122.39036,47.68267],[-122.38896,47.68136],[-122.38637,47.68159]]]}},{"type":"Feature","properties":{"i":989},"geometry":{"type":"Polygon","coordinates":[[[-122.28712,47.71615],[-122.28593,47.71768],[-122.28733,47.719],[-122.28992,47.71877],[-122.29112,47.71723],[-122.28972,47.71592],[-122.28712,47.71615]]]}},{"type":"Feature","properties":{"i":990},"geometry":{"type":"Polygon","coordinates":[[[-122.29355,47.53322],[-122.29235,47.53476],[-122.29375,47.53608],[-122.29634,47.53585],[-122.29753,47.53431],[-122.29613,47.53299],[-122.29355,47.53322]]]}},{"type":"Feature","properties":{"i":991},"geometry":{"type":"Polygon","coordinates":[[[-122.29459,47.65667],[-122.2934,47.65821],[-122.29479,47.65952],[-122.29739,47.6593],[-122.29858,47.65776],[-122.29718,47.65644],[-122.29459,47.65667]]]}},{"type":"Feature","properties":{"i":992},"geometry":{"type":"Polygon","coordinates":[[[-122.32458,47.69278],[-122.32339,47.69432],[-122.32479,47.69563],[-122.32738,47.6954],[-122.32857,47.69386],[-122.32717,47.69255],[-122.32458,47.69278]]]}},{"type":"Feature","properties":{"i":993},"geometry":{"type":"Polygon","coordinates":[[[-122.29263,47.57499],[-122.29144,47.57653],[-122.29284,47.57784],[-122.29543,47.57761],[-122.29662,47.57607],[-122.29522,47.57476],[-122.29263,47.57499]]]}},{"type":"Feature","properties":{"i":994},"geometry":{"type":"Polygon","coordinates":[[[-122.29131,47.61102],[-122.29012,47.61256],[-122.29151,47.61387],[-122.2941,47.61364],[-122.2953,47.6121],[-122.2939,47.61079],[-122.29131,47.61102]]]}},{"type":"Feature","properties":{"i":995},"geometry":{"type":"Polygon","coordinates":[[[-122.29285,47.68696],[-122.29166,47.6885],[-122.29306,47.68981],[-122.29565,47.68958],[-122.29685,47.68804],[-122.29545,47.68673],[-122.29285,47.68696]]]}},{"type":"Feature","properties":{"i":996},"geometry":{"type":"Polygon","coordinates":[[[-122.26831,47.56274],[-122.26711,47.56428],[-122.26851,47.5656],[-122.2711,47.56537],[-122.27229,47.56383],[-122.27089,47.56252],[-122.26831,47.56274]]]}},{"type":"Feature","properties":{"i":997},"geometry":{"type":"Polygon","coordinates":[[[-122.41054,47.63784],[-122.40935,47.63938],[-122.41075,47.64069],[-122.41334,47.64046],[-122.41453,47.63892],[-122.41313,47.63761],[-122.41054,47.63784]]]}},{"type":"Feature","properties":{"i":998},"geometry":{"type":"Polygon","coordinates":[[[-122.26106,47.51593],[-122.25987,47.51747],[-122.26126,47.51879],[-122.26385,47.51856],[-122.26504,47.51702],[-122.26365,47.5157],[-122.26106,47.51593]]]}},{"type":"Feature","properties":{"i":999},"geometry":{"type":"Polygon","coordinates":[[[-122.35439,47.726],[-122.3532,47.72754],[-122.3546,47.72885],[-122.35719,47.72862],[-122.35838,47.72709],[-122.35698,47.72578],[-122.35439,47.726]]]}},{"type":"Feature","properties":{"i":1000},"geometry":{"type":"Polygon","coordinates":[[[-122.32975,47.6019],[-122.32856,47.60344],[-122.32995,47.60475],[-122.33254,47.60452],[-122.33373,47.60298],[-122.33234,47.60167],[-122.32975,47.6019]]]}},{"type":"Feature","properties":{"i":1001},"geometry":{"type":"Polygon","coordinates":[[[-122.31889,47.55975],[-122.3177,47.56129],[-122.3191,47.5626],[-122.32169,47.56238],[-122.32288,47.56084],[-122.32148,47.55952],[-122.31889,47.55975]]]}},{"type":"Feature","properties":{"i":1002},"geometry":{"type":"Polygon","coordinates":[[[-122.30172,47.53826],[-122.30053,47.5398],[-122.30192,47.54111],[-122.30451,47.54089],[-122.3057,47.53934],[-122.30431,47.53803],[-122.30172,47.53826]]]}},{"type":"Feature","properties":{"i":1003},"geometry":{"type":"Polygon","coordinates":[[[-122.37045,47.62416],[-122.36926,47.6257],[-122.37066,47.62701],[-122.37325,47.62678],[-122.37444,47.62524],[-122.37304,47.62393],[-122.37045,47.62416]]]}},{"type":"Feature","properties":{"i":1004},"geometry":{"type":"Polygon","coordinates":[[[-122.31943,47.62147],[-122.31824,47.62301],[-122.31964,47.62433],[-122.32223,47.6241],[-122.32342,47.62256],[-122.32202,47.62125],[-122.31943,47.62147]]]}},{"type":"Feature","properties":{"i":1005},"geometry":{"type":"Polygon","coordinates":[[[-122.28426,47.67623],[-122.28306,47.67777],[-122.28446,47.67908],[-122.28705,47.67886],[-122.28825,47.67732],[-122.28685,47.67601],[-122.28426,47.67623]]]}},{"type":"Feature","properties":{"i":1006},"geometry":{"type":"Polygon","coordinates":[[[-122.36916,47.66016],[-122.36797,47.6617],[-122.36937,47.66301],[-122.37196,47.66278],[-122.37315,47.66124],[-122.37175,47.65993],[-122.36916,47.66016]]]}},{"type":"Feature","properties":{"i":1007},"geometry":{"type":"Polygon","coordinates":[[[-122.33401,47.7149],[-122.33282,47.71644],[-122.33422,47.71775],[-122.33681,47.71752],[-122.338,47.71598],[-122.3366,47.71467],[-122.33401,47.7149]]]}},{"type":"Feature","properties":{"i":1008},"geometry":{"type":"Polygon","coordinates":[[[-122.29723,47.58464],[-122.29604,47.58618],[-122.29744,47.5875],[-122.30003,47.58727],[-122.30122,47.58573],[-122.29982,47.58441],[-122.29723,47.58464]]]}},{"type":"Feature","properties":{"i":1009},"geometry":{"type":"Polygon","coordinates":[[[-122.32638,47.60937],[-122.32519,47.61092],[-122.32658,47.61223],[-122.32917,47.612],[-122.33037,47.61046],[-122.32897,47.60915],[-122.32638,47.60937]]]}},{"type":"Feature","properties":{"i":1010},"geometry":{"type":"Polygon","coordinates":[[[-122.31915,47.67174],[-122.31796,47.67328],[-122.31935,47.67459],[-122.32195,47.67436],[-122.32314,47.67282],[-122.32174,47.67151],[-122.31915,47.67174]]]}},{"type":"Feature","properties":{"i":1011},"geometry":{"type":"Polygon","coordinates":[[[-122.39542,47.64492],[-122.39423,47.64646],[-122.39563,47.64777],[-122.39822,47.64754],[-122.39941,47.646],[-122.39801,47.64469],[-122.39542,47.64492]]]}},{"type":"Feature","properties":{"i":1012},"geometry":{"type":"Polygon","coordinates":[[[-122.3603,47.69967],[-122.35911,47.70121],[-122.36051,47.70252],[-122.3631,47.70229],[-122.36429,47.70075],[-122.36289,47.69944],[-122.3603,47.69967]]]}},{"type":"Feature","properties":{"i":1013},"geometry":{"type":"Polygon","coordinates":[[[-122.33566,47.57552],[-122.33447,47.57706],[-122.33587,47.57837],[-122.33845,47.57815],[-122.33965,47.57661],[-122.33825,47.57529],[-122.33566,47.57552]]]}},{"type":"Feature","properties":{"i":1014},"geometry":{"type":"Polygon","coordinates":[[[-122.31825,47.71342],[-122.31705,47.71495],[-122.31845,47.71626],[-122.32105,47.71604],[-122.32224,47.7145],[-122.32084,47.71319],[-122.31825,47.71342]]]}},{"type":"Feature","properties":{"i":1015},"geometry":{"type":"Polygon","coordinates":[[[-122.31725,47.53689],[-122.31606,47.53844],[-122.31745,47.53975],[-122.32004,47.53952],[-122.32123,47.53798],[-122.31983,47.53667],[-122.31725,47.53689]]]}},{"type":"Feature","properties":{"i":1016},"geometry":{"type":"Polygon","coordinates":[[[-122.28057,47.62488],[-122.27938,47.62642],[-122.28078,47.62773],[-122.28337,47.62751],[-122.28456,47.62597],[-122.28316,47.62465],[-122.28057,47.62488]]]}},{"type":"Feature","properties":{"i":1017},"geometry":{"type":"Polygon","coordinates":[[[-122.38259,47.68336],[-122.3814,47.6849],[-122.3828,47.68621],[-122.38539,47.68598],[-122.38658,47.68444],[-122.38518,47.68313],[-122.38259,47.68336]]]}},{"type":"Feature","properties":{"i":1018},"geometry":{"type":"Polygon","coordinates":[[[-122.30113,47.63887],[-122.29994,47.64041],[-122.30134,47.64173],[-122.30393,47.6415],[-122.30512,47.63996],[-122.30372,47.63865],[-122.30113,47.63887]]]}},{"type":"Feature","properties":{"i":1019},"geometry":{"type":"Polygon","coordinates":[[[-122.29388,47.70121],[-122.29269,47.70275],[-122.29408,47.70406],[-122.29668,47.70384],[-122.29787,47.7023],[-122.29647,47.70098],[-122.29388,47.70121]]]}},{"type":"Feature","properties":{"i":1020},"geometry":{"type":"Polygon","coordinates":[[[-122.28334,47.71791],[-122.28214,47.71945],[-122.28354,47.72076],[-122.28614,47.72053],[-122.28733,47.719],[-122.28593,47.71768],[-122.28334,47.71791]]]}},{"type":"Feature","properties":{"i":1021},"geometry":{"type":"Polygon","coordinates":[[[-122.36958,47.66586],[-122.36839,47.6674],[-122.36978,47.66871],[-122.37238,47.66848],[-122.37357,47.66694],[-122.37217,47.66563],[-122.36958,47.66586]]]}},{"type":"Feature","properties":{"i":1022},"geometry":{"type":"Polygon","coordinates":[[[-122.28558,47.53104],[-122.28438,47.53258],[-122.28578,47.5339],[-122.28837,47.53367],[-122.28956,47.53213],[-122.28816,47.53082],[-122.28558,47.53104]]]}},{"type":"Feature","properties":{"i":1023},"geometry":{"type":"Polygon","coordinates":[[[-122.35087,47.67755],[-122.34968,47.67909],[-122.35108,47.6804],[-122.35367,47.68018],[-122.35486,47.67864],[-122.35346,47.67732],[-122.35087,47.67755]]]}},{"type":"Feature","properties":{"i":1024},"geometry":{"type":"Polygon","coordinates":[[[-122.3426,47.56341],[-122.34141,47.56495],[-122.34281,47.56627],[-122.34539,47.56604],[-122.34658,47.5645],[-122.34519,47.56318],[-122.3426,47.56341]]]}},{"type":"Feature","properties":{"i":1025},"geometry":{"type":"Polygon","coordinates":[[[-122.30081,47.58002],[-122.29962,47.58156],[-122.30102,47.58287],[-122.3036,47.58264],[-122.3048,47.5811],[-122.3034,47.57979],[-122.30081,47.58002]]]}},{"type":"Feature","properties":{"i":1026},"geometry":{"type":"Polygon","coordinates":[[[-122.29202,47.56642],[-122.29083,47.56796],[-122.29222,47.56927],[-122.29481,47.56905],[-122.296,47.5675],[-122.29461,47.56619],[-122.29202,47.56642]]]}},{"type":"Feature","properties":{"i":1027},"geometry":{"type":"Polygon","coordinates":[[[-122.30685,47.60965],[-122.30566,47.61119],[-122.30706,47.61251],[-122.30965,47.61228],[-122.31084,47.61074],[-122.30944,47.60943],[-122.30685,47.60965]]]}},{"type":"Feature","properties":{"i":1028},"geometry":{"type":"Polygon","coordinates":[[[-122.40885,47.66812],[-122.40766,47.66966],[-122.40906,47.67097],[-122.41165,47.67074],[-122.41284,47.6692],[-122.41144,47.66789],[-122.40885,47.66812]]]}},{"type":"Feature","properties":{"i":1029},"geometry":{"type":"Polygon","coordinates":[[[-122.30084,47.68913],[-122.29964,47.69067],[-122.30104,47.69198],[-122.30364,47.69175],[-122.30483,47.69021],[-122.30343,47.6889],[-122.30084,47.68913]]]}},{"type":"Feature","properties":{"i":1030},"geometry":{"type":"Polygon","coordinates":[[[-122.37714,47.66232],[-122.37595,47.66386],[-122.37735,47.66517],[-122.37994,47.66494],[-122.38113,47.6634],[-122.37973,47.66209],[-122.37714,47.66232]]]}},{"type":"Feature","properties":{"i":1031},"geometry":{"type":"Polygon","coordinates":[[[-122.27659,47.51457],[-122.27539,47.51611],[-122.27679,47.51743],[-122.27938,47.5172],[-122.28057,47.51566],[-122.27917,47.51435],[-122.27659,47.51457]]]}},{"type":"Feature","properties":{"i":1032},"geometry":{"type":"Polygon","coordinates":[[[-122.36995,47.72463],[-122.36875,47.72617],[-122.37015,47.72748],[-122.37275,47.72725],[-122.37394,47.72571],[-122.37254,47.7244],[-122.36995,47.72463]]]}},{"type":"Feature","properties":{"i":1033},"geometry":{"type":"Polygon","coordinates":[[[-122.31737,47.59293],[-122.31618,47.59447],[-122.31758,47.59578],[-122.32017,47.59556],[-122.32136,47.59402],[-122.31996,47.5927],[-122.31737,47.59293]]]}},{"type":"Feature","properties":{"i":1034},"geometry":{"type":"Polygon","coordinates":[[[-122.32686,47.56192],[-122.32567,47.56346],[-122.32707,47.56478],[-122.32966,47.56455],[-122.33085,47.56301],[-122.32945,47.5617],[-122.32686,47.56192]]]}},{"type":"Feature","properties":{"i":1035},"geometry":{"type":"Polygon","coordinates":[[[-122.29518,47.55608],[-122.29399,47.55762],[-122.29539,47.55894],[-122.29798,47.55871],[-122.29917,47.55717],[-122.29777,47.55585],[-122.29518,47.55608]]]}},{"type":"Feature","properties":{"i":1036},"geometry":{"type":"Polygon","coordinates":[[[-122.31565,47.62324],[-122.31446,47.62478],[-122.31585,47.62609],[-122.31845,47.62587],[-122.31964,47.62433],[-122.31824,47.62301],[-122.31565,47.62324]]]}},{"type":"Feature","properties":{"i":1037},"geometry":{"type":"Polygon","coordinates":[[[-122.33848,47.6686],[-122.33729,47.67014],[-122.33869,47.67145],[-122.34128,47.67122],[-122.34247,47.66968],[-122.34107,47.66837],[-122.33848,47.6686]]]}},{"type":"Feature","properties":{"i":1038},"geometry":{"type":"Polygon","coordinates":[[[-122.28047,47.678],[-122.27927,47.67954],[-122.28067,47.68085],[-122.28327,47.68062],[-122.28446,47.67908],[-122.28306,47.67777],[-122.28047,47.678]]]}},{"type":"Feature","properties":{"i":1039},"geometry":{"type":"Polygon","coordinates":[[[-122.36854,47.6516],[-122.36735,47.65314],[-122.36875,47.65445],[-122.37134,47.65422],[-122.37253,47.65268],[-122.37113,47.65137],[-122.36854,47.6516]]]}},{"type":"Feature","properties":{"i":1040},"geometry":{"type":"Polygon","coordinates":[[[-122.33112,47.67499],[-122.32993,47.67653],[-122.33133,47.67784],[-122.33392,47.67761],[-122.33511,47.67607],[-122.33371,47.67476],[-122.33112,47.67499]]]}},{"type":"Feature","properties":{"i":1041},"geometry":{"type":"Polygon","coordinates":[[[-122.30521,47.58681],[-122.30402,47.58836],[-122.30541,47.58967],[-122.308,47.58944],[-122.30919,47.5879],[-122.3078,47.58659],[-122.30521,47.58681]]]}},{"type":"Feature","properties":{"i":1042},"geometry":{"type":"Polygon","coordinates":[[[-122.34192,47.60801],[-122.34072,47.60955],[-122.34212,47.61086],[-122.34471,47.61063],[-122.3459,47.60909],[-122.34451,47.60778],[-122.34192,47.60801]]]}},{"type":"Feature","properties":{"i":1043},"geometry":{"type":"Polygon","coordinates":[[[-122.30677,47.66278],[-122.30557,47.66432],[-122.30697,47.66563],[-122.30956,47.6654],[-122.31076,47.66386],[-122.30936,47.66255],[-122.30677,47.66278]]]}},{"type":"Feature","properties":{"i":1044},"geometry":{"type":"Polygon","coordinates":[[[-122.27485,47.54492],[-122.27366,47.54646],[-122.27505,47.54778],[-122.27764,47.54755],[-122.27883,47.54601],[-122.27744,47.54469],[-122.27485,47.54492]]]}},{"type":"Feature","properties":{"i":1045},"geometry":{"type":"Polygon","coordinates":[[[-122.4034,47.64708],[-122.40221,47.64862],[-122.40361,47.64993],[-122.4062,47.6497],[-122.40739,47.64816],[-122.40599,47.64685],[-122.4034,47.64708]]]}},{"type":"Feature","properties":{"i":1046},"geometry":{"type":"Polygon","coordinates":[[[-122.24935,47.68072],[-122.24816,47.68226],[-122.24956,47.68357],[-122.25215,47.68334],[-122.25334,47.6818],[-122.25195,47.68049],[-122.24935,47.68072]]]}},{"type":"Feature","properties":{"i":1047},"geometry":{"type":"Polygon","coordinates":[[[-122.34103,47.64972],[-122.33983,47.65126],[-122.34123,47.65257],[-122.34382,47.65235],[-122.34502,47.65081],[-122.34362,47.64949],[-122.34103,47.64972]]]}},{"type":"Feature","properties":{"i":1048},"geometry":{"type":"Polygon","coordinates":[[[-122.36829,47.70184],[-122.36709,47.70337],[-122.36849,47.70469],[-122.37108,47.70446],[-122.37228,47.70292],[-122.37088,47.70161],[-122.36829,47.70184]]]}},{"type":"Feature","properties":{"i":1049},"geometry":{"type":"Polygon","coordinates":[[[-122.30586,47.70446],[-122.30466,47.706],[-122.30606,47.70731],[-122.30866,47.70709],[-122.30985,47.70555],[-122.30845,47.70424],[-122.30586,47.70446]]]}},{"type":"Feature","properties":{"i":1050},"geometry":{"type":"Polygon","coordinates":[[[-122.27996,47.61632],[-122.27876,47.61786],[-122.28016,47.61917],[-122.28275,47.61895],[-122.28395,47.6174],[-122.28255,47.61609],[-122.27996,47.61632]]]}},{"type":"Feature","properties":{"i":1051},"geometry":{"type":"Polygon","coordinates":[[[-122.29735,47.64064],[-122.29615,47.64218],[-122.29755,47.64349],[-122.30014,47.64327],[-122.30134,47.64173],[-122.29994,47.64041],[-122.29735,47.64064]]]}},{"type":"Feature","properties":{"i":1052},"geometry":{"type":"Polygon","coordinates":[[[-122.29009,47.70298],[-122.2889,47.70452],[-122.2903,47.70583],[-122.29289,47.7056],[-122.29408,47.70406],[-122.29269,47.70275],[-122.29009,47.70298]]]}},{"type":"Feature","properties":{"i":1053},"geometry":{"type":"Polygon","coordinates":[[[-122.3011,47.52968],[-122.29991,47.53123],[-122.30131,47.53254],[-122.3039,47.53231],[-122.30509,47.53077],[-122.30369,47.52946],[-122.3011,47.52968]]]}},{"type":"Feature","properties":{"i":1054},"geometry":{"type":"Polygon","coordinates":[[[-122.37818,47.67658],[-122.37699,47.67812],[-122.37839,47.67943],[-122.38098,47.6792],[-122.38217,47.67766],[-122.38077,47.67635],[-122.37818,47.67658]]]}},{"type":"Feature","properties":{"i":1055},"geometry":{"type":"Polygon","coordinates":[[[-122.33043,47.71951],[-122.32924,47.72105],[-122.33064,47.72236],[-122.33323,47.72213],[-122.33442,47.7206],[-122.33303,47.71928],[-122.33043,47.71951]]]}},{"type":"Feature","properties":{"i":1056},"geometry":{"type":"Polygon","coordinates":[[[-122.34797,47.63763],[-122.34678,47.63917],[-122.34818,47.64048],[-122.35077,47.64025],[-122.35196,47.63871],[-122.35056,47.6374],[-122.34797,47.63763]]]}},{"type":"Feature","properties":{"i":1057},"geometry":{"type":"Polygon","coordinates":[[[-122.31248,47.63357],[-122.31129,47.63511],[-122.31269,47.63642],[-122.31528,47.6362],[-122.31647,47.63466],[-122.31507,47.63334],[-122.31248,47.63357]]]}},{"type":"Feature","properties":{"i":1058},"geometry":{"type":"Polygon","coordinates":[[[-122.34303,47.73131],[-122.34184,47.73285],[-122.34324,47.73416],[-122.34583,47.73393],[-122.34702,47.73239],[-122.34562,47.73108],[-122.34303,47.73131]]]}},{"type":"Feature","properties":{"i":1059},"geometry":{"type":"Polygon","coordinates":[[[-122.34076,47.69996],[-122.33956,47.7015],[-122.34096,47.70281],[-122.34356,47.70258],[-122.34475,47.70104],[-122.34335,47.69973],[-122.34076,47.69996]]]}},{"type":"Feature","properties":{"i":1060},"geometry":{"type":"Polygon","coordinates":[[[-122.28824,47.56818],[-122.28704,47.56973],[-122.28844,47.57104],[-122.29103,47.57081],[-122.29222,47.56927],[-122.29083,47.56796],[-122.28824,47.56818]]]}},{"type":"Feature","properties":{"i":1061},"geometry":{"type":"Polygon","coordinates":[[[-122.31483,47.61183],[-122.31363,47.61337],[-122.31503,47.61468],[-122.31762,47.61445],[-122.31881,47.61291],[-122.31742,47.6116],[-122.31483,47.61183]]]}},{"type":"Feature","properties":{"i":1062},"geometry":{"type":"Polygon","coordinates":[[[-122.32363,47.62541],[-122.32243,47.62695],[-122.32383,47.62827],[-122.32642,47.62804],[-122.32761,47.6265],[-122.32622,47.62518],[-122.32363,47.62541]]]}},{"type":"Feature","properties":{"i":1063},"geometry":{"type":"Polygon","coordinates":[[[-122.31639,47.68776],[-122.3152,47.6893],[-122.3166,47.69061],[-122.31919,47.69038],[-122.32038,47.68884],[-122.31899,47.68753],[-122.31639,47.68776]]]}},{"type":"Feature","properties":{"i":1064},"geometry":{"type":"Polygon","coordinates":[[[-122.28313,47.60599],[-122.28193,47.60753],[-122.28333,47.60884],[-122.28592,47.60861],[-122.28712,47.60707],[-122.28572,47.60576],[-122.28313,47.60599]]]}},{"type":"Feature","properties":{"i":1065},"geometry":{"type":"Polygon","coordinates":[[[-122.38512,47.66449],[-122.38393,47.66603],[-122.38533,47.66734],[-122.38792,47.66711],[-122.38911,47.66557],[-122.38771,47.66426],[-122.38512,47.66449]]]}},{"type":"Feature","properties":{"i":1066},"geometry":{"type":"Polygon","coordinates":[[[-122.28455,47.51675],[-122.28336,47.51829],[-122.28476,47.51961],[-122.28735,47.51938],[-122.28854,47.51784],[-122.28714,47.51653],[-122.28455,47.51675]]]}},{"type":"Feature","properties":{"i":1067},"geometry":{"type":"Polygon","coordinates":[[[-122.3145,47.55295],[-122.3133,47.55449],[-122.3147,47.5558],[-122.31729,47.55558],[-122.31848,47.55404],[-122.31708,47.55272],[-122.3145,47.55295]]]}},{"type":"Feature","properties":{"i":1068},"geometry":{"type":"Polygon","coordinates":[[[-122.25289,47.51089],[-122.25169,47.51243],[-122.25309,47.51375],[-122.25568,47.51352],[-122.25687,47.51198],[-122.25547,47.51066],[-122.25289,47.51089]]]}},{"type":"Feature","properties":{"i":1069},"geometry":{"type":"Polygon","coordinates":[[[-122.28282,47.5471],[-122.28163,47.54864],[-122.28302,47.54996],[-122.28561,47.54973],[-122.2868,47.54819],[-122.28541,47.54687],[-122.28282,47.5471]]]}},{"type":"Feature","properties":{"i":1070},"geometry":{"type":"Polygon","coordinates":[[[-122.30767,47.62107],[-122.30648,47.62261],[-122.30788,47.62392],[-122.31047,47.6237],[-122.31166,47.62216],[-122.31026,47.62084],[-122.30767,47.62107]]]}},{"type":"Feature","properties":{"i":1071},"geometry":{"type":"Polygon","coordinates":[[[-122.32561,47.70703],[-122.32442,47.70857],[-122.32582,47.70988],[-122.32841,47.70965],[-122.32961,47.70811],[-122.32821,47.7068],[-122.32561,47.70703]]]}},{"type":"Feature","properties":{"i":1072},"geometry":{"type":"Polygon","coordinates":[[[-122.41537,47.65033],[-122.41418,47.65187],[-122.41558,47.65318],[-122.41817,47.65295],[-122.41936,47.65141],[-122.41796,47.6501],[-122.41537,47.65033]]]}},{"type":"Feature","properties":{"i":1073},"geometry":{"type":"Polygon","coordinates":[[[-122.29931,47.72225],[-122.29812,47.72379],[-122.29952,47.7251],[-122.30211,47.72487],[-122.3033,47.72333],[-122.3019,47.72202],[-122.29931,47.72225]]]}},{"type":"Feature","properties":{"i":1074},"geometry":{"type":"Polygon","coordinates":[[[-122.27424,47.53635],[-122.27304,47.53789],[-122.27444,47.53921],[-122.27703,47.53898],[-122.27822,47.53744],[-122.27682,47.53612],[-122.27424,47.53635]]]}},{"type":"Feature","properties":{"i":1075},"geometry":{"type":"Polygon","coordinates":[[[-122.39102,47.63813],[-122.38983,47.63967],[-122.39123,47.64098],[-122.39382,47.64075],[-122.39501,47.63921],[-122.39361,47.6379],[-122.39102,47.63813]]]}},{"type":"Feature","properties":{"i":1076},"geometry":{"type":"Polygon","coordinates":[[[-122.34901,47.65189],[-122.34781,47.65343],[-122.34921,47.65474],[-122.3518,47.65451],[-122.353,47.65297],[-122.3516,47.65166],[-122.34901,47.65189]]]}},{"type":"Feature","properties":{"i":1077},"geometry":{"type":"Polygon","coordinates":[[[-122.26402,47.50272],[-122.26283,47.50427],[-122.26423,47.50558],[-122.26681,47.50536],[-122.26801,47.50381],[-122.26661,47.5025],[-122.26402,47.50272]]]}},{"type":"Feature","properties":{"i":1078},"geometry":{"type":"Polygon","coordinates":[[[-122.32391,47.57512],[-122.32272,47.57666],[-122.32411,47.57797],[-122.3267,47.57774],[-122.32789,47.5762],[-122.3265,47.57489],[-122.32391,47.57512]]]}},{"type":"Feature","properties":{"i":1079},"geometry":{"type":"Polygon","coordinates":[[[-122.31384,47.70663],[-122.31265,47.70817],[-122.31405,47.70948],[-122.31664,47.70925],[-122.31783,47.70771],[-122.31644,47.7064],[-122.31384,47.70663]]]}},{"type":"Feature","properties":{"i":1080},"geometry":{"type":"Polygon","coordinates":[[[-122.39015,47.67982],[-122.38896,47.68136],[-122.39036,47.68267],[-122.39295,47.68244],[-122.39414,47.6809],[-122.39274,47.67959],[-122.39015,47.67982]]]}},{"type":"Feature","properties":{"i":1081},"geometry":{"type":"Polygon","coordinates":[[[-122.3173,47.64607],[-122.3161,47.64761],[-122.3175,47.64892],[-122.32009,47.64869],[-122.32129,47.64715],[-122.31989,47.64584],[-122.3173,47.64607]]]}},{"type":"Feature","properties":{"i":1082},"geometry":{"type":"Polygon","coordinates":[[[-122.28211,47.70081],[-122.28091,47.70235],[-122.28231,47.70366],[-122.28491,47.70343],[-122.2861,47.70189],[-122.2847,47.70058],[-122.28211,47.70081]]]}},{"type":"Feature","properties":{"i":1083},"geometry":{"type":"Polygon","coordinates":[[[-122.30907,47.53186],[-122.30788,47.5334],[-122.30928,47.53472],[-122.31187,47.53449],[-122.31306,47.53295],[-122.31166,47.53163],[-122.30907,47.53186]]]}},{"type":"Feature","properties":{"i":1084},"geometry":{"type":"Polygon","coordinates":[[[-122.3744,47.67835],[-122.37321,47.67989],[-122.37461,47.6812],[-122.3772,47.68097],[-122.37839,47.67943],[-122.37699,47.67812],[-122.3744,47.67835]]]}},{"type":"Feature","properties":{"i":1085},"geometry":{"type":"Polygon","coordinates":[[[-122.27187,47.66727],[-122.27068,47.66881],[-122.27208,47.67012],[-122.27467,47.6699],[-122.27586,47.66836],[-122.27447,47.66704],[-122.27187,47.66727]]]}},{"type":"Feature","properties":{"i":1086},"geometry":{"type":"Polygon","coordinates":[[[-122.37527,47.63665],[-122.37408,47.63819],[-122.37548,47.63951],[-122.37807,47.63928],[-122.37926,47.63774],[-122.37786,47.63642],[-122.37527,47.63665]]]}},{"type":"Feature","properties":{"i":1087},"geometry":{"type":"Polygon","coordinates":[[[-122.34014,47.69141],[-122.33894,47.69295],[-122.34034,47.69426],[-122.34294,47.69403],[-122.34413,47.69249],[-122.34273,47.69118],[-122.34014,47.69141]]]}},{"type":"Feature","properties":{"i":1088},"geometry":{"type":"Polygon","coordinates":[[[-122.30817,47.57362],[-122.30698,47.57516],[-122.30837,47.57648],[-122.31096,47.57625],[-122.31215,47.57471],[-122.31076,47.5734],[-122.30817,47.57362]]]}},{"type":"Feature","properties":{"i":1089},"geometry":{"type":"Polygon","coordinates":[[[-122.30245,47.60286],[-122.30126,47.6044],[-122.30266,47.60571],[-122.30525,47.60549],[-122.30644,47.60394],[-122.30504,47.60263],[-122.30245,47.60286]]]}},{"type":"Feature","properties":{"i":1090},"geometry":{"type":"Polygon","coordinates":[[[-122.28384,47.56138],[-122.28265,47.56293],[-122.28405,47.56424],[-122.28663,47.56401],[-122.28783,47.56247],[-122.28643,47.56116],[-122.28384,47.56138]]]}},{"type":"Feature","properties":{"i":1091},"geometry":{"type":"Polygon","coordinates":[[[-122.28784,47.67161],[-122.28664,47.67315],[-122.28804,47.67447],[-122.29063,47.67424],[-122.29183,47.6727],[-122.29043,47.67139],[-122.28784,47.67161]]]}},{"type":"Feature","properties":{"i":1092},"geometry":{"type":"Polygon","coordinates":[[[-122.37843,47.62632],[-122.37724,47.62787],[-122.37864,47.62918],[-122.38123,47.62895],[-122.38242,47.62741],[-122.38102,47.6261],[-122.37843,47.62632]]]}},{"type":"Feature","properties":{"i":1093},"geometry":{"type":"Polygon","coordinates":[[[-122.40066,47.66311],[-122.39947,47.66465],[-122.40087,47.66596],[-122.40346,47.66573],[-122.40465,47.66419],[-122.40325,47.66288],[-122.40066,47.66311]]]}},{"type":"Feature","properties":{"i":1094},"geometry":{"type":"Polygon","coordinates":[[[-122.36554,47.71785],[-122.36435,47.71939],[-122.36575,47.7207],[-122.36834,47.72047],[-122.36953,47.71893],[-122.36813,47.71762],[-122.36554,47.71785]]]}},{"type":"Feature","properties":{"i":1095},"geometry":{"type":"Polygon","coordinates":[[[-122.33353,47.60013],[-122.33234,47.60167],[-122.33373,47.60298],[-122.33632,47.60275],[-122.33752,47.60121],[-122.33612,47.5999],[-122.33353,47.60013]]]}},{"type":"Feature","properties":{"i":1096},"geometry":{"type":"Polygon","coordinates":[[[-122.27208,47.67012],[-122.27088,47.67166],[-122.27228,47.67298],[-122.27487,47.67275],[-122.27607,47.67121],[-122.27467,47.6699],[-122.27208,47.67012]]]}},{"type":"Feature","properties":{"i":1097},"geometry":{"type":"Polygon","coordinates":[[[-122.29079,47.54928],[-122.2896,47.55082],[-122.29099,47.55213],[-122.29358,47.55191],[-122.29477,47.55036],[-122.29338,47.54905],[-122.29079,47.54928]]]}},{"type":"Feature","properties":{"i":1098},"geometry":{"type":"Polygon","coordinates":[[[-122.29673,47.63208],[-122.29554,47.63362],[-122.29694,47.63493],[-122.29953,47.63471],[-122.30072,47.63317],[-122.29932,47.63185],[-122.29673,47.63208]]]}},{"type":"Feature","properties":{"i":1099},"geometry":{"type":"Polygon","coordinates":[[[-122.3336,47.7092],[-122.33241,47.71074],[-122.33381,47.71205],[-122.3364,47.71182],[-122.33759,47.71028],[-122.33619,47.70897],[-122.3336,47.7092]]]}},{"type":"Feature","properties":{"i":1100},"geometry":{"type":"Polygon","coordinates":[[[-122.32273,47.66712],[-122.32153,47.66866],[-122.32293,47.66997],[-122.32553,47.66974],[-122.32672,47.6682],[-122.32532,47.66689],[-122.32273,47.66712]]]}},{"type":"Feature","properties":{"i":1101},"geometry":{"type":"Polygon","coordinates":[[[-122.29682,47.57893],[-122.29563,47.58047],[-122.29703,47.58178],[-122.29962,47.58156],[-122.30081,47.58002],[-122.29941,47.5787],[-122.29682,47.57893]]]}},{"type":"Feature","properties":{"i":1102},"geometry":{"type":"Polygon","coordinates":[[[-122.35823,47.67117],[-122.35704,47.67271],[-122.35844,47.67402],[-122.36103,47.67379],[-122.36222,47.67225],[-122.36082,47.67094],[-122.35823,47.67117]]]}},{"type":"Feature","properties":{"i":1103},"geometry":{"type":"Polygon","coordinates":[[[-122.4162,47.66173],[-122.41501,47.66327],[-122.41641,47.66458],[-122.419,47.66435],[-122.42019,47.66281],[-122.41879,47.6615],[-122.4162,47.66173]]]}},{"type":"Feature","properties":{"i":1104},"geometry":{"type":"Polygon","coordinates":[[[-122.33016,47.60761],[-122.32897,47.60915],[-122.33037,47.61046],[-122.33296,47.61023],[-122.33415,47.60869],[-122.33275,47.60738],[-122.33016,47.60761]]]}},{"type":"Feature","properties":{"i":1105},"geometry":{"type":"Polygon","coordinates":[[[-122.35989,47.69397],[-122.35869,47.69551],[-122.36009,47.69682],[-122.36269,47.69659],[-122.36388,47.69505],[-122.36248,47.69374],[-122.35989,47.69397]]]}},{"type":"Feature","properties":{"i":1106},"geometry":{"type":"Polygon","coordinates":[[[-122.32665,47.72128],[-122.32545,47.72282],[-122.32685,47.72413],[-122.32944,47.7239],[-122.33064,47.72236],[-122.32924,47.72105],[-122.32665,47.72128]]]}},{"type":"Feature","properties":{"i":1107},"geometry":{"type":"Polygon","coordinates":[[[-122.27045,47.53812],[-122.26926,47.53966],[-122.27066,47.54097],[-122.27325,47.54075],[-122.27444,47.53921],[-122.27304,47.53789],[-122.27045,47.53812]]]}},{"type":"Feature","properties":{"i":1108},"geometry":{"type":"Polygon","coordinates":[[[-122.32103,47.53512],[-122.31983,47.53667],[-122.32123,47.53798],[-122.32382,47.53775],[-122.32501,47.53621],[-122.32361,47.5349],[-122.32103,47.53512]]]}},{"type":"Feature","properties":{"i":1109},"geometry":{"type":"Polygon","coordinates":[[[-122.39813,47.68198],[-122.39694,47.68352],[-122.39834,47.68483],[-122.40093,47.6846],[-122.40212,47.68306],[-122.40072,47.68175],[-122.39813,47.68198]]]}},{"type":"Feature","properties":{"i":1110},"geometry":{"type":"Polygon","coordinates":[[[-122.30492,47.63711],[-122.30372,47.63865],[-122.30512,47.63996],[-122.30771,47.63973],[-122.30891,47.63819],[-122.30751,47.63688],[-122.30492,47.63711]]]}},{"type":"Feature","properties":{"i":1111},"geometry":{"type":"Polygon","coordinates":[[[-122.24033,47.49904],[-122.23913,47.50058],[-122.24053,47.50189],[-122.24312,47.50167],[-122.24431,47.50013],[-122.24291,47.49881],[-122.24033,47.49904]]]}},{"type":"Feature","properties":{"i":1112},"geometry":{"type":"Polygon","coordinates":[[[-122.36642,47.67618],[-122.36522,47.67772],[-122.36662,47.67903],[-122.36922,47.6788],[-122.37041,47.67726],[-122.36901,47.67595],[-122.36642,47.67618]]]}},{"type":"Feature","properties":{"i":1113},"geometry":{"type":"Polygon","coordinates":[[[-122.27126,47.65871],[-122.27007,47.66025],[-122.27146,47.66157],[-122.27406,47.66134],[-122.27525,47.6598],[-122.27385,47.65849],[-122.27126,47.65871]]]}},{"type":"Feature","properties":{"i":1114},"geometry":{"type":"Polygon","coordinates":[[[-122.37149,47.63842],[-122.3703,47.63996],[-122.3717,47.64127],[-122.37429,47.64105],[-122.37548,47.63951],[-122.37408,47.63819],[-122.37149,47.63842]]]}},{"type":"Feature","properties":{"i":1115},"geometry":{"type":"Polygon","coordinates":[[[-122.33635,47.69318],[-122.33516,47.69472],[-122.33656,47.69603],[-122.33915,47.6958],[-122.34034,47.69426],[-122.33894,47.69295],[-122.33635,47.69318]]]}},{"type":"Feature","properties":{"i":1116},"geometry":{"type":"Polygon","coordinates":[[[-122.2958,47.56465],[-122.29461,47.56619],[-122.296,47.5675],[-122.29859,47.56728],[-122.29978,47.56574],[-122.29839,47.56442],[-122.2958,47.56465]]]}},{"type":"Feature","properties":{"i":1117},"geometry":{"type":"Polygon","coordinates":[[[-122.33979,47.6326],[-122.3386,47.63415],[-122.33999,47.63546],[-122.34258,47.63523],[-122.34378,47.63369],[-122.34238,47.63238],[-122.33979,47.6326]]]}},{"type":"Feature","properties":{"i":1118},"geometry":{"type":"Polygon","coordinates":[[[-122.30462,47.68736],[-122.30343,47.6889],[-122.30483,47.69021],[-122.30742,47.68998],[-122.30862,47.68844],[-122.30722,47.68713],[-122.30462,47.68736]]]}},{"type":"Feature","properties":{"i":1119},"geometry":{"type":"Polygon","coordinates":[[[-122.28006,47.56315],[-122.27887,47.56469],[-122.28026,47.56601],[-122.28285,47.56578],[-122.28405,47.56424],[-122.28265,47.56293],[-122.28006,47.56315]]]}},{"type":"Feature","properties":{"i":1120},"geometry":{"type":"Polygon","coordinates":[[[-122.33291,47.59156],[-122.33172,47.59311],[-122.33312,47.59442],[-122.33571,47.59419],[-122.3369,47.59265],[-122.3355,47.59134],[-122.33291,47.59156]]]}},{"type":"Feature","properties":{"i":1121},"geometry":{"type":"Polygon","coordinates":[[[-122.33064,47.56015],[-122.32945,47.5617],[-122.33085,47.56301],[-122.33344,47.56278],[-122.33463,47.56124],[-122.33323,47.55993],[-122.33064,47.56015]]]}},{"type":"Feature","properties":{"i":1122},"geometry":{"type":"Polygon","coordinates":[[[-122.2485,47.50408],[-122.2473,47.50562],[-122.2487,47.50694],[-122.25129,47.50671],[-122.25248,47.50517],[-122.25108,47.50385],[-122.2485,47.50408]]]}},{"type":"Feature","properties":{"i":1123},"geometry":{"type":"Polygon","coordinates":[[[-122.30632,47.54792],[-122.30513,47.54946],[-122.30652,47.55077],[-122.30911,47.55055],[-122.3103,47.549],[-122.30891,47.54769],[-122.30632,47.54792]]]}},{"type":"Feature","properties":{"i":1124},"geometry":{"type":"Polygon","coordinates":[[[-122.30471,47.63425],[-122.30352,47.63579],[-122.30492,47.63711],[-122.30751,47.63688],[-122.3087,47.63534],[-122.3073,47.63402],[-122.30471,47.63425]]]}},{"type":"Feature","properties":{"i":1125},"geometry":{"type":"Polygon","coordinates":[[[-122.34915,47.70783],[-122.34796,47.70937],[-122.34936,47.71068],[-122.35195,47.71045],[-122.35315,47.70891],[-122.35175,47.7076],[-122.34915,47.70783]]]}},{"type":"Feature","properties":{"i":1126},"geometry":{"type":"Polygon","coordinates":[[[-122.33071,47.66929],[-122.32952,47.67083],[-122.33091,47.67214],[-122.33351,47.67191],[-122.3347,47.67037],[-122.3333,47.66906],[-122.33071,47.66929]]]}},{"type":"Feature","properties":{"i":1127},"geometry":{"type":"Polygon","coordinates":[[[-122.29304,47.5807],[-122.29185,47.58224],[-122.29325,47.58355],[-122.29584,47.58333],[-122.29703,47.58178],[-122.29563,47.58047],[-122.29304,47.5807]]]}},{"type":"Feature","properties":{"i":1128},"geometry":{"type":"Polygon","coordinates":[[[-122.34584,47.66221],[-122.34465,47.66375],[-122.34605,47.66506],[-122.34864,47.66484],[-122.34983,47.6633],[-122.34843,47.66198],[-122.34584,47.66221]]]}},{"type":"Feature","properties":{"i":1129},"geometry":{"type":"Polygon","coordinates":[[[-122.35533,47.63124],[-122.35414,47.63278],[-122.35554,47.63409],[-122.35813,47.63386],[-122.35932,47.63232],[-122.35792,47.63101],[-122.35533,47.63124]]]}},{"type":"Feature","properties":{"i":1130},"geometry":{"type":"Polygon","coordinates":[[[-122.29899,47.66346],[-122.2978,47.665],[-122.29919,47.66631],[-122.30179,47.66609],[-122.30298,47.66455],[-122.30158,47.66323],[-122.29899,47.66346]]]}},{"type":"Feature","properties":{"i":1131},"geometry":{"type":"Polygon","coordinates":[[[-122.41242,47.6635],[-122.41123,47.66504],[-122.41263,47.66635],[-122.41522,47.66612],[-122.41641,47.66458],[-122.41501,47.66327],[-122.41242,47.6635]]]}},{"type":"Feature","properties":{"i":1132},"geometry":{"type":"Polygon","coordinates":[[[-122.33098,47.61902],[-122.32979,47.62056],[-122.33119,47.62188],[-122.33378,47.62165],[-122.33497,47.62011],[-122.33357,47.61879],[-122.33098,47.61902]]]}},{"type":"Feature","properties":{"i":1133},"geometry":{"type":"Polygon","coordinates":[[[-122.3561,47.69574],[-122.35491,47.69728],[-122.35631,47.69859],[-122.3589,47.69836],[-122.36009,47.69682],[-122.35869,47.69551],[-122.3561,47.69574]]]}},{"type":"Feature","properties":{"i":1134},"geometry":{"type":"Polygon","coordinates":[[[-122.31552,47.56723],[-122.31433,47.56877],[-122.31573,47.57009],[-122.31832,47.56986],[-122.31951,47.56832],[-122.31811,47.567],[-122.31552,47.56723]]]}},{"type":"Feature","properties":{"i":1135},"geometry":{"type":"Polygon","coordinates":[[[-122.30545,47.69876],[-122.30425,47.7003],[-122.30565,47.70161],[-122.30824,47.70139],[-122.30944,47.69985],[-122.30804,47.69854],[-122.30545,47.69876]]]}},{"type":"Feature","properties":{"i":1136},"geometry":{"type":"Polygon","coordinates":[[[-122.32286,47.72305],[-122.32166,47.72459],[-122.32306,47.7259],[-122.32566,47.72567],[-122.32685,47.72413],[-122.32545,47.72282],[-122.32286,47.72305]]]}},{"type":"Feature","properties":{"i":1137},"geometry":{"type":"Polygon","coordinates":[[[-122.26051,47.67257],[-122.25932,47.67411],[-122.26072,47.67542],[-122.26331,47.6752],[-122.2645,47.67366],[-122.2631,47.67234],[-122.26051,47.67257]]]}},{"type":"Feature","properties":{"i":1138},"geometry":{"type":"Polygon","coordinates":[[[-122.25228,47.50231],[-122.25108,47.50385],[-122.25248,47.50517],[-122.25507,47.50494],[-122.25626,47.5034],[-122.25486,47.50208],[-122.25228,47.50231]]]}},{"type":"Feature","properties":{"i":1139},"geometry":{"type":"Polygon","coordinates":[[[-122.29112,47.71723],[-122.28992,47.71877],[-122.29132,47.72008],[-122.29392,47.71985],[-122.29511,47.71831],[-122.29371,47.717],[-122.29112,47.71723]]]}},{"type":"Feature","properties":{"i":1140},"geometry":{"type":"Polygon","coordinates":[[[-122.3872,47.69299],[-122.38601,47.69453],[-122.38741,47.69584],[-122.39,47.69561],[-122.39119,47.69407],[-122.38979,47.69276],[-122.3872,47.69299]]]}},{"type":"Feature","properties":{"i":1141},"geometry":{"type":"Polygon","coordinates":[[[-122.31289,47.63928],[-122.3117,47.64082],[-122.3131,47.64213],[-122.31569,47.6419],[-122.31688,47.64036],[-122.31549,47.63905],[-122.31289,47.63928]]]}},{"type":"Feature","properties":{"i":1142},"geometry":{"type":"Polygon","coordinates":[[[-122.33084,47.72521],[-122.32965,47.72675],[-122.33105,47.72806],[-122.33364,47.72783],[-122.33484,47.72629],[-122.33344,47.72498],[-122.33084,47.72521]]]}},{"type":"Feature","properties":{"i":1143},"geometry":{"type":"Polygon","coordinates":[[[-122.35548,47.68719],[-122.35429,47.68873],[-122.35569,47.69004],[-122.35828,47.68981],[-122.35947,47.68827],[-122.35807,47.68696],[-122.35548,47.68719]]]}},{"type":"Feature","properties":{"i":1144},"geometry":{"type":"Polygon","coordinates":[[[-122.26747,47.66048],[-122.26628,47.66202],[-122.26768,47.66333],[-122.27027,47.66311],[-122.27146,47.66157],[-122.27007,47.66025],[-122.26747,47.66048]]]}},{"type":"Feature","properties":{"i":1145},"geometry":{"type":"Polygon","coordinates":[[[-122.36351,47.63626],[-122.36232,47.6378],[-122.36372,47.63911],[-122.36631,47.63888],[-122.3675,47.63734],[-122.3661,47.63603],[-122.36351,47.63626]]]}},{"type":"Feature","properties":{"i":1146},"geometry":{"type":"Polygon","coordinates":[[[-122.30377,47.56682],[-122.30258,47.56837],[-122.30398,47.56968],[-122.30656,47.56945],[-122.30776,47.56791],[-122.30636,47.5666],[-122.30377,47.56682]]]}},{"type":"Feature","properties":{"i":1147},"geometry":{"type":"Polygon","coordinates":[[[-122.33917,47.62405],[-122.33798,47.62559],[-122.33937,47.6269],[-122.34196,47.62667],[-122.34316,47.62513],[-122.34176,47.62382],[-122.33917,47.62405]]]}},{"type":"Feature","properties":{"i":1148},"geometry":{"type":"Polygon","coordinates":[[[-122.27209,47.56097],[-122.27089,47.56252],[-122.27229,47.56383],[-122.27488,47.5636],[-122.27607,47.56206],[-122.27468,47.56075],[-122.27209,47.56097]]]}},{"type":"Feature","properties":{"i":1149},"geometry":{"type":"Polygon","coordinates":[[[-122.26187,47.52736],[-122.26068,47.5289],[-122.26208,47.53022],[-122.26467,47.52999],[-122.26586,47.52845],[-122.26446,47.52714],[-122.26187,47.52736]]]}},{"type":"Feature","properties":{"i":1150},"geometry":{"type":"Polygon","coordinates":[[[-122.32913,47.59333],[-122.32794,47.59487],[-122.32934,47.59619],[-122.33192,47.59596],[-122.33312,47.59442],[-122.33172,47.59311],[-122.32913,47.59333]]]}},{"type":"Feature","properties":{"i":1151},"geometry":{"type":"Polygon","coordinates":[[[-122.38994,47.67697],[-122.38875,47.67851],[-122.39015,47.67982],[-122.39274,47.67959],[-122.39393,47.67805],[-122.39253,47.67674],[-122.38994,47.67697]]]}},{"type":"Feature","properties":{"i":1152},"geometry":{"type":"Polygon","coordinates":[[[-122.33002,47.55158],[-122.32883,47.55313],[-122.33023,47.55444],[-122.33282,47.55421],[-122.33401,47.55267],[-122.33261,47.55136],[-122.33002,47.55158]]]}},{"type":"Feature","properties":{"i":1153},"geometry":{"type":"Polygon","coordinates":[[[-122.28825,47.67732],[-122.28705,47.67886],[-122.28845,47.68017],[-122.29104,47.67994],[-122.29224,47.6784],[-122.29084,47.67709],[-122.28825,47.67732]]]}},{"type":"Feature","properties":{"i":1154},"geometry":{"type":"Polygon","coordinates":[[[-122.29233,47.62529],[-122.29114,47.62683],[-122.29254,47.62814],[-122.29513,47.62791],[-122.29632,47.62637],[-122.29492,47.62506],[-122.29233,47.62529]]]}},{"type":"Feature","properties":{"i":1155},"geometry":{"type":"Polygon","coordinates":[[[-122.34626,47.66792],[-122.34506,47.66946],[-122.34646,47.67077],[-122.34906,47.67054],[-122.35025,47.669],[-122.34885,47.66769],[-122.34626,47.66792]]]}},{"type":"Feature","properties":{"i":1156},"geometry":{"type":"Polygon","coordinates":[[[-122.31298,47.58613],[-122.31178,47.58767],[-122.31318,47.58899],[-122.31577,47.58876],[-122.31696,47.58722],[-122.31557,47.58591],[-122.31298,47.58613]]]}},{"type":"Feature","properties":{"i":1157},"geometry":{"type":"Polygon","coordinates":[[[-122.35382,47.66438],[-122.35263,47.66592],[-122.35403,47.66723],[-122.35662,47.667],[-122.35781,47.66546],[-122.35641,47.66415],[-122.35382,47.66438]]]}},{"type":"Feature","properties":{"i":1158},"geometry":{"type":"Polygon","coordinates":[[[-122.27781,47.64092],[-122.27662,47.64246],[-122.27801,47.64377],[-122.28061,47.64354],[-122.2818,47.642],[-122.2804,47.64069],[-122.27781,47.64092]]]}},{"type":"Feature","properties":{"i":1159},"geometry":{"type":"Polygon","coordinates":[[[-122.34295,47.62228],[-122.34176,47.62382],[-122.34316,47.62513],[-122.34575,47.6249],[-122.34694,47.62336],[-122.34554,47.62205],[-122.34295,47.62228]]]}},{"type":"Feature","properties":{"i":1160},"geometry":{"type":"Polygon","coordinates":[[[-122.31454,47.6621],[-122.31335,47.66364],[-122.31475,47.66495],[-122.31734,47.66472],[-122.31853,47.66318],[-122.31713,47.66187],[-122.31454,47.6621]]]}},{"type":"Feature","properties":{"i":1161},"geometry":{"type":"Polygon","coordinates":[[[-122.26208,47.53022],[-122.26088,47.53176],[-122.26228,47.53308],[-122.26487,47.53285],[-122.26606,47.53131],[-122.26467,47.52999],[-122.26208,47.53022]]]}},{"type":"Feature","properties":{"i":1162},"geometry":{"type":"Polygon","coordinates":[[[-122.28865,47.5739],[-122.28745,47.57544],[-122.28885,47.57675],[-122.29144,47.57653],[-122.29263,47.57499],[-122.29123,47.57367],[-122.28865,47.5739]]]}},{"type":"Feature","properties":{"i":1163},"geometry":{"type":"Polygon","coordinates":[[[-122.40444,47.66134],[-122.40325,47.66288],[-122.40465,47.66419],[-122.40724,47.66396],[-122.40843,47.66242],[-122.40703,47.66111],[-122.40444,47.66134]]]}},{"type":"Feature","properties":{"i":1164},"geometry":{"type":"Polygon","coordinates":[[[-122.3272,47.62079],[-122.32601,47.62233],[-122.32741,47.62364],[-122.33,47.62342],[-122.33119,47.62188],[-122.32979,47.62056],[-122.3272,47.62079]]]}},{"type":"Feature","properties":{"i":1165},"geometry":{"type":"Polygon","coordinates":[[[-122.37606,47.70115],[-122.37487,47.70269],[-122.37627,47.704],[-122.37886,47.70377],[-122.38005,47.70223],[-122.37865,47.70092],[-122.37606,47.70115]]]}},{"type":"Feature","properties":{"i":1166},"geometry":{"type":"Polygon","coordinates":[[[-122.32349,47.5694],[-122.3223,47.57095],[-122.3237,47.57226],[-122.32629,47.57203],[-122.32748,47.57049],[-122.32608,47.56918],[-122.32349,47.5694]]]}},{"type":"Feature","properties":{"i":1167},"geometry":{"type":"Polygon","coordinates":[[[-122.30166,47.70053],[-122.30047,47.70207],[-122.30186,47.70338],[-122.30446,47.70315],[-122.30565,47.70161],[-122.30425,47.7003],[-122.30166,47.70053]]]}},{"type":"Feature","properties":{"i":1168},"geometry":{"type":"Polygon","coordinates":[[[-122.31487,47.72088],[-122.31368,47.72242],[-122.31508,47.72373],[-122.31767,47.7235],[-122.31887,47.72196],[-122.31747,47.72065],[-122.31487,47.72088]]]}},{"type":"Feature","properties":{"i":1169},"geometry":{"type":"Polygon","coordinates":[[[-122.38009,47.64914],[-122.3789,47.65069],[-122.3803,47.652],[-122.38289,47.65177],[-122.38408,47.65023],[-122.38268,47.64892],[-122.38009,47.64914]]]}},{"type":"Feature","properties":{"i":1170},"geometry":{"type":"Polygon","coordinates":[[[-122.32631,47.6625],[-122.32511,47.66404],[-122.32651,47.66535],[-122.3291,47.66512],[-122.3303,47.66358],[-122.3289,47.66227],[-122.32631,47.6625]]]}},{"type":"Feature","properties":{"i":1171},"geometry":{"type":"Polygon","coordinates":[[[-122.25195,47.55267],[-122.25076,47.55421],[-122.25216,47.55553],[-122.25475,47.5553],[-122.25594,47.55376],[-122.25454,47.55244],[-122.25195,47.55267]]]}},{"type":"Feature","properties":{"i":1172},"geometry":{"type":"Polygon","coordinates":[[[-122.2905,47.70868],[-122.28931,47.71022],[-122.29071,47.71153],[-122.2933,47.7113],[-122.2945,47.70976],[-122.2931,47.70845],[-122.2905,47.70868]]]}},{"type":"Feature","properties":{"i":1173},"geometry":{"type":"Polygon","coordinates":[[[-122.30195,47.65028],[-122.30076,47.65182],[-122.30216,47.65314],[-122.30475,47.65291],[-122.30594,47.65137],[-122.30454,47.65006],[-122.30195,47.65028]]]}},{"type":"Feature","properties":{"i":1174},"geometry":{"type":"Polygon","coordinates":[[[-122.32796,47.68531],[-122.32676,47.68685],[-122.32816,47.68816],[-122.33075,47.68793],[-122.33195,47.68639],[-122.33055,47.68508],[-122.32796,47.68531]]]}},{"type":"Feature","properties":{"i":1175},"geometry":{"type":"Polygon","coordinates":[[[-122.29468,47.60354],[-122.29349,47.60508],[-122.29489,47.60639],[-122.29748,47.60617],[-122.29867,47.60463],[-122.29727,47.60331],[-122.29468,47.60354]]]}},{"type":"Feature","properties":{"i":1176},"geometry":{"type":"Polygon","coordinates":[[[-122.36346,47.68935],[-122.36227,47.69089],[-122.36367,47.6922],[-122.36626,47.69197],[-122.36745,47.69044],[-122.36605,47.68912],[-122.36346,47.68935]]]}},{"type":"Feature","properties":{"i":1177},"geometry":{"type":"Polygon","coordinates":[[[-122.28743,47.66591],[-122.28623,47.66745],[-122.28763,47.66876],[-122.29022,47.66854],[-122.29142,47.667],[-122.29002,47.66568],[-122.28743,47.66591]]]}},{"type":"Feature","properties":{"i":1178},"geometry":{"type":"Polygon","coordinates":[[[-122.35258,47.64727],[-122.35139,47.64881],[-122.35279,47.65012],[-122.35538,47.64989],[-122.35657,47.64835],[-122.35517,47.64704],[-122.35258,47.64727]]]}},{"type":"Feature","properties":{"i":1179},"geometry":{"type":"Polygon","coordinates":[[[-122.29623,47.67949],[-122.29504,47.68103],[-122.29644,47.68234],[-122.29903,47.68211],[-122.30022,47.68057],[-122.29882,47.67926],[-122.29623,47.67949]]]}},{"type":"Feature","properties":{"i":1180},"geometry":{"type":"Polygon","coordinates":[[[-122.33539,47.62581],[-122.33419,47.62735],[-122.33559,47.62867],[-122.33818,47.62844],[-122.33937,47.6269],[-122.33798,47.62559],[-122.33539,47.62581]]]}},{"type":"Feature","properties":{"i":1181},"geometry":{"type":"Polygon","coordinates":[[[-122.35776,47.71854],[-122.35657,47.72008],[-122.35797,47.72139],[-122.36056,47.72116],[-122.36175,47.71962],[-122.36035,47.71831],[-122.35776,47.71854]]]}},{"type":"Feature","properties":{"i":1182},"geometry":{"type":"Polygon","coordinates":[[[-122.38974,47.67412],[-122.38854,47.67566],[-122.38994,47.67697],[-122.39253,47.67674],[-122.39373,47.6752],[-122.39233,47.67389],[-122.38974,47.67412]]]}},{"type":"Feature","properties":{"i":1183},"geometry":{"type":"Polygon","coordinates":[[[-122.32473,47.58654],[-122.32354,47.58808],[-122.32494,47.58939],[-122.32753,47.58916],[-122.32872,47.58762],[-122.32732,47.58631],[-122.32473,47.58654]]]}},{"type":"Feature","properties":{"i":1184},"geometry":{"type":"Polygon","coordinates":[[[-122.26126,47.51879],[-122.26007,47.52033],[-122.26147,47.52165],[-122.26405,47.52142],[-122.26525,47.51988],[-122.26385,47.51856],[-122.26126,47.51879]]]}},{"type":"Feature","properties":{"i":1185},"geometry":{"type":"Polygon","coordinates":[[[-122.32625,47.55335],[-122.32505,47.5549],[-122.32645,47.55621],[-122.32904,47.55598],[-122.33023,47.55444],[-122.32883,47.55313],[-122.32625,47.55335]]]}},{"type":"Feature","properties":{"i":1186},"geometry":{"type":"Polygon","coordinates":[[[-122.28763,47.66876],[-122.28644,47.6703],[-122.28784,47.67161],[-122.29043,47.67139],[-122.29162,47.66985],[-122.29022,47.66854],[-122.28763,47.66876]]]}},{"type":"Feature","properties":{"i":1187},"geometry":{"type":"Polygon","coordinates":[[[-122.29457,47.54751],[-122.29338,47.54905],[-122.29477,47.55036],[-122.29736,47.55014],[-122.29855,47.5486],[-122.29716,47.54728],[-122.29457,47.54751]]]}},{"type":"Feature","properties":{"i":1188},"geometry":{"type":"Polygon","coordinates":[[[-122.33738,47.70743],[-122.33619,47.70897],[-122.33759,47.71028],[-122.34018,47.71005],[-122.34138,47.70851],[-122.33998,47.7072],[-122.33738,47.70743]]]}},{"type":"Feature","properties":{"i":1189},"geometry":{"type":"Polygon","coordinates":[[[-122.3006,47.57716],[-122.29941,47.5787],[-122.30081,47.58002],[-122.3034,47.57979],[-122.30459,47.57825],[-122.30319,47.57693],[-122.3006,47.57716]]]}},{"type":"Feature","properties":{"i":1190},"geometry":{"type":"Polygon","coordinates":[[[-122.36937,47.66301],[-122.36818,47.66455],[-122.36958,47.66586],[-122.37217,47.66563],[-122.37336,47.66409],[-122.37196,47.66278],[-122.36937,47.66301]]]}},{"type":"Feature","properties":{"i":1191},"geometry":{"type":"Polygon","coordinates":[[[-122.35093,47.62445],[-122.34973,47.62599],[-122.35113,47.6273],[-122.35372,47.62707],[-122.35491,47.62553],[-122.35352,47.62422],[-122.35093,47.62445]]]}},{"type":"Feature","properties":{"i":1192},"geometry":{"type":"Polygon","coordinates":[[[-122.39539,47.698],[-122.3942,47.69954],[-122.3956,47.70085],[-122.39819,47.70062],[-122.39938,47.69908],[-122.39798,47.69777],[-122.39539,47.698]]]}},{"type":"Feature","properties":{"i":1193},"geometry":{"type":"Polygon","coordinates":[[[-122.32252,47.66427],[-122.32133,47.66581],[-122.32273,47.66712],[-122.32532,47.66689],[-122.32651,47.66535],[-122.32511,47.66404],[-122.32252,47.66427]]]}},{"type":"Feature","properties":{"i":1194},"geometry":{"type":"Polygon","coordinates":[[[-122.28486,47.57567],[-122.28367,47.57721],[-122.28507,47.57852],[-122.28766,47.57829],[-122.28885,47.57675],[-122.28745,47.57544],[-122.28486,47.57567]]]}},{"type":"Feature","properties":{"i":1195},"geometry":{"type":"Polygon","coordinates":[[[-122.41998,47.65996],[-122.41879,47.6615],[-122.42019,47.66281],[-122.42278,47.66258],[-122.42397,47.66104],[-122.42257,47.65973],[-122.41998,47.65996]]]}},{"type":"Feature","properties":{"i":1196},"geometry":{"type":"Polygon","coordinates":[[[-122.31923,47.61862],[-122.31803,47.62016],[-122.31943,47.62147],[-122.32202,47.62125],[-122.32321,47.6197],[-122.32182,47.61839],[-122.31923,47.61862]]]}},{"type":"Feature","properties":{"i":1197},"geometry":{"type":"Polygon","coordinates":[[[-122.36367,47.6922],[-122.36248,47.69374],[-122.36388,47.69505],[-122.36647,47.69482],[-122.36766,47.69329],[-122.36626,47.69197],[-122.36367,47.6922]]]}},{"type":"Feature","properties":{"i":1198},"geometry":{"type":"Polygon","coordinates":[[[-122.33903,47.56804],[-122.33783,47.56958],[-122.33923,47.57089],[-122.34182,47.57067],[-122.34301,47.56912],[-122.34161,47.56781],[-122.33903,47.56804]]]}},{"type":"Feature","properties":{"i":1199},"geometry":{"type":"Polygon","coordinates":[[[-122.32162,47.70595],[-122.32043,47.70749],[-122.32183,47.7088],[-122.32442,47.70857],[-122.32561,47.70703],[-122.32421,47.70572],[-122.32162,47.70595]]]}},{"type":"Feature","properties":{"i":1200},"geometry":{"type":"Polygon","coordinates":[[[-122.30392,47.73188],[-122.30273,47.73342],[-122.30413,47.73473],[-122.30672,47.7345],[-122.30791,47.73296],[-122.30651,47.73165],[-122.30392,47.73188]]]}},{"type":"Feature","properties":{"i":1201},"geometry":{"type":"Polygon","coordinates":[[[-122.28395,47.6174],[-122.28275,47.61895],[-122.28415,47.62026],[-122.28674,47.62003],[-122.28793,47.61849],[-122.28654,47.61718],[-122.28395,47.6174]]]}},{"type":"Feature","properties":{"i":1202},"geometry":{"type":"Polygon","coordinates":[[[-122.37631,47.65091],[-122.37512,47.65245],[-122.37652,47.65377],[-122.37911,47.65354],[-122.3803,47.652],[-122.3789,47.65069],[-122.37631,47.65091]]]}},{"type":"Feature","properties":{"i":1203},"geometry":{"type":"Polygon","coordinates":[[[-122.32569,47.65394],[-122.32449,47.65548],[-122.32589,47.65679],[-122.32848,47.65657],[-122.32968,47.65503],[-122.32828,47.65371],[-122.32569,47.65394]]]}},{"type":"Feature","properties":{"i":1204},"geometry":{"type":"Polygon","coordinates":[[[-122.29726,47.69374],[-122.29606,47.69528],[-122.29746,47.6966],[-122.30005,47.69637],[-122.30125,47.69483],[-122.29985,47.69352],[-122.29726,47.69374]]]}},{"type":"Feature","properties":{"i":1205},"geometry":{"type":"Polygon","coordinates":[[[-122.28671,47.71045],[-122.28552,47.71198],[-122.28692,47.7133],[-122.28951,47.71307],[-122.29071,47.71153],[-122.28931,47.71022],[-122.28671,47.71045]]]}},{"type":"Feature","properties":{"i":1206},"geometry":{"type":"Polygon","coordinates":[[[-122.28895,47.52356],[-122.28775,47.5251],[-122.28915,47.52642],[-122.29174,47.52619],[-122.29293,47.52465],[-122.29153,47.52333],[-122.28895,47.52356]]]}},{"type":"Feature","properties":{"i":1207},"geometry":{"type":"Polygon","coordinates":[[[-122.37544,47.6926],[-122.37425,47.69414],[-122.37564,47.69545],[-122.37824,47.69522],[-122.37943,47.69368],[-122.37803,47.69237],[-122.37544,47.6926]]]}},{"type":"Feature","properties":{"i":1208},"geometry":{"type":"Polygon","coordinates":[[[-122.34702,47.73239],[-122.34583,47.73393],[-122.34723,47.73524],[-122.34983,47.73501],[-122.35102,47.73347],[-122.34962,47.73216],[-122.34702,47.73239]]]}},{"type":"Feature","properties":{"i":1209},"geometry":{"type":"Polygon","coordinates":[[[-122.29539,47.55894],[-122.2942,47.56048],[-122.29559,47.56179],[-122.29818,47.56157],[-122.29937,47.56002],[-122.29798,47.55871],[-122.29539,47.55894]]]}},{"type":"Feature","properties":{"i":1210},"geometry":{"type":"Polygon","coordinates":[[[-122.31022,47.60218],[-122.30903,47.60372],[-122.31043,47.60503],[-122.31302,47.6048],[-122.31421,47.60326],[-122.31281,47.60195],[-122.31022,47.60218]]]}},{"type":"Feature","properties":{"i":1211},"geometry":{"type":"Polygon","coordinates":[[[-122.35108,47.6804],[-122.34988,47.68194],[-122.35128,47.68326],[-122.35387,47.68303],[-122.35507,47.68149],[-122.35367,47.68018],[-122.35108,47.6804]]]}},{"type":"Feature","properties":{"i":1212},"geometry":{"type":"Polygon","coordinates":[[[-122.27505,47.65695],[-122.27385,47.65849],[-122.27525,47.6598],[-122.27784,47.65957],[-122.27904,47.65803],[-122.27764,47.65672],[-122.27505,47.65695]]]}},{"type":"Feature","properties":{"i":1213},"geometry":{"type":"Polygon","coordinates":[[[-122.36056,47.64943],[-122.35937,47.65097],[-122.36077,47.65229],[-122.36336,47.65206],[-122.36455,47.65052],[-122.36315,47.64921],[-122.36056,47.64943]]]}},{"type":"Feature","properties":{"i":1214},"geometry":{"type":"Polygon","coordinates":[[[-122.30421,47.68166],[-122.30302,47.6832],[-122.30442,47.68451],[-122.30701,47.68428],[-122.3082,47.68274],[-122.30681,47.68143],[-122.30421,47.68166]]]}},{"type":"Feature","properties":{"i":1215},"geometry":{"type":"Polygon","coordinates":[[[-122.40697,47.64246],[-122.40578,47.644],[-122.40718,47.64531],[-122.40977,47.64508],[-122.41096,47.64354],[-122.40956,47.64223],[-122.40697,47.64246]]]}},{"type":"Feature","properties":{"i":1216},"geometry":{"type":"Polygon","coordinates":[[[-122.41474,47.64177],[-122.41355,47.64331],[-122.41495,47.64462],[-122.41754,47.64439],[-122.41873,47.64285],[-122.41733,47.64154],[-122.41474,47.64177]]]}},{"type":"Feature","properties":{"i":1217},"geometry":{"type":"Polygon","coordinates":[[[-122.40171,47.67736],[-122.40051,47.6789],[-122.40191,47.68021],[-122.40451,47.67998],[-122.4057,47.67844],[-122.4043,47.67713],[-122.40171,47.67736]]]}},{"type":"Feature","properties":{"i":1218},"geometry":{"type":"Polygon","coordinates":[[[-122.37332,47.71716],[-122.37212,47.7187],[-122.37352,47.72001],[-122.37612,47.71978],[-122.37731,47.71825],[-122.37591,47.71694],[-122.37332,47.71716]]]}},{"type":"Feature","properties":{"i":1219},"geometry":{"type":"Polygon","coordinates":[[[-122.32074,47.58545],[-122.31955,47.58699],[-122.32095,47.58831],[-122.32354,47.58808],[-122.32473,47.58654],[-122.32333,47.58522],[-122.32074,47.58545]]]}},{"type":"Feature","properties":{"i":1220},"geometry":{"type":"Polygon","coordinates":[[[-122.38595,47.67589],[-122.38476,47.67743],[-122.38616,47.67874],[-122.38875,47.67851],[-122.38994,47.67697],[-122.38854,47.67566],[-122.38595,47.67589]]]}},{"type":"Feature","properties":{"i":1221},"geometry":{"type":"Polygon","coordinates":[[[-122.29644,47.68234],[-122.29524,47.68388],[-122.29664,47.68519],[-122.29923,47.68496],[-122.30043,47.68342],[-122.29903,47.68211],[-122.29644,47.68234]]]}},{"type":"Feature","properties":{"i":1222},"geometry":{"type":"Polygon","coordinates":[[[-122.28385,47.67053],[-122.28265,47.67207],[-122.28405,47.67338],[-122.28664,47.67315],[-122.28784,47.67161],[-122.28644,47.6703],[-122.28385,47.67053]]]}},{"type":"Feature","properties":{"i":1223},"geometry":{"type":"Polygon","coordinates":[[[-122.30849,47.63248],[-122.3073,47.63402],[-122.3087,47.63534],[-122.31129,47.63511],[-122.31248,47.63357],[-122.31108,47.63226],[-122.30849,47.63248]]]}},{"type":"Feature","properties":{"i":1224},"geometry":{"type":"Polygon","coordinates":[[[-122.33821,47.71883],[-122.33702,47.72037],[-122.33842,47.72168],[-122.34101,47.72145],[-122.3422,47.71991],[-122.3408,47.7186],[-122.33821,47.71883]]]}},{"type":"Feature","properties":{"i":1225},"geometry":{"type":"Polygon","coordinates":[[[-122.33449,47.66752],[-122.3333,47.66906],[-122.3347,47.67037],[-122.33729,47.67014],[-122.33848,47.6686],[-122.33708,47.66729],[-122.33449,47.66752]]]}},{"type":"Feature","properties":{"i":1226},"geometry":{"type":"Polygon","coordinates":[[[-122.30858,47.57933],[-122.30739,47.58088],[-122.30878,47.58219],[-122.31137,47.58196],[-122.31256,47.58042],[-122.31117,47.57911],[-122.30858,47.57933]]]}},{"type":"Feature","properties":{"i":1227},"geometry":{"type":"Polygon","coordinates":[[[-122.36646,47.62307],[-122.36527,47.62462],[-122.36667,47.62593],[-122.36926,47.6257],[-122.37045,47.62416],[-122.36905,47.62285],[-122.36646,47.62307]]]}},{"type":"Feature","properties":{"i":1228},"geometry":{"type":"Polygon","coordinates":[[[-122.31014,47.65531],[-122.30895,47.65685],[-122.31034,47.65816],[-122.31294,47.65793],[-122.31413,47.65639],[-122.31273,47.65508],[-122.31014,47.65531]]]}},{"type":"Feature","properties":{"i":1229},"geometry":{"type":"Polygon","coordinates":[[[-122.27822,47.53744],[-122.27703,47.53898],[-122.27842,47.5403],[-122.28101,47.54007],[-122.2822,47.53853],[-122.28081,47.53721],[-122.27822,47.53744]]]}},{"type":"Feature","properties":{"i":1230},"geometry":{"type":"Polygon","coordinates":[[[-122.42796,47.66212],[-122.42677,47.66366],[-122.42817,47.66497],[-122.43076,47.66474],[-122.43195,47.6632],[-122.43055,47.66189],[-122.42796,47.66212]]]}},{"type":"Feature","properties":{"i":1231},"geometry":{"type":"Polygon","coordinates":[[[-122.33477,47.61725],[-122.33357,47.61879],[-122.33497,47.62011],[-122.33756,47.61988],[-122.33875,47.61834],[-122.33736,47.61703],[-122.33477,47.61725]]]}},{"type":"Feature","properties":{"i":1232},"geometry":{"type":"Polygon","coordinates":[[[-122.37165,47.69437],[-122.37046,47.69591],[-122.37186,47.69722],[-122.37445,47.69699],[-122.37564,47.69545],[-122.37425,47.69414],[-122.37165,47.69437]]]}},{"type":"Feature","properties":{"i":1233},"geometry":{"type":"Polygon","coordinates":[[[-122.30923,47.697],[-122.30804,47.69854],[-122.30944,47.69985],[-122.31203,47.69962],[-122.31322,47.69808],[-122.31183,47.69677],[-122.30923,47.697]]]}},{"type":"Feature","properties":{"i":1234},"geometry":{"type":"Polygon","coordinates":[[[-122.28333,47.60884],[-122.28214,47.61038],[-122.28354,47.6117],[-122.28613,47.61147],[-122.28732,47.60993],[-122.28592,47.60861],[-122.28333,47.60884]]]}},{"type":"Feature","properties":{"i":1235},"geometry":{"type":"Polygon","coordinates":[[[-122.39626,47.65632],[-122.39507,47.65787],[-122.39646,47.65918],[-122.39905,47.65895],[-122.40025,47.65741],[-122.39885,47.6561],[-122.39626,47.65632]]]}},{"type":"Feature","properties":{"i":1236},"geometry":{"type":"Polygon","coordinates":[[[-122.3219,47.65571],[-122.32071,47.65725],[-122.32211,47.65856],[-122.3247,47.65833],[-122.32589,47.65679],[-122.32449,47.65548],[-122.3219,47.65571]]]}},{"type":"Feature","properties":{"i":1237},"geometry":{"type":"Polygon","coordinates":[[[-122.2678,47.50096],[-122.26661,47.5025],[-122.26801,47.50381],[-122.27059,47.50359],[-122.27179,47.50205],[-122.27039,47.50073],[-122.2678,47.50096]]]}},{"type":"Feature","properties":{"i":1238},"geometry":{"type":"Polygon","coordinates":[[[-122.29347,47.69551],[-122.29228,47.69705],[-122.29367,47.69836],[-122.29627,47.69813],[-122.29746,47.6966],[-122.29606,47.69528],[-122.29347,47.69551]]]}},{"type":"Feature","properties":{"i":1239},"geometry":{"type":"Polygon","coordinates":[[[-122.40275,47.69161],[-122.40156,47.69315],[-122.40296,47.69446],[-122.40555,47.69424],[-122.40674,47.6927],[-122.40534,47.69139],[-122.40275,47.69161]]]}},{"type":"Feature","properties":{"i":1240},"geometry":{"type":"Polygon","coordinates":[[[-122.3464,47.72384],[-122.34521,47.72538],[-122.34661,47.72669],[-122.3492,47.72646],[-122.3504,47.72492],[-122.349,47.72361],[-122.3464,47.72384]]]}},{"type":"Feature","properties":{"i":1241},"geometry":{"type":"Polygon","coordinates":[[[-122.35279,47.65012],[-122.3516,47.65166],[-122.353,47.65297],[-122.35559,47.65274],[-122.35678,47.6512],[-122.35538,47.64989],[-122.35279,47.65012]]]}},{"type":"Feature","properties":{"i":1242},"geometry":{"type":"Polygon","coordinates":[[[-122.34413,47.69249],[-122.34294,47.69403],[-122.34433,47.69534],[-122.34693,47.69511],[-122.34812,47.69358],[-122.34672,47.69226],[-122.34413,47.69249]]]}},{"type":"Feature","properties":{"i":1243},"geometry":{"type":"Polygon","coordinates":[[[-122.29161,47.5607],[-122.29042,47.56225],[-122.29181,47.56356],[-122.2944,47.56333],[-122.29559,47.56179],[-122.2942,47.56048],[-122.29161,47.5607]]]}},{"type":"Feature","properties":{"i":1244},"geometry":{"type":"Polygon","coordinates":[[[-122.3182,47.60435],[-122.317,47.60589],[-122.3184,47.6072],[-122.32099,47.60698],[-122.32218,47.60543],[-122.32079,47.60412],[-122.3182,47.60435]]]}},{"type":"Feature","properties":{"i":1245},"geometry":{"type":"Polygon","coordinates":[[[-122.28303,47.65912],[-122.28183,47.66066],[-122.28323,47.66197],[-122.28582,47.66175],[-122.28702,47.66021],[-122.28562,47.65889],[-122.28303,47.65912]]]}},{"type":"Feature","properties":{"i":1246},"geometry":{"type":"Polygon","coordinates":[[[-122.34818,47.64048],[-122.34699,47.64202],[-122.34839,47.64333],[-122.35098,47.6431],[-122.35217,47.64156],[-122.35077,47.64025],[-122.34818,47.64048]]]}},{"type":"Feature","properties":{"i":1247},"geometry":{"type":"Polygon","coordinates":[[[-122.31977,47.68029],[-122.31857,47.68183],[-122.31997,47.68314],[-122.32256,47.68291],[-122.32376,47.68138],[-122.32236,47.68006],[-122.31977,47.68029]]]}},{"type":"Feature","properties":{"i":1248},"geometry":{"type":"Polygon","coordinates":[[[-122.41096,47.64354],[-122.40977,47.64508],[-122.41117,47.64639],[-122.41376,47.64616],[-122.41495,47.64462],[-122.41355,47.64331],[-122.41096,47.64354]]]}},{"type":"Feature","properties":{"i":1249},"geometry":{"type":"Polygon","coordinates":[[[-122.2865,47.59851],[-122.28531,47.60005],[-122.28671,47.60136],[-122.2893,47.60114],[-122.29049,47.5996],[-122.28909,47.59828],[-122.2865,47.59851]]]}},{"type":"Feature","properties":{"i":1250},"geometry":{"type":"Polygon","coordinates":[[[-122.31647,47.63466],[-122.31528,47.6362],[-122.31668,47.63751],[-122.31927,47.63728],[-122.32046,47.63574],[-122.31906,47.63443],[-122.31647,47.63466]]]}},{"type":"Feature","properties":{"i":1251},"geometry":{"type":"Polygon","coordinates":[[[-122.31786,47.54547],[-122.31667,47.54701],[-122.31807,47.54832],[-122.32066,47.54809],[-122.32185,47.54655],[-122.32045,47.54524],[-122.31786,47.54547]]]}},{"type":"Feature","properties":{"i":1252},"geometry":{"type":"Polygon","coordinates":[[[-122.37926,47.63774],[-122.37807,47.63928],[-122.37947,47.64059],[-122.38206,47.64036],[-122.38325,47.63882],[-122.38185,47.63751],[-122.37926,47.63774]]]}},{"type":"Feature","properties":{"i":1253},"geometry":{"type":"Polygon","coordinates":[[[-122.37797,47.67373],[-122.37678,47.67527],[-122.37818,47.67658],[-122.38077,47.67635],[-122.38196,47.67481],[-122.38056,47.6735],[-122.37797,47.67373]]]}},{"type":"Feature","properties":{"i":1254},"geometry":{"type":"Polygon","coordinates":[[[-122.2774,47.52601],[-122.27621,47.52755],[-122.27761,47.52886],[-122.2802,47.52864],[-122.28139,47.5271],[-122.27999,47.52578],[-122.2774,47.52601]]]}},{"type":"Feature","properties":{"i":1255},"geometry":{"type":"Polygon","coordinates":[[[-122.28619,47.53962],[-122.285,47.54116],[-122.28639,47.54247],[-122.28898,47.54225],[-122.29017,47.5407],[-122.28878,47.53939],[-122.28619,47.53962]]]}},{"type":"Feature","properties":{"i":1256},"geometry":{"type":"Polygon","coordinates":[[[-122.2773,47.68832],[-122.2761,47.68986],[-122.2775,47.69117],[-122.28009,47.69094],[-122.28129,47.68941],[-122.27989,47.68809],[-122.2773,47.68832]]]}},{"type":"Feature","properties":{"i":1257},"geometry":{"type":"Polygon","coordinates":[[[-122.25309,47.51375],[-122.2519,47.51529],[-122.25329,47.51661],[-122.25588,47.51638],[-122.25707,47.51484],[-122.25568,47.51352],[-122.25309,47.51375]]]}},{"type":"Feature","properties":{"i":1258},"geometry":{"type":"Polygon","coordinates":[[[-122.30788,47.62392],[-122.30668,47.62546],[-122.30808,47.62678],[-122.31067,47.62655],[-122.31187,47.62501],[-122.31047,47.6237],[-122.30788,47.62392]]]}},{"type":"Feature","properties":{"i":1259},"geometry":{"type":"Polygon","coordinates":[[[-122.35507,47.68149],[-122.35387,47.68303],[-122.35527,47.68434],[-122.35787,47.68411],[-122.35906,47.68257],[-122.35766,47.68126],[-122.35507,47.68149]]]}},{"type":"Feature","properties":{"i":1260},"geometry":{"type":"Polygon","coordinates":[[[-122.33442,47.7206],[-122.33323,47.72213],[-122.33463,47.72344],[-122.33722,47.72322],[-122.33842,47.72168],[-122.33702,47.72037],[-122.33442,47.7206]]]}},{"type":"Feature","properties":{"i":1261},"geometry":{"type":"Polygon","coordinates":[[[-122.33532,47.67892],[-122.33413,47.68046],[-122.33553,47.68177],[-122.33812,47.68155],[-122.33931,47.68001],[-122.33791,47.6787],[-122.33532,47.67892]]]}},{"type":"Feature","properties":{"i":1262},"geometry":{"type":"Polygon","coordinates":[[[-122.29764,47.59035],[-122.29645,47.59189],[-122.29785,47.59321],[-122.30044,47.59298],[-122.30163,47.59144],[-122.30023,47.59012],[-122.29764,47.59035]]]}},{"type":"Feature","properties":{"i":1263},"geometry":{"type":"Polygon","coordinates":[[[-122.35761,47.66261],[-122.35641,47.66415],[-122.35781,47.66546],[-122.3604,47.66523],[-122.3616,47.66369],[-122.3602,47.66238],[-122.35761,47.66261]]]}},{"type":"Feature","properties":{"i":1264},"geometry":{"type":"Polygon","coordinates":[[[-122.27761,47.52886],[-122.27642,47.53041],[-122.27781,47.53172],[-122.2804,47.5315],[-122.28159,47.52995],[-122.2802,47.52864],[-122.27761,47.52886]]]}},{"type":"Feature","properties":{"i":1265},"geometry":{"type":"Polygon","coordinates":[[[-122.41558,47.65318],[-122.41439,47.65472],[-122.41578,47.65603],[-122.41837,47.6558],[-122.41956,47.65426],[-122.41817,47.65295],[-122.41558,47.65318]]]}},{"type":"Feature","properties":{"i":1266},"geometry":{"type":"Polygon","coordinates":[[[-122.34274,47.61942],[-122.34155,47.62096],[-122.34295,47.62228],[-122.34554,47.62205],[-122.34673,47.62051],[-122.34533,47.61919],[-122.34274,47.61942]]]}},{"type":"Feature","properties":{"i":1267},"geometry":{"type":"Polygon","coordinates":[[[-122.36072,47.70537],[-122.35952,47.70691],[-122.36092,47.70822],[-122.36352,47.70799],[-122.36471,47.70645],[-122.36331,47.70514],[-122.36072,47.70537]]]}},{"type":"Feature","properties":{"i":1268},"geometry":{"type":"Polygon","coordinates":[[[-122.32727,47.56763],[-122.32608,47.56918],[-122.32748,47.57049],[-122.33007,47.57026],[-122.33126,47.56872],[-122.32986,47.56741],[-122.32727,47.56763]]]}},{"type":"Feature","properties":{"i":1269},"geometry":{"type":"Polygon","coordinates":[[[-122.31722,47.69916],[-122.31602,47.7007],[-122.31742,47.70201],[-122.32002,47.70179],[-122.32121,47.70025],[-122.31981,47.69894],[-122.31722,47.69916]]]}},{"type":"Feature","properties":{"i":1270},"geometry":{"type":"Polygon","coordinates":[[[-122.29952,47.7251],[-122.29832,47.72664],[-122.29972,47.72795],[-122.30231,47.72772],[-122.30351,47.72618],[-122.30211,47.72487],[-122.29952,47.7251]]]}},{"type":"Feature","properties":{"i":1271},"geometry":{"type":"Polygon","coordinates":[[[-122.38387,47.64738],[-122.38268,47.64892],[-122.38408,47.65023],[-122.38667,47.65],[-122.38786,47.64846],[-122.38646,47.64715],[-122.38387,47.64738]]]}},{"type":"Feature","properties":{"i":1272},"geometry":{"type":"Polygon","coordinates":[[[-122.34185,47.66113],[-122.34066,47.66267],[-122.34206,47.66398],[-122.34465,47.66375],[-122.34584,47.66221],[-122.34444,47.6609],[-122.34185,47.66113]]]}},{"type":"Feature","properties":{"i":1273},"geometry":{"type":"Polygon","coordinates":[[[-122.28762,47.55962],[-122.28643,47.56116],[-122.28783,47.56247],[-122.29042,47.56225],[-122.29161,47.5607],[-122.29021,47.55939],[-122.28762,47.55962]]]}},{"type":"Feature","properties":{"i":1274},"geometry":{"type":"Polygon","coordinates":[[[-122.28548,47.69334],[-122.28429,47.69488],[-122.28569,47.69619],[-122.28828,47.69597],[-122.28948,47.69443],[-122.28808,47.69311],[-122.28548,47.69334]]]}},{"type":"Feature","properties":{"i":1275},"geometry":{"type":"Polygon","coordinates":[[[-122.32816,47.68816],[-122.32697,47.6897],[-122.32837,47.69101],[-122.33096,47.69078],[-122.33215,47.68924],[-122.33075,47.68793],[-122.32816,47.68816]]]}},{"type":"Feature","properties":{"i":1276},"geometry":{"type":"Polygon","coordinates":[[[-122.39897,47.69338],[-122.39778,47.69492],[-122.39918,47.69623],[-122.40177,47.696],[-122.40296,47.69446],[-122.40156,47.69315],[-122.39897,47.69338]]]}},{"type":"Feature","properties":{"i":1277},"geometry":{"type":"Polygon","coordinates":[[[-122.34262,47.72561],[-122.34142,47.72715],[-122.34282,47.72846],[-122.34542,47.72823],[-122.34661,47.72669],[-122.34521,47.72538],[-122.34262,47.72561]]]}},{"type":"Feature","properties":{"i":1278},"geometry":{"type":"Polygon","coordinates":[[[-122.34351,47.68394],[-122.34231,47.68548],[-122.34371,47.68679],[-122.34631,47.68656],[-122.3475,47.68502],[-122.3461,47.68371],[-122.34351,47.68394]]]}},{"type":"Feature","properties":{"i":1279},"geometry":{"type":"Polygon","coordinates":[[[-122.31154,47.56614],[-122.31035,47.56768],[-122.31174,47.569],[-122.31433,47.56877],[-122.31552,47.56723],[-122.31413,47.56592],[-122.31154,47.56614]]]}},{"type":"Feature","properties":{"i":1280},"geometry":{"type":"Polygon","coordinates":[[[-122.30582,47.59538],[-122.30463,47.59692],[-122.30603,47.59823],[-122.30862,47.59801],[-122.30981,47.59647],[-122.30841,47.59515],[-122.30582,47.59538]]]}},{"type":"Feature","properties":{"i":1281},"geometry":{"type":"Polygon","coordinates":[[[-122.36725,47.68758],[-122.36605,47.68912],[-122.36745,47.69044],[-122.37005,47.69021],[-122.37124,47.68867],[-122.36984,47.68736],[-122.36725,47.68758]]]}},{"type":"Feature","properties":{"i":1282},"geometry":{"type":"Polygon","coordinates":[[[-122.28721,47.5539],[-122.28602,47.55544],[-122.28742,47.55676],[-122.29001,47.55653],[-122.2912,47.55499],[-122.2898,47.55368],[-122.28721,47.5539]]]}},{"type":"Feature","properties":{"i":1283},"geometry":{"type":"Polygon","coordinates":[[[-122.40298,47.64138],[-122.40179,47.64292],[-122.40319,47.64423],[-122.40578,47.644],[-122.40697,47.64246],[-122.40557,47.64115],[-122.40298,47.64138]]]}},{"type":"Feature","properties":{"i":1284},"geometry":{"type":"Polygon","coordinates":[[[-122.32445,47.63683],[-122.32326,47.63837],[-122.32466,47.63968],[-122.32725,47.63945],[-122.32844,47.63791],[-122.32704,47.6366],[-122.32445,47.63683]]]}},{"type":"Feature","properties":{"i":1285},"geometry":{"type":"Polygon","coordinates":[[[-122.36891,47.71038],[-122.36772,47.71192],[-122.36912,47.71323],[-122.37171,47.71301],[-122.3729,47.71147],[-122.3715,47.71016],[-122.36891,47.71038]]]}},{"type":"Feature","properties":{"i":1286},"geometry":{"type":"Polygon","coordinates":[[[-122.3369,47.59265],[-122.33571,47.59419],[-122.3371,47.5955],[-122.33969,47.59528],[-122.34088,47.59374],[-122.33949,47.59242],[-122.3369,47.59265]]]}},{"type":"Feature","properties":{"i":1287},"geometry":{"type":"Polygon","coordinates":[[[-122.37864,47.62918],[-122.37745,47.63072],[-122.37884,47.63203],[-122.38143,47.6318],[-122.38262,47.63026],[-122.38123,47.62895],[-122.37864,47.62918]]]}},{"type":"Feature","properties":{"i":1288},"geometry":{"type":"Polygon","coordinates":[[[-122.39352,47.67235],[-122.39233,47.67389],[-122.39373,47.6752],[-122.39632,47.67497],[-122.39751,47.67343],[-122.39611,47.67212],[-122.39352,47.67235]]]}},{"type":"Feature","properties":{"i":1289},"geometry":{"type":"Polygon","coordinates":[[[-122.26504,47.51702],[-122.26385,47.51856],[-122.26525,47.51988],[-122.26783,47.51965],[-122.26903,47.51811],[-122.26763,47.51679],[-122.26504,47.51702]]]}},{"type":"Feature","properties":{"i":1290},"geometry":{"type":"Polygon","coordinates":[[[-122.29416,47.54179],[-122.29297,47.54334],[-122.29436,47.54465],[-122.29695,47.54442],[-122.29814,47.54288],[-122.29675,47.54157],[-122.29416,47.54179]]]}},{"type":"Feature","properties":{"i":1291},"geometry":{"type":"Polygon","coordinates":[[[-122.26491,47.67936],[-122.26372,47.6809],[-122.26512,47.68221],[-122.26771,47.68198],[-122.2689,47.68045],[-122.2675,47.67913],[-122.26491,47.67936]]]}},{"type":"Feature","properties":{"i":1292},"geometry":{"type":"Polygon","coordinates":[[[-122.29295,47.63385],[-122.29175,47.63539],[-122.29315,47.6367],[-122.29574,47.63647],[-122.29694,47.63493],[-122.29554,47.63362],[-122.29295,47.63385]]]}},{"type":"Feature","properties":{"i":1293},"geometry":{"type":"Polygon","coordinates":[[[-122.30409,47.62569],[-122.3029,47.62723],[-122.3043,47.62854],[-122.30689,47.62832],[-122.30808,47.62678],[-122.30668,47.62546],[-122.30409,47.62569]]]}},{"type":"Feature","properties":{"i":1294},"geometry":{"type":"Polygon","coordinates":[[[-122.32644,47.71843],[-122.32525,47.71997],[-122.32665,47.72128],[-122.32924,47.72105],[-122.33043,47.71951],[-122.32903,47.7182],[-122.32644,47.71843]]]}},{"type":"Feature","properties":{"i":1295},"geometry":{"type":"Polygon","coordinates":[[[-122.24809,47.49836],[-122.2469,47.4999],[-122.24829,47.50122],[-122.25088,47.50099],[-122.25207,47.49945],[-122.25068,47.49813],[-122.24809,47.49836]]]}},{"type":"Feature","properties":{"i":1296},"geometry":{"type":"Polygon","coordinates":[[[-122.30216,47.65314],[-122.30097,47.65468],[-122.30236,47.65599],[-122.30496,47.65576],[-122.30615,47.65422],[-122.30475,47.65291],[-122.30216,47.65314]]]}},{"type":"Feature","properties":{"i":1297},"geometry":{"type":"Polygon","coordinates":[[[-122.26532,47.68506],[-122.26413,47.6866],[-122.26552,47.68791],[-122.26812,47.68769],[-122.26931,47.68615],[-122.26791,47.68484],[-122.26532,47.68506]]]}},{"type":"Feature","properties":{"i":1298},"geometry":{"type":"Polygon","coordinates":[[[-122.33153,47.68069],[-122.33034,47.68223],[-122.33174,47.68354],[-122.33433,47.68331],[-122.33553,47.68177],[-122.33413,47.68046],[-122.33153,47.68069]]]}},{"type":"Feature","properties":{"i":1299},"geometry":{"type":"Polygon","coordinates":[[[-122.35471,47.62268],[-122.35352,47.62422],[-122.35491,47.62553],[-122.3575,47.6253],[-122.3587,47.62376],[-122.3573,47.62245],[-122.35471,47.62268]]]}},{"type":"Feature","properties":{"i":1300},"geometry":{"type":"Polygon","coordinates":[[[-122.29981,47.67487],[-122.29862,47.67641],[-122.30002,47.67772],[-122.30261,47.67749],[-122.3038,47.67595],[-122.3024,47.67464],[-122.29981,47.67487]]]}},{"type":"Feature","properties":{"i":1301},"geometry":{"type":"Polygon","coordinates":[[[-122.27383,47.53063],[-122.27263,47.53217],[-122.27403,47.53349],[-122.27662,47.53326],[-122.27781,47.53172],[-122.27642,47.53041],[-122.27383,47.53063]]]}},{"type":"Feature","properties":{"i":1302},"geometry":{"type":"Polygon","coordinates":[[[-122.33037,47.61046],[-122.32917,47.612],[-122.33057,47.61331],[-122.33316,47.61309],[-122.33435,47.61155],[-122.33296,47.61023],[-122.33037,47.61046]]]}},{"type":"Feature","properties":{"i":1303},"geometry":{"type":"Polygon","coordinates":[[[-122.3281,47.57906],[-122.32691,47.5806],[-122.3283,47.58191],[-122.33089,47.58169],[-122.33209,47.58014],[-122.33069,47.57883],[-122.3281,47.57906]]]}},{"type":"Feature","properties":{"i":1304},"geometry":{"type":"Polygon","coordinates":[[[-122.30627,47.71017],[-122.30507,47.7117],[-122.30647,47.71302],[-122.30907,47.71279],[-122.31026,47.71125],[-122.30886,47.70994],[-122.30627,47.71017]]]}},{"type":"Feature","properties":{"i":1305},"geometry":{"type":"Polygon","coordinates":[[[-122.39185,47.64954],[-122.39066,47.65108],[-122.39206,47.65239],[-122.39465,47.65216],[-122.39584,47.65062],[-122.39444,47.64931],[-122.39185,47.64954]]]}},{"type":"Feature","properties":{"i":1306},"geometry":{"type":"Polygon","coordinates":[[[-122.32947,47.65217],[-122.32828,47.65371],[-122.32968,47.65503],[-122.33227,47.6548],[-122.33346,47.65326],[-122.33206,47.65195],[-122.32947,47.65217]]]}},{"type":"Feature","properties":{"i":1307},"geometry":{"type":"Polygon","coordinates":[[[-122.27453,47.70434],[-122.27334,47.70588],[-122.27474,47.70719],[-122.27733,47.70696],[-122.27852,47.70543],[-122.27712,47.70411],[-122.27453,47.70434]]]}},{"type":"Feature","properties":{"i":1308},"geometry":{"type":"Polygon","coordinates":[[[-122.39099,47.69122],[-122.38979,47.69276],[-122.39119,47.69407],[-122.39378,47.69384],[-122.39498,47.6923],[-122.39358,47.69099],[-122.39099,47.69122]]]}},{"type":"Feature","properties":{"i":1309},"geometry":{"type":"Polygon","coordinates":[[[-122.31372,47.65069],[-122.31252,47.65223],[-122.31392,47.65354],[-122.31651,47.65331],[-122.31771,47.65177],[-122.31631,47.65046],[-122.31372,47.65069]]]}},{"type":"Feature","properties":{"i":1310},"geometry":{"type":"Polygon","coordinates":[[[-122.33972,47.68571],[-122.33853,47.68725],[-122.33993,47.68856],[-122.34252,47.68833],[-122.34371,47.68679],[-122.34231,47.68548],[-122.33972,47.68571]]]}},{"type":"Feature","properties":{"i":1311},"geometry":{"type":"Polygon","coordinates":[[[-122.29917,47.55717],[-122.29798,47.55871],[-122.29937,47.56002],[-122.30196,47.5598],[-122.30315,47.55825],[-122.30176,47.55694],[-122.29917,47.55717]]]}},{"type":"Feature","properties":{"i":1312},"geometry":{"type":"Polygon","coordinates":[[[-122.36662,47.67903],[-122.36543,47.68057],[-122.36683,47.68188],[-122.36942,47.68165],[-122.37061,47.68011],[-122.36922,47.6788],[-122.36662,47.67903]]]}},{"type":"Feature","properties":{"i":1313},"geometry":{"type":"Polygon","coordinates":[[[-122.37943,47.69368],[-122.37824,47.69522],[-122.37964,47.69653],[-122.38223,47.6963],[-122.38342,47.69476],[-122.38202,47.69345],[-122.37943,47.69368]]]}},{"type":"Feature","properties":{"i":1314},"geometry":{"type":"Polygon","coordinates":[[[-122.36434,47.64767],[-122.36315,47.64921],[-122.36455,47.65052],[-122.36714,47.65029],[-122.36833,47.64875],[-122.36693,47.64744],[-122.36434,47.64767]]]}},{"type":"Feature","properties":{"i":1315},"geometry":{"type":"Polygon","coordinates":[[[-122.308,47.67989],[-122.30681,47.68143],[-122.3082,47.68274],[-122.3108,47.68251],[-122.31199,47.68097],[-122.31059,47.67966],[-122.308,47.67989]]]}},{"type":"Feature","properties":{"i":1316},"geometry":{"type":"Polygon","coordinates":[[[-122.28343,47.55567],[-122.28224,47.55721],[-122.28364,47.55853],[-122.28623,47.5583],[-122.28742,47.55676],[-122.28602,47.55544],[-122.28343,47.55567]]]}},{"type":"Feature","properties":{"i":1317},"geometry":{"type":"Polygon","coordinates":[[[-122.33999,47.63546],[-122.3388,47.637],[-122.3402,47.63831],[-122.34279,47.63808],[-122.34398,47.63654],[-122.34258,47.63523],[-122.33999,47.63546]]]}},{"type":"Feature","properties":{"i":1318},"geometry":{"type":"Polygon","coordinates":[[[-122.28016,47.50994],[-122.27897,47.51149],[-122.28037,47.5128],[-122.28295,47.51258],[-122.28414,47.51103],[-122.28275,47.50972],[-122.28016,47.50994]]]}},{"type":"Feature","properties":{"i":1319},"geometry":{"type":"Polygon","coordinates":[[[-122.33628,47.58408],[-122.33509,47.58563],[-122.33648,47.58694],[-122.33907,47.58671],[-122.34026,47.58517],[-122.33887,47.58386],[-122.33628,47.58408]]]}},{"type":"Feature","properties":{"i":1320},"geometry":{"type":"Polygon","coordinates":[[[-122.33401,47.55267],[-122.33282,47.55421],[-122.33422,47.55553],[-122.3368,47.5553],[-122.33799,47.55376],[-122.3366,47.55244],[-122.33401,47.55267]]]}},{"type":"Feature","properties":{"i":1321},"geometry":{"type":"Polygon","coordinates":[[[-122.37486,47.63095],[-122.37366,47.63249],[-122.37506,47.6338],[-122.37765,47.63357],[-122.37884,47.63203],[-122.37745,47.63072],[-122.37486,47.63095]]]}},{"type":"Feature","properties":{"i":1322},"geometry":{"type":"Polygon","coordinates":[[[-122.4015,47.67451],[-122.40031,47.67605],[-122.40171,47.67736],[-122.4043,47.67713],[-122.40549,47.67559],[-122.40409,47.67428],[-122.4015,47.67451]]]}},{"type":"Feature","properties":{"i":1323},"geometry":{"type":"Polygon","coordinates":[[[-122.27301,47.5192],[-122.27182,47.52074],[-122.27321,47.52206],[-122.2758,47.52183],[-122.27699,47.52029],[-122.2756,47.51897],[-122.27301,47.5192]]]}},{"type":"Feature","properties":{"i":1324},"geometry":{"type":"Polygon","coordinates":[[[-122.30969,47.54043],[-122.3085,47.54197],[-122.30989,47.54329],[-122.31248,47.54306],[-122.31367,47.54152],[-122.31228,47.54021],[-122.30969,47.54043]]]}},{"type":"Feature","properties":{"i":1325},"geometry":{"type":"Polygon","coordinates":[[[-122.27289,47.68153],[-122.2717,47.68307],[-122.2731,47.68438],[-122.27569,47.68416],[-122.27689,47.68262],[-122.27549,47.6813],[-122.27289,47.68153]]]}},{"type":"Feature","properties":{"i":1326},"geometry":{"type":"Polygon","coordinates":[[[-122.34921,47.65474],[-122.34802,47.65628],[-122.34942,47.65759],[-122.35201,47.65736],[-122.3532,47.65582],[-122.3518,47.65451],[-122.34921,47.65474]]]}},{"type":"Feature","properties":{"i":1327},"geometry":{"type":"Polygon","coordinates":[[[-122.28854,47.51784],[-122.28735,47.51938],[-122.28874,47.5207],[-122.29133,47.52047],[-122.29252,47.51893],[-122.29113,47.51762],[-122.28854,47.51784]]]}},{"type":"Feature","properties":{"i":1328},"geometry":{"type":"Polygon","coordinates":[[[-122.28916,47.63561],[-122.28797,47.63715],[-122.28937,47.63847],[-122.29196,47.63824],[-122.29315,47.6367],[-122.29175,47.63539],[-122.28916,47.63561]]]}},{"type":"Feature","properties":{"i":1329},"geometry":{"type":"Polygon","coordinates":[[[-122.29071,47.71153],[-122.28951,47.71307],[-122.29091,47.71438],[-122.29351,47.71415],[-122.2947,47.71261],[-122.2933,47.7113],[-122.29071,47.71153]]]}},{"type":"Feature","properties":{"i":1330},"geometry":{"type":"Polygon","coordinates":[[[-122.28948,47.69443],[-122.28828,47.69597],[-122.28968,47.69728],[-122.29228,47.69705],[-122.29347,47.69551],[-122.29207,47.6942],[-122.28948,47.69443]]]}},{"type":"Feature","properties":{"i":1331},"geometry":{"type":"Polygon","coordinates":[[[-122.342,47.71706],[-122.3408,47.7186],[-122.3422,47.71991],[-122.3448,47.71968],[-122.34599,47.71814],[-122.34459,47.71683],[-122.342,47.71706]]]}},{"type":"Feature","properties":{"i":1332},"geometry":{"type":"Polygon","coordinates":[[[-122.32355,47.67852],[-122.32236,47.68006],[-122.32376,47.68138],[-122.32635,47.68115],[-122.32754,47.67961],[-122.32614,47.6783],[-122.32355,47.67852]]]}},{"type":"Feature","properties":{"i":1333},"geometry":{"type":"Polygon","coordinates":[[[-122.28589,47.58994],[-122.28469,47.59148],[-122.28609,47.5928],[-122.28868,47.59257],[-122.28987,47.59103],[-122.28848,47.58972],[-122.28589,47.58994]]]}},{"type":"Feature","properties":{"i":1334},"geometry":{"type":"Polygon","coordinates":[[[-122.29919,47.66631],[-122.298,47.66785],[-122.2994,47.66917],[-122.30199,47.66894],[-122.30319,47.6674],[-122.30179,47.66609],[-122.29919,47.66631]]]}},{"type":"Feature","properties":{"i":1335},"geometry":{"type":"Polygon","coordinates":[[[-122.26729,47.54846],[-122.26609,47.55],[-122.26749,47.55131],[-122.27008,47.55109],[-122.27127,47.54955],[-122.26987,47.54823],[-122.26729,47.54846]]]}},{"type":"Feature","properties":{"i":1336},"geometry":{"type":"Polygon","coordinates":[[[-122.26389,47.6651],[-122.2627,47.66664],[-122.26409,47.66795],[-122.26669,47.66772],[-122.26788,47.66619],[-122.26648,47.66487],[-122.26389,47.6651]]]}},{"type":"Feature","properties":{"i":1337},"geometry":{"type":"Polygon","coordinates":[[[-122.25216,47.55553],[-122.25096,47.55707],[-122.25236,47.55838],[-122.25495,47.55816],[-122.25614,47.55662],[-122.25475,47.5553],[-122.25216,47.55553]]]}},{"type":"Feature","properties":{"i":1338},"geometry":{"type":"Polygon","coordinates":[[[-122.34895,47.70498],[-122.34775,47.70652],[-122.34915,47.70783],[-122.35175,47.7076],[-122.35294,47.70606],[-122.35154,47.70475],[-122.34895,47.70498]]]}},{"type":"Feature","properties":{"i":1339},"geometry":{"type":"Polygon","coordinates":[[[-122.32432,47.58083],[-122.32313,47.58237],[-122.32452,47.58368],[-122.32711,47.58345],[-122.3283,47.58191],[-122.32691,47.5806],[-122.32432,47.58083]]]}},{"type":"Feature","properties":{"i":1340},"geometry":{"type":"Polygon","coordinates":[[[-122.3157,47.73228],[-122.3145,47.73382],[-122.3159,47.73513],[-122.3185,47.7349],[-122.31969,47.73336],[-122.31829,47.73205],[-122.3157,47.73228]]]}},{"type":"Feature","properties":{"i":1341},"geometry":{"type":"Polygon","coordinates":[[[-122.32522,47.53907],[-122.32402,47.54061],[-122.32542,47.54193],[-122.32801,47.5417],[-122.3292,47.54016],[-122.3278,47.53884],[-122.32522,47.53907]]]}},{"type":"Feature","properties":{"i":1342},"geometry":{"type":"Polygon","coordinates":[[[-122.33745,47.65434],[-122.33626,47.65588],[-122.33766,47.65719],[-122.34025,47.65697],[-122.34144,47.65543],[-122.34004,47.65411],[-122.33745,47.65434]]]}},{"type":"Feature","properties":{"i":1343},"geometry":{"type":"Polygon","coordinates":[[[-122.29132,47.72008],[-122.29013,47.72162],[-122.29153,47.72293],[-122.29412,47.7227],[-122.29532,47.72116],[-122.29392,47.71985],[-122.29132,47.72008]]]}},{"type":"Feature","properties":{"i":1344},"geometry":{"type":"Polygon","coordinates":[[[-122.28252,47.70651],[-122.28132,47.70805],[-122.28272,47.70936],[-122.28532,47.70913],[-122.28651,47.7076],[-122.28511,47.70628],[-122.28252,47.70651]]]}},{"type":"Feature","properties":{"i":1345},"geometry":{"type":"Polygon","coordinates":[[[-122.30574,47.64852],[-122.30454,47.65006],[-122.30594,47.65137],[-122.30853,47.65114],[-122.30973,47.6496],[-122.30833,47.64829],[-122.30574,47.64852]]]}},{"type":"Feature","properties":{"i":1346},"geometry":{"type":"Polygon","coordinates":[[[-122.33319,47.7035],[-122.33199,47.70504],[-122.33339,47.70635],[-122.33598,47.70612],[-122.33718,47.70458],[-122.33578,47.70327],[-122.33319,47.7035]]]}},{"type":"Feature","properties":{"i":1347},"geometry":{"type":"Polygon","coordinates":[[[-122.30714,47.55934],[-122.30595,47.56088],[-122.30735,47.5622],[-122.30993,47.56197],[-122.31113,47.56043],[-122.30973,47.55912],[-122.30714,47.55934]]]}},{"type":"Feature","properties":{"i":1348},"geometry":{"type":"Polygon","coordinates":[[[-122.2955,47.61496],[-122.29431,47.6165],[-122.29571,47.61781],[-122.2983,47.61758],[-122.29949,47.61604],[-122.29809,47.61473],[-122.2955,47.61496]]]}},{"type":"Feature","properties":{"i":1349},"geometry":{"type":"Polygon","coordinates":[[[-122.31791,47.65462],[-122.31672,47.65616],[-122.31812,47.65748],[-122.32071,47.65725],[-122.3219,47.65571],[-122.3205,47.6544],[-122.31791,47.65462]]]}},{"type":"Feature","properties":{"i":1350},"geometry":{"type":"Polygon","coordinates":[[[-122.36284,47.6808],[-122.36165,47.68234],[-122.36305,47.68365],[-122.36564,47.68342],[-122.36683,47.68188],[-122.36543,47.68057],[-122.36284,47.6808]]]}},{"type":"Feature","properties":{"i":1351},"geometry":{"type":"Polygon","coordinates":[[[-122.25273,47.67325],[-122.25154,47.67479],[-122.25294,47.6761],[-122.25553,47.67587],[-122.25672,47.67434],[-122.25533,47.67302],[-122.25273,47.67325]]]}},{"type":"Feature","properties":{"i":1352},"geometry":{"type":"Polygon","coordinates":[[[-122.36372,47.63911],[-122.36253,47.64065],[-122.36393,47.64196],[-122.36652,47.64173],[-122.36771,47.64019],[-122.36631,47.63888],[-122.36372,47.63911]]]}},{"type":"Feature","properties":{"i":1353},"geometry":{"type":"Polygon","coordinates":[[[-122.30882,47.69129],[-122.30763,47.69283],[-122.30903,47.69415],[-122.31162,47.69392],[-122.31281,47.69238],[-122.31141,47.69107],[-122.30882,47.69129]]]}},{"type":"Feature","properties":{"i":1354},"geometry":{"type":"Polygon","coordinates":[[[-122.27546,47.55349],[-122.27427,47.55503],[-122.27566,47.55635],[-122.27825,47.55612],[-122.27945,47.55458],[-122.27805,47.55327],[-122.27546,47.55349]]]}},{"type":"Feature","properties":{"i":1355},"geometry":{"type":"Polygon","coordinates":[[[-122.35859,47.72993],[-122.3574,47.73147],[-122.3588,47.73278],[-122.36139,47.73255],[-122.36258,47.73102],[-122.36118,47.72971],[-122.35859,47.72993]]]}},{"type":"Feature","properties":{"i":1356},"geometry":{"type":"Polygon","coordinates":[[[-122.3325,47.58585],[-122.33131,47.5874],[-122.3327,47.58871],[-122.33529,47.58848],[-122.33648,47.58694],[-122.33509,47.58563],[-122.3325,47.58585]]]}},{"type":"Feature","properties":{"i":1357},"geometry":{"type":"Polygon","coordinates":[[[-122.33339,47.5441],[-122.3322,47.54564],[-122.3336,47.54696],[-122.33618,47.54673],[-122.33738,47.54519],[-122.33598,47.54387],[-122.33339,47.5441]]]}},{"type":"Feature","properties":{"i":1358},"geometry":{"type":"Polygon","coordinates":[[[-122.3948,47.63636],[-122.39361,47.6379],[-122.39501,47.63921],[-122.3976,47.63898],[-122.39879,47.63744],[-122.39739,47.63613],[-122.3948,47.63636]]]}},{"type":"Feature","properties":{"i":1359},"geometry":{"type":"Polygon","coordinates":[[[-122.29571,47.61781],[-122.29451,47.61935],[-122.29591,47.62066],[-122.2985,47.62044],[-122.29969,47.6189],[-122.2983,47.61758],[-122.29571,47.61781]]]}},{"type":"Feature","properties":{"i":1360},"geometry":{"type":"Polygon","coordinates":[[[-122.28845,47.68017],[-122.28726,47.68171],[-122.28866,47.68302],[-122.29125,47.68279],[-122.29244,47.68125],[-122.29104,47.67994],[-122.28845,47.68017]]]}},{"type":"Feature","properties":{"i":1361},"geometry":{"type":"Polygon","coordinates":[[[-122.35719,47.65691],[-122.356,47.65845],[-122.3574,47.65976],[-122.35999,47.65953],[-122.36118,47.65799],[-122.35978,47.65668],[-122.35719,47.65691]]]}},{"type":"Feature","properties":{"i":1362},"geometry":{"type":"Polygon","coordinates":[[[-122.28118,47.63344],[-122.27999,47.63498],[-122.28139,47.6363],[-122.28398,47.63607],[-122.28517,47.63453],[-122.28378,47.63321],[-122.28118,47.63344]]]}},{"type":"Feature","properties":{"i":1363},"geometry":{"type":"Polygon","coordinates":[[[-122.34632,47.6148],[-122.34513,47.61634],[-122.34652,47.61765],[-122.34911,47.61743],[-122.35031,47.61588],[-122.34891,47.61457],[-122.34632,47.6148]]]}},{"type":"Feature","properties":{"i":1364},"geometry":{"type":"Polygon","coordinates":[[[-122.34998,47.71922],[-122.34879,47.72076],[-122.35019,47.72207],[-122.35278,47.72185],[-122.35398,47.72031],[-122.35258,47.719],[-122.34998,47.71922]]]}},{"type":"Feature","properties":{"i":1365},"geometry":{"type":"Polygon","coordinates":[[[-122.25355,47.68466],[-122.25235,47.6862],[-122.25375,47.68751],[-122.25635,47.68728],[-122.25754,47.68574],[-122.25614,47.68443],[-122.25355,47.68466]]]}},{"type":"Feature","properties":{"i":1366},"geometry":{"type":"Polygon","coordinates":[[[-122.3391,47.67716],[-122.33791,47.6787],[-122.33931,47.68001],[-122.3419,47.67978],[-122.34309,47.67824],[-122.34169,47.67693],[-122.3391,47.67716]]]}},{"type":"Feature","properties":{"i":1367},"geometry":{"type":"Polygon","coordinates":[[[-122.3803,47.652],[-122.37911,47.65354],[-122.38051,47.65485],[-122.3831,47.65462],[-122.38429,47.65308],[-122.38289,47.65177],[-122.3803,47.652]]]}},{"type":"Feature","properties":{"i":1368},"geometry":{"type":"Polygon","coordinates":[[[-122.31318,47.58899],[-122.31199,47.59053],[-122.31339,47.59184],[-122.31598,47.59162],[-122.31717,47.59007],[-122.31577,47.58876],[-122.31318,47.58899]]]}},{"type":"Feature","properties":{"i":1369},"geometry":{"type":"Polygon","coordinates":[[[-122.40781,47.65387],[-122.40662,47.65541],[-122.40802,47.65672],[-122.41061,47.65649],[-122.4118,47.65495],[-122.4104,47.65364],[-122.40781,47.65387]]]}},{"type":"Feature","properties":{"i":1370},"geometry":{"type":"Polygon","coordinates":[[[-122.29541,47.66808],[-122.29422,47.66962],[-122.29561,47.67093],[-122.29821,47.67071],[-122.2994,47.66917],[-122.298,47.66785],[-122.29541,47.66808]]]}},{"type":"Feature","properties":{"i":1371},"geometry":{"type":"Polygon","coordinates":[[[-122.28793,47.61849],[-122.28674,47.62003],[-122.28814,47.62135],[-122.29073,47.62112],[-122.29192,47.61958],[-122.29053,47.61826],[-122.28793,47.61849]]]}},{"type":"Feature","properties":{"i":1372},"geometry":{"type":"Polygon","coordinates":[[[-122.38346,47.64167],[-122.38227,47.64321],[-122.38366,47.64452],[-122.38625,47.64429],[-122.38744,47.64275],[-122.38605,47.64144],[-122.38346,47.64167]]]}},{"type":"Feature","properties":{"i":1373},"geometry":{"type":"Polygon","coordinates":[[[-122.37627,47.704],[-122.37508,47.70554],[-122.37648,47.70685],[-122.37907,47.70662],[-122.38026,47.70508],[-122.37886,47.70377],[-122.37627,47.704]]]}},{"type":"Feature","properties":{"i":1374},"geometry":{"type":"Polygon","coordinates":[[[-122.31635,47.57865],[-122.31515,47.58019],[-122.31655,47.58151],[-122.31914,47.58128],[-122.32033,47.57974],[-122.31893,47.57843],[-122.31635,47.57865]]]}},{"type":"Feature","properties":{"i":1375},"geometry":{"type":"Polygon","coordinates":[[[-122.2945,47.70976],[-122.2933,47.7113],[-122.2947,47.71261],[-122.29729,47.71239],[-122.29849,47.71085],[-122.29709,47.70954],[-122.2945,47.70976]]]}},{"type":"Feature","properties":{"i":1376},"geometry":{"type":"Polygon","coordinates":[[[-122.31508,47.72373],[-122.31388,47.72527],[-122.31528,47.72658],[-122.31788,47.72635],[-122.31907,47.72481],[-122.31767,47.7235],[-122.31508,47.72373]]]}},{"type":"Feature","properties":{"i":1377},"geometry":{"type":"Polygon","coordinates":[[[-122.32144,47.54084],[-122.32025,47.54238],[-122.32164,47.5437],[-122.32423,47.54347],[-122.32542,47.54193],[-122.32402,47.54061],[-122.32144,47.54084]]]}},{"type":"Feature","properties":{"i":1378},"geometry":{"type":"Polygon","coordinates":[[[-122.28977,47.53499],[-122.28857,47.53653],[-122.28997,47.53785],[-122.29256,47.53762],[-122.29375,47.53608],[-122.29235,47.53476],[-122.28977,47.53499]]]}},{"type":"Feature","properties":{"i":1379},"geometry":{"type":"Polygon","coordinates":[[[-122.2908,47.65844],[-122.28961,47.65998],[-122.29101,47.66129],[-122.2936,47.66106],[-122.29479,47.65952],[-122.2934,47.65821],[-122.2908,47.65844]]]}},{"type":"Feature","properties":{"i":1380},"geometry":{"type":"Polygon","coordinates":[[[-122.3208,47.69455],[-122.3196,47.69609],[-122.321,47.6974],[-122.3236,47.69717],[-122.32479,47.69563],[-122.32339,47.69432],[-122.3208,47.69455]]]}},{"type":"Feature","properties":{"i":1381},"geometry":{"type":"Polygon","coordinates":[[[-122.29621,47.57036],[-122.29502,47.5719],[-122.29641,47.57322],[-122.299,47.57299],[-122.30019,47.57145],[-122.2988,47.57013],[-122.29621,47.57036]]]}},{"type":"Feature","properties":{"i":1382},"geometry":{"type":"Polygon","coordinates":[[[-122.29489,47.60639],[-122.29369,47.60793],[-122.29509,47.60925],[-122.29768,47.60902],[-122.29887,47.60748],[-122.29748,47.60617],[-122.29489,47.60639]]]}},{"type":"Feature","properties":{"i":1383},"geometry":{"type":"Polygon","coordinates":[[[-122.32121,47.70025],[-122.32002,47.70179],[-122.32142,47.7031],[-122.32401,47.70287],[-122.3252,47.70133],[-122.3238,47.70002],[-122.32121,47.70025]]]}},{"type":"Feature","properties":{"i":1384},"geometry":{"type":"Polygon","coordinates":[[[-122.35994,47.64088],[-122.35875,47.64242],[-122.36015,47.64373],[-122.36274,47.6435],[-122.36393,47.64196],[-122.36253,47.64065],[-122.35994,47.64088]]]}},{"type":"Feature","properties":{"i":1385},"geometry":{"type":"Polygon","coordinates":[[[-122.30503,47.69306],[-122.30384,47.6946],[-122.30524,47.69591],[-122.30783,47.69569],[-122.30903,47.69415],[-122.30763,47.69283],[-122.30503,47.69306]]]}},{"type":"Feature","properties":{"i":1386},"geometry":{"type":"Polygon","coordinates":[[[-122.26463,47.5113],[-122.26344,47.51284],[-122.26484,47.51416],[-122.26743,47.51393],[-122.26862,47.51239],[-122.26722,47.51108],[-122.26463,47.5113]]]}},{"type":"Feature","properties":{"i":1387},"geometry":{"type":"Polygon","coordinates":[[[-122.35797,47.72139],[-122.35678,47.72293],[-122.35818,47.72424],[-122.36077,47.72401],[-122.36196,47.72247],[-122.36056,47.72116],[-122.35797,47.72139]]]}},{"type":"Feature","properties":{"i":1388},"geometry":{"type":"Polygon","coordinates":[[[-122.32597,47.60367],[-122.32477,47.60521],[-122.32617,47.60652],[-122.32876,47.60629],[-122.32995,47.60475],[-122.32856,47.60344],[-122.32597,47.60367]]]}},{"type":"Feature","properties":{"i":1389},"geometry":{"type":"Polygon","coordinates":[[[-122.32961,47.54587],[-122.32842,47.54741],[-122.32982,47.54873],[-122.33241,47.5485],[-122.3336,47.54696],[-122.3322,47.54564],[-122.32961,47.54587]]]}},{"type":"Feature","properties":{"i":1390},"geometry":{"type":"Polygon","coordinates":[[[-122.29794,47.54002],[-122.29675,47.54157],[-122.29814,47.54288],[-122.30073,47.54266],[-122.30192,47.54111],[-122.30053,47.5398],[-122.29794,47.54002]]]}},{"type":"Feature","properties":{"i":1391},"geometry":{"type":"Polygon","coordinates":[[[-122.37274,47.65554],[-122.37154,47.65708],[-122.37294,47.65839],[-122.37553,47.65816],[-122.37673,47.65662],[-122.37533,47.65531],[-122.37274,47.65554]]]}},{"type":"Feature","properties":{"i":1392},"geometry":{"type":"Polygon","coordinates":[[[-122.35429,47.61697],[-122.3531,47.61851],[-122.3545,47.61982],[-122.35709,47.61959],[-122.35828,47.61805],[-122.35688,47.61674],[-122.35429,47.61697]]]}},{"type":"Feature","properties":{"i":1393},"geometry":{"type":"Polygon","coordinates":[[[-122.33759,47.71028],[-122.3364,47.71182],[-122.3378,47.71313],[-122.34039,47.7129],[-122.34158,47.71136],[-122.34018,47.71005],[-122.33759,47.71028]]]}},{"type":"Feature","properties":{"i":1394},"geometry":{"type":"Polygon","coordinates":[[[-122.34708,47.67932],[-122.34589,47.68086],[-122.34729,47.68217],[-122.34988,47.68194],[-122.35108,47.6804],[-122.34968,47.67909],[-122.34708,47.67932]]]}},{"type":"Feature","properties":{"i":1395},"geometry":{"type":"Polygon","coordinates":[[[-122.3094,47.59076],[-122.30821,47.5923],[-122.30961,47.59361],[-122.31219,47.59338],[-122.31339,47.59184],[-122.31199,47.59053],[-122.3094,47.59076]]]}},{"type":"Feature","properties":{"i":1396},"geometry":{"type":"Polygon","coordinates":[[[-122.3226,47.61114],[-122.3214,47.61268],[-122.3228,47.614],[-122.32539,47.61377],[-122.32658,47.61223],[-122.32519,47.61092],[-122.3226,47.61114]]]}},{"type":"Feature","properties":{"i":1397},"geometry":{"type":"Polygon","coordinates":[[[-122.31536,47.6735],[-122.31417,47.67504],[-122.31557,47.67636],[-122.31816,47.67613],[-122.31935,47.67459],[-122.31796,47.67328],[-122.31536,47.6735]]]}},{"type":"Feature","properties":{"i":1398},"geometry":{"type":"Polygon","coordinates":[[[-122.26289,47.54165],[-122.2617,47.54319],[-122.2631,47.54451],[-122.26568,47.54428],[-122.26688,47.54274],[-122.26548,47.54143],[-122.26289,47.54165]]]}},{"type":"Feature","properties":{"i":1399},"geometry":{"type":"Polygon","coordinates":[[[-122.34301,47.56912],[-122.34182,47.57067],[-122.34322,47.57198],[-122.34581,47.57175],[-122.347,47.57021],[-122.3456,47.5689],[-122.34301,47.56912]]]}},{"type":"Feature","properties":{"i":1400},"geometry":{"type":"Polygon","coordinates":[[[-122.37968,47.64344],[-122.37848,47.64498],[-122.37988,47.64629],[-122.38247,47.64606],[-122.38366,47.64452],[-122.38227,47.64321],[-122.37968,47.64344]]]}},{"type":"Feature","properties":{"i":1401},"geometry":{"type":"Polygon","coordinates":[[[-122.37248,47.70577],[-122.37129,47.70731],[-122.37269,47.70862],[-122.37528,47.70839],[-122.37648,47.70685],[-122.37508,47.70554],[-122.37248,47.70577]]]}},{"type":"Feature","properties":{"i":1402},"geometry":{"type":"Polygon","coordinates":[[[-122.33188,47.57729],[-122.33069,47.57883],[-122.33209,47.58014],[-122.33467,47.57992],[-122.33587,47.57837],[-122.33447,47.57706],[-122.33188,47.57729]]]}},{"type":"Feature","properties":{"i":1403},"geometry":{"type":"Polygon","coordinates":[[[-122.31881,47.61291],[-122.31762,47.61445],[-122.31902,47.61577],[-122.32161,47.61554],[-122.3228,47.614],[-122.3214,47.61268],[-122.31881,47.61291]]]}},{"type":"Feature","properties":{"i":1404},"geometry":{"type":"Polygon","coordinates":[[[-122.32183,47.7088],[-122.32063,47.71034],[-122.32203,47.71165],[-122.32463,47.71142],[-122.32582,47.70988],[-122.32442,47.70857],[-122.32183,47.7088]]]}},{"type":"Feature","properties":{"i":1405},"geometry":{"type":"Polygon","coordinates":[[[-122.31129,47.7255],[-122.3101,47.72704],[-122.3115,47.72835],[-122.31409,47.72812],[-122.31528,47.72658],[-122.31388,47.72527],[-122.31129,47.7255]]]}},{"type":"Feature","properties":{"i":1406},"geometry":{"type":"Polygon","coordinates":[[[-122.31347,47.53866],[-122.31228,47.54021],[-122.31367,47.54152],[-122.31626,47.54129],[-122.31745,47.53975],[-122.31606,47.53844],[-122.31347,47.53866]]]}},{"type":"Feature","properties":{"i":1407},"geometry":{"type":"Polygon","coordinates":[[[-122.28415,47.62026],[-122.28296,47.6218],[-122.28436,47.62311],[-122.28695,47.62289],[-122.28814,47.62135],[-122.28674,47.62003],[-122.28415,47.62026]]]}},{"type":"Feature","properties":{"i":1408},"geometry":{"type":"Polygon","coordinates":[[[-122.3788,47.68513],[-122.37761,47.68667],[-122.37901,47.68798],[-122.3816,47.68775],[-122.3828,47.68621],[-122.3814,47.6849],[-122.3788,47.68513]]]}},{"type":"Feature","properties":{"i":1409},"geometry":{"type":"Polygon","coordinates":[[[-122.27955,47.71968],[-122.27835,47.72122],[-122.27975,47.72253],[-122.28235,47.7223],[-122.28354,47.72076],[-122.28214,47.71945],[-122.27955,47.71968]]]}},{"type":"Feature","properties":{"i":1410},"geometry":{"type":"Polygon","coordinates":[[[-122.28915,47.52642],[-122.28796,47.52796],[-122.28936,47.52927],[-122.29194,47.52905],[-122.29314,47.52751],[-122.29174,47.52619],[-122.28915,47.52642]]]}},{"type":"Feature","properties":{"i":1411},"geometry":{"type":"Polygon","coordinates":[[[-122.35445,47.67293],[-122.35325,47.67447],[-122.35465,47.67579],[-122.35724,47.67556],[-122.35844,47.67402],[-122.35704,47.67271],[-122.35445,47.67293]]]}},{"type":"Feature","properties":{"i":1412},"geometry":{"type":"Polygon","coordinates":[[[-122.33882,47.56518],[-122.33763,47.56672],[-122.33903,47.56804],[-122.34161,47.56781],[-122.34281,47.56627],[-122.34141,47.56495],[-122.33882,47.56518]]]}},{"type":"Feature","properties":{"i":1413},"geometry":{"type":"Polygon","coordinates":[[[-122.32878,47.69671],[-122.32759,47.69825],[-122.32899,47.69956],[-122.33158,47.69934],[-122.33277,47.6978],[-122.33137,47.69648],[-122.32878,47.69671]]]}},{"type":"Feature","properties":{"i":1414},"geometry":{"type":"Polygon","coordinates":[[[-122.2911,47.60816],[-122.28991,47.6097],[-122.29131,47.61102],[-122.2939,47.61079],[-122.29509,47.60925],[-122.29369,47.60793],[-122.2911,47.60816]]]}},{"type":"Feature","properties":{"i":1415},"geometry":{"type":"Polygon","coordinates":[[[-122.29705,47.69089],[-122.29586,47.69243],[-122.29726,47.69374],[-122.29985,47.69352],[-122.30104,47.69198],[-122.29964,47.69067],[-122.29705,47.69089]]]}},{"type":"Feature","properties":{"i":1416},"geometry":{"type":"Polygon","coordinates":[[[-122.2725,47.56669],[-122.2713,47.56823],[-122.2727,47.56954],[-122.27529,47.56932],[-122.27648,47.56778],[-122.27508,47.56646],[-122.2725,47.56669]]]}},{"type":"Feature","properties":{"i":1417},"geometry":{"type":"Polygon","coordinates":[[[-122.26085,47.51307],[-122.25966,47.51461],[-122.26106,47.51593],[-122.26365,47.5157],[-122.26484,47.51416],[-122.26344,47.51284],[-122.26085,47.51307]]]}},{"type":"Feature","properties":{"i":1418},"geometry":{"type":"Polygon","coordinates":[[[-122.35418,47.72316],[-122.35299,47.72469],[-122.35439,47.726],[-122.35698,47.72578],[-122.35818,47.72424],[-122.35678,47.72293],[-122.35418,47.72316]]]}},{"type":"Feature","properties":{"i":1419},"geometry":{"type":"Polygon","coordinates":[[[-122.31359,47.5947],[-122.3124,47.59624],[-122.3138,47.59755],[-122.31639,47.59733],[-122.31758,47.59578],[-122.31618,47.59447],[-122.31359,47.5947]]]}},{"type":"Feature","properties":{"i":1420},"geometry":{"type":"Polygon","coordinates":[[[-122.32308,47.56369],[-122.32189,47.56523],[-122.32329,47.56655],[-122.32588,47.56632],[-122.32707,47.56478],[-122.32567,47.56346],[-122.32308,47.56369]]]}},{"type":"Feature","properties":{"i":1421},"geometry":{"type":"Polygon","coordinates":[[[-122.39039,47.62957],[-122.3892,47.63111],[-122.3906,47.63243],[-122.39319,47.6322],[-122.39438,47.63066],[-122.39298,47.62934],[-122.39039,47.62957]]]}},{"type":"Feature","properties":{"i":1422},"geometry":{"type":"Polygon","coordinates":[[[-122.29876,47.55145],[-122.29757,47.553],[-122.29896,47.55431],[-122.30155,47.55408],[-122.30274,47.55254],[-122.30135,47.55123],[-122.29876,47.55145]]]}},{"type":"Feature","properties":{"i":1423},"geometry":{"type":"Polygon","coordinates":[[[-122.31187,47.62501],[-122.31067,47.62655],[-122.31207,47.62786],[-122.31466,47.62764],[-122.31585,47.62609],[-122.31446,47.62478],[-122.31187,47.62501]]]}},{"type":"Feature","properties":{"i":1424},"geometry":{"type":"Polygon","coordinates":[[[-122.27668,47.67977],[-122.27549,47.6813],[-122.27689,47.68262],[-122.27948,47.68239],[-122.28067,47.68085],[-122.27927,47.67954],[-122.27668,47.67977]]]}},{"type":"Feature","properties":{"i":1425},"geometry":{"type":"Polygon","coordinates":[[[-122.28885,47.57675],[-122.28766,47.57829],[-122.28905,47.57961],[-122.29164,47.57938],[-122.29284,47.57784],[-122.29144,47.57653],[-122.28885,47.57675]]]}},{"type":"Feature","properties":{"i":1426},"geometry":{"type":"Polygon","coordinates":[[[-122.3347,47.67037],[-122.33351,47.67191],[-122.33491,47.67322],[-122.3375,47.67299],[-122.33869,47.67145],[-122.33729,47.67014],[-122.3347,47.67037]]]}},{"type":"Feature","properties":{"i":1427},"geometry":{"type":"Polygon","coordinates":[[[-122.30143,47.58858],[-122.30023,47.59012],[-122.30163,47.59144],[-122.30422,47.59121],[-122.30541,47.58967],[-122.30402,47.58836],[-122.30143,47.58858]]]}},{"type":"Feature","properties":{"i":1428},"geometry":{"type":"Polygon","coordinates":[[[-122.33814,47.60978],[-122.33694,47.61132],[-122.33834,47.61263],[-122.34093,47.6124],[-122.34212,47.61086],[-122.34072,47.60955],[-122.33814,47.60978]]]}},{"type":"Feature","properties":{"i":1429},"geometry":{"type":"Polygon","coordinates":[[[-122.30298,47.66455],[-122.30179,47.66609],[-122.30319,47.6674],[-122.30578,47.66717],[-122.30697,47.66563],[-122.30557,47.66432],[-122.30298,47.66455]]]}},{"type":"Feature","properties":{"i":1430},"geometry":{"type":"Polygon","coordinates":[[[-122.27842,47.5403],[-122.27723,47.54184],[-122.27863,47.54315],[-122.28122,47.54293],[-122.28241,47.54138],[-122.28101,47.54007],[-122.27842,47.5403]]]}},{"type":"Feature","properties":{"i":1431},"geometry":{"type":"Polygon","coordinates":[[[-122.39962,47.64885],[-122.39843,47.65039],[-122.39983,47.6517],[-122.40242,47.65147],[-122.40361,47.64993],[-122.40221,47.64862],[-122.39962,47.64885]]]}},{"type":"Feature","properties":{"i":1432},"geometry":{"type":"Polygon","coordinates":[[[-122.25294,47.6761],[-122.25174,47.67764],[-122.25314,47.67895],[-122.25573,47.67873],[-122.25693,47.67719],[-122.25553,47.67587],[-122.25294,47.6761]]]}},{"type":"Feature","properties":{"i":1433},"geometry":{"type":"Polygon","coordinates":[[[-122.3645,47.7036],[-122.36331,47.70514],[-122.36471,47.70645],[-122.3673,47.70622],[-122.36849,47.70469],[-122.36709,47.70337],[-122.3645,47.7036]]]}},{"type":"Feature","properties":{"i":1434},"geometry":{"type":"Polygon","coordinates":[[[-122.33985,47.57946],[-122.33866,47.581],[-122.34006,47.58232],[-122.34265,47.58209],[-122.34384,47.58055],[-122.34244,47.57923],[-122.33985,47.57946]]]}},{"type":"Feature","properties":{"i":1435},"geometry":{"type":"Polygon","coordinates":[[[-122.31804,47.71057],[-122.31685,47.7121],[-122.31825,47.71342],[-122.32084,47.71319],[-122.32203,47.71165],[-122.32063,47.71034],[-122.31804,47.71057]]]}},{"type":"Feature","properties":{"i":1436},"geometry":{"type":"Polygon","coordinates":[[[-122.29356,47.64241],[-122.29237,47.64395],[-122.29377,47.64526],[-122.29636,47.64503],[-122.29755,47.64349],[-122.29615,47.64218],[-122.29356,47.64241]]]}},{"type":"Feature","properties":{"i":1437},"geometry":{"type":"Polygon","coordinates":[[[-122.31475,47.66495],[-122.31355,47.66649],[-122.31495,47.6678],[-122.31754,47.66757],[-122.31874,47.66603],[-122.31734,47.66472],[-122.31475,47.66495]]]}},{"type":"Feature","properties":{"i":1438},"geometry":{"type":"Polygon","coordinates":[[[-122.2863,47.70474],[-122.28511,47.70628],[-122.28651,47.7076],[-122.2891,47.70737],[-122.2903,47.70583],[-122.2889,47.70452],[-122.2863,47.70474]]]}},{"type":"Feature","properties":{"i":1439},"geometry":{"type":"Polygon","coordinates":[[[-122.28537,47.52818],[-122.28418,47.52973],[-122.28558,47.53104],[-122.28816,47.53082],[-122.28936,47.52927],[-122.28796,47.52796],[-122.28537,47.52818]]]}},{"type":"Feature","properties":{"i":1440},"geometry":{"type":"Polygon","coordinates":[[[-122.35155,47.633],[-122.35035,47.63455],[-122.35175,47.63586],[-122.35434,47.63563],[-122.35554,47.63409],[-122.35414,47.63278],[-122.35155,47.633]]]}},{"type":"Feature","properties":{"i":1441},"geometry":{"type":"Polygon","coordinates":[[[-122.34433,47.69534],[-122.34314,47.69688],[-122.34454,47.69819],[-122.34713,47.69797],[-122.34833,47.69643],[-122.34693,47.69511],[-122.34433,47.69534]]]}},{"type":"Feature","properties":{"i":1442},"geometry":{"type":"Polygon","coordinates":[[[-122.28445,47.56995],[-122.28326,47.57149],[-122.28466,47.57281],[-122.28725,47.57258],[-122.28844,47.57104],[-122.28704,47.56973],[-122.28445,47.56995]]]}},{"type":"Feature","properties":{"i":1443},"geometry":{"type":"Polygon","coordinates":[[[-122.31104,47.61359],[-122.30985,47.61513],[-122.31125,47.61645],[-122.31384,47.61622],[-122.31503,47.61468],[-122.31363,47.61337],[-122.31104,47.61359]]]}},{"type":"Feature","properties":{"i":1444},"geometry":{"type":"Polygon","coordinates":[[[-122.31984,47.62718],[-122.31865,47.62872],[-122.32005,47.63003],[-122.32264,47.62981],[-122.32383,47.62827],[-122.32243,47.62695],[-122.31984,47.62718]]]}},{"type":"Feature","properties":{"i":1445},"geometry":{"type":"Polygon","coordinates":[[[-122.31261,47.68953],[-122.31141,47.69107],[-122.31281,47.69238],[-122.31541,47.69215],[-122.3166,47.69061],[-122.3152,47.6893],[-122.31261,47.68953]]]}},{"type":"Feature","properties":{"i":1446},"geometry":{"type":"Polygon","coordinates":[[[-122.28671,47.60136],[-122.28551,47.60291],[-122.28691,47.60422],[-122.2895,47.60399],[-122.29069,47.60245],[-122.2893,47.60114],[-122.28671,47.60136]]]}},{"type":"Feature","properties":{"i":1447},"geometry":{"type":"Polygon","coordinates":[[[-122.38134,47.66625],[-122.38015,47.66779],[-122.38155,47.66911],[-122.38414,47.66888],[-122.38533,47.66734],[-122.38393,47.66603],[-122.38134,47.66625]]]}},{"type":"Feature","properties":{"i":1448},"geometry":{"type":"Polygon","coordinates":[[[-122.28077,47.51852],[-122.27958,47.52006],[-122.28098,47.52138],[-122.28357,47.52115],[-122.28476,47.51961],[-122.28336,47.51829],[-122.28077,47.51852]]]}},{"type":"Feature","properties":{"i":1449},"geometry":{"type":"Polygon","coordinates":[[[-122.32157,47.59687],[-122.32038,47.59841],[-122.32177,47.59973],[-122.32436,47.5995],[-122.32555,47.59796],[-122.32416,47.59664],[-122.32157,47.59687]]]}},{"type":"Feature","properties":{"i":1450},"geometry":{"type":"Polygon","coordinates":[[[-122.31072,47.55472],[-122.30952,47.55626],[-122.31092,47.55757],[-122.31351,47.55735],[-122.3147,47.5558],[-122.3133,47.55449],[-122.31072,47.55472]]]}},{"type":"Feature","properties":{"i":1451},"geometry":{"type":"Polygon","coordinates":[[[-122.25646,47.50626],[-122.25527,47.5078],[-122.25667,47.50912],[-122.25926,47.50889],[-122.26045,47.50735],[-122.25905,47.50603],[-122.25646,47.50626]]]}},{"type":"Feature","properties":{"i":1452},"geometry":{"type":"Polygon","coordinates":[[[-122.29498,47.55322],[-122.29379,47.55476],[-122.29518,47.55608],[-122.29777,47.55585],[-122.29896,47.55431],[-122.29757,47.553],[-122.29498,47.55322]]]}},{"type":"Feature","properties":{"i":1453},"geometry":{"type":"Polygon","coordinates":[[[-122.31125,47.61645],[-122.31006,47.61799],[-122.31145,47.6193],[-122.31405,47.61907],[-122.31524,47.61753],[-122.31384,47.61622],[-122.31125,47.61645]]]}},{"type":"Feature","properties":{"i":1454},"geometry":{"type":"Polygon","coordinates":[[[-122.36097,47.65514],[-122.35978,47.65668],[-122.36118,47.65799],[-122.36377,47.65776],[-122.36496,47.65622],[-122.36357,47.65491],[-122.36097,47.65514]]]}},{"type":"Feature","properties":{"i":1455},"geometry":{"type":"Polygon","coordinates":[[[-122.34611,47.61195],[-122.34492,47.61349],[-122.34632,47.6148],[-122.34891,47.61457],[-122.3501,47.61303],[-122.3487,47.61172],[-122.34611,47.61195]]]}},{"type":"Feature","properties":{"i":1456},"geometry":{"type":"Polygon","coordinates":[[[-122.31096,47.66672],[-122.30977,47.66826],[-122.31117,47.66957],[-122.31376,47.66934],[-122.31495,47.6678],[-122.31355,47.66649],[-122.31096,47.66672]]]}},{"type":"Feature","properties":{"i":1457},"geometry":{"type":"Polygon","coordinates":[[[-122.34316,47.62513],[-122.34196,47.62667],[-122.34336,47.62798],[-122.34595,47.62775],[-122.34714,47.62621],[-122.34575,47.6249],[-122.34316,47.62513]]]}},{"type":"Feature","properties":{"i":1458},"geometry":{"type":"Polygon","coordinates":[[[-122.30289,47.71763],[-122.3017,47.71917],[-122.3031,47.72048],[-122.30569,47.72025],[-122.30689,47.71871],[-122.30549,47.7174],[-122.30289,47.71763]]]}},{"type":"Feature","properties":{"i":1459},"geometry":{"type":"Polygon","coordinates":[[[-122.38724,47.6399],[-122.38605,47.64144],[-122.38744,47.64275],[-122.39003,47.64252],[-122.39123,47.64098],[-122.38983,47.63967],[-122.38724,47.6399]]]}},{"type":"Feature","properties":{"i":1460},"geometry":{"type":"Polygon","coordinates":[[[-122.24915,47.67787],[-122.24795,47.67941],[-122.24935,47.68072],[-122.25195,47.68049],[-122.25314,47.67895],[-122.25174,47.67764],[-122.24915,47.67787]]]}},{"type":"Feature","properties":{"i":1461},"geometry":{"type":"Polygon","coordinates":[[[-122.34522,47.65366],[-122.34403,47.6552],[-122.34543,47.65651],[-122.34802,47.65628],[-122.34921,47.65474],[-122.34781,47.65343],[-122.34522,47.65366]]]}},{"type":"Feature","properties":{"i":1462},"geometry":{"type":"Polygon","coordinates":[[[-122.26024,47.50449],[-122.25905,47.50603],[-122.26045,47.50735],[-122.26304,47.50713],[-122.26423,47.50558],[-122.26283,47.50427],[-122.26024,47.50449]]]}},{"type":"Feature","properties":{"i":1463},"geometry":{"type":"Polygon","coordinates":[[[-122.32748,47.57049],[-122.32629,47.57203],[-122.32769,47.57335],[-122.33028,47.57312],[-122.33147,47.57158],[-122.33007,47.57026],[-122.32748,47.57049]]]}},{"type":"Feature","properties":{"i":1464},"geometry":{"type":"Polygon","coordinates":[[[-122.31006,47.7084],[-122.30886,47.70994],[-122.31026,47.71125],[-122.31285,47.71102],[-122.31405,47.70948],[-122.31265,47.70817],[-122.31006,47.7084]]]}},{"type":"Feature","properties":{"i":1465},"geometry":{"type":"Polygon","coordinates":[[[-122.40233,47.68591],[-122.40114,47.68745],[-122.40254,47.68876],[-122.40513,47.68854],[-122.40632,47.687],[-122.40492,47.68568],[-122.40233,47.68591]]]}},{"type":"Feature","properties":{"i":1466},"geometry":{"type":"Polygon","coordinates":[[[-122.32087,47.64145],[-122.31968,47.64299],[-122.32108,47.6443],[-122.32367,47.64407],[-122.32486,47.64253],[-122.32346,47.64122],[-122.32087,47.64145]]]}},{"type":"Feature","properties":{"i":1467},"geometry":{"type":"Polygon","coordinates":[[[-122.28569,47.69619],[-122.2845,47.69773],[-122.28589,47.69904],[-122.28849,47.69882],[-122.28968,47.69728],[-122.28828,47.69597],[-122.28569,47.69619]]]}},{"type":"Feature","properties":{"i":1468},"geometry":{"type":"Polygon","coordinates":[[[-122.30529,47.53363],[-122.3041,47.53517],[-122.3055,47.53649],[-122.30809,47.53626],[-122.30928,47.53472],[-122.30788,47.5334],[-122.30529,47.53363]]]}},{"type":"Feature","properties":{"i":1469},"geometry":{"type":"Polygon","coordinates":[[[-122.37061,47.68011],[-122.36942,47.68165],[-122.37082,47.68297],[-122.37341,47.68274],[-122.37461,47.6812],[-122.37321,47.67989],[-122.37061,47.68011]]]}},{"type":"Feature","properties":{"i":1470},"geometry":{"type":"Polygon","coordinates":[[[-122.27545,47.66265],[-122.27426,47.66419],[-122.27566,47.66551],[-122.27825,47.66528],[-122.27945,47.66374],[-122.27805,47.66243],[-122.27545,47.66265]]]}},{"type":"Feature","properties":{"i":1471},"geometry":{"type":"Polygon","coordinates":[[[-122.31174,47.569],[-122.31055,47.57054],[-122.31195,47.57185],[-122.31454,47.57163],[-122.31573,47.57009],[-122.31433,47.56877],[-122.31174,47.569]]]}},{"type":"Feature","properties":{"i":1472},"geometry":{"type":"Polygon","coordinates":[[[-122.29867,47.60463],[-122.29748,47.60617],[-122.29887,47.60748],[-122.30146,47.60725],[-122.30266,47.60571],[-122.30126,47.6044],[-122.29867,47.60463]]]}},{"type":"Feature","properties":{"i":1473},"geometry":{"type":"Polygon","coordinates":[[[-122.32782,47.62935],[-122.32663,47.63089],[-122.32803,47.6322],[-122.33062,47.63198],[-122.33181,47.63044],[-122.33041,47.62912],[-122.32782,47.62935]]]}},{"type":"Feature","properties":{"i":1474},"geometry":{"type":"Polygon","coordinates":[[[-122.32059,47.6917],[-122.3194,47.69323],[-122.3208,47.69455],[-122.32339,47.69432],[-122.32458,47.69278],[-122.32318,47.69147],[-122.32059,47.6917]]]}},{"type":"Feature","properties":{"i":1475},"geometry":{"type":"Polygon","coordinates":[[[-122.37336,47.66409],[-122.37217,47.66563],[-122.37357,47.66694],[-122.37616,47.66671],[-122.37735,47.66517],[-122.37595,47.66386],[-122.37336,47.66409]]]}},{"type":"Feature","properties":{"i":1476},"geometry":{"type":"Polygon","coordinates":[[[-122.28292,47.60313],[-122.28173,47.60467],[-122.28313,47.60599],[-122.28572,47.60576],[-122.28691,47.60422],[-122.28551,47.60291],[-122.28292,47.60313]]]}},{"type":"Feature","properties":{"i":1477},"geometry":{"type":"Polygon","coordinates":[[[-122.39688,47.66488],[-122.39569,47.66642],[-122.39709,47.66773],[-122.39968,47.6675],[-122.40087,47.66596],[-122.39947,47.66465],[-122.39688,47.66488]]]}},{"type":"Feature","properties":{"i":1478},"geometry":{"type":"Polygon","coordinates":[[[-122.26841,47.50953],[-122.26722,47.51108],[-122.26862,47.51239],[-122.27121,47.51217],[-122.2724,47.51062],[-122.271,47.50931],[-122.26841,47.50953]]]}},{"type":"Feature","properties":{"i":1479},"geometry":{"type":"Polygon","coordinates":[[[-122.36175,47.71962],[-122.36056,47.72116],[-122.36196,47.72247],[-122.36455,47.72224],[-122.36575,47.7207],[-122.36435,47.71939],[-122.36175,47.71962]]]}},{"type":"Feature","properties":{"i":1480},"geometry":{"type":"Polygon","coordinates":[[[-122.3371,47.5955],[-122.33591,47.59705],[-122.33731,47.59836],[-122.3399,47.59813],[-122.34109,47.59659],[-122.33969,47.59528],[-122.3371,47.5955]]]}},{"type":"Feature","properties":{"i":1481},"geometry":{"type":"Polygon","coordinates":[[[-122.31869,47.55689],[-122.31749,47.55843],[-122.31889,47.55975],[-122.32148,47.55952],[-122.32267,47.55798],[-122.32127,47.55666],[-122.31869,47.55689]]]}},{"type":"Feature","properties":{"i":1482},"geometry":{"type":"Polygon","coordinates":[[[-122.26829,47.67189],[-122.2671,47.67343],[-122.26849,47.67474],[-122.27109,47.67452],[-122.27228,47.67298],[-122.27088,47.67166],[-122.26829,47.67189]]]}},{"type":"Feature","properties":{"i":1483},"geometry":{"type":"Polygon","coordinates":[[[-122.25268,47.50803],[-122.25149,47.50957],[-122.25289,47.51089],[-122.25547,47.51066],[-122.25667,47.50912],[-122.25527,47.5078],[-122.25268,47.50803]]]}},{"type":"Feature","properties":{"i":1484},"geometry":{"type":"Polygon","coordinates":[[[-122.28701,47.55104],[-122.28582,47.55259],[-122.28721,47.5539],[-122.2898,47.55368],[-122.29099,47.55213],[-122.2896,47.55082],[-122.28701,47.55104]]]}},{"type":"Feature","properties":{"i":1485},"geometry":{"type":"Polygon","coordinates":[[[-122.30747,47.61822],[-122.30627,47.61976],[-122.30767,47.62107],[-122.31026,47.62084],[-122.31145,47.6193],[-122.31006,47.61799],[-122.30747,47.61822]]]}},{"type":"Feature","properties":{"i":1486},"geometry":{"type":"Polygon","coordinates":[[[-122.32981,47.71096],[-122.32862,47.7125],[-122.33002,47.71381],[-122.33261,47.71359],[-122.33381,47.71205],[-122.33241,47.71074],[-122.32981,47.71096]]]}},{"type":"Feature","properties":{"i":1487},"geometry":{"type":"Polygon","coordinates":[[[-122.3618,47.66655],[-122.36061,47.66809],[-122.36201,47.6694],[-122.3646,47.66917],[-122.36579,47.66763],[-122.36439,47.66632],[-122.3618,47.66655]]]}},{"type":"Feature","properties":{"i":1488},"geometry":{"type":"Polygon","coordinates":[[[-122.33373,47.60298],[-122.33254,47.60452],[-122.33394,47.60584],[-122.33653,47.60561],[-122.33772,47.60407],[-122.33632,47.60275],[-122.33373,47.60298]]]}},{"type":"Feature","properties":{"i":1489},"geometry":{"type":"Polygon","coordinates":[[[-122.26667,47.53988],[-122.26548,47.54143],[-122.26688,47.54274],[-122.26947,47.54252],[-122.27066,47.54097],[-122.26926,47.53966],[-122.26667,47.53988]]]}},{"type":"Feature","properties":{"i":1490},"geometry":{"type":"Polygon","coordinates":[[[-122.39521,47.64207],[-122.39402,47.64361],[-122.39542,47.64492],[-122.39801,47.64469],[-122.3992,47.64315],[-122.3978,47.64184],[-122.39521,47.64207]]]}},{"type":"Feature","properties":{"i":1491},"geometry":{"type":"Polygon","coordinates":[[[-122.34646,47.67077],[-122.34527,47.67231],[-122.34667,47.67362],[-122.34926,47.67339],[-122.35045,47.67185],[-122.34906,47.67054],[-122.34646,47.67077]]]}},{"type":"Feature","properties":{"i":1492},"geometry":{"type":"Polygon","coordinates":[[[-122.26821,47.50667],[-122.26702,47.50822],[-122.26841,47.50953],[-122.271,47.50931],[-122.27219,47.50776],[-122.2708,47.50645],[-122.26821,47.50667]]]}},{"type":"Feature","properties":{"i":1493},"geometry":{"type":"Polygon","coordinates":[[[-122.33284,47.6447],[-122.33165,47.64624],[-122.33305,47.64755],[-122.33564,47.64732],[-122.33683,47.64578],[-122.33543,47.64447],[-122.33284,47.6447]]]}},{"type":"Feature","properties":{"i":1494},"geometry":{"type":"Polygon","coordinates":[[[-122.27914,47.71398],[-122.27794,47.71552],[-122.27934,47.71683],[-122.28194,47.7166],[-122.28313,47.71506],[-122.28173,47.71375],[-122.27914,47.71398]]]}},{"type":"Feature","properties":{"i":1495},"geometry":{"type":"Polygon","coordinates":[[[-122.39435,47.68375],[-122.39316,47.68529],[-122.39456,47.6866],[-122.39715,47.68637],[-122.39834,47.68483],[-122.39694,47.68352],[-122.39435,47.68375]]]}},{"type":"Feature","properties":{"i":1496},"geometry":{"type":"Polygon","coordinates":[[[-122.31709,47.64321],[-122.3159,47.64475],[-122.3173,47.64607],[-122.31989,47.64584],[-122.32108,47.6443],[-122.31968,47.64299],[-122.31709,47.64321]]]}},{"type":"Feature","properties":{"i":1497},"geometry":{"type":"Polygon","coordinates":[[[-122.2819,47.69796],[-122.28071,47.6995],[-122.28211,47.70081],[-122.2847,47.70058],[-122.28589,47.69904],[-122.2845,47.69773],[-122.2819,47.69796]]]}},{"type":"Feature","properties":{"i":1498},"geometry":{"type":"Polygon","coordinates":[[[-122.29293,47.52465],[-122.29174,47.52619],[-122.29314,47.52751],[-122.29572,47.52728],[-122.29691,47.52574],[-122.29552,47.52442],[-122.29293,47.52465]]]}},{"type":"Feature","properties":{"i":1499},"geometry":{"type":"Polygon","coordinates":[[[-122.36999,47.67156],[-122.3688,47.6731],[-122.3702,47.67441],[-122.37279,47.67418],[-122.37398,47.67264],[-122.37258,47.67133],[-122.36999,47.67156]]]}},{"type":"Feature","properties":{"i":1500},"geometry":{"type":"Polygon","coordinates":[[[-122.36771,47.64019],[-122.36652,47.64173],[-122.36792,47.64304],[-122.37051,47.64282],[-122.3717,47.64127],[-122.3703,47.63996],[-122.36771,47.64019]]]}},{"type":"Feature","properties":{"i":1501},"geometry":{"type":"Polygon","coordinates":[[[-122.33257,47.69495],[-122.33137,47.69648],[-122.33277,47.6978],[-122.33537,47.69757],[-122.33656,47.69603],[-122.33516,47.69472],[-122.33257,47.69495]]]}},{"type":"Feature","properties":{"i":1502},"geometry":{"type":"Polygon","coordinates":[[[-122.30796,47.57077],[-122.30677,47.57231],[-122.30817,47.57362],[-122.31076,47.5734],[-122.31195,47.57185],[-122.31055,47.57054],[-122.30796,47.57077]]]}},{"type":"Feature","properties":{"i":1503},"geometry":{"type":"Polygon","coordinates":[[[-122.30664,47.6068],[-122.30545,47.60834],[-122.30685,47.60965],[-122.30944,47.60943],[-122.31063,47.60789],[-122.30923,47.60657],[-122.30664,47.6068]]]}},{"type":"Feature","properties":{"i":1504},"geometry":{"type":"Polygon","coordinates":[[[-122.34336,47.62798],[-122.34217,47.62952],[-122.34357,47.63084],[-122.34616,47.63061],[-122.34735,47.62907],[-122.34595,47.62775],[-122.34336,47.62798]]]}},{"type":"Feature","properties":{"i":1505},"geometry":{"type":"Polygon","coordinates":[[[-122.3082,47.68274],[-122.30701,47.68428],[-122.30841,47.68559],[-122.311,47.68537],[-122.3122,47.68383],[-122.3108,47.68251],[-122.3082,47.68274]]]}},{"type":"Feature","properties":{"i":1506},"geometry":{"type":"Polygon","coordinates":[[[-122.27628,47.56492],[-122.27508,47.56646],[-122.27648,47.56778],[-122.27907,47.56755],[-122.28026,47.56601],[-122.27887,47.56469],[-122.27628,47.56492]]]}},{"type":"Feature","properties":{"i":1507},"geometry":{"type":"Polygon","coordinates":[[[-122.27638,47.51171],[-122.27519,47.51326],[-122.27659,47.51457],[-122.27917,47.51435],[-122.28037,47.5128],[-122.27897,47.51149],[-122.27638,47.51171]]]}},{"type":"Feature","properties":{"i":1508},"geometry":{"type":"Polygon","coordinates":[[[-122.36974,47.72178],[-122.36855,47.72332],[-122.36995,47.72463],[-122.37254,47.7244],[-122.37373,47.72286],[-122.37233,47.72155],[-122.36974,47.72178]]]}},{"type":"Feature","properties":{"i":1509},"geometry":{"type":"Polygon","coordinates":[[[-122.34138,47.70851],[-122.34018,47.71005],[-122.34158,47.71136],[-122.34418,47.71113],[-122.34537,47.70959],[-122.34397,47.70828],[-122.34138,47.70851]]]}},{"type":"Feature","properties":{"i":1510},"geometry":{"type":"Polygon","coordinates":[[[-122.33422,47.55553],[-122.33302,47.55707],[-122.33442,47.55838],[-122.33701,47.55816],[-122.3382,47.55661],[-122.3368,47.5553],[-122.33422,47.55553]]]}},{"type":"Feature","properties":{"i":1511},"geometry":{"type":"Polygon","coordinates":[[[-122.29254,47.62814],[-122.29134,47.62968],[-122.29274,47.63099],[-122.29533,47.63077],[-122.29653,47.62923],[-122.29513,47.62791],[-122.29254,47.62814]]]}},{"type":"Feature","properties":{"i":1512},"geometry":{"type":"Polygon","coordinates":[[[-122.29855,47.5486],[-122.29736,47.55014],[-122.29876,47.55145],[-122.30135,47.55123],[-122.30254,47.54968],[-122.30114,47.54837],[-122.29855,47.5486]]]}},{"type":"Feature","properties":{"i":1513},"geometry":{"type":"Polygon","coordinates":[[[-122.27627,47.67406],[-122.27508,47.6756],[-122.27648,47.67691],[-122.27907,47.67669],[-122.28026,47.67515],[-122.27887,47.67383],[-122.27627,47.67406]]]}},{"type":"Feature","properties":{"i":1514},"geometry":{"type":"Polygon","coordinates":[[[-122.30254,47.54968],[-122.30135,47.55123],[-122.30274,47.55254],[-122.30533,47.55231],[-122.30652,47.55077],[-122.30513,47.54946],[-122.30254,47.54968]]]}},{"type":"Feature","properties":{"i":1515},"geometry":{"type":"Polygon","coordinates":[[[-122.30093,47.63602],[-122.29973,47.63756],[-122.30113,47.63887],[-122.30372,47.63865],[-122.30492,47.63711],[-122.30352,47.63579],[-122.30093,47.63602]]]}},{"type":"Feature","properties":{"i":1516},"geometry":{"type":"Polygon","coordinates":[[[-122.34537,47.70959],[-122.34418,47.71113],[-122.34558,47.71244],[-122.34817,47.71222],[-122.34936,47.71068],[-122.34796,47.70937],[-122.34537,47.70959]]]}},{"type":"Feature","properties":{"i":1517},"geometry":{"type":"Polygon","coordinates":[[[-122.32692,47.67105],[-122.32573,47.67259],[-122.32713,47.6739],[-122.32972,47.67368],[-122.33091,47.67214],[-122.32952,47.67083],[-122.32692,47.67105]]]}},{"type":"Feature","properties":{"i":1518},"geometry":{"type":"Polygon","coordinates":[[[-122.28926,47.58246],[-122.28807,47.58401],[-122.28946,47.58532],[-122.29205,47.58509],[-122.29325,47.58355],[-122.29185,47.58224],[-122.28926,47.58246]]]}},{"type":"Feature","properties":{"i":1519},"geometry":{"type":"Polygon","coordinates":[[[-122.35802,47.66831],[-122.35683,47.66985],[-122.35823,47.67117],[-122.36082,47.67094],[-122.36201,47.6694],[-122.36061,47.66809],[-122.35802,47.66831]]]}},{"type":"Feature","properties":{"i":1520},"geometry":{"type":"Polygon","coordinates":[[[-122.3589,47.62661],[-122.35771,47.62815],[-122.35911,47.62947],[-122.3617,47.62924],[-122.36289,47.6277],[-122.36149,47.62638],[-122.3589,47.62661]]]}},{"type":"Feature","properties":{"i":1521},"geometry":{"type":"Polygon","coordinates":[[[-122.38404,47.70331],[-122.38285,47.70485],[-122.38425,47.70616],[-122.38684,47.70593],[-122.38804,47.70439],[-122.38664,47.70308],[-122.38404,47.70331]]]}},{"type":"Feature","properties":{"i":1522},"geometry":{"type":"Polygon","coordinates":[[[-122.30257,47.65884],[-122.30138,47.66038],[-122.30277,47.66169],[-122.30537,47.66147],[-122.30656,47.65993],[-122.30516,47.65861],[-122.30257,47.65884]]]}},{"type":"Feature","properties":{"i":1523},"geometry":{"type":"Polygon","coordinates":[[[-122.40864,47.66527],[-122.40745,47.66681],[-122.40885,47.66812],[-122.41144,47.66789],[-122.41263,47.66635],[-122.41123,47.66504],[-122.40864,47.66527]]]}},{"type":"Feature","properties":{"i":1524},"geometry":{"type":"Polygon","coordinates":[[[-122.35232,47.69751],[-122.35113,47.69905],[-122.35253,47.70036],[-122.35512,47.70013],[-122.35631,47.69859],[-122.35491,47.69728],[-122.35232,47.69751]]]}},{"type":"Feature","properties":{"i":1525},"geometry":{"type":"Polygon","coordinates":[[[-122.31907,47.72481],[-122.31788,47.72635],[-122.31928,47.72766],[-122.32187,47.72744],[-122.32306,47.7259],[-122.32166,47.72459],[-122.31907,47.72481]]]}},{"type":"Feature","properties":{"i":1526},"geometry":{"type":"Polygon","coordinates":[[[-122.38429,47.65308],[-122.3831,47.65462],[-122.3845,47.65593],[-122.38709,47.6557],[-122.38828,47.65416],[-122.38688,47.65285],[-122.38429,47.65308]]]}},{"type":"Feature","properties":{"i":1527},"geometry":{"type":"Polygon","coordinates":[[[-122.25672,47.67434],[-122.25553,47.67587],[-122.25693,47.67719],[-122.25952,47.67696],[-122.26072,47.67542],[-122.25932,47.67411],[-122.25672,47.67434]]]}},{"type":"Feature","properties":{"i":1528},"geometry":{"type":"Polygon","coordinates":[[[-122.34082,47.64687],[-122.33963,47.64841],[-122.34103,47.64972],[-122.34362,47.64949],[-122.34481,47.64795],[-122.34341,47.64664],[-122.34082,47.64687]]]}},{"type":"Feature","properties":{"i":1529},"geometry":{"type":"Polygon","coordinates":[[[-122.3588,47.73278],[-122.35761,47.73432],[-122.35901,47.73563],[-122.3616,47.7354],[-122.36279,47.73386],[-122.36139,47.73255],[-122.3588,47.73278]]]}},{"type":"Feature","properties":{"i":1530},"geometry":{"type":"Polygon","coordinates":[[[-122.2947,47.71261],[-122.29351,47.71415],[-122.29491,47.71546],[-122.2975,47.71524],[-122.29869,47.7137],[-122.29729,47.71239],[-122.2947,47.71261]]]}},{"type":"Feature","properties":{"i":1531},"geometry":{"type":"Polygon","coordinates":[[[-122.38342,47.69476],[-122.38223,47.6963],[-122.38363,47.69761],[-122.38622,47.69738],[-122.38741,47.69584],[-122.38601,47.69453],[-122.38342,47.69476]]]}},{"type":"Feature","properties":{"i":1532},"geometry":{"type":"Polygon","coordinates":[[[-122.30911,47.64104],[-122.30792,47.64258],[-122.30932,47.6439],[-122.31191,47.64367],[-122.3131,47.64213],[-122.3117,47.64082],[-122.30911,47.64104]]]}},{"type":"Feature","properties":{"i":1533},"geometry":{"type":"Polygon","coordinates":[[[-122.32706,47.72698],[-122.32586,47.72852],[-122.32726,47.72983],[-122.32986,47.7296],[-122.33105,47.72806],[-122.32965,47.72675],[-122.32706,47.72698]]]}},{"type":"Feature","properties":{"i":1534},"geometry":{"type":"Polygon","coordinates":[[[-122.36621,47.67333],[-122.36502,47.67487],[-122.36642,47.67618],[-122.36901,47.67595],[-122.3702,47.67441],[-122.3688,47.6731],[-122.36621,47.67333]]]}},{"type":"Feature","properties":{"i":1535},"geometry":{"type":"Polygon","coordinates":[[[-122.36709,47.63163],[-122.3659,47.63317],[-122.36729,47.63449],[-122.36988,47.63426],[-122.37107,47.63272],[-122.36968,47.63141],[-122.36709,47.63163]]]}},{"type":"Feature","properties":{"i":1536},"geometry":{"type":"Polygon","coordinates":[[[-122.29999,47.56859],[-122.2988,47.57013],[-122.30019,47.57145],[-122.30278,47.57122],[-122.30398,47.56968],[-122.30258,47.56837],[-122.29999,47.56859]]]}},{"type":"Feature","properties":{"i":1537},"geometry":{"type":"Polygon","coordinates":[[[-122.27566,47.55635],[-122.27447,47.55789],[-122.27587,47.55921],[-122.27846,47.55898],[-122.27965,47.55744],[-122.27825,47.55612],[-122.27566,47.55635]]]}},{"type":"Feature","properties":{"i":1538},"geometry":{"type":"Polygon","coordinates":[[[-122.39248,47.65809],[-122.39128,47.65963],[-122.39268,47.66095],[-122.39527,47.66072],[-122.39646,47.65918],[-122.39507,47.65787],[-122.39248,47.65809]]]}},{"type":"Feature","properties":{"i":1539},"geometry":{"type":"Polygon","coordinates":[[[-122.26545,47.52274],[-122.26426,47.52428],[-122.26565,47.52559],[-122.26824,47.52537],[-122.26943,47.52383],[-122.26804,47.52251],[-122.26545,47.52274]]]}},{"type":"Feature","properties":{"i":1540},"geometry":{"type":"Polygon","coordinates":[[[-122.32535,47.5951],[-122.32416,47.59664],[-122.32555,47.59796],[-122.32814,47.59773],[-122.32934,47.59619],[-122.32794,47.59487],[-122.32535,47.5951]]]}},{"type":"Feature","properties":{"i":1541},"geometry":{"type":"Polygon","coordinates":[[[-122.29183,47.6727],[-122.29063,47.67424],[-122.29203,47.67555],[-122.29463,47.67532],[-122.29582,47.67378],[-122.29442,47.67247],[-122.29183,47.6727]]]}},{"type":"Feature","properties":{"i":1542},"geometry":{"type":"Polygon","coordinates":[[[-122.31051,47.55186],[-122.30932,47.5534],[-122.31072,47.55472],[-122.3133,47.55449],[-122.3145,47.55295],[-122.3131,47.55163],[-122.31051,47.55186]]]}},{"type":"Feature","properties":{"i":1543},"geometry":{"type":"Polygon","coordinates":[[[-122.28855,47.62705],[-122.28736,47.62859],[-122.28875,47.62991],[-122.29134,47.62968],[-122.29254,47.62814],[-122.29114,47.62683],[-122.28855,47.62705]]]}},{"type":"Feature","properties":{"i":1544},"geometry":{"type":"Polygon","coordinates":[[[-122.35335,47.71176],[-122.35216,47.7133],[-122.35356,47.71461],[-122.35615,47.71438],[-122.35735,47.71284],[-122.35595,47.71153],[-122.35335,47.71176]]]}},{"type":"Feature","properties":{"i":1545},"geometry":{"type":"Polygon","coordinates":[[[-122.27985,47.66944],[-122.27866,47.67098],[-122.28006,47.6723],[-122.28265,47.67207],[-122.28385,47.67053],[-122.28245,47.66922],[-122.27985,47.66944]]]}},{"type":"Feature","properties":{"i":1546},"geometry":{"type":"Polygon","coordinates":[[[-122.34247,47.66968],[-122.34128,47.67122],[-122.34268,47.67254],[-122.34527,47.67231],[-122.34646,47.67077],[-122.34506,47.66946],[-122.34247,47.66968]]]}},{"type":"Feature","properties":{"i":1547},"geometry":{"type":"Polygon","coordinates":[[[-122.31655,47.58151],[-122.31536,47.58305],[-122.31676,47.58436],[-122.31935,47.58414],[-122.32054,47.5826],[-122.31914,47.58128],[-122.31655,47.58151]]]}},{"type":"Feature","properties":{"i":1548},"geometry":{"type":"Polygon","coordinates":[[[-122.35004,47.66615],[-122.34885,47.66769],[-122.35025,47.669],[-122.35284,47.66877],[-122.35403,47.66723],[-122.35263,47.66592],[-122.35004,47.66615]]]}},{"type":"Feature","properties":{"i":1549},"geometry":{"type":"Polygon","coordinates":[[[-122.28139,47.6363],[-122.2802,47.63784],[-122.28159,47.63915],[-122.28419,47.63892],[-122.28538,47.63738],[-122.28398,47.63607],[-122.28139,47.6363]]]}},{"type":"Feature","properties":{"i":1550},"geometry":{"type":"Polygon","coordinates":[[[-122.35512,47.62838],[-122.35393,47.62992],[-122.35533,47.63124],[-122.35792,47.63101],[-122.35911,47.62947],[-122.35771,47.62815],[-122.35512,47.62838]]]}},{"type":"Feature","properties":{"i":1551},"geometry":{"type":"Polygon","coordinates":[[[-122.29878,47.66061],[-122.29759,47.66215],[-122.29899,47.66346],[-122.30158,47.66323],[-122.30277,47.66169],[-122.30138,47.66038],[-122.29878,47.66061]]]}},{"type":"Feature","properties":{"i":1552},"geometry":{"type":"Polygon","coordinates":[[[-122.40802,47.65672],[-122.40682,47.65826],[-122.40822,47.65957],[-122.41081,47.65934],[-122.412,47.6578],[-122.41061,47.65649],[-122.40802,47.65672]]]}},{"type":"Feature","properties":{"i":1553},"geometry":{"type":"Polygon","coordinates":[[[-122.32342,47.62256],[-122.32223,47.6241],[-122.32363,47.62541],[-122.32622,47.62518],[-122.32741,47.62364],[-122.32601,47.62233],[-122.32342,47.62256]]]}},{"type":"Feature","properties":{"i":1554},"geometry":{"type":"Polygon","coordinates":[[[-122.37964,47.69653],[-122.37844,47.69807],[-122.37984,47.69938],[-122.38244,47.69915],[-122.38363,47.69761],[-122.38223,47.6963],[-122.37964,47.69653]]]}},{"type":"Feature","properties":{"i":1555},"geometry":{"type":"Polygon","coordinates":[[[-122.31971,47.57117],[-122.31852,47.57271],[-122.31992,47.57403],[-122.32251,47.5738],[-122.3237,47.57226],[-122.3223,47.57095],[-122.31971,47.57117]]]}},{"type":"Feature","properties":{"i":1556},"geometry":{"type":"Polygon","coordinates":[[[-122.29787,47.7023],[-122.29668,47.70384],[-122.29808,47.70515],[-122.30067,47.70492],[-122.30186,47.70338],[-122.30047,47.70207],[-122.29787,47.7023]]]}},{"type":"Feature","properties":{"i":1557},"geometry":{"type":"Polygon","coordinates":[[[-122.31845,47.71626],[-122.31726,47.7178],[-122.31866,47.71911],[-122.32125,47.71889],[-122.32245,47.71735],[-122.32105,47.71604],[-122.31845,47.71626]]]}},{"type":"Feature","properties":{"i":1558},"geometry":{"type":"Polygon","coordinates":[[[-122.26471,47.67651],[-122.26351,47.67805],[-122.26491,47.67936],[-122.2675,47.67913],[-122.2687,47.67759],[-122.2673,47.67628],[-122.26471,47.67651]]]}},{"type":"Feature","properties":{"i":1559},"geometry":{"type":"Polygon","coordinates":[[[-122.32988,47.65788],[-122.32869,47.65942],[-122.33009,47.66073],[-122.33268,47.6605],[-122.33387,47.65896],[-122.33247,47.65765],[-122.32988,47.65788]]]}},{"type":"Feature","properties":{"i":1560},"geometry":{"type":"Polygon","coordinates":[[[-122.24817,47.55444],[-122.24698,47.55598],[-122.24837,47.55729],[-122.25096,47.55707],[-122.25216,47.55553],[-122.25076,47.55421],[-122.24817,47.55444]]]}},{"type":"Feature","properties":{"i":1561},"geometry":{"type":"Polygon","coordinates":[[[-122.27351,47.69009],[-122.27231,47.69163],[-122.27371,47.69294],[-122.27631,47.69271],[-122.2775,47.69117],[-122.2761,47.68986],[-122.27351,47.69009]]]}},{"type":"Feature","properties":{"i":1562},"geometry":{"type":"Polygon","coordinates":[[[-122.3914,47.69692],[-122.39021,47.69846],[-122.39161,47.69977],[-122.3942,47.69954],[-122.39539,47.698],[-122.39399,47.69669],[-122.3914,47.69692]]]}},{"type":"Feature","properties":{"i":1563},"geometry":{"type":"Polygon","coordinates":[[[-122.29817,47.65205],[-122.29698,47.65359],[-122.29837,47.6549],[-122.30097,47.65468],[-122.30216,47.65314],[-122.30076,47.65182],[-122.29817,47.65205]]]}},{"type":"Feature","properties":{"i":1564},"geometry":{"type":"Polygon","coordinates":[[[-122.33504,47.72914],[-122.33385,47.73068],[-122.33525,47.73199],[-122.33784,47.73176],[-122.33904,47.73023],[-122.33764,47.72891],[-122.33504,47.72914]]]}},{"type":"Feature","properties":{"i":1565},"geometry":{"type":"Polygon","coordinates":[[[-122.33023,47.55444],[-122.32904,47.55598],[-122.33044,47.5573],[-122.33302,47.55707],[-122.33422,47.55553],[-122.33282,47.55421],[-122.33023,47.55444]]]}},{"type":"Feature","properties":{"i":1566},"geometry":{"type":"Polygon","coordinates":[[[-122.32417,47.68708],[-122.32298,47.68862],[-122.32438,47.68993],[-122.32697,47.6897],[-122.32816,47.68816],[-122.32676,47.68685],[-122.32417,47.68708]]]}},{"type":"Feature","properties":{"i":1567},"geometry":{"type":"Polygon","coordinates":[[[-122.29826,47.59892],[-122.29707,47.60046],[-122.29846,47.60177],[-122.30105,47.60154],[-122.30225,47.6],[-122.30085,47.59869],[-122.29826,47.59892]]]}},{"type":"Feature","properties":{"i":1568},"geometry":{"type":"Polygon","coordinates":[[[-122.35968,47.69112],[-122.35849,47.69266],[-122.35989,47.69397],[-122.36248,47.69374],[-122.36367,47.6922],[-122.36227,47.69089],[-122.35968,47.69112]]]}},{"type":"Feature","properties":{"i":1569},"geometry":{"type":"Polygon","coordinates":[[[-122.29101,47.66129],[-122.28981,47.66283],[-122.29121,47.66414],[-122.29381,47.66392],[-122.295,47.66238],[-122.2936,47.66106],[-122.29101,47.66129]]]}},{"type":"Feature","properties":{"i":1570},"geometry":{"type":"Polygon","coordinates":[[[-122.36331,47.6334],[-122.36211,47.63494],[-122.36351,47.63626],[-122.3661,47.63603],[-122.36729,47.63449],[-122.3659,47.63317],[-122.36331,47.6334]]]}},{"type":"Feature","properties":{"i":1571},"geometry":{"type":"Polygon","coordinates":[[[-122.36134,47.71392],[-122.36015,47.71546],[-122.36155,47.71677],[-122.36414,47.71654],[-122.36533,47.715],[-122.36393,47.71369],[-122.36134,47.71392]]]}},{"type":"Feature","properties":{"i":1572},"geometry":{"type":"Polygon","coordinates":[[[-122.27188,47.55812],[-122.27069,47.55966],[-122.27209,47.56097],[-122.27468,47.56075],[-122.27587,47.55921],[-122.27447,47.55789],[-122.27188,47.55812]]]}},{"type":"Feature","properties":{"i":1573},"geometry":{"type":"Polygon","coordinates":[[[-122.32247,47.55512],[-122.32127,47.55666],[-122.32267,47.55798],[-122.32526,47.55775],[-122.32645,47.55621],[-122.32505,47.5549],[-122.32247,47.55512]]]}},{"type":"Feature","properties":{"i":1574},"geometry":{"type":"Polygon","coordinates":[[[-122.29814,47.54288],[-122.29695,47.54442],[-122.29835,47.54574],[-122.30094,47.54551],[-122.30213,47.54397],[-122.30073,47.54266],[-122.29814,47.54288]]]}},{"type":"Feature","properties":{"i":1575},"geometry":{"type":"Polygon","coordinates":[[[-122.29653,47.62923],[-122.29533,47.63077],[-122.29673,47.63208],[-122.29932,47.63185],[-122.30052,47.63031],[-122.29912,47.629],[-122.29653,47.62923]]]}},{"type":"Feature","properties":{"i":1576},"geometry":{"type":"Polygon","coordinates":[[[-122.34096,47.70281],[-122.33977,47.70435],[-122.34117,47.70566],[-122.34376,47.70543],[-122.34496,47.70389],[-122.34356,47.70258],[-122.34096,47.70281]]]}},{"type":"Feature","properties":{"i":1577},"geometry":{"type":"Polygon","coordinates":[[[-122.35045,47.67185],[-122.34926,47.67339],[-122.35066,47.6747],[-122.35325,47.67447],[-122.35445,47.67293],[-122.35305,47.67162],[-122.35045,47.67185]]]}},{"type":"Feature","properties":{"i":1578},"geometry":{"type":"Polygon","coordinates":[[[-122.31277,47.58328],[-122.31158,47.58482],[-122.31298,47.58613],[-122.31557,47.58591],[-122.31676,47.58436],[-122.31536,47.58305],[-122.31277,47.58328]]]}},{"type":"Feature","properties":{"i":1579},"geometry":{"type":"Polygon","coordinates":[[[-122.36559,47.66478],[-122.36439,47.66632],[-122.36579,47.66763],[-122.36839,47.6674],[-122.36958,47.66586],[-122.36818,47.66455],[-122.36559,47.66478]]]}},{"type":"Feature","properties":{"i":1580},"geometry":{"type":"Polygon","coordinates":[[[-122.2776,47.63806],[-122.27641,47.6396],[-122.27781,47.64092],[-122.2804,47.64069],[-122.28159,47.63915],[-122.2802,47.63784],[-122.2776,47.63806]]]}},{"type":"Feature","properties":{"i":1581},"geometry":{"type":"Polygon","coordinates":[[[-122.34714,47.62621],[-122.34595,47.62775],[-122.34735,47.62907],[-122.34994,47.62884],[-122.35113,47.6273],[-122.34973,47.62599],[-122.34714,47.62621]]]}},{"type":"Feature","properties":{"i":1582},"geometry":{"type":"Polygon","coordinates":[[[-122.39161,47.69977],[-122.39042,47.70131],[-122.39182,47.70262],[-122.39441,47.70239],[-122.3956,47.70085],[-122.3942,47.69954],[-122.39161,47.69977]]]}},{"type":"Feature","properties":{"i":1583},"geometry":{"type":"Polygon","coordinates":[[[-122.31874,47.66603],[-122.31754,47.66757],[-122.31894,47.66889],[-122.32153,47.66866],[-122.32273,47.66712],[-122.32133,47.66581],[-122.31874,47.66603]]]}},{"type":"Feature","properties":{"i":1584},"geometry":{"type":"Polygon","coordinates":[[[-122.26627,47.53417],[-122.26507,47.53571],[-122.26647,47.53703],[-122.26906,47.5368],[-122.27025,47.53526],[-122.26885,47.53394],[-122.26627,47.53417]]]}},{"type":"Feature","properties":{"i":1585},"geometry":{"type":"Polygon","coordinates":[[[-122.40423,47.65849],[-122.40304,47.66003],[-122.40444,47.66134],[-122.40703,47.66111],[-122.40822,47.65957],[-122.40682,47.65826],[-122.40423,47.65849]]]}},{"type":"Feature","properties":{"i":1586},"geometry":{"type":"Polygon","coordinates":[[[-122.3228,47.614],[-122.32161,47.61554],[-122.32301,47.61685],[-122.3256,47.61662],[-122.32679,47.61508],[-122.32539,47.61377],[-122.3228,47.614]]]}},{"type":"Feature","properties":{"i":1587},"geometry":{"type":"Polygon","coordinates":[[[-122.37585,47.6983],[-122.37466,47.69984],[-122.37606,47.70115],[-122.37865,47.70092],[-122.37984,47.69938],[-122.37844,47.69807],[-122.37585,47.6983]]]}},{"type":"Feature","properties":{"i":1588},"geometry":{"type":"Polygon","coordinates":[[[-122.33525,47.56981],[-122.33406,47.57135],[-122.33545,47.57266],[-122.33804,47.57244],[-122.33923,47.57089],[-122.33783,47.56958],[-122.33525,47.56981]]]}},{"type":"Feature","properties":{"i":1589},"geometry":{"type":"Polygon","coordinates":[[[-122.3252,47.70133],[-122.32401,47.70287],[-122.32541,47.70418],[-122.328,47.70395],[-122.32919,47.70241],[-122.32779,47.7011],[-122.3252,47.70133]]]}},{"type":"Feature","properties":{"i":1590},"geometry":{"type":"Polygon","coordinates":[[[-122.31467,47.71803],[-122.31347,47.71957],[-122.31487,47.72088],[-122.31747,47.72065],[-122.31866,47.71911],[-122.31726,47.7178],[-122.31467,47.71803]]]}},{"type":"Feature","properties":{"i":1591},"geometry":{"type":"Polygon","coordinates":[[[-122.31684,47.53118],[-122.31564,47.53272],[-122.31704,47.53404],[-122.31963,47.53381],[-122.32082,47.53227],[-122.31942,47.53095],[-122.31684,47.53118]]]}},{"type":"Feature","properties":{"i":1592},"geometry":{"type":"Polygon","coordinates":[[[-122.28752,47.61278],[-122.28633,47.61432],[-122.28773,47.61564],[-122.29032,47.61541],[-122.29151,47.61387],[-122.29012,47.61256],[-122.28752,47.61278]]]}},{"type":"Feature","properties":{"i":1593},"geometry":{"type":"Polygon","coordinates":[[[-122.37253,47.65268],[-122.37134,47.65422],[-122.37274,47.65554],[-122.37533,47.65531],[-122.37652,47.65377],[-122.37512,47.65245],[-122.37253,47.65268]]]}},{"type":"Feature","properties":{"i":1594},"geometry":{"type":"Polygon","coordinates":[[[-122.28293,47.71221],[-122.28173,47.71375],[-122.28313,47.71506],[-122.28573,47.71483],[-122.28692,47.7133],[-122.28552,47.71198],[-122.28293,47.71221]]]}},{"type":"Feature","properties":{"i":1595},"geometry":{"type":"Polygon","coordinates":[[[-122.37901,47.68798],[-122.37782,47.68952],[-122.37922,47.69083],[-122.38181,47.6906],[-122.383,47.68906],[-122.3816,47.68775],[-122.37901,47.68798]]]}},{"type":"Feature","properties":{"i":1596},"geometry":{"type":"Polygon","coordinates":[[[-122.30615,47.65422],[-122.30496,47.65576],[-122.30635,47.65707],[-122.30895,47.65685],[-122.31014,47.65531],[-122.30874,47.654],[-122.30615,47.65422]]]}},{"type":"Feature","properties":{"i":1597},"geometry":{"type":"Polygon","coordinates":[[[-122.3506,47.72777],[-122.34941,47.72931],[-122.35081,47.73062],[-122.3534,47.73039],[-122.3546,47.72885],[-122.3532,47.72754],[-122.3506,47.72777]]]}},{"type":"Feature","properties":{"i":1598},"geometry":{"type":"Polygon","coordinates":[[[-122.34219,47.5577],[-122.34099,47.55924],[-122.34239,47.56056],[-122.34498,47.56033],[-122.34617,47.55879],[-122.34477,47.55747],[-122.34219,47.5577]]]}},{"type":"Feature","properties":{"i":1599},"geometry":{"type":"Polygon","coordinates":[[[-122.33215,47.68924],[-122.33096,47.69078],[-122.33236,47.69209],[-122.33495,47.69187],[-122.33614,47.69033],[-122.33475,47.68902],[-122.33215,47.68924]]]}},{"type":"Feature","properties":{"i":1600},"geometry":{"type":"Polygon","coordinates":[[[-122.29448,47.60068],[-122.29328,47.60222],[-122.29468,47.60354],[-122.29727,47.60331],[-122.29846,47.60177],[-122.29707,47.60046],[-122.29448,47.60068]]]}},{"type":"Feature","properties":{"i":1601},"geometry":{"type":"Polygon","coordinates":[[[-122.34729,47.68217],[-122.3461,47.68371],[-122.3475,47.68502],[-122.35009,47.6848],[-122.35128,47.68326],[-122.34988,47.68194],[-122.34729,47.68217]]]}},{"type":"Feature","properties":{"i":1602},"geometry":{"type":"Polygon","coordinates":[[[-122.28722,47.66306],[-122.28603,47.6646],[-122.28743,47.66591],[-122.29002,47.66568],[-122.29121,47.66414],[-122.28981,47.66283],[-122.28722,47.66306]]]}},{"type":"Feature","properties":{"i":1603},"geometry":{"type":"Polygon","coordinates":[[[-122.35678,47.6512],[-122.35559,47.65274],[-122.35699,47.65406],[-122.35958,47.65383],[-122.36077,47.65229],[-122.35937,47.65097],[-122.35678,47.6512]]]}},{"type":"Feature","properties":{"i":1604},"geometry":{"type":"Polygon","coordinates":[[[-122.30043,47.68342],[-122.29923,47.68496],[-122.30063,47.68628],[-122.30322,47.68605],[-122.30442,47.68451],[-122.30302,47.6832],[-122.30043,47.68342]]]}},{"type":"Feature","properties":{"i":1605},"geometry":{"type":"Polygon","coordinates":[[[-122.38196,47.67481],[-122.38077,47.67635],[-122.38217,47.67766],[-122.38476,47.67743],[-122.38595,47.67589],[-122.38455,47.67458],[-122.38196,47.67481]]]}},{"type":"Feature","properties":{"i":1606},"geometry":{"type":"Polygon","coordinates":[[[-122.35755,47.71569],[-122.35636,47.71723],[-122.35776,47.71854],[-122.36035,47.71831],[-122.36155,47.71677],[-122.36015,47.71546],[-122.35755,47.71569]]]}},{"type":"Feature","properties":{"i":1607},"geometry":{"type":"Polygon","coordinates":[[[-122.31696,47.58722],[-122.31577,47.58876],[-122.31717,47.59007],[-122.31976,47.58985],[-122.32095,47.58831],[-122.31955,47.58699],[-122.31696,47.58722]]]}},{"type":"Feature","properties":{"i":1608},"geometry":{"type":"Polygon","coordinates":[[[-122.38217,47.67766],[-122.38098,47.6792],[-122.38238,47.68051],[-122.38497,47.68028],[-122.38616,47.67874],[-122.38476,47.67743],[-122.38217,47.67766]]]}},{"type":"Feature","properties":{"i":1609},"geometry":{"type":"Polygon","coordinates":[[[-122.28006,47.6723],[-122.27887,47.67383],[-122.28026,47.67515],[-122.28286,47.67492],[-122.28405,47.67338],[-122.28265,47.67207],[-122.28006,47.6723]]]}},{"type":"Feature","properties":{"i":1610},"geometry":{"type":"Polygon","coordinates":[[[-122.31207,47.62786],[-122.31088,47.6294],[-122.31228,47.63072],[-122.31487,47.63049],[-122.31606,47.62895],[-122.31466,47.62764],[-122.31207,47.62786]]]}},{"type":"Feature","properties":{"i":1611},"geometry":{"type":"Polygon","coordinates":[[[-122.33807,47.6629],[-122.33688,47.66444],[-122.33828,47.66575],[-122.34087,47.66552],[-122.34206,47.66398],[-122.34066,47.66267],[-122.33807,47.6629]]]}},{"type":"Feature","properties":{"i":1612},"geometry":{"type":"Polygon","coordinates":[[[-122.3048,47.5811],[-122.3036,47.58264],[-122.305,47.58396],[-122.30759,47.58373],[-122.30878,47.58219],[-122.30739,47.58088],[-122.3048,47.5811]]]}},{"type":"Feature","properties":{"i":1613},"geometry":{"type":"Polygon","coordinates":[[[-122.37357,47.66694],[-122.37238,47.66848],[-122.37377,47.66979],[-122.37637,47.66956],[-122.37756,47.66802],[-122.37616,47.66671],[-122.37357,47.66694]]]}},{"type":"Feature","properties":{"i":1614},"geometry":{"type":"Polygon","coordinates":[[[-122.36268,47.62484],[-122.36149,47.62638],[-122.36289,47.6277],[-122.36548,47.62747],[-122.36667,47.62593],[-122.36527,47.62462],[-122.36268,47.62484]]]}},{"type":"Feature","properties":{"i":1615},"geometry":{"type":"Polygon","coordinates":[[[-122.30635,47.65707],[-122.30516,47.65861],[-122.30656,47.65993],[-122.30915,47.6597],[-122.31034,47.65816],[-122.30895,47.65685],[-122.30635,47.65707]]]}},{"type":"Feature","properties":{"i":1616},"geometry":{"type":"Polygon","coordinates":[[[-122.2818,47.53281],[-122.2806,47.53435],[-122.282,47.53567],[-122.28459,47.53544],[-122.28578,47.5339],[-122.28438,47.53258],[-122.2818,47.53281]]]}},{"type":"Feature","properties":{"i":1617},"geometry":{"type":"Polygon","coordinates":[[[-122.28047,47.56886],[-122.27928,47.57041],[-122.28067,47.57172],[-122.28326,47.57149],[-122.28445,47.56995],[-122.28306,47.56864],[-122.28047,47.56886]]]}},{"type":"Feature","properties":{"i":1618},"geometry":{"type":"Polygon","coordinates":[[[-122.31902,47.61577],[-122.31783,47.61731],[-122.31923,47.61862],[-122.32182,47.61839],[-122.32301,47.61685],[-122.32161,47.61554],[-122.31902,47.61577]]]}},{"type":"Feature","properties":{"i":1619},"geometry":{"type":"Polygon","coordinates":[[[-122.36787,47.69614],[-122.36668,47.69768],[-122.36808,47.69899],[-122.37067,47.69876],[-122.37186,47.69722],[-122.37046,47.69591],[-122.36787,47.69614]]]}},{"type":"Feature","properties":{"i":1620},"geometry":{"type":"Polygon","coordinates":[[[-122.32142,47.7031],[-122.32022,47.70464],[-122.32162,47.70595],[-122.32421,47.70572],[-122.32541,47.70418],[-122.32401,47.70287],[-122.32142,47.7031]]]}},{"type":"Feature","properties":{"i":1621},"geometry":{"type":"Polygon","coordinates":[[[-122.39983,47.6517],[-122.39864,47.65324],[-122.40004,47.65455],[-122.40263,47.65433],[-122.40382,47.65278],[-122.40242,47.65147],[-122.39983,47.6517]]]}},{"type":"Feature","properties":{"i":1622},"geometry":{"type":"Polygon","coordinates":[[[-122.31812,47.65748],[-122.31693,47.65902],[-122.31832,47.66033],[-122.32092,47.6601],[-122.32211,47.65856],[-122.32071,47.65725],[-122.31812,47.65748]]]}},{"type":"Feature","properties":{"i":1623},"geometry":{"type":"Polygon","coordinates":[[[-122.28968,47.69728],[-122.28849,47.69882],[-122.28989,47.70013],[-122.29248,47.6999],[-122.29367,47.69836],[-122.29228,47.69705],[-122.28968,47.69728]]]}},{"type":"Feature","properties":{"i":1624},"geometry":{"type":"Polygon","coordinates":[[[-122.28375,47.72361],[-122.28255,47.72515],[-122.28395,47.72646],[-122.28655,47.72623],[-122.28774,47.7247],[-122.28634,47.72338],[-122.28375,47.72361]]]}},{"type":"Feature","properties":{"i":1625},"geometry":{"type":"Polygon","coordinates":[[[-122.28874,47.5207],[-122.28755,47.52224],[-122.28895,47.52356],[-122.29153,47.52333],[-122.29273,47.52179],[-122.29133,47.52047],[-122.28874,47.5207]]]}},{"type":"Feature","properties":{"i":1626},"geometry":{"type":"Polygon","coordinates":[[[-122.34771,47.68787],[-122.34651,47.68941],[-122.34791,47.69072],[-122.3505,47.6905],[-122.3517,47.68896],[-122.3503,47.68765],[-122.34771,47.68787]]]}},{"type":"Feature","properties":{"i":1627},"geometry":{"type":"Polygon","coordinates":[[[-122.28783,47.56247],[-122.28663,47.56401],[-122.28803,47.56533],[-122.29062,47.5651],[-122.29181,47.56356],[-122.29042,47.56225],[-122.28783,47.56247]]]}},{"type":"Feature","properties":{"i":1628},"geometry":{"type":"Polygon","coordinates":[[[-122.31441,47.60612],[-122.31322,47.60766],[-122.31462,47.60897],[-122.31721,47.60874],[-122.3184,47.6072],[-122.317,47.60589],[-122.31441,47.60612]]]}},{"type":"Feature","properties":{"i":1629},"geometry":{"type":"Polygon","coordinates":[[[-122.35527,47.68434],[-122.35408,47.68588],[-122.35548,47.68719],[-122.35807,47.68696],[-122.35926,47.68542],[-122.35787,47.68411],[-122.35527,47.68434]]]}},{"type":"Feature","properties":{"i":1630},"geometry":{"type":"Polygon","coordinates":[[[-122.27924,47.66089],[-122.27805,47.66243],[-122.27945,47.66374],[-122.28204,47.66351],[-122.28323,47.66197],[-122.28183,47.66066],[-122.27924,47.66089]]]}},{"type":"Feature","properties":{"i":1631},"geometry":{"type":"Polygon","coordinates":[[[-122.3444,47.64225],[-122.3432,47.64379],[-122.3446,47.6451],[-122.34719,47.64487],[-122.34839,47.64333],[-122.34699,47.64202],[-122.3444,47.64225]]]}},{"type":"Feature","properties":{"i":1632},"geometry":{"type":"Polygon","coordinates":[[[-122.31598,47.68206],[-122.31479,47.6836],[-122.31619,47.68491],[-122.31878,47.68468],[-122.31997,47.68314],[-122.31857,47.68183],[-122.31598,47.68206]]]}},{"type":"Feature","properties":{"i":1633},"geometry":{"type":"Polygon","coordinates":[[[-122.2635,47.55022],[-122.26231,47.55177],[-122.26371,47.55308],[-122.2663,47.55286],[-122.26749,47.55131],[-122.26609,47.55],[-122.2635,47.55022]]]}},{"type":"Feature","properties":{"i":1634},"geometry":{"type":"Polygon","coordinates":[[[-122.40718,47.64531],[-122.40599,47.64685],[-122.40739,47.64816],[-122.40998,47.64793],[-122.41117,47.64639],[-122.40977,47.64508],[-122.40718,47.64531]]]}},{"type":"Feature","properties":{"i":1635},"geometry":{"type":"Polygon","coordinates":[[[-122.29008,47.59389],[-122.28889,47.59543],[-122.29028,47.59674],[-122.29287,47.59651],[-122.29407,47.59497],[-122.29267,47.59366],[-122.29008,47.59389]]]}},{"type":"Feature","properties":{"i":1636},"geometry":{"type":"Polygon","coordinates":[[[-122.28813,47.51212],[-122.28694,47.51367],[-122.28833,47.51498],[-122.29092,47.51476],[-122.29211,47.51321],[-122.29072,47.5119],[-122.28813,47.51212]]]}},{"type":"Feature","properties":{"i":1637},"geometry":{"type":"Polygon","coordinates":[[[-122.32494,47.58939],[-122.32374,47.59093],[-122.32514,47.59225],[-122.32773,47.59202],[-122.32892,47.59048],[-122.32753,47.58916],[-122.32494,47.58939]]]}},{"type":"Feature","properties":{"i":1638},"geometry":{"type":"Polygon","coordinates":[[[-122.31408,47.54723],[-122.31289,47.54878],[-122.31429,47.55009],[-122.31688,47.54986],[-122.31807,47.54832],[-122.31667,47.54701],[-122.31408,47.54723]]]}},{"type":"Feature","properties":{"i":1639},"geometry":{"type":"Polygon","coordinates":[[[-122.35735,47.71284],[-122.35615,47.71438],[-122.35755,47.71569],[-122.36015,47.71546],[-122.36134,47.71392],[-122.35994,47.71261],[-122.35735,47.71284]]]}},{"type":"Feature","properties":{"i":1640},"geometry":{"type":"Polygon","coordinates":[[[-122.38283,47.63311],[-122.38164,47.63465],[-122.38304,47.63597],[-122.38563,47.63574],[-122.38682,47.6342],[-122.38542,47.63288],[-122.38283,47.63311]]]}},{"type":"Feature","properties":{"i":1641},"geometry":{"type":"Polygon","coordinates":[[[-122.33937,47.6269],[-122.33818,47.62844],[-122.33958,47.62975],[-122.34217,47.62952],[-122.34336,47.62798],[-122.34196,47.62667],[-122.33937,47.6269]]]}},{"type":"Feature","properties":{"i":1642},"geometry":{"type":"Polygon","coordinates":[[[-122.38155,47.66911],[-122.38036,47.67065],[-122.38175,47.67196],[-122.38435,47.67173],[-122.38554,47.67019],[-122.38414,47.66888],[-122.38155,47.66911]]]}},{"type":"Feature","properties":{"i":1643},"geometry":{"type":"Polygon","coordinates":[[[-122.28098,47.52138],[-122.27979,47.52292],[-122.28118,47.52424],[-122.28377,47.52401],[-122.28496,47.52247],[-122.28357,47.52115],[-122.28098,47.52138]]]}},{"type":"Feature","properties":{"i":1644},"geometry":{"type":"Polygon","coordinates":[[[-122.29194,47.72863],[-122.29074,47.73017],[-122.29214,47.73148],[-122.29474,47.73125],[-122.29593,47.72971],[-122.29453,47.7284],[-122.29194,47.72863]]]}},{"type":"Feature","properties":{"i":1645},"geometry":{"type":"Polygon","coordinates":[[[-122.28088,47.6837],[-122.27968,47.68524],[-122.28108,47.68655],[-122.28368,47.68633],[-122.28487,47.68479],[-122.28347,47.68348],[-122.28088,47.6837]]]}},{"type":"Feature","properties":{"i":1646},"geometry":{"type":"Polygon","coordinates":[[[-122.33064,47.72236],[-122.32944,47.7239],[-122.33084,47.72521],[-122.33344,47.72498],[-122.33463,47.72344],[-122.33323,47.72213],[-122.33064,47.72236]]]}},{"type":"Feature","properties":{"i":1647},"geometry":{"type":"Polygon","coordinates":[[[-122.29386,47.59212],[-122.29267,47.59366],[-122.29407,47.59497],[-122.29666,47.59475],[-122.29785,47.59321],[-122.29645,47.59189],[-122.29386,47.59212]]]}},{"type":"Feature","properties":{"i":1648},"geometry":{"type":"Polygon","coordinates":[[[-122.36118,47.65799],[-122.35999,47.65953],[-122.36139,47.66084],[-122.36398,47.66061],[-122.36517,47.65907],[-122.36377,47.65776],[-122.36118,47.65799]]]}},{"type":"Feature","properties":{"i":1649},"geometry":{"type":"Polygon","coordinates":[[[-122.37066,47.62701],[-122.36947,47.62855],[-122.37087,47.62986],[-122.37346,47.62964],[-122.37465,47.62809],[-122.37325,47.62678],[-122.37066,47.62701]]]}},{"type":"Feature","properties":{"i":1650},"geometry":{"type":"Polygon","coordinates":[[[-122.31433,47.65924],[-122.31314,47.66078],[-122.31454,47.6621],[-122.31713,47.66187],[-122.31832,47.66033],[-122.31693,47.65902],[-122.31433,47.65924]]]}},{"type":"Feature","properties":{"i":1651},"geometry":{"type":"Polygon","coordinates":[[[-122.4118,47.65495],[-122.41061,47.65649],[-122.412,47.6578],[-122.41459,47.65757],[-122.41578,47.65603],[-122.41439,47.65472],[-122.4118,47.65495]]]}},{"type":"Feature","properties":{"i":1652},"geometry":{"type":"Polygon","coordinates":[[[-122.33896,47.62119],[-122.33777,47.62273],[-122.33917,47.62405],[-122.34176,47.62382],[-122.34295,47.62228],[-122.34155,47.62096],[-122.33896,47.62119]]]}},{"type":"Feature","properties":{"i":1653},"geometry":{"type":"Polygon","coordinates":[[[-122.35693,47.70714],[-122.35574,47.70868],[-122.35714,47.70999],[-122.35973,47.70976],[-122.36092,47.70822],[-122.35952,47.70691],[-122.35693,47.70714]]]}},{"type":"Feature","properties":{"i":1654},"geometry":{"type":"Polygon","coordinates":[[[-122.33085,47.56301],[-122.32966,47.56455],[-122.33105,47.56587],[-122.33364,47.56564],[-122.33483,47.5641],[-122.33344,47.56278],[-122.33085,47.56301]]]}},{"type":"Feature","properties":{"i":1655},"geometry":{"type":"Polygon","coordinates":[[[-122.31343,47.70093],[-122.31224,47.70247],[-122.31364,47.70378],[-122.31623,47.70355],[-122.31742,47.70201],[-122.31602,47.7007],[-122.31343,47.70093]]]}},{"type":"Feature","properties":{"i":1656},"geometry":{"type":"Polygon","coordinates":[[[-122.29573,47.72686],[-122.29453,47.7284],[-122.29593,47.72971],[-122.29853,47.72949],[-122.29972,47.72795],[-122.29832,47.72664],[-122.29573,47.72686]]]}},{"type":"Feature","properties":{"i":1657},"geometry":{"type":"Polygon","coordinates":[[[-122.39605,47.65347],[-122.39486,47.65501],[-122.39626,47.65632],[-122.39885,47.6561],[-122.40004,47.65455],[-122.39864,47.65324],[-122.39605,47.65347]]]}},{"type":"Feature","properties":{"i":1658},"geometry":{"type":"Polygon","coordinates":[[[-122.34543,47.65651],[-122.34424,47.65805],[-122.34564,47.65936],[-122.34823,47.65913],[-122.34942,47.65759],[-122.34802,47.65628],[-122.34543,47.65651]]]}},{"type":"Feature","properties":{"i":1659},"geometry":{"type":"Polygon","coordinates":[[[-122.2676,47.4981],[-122.26641,47.49964],[-122.2678,47.50096],[-122.27039,47.50073],[-122.27158,47.49919],[-122.27019,47.49787],[-122.2676,47.4981]]]}},{"type":"Feature","properties":{"i":1660},"geometry":{"type":"Polygon","coordinates":[[[-122.28907,47.68872],[-122.28787,47.69026],[-122.28927,47.69158],[-122.29187,47.69135],[-122.29306,47.68981],[-122.29166,47.6885],[-122.28907,47.68872]]]}},{"type":"Feature","properties":{"i":1661},"geometry":{"type":"Polygon","coordinates":[[[-122.27996,47.72538],[-122.27876,47.72692],[-122.28016,47.72823],[-122.28276,47.728],[-122.28395,47.72646],[-122.28255,47.72515],[-122.27996,47.72538]]]}},{"type":"Feature","properties":{"i":1662},"geometry":{"type":"Polygon","coordinates":[[[-122.39518,47.69515],[-122.39399,47.69669],[-122.39539,47.698],[-122.39798,47.69777],[-122.39918,47.69623],[-122.39778,47.69492],[-122.39518,47.69515]]]}},{"type":"Feature","properties":{"i":1663},"geometry":{"type":"Polygon","coordinates":[[[-122.33883,47.72738],[-122.33764,47.72891],[-122.33904,47.73023],[-122.34163,47.73],[-122.34282,47.72846],[-122.34142,47.72715],[-122.33883,47.72738]]]}},{"type":"Feature","properties":{"i":1664},"geometry":{"type":"Polygon","coordinates":[[[-122.31511,47.56152],[-122.31392,47.56306],[-122.31532,47.56437],[-122.31791,47.56415],[-122.3191,47.5626],[-122.3177,47.56129],[-122.31511,47.56152]]]}},{"type":"Feature","properties":{"i":1665},"geometry":{"type":"Polygon","coordinates":[[[-122.30204,47.59715],[-122.30085,47.59869],[-122.30225,47.6],[-122.30484,47.59978],[-122.30603,47.59823],[-122.30463,47.59692],[-122.30204,47.59715]]]}},{"type":"Feature","properties":{"i":1666},"geometry":{"type":"Polygon","coordinates":[[[-122.37082,47.68297],[-122.36963,47.68451],[-122.37103,47.68582],[-122.37362,47.68559],[-122.37481,47.68405],[-122.37341,47.68274],[-122.37082,47.68297]]]}},{"type":"Feature","properties":{"i":1667},"geometry":{"type":"Polygon","coordinates":[[[-122.35237,47.64442],[-122.35118,47.64596],[-122.35258,47.64727],[-122.35517,47.64704],[-122.35636,47.6455],[-122.35496,47.64419],[-122.35237,47.64442]]]}},{"type":"Feature","properties":{"i":1668},"geometry":{"type":"Polygon","coordinates":[[[-122.32396,47.68423],[-122.32277,47.68577],[-122.32417,47.68708],[-122.32676,47.68685],[-122.32796,47.68531],[-122.32656,47.684],[-122.32396,47.68423]]]}},{"type":"Feature","properties":{"i":1669},"geometry":{"type":"Polygon","coordinates":[[[-122.40655,47.63676],[-122.40536,47.6383],[-122.40676,47.63961],[-122.40935,47.63938],[-122.41054,47.63784],[-122.40914,47.63653],[-122.40655,47.63676]]]}},{"type":"Feature","properties":{"i":1670},"geometry":{"type":"Polygon","coordinates":[[[-122.2863,47.59565],[-122.2851,47.5972],[-122.2865,47.59851],[-122.28909,47.59828],[-122.29028,47.59674],[-122.28889,47.59543],[-122.2863,47.59565]]]}},{"type":"Feature","properties":{"i":1671},"geometry":{"type":"Polygon","coordinates":[[[-122.32067,47.63859],[-122.31947,47.64013],[-122.32087,47.64145],[-122.32346,47.64122],[-122.32466,47.63968],[-122.32326,47.63837],[-122.32067,47.63859]]]}},{"type":"Feature","properties":{"i":1672},"geometry":{"type":"Polygon","coordinates":[[[-122.36512,47.71215],[-122.36393,47.71369],[-122.36533,47.715],[-122.36792,47.71477],[-122.36912,47.71323],[-122.36772,47.71192],[-122.36512,47.71215]]]}},{"type":"Feature","properties":{"i":1673},"geometry":{"type":"Polygon","coordinates":[[[-122.34047,47.58803],[-122.33928,47.58957],[-122.34068,47.59088],[-122.34327,47.59065],[-122.34446,47.58911],[-122.34306,47.5878],[-122.34047,47.58803]]]}},{"type":"Feature","properties":{"i":1674},"geometry":{"type":"Polygon","coordinates":[[[-122.32205,47.54941],[-122.32086,47.55095],[-122.32226,47.55227],[-122.32485,47.55204],[-122.32604,47.5505],[-122.32464,47.54918],[-122.32205,47.54941]]]}},{"type":"Feature","properties":{"i":1675},"geometry":{"type":"Polygon","coordinates":[[[-122.37776,47.67087],[-122.37657,47.67241],[-122.37797,47.67373],[-122.38056,47.6735],[-122.38175,47.67196],[-122.38036,47.67065],[-122.37776,47.67087]]]}},{"type":"Feature","properties":{"i":1676},"geometry":{"type":"Polygon","coordinates":[[[-122.2772,47.52315],[-122.27601,47.52469],[-122.2774,47.52601],[-122.27999,47.52578],[-122.28118,47.52424],[-122.27979,47.52292],[-122.2772,47.52315]]]}},{"type":"Feature","properties":{"i":1677},"geometry":{"type":"Polygon","coordinates":[[[-122.28815,47.7304],[-122.28696,47.73193],[-122.28836,47.73324],[-122.29095,47.73302],[-122.29214,47.73148],[-122.29074,47.73017],[-122.28815,47.7304]]]}},{"type":"Feature","properties":{"i":1678},"geometry":{"type":"Polygon","coordinates":[[[-122.29038,47.54356],[-122.28919,47.5451],[-122.29058,47.54642],[-122.29317,47.54619],[-122.29436,47.54465],[-122.29297,47.54334],[-122.29038,47.54356]]]}},{"type":"Feature","properties":{"i":1679},"geometry":{"type":"Polygon","coordinates":[[[-122.27709,47.68547],[-122.2759,47.68701],[-122.2773,47.68832],[-122.27989,47.68809],[-122.28108,47.68655],[-122.27968,47.68524],[-122.27709,47.68547]]]}},{"type":"Feature","properties":{"i":1680},"geometry":{"type":"Polygon","coordinates":[[[-122.30031,47.62746],[-122.29912,47.629],[-122.30052,47.63031],[-122.30311,47.63009],[-122.3043,47.62854],[-122.3029,47.62723],[-122.30031,47.62746]]]}},{"type":"Feature","properties":{"i":1681},"geometry":{"type":"Polygon","coordinates":[[[-122.33002,47.71381],[-122.32883,47.71535],[-122.33023,47.71666],[-122.33282,47.71644],[-122.33401,47.7149],[-122.33261,47.71359],[-122.33002,47.71381]]]}},{"type":"Feature","properties":{"i":1682},"geometry":{"type":"Polygon","coordinates":[[[-122.32775,47.68246],[-122.32656,47.684],[-122.32796,47.68531],[-122.33055,47.68508],[-122.33174,47.68354],[-122.33034,47.68223],[-122.32775,47.68246]]]}},{"type":"Feature","properties":{"i":1683},"geometry":{"type":"Polygon","coordinates":[[[-122.30184,47.59429],[-122.30064,47.59583],[-122.30204,47.59715],[-122.30463,47.59692],[-122.30582,47.59538],[-122.30443,47.59407],[-122.30184,47.59429]]]}},{"type":"Feature","properties":{"i":1684},"geometry":{"type":"Polygon","coordinates":[[[-122.35828,47.61805],[-122.35709,47.61959],[-122.35849,47.62091],[-122.36108,47.62068],[-122.36227,47.61914],[-122.36087,47.61782],[-122.35828,47.61805]]]}},{"type":"Feature","properties":{"i":1685},"geometry":{"type":"Polygon","coordinates":[[[-122.30339,47.67025],[-122.3022,47.67179],[-122.3036,47.6731],[-122.30619,47.67288],[-122.30738,47.67134],[-122.30598,47.67002],[-122.30339,47.67025]]]}},{"type":"Feature","properties":{"i":1686},"geometry":{"type":"Polygon","coordinates":[[[-122.27005,47.5324],[-122.26885,47.53394],[-122.27025,47.53526],[-122.27284,47.53503],[-122.27403,47.53349],[-122.27263,47.53217],[-122.27005,47.5324]]]}},{"type":"Feature","properties":{"i":1687},"geometry":{"type":"Polygon","coordinates":[[[-122.41977,47.65711],[-122.41858,47.65865],[-122.41998,47.65996],[-122.42257,47.65973],[-122.42376,47.65819],[-122.42236,47.65688],[-122.41977,47.65711]]]}},{"type":"Feature","properties":{"i":1688},"geometry":{"type":"Polygon","coordinates":[[[-122.32658,47.61223],[-122.32539,47.61377],[-122.32679,47.61508],[-122.32938,47.61485],[-122.33057,47.61331],[-122.32917,47.612],[-122.32658,47.61223]]]}},{"type":"Feature","properties":{"i":1689},"geometry":{"type":"Polygon","coordinates":[[[-122.36492,47.7093],[-122.36372,47.71084],[-122.36512,47.71215],[-122.36772,47.71192],[-122.36891,47.71038],[-122.36751,47.70907],[-122.36492,47.7093]]]}},{"type":"Feature","properties":{"i":1690},"geometry":{"type":"Polygon","coordinates":[[[-122.30248,47.71193],[-122.30129,47.71347],[-122.30269,47.71478],[-122.30528,47.71455],[-122.30647,47.71302],[-122.30507,47.7117],[-122.30248,47.71193]]]}},{"type":"Feature","properties":{"i":1691},"geometry":{"type":"Polygon","coordinates":[[[-122.30371,47.72903],[-122.30252,47.73057],[-122.30392,47.73188],[-122.30651,47.73165],[-122.30771,47.73011],[-122.30631,47.7288],[-122.30371,47.72903]]]}},{"type":"Feature","properties":{"i":1692},"geometry":{"type":"Polygon","coordinates":[[[-122.38807,47.65131],[-122.38688,47.65285],[-122.38828,47.65416],[-122.39087,47.65393],[-122.39206,47.65239],[-122.39066,47.65108],[-122.38807,47.65131]]]}},{"type":"Feature","properties":{"i":1693},"geometry":{"type":"Polygon","coordinates":[[[-122.34165,47.65828],[-122.34045,47.65982],[-122.34185,47.66113],[-122.34444,47.6609],[-122.34564,47.65936],[-122.34424,47.65805],[-122.34165,47.65828]]]}},{"type":"Feature","properties":{"i":1694},"geometry":{"type":"Polygon","coordinates":[[[-122.28528,47.69049],[-122.28409,47.69203],[-122.28548,47.69334],[-122.28808,47.69311],[-122.28927,47.69158],[-122.28787,47.69026],[-122.28528,47.69049]]]}},{"type":"Feature","properties":{"i":1695},"geometry":{"type":"Polygon","coordinates":[[[-122.39456,47.6866],[-122.39337,47.68814],[-122.39477,47.68945],[-122.39736,47.68922],[-122.39855,47.68768],[-122.39715,47.68637],[-122.39456,47.6866]]]}},{"type":"Feature","properties":{"i":1696},"geometry":{"type":"Polygon","coordinates":[[[-122.30993,47.65246],[-122.30874,47.654],[-122.31014,47.65531],[-122.31273,47.65508],[-122.31392,47.65354],[-122.31252,47.65223],[-122.30993,47.65246]]]}},{"type":"Feature","properties":{"i":1697},"geometry":{"type":"Polygon","coordinates":[[[-122.28702,47.66021],[-122.28582,47.66175],[-122.28722,47.66306],[-122.28981,47.66283],[-122.29101,47.66129],[-122.28961,47.65998],[-122.28702,47.66021]]]}},{"type":"Feature","properties":{"i":1698},"geometry":{"type":"Polygon","coordinates":[[[-122.33594,47.68748],[-122.33475,47.68902],[-122.33614,47.69033],[-122.33874,47.6901],[-122.33993,47.68856],[-122.33853,47.68725],[-122.33594,47.68748]]]}},{"type":"Feature","properties":{"i":1699},"geometry":{"type":"Polygon","coordinates":[[[-122.31133,47.56329],[-122.31014,47.56483],[-122.31154,47.56614],[-122.31413,47.56592],[-122.31532,47.56437],[-122.31392,47.56306],[-122.31133,47.56329]]]}},{"type":"Feature","properties":{"i":1700},"geometry":{"type":"Polygon","coordinates":[[[-122.31002,47.59932],[-122.30882,47.60086],[-122.31022,47.60218],[-122.31281,47.60195],[-122.314,47.60041],[-122.31261,47.59909],[-122.31002,47.59932]]]}},{"type":"Feature","properties":{"i":1701},"geometry":{"type":"Polygon","coordinates":[[[-122.36792,47.64304],[-122.36672,47.64458],[-122.36812,47.6459],[-122.37071,47.64567],[-122.37191,47.64413],[-122.37051,47.64282],[-122.36792,47.64304]]]}},{"type":"Feature","properties":{"i":1702},"geometry":{"type":"Polygon","coordinates":[[[-122.31158,47.67527],[-122.31039,47.67681],[-122.31178,47.67812],[-122.31438,47.6779],[-122.31557,47.67636],[-122.31417,47.67504],[-122.31158,47.67527]]]}},{"type":"Feature","properties":{"i":1703},"geometry":{"type":"Polygon","coordinates":[[[-122.27965,47.55744],[-122.27846,47.55898],[-122.27985,47.5603],[-122.28244,47.56007],[-122.28364,47.55853],[-122.28224,47.55721],[-122.27965,47.55744]]]}},{"type":"Feature","properties":{"i":1704},"geometry":{"type":"Polygon","coordinates":[[[-122.40277,47.63853],[-122.40158,47.64007],[-122.40298,47.64138],[-122.40557,47.64115],[-122.40676,47.63961],[-122.40536,47.6383],[-122.40277,47.63853]]]}},{"type":"Feature","properties":{"i":1705},"geometry":{"type":"Polygon","coordinates":[[[-122.37311,47.71432],[-122.37192,47.71585],[-122.37332,47.71716],[-122.37591,47.71694],[-122.3771,47.7154],[-122.3757,47.71409],[-122.37311,47.71432]]]}},{"type":"Feature","properties":{"i":1706},"geometry":{"type":"Polygon","coordinates":[[[-122.37107,47.63272],[-122.36988,47.63426],[-122.37128,47.63557],[-122.37387,47.63534],[-122.37506,47.6338],[-122.37366,47.63249],[-122.37107,47.63272]]]}},{"type":"Feature","properties":{"i":1707},"geometry":{"type":"Polygon","coordinates":[[[-122.39772,47.67628],[-122.39652,47.67782],[-122.39792,47.67913],[-122.40051,47.6789],[-122.40171,47.67736],[-122.40031,47.67605],[-122.39772,47.67628]]]}},{"type":"Feature","properties":{"i":1708},"geometry":{"type":"Polygon","coordinates":[[[-122.26923,47.52097],[-122.26804,47.52251],[-122.26943,47.52383],[-122.27202,47.5236],[-122.27321,47.52206],[-122.27182,47.52074],[-122.26923,47.52097]]]}},{"type":"Feature","properties":{"i":1709},"geometry":{"type":"Polygon","coordinates":[[[-122.30591,47.5422],[-122.30472,47.54374],[-122.30611,47.54506],[-122.3087,47.54483],[-122.30989,47.54329],[-122.3085,47.54197],[-122.30591,47.5422]]]}},{"type":"Feature","properties":{"i":1710},"geometry":{"type":"Polygon","coordinates":[[[-122.26911,47.6833],[-122.26791,47.68484],[-122.26931,47.68615],[-122.27191,47.68592],[-122.2731,47.68438],[-122.2717,47.68307],[-122.26911,47.6833]]]}},{"type":"Feature","properties":{"i":1711},"geometry":{"type":"Polygon","coordinates":[[[-122.24492,47.50871],[-122.24373,47.51025],[-122.24512,47.51156],[-122.24771,47.51134],[-122.2489,47.5098],[-122.24751,47.50848],[-122.24492,47.50871]]]}},{"type":"Feature","properties":{"i":1712},"geometry":{"type":"Polygon","coordinates":[[[-122.28538,47.63738],[-122.28419,47.63892],[-122.28558,47.64024],[-122.28818,47.64001],[-122.28937,47.63847],[-122.28797,47.63715],[-122.28538,47.63738]]]}},{"type":"Feature","properties":{"i":1713},"geometry":{"type":"Polygon","coordinates":[[[-122.35569,47.69004],[-122.3545,47.69158],[-122.3559,47.69289],[-122.35849,47.69266],[-122.35968,47.69112],[-122.35828,47.68981],[-122.35569,47.69004]]]}},{"type":"Feature","properties":{"i":1714},"geometry":{"type":"Polygon","coordinates":[[[-122.32623,47.71558],[-122.32504,47.71712],[-122.32644,47.71843],[-122.32903,47.7182],[-122.33023,47.71666],[-122.32883,47.71535],[-122.32623,47.71558]]]}},{"type":"Feature","properties":{"i":1715},"geometry":{"type":"Polygon","coordinates":[[[-122.26952,47.689],[-122.26832,47.69054],[-122.26972,47.69185],[-122.27231,47.69163],[-122.27351,47.69009],[-122.27211,47.68877],[-122.26952,47.689]]]}},{"type":"Feature","properties":{"i":1716},"geometry":{"type":"Polygon","coordinates":[[[-122.32713,47.6739],[-122.32594,47.67544],[-122.32734,47.67676],[-122.32993,47.67653],[-122.33112,47.67499],[-122.32972,47.67368],[-122.32713,47.6739]]]}},{"type":"Feature","properties":{"i":1717},"geometry":{"type":"Polygon","coordinates":[[[-122.29427,47.59783],[-122.29308,47.59937],[-122.29448,47.60068],[-122.29707,47.60046],[-122.29826,47.59892],[-122.29686,47.5976],[-122.29427,47.59783]]]}},{"type":"Feature","properties":{"i":1718},"geometry":{"type":"Polygon","coordinates":[[[-122.28946,47.58532],[-122.28827,47.58686],[-122.28967,47.58818],[-122.29226,47.58795],[-122.29345,47.58641],[-122.29205,47.58509],[-122.28946,47.58532]]]}},{"type":"Feature","properties":{"i":1719},"geometry":{"type":"Polygon","coordinates":[[[-122.37689,47.71255],[-122.3757,47.71409],[-122.3771,47.7154],[-122.37969,47.71517],[-122.38088,47.71363],[-122.37948,47.71232],[-122.37689,47.71255]]]}},{"type":"Feature","properties":{"i":1720},"geometry":{"type":"Polygon","coordinates":[[[-122.27086,47.54383],[-122.26967,47.54537],[-122.27107,47.54669],[-122.27366,47.54646],[-122.27485,47.54492],[-122.27345,47.54361],[-122.27086,47.54383]]]}},{"type":"Feature","properties":{"i":1721},"geometry":{"type":"Polygon","coordinates":[[[-122.2601,47.66686],[-122.25891,47.6684],[-122.26031,47.66972],[-122.2629,47.66949],[-122.26409,47.66795],[-122.2627,47.66664],[-122.2601,47.66686]]]}},{"type":"Feature","properties":{"i":1722},"geometry":{"type":"Polygon","coordinates":[[[-122.33456,47.6144],[-122.33337,47.61594],[-122.33477,47.61725],[-122.33736,47.61703],[-122.33855,47.61548],[-122.33715,47.61417],[-122.33456,47.6144]]]}},{"type":"Feature","properties":{"i":1723},"geometry":{"type":"Polygon","coordinates":[[[-122.35253,47.70036],[-122.35133,47.7019],[-122.35273,47.70321],[-122.35532,47.70298],[-122.35652,47.70144],[-122.35512,47.70013],[-122.35253,47.70036]]]}},{"type":"Feature","properties":{"i":1724},"geometry":{"type":"Polygon","coordinates":[[[-122.32054,47.5826],[-122.31935,47.58414],[-122.32074,47.58545],[-122.32333,47.58522],[-122.32452,47.58368],[-122.32313,47.58237],[-122.32054,47.5826]]]}},{"type":"Feature","properties":{"i":1725},"geometry":{"type":"Polygon","coordinates":[[[-122.31047,47.7141],[-122.30927,47.71564],[-122.31067,47.71695],[-122.31327,47.71672],[-122.31446,47.71518],[-122.31306,47.71387],[-122.31047,47.7141]]]}},{"type":"Feature","properties":{"i":1726},"geometry":{"type":"Polygon","coordinates":[[[-122.31928,47.72766],[-122.31808,47.7292],[-122.31948,47.73051],[-122.32208,47.73028],[-122.32327,47.72875],[-122.32187,47.72744],[-122.31928,47.72766]]]}},{"type":"Feature","properties":{"i":1727},"geometry":{"type":"Polygon","coordinates":[[[-122.33367,47.65611],[-122.33247,47.65765],[-122.33387,47.65896],[-122.33646,47.65873],[-122.33766,47.65719],[-122.33626,47.65588],[-122.33367,47.65611]]]}},{"type":"Feature","properties":{"i":1728},"geometry":{"type":"Polygon","coordinates":[[[-122.28753,47.72185],[-122.28634,47.72338],[-122.28774,47.7247],[-122.29033,47.72447],[-122.29153,47.72293],[-122.29013,47.72162],[-122.28753,47.72185]]]}},{"type":"Feature","properties":{"i":1729},"geometry":{"type":"Polygon","coordinates":[[[-122.33195,47.68639],[-122.33075,47.68793],[-122.33215,47.68924],[-122.33475,47.68902],[-122.33594,47.68748],[-122.33454,47.68617],[-122.33195,47.68639]]]}},{"type":"Feature","properties":{"i":1730},"geometry":{"type":"Polygon","coordinates":[[[-122.27873,47.70828],[-122.27753,47.70982],[-122.27893,47.71113],[-122.28153,47.7109],[-122.28272,47.70936],[-122.28132,47.70805],[-122.27873,47.70828]]]}},{"type":"Feature","properties":{"i":1731},"geometry":{"type":"Polygon","coordinates":[[[-122.39078,47.68837],[-122.38959,47.68991],[-122.39099,47.69122],[-122.39358,47.69099],[-122.39477,47.68945],[-122.39337,47.68814],[-122.39078,47.68837]]]}},{"type":"Feature","properties":{"i":1732},"geometry":{"type":"Polygon","coordinates":[[[-122.33676,47.69888],[-122.33557,47.70042],[-122.33697,47.70173],[-122.33956,47.7015],[-122.34076,47.69996],[-122.33936,47.69865],[-122.33676,47.69888]]]}},{"type":"Feature","properties":{"i":1733},"geometry":{"type":"Polygon","coordinates":[[[-122.30336,47.56111],[-122.30217,47.56265],[-122.30357,47.56397],[-122.30615,47.56374],[-122.30735,47.5622],[-122.30595,47.56088],[-122.30336,47.56111]]]}},{"type":"Feature","properties":{"i":1734},"geometry":{"type":"Polygon","coordinates":[[[-122.29908,47.61033],[-122.29789,47.61188],[-122.29928,47.61319],[-122.30188,47.61296],[-122.30307,47.61142],[-122.30167,47.61011],[-122.29908,47.61033]]]}},{"type":"Feature","properties":{"i":1735},"geometry":{"type":"Polygon","coordinates":[[[-122.35906,47.68257],[-122.35787,47.68411],[-122.35926,47.68542],[-122.36186,47.68519],[-122.36305,47.68365],[-122.36165,47.68234],[-122.35906,47.68257]]]}},{"type":"Feature","properties":{"i":1736},"geometry":{"type":"Polygon","coordinates":[[[-122.27904,47.54887],[-122.27784,47.55041],[-122.27924,47.55172],[-122.28183,47.5515],[-122.28302,47.54996],[-122.28163,47.54864],[-122.27904,47.54887]]]}},{"type":"Feature","properties":{"i":1737},"geometry":{"type":"Polygon","coordinates":[[[-122.34419,47.6394],[-122.343,47.64094],[-122.3444,47.64225],[-122.34699,47.64202],[-122.34818,47.64048],[-122.34678,47.63917],[-122.34419,47.6394]]]}},{"type":"Feature","properties":{"i":1738},"geometry":{"type":"Polygon","coordinates":[[[-122.36217,47.72532],[-122.36098,47.72686],[-122.36238,47.72817],[-122.36497,47.72794],[-122.36616,47.7264],[-122.36476,47.72509],[-122.36217,47.72532]]]}},{"type":"Feature","properties":{"i":1739},"geometry":{"type":"Polygon","coordinates":[[[-122.32872,47.58762],[-122.32753,47.58916],[-122.32892,47.59048],[-122.33151,47.59025],[-122.3327,47.58871],[-122.33131,47.5874],[-122.32872,47.58762]]]}},{"type":"Feature","properties":{"i":1740},"geometry":{"type":"Polygon","coordinates":[[[-122.39837,47.63174],[-122.39718,47.63328],[-122.39858,47.63459],[-122.40117,47.63436],[-122.40236,47.63282],[-122.40096,47.63151],[-122.39837,47.63174]]]}},{"type":"Feature","properties":{"i":1741},"geometry":{"type":"Polygon","coordinates":[[[-122.38533,47.66734],[-122.38414,47.66888],[-122.38554,47.67019],[-122.38813,47.66996],[-122.38932,47.66842],[-122.38792,47.66711],[-122.38533,47.66734]]]}},{"type":"Feature","properties":{"i":1742},"geometry":{"type":"Polygon","coordinates":[[[-122.31388,47.54438],[-122.31269,47.54592],[-122.31408,47.54723],[-122.31667,47.54701],[-122.31786,47.54547],[-122.31647,47.54415],[-122.31388,47.54438]]]}},{"type":"Feature","properties":{"i":1743},"geometry":{"type":"Polygon","coordinates":[[[-122.29192,47.61958],[-122.29073,47.62112],[-122.29213,47.62243],[-122.29472,47.62221],[-122.29591,47.62066],[-122.29451,47.61935],[-122.29192,47.61958]]]}},{"type":"Feature","properties":{"i":1744},"geometry":{"type":"Polygon","coordinates":[[[-122.28467,47.68194],[-122.28347,47.68348],[-122.28487,47.68479],[-122.28746,47.68456],[-122.28866,47.68302],[-122.28726,47.68171],[-122.28467,47.68194]]]}},{"type":"Feature","properties":{"i":1745},"geometry":{"type":"Polygon","coordinates":[[[-122.35341,47.65868],[-122.35222,47.66022],[-122.35362,47.66153],[-122.35621,47.6613],[-122.3574,47.65976],[-122.356,47.65845],[-122.35341,47.65868]]]}},{"type":"Feature","properties":{"i":1746},"geometry":{"type":"Polygon","coordinates":[[[-122.28476,47.62882],[-122.28357,47.63036],[-122.28497,47.63167],[-122.28756,47.63145],[-122.28875,47.62991],[-122.28736,47.62859],[-122.28476,47.62882]]]}},{"type":"Feature","properties":{"i":1747},"geometry":{"type":"Polygon","coordinates":[[[-122.33105,47.72806],[-122.32986,47.7296],[-122.33126,47.73091],[-122.33385,47.73068],[-122.33504,47.72914],[-122.33364,47.72783],[-122.33105,47.72806]]]}},{"type":"Feature","properties":{"i":1748},"geometry":{"type":"Polygon","coordinates":[[[-122.3462,47.72099],[-122.345,47.72253],[-122.3464,47.72384],[-122.349,47.72361],[-122.35019,47.72207],[-122.34879,47.72076],[-122.3462,47.72099]]]}},{"type":"Feature","properties":{"i":1749},"geometry":{"type":"Polygon","coordinates":[[[-122.30594,47.65137],[-122.30475,47.65291],[-122.30615,47.65422],[-122.30874,47.654],[-122.30993,47.65246],[-122.30853,47.65114],[-122.30594,47.65137]]]}},{"type":"Feature","properties":{"i":1750},"geometry":{"type":"Polygon","coordinates":[[[-122.25713,47.68004],[-122.25594,47.68158],[-122.25734,47.68289],[-122.25993,47.68266],[-122.26112,47.68113],[-122.25973,47.67981],[-122.25713,47.68004]]]}},{"type":"Feature","properties":{"i":1751},"geometry":{"type":"Polygon","coordinates":[[[-122.32335,47.67567],[-122.32215,47.67721],[-122.32355,47.67852],[-122.32614,47.6783],[-122.32734,47.67676],[-122.32594,47.67544],[-122.32335,47.67567]]]}},{"type":"Feature","properties":{"i":1752},"geometry":{"type":"Polygon","coordinates":[[[-122.41138,47.64924],[-122.41019,47.65079],[-122.41159,47.6521],[-122.41418,47.65187],[-122.41537,47.65033],[-122.41397,47.64901],[-122.41138,47.64924]]]}},{"type":"Feature","properties":{"i":1753},"geometry":{"type":"Polygon","coordinates":[[[-122.29162,47.66985],[-122.29043,47.67139],[-122.29183,47.6727],[-122.29442,47.67247],[-122.29561,47.67093],[-122.29422,47.66962],[-122.29162,47.66985]]]}},{"type":"Feature","properties":{"i":1754},"geometry":{"type":"Polygon","coordinates":[[[-122.26708,47.5456],[-122.26589,47.54714],[-122.26729,47.54846],[-122.26987,47.54823],[-122.27107,47.54669],[-122.26967,47.54537],[-122.26708,47.5456]]]}},{"type":"Feature","properties":{"i":1755},"geometry":{"type":"Polygon","coordinates":[[[-122.26809,47.66904],[-122.26689,47.67058],[-122.26829,47.67189],[-122.27088,47.67166],[-122.27208,47.67012],[-122.27068,47.66881],[-122.26809,47.66904]]]}},{"type":"Feature","properties":{"i":1756},"geometry":{"type":"Polygon","coordinates":[[[-122.31992,47.57403],[-122.31873,47.57557],[-122.32013,47.57688],[-122.32272,47.57666],[-122.32391,47.57512],[-122.32251,47.5738],[-122.31992,47.57403]]]}},{"type":"Feature","properties":{"i":1757},"geometry":{"type":"Polygon","coordinates":[[[-122.29808,47.70515],[-122.29688,47.70669],[-122.29828,47.708],[-122.30088,47.70777],[-122.30207,47.70623],[-122.30067,47.70492],[-122.29808,47.70515]]]}},{"type":"Feature","properties":{"i":1758},"geometry":{"type":"Polygon","coordinates":[[[-122.31766,47.54261],[-122.31647,47.54415],[-122.31786,47.54547],[-122.32045,47.54524],[-122.32164,47.5437],[-122.32025,47.54238],[-122.31766,47.54261]]]}},{"type":"Feature","properties":{"i":1759},"geometry":{"type":"Polygon","coordinates":[[[-122.29552,47.72401],[-122.29433,47.72555],[-122.29573,47.72686],[-122.29832,47.72664],[-122.29952,47.7251],[-122.29812,47.72379],[-122.29552,47.72401]]]}},{"type":"Feature","properties":{"i":1760},"geometry":{"type":"Polygon","coordinates":[[[-122.29334,47.53036],[-122.29215,47.53191],[-122.29355,47.53322],[-122.29613,47.53299],[-122.29732,47.53145],[-122.29593,47.53014],[-122.29334,47.53036]]]}},{"type":"Feature","properties":{"i":1761},"geometry":{"type":"Polygon","coordinates":[[[-122.29438,47.65382],[-122.29319,47.65536],[-122.29459,47.65667],[-122.29718,47.65644],[-122.29837,47.6549],[-122.29698,47.65359],[-122.29438,47.65382]]]}},{"type":"Feature","properties":{"i":1762},"geometry":{"type":"Polygon","coordinates":[[[-122.30553,47.64566],[-122.30434,47.6472],[-122.30574,47.64852],[-122.30833,47.64829],[-122.30952,47.64675],[-122.30812,47.64544],[-122.30553,47.64566]]]}},{"type":"Feature","properties":{"i":1763},"geometry":{"type":"Polygon","coordinates":[[[-122.33298,47.70065],[-122.33179,47.70219],[-122.33319,47.7035],[-122.33578,47.70327],[-122.33697,47.70173],[-122.33557,47.70042],[-122.33298,47.70065]]]}},{"type":"Feature","properties":{"i":1764},"geometry":{"type":"Polygon","coordinates":[[[-122.29243,47.57213],[-122.29123,47.57367],[-122.29263,47.57499],[-122.29522,47.57476],[-122.29641,47.57322],[-122.29502,47.5719],[-122.29243,47.57213]]]}},{"type":"Feature","properties":{"i":1765},"geometry":{"type":"Polygon","coordinates":[[[-122.35616,47.64265],[-122.35496,47.64419],[-122.35636,47.6455],[-122.35895,47.64527],[-122.36015,47.64373],[-122.35875,47.64242],[-122.35616,47.64265]]]}},{"type":"Feature","properties":{"i":1766},"geometry":{"type":"Polygon","coordinates":[[[-122.30125,47.69483],[-122.30005,47.69637],[-122.30145,47.69768],[-122.30405,47.69745],[-122.30524,47.69591],[-122.30384,47.6946],[-122.30125,47.69483]]]}},{"type":"Feature","properties":{"i":1767},"geometry":{"type":"Polygon","coordinates":[[[-122.38741,47.69584],[-122.38622,47.69738],[-122.38762,47.69869],[-122.39021,47.69846],[-122.3914,47.69692],[-122.39,47.69561],[-122.38741,47.69584]]]}},{"type":"Feature","properties":{"i":1768},"geometry":{"type":"Polygon","coordinates":[[[-122.27526,47.55064],[-122.27406,47.55218],[-122.27546,47.55349],[-122.27805,47.55327],[-122.27924,47.55172],[-122.27784,47.55041],[-122.27526,47.55064]]]}},{"type":"Feature","properties":{"i":1769},"geometry":{"type":"Polygon","coordinates":[[[-122.32954,47.59904],[-122.32835,47.60058],[-122.32975,47.6019],[-122.33234,47.60167],[-122.33353,47.60013],[-122.33213,47.59881],[-122.32954,47.59904]]]}},{"type":"Feature","properties":{"i":1770},"geometry":{"type":"Polygon","coordinates":[[[-122.32583,47.54764],[-122.32464,47.54918],[-122.32604,47.5505],[-122.32863,47.55027],[-122.32982,47.54873],[-122.32842,47.54741],[-122.32583,47.54764]]]}},{"type":"Feature","properties":{"i":1771},"geometry":{"type":"Polygon","coordinates":[[[-122.39459,47.63351],[-122.3934,47.63505],[-122.3948,47.63636],[-122.39739,47.63613],[-122.39858,47.63459],[-122.39718,47.63328],[-122.39459,47.63351]]]}},{"type":"Feature","properties":{"i":1772},"geometry":{"type":"Polygon","coordinates":[[[-122.39331,47.6695],[-122.39212,47.67104],[-122.39352,47.67235],[-122.39611,47.67212],[-122.3973,47.67058],[-122.3959,47.66927],[-122.39331,47.6695]]]}},{"type":"Feature","properties":{"i":1773},"geometry":{"type":"Polygon","coordinates":[[[-122.2999,47.62175],[-122.29871,47.62329],[-122.30011,47.62461],[-122.3027,47.62438],[-122.30389,47.62284],[-122.30249,47.62152],[-122.2999,47.62175]]]}},{"type":"Feature","properties":{"i":1774},"geometry":{"type":"Polygon","coordinates":[[[-122.30151,47.5354],[-122.30032,47.53694],[-122.30172,47.53826],[-122.30431,47.53803],[-122.3055,47.53649],[-122.3041,47.53517],[-122.30151,47.5354]]]}},{"type":"Feature","properties":{"i":1775},"geometry":{"type":"Polygon","coordinates":[[[-122.29265,47.68411],[-122.29145,47.68565],[-122.29285,47.68696],[-122.29545,47.68673],[-122.29664,47.68519],[-122.29524,47.68388],[-122.29265,47.68411]]]}},{"type":"Feature","properties":{"i":1776},"geometry":{"type":"Polygon","coordinates":[[[-122.28098,47.63059],[-122.27979,47.63213],[-122.28118,47.63344],[-122.28378,47.63321],[-122.28497,47.63167],[-122.28357,47.63036],[-122.28098,47.63059]]]}},{"type":"Feature","properties":{"i":1777},"geometry":{"type":"Polygon","coordinates":[[[-122.35051,47.61874],[-122.34932,47.62028],[-122.35072,47.62159],[-122.35331,47.62136],[-122.3545,47.61982],[-122.3531,47.61851],[-122.35051,47.61874]]]}},{"type":"Feature","properties":{"i":1778},"geometry":{"type":"Polygon","coordinates":[[[-122.33381,47.71205],[-122.33261,47.71359],[-122.33401,47.7149],[-122.3366,47.71467],[-122.3378,47.71313],[-122.3364,47.71182],[-122.33381,47.71205]]]}},{"type":"Feature","properties":{"i":1779},"geometry":{"type":"Polygon","coordinates":[[[-122.3433,47.68109],[-122.34211,47.68263],[-122.34351,47.68394],[-122.3461,47.68371],[-122.34729,47.68217],[-122.34589,47.68086],[-122.3433,47.68109]]]}},{"type":"Feature","properties":{"i":1780},"geometry":{"type":"Polygon","coordinates":[[[-122.30562,47.59252],[-122.30443,47.59407],[-122.30582,47.59538],[-122.30841,47.59515],[-122.30961,47.59361],[-122.30821,47.5923],[-122.30562,47.59252]]]}},{"type":"Feature","properties":{"i":1781},"geometry":{"type":"Polygon","coordinates":[[[-122.4076,47.65101],[-122.40641,47.65256],[-122.40781,47.65387],[-122.4104,47.65364],[-122.41159,47.6521],[-122.41019,47.65079],[-122.4076,47.65101]]]}},{"type":"Feature","properties":{"i":1782},"geometry":{"type":"Polygon","coordinates":[[[-122.32617,47.60652],[-122.32498,47.60806],[-122.32638,47.60937],[-122.32897,47.60915],[-122.33016,47.60761],[-122.32876,47.60629],[-122.32617,47.60652]]]}},{"type":"Feature","properties":{"i":1783},"geometry":{"type":"Polygon","coordinates":[[[-122.27392,47.69579],[-122.27272,47.69733],[-122.27412,47.69864],[-122.27672,47.69841],[-122.27791,47.69687],[-122.27651,47.69556],[-122.27392,47.69579]]]}},{"type":"Feature","properties":{"i":1784},"geometry":{"type":"Polygon","coordinates":[[[-122.28272,47.70936],[-122.28153,47.7109],[-122.28293,47.71221],[-122.28552,47.71198],[-122.28671,47.71045],[-122.28532,47.70913],[-122.28272,47.70936]]]}},{"type":"Feature","properties":{"i":1785},"geometry":{"type":"Polygon","coordinates":[[[-122.31894,47.66889],[-122.31775,47.67042],[-122.31915,47.67174],[-122.32174,47.67151],[-122.32293,47.66997],[-122.32153,47.66866],[-122.31894,47.66889]]]}},{"type":"Feature","properties":{"i":1786},"geometry":{"type":"Polygon","coordinates":[[[-122.25911,47.54342],[-122.25792,47.54496],[-122.25931,47.54628],[-122.2619,47.54605],[-122.2631,47.54451],[-122.2617,47.54319],[-122.25911,47.54342]]]}},{"type":"Feature","properties":{"i":1787},"geometry":{"type":"Polygon","coordinates":[[[-122.37589,47.64521],[-122.3747,47.64675],[-122.3761,47.64806],[-122.37869,47.64783],[-122.37988,47.64629],[-122.37848,47.64498],[-122.37589,47.64521]]]}},{"type":"Feature","properties":{"i":1788},"geometry":{"type":"Polygon","coordinates":[[[-122.3687,47.70754],[-122.36751,47.70907],[-122.36891,47.71038],[-122.3715,47.71016],[-122.37269,47.70862],[-122.37129,47.70731],[-122.3687,47.70754]]]}},{"type":"Feature","properties":{"i":1789},"geometry":{"type":"Polygon","coordinates":[[[-122.31614,47.5758],[-122.31495,47.57734],[-122.31635,47.57865],[-122.31893,47.57843],[-122.32013,47.57688],[-122.31873,47.57557],[-122.31614,47.5758]]]}},{"type":"Feature","properties":{"i":1790},"geometry":{"type":"Polygon","coordinates":[[[-122.25952,47.54913],[-122.25833,47.55068],[-122.25972,47.55199],[-122.26231,47.55177],[-122.2635,47.55022],[-122.26211,47.54891],[-122.25952,47.54913]]]}},{"type":"Feature","properties":{"i":1791},"geometry":{"type":"Polygon","coordinates":[[[-122.3075,47.72726],[-122.30631,47.7288],[-122.30771,47.73011],[-122.3103,47.72989],[-122.3115,47.72835],[-122.3101,47.72704],[-122.3075,47.72726]]]}},{"type":"Feature","properties":{"i":1792},"geometry":{"type":"Polygon","coordinates":[[[-122.31704,47.53404],[-122.31585,47.53558],[-122.31725,47.53689],[-122.31983,47.53667],[-122.32103,47.53512],[-122.31963,47.53381],[-122.31704,47.53404]]]}},{"type":"Feature","properties":{"i":1793},"geometry":{"type":"Polygon","coordinates":[[[-122.38238,47.68051],[-122.38119,47.68205],[-122.38259,47.68336],[-122.38518,47.68313],[-122.38637,47.68159],[-122.38497,47.68028],[-122.38238,47.68051]]]}},{"type":"Feature","properties":{"i":1794},"geometry":{"type":"Polygon","coordinates":[[[-122.27433,47.70149],[-122.27313,47.70303],[-122.27453,47.70434],[-122.27712,47.70411],[-122.27832,47.70258],[-122.27692,47.70126],[-122.27433,47.70149]]]}},{"type":"Feature","properties":{"i":1795},"geometry":{"type":"Polygon","coordinates":[[[-122.28313,47.71506],[-122.28194,47.7166],[-122.28334,47.71791],[-122.28593,47.71768],[-122.28712,47.71615],[-122.28573,47.71483],[-122.28313,47.71506]]]}},{"type":"Feature","properties":{"i":1796},"geometry":{"type":"Polygon","coordinates":[[[-122.35066,47.6747],[-122.34947,47.67624],[-122.35087,47.67755],[-122.35346,47.67732],[-122.35465,47.67579],[-122.35325,47.67447],[-122.35066,47.6747]]]}},{"type":"Feature","properties":{"i":1797},"geometry":{"type":"Polygon","coordinates":[[[-122.2906,47.65559],[-122.2894,47.65713],[-122.2908,47.65844],[-122.2934,47.65821],[-122.29459,47.65667],[-122.29319,47.65536],[-122.2906,47.65559]]]}},{"type":"Feature","properties":{"i":1798},"geometry":{"type":"Polygon","coordinates":[[[-122.34239,47.56056],[-122.3412,47.5621],[-122.3426,47.56341],[-122.34519,47.56318],[-122.34638,47.56164],[-122.34498,47.56033],[-122.34239,47.56056]]]}},{"type":"Feature","properties":{"i":1799},"geometry":{"type":"Polygon","coordinates":[[[-122.32499,47.69848],[-122.3238,47.70002],[-122.3252,47.70133],[-122.32779,47.7011],[-122.32899,47.69956],[-122.32759,47.69825],[-122.32499,47.69848]]]}},{"type":"Feature","properties":{"i":1800},"geometry":{"type":"Polygon","coordinates":[[[-122.3004,47.5743],[-122.29921,47.57585],[-122.3006,47.57716],[-122.30319,47.57693],[-122.30439,47.57539],[-122.30299,47.57408],[-122.3004,47.5743]]]}},{"type":"Feature","properties":{"i":1801},"geometry":{"type":"Polygon","coordinates":[[[-122.28732,47.60993],[-122.28613,47.61147],[-122.28752,47.61278],[-122.29012,47.61256],[-122.29131,47.61102],[-122.28991,47.6097],[-122.28732,47.60993]]]}},{"type":"Feature","properties":{"i":1802},"geometry":{"type":"Polygon","coordinates":[[[-122.30063,47.68628],[-122.29944,47.68781],[-122.30084,47.68913],[-122.30343,47.6889],[-122.30462,47.68736],[-122.30322,47.68605],[-122.30063,47.68628]]]}},{"type":"Feature","properties":{"i":1803},"geometry":{"type":"Polygon","coordinates":[[[-122.3303,47.66358],[-122.3291,47.66512],[-122.3305,47.66643],[-122.33309,47.66621],[-122.33429,47.66467],[-122.33289,47.66335],[-122.3303,47.66358]]]}},{"type":"Feature","properties":{"i":1804},"geometry":{"type":"Polygon","coordinates":[[[-122.25707,47.51484],[-122.25588,47.51638],[-122.25728,47.5177],[-122.25987,47.51747],[-122.26106,47.51593],[-122.25966,47.51461],[-122.25707,47.51484]]]}},{"type":"Feature","properties":{"i":1805},"geometry":{"type":"Polygon","coordinates":[[[-122.26072,47.67542],[-122.25952,47.67696],[-122.26092,47.67827],[-122.26351,47.67805],[-122.26471,47.67651],[-122.26331,47.6752],[-122.26072,47.67542]]]}},{"type":"Feature","properties":{"i":1806},"geometry":{"type":"Polygon","coordinates":[[[-122.3504,47.72492],[-122.3492,47.72646],[-122.3506,47.72777],[-122.3532,47.72754],[-122.35439,47.726],[-122.35299,47.72469],[-122.3504,47.72492]]]}},{"type":"Feature","properties":{"i":1807},"geometry":{"type":"Polygon","coordinates":[[[-122.32576,47.60081],[-122.32457,47.60235],[-122.32597,47.60367],[-122.32856,47.60344],[-122.32975,47.6019],[-122.32835,47.60058],[-122.32576,47.60081]]]}},{"type":"Feature","properties":{"i":1808},"geometry":{"type":"Polygon","coordinates":[[[-122.32666,47.55907],[-122.32547,47.56061],[-122.32686,47.56192],[-122.32945,47.5617],[-122.33064,47.56015],[-122.32925,47.55884],[-122.32666,47.55907]]]}},{"type":"Feature","properties":{"i":1809},"geometry":{"type":"Polygon","coordinates":[[[-122.38661,47.63134],[-122.38542,47.63288],[-122.38682,47.6342],[-122.38941,47.63397],[-122.3906,47.63243],[-122.3892,47.63111],[-122.38661,47.63134]]]}},{"type":"Feature","properties":{"i":1810},"geometry":{"type":"Polygon","coordinates":[[[-122.31544,47.62039],[-122.31425,47.62193],[-122.31565,47.62324],[-122.31824,47.62301],[-122.31943,47.62147],[-122.31803,47.62016],[-122.31544,47.62039]]]}},{"type":"Feature","properties":{"i":1811},"geometry":{"type":"Polygon","coordinates":[[[-122.28026,47.67515],[-122.27907,47.67669],[-122.28047,47.678],[-122.28306,47.67777],[-122.28426,47.67623],[-122.28286,47.67492],[-122.28026,47.67515]]]}},{"type":"Feature","properties":{"i":1812},"geometry":{"type":"Polygon","coordinates":[[[-122.27443,47.64839],[-122.27324,47.64993],[-122.27464,47.65124],[-122.27723,47.65102],[-122.27842,47.64948],[-122.27702,47.64816],[-122.27443,47.64839]]]}},{"type":"Feature","properties":{"i":1813},"geometry":{"type":"Polygon","coordinates":[[[-122.34179,47.71421],[-122.3406,47.71575],[-122.342,47.71706],[-122.34459,47.71683],[-122.34578,47.71529],[-122.34438,47.71398],[-122.34179,47.71421]]]}},{"type":"Feature","properties":{"i":1814},"geometry":{"type":"Polygon","coordinates":[[[-122.33091,47.67214],[-122.32972,47.67368],[-122.33112,47.67499],[-122.33371,47.67476],[-122.33491,47.67322],[-122.33351,47.67191],[-122.33091,47.67214]]]}},{"type":"Feature","properties":{"i":1815},"geometry":{"type":"Polygon","coordinates":[[[-122.305,47.58396],[-122.30381,47.5855],[-122.30521,47.58681],[-122.3078,47.58659],[-122.30899,47.58505],[-122.30759,47.58373],[-122.305,47.58396]]]}},{"type":"Feature","properties":{"i":1816},"geometry":{"type":"Polygon","coordinates":[[[-122.32239,47.60829],[-122.3212,47.60983],[-122.3226,47.61114],[-122.32519,47.61092],[-122.32638,47.60937],[-122.32498,47.60806],[-122.32239,47.60829]]]}},{"type":"Feature","properties":{"i":1817},"geometry":{"type":"Polygon","coordinates":[[[-122.31516,47.67065],[-122.31396,47.67219],[-122.31536,47.6735],[-122.31796,47.67328],[-122.31915,47.67174],[-122.31775,47.67042],[-122.31516,47.67065]]]}},{"type":"Feature","properties":{"i":1818},"geometry":{"type":"Polygon","coordinates":[[[-122.27464,47.54206],[-122.27345,47.54361],[-122.27485,47.54492],[-122.27744,47.54469],[-122.27863,47.54315],[-122.27723,47.54184],[-122.27464,47.54206]]]}},{"type":"Feature","properties":{"i":1819},"geometry":{"type":"Polygon","coordinates":[[[-122.40319,47.64423],[-122.402,47.64577],[-122.4034,47.64708],[-122.40599,47.64685],[-122.40718,47.64531],[-122.40578,47.644],[-122.40319,47.64423]]]}},{"type":"Feature","properties":{"i":1820},"geometry":{"type":"Polygon","coordinates":[[[-122.32149,47.65],[-122.3203,47.65154],[-122.3217,47.65286],[-122.32429,47.65263],[-122.32548,47.65109],[-122.32408,47.64978],[-122.32149,47.65]]]}},{"type":"Feature","properties":{"i":1821},"geometry":{"type":"Polygon","coordinates":[[[-122.37232,47.64983],[-122.37113,47.65137],[-122.37253,47.65268],[-122.37512,47.65245],[-122.37631,47.65091],[-122.37491,47.6496],[-122.37232,47.64983]]]}},{"type":"Feature","properties":{"i":1822},"geometry":{"type":"Polygon","coordinates":[[[-122.36808,47.69899],[-122.36689,47.70053],[-122.36829,47.70184],[-122.37088,47.70161],[-122.37207,47.70007],[-122.37067,47.69876],[-122.36808,47.69899]]]}},{"type":"Feature","properties":{"i":1823},"geometry":{"type":"Polygon","coordinates":[[[-122.33607,47.58123],[-122.33488,47.58277],[-122.33628,47.58408],[-122.33887,47.58386],[-122.34006,47.58232],[-122.33866,47.581],[-122.33607,47.58123]]]}},{"type":"Feature","properties":{"i":1824},"geometry":{"type":"Polygon","coordinates":[[[-122.31425,47.71233],[-122.31306,47.71387],[-122.31446,47.71518],[-122.31705,47.71495],[-122.31825,47.71342],[-122.31685,47.7121],[-122.31425,47.71233]]]}},{"type":"Feature","properties":{"i":1825},"geometry":{"type":"Polygon","coordinates":[[[-122.31326,47.53581],[-122.31207,47.53735],[-122.31347,47.53866],[-122.31606,47.53844],[-122.31725,47.53689],[-122.31585,47.53558],[-122.31326,47.53581]]]}},{"type":"Feature","properties":{"i":1826},"geometry":{"type":"Polygon","coordinates":[[[-122.28834,47.6242],[-122.28715,47.62574],[-122.28855,47.62705],[-122.29114,47.62683],[-122.29233,47.62529],[-122.29093,47.62397],[-122.28834,47.6242]]]}},{"type":"Feature","properties":{"i":1827},"geometry":{"type":"Polygon","coordinates":[[[-122.29714,47.63779],[-122.29595,47.63933],[-122.29735,47.64064],[-122.29994,47.64041],[-122.30113,47.63887],[-122.29973,47.63756],[-122.29714,47.63779]]]}},{"type":"Feature","properties":{"i":1828},"geometry":{"type":"Polygon","coordinates":[[[-122.28989,47.70013],[-122.28869,47.70167],[-122.29009,47.70298],[-122.29269,47.70275],[-122.29388,47.70121],[-122.29248,47.6999],[-122.28989,47.70013]]]}},{"type":"Feature","properties":{"i":1829},"geometry":{"type":"Polygon","coordinates":[[[-122.28159,47.52995],[-122.2804,47.5315],[-122.2818,47.53281],[-122.28438,47.53258],[-122.28558,47.53104],[-122.28418,47.52973],[-122.28159,47.52995]]]}},{"type":"Feature","properties":{"i":1830},"geometry":{"type":"Polygon","coordinates":[[[-122.35864,47.67687],[-122.35745,47.67841],[-122.35885,47.67972],[-122.36144,47.67949],[-122.36263,47.67795],[-122.36123,47.67664],[-122.35864,47.67687]]]}},{"type":"Feature","properties":{"i":1831},"geometry":{"type":"Polygon","coordinates":[[[-122.28262,47.65341],[-122.28142,47.65495],[-122.28282,47.65627],[-122.28541,47.65604],[-122.28661,47.6545],[-122.28521,47.65319],[-122.28262,47.65341]]]}},{"type":"Feature","properties":{"i":1832},"geometry":{"type":"Polygon","coordinates":[[[-122.34776,47.63477],[-122.34657,47.63631],[-122.34797,47.63763],[-122.35056,47.6374],[-122.35175,47.63586],[-122.35035,47.63455],[-122.34776,47.63477]]]}},{"type":"Feature","properties":{"i":1833},"geometry":{"type":"Polygon","coordinates":[[[-122.34055,47.69711],[-122.33936,47.69865],[-122.34076,47.69996],[-122.34335,47.69973],[-122.34454,47.69819],[-122.34314,47.69688],[-122.34055,47.69711]]]}},{"type":"Feature","properties":{"i":1834},"geometry":{"type":"Polygon","coordinates":[[[-122.28803,47.56533],[-122.28684,47.56687],[-122.28824,47.56818],[-122.29083,47.56796],[-122.29202,47.56642],[-122.29062,47.5651],[-122.28803,47.56533]]]}},{"type":"Feature","properties":{"i":1835},"geometry":{"type":"Polygon","coordinates":[[[-122.31462,47.60897],[-122.31343,47.61051],[-122.31483,47.61183],[-122.31742,47.6116],[-122.31861,47.61006],[-122.31721,47.60874],[-122.31462,47.60897]]]}},{"type":"Feature","properties":{"i":1836},"geometry":{"type":"Polygon","coordinates":[[[-122.29685,47.68804],[-122.29565,47.68958],[-122.29705,47.69089],[-122.29964,47.69067],[-122.30084,47.68913],[-122.29944,47.68781],[-122.29685,47.68804]]]}},{"type":"Feature","properties":{"i":1837},"geometry":{"type":"Polygon","coordinates":[[[-122.31446,47.71518],[-122.31327,47.71672],[-122.31467,47.71803],[-122.31726,47.7178],[-122.31845,47.71626],[-122.31705,47.71495],[-122.31446,47.71518]]]}},{"type":"Feature","properties":{"i":1838},"geometry":{"type":"Polygon","coordinates":[[[-122.30565,47.70161],[-122.30446,47.70315],[-122.30586,47.70446],[-122.30845,47.70424],[-122.30964,47.7027],[-122.30824,47.70139],[-122.30565,47.70161]]]}},{"type":"Feature","properties":{"i":1839},"geometry":{"type":"Polygon","coordinates":[[[-122.28435,47.51389],[-122.28316,47.51544],[-122.28455,47.51675],[-122.28714,47.51653],[-122.28833,47.51498],[-122.28694,47.51367],[-122.28435,47.51389]]]}},{"type":"Feature","properties":{"i":1840},"geometry":{"type":"Polygon","coordinates":[[[-122.31779,47.59864],[-122.31659,47.60018],[-122.31799,47.60149],[-122.32058,47.60127],[-122.32177,47.59973],[-122.32038,47.59841],[-122.31779,47.59864]]]}},{"type":"Feature","properties":{"i":1841},"geometry":{"type":"Polygon","coordinates":[[[-122.32288,47.56084],[-122.32169,47.56238],[-122.32308,47.56369],[-122.32567,47.56346],[-122.32686,47.56192],[-122.32547,47.56061],[-122.32288,47.56084]]]}},{"type":"Feature","properties":{"i":1842},"geometry":{"type":"Polygon","coordinates":[[[-122.2912,47.55499],[-122.29001,47.55653],[-122.2914,47.55785],[-122.29399,47.55762],[-122.29518,47.55608],[-122.29379,47.55476],[-122.2912,47.55499]]]}},{"type":"Feature","properties":{"i":1843},"geometry":{"type":"Polygon","coordinates":[[[-122.36455,47.65052],[-122.36336,47.65206],[-122.36476,47.65337],[-122.36735,47.65314],[-122.36854,47.6516],[-122.36714,47.65029],[-122.36455,47.65052]]]}},{"type":"Feature","properties":{"i":1844},"geometry":{"type":"Polygon","coordinates":[[[-122.3389,47.6743],[-122.3377,47.67584],[-122.3391,47.67716],[-122.34169,47.67693],[-122.34289,47.67539],[-122.34149,47.67408],[-122.3389,47.6743]]]}},{"type":"Feature","properties":{"i":1845},"geometry":{"type":"Polygon","coordinates":[[[-122.30122,47.58573],[-122.30003,47.58727],[-122.30143,47.58858],[-122.30402,47.58836],[-122.30521,47.58681],[-122.30381,47.5855],[-122.30122,47.58573]]]}},{"type":"Feature","properties":{"i":1846},"geometry":{"type":"Polygon","coordinates":[[[-122.41516,47.64747],[-122.41397,47.64901],[-122.41537,47.65033],[-122.41796,47.6501],[-122.41915,47.64856],[-122.41775,47.64724],[-122.41516,47.64747]]]}},{"type":"Feature","properties":{"i":1847},"geometry":{"type":"Polygon","coordinates":[[[-122.34233,47.61372],[-122.34114,47.61526],[-122.34254,47.61657],[-122.34513,47.61634],[-122.34632,47.6148],[-122.34492,47.61349],[-122.34233,47.61372]]]}},{"type":"Feature","properties":{"i":1848},"geometry":{"type":"Polygon","coordinates":[[[-122.30718,47.66848],[-122.30598,47.67002],[-122.30738,47.67134],[-122.30997,47.67111],[-122.31117,47.66957],[-122.30977,47.66826],[-122.30718,47.66848]]]}},{"type":"Feature","properties":{"i":1849},"geometry":{"type":"Polygon","coordinates":[[[-122.2991,47.7194],[-122.29791,47.72094],[-122.29931,47.72225],[-122.3019,47.72202],[-122.3031,47.72048],[-122.3017,47.71917],[-122.2991,47.7194]]]}},{"type":"Feature","properties":{"i":1850},"geometry":{"type":"Polygon","coordinates":[[[-122.28261,47.54424],[-122.28142,47.54578],[-122.28282,47.5471],[-122.28541,47.54687],[-122.2866,47.54533],[-122.2852,47.54402],[-122.28261,47.54424]]]}},{"type":"Feature","properties":{"i":1851},"geometry":{"type":"Polygon","coordinates":[[[-122.39941,47.646],[-122.39822,47.64754],[-122.39962,47.64885],[-122.40221,47.64862],[-122.4034,47.64708],[-122.402,47.64577],[-122.39941,47.646]]]}},{"type":"Feature","properties":{"i":1852},"geometry":{"type":"Polygon","coordinates":[[[-122.24536,47.67963],[-122.24417,47.68117],[-122.24556,47.68248],[-122.24816,47.68226],[-122.24935,47.68072],[-122.24795,47.67941],[-122.24536,47.67963]]]}},{"type":"Feature","properties":{"i":1853},"geometry":{"type":"Polygon","coordinates":[[[-122.31573,47.57009],[-122.31454,47.57163],[-122.31593,47.57294],[-122.31852,47.57271],[-122.31971,47.57117],[-122.31832,47.56986],[-122.31573,47.57009]]]}},{"type":"Feature","properties":{"i":1854},"geometry":{"type":"Polygon","coordinates":[[[-122.3488,47.64904],[-122.34761,47.65058],[-122.34901,47.65189],[-122.3516,47.65166],[-122.35279,47.65012],[-122.35139,47.64881],[-122.3488,47.64904]]]}},{"type":"Feature","properties":{"i":1855},"geometry":{"type":"Polygon","coordinates":[[[-122.37564,47.69545],[-122.37445,47.69699],[-122.37585,47.6983],[-122.37844,47.69807],[-122.37964,47.69653],[-122.37824,47.69522],[-122.37564,47.69545]]]}},{"type":"Feature","properties":{"i":1856},"geometry":{"type":"Polygon","coordinates":[[[-122.36429,47.70075],[-122.3631,47.70229],[-122.3645,47.7036],[-122.36709,47.70337],[-122.36829,47.70184],[-122.36689,47.70053],[-122.36429,47.70075]]]}},{"type":"Feature","properties":{"i":1857},"geometry":{"type":"Polygon","coordinates":[[[-122.33119,47.62188],[-122.33,47.62342],[-122.3314,47.62473],[-122.33399,47.6245],[-122.33518,47.62296],[-122.33378,47.62165],[-122.33119,47.62188]]]}},{"type":"Feature","properties":{"i":1858},"geometry":{"type":"Polygon","coordinates":[[[-122.3237,47.57226],[-122.32251,47.5738],[-122.32391,47.57512],[-122.3265,47.57489],[-122.32769,47.57335],[-122.32629,47.57203],[-122.3237,47.57226]]]}},{"type":"Feature","properties":{"i":1859},"geometry":{"type":"Polygon","coordinates":[[[-122.31364,47.70378],[-122.31244,47.70532],[-122.31384,47.70663],[-122.31644,47.7064],[-122.31763,47.70486],[-122.31623,47.70355],[-122.31364,47.70378]]]}},{"type":"Feature","properties":{"i":1860},"geometry":{"type":"Polygon","coordinates":[[[-122.39855,47.68768],[-122.39736,47.68922],[-122.39876,47.69053],[-122.40135,47.6903],[-122.40254,47.68876],[-122.40114,47.68745],[-122.39855,47.68768]]]}},{"type":"Feature","properties":{"i":1861},"geometry":{"type":"Polygon","coordinates":[[[-122.37419,47.67549],[-122.373,47.67703],[-122.3744,47.67835],[-122.37699,47.67812],[-122.37818,47.67658],[-122.37678,47.67527],[-122.37419,47.67549]]]}},{"type":"Feature","properties":{"i":1862},"geometry":{"type":"Polygon","coordinates":[[[-122.27167,47.66442],[-122.27047,47.66596],[-122.27187,47.66727],[-122.27447,47.66704],[-122.27566,47.66551],[-122.27426,47.66419],[-122.27167,47.66442]]]}},{"type":"Feature","properties":{"i":1863},"geometry":{"type":"Polygon","coordinates":[[[-122.35574,47.63694],[-122.35455,47.63848],[-122.35595,47.63979],[-122.35854,47.63957],[-122.35973,47.63802],[-122.35833,47.63671],[-122.35574,47.63694]]]}},{"type":"Feature","properties":{"i":1864},"geometry":{"type":"Polygon","coordinates":[[[-122.33904,47.73023],[-122.33784,47.73176],[-122.33924,47.73307],[-122.34184,47.73285],[-122.34303,47.73131],[-122.34163,47.73],[-122.33904,47.73023]]]}},{"type":"Feature","properties":{"i":1865},"geometry":{"type":"Polygon","coordinates":[[[-122.34853,47.69928],[-122.34734,47.70082],[-122.34874,47.70213],[-122.35133,47.7019],[-122.35253,47.70036],[-122.35113,47.69905],[-122.34853,47.69928]]]}},{"type":"Feature","properties":{"i":1866},"geometry":{"type":"Polygon","coordinates":[[[-122.31084,47.61074],[-122.30965,47.61228],[-122.31104,47.61359],[-122.31363,47.61337],[-122.31483,47.61183],[-122.31343,47.61051],[-122.31084,47.61074]]]}},{"type":"Feature","properties":{"i":1867},"geometry":{"type":"Polygon","coordinates":[[[-122.32404,47.63112],[-122.32285,47.63266],[-122.32424,47.63397],[-122.32683,47.63374],[-122.32803,47.6322],[-122.32663,47.63089],[-122.32404,47.63112]]]}},{"type":"Feature","properties":{"i":1868},"geometry":{"type":"Polygon","coordinates":[[[-122.3168,47.69346],[-122.31561,47.695],[-122.31701,47.69631],[-122.3196,47.69609],[-122.3208,47.69455],[-122.3194,47.69323],[-122.3168,47.69346]]]}},{"type":"Feature","properties":{"i":1869},"geometry":{"type":"Polygon","coordinates":[[[-122.38113,47.6634],[-122.37994,47.66494],[-122.38134,47.66625],[-122.38393,47.66603],[-122.38512,47.66449],[-122.38372,47.66317],[-122.38113,47.6634]]]}},{"type":"Feature","properties":{"i":1870},"geometry":{"type":"Polygon","coordinates":[[[-122.28057,47.51566],[-122.27938,47.5172],[-122.28077,47.51852],[-122.28336,47.51829],[-122.28455,47.51675],[-122.28316,47.51544],[-122.28057,47.51566]]]}},{"type":"Feature","properties":{"i":1871},"geometry":{"type":"Polygon","coordinates":[[[-122.33332,47.59727],[-122.33213,47.59881],[-122.33353,47.60013],[-122.33612,47.5999],[-122.33731,47.59836],[-122.33591,47.59705],[-122.33332,47.59727]]]}},{"type":"Feature","properties":{"i":1872},"geometry":{"type":"Polygon","coordinates":[[[-122.31491,47.55866],[-122.31371,47.5602],[-122.31511,47.56152],[-122.3177,47.56129],[-122.31889,47.55975],[-122.31749,47.55843],[-122.31491,47.55866]]]}},{"type":"Feature","properties":{"i":1873},"geometry":{"type":"Polygon","coordinates":[[[-122.2489,47.5098],[-122.24771,47.51134],[-122.24911,47.51266],[-122.25169,47.51243],[-122.25289,47.51089],[-122.25149,47.50957],[-122.2489,47.5098]]]}},{"type":"Feature","properties":{"i":1874},"geometry":{"type":"Polygon","coordinates":[[[-122.29058,47.54642],[-122.28939,47.54796],[-122.29079,47.54928],[-122.29338,47.54905],[-122.29457,47.54751],[-122.29317,47.54619],[-122.29058,47.54642]]]}},{"type":"Feature","properties":{"i":1875},"geometry":{"type":"Polygon","coordinates":[[[-122.40403,47.65564],[-122.40284,47.65718],[-122.40423,47.65849],[-122.40682,47.65826],[-122.40802,47.65672],[-122.40662,47.65541],[-122.40403,47.65564]]]}},{"type":"Feature","properties":{"i":1876},"geometry":{"type":"Polygon","coordinates":[[[-122.30368,47.61998],[-122.30249,47.62152],[-122.30389,47.62284],[-122.30648,47.62261],[-122.30767,47.62107],[-122.30627,47.61976],[-122.30368,47.61998]]]}},{"type":"Feature","properties":{"i":1877},"geometry":{"type":"Polygon","coordinates":[[[-122.33339,47.70635],[-122.3322,47.70789],[-122.3336,47.7092],[-122.33619,47.70897],[-122.33738,47.70743],[-122.33598,47.70612],[-122.33339,47.70635]]]}},{"type":"Feature","properties":{"i":1878},"geometry":{"type":"Polygon","coordinates":[[[-122.34026,47.58517],[-122.33907,47.58671],[-122.34047,47.58803],[-122.34306,47.5878],[-122.34425,47.58626],[-122.34285,47.58494],[-122.34026,47.58517]]]}},{"type":"Feature","properties":{"i":1879},"geometry":{"type":"Polygon","coordinates":[[[-122.28088,47.57458],[-122.27968,47.57612],[-122.28108,47.57743],[-122.28367,47.57721],[-122.28486,47.57567],[-122.28347,47.57435],[-122.28088,47.57458]]]}},{"type":"Feature","properties":{"i":1880},"geometry":{"type":"Polygon","coordinates":[[[-122.32995,47.60475],[-122.32876,47.60629],[-122.33016,47.60761],[-122.33275,47.60738],[-122.33394,47.60584],[-122.33254,47.60452],[-122.32995,47.60475]]]}},{"type":"Feature","properties":{"i":1881},"geometry":{"type":"Polygon","coordinates":[[[-122.30709,47.72156],[-122.3059,47.7231],[-122.3073,47.72441],[-122.30989,47.72419],[-122.31108,47.72265],[-122.30968,47.72134],[-122.30709,47.72156]]]}},{"type":"Feature","properties":{"i":1882},"geometry":{"type":"Polygon","coordinates":[[[-122.27025,47.53526],[-122.26906,47.5368],[-122.27045,47.53812],[-122.27304,47.53789],[-122.27424,47.53635],[-122.27284,47.53503],[-122.27025,47.53526]]]}},{"type":"Feature","properties":{"i":1883},"geometry":{"type":"Polygon","coordinates":[[[-122.39143,47.64384],[-122.39024,47.64538],[-122.39164,47.64669],[-122.39423,47.64646],[-122.39542,47.64492],[-122.39402,47.64361],[-122.39143,47.64384]]]}},{"type":"Feature","properties":{"i":1884},"geometry":{"type":"Polygon","coordinates":[[[-122.34502,47.65081],[-122.34382,47.65235],[-122.34522,47.65366],[-122.34781,47.65343],[-122.34901,47.65189],[-122.34761,47.65058],[-122.34502,47.65081]]]}},{"type":"Feature","properties":{"i":1885},"geometry":{"type":"Polygon","coordinates":[[[-122.26443,47.50844],[-122.26324,47.50998],[-122.26463,47.5113],[-122.26722,47.51108],[-122.26841,47.50953],[-122.26702,47.50822],[-122.26443,47.50844]]]}},{"type":"Feature","properties":{"i":1886},"geometry":{"type":"Polygon","coordinates":[[[-122.33167,47.57443],[-122.33048,47.57597],[-122.33188,47.57729],[-122.33447,47.57706],[-122.33566,47.57552],[-122.33426,47.57421],[-122.33167,47.57443]]]}},{"type":"Feature","properties":{"i":1887},"geometry":{"type":"Polygon","coordinates":[[[-122.30985,47.70555],[-122.30866,47.70709],[-122.31006,47.7084],[-122.31265,47.70817],[-122.31384,47.70663],[-122.31244,47.70532],[-122.30985,47.70555]]]}},{"type":"Feature","properties":{"i":1888},"geometry":{"type":"Polygon","coordinates":[[[-122.39792,47.67913],[-122.39673,47.68067],[-122.39813,47.68198],[-122.40072,47.68175],[-122.40191,47.68021],[-122.40051,47.6789],[-122.39792,47.67913]]]}},{"type":"Feature","properties":{"i":1889},"geometry":{"type":"Polygon","coordinates":[[[-122.26606,47.53131],[-122.26487,47.53285],[-122.26627,47.53417],[-122.26885,47.53394],[-122.27005,47.5324],[-122.26865,47.53108],[-122.26606,47.53131]]]}},{"type":"Feature","properties":{"i":1890},"geometry":{"type":"Polygon","coordinates":[[[-122.27811,47.69972],[-122.27692,47.70126],[-122.27832,47.70258],[-122.28091,47.70235],[-122.28211,47.70081],[-122.28071,47.6995],[-122.27811,47.69972]]]}},{"type":"Feature","properties":{"i":1891},"geometry":{"type":"Polygon","coordinates":[[[-122.30509,47.53077],[-122.3039,47.53231],[-122.30529,47.53363],[-122.30788,47.5334],[-122.30907,47.53186],[-122.30768,47.53054],[-122.30509,47.53077]]]}},{"type":"Feature","properties":{"i":1892},"geometry":{"type":"Polygon","coordinates":[[[-122.27965,47.66659],[-122.27846,47.66813],[-122.27985,47.66944],[-122.28245,47.66922],[-122.28364,47.66768],[-122.28224,47.66636],[-122.27965,47.66659]]]}},{"type":"Feature","properties":{"i":1893},"geometry":{"type":"Polygon","coordinates":[[[-122.37128,47.63557],[-122.37009,47.63711],[-122.37149,47.63842],[-122.37408,47.63819],[-122.37527,47.63665],[-122.37387,47.63534],[-122.37128,47.63557]]]}},{"type":"Feature","properties":{"i":1894},"geometry":{"type":"Polygon","coordinates":[[[-122.33614,47.69033],[-122.33495,47.69187],[-122.33635,47.69318],[-122.33894,47.69295],[-122.34014,47.69141],[-122.33874,47.6901],[-122.33614,47.69033]]]}},{"type":"Feature","properties":{"i":1895},"geometry":{"type":"Polygon","coordinates":[[[-122.30418,47.57254],[-122.30299,47.57408],[-122.30439,47.57539],[-122.30698,47.57516],[-122.30817,47.57362],[-122.30677,47.57231],[-122.30418,47.57254]]]}},{"type":"Feature","properties":{"i":1896},"geometry":{"type":"Polygon","coordinates":[[[-122.30286,47.60857],[-122.30167,47.61011],[-122.30307,47.61142],[-122.30566,47.61119],[-122.30685,47.60965],[-122.30545,47.60834],[-122.30286,47.60857]]]}},{"type":"Feature","properties":{"i":1897},"geometry":{"type":"Polygon","coordinates":[[[-122.33958,47.62975],[-122.33839,47.63129],[-122.33979,47.6326],[-122.34238,47.63238],[-122.34357,47.63084],[-122.34217,47.62952],[-122.33958,47.62975]]]}},{"type":"Feature","properties":{"i":1898},"geometry":{"type":"Polygon","coordinates":[[[-122.30442,47.68451],[-122.30322,47.68605],[-122.30462,47.68736],[-122.30722,47.68713],[-122.30841,47.68559],[-122.30701,47.68428],[-122.30442,47.68451]]]}},{"type":"Feature","properties":{"i":1899},"geometry":{"type":"Polygon","coordinates":[[[-122.27985,47.5603],[-122.27866,47.56184],[-122.28006,47.56315],[-122.28265,47.56293],[-122.28384,47.56138],[-122.28244,47.56007],[-122.27985,47.5603]]]}},{"type":"Feature","properties":{"i":1900},"geometry":{"type":"Polygon","coordinates":[[[-122.37444,47.62524],[-122.37325,47.62678],[-122.37465,47.62809],[-122.37724,47.62787],[-122.37843,47.62632],[-122.37703,47.62501],[-122.37444,47.62524]]]}},{"type":"Feature","properties":{"i":1901},"geometry":{"type":"Polygon","coordinates":[[[-122.40108,47.66881],[-122.39989,47.67035],[-122.40129,47.67166],[-122.40388,47.67143],[-122.40507,47.66989],[-122.40367,47.66858],[-122.40108,47.66881]]]}},{"type":"Feature","properties":{"i":1902},"geometry":{"type":"Polygon","coordinates":[[[-122.2726,47.51348],[-122.27141,47.51502],[-122.27281,47.51634],[-122.27539,47.51611],[-122.27659,47.51457],[-122.27519,47.51326],[-122.2726,47.51348]]]}},{"type":"Feature","properties":{"i":1903},"geometry":{"type":"Polygon","coordinates":[[[-122.36595,47.72355],[-122.36476,47.72509],[-122.36616,47.7264],[-122.36875,47.72617],[-122.36995,47.72463],[-122.36855,47.72332],[-122.36595,47.72355]]]}},{"type":"Feature","properties":{"i":1904},"geometry":{"type":"Polygon","coordinates":[[[-122.33044,47.5573],[-122.32925,47.55884],[-122.33064,47.56015],[-122.33323,47.55993],[-122.33442,47.55838],[-122.33302,47.55707],[-122.33044,47.5573]]]}},{"type":"Feature","properties":{"i":1905},"geometry":{"type":"Polygon","coordinates":[[[-122.27249,47.67583],[-122.27129,47.67737],[-122.27269,47.67868],[-122.27528,47.67845],[-122.27648,47.67691],[-122.27508,47.6756],[-122.27249,47.67583]]]}},{"type":"Feature","properties":{"i":1906},"geometry":{"type":"Polygon","coordinates":[[[-122.24829,47.50122],[-122.2471,47.50276],[-122.2485,47.50408],[-122.25108,47.50385],[-122.25228,47.50231],[-122.25088,47.50099],[-122.24829,47.50122]]]}},{"type":"Feature","properties":{"i":1907},"geometry":{"type":"Polygon","coordinates":[[[-122.2868,47.54819],[-122.28561,47.54973],[-122.28701,47.55104],[-122.2896,47.55082],[-122.29079,47.54928],[-122.28939,47.54796],[-122.2868,47.54819]]]}},{"type":"Feature","properties":{"i":1908},"geometry":{"type":"Polygon","coordinates":[[[-122.3045,47.6314],[-122.30331,47.63294],[-122.30471,47.63425],[-122.3073,47.63402],[-122.30849,47.63248],[-122.3071,47.63117],[-122.3045,47.6314]]]}},{"type":"Feature","properties":{"i":1909},"geometry":{"type":"Polygon","coordinates":[[[-122.32961,47.70811],[-122.32841,47.70965],[-122.32981,47.71096],[-122.33241,47.71074],[-122.3336,47.7092],[-122.3322,47.70789],[-122.32961,47.70811]]]}},{"type":"Feature","properties":{"i":1910},"geometry":{"type":"Polygon","coordinates":[[[-122.3305,47.66643],[-122.32931,47.66797],[-122.33071,47.66929],[-122.3333,47.66906],[-122.33449,47.66752],[-122.33309,47.66621],[-122.3305,47.66643]]]}},{"type":"Feature","properties":{"i":1911},"geometry":{"type":"Polygon","coordinates":[[[-122.29284,47.57784],[-122.29164,47.57938],[-122.29304,47.5807],[-122.29563,47.58047],[-122.29682,47.57893],[-122.29543,47.57761],[-122.29284,47.57784]]]}},{"type":"Feature","properties":{"i":1912},"geometry":{"type":"Polygon","coordinates":[[[-122.35424,47.67008],[-122.35305,47.67162],[-122.35445,47.67293],[-122.35704,47.67271],[-122.35823,47.67117],[-122.35683,47.66985],[-122.35424,47.67008]]]}},{"type":"Feature","properties":{"i":1913},"geometry":{"type":"Polygon","coordinates":[[[-122.2774,47.63521],[-122.27621,47.63675],[-122.2776,47.63806],[-122.2802,47.63784],[-122.28139,47.6363],[-122.27999,47.63498],[-122.2774,47.63521]]]}},{"type":"Feature","properties":{"i":1914},"geometry":{"type":"Polygon","coordinates":[[[-122.28558,47.64024],[-122.28439,47.64178],[-122.28579,47.64309],[-122.28838,47.64286],[-122.28957,47.64132],[-122.28818,47.64001],[-122.28558,47.64024]]]}},{"type":"Feature","properties":{"i":1915},"geometry":{"type":"Polygon","coordinates":[[[-122.38026,47.70508],[-122.37907,47.70662],[-122.38047,47.70793],[-122.38306,47.7077],[-122.38425,47.70616],[-122.38285,47.70485],[-122.38026,47.70508]]]}},{"type":"Feature","properties":{"i":1916},"geometry":{"type":"Polygon","coordinates":[[[-122.41221,47.66065],[-122.41102,47.66219],[-122.41242,47.6635],[-122.41501,47.66327],[-122.4162,47.66173],[-122.4148,47.66042],[-122.41221,47.66065]]]}},{"type":"Feature","properties":{"i":1917},"geometry":{"type":"Polygon","coordinates":[[[-122.33793,47.60692],[-122.33674,47.60846],[-122.33814,47.60978],[-122.34072,47.60955],[-122.34192,47.60801],[-122.34052,47.60669],[-122.33793,47.60692]]]}},{"type":"Feature","properties":{"i":1918},"geometry":{"type":"Polygon","coordinates":[[[-122.3559,47.69289],[-122.3547,47.69443],[-122.3561,47.69574],[-122.35869,47.69551],[-122.35989,47.69397],[-122.35849,47.69266],[-122.3559,47.69289]]]}},{"type":"Feature","properties":{"i":1919},"geometry":{"type":"Polygon","coordinates":[[[-122.32265,47.7202],[-122.32146,47.72174],[-122.32286,47.72305],[-122.32545,47.72282],[-122.32665,47.72128],[-122.32525,47.71997],[-122.32265,47.7202]]]}},{"type":"Feature","properties":{"i":1920},"geometry":{"type":"Polygon","coordinates":[[[-122.33704,47.64864],[-122.33584,47.65018],[-122.33724,47.65149],[-122.33983,47.65126],[-122.34103,47.64972],[-122.33963,47.64841],[-122.33704,47.64864]]]}},{"type":"Feature","properties":{"i":1921},"geometry":{"type":"Polygon","coordinates":[[[-122.29091,47.71438],[-122.28972,47.71592],[-122.29112,47.71723],[-122.29371,47.717],[-122.29491,47.71546],[-122.29351,47.71415],[-122.29091,47.71438]]]}},{"type":"Feature","properties":{"i":1922},"geometry":{"type":"Polygon","coordinates":[[[-122.39414,47.6809],[-122.39295,47.68244],[-122.39435,47.68375],[-122.39694,47.68352],[-122.39813,47.68198],[-122.39673,47.68067],[-122.39414,47.6809]]]}},{"type":"Feature","properties":{"i":1923},"geometry":{"type":"Polygon","coordinates":[[[-122.31269,47.63642],[-122.3115,47.63796],[-122.31289,47.63928],[-122.31549,47.63905],[-122.31668,47.63751],[-122.31528,47.6362],[-122.31269,47.63642]]]}},{"type":"Feature","properties":{"i":1924},"geometry":{"type":"Polygon","coordinates":[[[-122.29712,47.52859],[-122.29593,47.53014],[-122.29732,47.53145],[-122.29991,47.53123],[-122.3011,47.52968],[-122.29971,47.52837],[-122.29712,47.52859]]]}},{"type":"Feature","properties":{"i":1925},"geometry":{"type":"Polygon","coordinates":[[[-122.36243,47.6751],[-122.36123,47.67664],[-122.36263,47.67795],[-122.36522,47.67772],[-122.36642,47.67618],[-122.36502,47.67487],[-122.36243,47.6751]]]}},{"type":"Feature","properties":{"i":1926},"geometry":{"type":"Polygon","coordinates":[[[-122.26727,47.65763],[-122.26607,47.65917],[-122.26747,47.66048],[-122.27007,47.66025],[-122.27126,47.65871],[-122.26986,47.6574],[-122.26727,47.65763]]]}},{"type":"Feature","properties":{"i":1927},"geometry":{"type":"Polygon","coordinates":[[[-122.30357,47.56397],[-122.30237,47.56551],[-122.30377,47.56682],[-122.30636,47.5666],[-122.30755,47.56506],[-122.30615,47.56374],[-122.30357,47.56397]]]}},{"type":"Feature","properties":{"i":1928},"geometry":{"type":"Polygon","coordinates":[[[-122.4204,47.66566],[-122.41921,47.6672],[-122.42061,47.66851],[-122.4232,47.66828],[-122.42439,47.66674],[-122.42299,47.66543],[-122.4204,47.66566]]]}},{"type":"Feature","properties":{"i":1929},"geometry":{"type":"Polygon","coordinates":[[[-122.34605,47.66506],[-122.34486,47.6666],[-122.34626,47.66792],[-122.34885,47.66769],[-122.35004,47.66615],[-122.34864,47.66484],[-122.34605,47.66506]]]}},{"type":"Feature","properties":{"i":1930},"geometry":{"type":"Polygon","coordinates":[[[-122.34756,47.63192],[-122.34637,47.63346],[-122.34776,47.63477],[-122.35035,47.63455],[-122.35155,47.633],[-122.35015,47.63169],[-122.34756,47.63192]]]}},{"type":"Feature","properties":{"i":1931},"geometry":{"type":"Polygon","coordinates":[[[-122.3124,47.68668],[-122.31121,47.68822],[-122.31261,47.68953],[-122.3152,47.6893],[-122.31639,47.68776],[-122.31499,47.68645],[-122.3124,47.68668]]]}},{"type":"Feature","properties":{"i":1932},"geometry":{"type":"Polygon","coordinates":[[[-122.38869,47.65986],[-122.3875,47.6614],[-122.3889,47.66272],[-122.39149,47.66249],[-122.39268,47.66095],[-122.39128,47.65963],[-122.38869,47.65986]]]}},{"type":"Feature","properties":{"i":1933},"geometry":{"type":"Polygon","coordinates":[[[-122.31256,47.58042],[-122.31137,47.58196],[-122.31277,47.58328],[-122.31536,47.58305],[-122.31655,47.58151],[-122.31515,47.58019],[-122.31256,47.58042]]]}},{"type":"Feature","properties":{"i":1934},"geometry":{"type":"Polygon","coordinates":[[[-122.26167,47.5245],[-122.26048,47.52605],[-122.26187,47.52736],[-122.26446,47.52714],[-122.26565,47.52559],[-122.26426,47.52428],[-122.26167,47.5245]]]}},{"type":"Feature","properties":{"i":1935},"geometry":{"type":"Polygon","coordinates":[[[-122.32892,47.59048],[-122.32773,47.59202],[-122.32913,47.59333],[-122.33172,47.59311],[-122.33291,47.59156],[-122.33151,47.59025],[-122.32892,47.59048]]]}},{"type":"Feature","properties":{"i":1936},"geometry":{"type":"Polygon","coordinates":[[[-122.33841,47.55947],[-122.33722,47.56101],[-122.33861,47.56233],[-122.3412,47.5621],[-122.34239,47.56056],[-122.34099,47.55924],[-122.33841,47.55947]]]}},{"type":"Feature","properties":{"i":1937},"geometry":{"type":"Polygon","coordinates":[[[-122.28804,47.67447],[-122.28685,47.67601],[-122.28825,47.67732],[-122.29084,47.67709],[-122.29203,47.67555],[-122.29063,47.67424],[-122.28804,47.67447]]]}},{"type":"Feature","properties":{"i":1938},"geometry":{"type":"Polygon","coordinates":[[[-122.24451,47.50299],[-122.24332,47.50453],[-122.24472,47.50585],[-122.2473,47.50562],[-122.2485,47.50408],[-122.2471,47.50276],[-122.24451,47.50299]]]}},{"type":"Feature","properties":{"i":1939},"geometry":{"type":"Polygon","coordinates":[[[-122.30673,47.55363],[-122.30554,47.55517],[-122.30694,47.55649],[-122.30952,47.55626],[-122.31072,47.55472],[-122.30932,47.5534],[-122.30673,47.55363]]]}},{"type":"Feature","properties":{"i":1940},"geometry":{"type":"Polygon","coordinates":[[[-122.30072,47.63317],[-122.29953,47.63471],[-122.30093,47.63602],[-122.30352,47.63579],[-122.30471,47.63425],[-122.30331,47.63294],[-122.30072,47.63317]]]}},{"type":"Feature","properties":{"i":1941},"geometry":{"type":"Polygon","coordinates":[[[-122.34957,47.71353],[-122.34838,47.71506],[-122.34978,47.71638],[-122.35237,47.71615],[-122.35356,47.71461],[-122.35216,47.7133],[-122.34957,47.71353]]]}},{"type":"Feature","properties":{"i":1942},"geometry":{"type":"Polygon","coordinates":[[[-122.32672,47.6682],[-122.32553,47.66974],[-122.32692,47.67105],[-122.32952,47.67083],[-122.33071,47.66929],[-122.32931,47.66797],[-122.32672,47.6682]]]}},{"type":"Feature","properties":{"i":1943},"geometry":{"type":"Polygon","coordinates":[[[-122.35362,47.66153],[-122.35242,47.66307],[-122.35382,47.66438],[-122.35641,47.66415],[-122.35761,47.66261],[-122.35621,47.6613],[-122.35362,47.66153]]]}},{"type":"Feature","properties":{"i":1944},"geometry":{"type":"Polygon","coordinates":[[[-122.35134,47.63015],[-122.35015,47.63169],[-122.35155,47.633],[-122.35414,47.63278],[-122.35533,47.63124],[-122.35393,47.62992],[-122.35134,47.63015]]]}},{"type":"Feature","properties":{"i":1945},"geometry":{"type":"Polygon","coordinates":[[[-122.35025,47.669],[-122.34906,47.67054],[-122.35045,47.67185],[-122.35305,47.67162],[-122.35424,47.67008],[-122.35284,47.66877],[-122.35025,47.669]]]}},{"type":"Feature","properties":{"i":1946},"geometry":{"type":"Polygon","coordinates":[[[-122.295,47.66238],[-122.29381,47.66392],[-122.2952,47.66523],[-122.2978,47.665],[-122.29899,47.66346],[-122.29759,47.66215],[-122.295,47.66238]]]}},{"type":"Feature","properties":{"i":1947},"geometry":{"type":"Polygon","coordinates":[[[-122.327,47.61794],[-122.3258,47.61948],[-122.3272,47.62079],[-122.32979,47.62056],[-122.33098,47.61902],[-122.32959,47.61771],[-122.327,47.61794]]]}},{"type":"Feature","properties":{"i":1948},"geometry":{"type":"Polygon","coordinates":[[[-122.32329,47.56655],[-122.3221,47.56809],[-122.32349,47.5694],[-122.32608,47.56918],[-122.32727,47.56763],[-122.32588,47.56632],[-122.32329,47.56655]]]}},{"type":"Feature","properties":{"i":1949},"geometry":{"type":"Polygon","coordinates":[[[-122.30145,47.69768],[-122.30026,47.69922],[-122.30166,47.70053],[-122.30425,47.7003],[-122.30545,47.69876],[-122.30405,47.69745],[-122.30145,47.69768]]]}},{"type":"Feature","properties":{"i":1950},"geometry":{"type":"Polygon","coordinates":[[[-122.38849,47.65701],[-122.38729,47.65855],[-122.38869,47.65986],[-122.39128,47.65963],[-122.39248,47.65809],[-122.39108,47.65678],[-122.38849,47.65701]]]}},{"type":"Feature","properties":{"i":1951},"geometry":{"type":"Polygon","coordinates":[[[-122.26092,47.67827],[-122.25973,47.67981],[-122.26112,47.68113],[-122.26372,47.6809],[-122.26491,47.67936],[-122.26351,47.67805],[-122.26092,47.67827]]]}},{"type":"Feature","properties":{"i":1952},"geometry":{"type":"Polygon","coordinates":[[[-122.3261,47.65965],[-122.32491,47.66119],[-122.32631,47.6625],[-122.3289,47.66227],[-122.33009,47.66073],[-122.32869,47.65942],[-122.3261,47.65965]]]}},{"type":"Feature","properties":{"i":1953},"geometry":{"type":"Polygon","coordinates":[[[-122.26004,47.50163],[-122.25885,47.50318],[-122.26024,47.50449],[-122.26283,47.50427],[-122.26402,47.50272],[-122.26263,47.50141],[-122.26004,47.50163]]]}},{"type":"Feature","properties":{"i":1954},"geometry":{"type":"Polygon","coordinates":[[[-122.2989,47.71655],[-122.29771,47.71809],[-122.2991,47.7194],[-122.3017,47.71917],[-122.30289,47.71763],[-122.30149,47.71632],[-122.2989,47.71655]]]}},{"type":"Feature","properties":{"i":1955},"geometry":{"type":"Polygon","coordinates":[[[-122.26972,47.69185],[-122.26853,47.69339],[-122.26993,47.6947],[-122.27252,47.69448],[-122.27371,47.69294],[-122.27231,47.69163],[-122.26972,47.69185]]]}},{"type":"Feature","properties":{"i":1956},"geometry":{"type":"Polygon","coordinates":[[[-122.38762,47.69869],[-122.38643,47.70023],[-122.38783,47.70154],[-122.39042,47.70131],[-122.39161,47.69977],[-122.39021,47.69846],[-122.38762,47.69869]]]}},{"type":"Feature","properties":{"i":1957},"geometry":{"type":"Polygon","coordinates":[[[-122.30891,47.63819],[-122.30771,47.63973],[-122.30911,47.64104],[-122.3117,47.64082],[-122.31289,47.63928],[-122.3115,47.63796],[-122.30891,47.63819]]]}},{"type":"Feature","properties":{"i":1958},"geometry":{"type":"Polygon","coordinates":[[[-122.33126,47.73091],[-122.33006,47.73245],[-122.33146,47.73376],[-122.33406,47.73353],[-122.33525,47.73199],[-122.33385,47.73068],[-122.33126,47.73091]]]}},{"type":"Feature","properties":{"i":1959},"geometry":{"type":"Polygon","coordinates":[[[-122.36326,47.6865],[-122.36206,47.68804],[-122.36346,47.68935],[-122.36605,47.68912],[-122.36725,47.68758],[-122.36585,47.68627],[-122.36326,47.6865]]]}},{"type":"Feature","properties":{"i":1960},"geometry":{"type":"Polygon","coordinates":[[[-122.35952,47.63517],[-122.35833,47.63671],[-122.35973,47.63802],[-122.36232,47.6378],[-122.36351,47.63626],[-122.36211,47.63494],[-122.35952,47.63517]]]}},{"type":"Feature","properties":{"i":1961},"geometry":{"type":"Polygon","coordinates":[[[-122.29978,47.56574],[-122.29859,47.56728],[-122.29999,47.56859],[-122.30258,47.56837],[-122.30377,47.56682],[-122.30237,47.56551],[-122.29978,47.56574]]]}},{"type":"Feature","properties":{"i":1962},"geometry":{"type":"Polygon","coordinates":[[[-122.33518,47.62296],[-122.33399,47.6245],[-122.33539,47.62581],[-122.33798,47.62559],[-122.33917,47.62405],[-122.33777,47.62273],[-122.33518,47.62296]]]}},{"type":"Feature","properties":{"i":1963},"geometry":{"type":"Polygon","coordinates":[[[-122.34936,47.71068],[-122.34817,47.71222],[-122.34957,47.71353],[-122.35216,47.7133],[-122.35335,47.71176],[-122.35195,47.71045],[-122.34936,47.71068]]]}},{"type":"Feature","properties":{"i":1964},"geometry":{"type":"Polygon","coordinates":[[[-122.2681,47.55989],[-122.26691,47.56143],[-122.26831,47.56274],[-122.27089,47.56252],[-122.27209,47.56097],[-122.27069,47.55966],[-122.2681,47.55989]]]}},{"type":"Feature","properties":{"i":1965},"geometry":{"type":"Polygon","coordinates":[[[-122.29632,47.62637],[-122.29513,47.62791],[-122.29653,47.62923],[-122.29912,47.629],[-122.30031,47.62746],[-122.29891,47.62615],[-122.29632,47.62637]]]}},{"type":"Feature","properties":{"i":1966},"geometry":{"type":"Polygon","coordinates":[[[-122.30652,47.55077],[-122.30533,47.55231],[-122.30673,47.55363],[-122.30932,47.5534],[-122.31051,47.55186],[-122.30911,47.55055],[-122.30652,47.55077]]]}},{"type":"Feature","properties":{"i":1967},"geometry":{"type":"Polygon","coordinates":[[[-122.39667,47.66203],[-122.39548,47.66357],[-122.39688,47.66488],[-122.39947,47.66465],[-122.40066,47.66311],[-122.39926,47.6618],[-122.39667,47.66203]]]}},{"type":"Feature","properties":{"i":1968},"geometry":{"type":"Polygon","coordinates":[[[-122.26964,47.52668],[-122.26845,47.52823],[-122.26984,47.52954],[-122.27243,47.52932],[-122.27362,47.52777],[-122.27223,47.52646],[-122.26964,47.52668]]]}},{"type":"Feature","properties":{"i":1969},"geometry":{"type":"Polygon","coordinates":[[[-122.32604,47.5505],[-122.32485,47.55204],[-122.32625,47.55335],[-122.32883,47.55313],[-122.33002,47.55158],[-122.32863,47.55027],[-122.32604,47.5505]]]}},{"type":"Feature","properties":{"i":1970},"geometry":{"type":"Polygon","coordinates":[[[-122.29602,47.67664],[-122.29483,47.67818],[-122.29623,47.67949],[-122.29882,47.67926],[-122.30002,47.67772],[-122.29862,47.67641],[-122.29602,47.67664]]]}},{"type":"Feature","properties":{"i":1971},"geometry":{"type":"Polygon","coordinates":[[[-122.29436,47.54465],[-122.29317,47.54619],[-122.29457,47.54751],[-122.29716,47.54728],[-122.29835,47.54574],[-122.29695,47.54442],[-122.29436,47.54465]]]}},{"type":"Feature","properties":{"i":1972},"geometry":{"type":"Polygon","coordinates":[[[-122.29274,47.63099],[-122.29155,47.63253],[-122.29295,47.63385],[-122.29554,47.63362],[-122.29673,47.63208],[-122.29533,47.63077],[-122.29274,47.63099]]]}},{"type":"Feature","properties":{"i":1973},"geometry":{"type":"Polygon","coordinates":[[[-122.33718,47.70458],[-122.33598,47.70612],[-122.33738,47.70743],[-122.33998,47.7072],[-122.34117,47.70566],[-122.33977,47.70435],[-122.33718,47.70458]]]}},{"type":"Feature","properties":{"i":1974},"geometry":{"type":"Polygon","coordinates":[[[-122.34667,47.67362],[-122.34548,47.67516],[-122.34688,47.67647],[-122.34947,47.67624],[-122.35066,47.6747],[-122.34926,47.67339],[-122.34667,47.67362]]]}},{"type":"Feature","properties":{"i":1975},"geometry":{"type":"Polygon","coordinates":[[[-122.30899,47.58505],[-122.3078,47.58659],[-122.30919,47.5879],[-122.31178,47.58767],[-122.31298,47.58613],[-122.31158,47.58482],[-122.30899,47.58505]]]}},{"type":"Feature","properties":{"i":1976},"geometry":{"type":"Polygon","coordinates":[[[-122.34983,47.6633],[-122.34864,47.66484],[-122.35004,47.66615],[-122.35263,47.66592],[-122.35382,47.66438],[-122.35242,47.66307],[-122.34983,47.6633]]]}},{"type":"Feature","properties":{"i":1977},"geometry":{"type":"Polygon","coordinates":[[[-122.35072,47.62159],[-122.34953,47.62313],[-122.35093,47.62445],[-122.35352,47.62422],[-122.35471,47.62268],[-122.35331,47.62136],[-122.35072,47.62159]]]}},{"type":"Feature","properties":{"i":1978},"geometry":{"type":"Polygon","coordinates":[[[-122.32232,47.66141],[-122.32112,47.66295],[-122.32252,47.66427],[-122.32511,47.66404],[-122.32631,47.6625],[-122.32491,47.66119],[-122.32232,47.66141]]]}},{"type":"Feature","properties":{"i":1979},"geometry":{"type":"Polygon","coordinates":[[[-122.26248,47.53594],[-122.26129,47.53748],[-122.26269,47.53879],[-122.26528,47.53857],[-122.26647,47.53703],[-122.26507,47.53571],[-122.26248,47.53594]]]}},{"type":"Feature","properties":{"i":1980},"geometry":{"type":"Polygon","coordinates":[[[-122.28466,47.57281],[-122.28347,47.57435],[-122.28486,47.57567],[-122.28745,47.57544],[-122.28865,47.5739],[-122.28725,47.57258],[-122.28466,47.57281]]]}},{"type":"Feature","properties":{"i":1981},"geometry":{"type":"Polygon","coordinates":[[[-122.40045,47.66026],[-122.39926,47.6618],[-122.40066,47.66311],[-122.40325,47.66288],[-122.40444,47.66134],[-122.40304,47.66003],[-122.40045,47.66026]]]}},{"type":"Feature","properties":{"i":1982},"geometry":{"type":"Polygon","coordinates":[[[-122.37207,47.70007],[-122.37088,47.70161],[-122.37228,47.70292],[-122.37487,47.70269],[-122.37606,47.70115],[-122.37466,47.69984],[-122.37207,47.70007]]]}},{"type":"Feature","properties":{"i":1983},"geometry":{"type":"Polygon","coordinates":[[[-122.31951,47.56832],[-122.31832,47.56986],[-122.31971,47.57117],[-122.3223,47.57095],[-122.32349,47.5694],[-122.3221,47.56809],[-122.31951,47.56832]]]}},{"type":"Feature","properties":{"i":1984},"geometry":{"type":"Polygon","coordinates":[[[-122.31088,47.7198],[-122.30968,47.72134],[-122.31108,47.72265],[-122.31368,47.72242],[-122.31487,47.72088],[-122.31347,47.71957],[-122.31088,47.7198]]]}},{"type":"Feature","properties":{"i":1985},"geometry":{"type":"Polygon","coordinates":[[[-122.28374,47.61455],[-122.28255,47.61609],[-122.28395,47.6174],[-122.28654,47.61718],[-122.28773,47.61564],[-122.28633,47.61432],[-122.28374,47.61455]]]}},{"type":"Feature","properties":{"i":1986},"geometry":{"type":"Polygon","coordinates":[[[-122.3761,47.64806],[-122.37491,47.6496],[-122.37631,47.65091],[-122.3789,47.65069],[-122.38009,47.64914],[-122.37869,47.64783],[-122.3761,47.64806]]]}},{"type":"Feature","properties":{"i":1987},"geometry":{"type":"Polygon","coordinates":[[[-122.33408,47.66181],[-122.33289,47.66335],[-122.33429,47.66467],[-122.33688,47.66444],[-122.33807,47.6629],[-122.33667,47.66159],[-122.33408,47.66181]]]}},{"type":"Feature","properties":{"i":1988},"geometry":{"type":"Polygon","coordinates":[[[-122.25236,47.55838],[-122.25117,47.55993],[-122.25256,47.56124],[-122.25515,47.56102],[-122.25635,47.55947],[-122.25495,47.55816],[-122.25236,47.55838]]]}},{"type":"Feature","properties":{"i":1989},"geometry":{"type":"Polygon","coordinates":[[[-122.28651,47.7076],[-122.28532,47.70913],[-122.28671,47.71045],[-122.28931,47.71022],[-122.2905,47.70868],[-122.2891,47.70737],[-122.28651,47.7076]]]}},{"type":"Feature","properties":{"i":1990},"geometry":{"type":"Polygon","coordinates":[[[-122.27771,47.69402],[-122.27651,47.69556],[-122.27791,47.69687],[-122.2805,47.69665],[-122.2817,47.69511],[-122.2803,47.6938],[-122.27771,47.69402]]]}},{"type":"Feature","properties":{"i":1991},"geometry":{"type":"Polygon","coordinates":[[[-122.37523,47.68975],[-122.37404,47.69129],[-122.37544,47.6926],[-122.37803,47.69237],[-122.37922,47.69083],[-122.37782,47.68952],[-122.37523,47.68975]]]}},{"type":"Feature","properties":{"i":1992},"geometry":{"type":"Polygon","coordinates":[[[-122.30236,47.65599],[-122.30117,47.65753],[-122.30257,47.65884],[-122.30516,47.65861],[-122.30635,47.65707],[-122.30496,47.65576],[-122.30236,47.65599]]]}},{"type":"Feature","properties":{"i":1993},"geometry":{"type":"Polygon","coordinates":[[[-122.34682,47.72954],[-122.34562,47.73108],[-122.34702,47.73239],[-122.34962,47.73216],[-122.35081,47.73062],[-122.34941,47.72931],[-122.34682,47.72954]]]}},{"type":"Feature","properties":{"i":1994},"geometry":{"type":"Polygon","coordinates":[[[-122.32837,47.69101],[-122.32717,47.69255],[-122.32857,47.69386],[-122.33117,47.69363],[-122.33236,47.69209],[-122.33096,47.69078],[-122.32837,47.69101]]]}},{"type":"Feature","properties":{"i":1995},"geometry":{"type":"Polygon","coordinates":[[[-122.29069,47.60245],[-122.2895,47.60399],[-122.2909,47.60531],[-122.29349,47.60508],[-122.29468,47.60354],[-122.29328,47.60222],[-122.29069,47.60245]]]}},{"type":"Feature","properties":{"i":1996},"geometry":{"type":"Polygon","coordinates":[[[-122.35947,47.68827],[-122.35828,47.68981],[-122.35968,47.69112],[-122.36227,47.69089],[-122.36346,47.68935],[-122.36206,47.68804],[-122.35947,47.68827]]]}},{"type":"Feature","properties":{"i":1997},"geometry":{"type":"Polygon","coordinates":[[[-122.28344,47.66482],[-122.28224,47.66636],[-122.28364,47.66768],[-122.28623,47.66745],[-122.28743,47.66591],[-122.28603,47.6646],[-122.28344,47.66482]]]}},{"type":"Feature","properties":{"i":1998},"geometry":{"type":"Polygon","coordinates":[[[-122.36035,47.64658],[-122.35916,47.64812],[-122.36056,47.64943],[-122.36315,47.64921],[-122.36434,47.64767],[-122.36294,47.64635],[-122.36035,47.64658]]]}},{"type":"Feature","properties":{"i":1999},"geometry":{"type":"Polygon","coordinates":[[[-122.29224,47.6784],[-122.29104,47.67994],[-122.29244,47.68125],[-122.29504,47.68103],[-122.29623,47.67949],[-122.29483,47.67818],[-122.29224,47.6784]]]}},{"type":"Feature","properties":{"i":2000},"geometry":{"type":"Polygon","coordinates":[[[-122.30401,47.67881],[-122.30281,47.68035],[-122.30421,47.68166],[-122.30681,47.68143],[-122.308,47.67989],[-122.3066,47.67858],[-122.30401,47.67881]]]}},{"type":"Feature","properties":{"i":2001},"geometry":{"type":"Polygon","coordinates":[[[-122.35377,47.71746],[-122.35258,47.719],[-122.35398,47.72031],[-122.35657,47.72008],[-122.35776,47.71854],[-122.35636,47.71723],[-122.35377,47.71746]]]}},{"type":"Feature","properties":{"i":2002},"geometry":{"type":"Polygon","coordinates":[[[-122.38575,47.67304],[-122.38455,47.67458],[-122.38595,47.67589],[-122.38854,47.67566],[-122.38974,47.67412],[-122.38834,47.67281],[-122.38575,47.67304]]]}},{"type":"Feature","properties":{"i":2003},"geometry":{"type":"Polygon","coordinates":[[[-122.25728,47.5177],[-122.25609,47.51924],[-122.25748,47.52056],[-122.26007,47.52033],[-122.26126,47.51879],[-122.25987,47.51747],[-122.25728,47.5177]]]}},{"type":"Feature","properties":{"i":2004},"geometry":{"type":"Polygon","coordinates":[[[-122.28364,47.66768],[-122.28245,47.66922],[-122.28385,47.67053],[-122.28644,47.6703],[-122.28763,47.66876],[-122.28623,47.66745],[-122.28364,47.66768]]]}},{"type":"Feature","properties":{"i":2005},"geometry":{"type":"Polygon","coordinates":[[[-122.30233,47.54683],[-122.30114,47.54837],[-122.30254,47.54968],[-122.30513,47.54946],[-122.30632,47.54792],[-122.30492,47.5466],[-122.30233,47.54683]]]}},{"type":"Feature","properties":{"i":2006},"geometry":{"type":"Polygon","coordinates":[[[-122.30829,47.62963],[-122.3071,47.63117],[-122.30849,47.63248],[-122.31108,47.63226],[-122.31228,47.63072],[-122.31088,47.6294],[-122.30829,47.62963]]]}},{"type":"Feature","properties":{"i":2007},"geometry":{"type":"Polygon","coordinates":[[[-122.34516,47.70674],[-122.34397,47.70828],[-122.34537,47.70959],[-122.34796,47.70937],[-122.34915,47.70783],[-122.34775,47.70652],[-122.34516,47.70674]]]}},{"type":"Feature","properties":{"i":2008},"geometry":{"type":"Polygon","coordinates":[[[-122.33429,47.66467],[-122.33309,47.66621],[-122.33449,47.66752],[-122.33708,47.66729],[-122.33828,47.66575],[-122.33688,47.66444],[-122.33429,47.66467]]]}},{"type":"Feature","properties":{"i":2009},"geometry":{"type":"Polygon","coordinates":[[[-122.30837,47.57648],[-122.30718,47.57802],[-122.30858,47.57933],[-122.31117,47.57911],[-122.31236,47.57757],[-122.31096,47.57625],[-122.30837,47.57648]]]}},{"type":"Feature","properties":{"i":2010},"geometry":{"type":"Polygon","coordinates":[[[-122.36978,47.66871],[-122.36859,47.67025],[-122.36999,47.67156],[-122.37258,47.67133],[-122.37377,47.66979],[-122.37238,47.66848],[-122.36978,47.66871]]]}},{"type":"Feature","properties":{"i":2011},"geometry":{"type":"Polygon","coordinates":[[[-122.34694,47.62336],[-122.34575,47.6249],[-122.34714,47.62621],[-122.34973,47.62599],[-122.35093,47.62445],[-122.34953,47.62313],[-122.34694,47.62336]]]}},{"type":"Feature","properties":{"i":2012},"geometry":{"type":"Polygon","coordinates":[[[-122.31853,47.66318],[-122.31734,47.66472],[-122.31874,47.66603],[-122.32133,47.66581],[-122.32252,47.66427],[-122.32112,47.66295],[-122.31853,47.66318]]]}},{"type":"Feature","properties":{"i":2013},"geometry":{"type":"Polygon","coordinates":[[[-122.27802,47.53458],[-122.27682,47.53612],[-122.27822,47.53744],[-122.28081,47.53721],[-122.282,47.53567],[-122.2806,47.53435],[-122.27802,47.53458]]]}},{"type":"Feature","properties":{"i":2014},"geometry":{"type":"Polygon","coordinates":[[[-122.42775,47.65927],[-122.42656,47.66081],[-122.42796,47.66212],[-122.43055,47.66189],[-122.43174,47.66035],[-122.43034,47.65904],[-122.42775,47.65927]]]}},{"type":"Feature","properties":{"i":2015},"geometry":{"type":"Polygon","coordinates":[[[-122.31524,47.61753],[-122.31405,47.61907],[-122.31544,47.62039],[-122.31803,47.62016],[-122.31923,47.61862],[-122.31783,47.61731],[-122.31524,47.61753]]]}},{"type":"Feature","properties":{"i":2016},"geometry":{"type":"Polygon","coordinates":[[[-122.37145,47.69152],[-122.37025,47.69306],[-122.37165,47.69437],[-122.37425,47.69414],[-122.37544,47.6926],[-122.37404,47.69129],[-122.37145,47.69152]]]}},{"type":"Feature","properties":{"i":2017},"geometry":{"type":"Polygon","coordinates":[[[-122.33944,47.57375],[-122.33825,47.57529],[-122.33965,47.57661],[-122.34223,47.57638],[-122.34342,47.57484],[-122.34203,47.57352],[-122.33944,47.57375]]]}},{"type":"Feature","properties":{"i":2018},"geometry":{"type":"Polygon","coordinates":[[[-122.31763,47.70486],[-122.31644,47.7064],[-122.31783,47.70771],[-122.32043,47.70749],[-122.32162,47.70595],[-122.32022,47.70464],[-122.31763,47.70486]]]}},{"type":"Feature","properties":{"i":2019},"geometry":{"type":"Polygon","coordinates":[[[-122.32226,47.55227],[-122.32107,47.55381],[-122.32247,47.55512],[-122.32505,47.5549],[-122.32625,47.55335],[-122.32485,47.55204],[-122.32226,47.55227]]]}},{"type":"Feature","properties":{"i":2020},"geometry":{"type":"Polygon","coordinates":[[[-122.3117,47.7312],[-122.31051,47.73273],[-122.31191,47.73405],[-122.3145,47.73382],[-122.3157,47.73228],[-122.3143,47.73097],[-122.3117,47.7312]]]}},{"type":"Feature","properties":{"i":2021},"geometry":{"type":"Polygon","coordinates":[[[-122.29172,47.61672],[-122.29053,47.61826],[-122.29192,47.61958],[-122.29451,47.61935],[-122.29571,47.61781],[-122.29431,47.6165],[-122.29172,47.61672]]]}},{"type":"Feature","properties":{"i":2022},"geometry":{"type":"Polygon","coordinates":[[[-122.25652,47.67148],[-122.25533,47.67302],[-122.25672,47.67434],[-122.25932,47.67411],[-122.26051,47.67257],[-122.25911,47.67126],[-122.25652,47.67148]]]}},{"type":"Feature","properties":{"i":2023},"geometry":{"type":"Polygon","coordinates":[[[-122.3217,47.65286],[-122.3205,47.6544],[-122.3219,47.65571],[-122.32449,47.65548],[-122.32569,47.65394],[-122.32429,47.65263],[-122.3217,47.65286]]]}},{"type":"Feature","properties":{"i":2024},"geometry":{"type":"Polygon","coordinates":[[[-122.29326,47.69266],[-122.29207,47.6942],[-122.29347,47.69551],[-122.29606,47.69528],[-122.29726,47.69374],[-122.29586,47.69243],[-122.29326,47.69266]]]}},{"type":"Feature","properties":{"i":2025},"geometry":{"type":"Polygon","coordinates":[[[-122.28496,47.52247],[-122.28377,47.52401],[-122.28517,47.52533],[-122.28775,47.5251],[-122.28895,47.52356],[-122.28755,47.52224],[-122.28496,47.52247]]]}},{"type":"Feature","properties":{"i":2026},"geometry":{"type":"Polygon","coordinates":[[[-122.38321,47.69191],[-122.38202,47.69345],[-122.38342,47.69476],[-122.38601,47.69453],[-122.3872,47.69299],[-122.3858,47.69168],[-122.38321,47.69191]]]}},{"type":"Feature","properties":{"i":2027},"geometry":{"type":"Polygon","coordinates":[[[-122.3548,47.7317],[-122.35361,47.73324],[-122.35501,47.73455],[-122.35761,47.73432],[-122.3588,47.73278],[-122.3574,47.73147],[-122.3548,47.7317]]]}},{"type":"Feature","properties":{"i":2028},"geometry":{"type":"Polygon","coordinates":[[[-122.34392,47.68964],[-122.34273,47.69118],[-122.34413,47.69249],[-122.34672,47.69226],[-122.34791,47.69072],[-122.34651,47.68941],[-122.34392,47.68964]]]}},{"type":"Feature","properties":{"i":2029},"geometry":{"type":"Polygon","coordinates":[[[-122.2914,47.55785],[-122.29021,47.55939],[-122.29161,47.5607],[-122.2942,47.56048],[-122.29539,47.55894],[-122.29399,47.55762],[-122.2914,47.55785]]]}},{"type":"Feature","properties":{"i":2030},"geometry":{"type":"Polygon","coordinates":[[[-122.31799,47.60149],[-122.3168,47.60303],[-122.3182,47.60435],[-122.32079,47.60412],[-122.32198,47.60258],[-122.32058,47.60127],[-122.31799,47.60149]]]}},{"type":"Feature","properties":{"i":2031},"geometry":{"type":"Polygon","coordinates":[[[-122.35149,47.68611],[-122.3503,47.68765],[-122.3517,47.68896],[-122.35429,47.68873],[-122.35548,47.68719],[-122.35408,47.68588],[-122.35149,47.68611]]]}},{"type":"Feature","properties":{"i":2032},"geometry":{"type":"Polygon","coordinates":[[[-122.28282,47.65627],[-122.28163,47.65781],[-122.28303,47.65912],[-122.28562,47.65889],[-122.28681,47.65735],[-122.28541,47.65604],[-122.28282,47.65627]]]}},{"type":"Feature","properties":{"i":2033},"geometry":{"type":"Polygon","coordinates":[[[-122.35657,47.64835],[-122.35538,47.64989],[-122.35678,47.6512],[-122.35937,47.65097],[-122.36056,47.64943],[-122.35916,47.64812],[-122.35657,47.64835]]]}},{"type":"Feature","properties":{"i":2034},"geometry":{"type":"Polygon","coordinates":[[[-122.30022,47.68057],[-122.29903,47.68211],[-122.30043,47.68342],[-122.30302,47.6832],[-122.30421,47.68166],[-122.30281,47.68035],[-122.30022,47.68057]]]}},{"type":"Feature","properties":{"i":2035},"geometry":{"type":"Polygon","coordinates":[[[-122.25972,47.55199],[-122.25853,47.55353],[-122.25993,47.55485],[-122.26251,47.55462],[-122.26371,47.55308],[-122.26231,47.55177],[-122.25972,47.55199]]]}},{"type":"Feature","properties":{"i":2036},"geometry":{"type":"Polygon","coordinates":[[[-122.41075,47.64069],[-122.40956,47.64223],[-122.41096,47.64354],[-122.41355,47.64331],[-122.41474,47.64177],[-122.41334,47.64046],[-122.41075,47.64069]]]}},{"type":"Feature","properties":{"i":2037},"geometry":{"type":"Polygon","coordinates":[[[-122.33312,47.59442],[-122.33192,47.59596],[-122.33332,47.59727],[-122.33591,47.59705],[-122.3371,47.5955],[-122.33571,47.59419],[-122.33312,47.59442]]]}},{"type":"Feature","properties":{"i":2038},"geometry":{"type":"Polygon","coordinates":[[[-122.32486,47.64253],[-122.32367,47.64407],[-122.32507,47.64538],[-122.32766,47.64516],[-122.32885,47.64362],[-122.32745,47.6423],[-122.32486,47.64253]]]}},{"type":"Feature","properties":{"i":2039},"geometry":{"type":"Polygon","coordinates":[[[-122.32116,47.59116],[-122.31996,47.5927],[-122.32136,47.59402],[-122.32395,47.59379],[-122.32514,47.59225],[-122.32374,47.59093],[-122.32116,47.59116]]]}},{"type":"Feature","properties":{"i":2040},"geometry":{"type":"Polygon","coordinates":[[[-122.37905,47.63488],[-122.37786,47.63642],[-122.37926,47.63774],[-122.38185,47.63751],[-122.38304,47.63597],[-122.38164,47.63465],[-122.37905,47.63488]]]}},{"type":"Feature","properties":{"i":2041},"geometry":{"type":"Polygon","coordinates":[[[-122.26586,47.52845],[-122.26467,47.52999],[-122.26606,47.53131],[-122.26865,47.53108],[-122.26984,47.52954],[-122.26845,47.52823],[-122.26586,47.52845]]]}},{"type":"Feature","properties":{"i":2042},"geometry":{"type":"Polygon","coordinates":[[[-122.31627,47.6318],[-122.31507,47.63334],[-122.31647,47.63466],[-122.31906,47.63443],[-122.32026,47.63289],[-122.31886,47.63157],[-122.31627,47.6318]]]}},{"type":"Feature","properties":{"i":2043},"geometry":{"type":"Polygon","coordinates":[[[-122.33422,47.71775],[-122.33303,47.71928],[-122.33442,47.7206],[-122.33702,47.72037],[-122.33821,47.71883],[-122.33681,47.71752],[-122.33422,47.71775]]]}},{"type":"Feature","properties":{"i":2044},"geometry":{"type":"Polygon","coordinates":[[[-122.24956,47.68357],[-122.24836,47.68511],[-122.24976,47.68642],[-122.25235,47.6862],[-122.25355,47.68466],[-122.25215,47.68334],[-122.24956,47.68357]]]}},{"type":"Feature","properties":{"i":2045},"geometry":{"type":"Polygon","coordinates":[[[-122.34227,47.66683],[-122.34107,47.66837],[-122.34247,47.66968],[-122.34506,47.66946],[-122.34626,47.66792],[-122.34486,47.6666],[-122.34227,47.66683]]]}},{"type":"Feature","properties":{"i":2046},"geometry":{"type":"Polygon","coordinates":[[[-122.30459,47.57825],[-122.3034,47.57979],[-122.3048,47.5811],[-122.30739,47.58088],[-122.30858,47.57933],[-122.30718,47.57802],[-122.30459,47.57825]]]}},{"type":"Feature","properties":{"i":2047},"geometry":{"type":"Polygon","coordinates":[[[-122.3574,47.65976],[-122.35621,47.6613],[-122.35761,47.66261],[-122.3602,47.66238],[-122.36139,47.66084],[-122.35999,47.65953],[-122.3574,47.65976]]]}},{"type":"Feature","properties":{"i":2048},"geometry":{"type":"Polygon","coordinates":[[[-122.36688,47.62878],[-122.36569,47.63032],[-122.36709,47.63163],[-122.36968,47.63141],[-122.37087,47.62986],[-122.36947,47.62855],[-122.36688,47.62878]]]}},{"type":"Feature","properties":{"i":2049},"geometry":{"type":"Polygon","coordinates":[[[-122.31055,47.66101],[-122.30936,47.66255],[-122.31076,47.66386],[-122.31335,47.66364],[-122.31454,47.6621],[-122.31314,47.66078],[-122.31055,47.66101]]]}},{"type":"Feature","properties":{"i":2050},"geometry":{"type":"Polygon","coordinates":[[[-122.28599,47.53676],[-122.28479,47.5383],[-122.28619,47.53962],[-122.28878,47.53939],[-122.28997,47.53785],[-122.28857,47.53653],[-122.28599,47.53676]]]}},{"type":"Feature","properties":{"i":2051},"geometry":{"type":"Polygon","coordinates":[[[-122.42397,47.66104],[-122.42278,47.66258],[-122.42418,47.66389],[-122.42677,47.66366],[-122.42796,47.66212],[-122.42656,47.66081],[-122.42397,47.66104]]]}},{"type":"Feature","properties":{"i":2052},"geometry":{"type":"Polygon","coordinates":[[[-122.34254,47.61657],[-122.34134,47.61811],[-122.34274,47.61942],[-122.34533,47.61919],[-122.34652,47.61765],[-122.34513,47.61634],[-122.34254,47.61657]]]}},{"type":"Feature","properties":{"i":2053},"geometry":{"type":"Polygon","coordinates":[[[-122.36766,47.69329],[-122.36647,47.69482],[-122.36787,47.69614],[-122.37046,47.69591],[-122.37165,47.69437],[-122.37025,47.69306],[-122.36766,47.69329]]]}},{"type":"Feature","properties":{"i":2054},"geometry":{"type":"Polygon","coordinates":[[[-122.32707,47.56478],[-122.32588,47.56632],[-122.32727,47.56763],[-122.32986,47.56741],[-122.33105,47.56587],[-122.32966,47.56455],[-122.32707,47.56478]]]}},{"type":"Feature","properties":{"i":2055},"geometry":{"type":"Polygon","coordinates":[[[-122.31701,47.69631],[-122.31582,47.69785],[-122.31722,47.69916],[-122.31981,47.69894],[-122.321,47.6974],[-122.3196,47.69609],[-122.31701,47.69631]]]}},{"type":"Feature","properties":{"i":2056},"geometry":{"type":"Polygon","coordinates":[[[-122.39227,47.65524],[-122.39108,47.65678],[-122.39248,47.65809],[-122.39507,47.65787],[-122.39626,47.65632],[-122.39486,47.65501],[-122.39227,47.65524]]]}},{"type":"Feature","properties":{"i":2057},"geometry":{"type":"Polygon","coordinates":[[[-122.26382,47.49986],[-122.26263,47.50141],[-122.26402,47.50272],[-122.26661,47.5025],[-122.2678,47.50096],[-122.26641,47.49964],[-122.26382,47.49986]]]}},{"type":"Feature","properties":{"i":2058},"geometry":{"type":"Polygon","coordinates":[[[-122.24797,47.55158],[-122.24677,47.55312],[-122.24817,47.55444],[-122.25076,47.55421],[-122.25195,47.55267],[-122.25056,47.55135],[-122.24797,47.55158]]]}},{"type":"Feature","properties":{"i":2059},"geometry":{"type":"Polygon","coordinates":[[[-122.39289,47.6638],[-122.3917,47.66534],[-122.3931,47.66665],[-122.39569,47.66642],[-122.39688,47.66488],[-122.39548,47.66357],[-122.39289,47.6638]]]}},{"type":"Feature","properties":{"i":2060},"geometry":{"type":"Polygon","coordinates":[[[-122.39876,47.69053],[-122.39757,47.69207],[-122.39897,47.69338],[-122.40156,47.69315],[-122.40275,47.69161],[-122.40135,47.6903],[-122.39876,47.69053]]]}},{"type":"Feature","properties":{"i":2061},"geometry":{"type":"Polygon","coordinates":[[[-122.29796,47.6492],[-122.29677,47.65074],[-122.29817,47.65205],[-122.30076,47.65182],[-122.30195,47.65028],[-122.30055,47.64897],[-122.29796,47.6492]]]}},{"type":"Feature","properties":{"i":2062},"geometry":{"type":"Polygon","coordinates":[[[-122.34241,47.72276],[-122.34122,47.7243],[-122.34262,47.72561],[-122.34521,47.72538],[-122.3464,47.72384],[-122.345,47.72253],[-122.34241,47.72276]]]}},{"type":"Feature","properties":{"i":2063},"geometry":{"type":"Polygon","coordinates":[[[-122.3519,47.69181],[-122.35071,47.69335],[-122.35211,47.69466],[-122.3547,47.69443],[-122.3559,47.69289],[-122.3545,47.69158],[-122.3519,47.69181]]]}},{"type":"Feature","properties":{"i":2064},"geometry":{"type":"Polygon","coordinates":[[[-122.31421,47.60326],[-122.31302,47.6048],[-122.31441,47.60612],[-122.317,47.60589],[-122.3182,47.60435],[-122.3168,47.60303],[-122.31421,47.60326]]]}},{"type":"Feature","properties":{"i":2065},"geometry":{"type":"Polygon","coordinates":[[[-122.36704,47.68473],[-122.36585,47.68627],[-122.36725,47.68758],[-122.36984,47.68736],[-122.37103,47.68582],[-122.36963,47.68451],[-122.36704,47.68473]]]}},{"type":"Feature","properties":{"i":2066},"geometry":{"type":"Polygon","coordinates":[[[-122.27904,47.65803],[-122.27784,47.65957],[-122.27924,47.66089],[-122.28183,47.66066],[-122.28303,47.65912],[-122.28163,47.65781],[-122.27904,47.65803]]]}},{"type":"Feature","properties":{"i":2067},"geometry":{"type":"Polygon","coordinates":[[[-122.32018,47.68599],[-122.31899,47.68753],[-122.32038,47.68884],[-122.32298,47.68862],[-122.32417,47.68708],[-122.32277,47.68577],[-122.32018,47.68599]]]}},{"type":"Feature","properties":{"i":2068},"geometry":{"type":"Polygon","coordinates":[[[-122.26769,47.55417],[-122.2665,47.55571],[-122.2679,47.55703],[-122.27049,47.5568],[-122.27168,47.55526],[-122.27028,47.55394],[-122.26769,47.55417]]]}},{"type":"Feature","properties":{"i":2069},"geometry":{"type":"Polygon","coordinates":[[[-122.32424,47.63397],[-122.32305,47.63551],[-122.32445,47.63683],[-122.32704,47.6366],[-122.32823,47.63506],[-122.32683,47.63374],[-122.32424,47.63397]]]}},{"type":"Feature","properties":{"i":2070},"geometry":{"type":"Polygon","coordinates":[[[-122.33669,47.5898],[-122.3355,47.59134],[-122.3369,47.59265],[-122.33949,47.59242],[-122.34068,47.59088],[-122.33928,47.58957],[-122.33669,47.5898]]]}},{"type":"Feature","properties":{"i":2071},"geometry":{"type":"Polygon","coordinates":[[[-122.31827,47.55118],[-122.31708,47.55272],[-122.31848,47.55404],[-122.32107,47.55381],[-122.32226,47.55227],[-122.32086,47.55095],[-122.31827,47.55118]]]}},{"type":"Feature","properties":{"i":2072},"geometry":{"type":"Polygon","coordinates":[[[-122.38703,47.63705],[-122.38584,47.63859],[-122.38724,47.6399],[-122.38983,47.63967],[-122.39102,47.63813],[-122.38962,47.63682],[-122.38703,47.63705]]]}},{"type":"Feature","properties":{"i":2073},"geometry":{"type":"Polygon","coordinates":[[[-122.27168,47.55526],[-122.27049,47.5568],[-122.27188,47.55812],[-122.27447,47.55789],[-122.27566,47.55635],[-122.27427,47.55503],[-122.27168,47.55526]]]}},{"type":"Feature","properties":{"i":2074},"geometry":{"type":"Polygon","coordinates":[[[-122.37398,47.67264],[-122.37279,47.67418],[-122.37419,47.67549],[-122.37678,47.67527],[-122.37797,47.67373],[-122.37657,47.67241],[-122.37398,47.67264]]]}},{"type":"Feature","properties":{"i":2075},"geometry":{"type":"Polygon","coordinates":[[[-122.27342,47.52492],[-122.27223,47.52646],[-122.27362,47.52777],[-122.27621,47.52755],[-122.2774,47.52601],[-122.27601,47.52469],[-122.27342,47.52492]]]}},{"type":"Feature","properties":{"i":2076},"geometry":{"type":"Polygon","coordinates":[[[-122.28436,47.73216],[-122.28317,47.7337],[-122.28457,47.73501],[-122.28716,47.73478],[-122.28836,47.73324],[-122.28696,47.73193],[-122.28436,47.73216]]]}},{"type":"Feature","properties":{"i":2077},"geometry":{"type":"Polygon","coordinates":[[[-122.29395,47.53894],[-122.29276,47.54048],[-122.29416,47.54179],[-122.29675,47.54157],[-122.29794,47.54002],[-122.29654,47.53871],[-122.29395,47.53894]]]}},{"type":"Feature","properties":{"i":2078},"geometry":{"type":"Polygon","coordinates":[[[-122.2733,47.68723],[-122.27211,47.68877],[-122.27351,47.69009],[-122.2761,47.68986],[-122.2773,47.68832],[-122.2759,47.68701],[-122.2733,47.68723]]]}},{"type":"Feature","properties":{"i":2079},"geometry":{"type":"Polygon","coordinates":[[[-122.30389,47.62284],[-122.3027,47.62438],[-122.30409,47.62569],[-122.30668,47.62546],[-122.30788,47.62392],[-122.30648,47.62261],[-122.30389,47.62284]]]}},{"type":"Feature","properties":{"i":2080},"geometry":{"type":"Polygon","coordinates":[[[-122.33133,47.67784],[-122.33013,47.67938],[-122.33153,47.68069],[-122.33413,47.68046],[-122.33532,47.67892],[-122.33392,47.67761],[-122.33133,47.67784]]]}},{"type":"Feature","properties":{"i":2081},"geometry":{"type":"Polygon","coordinates":[[[-122.29805,47.59606],[-122.29686,47.5976],[-122.29826,47.59892],[-122.30085,47.59869],[-122.30204,47.59715],[-122.30064,47.59583],[-122.29805,47.59606]]]}},{"type":"Feature","properties":{"i":2082},"geometry":{"type":"Polygon","coordinates":[[[-122.36538,47.66193],[-122.36419,47.66347],[-122.36559,47.66478],[-122.36818,47.66455],[-122.36937,47.66301],[-122.36797,47.6617],[-122.36538,47.66193]]]}},{"type":"Feature","properties":{"i":2083},"geometry":{"type":"Polygon","coordinates":[[[-122.3545,47.61982],[-122.35331,47.62136],[-122.35471,47.62268],[-122.3573,47.62245],[-122.35849,47.62091],[-122.35709,47.61959],[-122.3545,47.61982]]]}},{"type":"Feature","properties":{"i":2084},"geometry":{"type":"Polygon","coordinates":[[[-122.29961,47.67202],[-122.29841,47.67356],[-122.29981,47.67487],[-122.3024,47.67464],[-122.3036,47.6731],[-122.3022,47.67179],[-122.29961,47.67202]]]}},{"type":"Feature","properties":{"i":2085},"geometry":{"type":"Polygon","coordinates":[[[-122.27362,47.52777],[-122.27243,47.52932],[-122.27383,47.53063],[-122.27642,47.53041],[-122.27761,47.52886],[-122.27621,47.52755],[-122.27362,47.52777]]]}},{"type":"Feature","properties":{"i":2086},"geometry":{"type":"Polygon","coordinates":[[[-122.41599,47.65888],[-122.4148,47.66042],[-122.4162,47.66173],[-122.41879,47.6615],[-122.41998,47.65996],[-122.41858,47.65865],[-122.41599,47.65888]]]}},{"type":"Feature","properties":{"i":2087},"geometry":{"type":"Polygon","coordinates":[[[-122.33875,47.61834],[-122.33756,47.61988],[-122.33896,47.62119],[-122.34155,47.62096],[-122.34274,47.61942],[-122.34134,47.61811],[-122.33875,47.61834]]]}},{"type":"Feature","properties":{"i":2088},"geometry":{"type":"Polygon","coordinates":[[[-122.36113,47.71107],[-122.35994,47.71261],[-122.36134,47.71392],[-122.36393,47.71369],[-122.36512,47.71215],[-122.36372,47.71084],[-122.36113,47.71107]]]}},{"type":"Feature","properties":{"i":2089},"geometry":{"type":"Polygon","coordinates":[[[-122.33504,47.56695],[-122.33385,47.56849],[-122.33525,47.56981],[-122.33783,47.56958],[-122.33903,47.56804],[-122.33763,47.56672],[-122.33504,47.56695]]]}},{"type":"Feature","properties":{"i":2090},"geometry":{"type":"Polygon","coordinates":[[[-122.31322,47.69808],[-122.31203,47.69962],[-122.31343,47.70093],[-122.31602,47.7007],[-122.31722,47.69916],[-122.31582,47.69785],[-122.31322,47.69808]]]}},{"type":"Feature","properties":{"i":2091},"geometry":{"type":"Polygon","coordinates":[[[-122.29993,47.7308],[-122.29873,47.73233],[-122.30013,47.73365],[-122.30273,47.73342],[-122.30392,47.73188],[-122.30252,47.73057],[-122.29993,47.7308]]]}},{"type":"Feature","properties":{"i":2092},"geometry":{"type":"Polygon","coordinates":[[[-122.39164,47.64669],[-122.39045,47.64823],[-122.39185,47.64954],[-122.39444,47.64931],[-122.39563,47.64777],[-122.39423,47.64646],[-122.39164,47.64669]]]}},{"type":"Feature","properties":{"i":2093},"geometry":{"type":"Polygon","coordinates":[[[-122.33786,47.66005],[-122.33667,47.66159],[-122.33807,47.6629],[-122.34066,47.66267],[-122.34185,47.66113],[-122.34045,47.65982],[-122.33786,47.66005]]]}},{"type":"Feature","properties":{"i":2094},"geometry":{"type":"Polygon","coordinates":[[[-122.28149,47.69226],[-122.2803,47.6938],[-122.2817,47.69511],[-122.28429,47.69488],[-122.28548,47.69334],[-122.28409,47.69203],[-122.28149,47.69226]]]}},{"type":"Feature","properties":{"i":2095},"geometry":{"type":"Polygon","coordinates":[[[-122.3314,47.62473],[-122.33021,47.62627],[-122.3316,47.62758],[-122.33419,47.62735],[-122.33539,47.62581],[-122.33399,47.6245],[-122.3314,47.62473]]]}},{"type":"Feature","properties":{"i":2096},"geometry":{"type":"Polygon","coordinates":[[[-122.33952,47.68286],[-122.33832,47.6844],[-122.33972,47.68571],[-122.34231,47.68548],[-122.34351,47.68394],[-122.34211,47.68263],[-122.33952,47.68286]]]}},{"type":"Feature","properties":{"i":2097},"geometry":{"type":"Polygon","coordinates":[[[-122.30755,47.56506],[-122.30636,47.5666],[-122.30776,47.56791],[-122.31035,47.56768],[-122.31154,47.56614],[-122.31014,47.56483],[-122.30755,47.56506]]]}},{"type":"Feature","properties":{"i":2098},"geometry":{"type":"Polygon","coordinates":[[[-122.30623,47.60109],[-122.30504,47.60263],[-122.30644,47.60394],[-122.30903,47.60372],[-122.31022,47.60218],[-122.30882,47.60086],[-122.30623,47.60109]]]}},{"type":"Feature","properties":{"i":2099},"geometry":{"type":"Polygon","coordinates":[[[-122.37502,47.6869],[-122.37383,47.68844],[-122.37523,47.68975],[-122.37782,47.68952],[-122.37901,47.68798],[-122.37761,47.68667],[-122.37502,47.6869]]]}},{"type":"Feature","properties":{"i":2100},"geometry":{"type":"Polygon","coordinates":[[[-122.36413,47.64481],[-122.36294,47.64635],[-122.36434,47.64767],[-122.36693,47.64744],[-122.36812,47.6459],[-122.36672,47.64458],[-122.36413,47.64481]]]}},{"type":"Feature","properties":{"i":2101},"geometry":{"type":"Polygon","coordinates":[[[-122.30779,47.67704],[-122.3066,47.67858],[-122.308,47.67989],[-122.31059,47.67966],[-122.31178,47.67812],[-122.31039,47.67681],[-122.30779,47.67704]]]}},{"type":"Feature","properties":{"i":2102},"geometry":{"type":"Polygon","coordinates":[[[-122.28323,47.55281],[-122.28203,47.55435],[-122.28343,47.55567],[-122.28602,47.55544],[-122.28721,47.5539],[-122.28582,47.55259],[-122.28323,47.55281]]]}},{"type":"Feature","properties":{"i":2103},"geometry":{"type":"Polygon","coordinates":[[[-122.39899,47.6403],[-122.3978,47.64184],[-122.3992,47.64315],[-122.40179,47.64292],[-122.40298,47.64138],[-122.40158,47.64007],[-122.39899,47.6403]]]}},{"type":"Feature","properties":{"i":2104},"geometry":{"type":"Polygon","coordinates":[[[-122.32046,47.63574],[-122.31927,47.63728],[-122.32067,47.63859],[-122.32326,47.63837],[-122.32445,47.63683],[-122.32305,47.63551],[-122.32046,47.63574]]]}},{"type":"Feature","properties":{"i":2105},"geometry":{"type":"Polygon","coordinates":[[[-122.36932,47.71608],[-122.36813,47.71762],[-122.36953,47.71893],[-122.37212,47.7187],[-122.37332,47.71716],[-122.37192,47.71585],[-122.36932,47.71608]]]}},{"type":"Feature","properties":{"i":2106},"geometry":{"type":"Polygon","coordinates":[[[-122.3338,47.54981],[-122.33261,47.55136],[-122.33401,47.55267],[-122.3366,47.55244],[-122.33779,47.5509],[-122.33639,47.54959],[-122.3338,47.54981]]]}},{"type":"Feature","properties":{"i":2107},"geometry":{"type":"Polygon","coordinates":[[[-122.37465,47.62809],[-122.37346,47.62964],[-122.37486,47.63095],[-122.37745,47.63072],[-122.37864,47.62918],[-122.37724,47.62787],[-122.37465,47.62809]]]}},{"type":"Feature","properties":{"i":2108},"geometry":{"type":"Polygon","coordinates":[[[-122.40129,47.67166],[-122.4001,47.6732],[-122.4015,47.67451],[-122.40409,47.67428],[-122.40528,47.67274],[-122.40388,47.67143],[-122.40129,47.67166]]]}},{"type":"Feature","properties":{"i":2109},"geometry":{"type":"Polygon","coordinates":[[[-122.27281,47.51634],[-122.27161,47.51788],[-122.27301,47.5192],[-122.2756,47.51897],[-122.27679,47.51743],[-122.27539,47.51611],[-122.27281,47.51634]]]}},{"type":"Feature","properties":{"i":2110},"geometry":{"type":"Polygon","coordinates":[[[-122.29017,47.5407],[-122.28898,47.54225],[-122.29038,47.54356],[-122.29297,47.54334],[-122.29416,47.54179],[-122.29276,47.54048],[-122.29017,47.5407]]]}},{"type":"Feature","properties":{"i":2111},"geometry":{"type":"Polygon","coordinates":[[[-122.27269,47.67868],[-122.2715,47.68022],[-122.27289,47.68153],[-122.27549,47.6813],[-122.27668,47.67977],[-122.27528,47.67845],[-122.27269,47.67868]]]}},{"type":"Feature","properties":{"i":2112},"geometry":{"type":"Polygon","coordinates":[[[-122.28896,47.63276],[-122.28777,47.6343],[-122.28916,47.63561],[-122.29175,47.63539],[-122.29295,47.63385],[-122.29155,47.63253],[-122.28896,47.63276]]]}},{"type":"Feature","properties":{"i":2113},"geometry":{"type":"Polygon","coordinates":[[[-122.32245,47.71735],[-122.32125,47.71889],[-122.32265,47.7202],[-122.32525,47.71997],[-122.32644,47.71843],[-122.32504,47.71712],[-122.32245,47.71735]]]}},{"type":"Feature","properties":{"i":2114},"geometry":{"type":"Polygon","coordinates":[[[-122.28568,47.58709],[-122.28449,47.58863],[-122.28589,47.58994],[-122.28848,47.58972],[-122.28967,47.58818],[-122.28827,47.58686],[-122.28568,47.58709]]]}},{"type":"Feature","properties":{"i":2115},"geometry":{"type":"Polygon","coordinates":[[[-122.36248,47.62199],[-122.36128,47.62353],[-122.36268,47.62484],[-122.36527,47.62462],[-122.36646,47.62307],[-122.36507,47.62176],[-122.36248,47.62199]]]}},{"type":"Feature","properties":{"i":2116},"geometry":{"type":"Polygon","coordinates":[[[-122.30759,47.67419],[-122.30639,47.67573],[-122.30779,47.67704],[-122.31039,47.67681],[-122.31158,47.67527],[-122.31018,47.67396],[-122.30759,47.67419]]]}},{"type":"Feature","properties":{"i":2117},"geometry":{"type":"Polygon","coordinates":[[[-122.33078,47.61617],[-122.32959,47.61771],[-122.33098,47.61902],[-122.33357,47.61879],[-122.33477,47.61725],[-122.33337,47.61594],[-122.33078,47.61617]]]}},{"type":"Feature","properties":{"i":2118},"geometry":{"type":"Polygon","coordinates":[[[-122.34874,47.70213],[-122.34755,47.70367],[-122.34895,47.70498],[-122.35154,47.70475],[-122.35273,47.70321],[-122.35133,47.7019],[-122.34874,47.70213]]]}},{"type":"Feature","properties":{"i":2119},"geometry":{"type":"Polygon","coordinates":[[[-122.32411,47.57797],[-122.32292,47.57951],[-122.32432,47.58083],[-122.32691,47.5806],[-122.3281,47.57906],[-122.3267,47.57774],[-122.32411,47.57797]]]}},{"type":"Feature","properties":{"i":2120},"geometry":{"type":"Polygon","coordinates":[[[-122.30668,47.71587],[-122.30549,47.7174],[-122.30689,47.71871],[-122.30948,47.71849],[-122.31067,47.71695],[-122.30927,47.71564],[-122.30668,47.71587]]]}},{"type":"Feature","properties":{"i":2121},"geometry":{"type":"Polygon","coordinates":[[[-122.31549,47.72943],[-122.3143,47.73097],[-122.3157,47.73228],[-122.31829,47.73205],[-122.31948,47.73051],[-122.31808,47.7292],[-122.31549,47.72943]]]}},{"type":"Feature","properties":{"i":2122},"geometry":{"type":"Polygon","coordinates":[[[-122.38786,47.64846],[-122.38667,47.65],[-122.38807,47.65131],[-122.39066,47.65108],[-122.39185,47.64954],[-122.39045,47.64823],[-122.38786,47.64846]]]}},{"type":"Feature","properties":{"i":2123},"geometry":{"type":"Polygon","coordinates":[[[-122.33724,47.65149],[-122.33605,47.65303],[-122.33745,47.65434],[-122.34004,47.65411],[-122.34123,47.65257],[-122.33983,47.65126],[-122.33724,47.65149]]]}},{"type":"Feature","properties":{"i":2124},"geometry":{"type":"Polygon","coordinates":[[[-122.28231,47.70366],[-122.28112,47.7052],[-122.28252,47.70651],[-122.28511,47.70628],[-122.2863,47.70474],[-122.28491,47.70343],[-122.28231,47.70366]]]}},{"type":"Feature","properties":{"i":2125},"geometry":{"type":"Polygon","coordinates":[[[-122.38699,47.69014],[-122.3858,47.69168],[-122.3872,47.69299],[-122.38979,47.69276],[-122.39099,47.69122],[-122.38959,47.68991],[-122.38699,47.69014]]]}},{"type":"Feature","properties":{"i":2126},"geometry":{"type":"Polygon","coordinates":[[[-122.30694,47.55649],[-122.30574,47.55803],[-122.30714,47.55934],[-122.30973,47.55912],[-122.31092,47.55757],[-122.30952,47.55626],[-122.30694,47.55649]]]}},{"type":"Feature","properties":{"i":2127},"geometry":{"type":"Polygon","coordinates":[[[-122.296,47.5675],[-122.29481,47.56905],[-122.29621,47.57036],[-122.2988,47.57013],[-122.29999,47.56859],[-122.29859,47.56728],[-122.296,47.5675]]]}},{"type":"Feature","properties":{"i":2128},"geometry":{"type":"Polygon","coordinates":[[[-122.2953,47.6121],[-122.2941,47.61364],[-122.2955,47.61496],[-122.29809,47.61473],[-122.29928,47.61319],[-122.29789,47.61188],[-122.2953,47.6121]]]}},{"type":"Feature","properties":{"i":2129},"geometry":{"type":"Polygon","coordinates":[[[-122.36263,47.67795],[-122.36144,47.67949],[-122.36284,47.6808],[-122.36543,47.68057],[-122.36662,47.67903],[-122.36522,47.67772],[-122.36263,47.67795]]]}},{"type":"Feature","properties":{"i":2130},"geometry":{"type":"Polygon","coordinates":[[[-122.37211,47.64698],[-122.37092,47.64852],[-122.37232,47.64983],[-122.37491,47.6496],[-122.3761,47.64806],[-122.3747,47.64675],[-122.37211,47.64698]]]}},{"type":"Feature","properties":{"i":2131},"geometry":{"type":"Polygon","coordinates":[[[-122.31578,47.67921],[-122.31458,47.68075],[-122.31598,47.68206],[-122.31857,47.68183],[-122.31977,47.68029],[-122.31837,47.67898],[-122.31578,47.67921]]]}},{"type":"Feature","properties":{"i":2132},"geometry":{"type":"Polygon","coordinates":[[[-122.35838,47.72709],[-122.35719,47.72862],[-122.35859,47.72993],[-122.36118,47.72971],[-122.36238,47.72817],[-122.36098,47.72686],[-122.35838,47.72709]]]}},{"type":"Feature","properties":{"i":2133},"geometry":{"type":"Polygon","coordinates":[[[-122.28792,47.50927],[-122.28673,47.51081],[-122.28813,47.51212],[-122.29072,47.5119],[-122.29191,47.51036],[-122.29051,47.50904],[-122.28792,47.50927]]]}},{"type":"Feature","properties":{"i":2134},"geometry":{"type":"Polygon","coordinates":[[[-122.33229,47.583],[-122.3311,47.58454],[-122.3325,47.58585],[-122.33509,47.58563],[-122.33628,47.58408],[-122.33488,47.58277],[-122.33229,47.583]]]}},{"type":"Feature","properties":{"i":2135},"geometry":{"type":"Polygon","coordinates":[[[-122.39751,47.67343],[-122.39632,47.67497],[-122.39772,47.67628],[-122.40031,47.67605],[-122.4015,47.67451],[-122.4001,47.6732],[-122.39751,47.67343]]]}},{"type":"Feature","properties":{"i":2136},"geometry":{"type":"Polygon","coordinates":[[[-122.26903,47.51811],[-122.26783,47.51965],[-122.26923,47.52097],[-122.27182,47.52074],[-122.27301,47.5192],[-122.27161,47.51788],[-122.26903,47.51811]]]}},{"type":"Feature","properties":{"i":2137},"geometry":{"type":"Polygon","coordinates":[[[-122.3101,47.54615],[-122.30891,47.54769],[-122.3103,47.549],[-122.31289,47.54878],[-122.31408,47.54723],[-122.31269,47.54592],[-122.3101,47.54615]]]}},{"type":"Feature","properties":{"i":2138},"geometry":{"type":"Polygon","coordinates":[[[-122.2689,47.68045],[-122.26771,47.68198],[-122.26911,47.6833],[-122.2717,47.68307],[-122.27289,47.68153],[-122.2715,47.68022],[-122.2689,47.68045]]]}},{"type":"Feature","properties":{"i":2139},"geometry":{"type":"Polygon","coordinates":[[[-122.35699,47.65406],[-122.35579,47.6556],[-122.35719,47.65691],[-122.35978,47.65668],[-122.36097,47.65514],[-122.35958,47.65383],[-122.35699,47.65406]]]}},{"type":"Feature","properties":{"i":2140},"geometry":{"type":"Polygon","coordinates":[[[-122.34978,47.71638],[-122.34858,47.71791],[-122.34998,47.71922],[-122.35258,47.719],[-122.35377,47.71746],[-122.35237,47.71615],[-122.34978,47.71638]]]}},{"type":"Feature","properties":{"i":2141},"geometry":{"type":"Polygon","coordinates":[[[-122.25334,47.6818],[-122.25215,47.68334],[-122.25355,47.68466],[-122.25614,47.68443],[-122.25734,47.68289],[-122.25594,47.68158],[-122.25334,47.6818]]]}},{"type":"Feature","properties":{"i":2142},"geometry":{"type":"Polygon","coordinates":[[[-122.31956,47.67744],[-122.31837,47.67898],[-122.31977,47.68029],[-122.32236,47.68006],[-122.32355,47.67852],[-122.32215,47.67721],[-122.31956,47.67744]]]}},{"type":"Feature","properties":{"i":2143},"geometry":{"type":"Polygon","coordinates":[[[-122.29366,47.58926],[-122.29246,47.5908],[-122.29386,47.59212],[-122.29645,47.59189],[-122.29764,47.59035],[-122.29625,47.58904],[-122.29366,47.58926]]]}},{"type":"Feature","properties":{"i":2144},"geometry":{"type":"Polygon","coordinates":[[[-122.2952,47.66523],[-122.29401,47.66677],[-122.29541,47.66808],[-122.298,47.66785],[-122.29919,47.66631],[-122.2978,47.665],[-122.2952,47.66523]]]}},{"type":"Feature","properties":{"i":2145},"geometry":{"type":"Polygon","coordinates":[[[-122.2633,47.54737],[-122.26211,47.54891],[-122.2635,47.55022],[-122.26609,47.55],[-122.26729,47.54846],[-122.26589,47.54714],[-122.2633,47.54737]]]}},{"type":"Feature","properties":{"i":2146},"geometry":{"type":"Polygon","coordinates":[[[-122.2643,47.6708],[-122.2631,47.67234],[-122.2645,47.67366],[-122.2671,47.67343],[-122.26829,47.67189],[-122.26689,47.67058],[-122.2643,47.6708]]]}},{"type":"Feature","properties":{"i":2147},"geometry":{"type":"Polygon","coordinates":[[[-122.35672,47.70429],[-122.35553,47.70583],[-122.35693,47.70714],[-122.35952,47.70691],[-122.36072,47.70537],[-122.35932,47.70406],[-122.35672,47.70429]]]}},{"type":"Feature","properties":{"i":2148},"geometry":{"type":"Polygon","coordinates":[[[-122.29429,47.70691],[-122.2931,47.70845],[-122.2945,47.70976],[-122.29709,47.70954],[-122.29828,47.708],[-122.29688,47.70669],[-122.29429,47.70691]]]}},{"type":"Feature","properties":{"i":2149},"geometry":{"type":"Polygon","coordinates":[[[-122.3631,47.63055],[-122.36191,47.63209],[-122.36331,47.6334],[-122.3659,47.63317],[-122.36709,47.63163],[-122.36569,47.63032],[-122.3631,47.63055]]]}},{"type":"Feature","properties":{"i":2150},"geometry":{"type":"Polygon","coordinates":[[[-122.32348,47.73159],[-122.32228,47.73313],[-122.32368,47.73444],[-122.32628,47.73422],[-122.32747,47.73268],[-122.32607,47.73137],[-122.32348,47.73159]]]}},{"type":"Feature","properties":{"i":2151},"geometry":{"type":"Polygon","coordinates":[[[-122.27146,47.66157],[-122.27027,47.66311],[-122.27167,47.66442],[-122.27426,47.66419],[-122.27545,47.66265],[-122.27406,47.66134],[-122.27146,47.66157]]]}},{"type":"Feature","properties":{"i":2152},"geometry":{"type":"Polygon","coordinates":[[[-122.32123,47.53798],[-122.32004,47.53952],[-122.32144,47.54084],[-122.32402,47.54061],[-122.32522,47.53907],[-122.32382,47.53775],[-122.32123,47.53798]]]}},{"type":"Feature","properties":{"i":2153},"geometry":{"type":"Polygon","coordinates":[[[-122.33346,47.65326],[-122.33227,47.6548],[-122.33367,47.65611],[-122.33626,47.65588],[-122.33745,47.65434],[-122.33605,47.65303],[-122.33346,47.65326]]]}},{"type":"Feature","properties":{"i":2154},"geometry":{"type":"Polygon","coordinates":[[[-122.29173,47.72578],[-122.29054,47.72732],[-122.29194,47.72863],[-122.29453,47.7284],[-122.29573,47.72686],[-122.29433,47.72555],[-122.29173,47.72578]]]}},{"type":"Feature","properties":{"i":2155},"geometry":{"type":"Polygon","coordinates":[[[-122.27852,47.70543],[-122.27733,47.70696],[-122.27873,47.70828],[-122.28132,47.70805],[-122.28252,47.70651],[-122.28112,47.7052],[-122.27852,47.70543]]]}},{"type":"Feature","properties":{"i":2156},"geometry":{"type":"Polygon","coordinates":[[[-122.28956,47.53213],[-122.28837,47.53367],[-122.28977,47.53499],[-122.29235,47.53476],[-122.29355,47.53322],[-122.29215,47.53191],[-122.28956,47.53213]]]}},{"type":"Feature","properties":{"i":2157},"geometry":{"type":"Polygon","coordinates":[[[-122.30175,47.64743],[-122.30055,47.64897],[-122.30195,47.65028],[-122.30454,47.65006],[-122.30574,47.64852],[-122.30434,47.6472],[-122.30175,47.64743]]]}},{"type":"Feature","properties":{"i":2158},"geometry":{"type":"Polygon","coordinates":[[[-122.32919,47.70241],[-122.328,47.70395],[-122.3294,47.70526],[-122.33199,47.70504],[-122.33319,47.7035],[-122.33179,47.70219],[-122.32919,47.70241]]]}},{"type":"Feature","properties":{"i":2159},"geometry":{"type":"Polygon","coordinates":[[[-122.30315,47.55825],[-122.30196,47.5598],[-122.30336,47.56111],[-122.30595,47.56088],[-122.30714,47.55934],[-122.30574,47.55803],[-122.30315,47.55825]]]}},{"type":"Feature","properties":{"i":2160},"geometry":{"type":"Polygon","coordinates":[[[-122.30327,47.61428],[-122.30208,47.61582],[-122.30348,47.61713],[-122.30607,47.6169],[-122.30726,47.61536],[-122.30586,47.61405],[-122.30327,47.61428]]]}},{"type":"Feature","properties":{"i":2161},"geometry":{"type":"Polygon","coordinates":[[[-122.35973,47.63802],[-122.35854,47.63957],[-122.35994,47.64088],[-122.36253,47.64065],[-122.36372,47.63911],[-122.36232,47.6378],[-122.35973,47.63802]]]}},{"type":"Feature","properties":{"i":2162},"geometry":{"type":"Polygon","coordinates":[[[-122.30483,47.69021],[-122.30364,47.69175],[-122.30503,47.69306],[-122.30763,47.69283],[-122.30882,47.69129],[-122.30742,47.68998],[-122.30483,47.69021]]]}},{"type":"Feature","properties":{"i":2163},"geometry":{"type":"Polygon","coordinates":[[[-122.27147,47.5524],[-122.27028,47.55394],[-122.27168,47.55526],[-122.27427,47.55503],[-122.27546,47.55349],[-122.27406,47.55218],[-122.27147,47.5524]]]}},{"type":"Feature","properties":{"i":2164},"geometry":{"type":"Polygon","coordinates":[[[-122.36637,47.72925],[-122.36518,47.73079],[-122.36658,47.7321],[-122.36917,47.73187],[-122.37036,47.73033],[-122.36896,47.72902],[-122.36637,47.72925]]]}},{"type":"Feature","properties":{"i":2165},"geometry":{"type":"Polygon","coordinates":[[[-122.32941,47.54301],[-122.32822,47.54456],[-122.32961,47.54587],[-122.3322,47.54564],[-122.33339,47.5441],[-122.33199,47.54279],[-122.32941,47.54301]]]}},{"type":"Feature","properties":{"i":2166},"geometry":{"type":"Polygon","coordinates":[[[-122.39081,47.63528],[-122.38962,47.63682],[-122.39102,47.63813],[-122.39361,47.6379],[-122.3948,47.63636],[-122.3934,47.63505],[-122.39081,47.63528]]]}},{"type":"Feature","properties":{"i":2167},"geometry":{"type":"Polygon","coordinates":[[[-122.38953,47.67127],[-122.38834,47.67281],[-122.38974,47.67412],[-122.39233,47.67389],[-122.39352,47.67235],[-122.39212,47.67104],[-122.38953,47.67127]]]}},{"type":"Feature","properties":{"i":2168},"geometry":{"type":"Polygon","coordinates":[[[-122.29612,47.62352],[-122.29492,47.62506],[-122.29632,47.62637],[-122.29891,47.62615],[-122.30011,47.62461],[-122.29871,47.62329],[-122.29612,47.62352]]]}},{"type":"Feature","properties":{"i":2169},"geometry":{"type":"Polygon","coordinates":[[[-122.29773,47.53717],[-122.29654,47.53871],[-122.29794,47.54002],[-122.30053,47.5398],[-122.30172,47.53826],[-122.30032,47.53694],[-122.29773,47.53717]]]}},{"type":"Feature","properties":{"i":2170},"geometry":{"type":"Polygon","coordinates":[[[-122.28886,47.68587],[-122.28767,47.68741],[-122.28907,47.68872],[-122.29166,47.6885],[-122.29285,47.68696],[-122.29145,47.68565],[-122.28886,47.68587]]]}},{"type":"Feature","properties":{"i":2171},"geometry":{"type":"Polygon","coordinates":[[[-122.3532,47.65582],[-122.35201,47.65736],[-122.35341,47.65868],[-122.356,47.65845],[-122.35719,47.65691],[-122.35579,47.6556],[-122.3532,47.65582]]]}},{"type":"Feature","properties":{"i":2172},"geometry":{"type":"Polygon","coordinates":[[[-122.2772,47.63236],[-122.276,47.6339],[-122.2774,47.63521],[-122.27999,47.63498],[-122.28118,47.63344],[-122.27979,47.63213],[-122.2772,47.63236]]]}},{"type":"Feature","properties":{"i":2173},"geometry":{"type":"Polygon","coordinates":[[[-122.35409,47.61412],[-122.35289,47.61566],[-122.35429,47.61697],[-122.35688,47.61674],[-122.35807,47.6152],[-122.35668,47.61389],[-122.35409,47.61412]]]}},{"type":"Feature","properties":{"i":2174},"geometry":{"type":"Polygon","coordinates":[[[-122.34599,47.71814],[-122.3448,47.71968],[-122.3462,47.72099],[-122.34879,47.72076],[-122.34998,47.71922],[-122.34858,47.71791],[-122.34599,47.71814]]]}},{"type":"Feature","properties":{"i":2175},"geometry":{"type":"Polygon","coordinates":[[[-122.26133,47.68398],[-122.26013,47.68552],[-122.26153,47.68683],[-122.26413,47.6866],[-122.26532,47.68506],[-122.26392,47.68375],[-122.26133,47.68398]]]}},{"type":"Feature","properties":{"i":2176},"geometry":{"type":"Polygon","coordinates":[[[-122.34688,47.67647],[-122.34569,47.67801],[-122.34708,47.67932],[-122.34968,47.67909],[-122.35087,47.67755],[-122.34947,47.67624],[-122.34688,47.67647]]]}},{"type":"Feature","properties":{"i":2177},"geometry":{"type":"Polygon","coordinates":[[[-122.30919,47.5879],[-122.308,47.58944],[-122.3094,47.59076],[-122.31199,47.59053],[-122.31318,47.58899],[-122.31178,47.58767],[-122.30919,47.5879]]]}},{"type":"Feature","properties":{"i":2178},"geometry":{"type":"Polygon","coordinates":[[[-122.40382,47.65278],[-122.40263,47.65433],[-122.40403,47.65564],[-122.40662,47.65541],[-122.40781,47.65387],[-122.40641,47.65256],[-122.40382,47.65278]]]}},{"type":"Feature","properties":{"i":2179},"geometry":{"type":"Polygon","coordinates":[[[-122.26269,47.53879],[-122.2615,47.54034],[-122.26289,47.54165],[-122.26548,47.54143],[-122.26667,47.53988],[-122.26528,47.53857],[-122.26269,47.53879]]]}},{"type":"Feature","properties":{"i":2180},"geometry":{"type":"Polygon","coordinates":[[[-122.37947,47.64059],[-122.37828,47.64213],[-122.37968,47.64344],[-122.38227,47.64321],[-122.38346,47.64167],[-122.38206,47.64036],[-122.37947,47.64059]]]}},{"type":"Feature","properties":{"i":2181},"geometry":{"type":"Polygon","coordinates":[[[-122.29691,47.52574],[-122.29572,47.52728],[-122.29712,47.52859],[-122.29971,47.52837],[-122.3009,47.52683],[-122.2995,47.52551],[-122.29691,47.52574]]]}},{"type":"Feature","properties":{"i":2182},"geometry":{"type":"Polygon","coordinates":[[[-122.37228,47.70292],[-122.37108,47.70446],[-122.37248,47.70577],[-122.37508,47.70554],[-122.37627,47.704],[-122.37487,47.70269],[-122.37228,47.70292]]]}},{"type":"Feature","properties":{"i":2183},"geometry":{"type":"Polygon","coordinates":[[[-122.31236,47.57757],[-122.31117,47.57911],[-122.31256,47.58042],[-122.31515,47.58019],[-122.31635,47.57865],[-122.31495,47.57734],[-122.31236,47.57757]]]}},{"type":"Feature","properties":{"i":2184},"geometry":{"type":"Polygon","coordinates":[[[-122.30228,47.70908],[-122.30108,47.71062],[-122.30248,47.71193],[-122.30507,47.7117],[-122.30627,47.71017],[-122.30487,47.70885],[-122.30228,47.70908]]]}},{"type":"Feature","properties":{"i":2185},"geometry":{"type":"Polygon","coordinates":[[[-122.31108,47.72265],[-122.30989,47.72419],[-122.31129,47.7255],[-122.31388,47.72527],[-122.31508,47.72373],[-122.31368,47.72242],[-122.31108,47.72265]]]}},{"type":"Feature","properties":{"i":2186},"geometry":{"type":"Polygon","coordinates":[[[-122.3786,47.68228],[-122.3774,47.68382],[-122.3788,47.68513],[-122.3814,47.6849],[-122.38259,47.68336],[-122.38119,47.68205],[-122.3786,47.68228]]]}},{"type":"Feature","properties":{"i":2187},"geometry":{"type":"Polygon","coordinates":[[[-122.27934,47.71683],[-122.27815,47.71837],[-122.27955,47.71968],[-122.28214,47.71945],[-122.28334,47.71791],[-122.28194,47.7166],[-122.27934,47.71683]]]}},{"type":"Feature","properties":{"i":2188},"geometry":{"type":"Polygon","coordinates":[[[-122.29753,47.53431],[-122.29634,47.53585],[-122.29773,47.53717],[-122.30032,47.53694],[-122.30151,47.5354],[-122.30012,47.53408],[-122.29753,47.53431]]]}},{"type":"Feature","properties":{"i":2189},"geometry":{"type":"Polygon","coordinates":[[[-122.28681,47.65735],[-122.28562,47.65889],[-122.28702,47.66021],[-122.28961,47.65998],[-122.2908,47.65844],[-122.2894,47.65713],[-122.28681,47.65735]]]}},{"type":"Feature","properties":{"i":2190},"geometry":{"type":"Polygon","coordinates":[[[-122.33861,47.56233],[-122.33742,47.56387],[-122.33882,47.56518],[-122.34141,47.56495],[-122.3426,47.56341],[-122.3412,47.5621],[-122.33861,47.56233]]]}},{"type":"Feature","properties":{"i":2191},"geometry":{"type":"Polygon","coordinates":[[[-122.32857,47.69386],[-122.32738,47.6954],[-122.32878,47.69671],[-122.33137,47.69648],[-122.33257,47.69495],[-122.33117,47.69363],[-122.32857,47.69386]]]}},{"type":"Feature","properties":{"i":2192},"geometry":{"type":"Polygon","coordinates":[[[-122.29662,47.57607],[-122.29543,47.57761],[-122.29682,47.57893],[-122.29941,47.5787],[-122.3006,47.57716],[-122.29921,47.57585],[-122.29662,47.57607]]]}},{"type":"Feature","properties":{"i":2193},"geometry":{"type":"Polygon","coordinates":[[[-122.2909,47.60531],[-122.28971,47.60685],[-122.2911,47.60816],[-122.29369,47.60793],[-122.29489,47.60639],[-122.29349,47.60508],[-122.2909,47.60531]]]}},{"type":"Feature","properties":{"i":2194},"geometry":{"type":"Polygon","coordinates":[[[-122.27229,47.56383],[-122.2711,47.56537],[-122.2725,47.56669],[-122.27508,47.56646],[-122.27628,47.56492],[-122.27488,47.5636],[-122.27229,47.56383]]]}},{"type":"Feature","properties":{"i":2195},"geometry":{"type":"Polygon","coordinates":[[[-122.26065,47.51021],[-122.25946,47.51175],[-122.26085,47.51307],[-122.26344,47.51284],[-122.26463,47.5113],[-122.26324,47.50998],[-122.26065,47.51021]]]}},{"type":"Feature","properties":{"i":2196},"geometry":{"type":"Polygon","coordinates":[[[-122.35398,47.72031],[-122.35278,47.72185],[-122.35418,47.72316],[-122.35678,47.72293],[-122.35797,47.72139],[-122.35657,47.72008],[-122.35398,47.72031]]]}},{"type":"Feature","properties":{"i":2197},"geometry":{"type":"Polygon","coordinates":[[[-122.32198,47.60258],[-122.32079,47.60412],[-122.32218,47.60543],[-122.32477,47.60521],[-122.32597,47.60367],[-122.32457,47.60235],[-122.32198,47.60258]]]}},{"type":"Feature","properties":{"i":2198},"geometry":{"type":"Polygon","coordinates":[[[-122.31166,47.62216],[-122.31047,47.6237],[-122.31187,47.62501],[-122.31446,47.62478],[-122.31565,47.62324],[-122.31425,47.62193],[-122.31166,47.62216]]]}},{"type":"Feature","properties":{"i":2199},"geometry":{"type":"Polygon","coordinates":[[[-122.3057,47.53934],[-122.30451,47.54089],[-122.30591,47.5422],[-122.3085,47.54197],[-122.30969,47.54043],[-122.30829,47.53912],[-122.3057,47.53934]]]}},{"type":"Feature","properties":{"i":2200},"geometry":{"type":"Polygon","coordinates":[[[-122.27648,47.67691],[-122.27528,47.67845],[-122.27668,47.67977],[-122.27927,47.67954],[-122.28047,47.678],[-122.27907,47.67669],[-122.27648,47.67691]]]}},{"type":"Feature","properties":{"i":2201},"geometry":{"type":"Polygon","coordinates":[[[-122.33484,47.72629],[-122.33364,47.72783],[-122.33504,47.72914],[-122.33764,47.72891],[-122.33883,47.72738],[-122.33743,47.72607],[-122.33484,47.72629]]]}},{"type":"Feature","properties":{"i":2202},"geometry":{"type":"Polygon","coordinates":[[[-122.37315,47.66124],[-122.37196,47.66278],[-122.37336,47.66409],[-122.37595,47.66386],[-122.37714,47.66232],[-122.37574,47.66101],[-122.37315,47.66124]]]}},{"type":"Feature","properties":{"i":2203},"geometry":{"type":"Polygon","coordinates":[[[-122.30512,47.63996],[-122.30393,47.6415],[-122.30533,47.64281],[-122.30792,47.64258],[-122.30911,47.64104],[-122.30771,47.63973],[-122.30512,47.63996]]]}},{"type":"Feature","properties":{"i":2204},"geometry":{"type":"Polygon","coordinates":[[[-122.35031,47.61588],[-122.34911,47.61743],[-122.35051,47.61874],[-122.3531,47.61851],[-122.35429,47.61697],[-122.35289,47.61566],[-122.35031,47.61588]]]}},{"type":"Feature","properties":{"i":2205},"geometry":{"type":"Polygon","coordinates":[[[-122.338,47.71598],[-122.33681,47.71752],[-122.33821,47.71883],[-122.3408,47.7186],[-122.342,47.71706],[-122.3406,47.71575],[-122.338,47.71598]]]}},{"type":"Feature","properties":{"i":2206},"geometry":{"type":"Polygon","coordinates":[[[-122.34309,47.67824],[-122.3419,47.67978],[-122.3433,47.68109],[-122.34589,47.68086],[-122.34708,47.67932],[-122.34569,47.67801],[-122.34309,47.67824]]]}},{"type":"Feature","properties":{"i":2207},"geometry":{"type":"Polygon","coordinates":[[[-122.31861,47.61006],[-122.31742,47.6116],[-122.31881,47.61291],[-122.3214,47.61268],[-122.3226,47.61114],[-122.3212,47.60983],[-122.31861,47.61006]]]}},{"type":"Feature","properties":{"i":2208},"geometry":{"type":"Polygon","coordinates":[[[-122.31137,47.67242],[-122.31018,47.67396],[-122.31158,47.67527],[-122.31417,47.67504],[-122.31536,47.6735],[-122.31396,47.67219],[-122.31137,47.67242]]]}},{"type":"Feature","properties":{"i":2209},"geometry":{"type":"Polygon","coordinates":[[[-122.25891,47.54056],[-122.25771,47.5421],[-122.25911,47.54342],[-122.2617,47.54319],[-122.26289,47.54165],[-122.2615,47.54034],[-122.25891,47.54056]]]}},{"type":"Feature","properties":{"i":2210},"geometry":{"type":"Polygon","coordinates":[[[-122.28548,47.58423],[-122.28428,47.58577],[-122.28568,47.58709],[-122.28827,47.58686],[-122.28946,47.58532],[-122.28807,47.58401],[-122.28548,47.58423]]]}},{"type":"Feature","properties":{"i":2211},"geometry":{"type":"Polygon","coordinates":[[[-122.32507,47.64538],[-122.32388,47.64692],[-122.32527,47.64824],[-122.32787,47.64801],[-122.32906,47.64647],[-122.32766,47.64516],[-122.32507,47.64538]]]}},{"type":"Feature","properties":{"i":2212},"geometry":{"type":"Polygon","coordinates":[[[-122.33965,47.57661],[-122.33845,47.57815],[-122.33985,47.57946],[-122.34244,47.57923],[-122.34363,47.57769],[-122.34223,47.57638],[-122.33965,47.57661]]]}},{"type":"Feature","properties":{"i":2213},"geometry":{"type":"Polygon","coordinates":[[[-122.31783,47.70771],[-122.31664,47.70925],[-122.31804,47.71057],[-122.32063,47.71034],[-122.32183,47.7088],[-122.32043,47.70749],[-122.31783,47.70771]]]}},{"type":"Feature","properties":{"i":2214},"geometry":{"type":"Polygon","coordinates":[[[-122.30948,47.53758],[-122.30829,47.53912],[-122.30969,47.54043],[-122.31228,47.54021],[-122.31347,47.53866],[-122.31207,47.53735],[-122.30948,47.53758]]]}},{"type":"Feature","properties":{"i":2215},"geometry":{"type":"Polygon","coordinates":[[[-122.28456,47.62597],[-122.28337,47.62751],[-122.28476,47.62882],[-122.28736,47.62859],[-122.28855,47.62705],[-122.28715,47.62574],[-122.28456,47.62597]]]}},{"type":"Feature","properties":{"i":2216},"geometry":{"type":"Polygon","coordinates":[[[-122.38658,47.68444],[-122.38539,47.68598],[-122.38679,47.68729],[-122.38938,47.68706],[-122.39057,47.68552],[-122.38917,47.68421],[-122.38658,47.68444]]]}},{"type":"Feature","properties":{"i":2217},"geometry":{"type":"Polygon","coordinates":[[[-122.29336,47.63955],[-122.29216,47.64109],[-122.29356,47.64241],[-122.29615,47.64218],[-122.29735,47.64064],[-122.29595,47.63933],[-122.29336,47.63955]]]}},{"type":"Feature","properties":{"i":2218},"geometry":{"type":"Polygon","coordinates":[[[-122.2861,47.70189],[-122.28491,47.70343],[-122.2863,47.70474],[-122.2889,47.70452],[-122.29009,47.70298],[-122.28869,47.70167],[-122.2861,47.70189]]]}},{"type":"Feature","properties":{"i":2219},"geometry":{"type":"Polygon","coordinates":[[[-122.28733,47.719],[-122.28614,47.72053],[-122.28753,47.72185],[-122.29013,47.72162],[-122.29132,47.72008],[-122.28992,47.71877],[-122.28733,47.719]]]}},{"type":"Feature","properties":{"i":2220},"geometry":{"type":"Polygon","coordinates":[[[-122.28517,47.52533],[-122.28398,47.52687],[-122.28537,47.52818],[-122.28796,47.52796],[-122.28915,47.52642],[-122.28775,47.5251],[-122.28517,47.52533]]]}},{"type":"Feature","properties":{"i":2221},"geometry":{"type":"Polygon","coordinates":[[[-122.39119,47.69407],[-122.39,47.69561],[-122.3914,47.69692],[-122.39399,47.69669],[-122.39518,47.69515],[-122.39378,47.69384],[-122.39119,47.69407]]]}},{"type":"Feature","properties":{"i":2222},"geometry":{"type":"Polygon","coordinates":[[[-122.35486,47.67864],[-122.35367,47.68018],[-122.35507,47.68149],[-122.35766,47.68126],[-122.35885,47.67972],[-122.35745,47.67841],[-122.35486,47.67864]]]}},{"type":"Feature","properties":{"i":2223},"geometry":{"type":"Polygon","coordinates":[[[-122.32479,47.69563],[-122.3236,47.69717],[-122.32499,47.69848],[-122.32759,47.69825],[-122.32878,47.69671],[-122.32738,47.6954],[-122.32479,47.69563]]]}},{"type":"Feature","properties":{"i":2224},"geometry":{"type":"Polygon","coordinates":[[[-122.28425,47.5671],[-122.28306,47.56864],[-122.28445,47.56995],[-122.28704,47.56973],[-122.28824,47.56818],[-122.28684,47.56687],[-122.28425,47.5671]]]}},{"type":"Feature","properties":{"i":2225},"geometry":{"type":"Polygon","coordinates":[[[-122.41284,47.6692],[-122.41165,47.67074],[-122.41305,47.67205],[-122.41564,47.67182],[-122.41683,47.67028],[-122.41543,47.66897],[-122.41284,47.6692]]]}},{"type":"Feature","properties":{"i":2226},"geometry":{"type":"Polygon","coordinates":[[[-122.29306,47.68981],[-122.29187,47.69135],[-122.29326,47.69266],[-122.29586,47.69243],[-122.29705,47.69089],[-122.29565,47.68958],[-122.29306,47.68981]]]}},{"type":"Feature","properties":{"i":2227},"geometry":{"type":"Polygon","coordinates":[[[-122.26851,47.5656],[-122.26732,47.56714],[-122.26871,47.56845],[-122.2713,47.56823],[-122.2725,47.56669],[-122.2711,47.56537],[-122.26851,47.5656]]]}},{"type":"Feature","properties":{"i":2228},"geometry":{"type":"Polygon","coordinates":[[[-122.32136,47.59402],[-122.32017,47.59556],[-122.32157,47.59687],[-122.32416,47.59664],[-122.32535,47.5951],[-122.32395,47.59379],[-122.32136,47.59402]]]}},{"type":"Feature","properties":{"i":2229},"geometry":{"type":"Polygon","coordinates":[[[-122.3191,47.5626],[-122.31791,47.56415],[-122.3193,47.56546],[-122.32189,47.56523],[-122.32308,47.56369],[-122.32169,47.56238],[-122.3191,47.5626]]]}},{"type":"Feature","properties":{"i":2230},"geometry":{"type":"Polygon","coordinates":[[[-122.29477,47.55036],[-122.29358,47.55191],[-122.29498,47.55322],[-122.29757,47.553],[-122.29876,47.55145],[-122.29736,47.55014],[-122.29477,47.55036]]]}},{"type":"Feature","properties":{"i":2231},"geometry":{"type":"Polygon","coordinates":[[[-122.31964,47.62433],[-122.31845,47.62587],[-122.31984,47.62718],[-122.32243,47.62695],[-122.32363,47.62541],[-122.32223,47.6241],[-122.31964,47.62433]]]}},{"type":"Feature","properties":{"i":2232},"geometry":{"type":"Polygon","coordinates":[[[-122.28446,47.67908],[-122.28327,47.68062],[-122.28467,47.68194],[-122.28726,47.68171],[-122.28845,47.68017],[-122.28705,47.67886],[-122.28446,47.67908]]]}},{"type":"Feature","properties":{"i":2233},"geometry":{"type":"Polygon","coordinates":[[[-122.33511,47.67607],[-122.33392,47.67761],[-122.33532,47.67892],[-122.33791,47.6787],[-122.3391,47.67716],[-122.3377,47.67584],[-122.33511,47.67607]]]}},{"type":"Feature","properties":{"i":2234},"geometry":{"type":"Polygon","coordinates":[[[-122.29744,47.5875],[-122.29625,47.58904],[-122.29764,47.59035],[-122.30023,47.59012],[-122.30143,47.58858],[-122.30003,47.58727],[-122.29744,47.5875]]]}},{"type":"Feature","properties":{"i":2235},"geometry":{"type":"Polygon","coordinates":[[[-122.31076,47.66386],[-122.30956,47.6654],[-122.31096,47.66672],[-122.31355,47.66649],[-122.31475,47.66495],[-122.31335,47.66364],[-122.31076,47.66386]]]}},{"type":"Feature","properties":{"i":2236},"geometry":{"type":"Polygon","coordinates":[[[-122.27883,47.54601],[-122.27764,47.54755],[-122.27904,47.54887],[-122.28163,47.54864],[-122.28282,47.5471],[-122.28142,47.54578],[-122.27883,47.54601]]]}},{"type":"Feature","properties":{"i":2237},"geometry":{"type":"Polygon","coordinates":[[[-122.29511,47.71831],[-122.29392,47.71985],[-122.29532,47.72116],[-122.29791,47.72094],[-122.2991,47.7194],[-122.29771,47.71809],[-122.29511,47.71831]]]}},{"type":"Feature","properties":{"i":2238},"geometry":{"type":"Polygon","coordinates":[[[-122.39563,47.64777],[-122.39444,47.64931],[-122.39584,47.65062],[-122.39843,47.65039],[-122.39962,47.64885],[-122.39822,47.64754],[-122.39563,47.64777]]]}},{"type":"Feature","properties":{"i":2239},"geometry":{"type":"Polygon","coordinates":[[[-122.24894,47.67501],[-122.24775,47.67655],[-122.24915,47.67787],[-122.25174,47.67764],[-122.25294,47.6761],[-122.25154,47.67479],[-122.24894,47.67501]]]}},{"type":"Feature","properties":{"i":2240},"geometry":{"type":"Polygon","coordinates":[[[-122.36051,47.70252],[-122.35932,47.70406],[-122.36072,47.70537],[-122.36331,47.70514],[-122.3645,47.7036],[-122.3631,47.70229],[-122.36051,47.70252]]]}},{"type":"Feature","properties":{"i":2241},"geometry":{"type":"Polygon","coordinates":[[[-122.33587,47.57837],[-122.33467,47.57992],[-122.33607,47.58123],[-122.33866,47.581],[-122.33985,47.57946],[-122.33845,47.57815],[-122.33587,47.57837]]]}},{"type":"Feature","properties":{"i":2242},"geometry":{"type":"Polygon","coordinates":[[[-122.30134,47.64173],[-122.30014,47.64327],[-122.30154,47.64458],[-122.30413,47.64435],[-122.30533,47.64281],[-122.30393,47.6415],[-122.30134,47.64173]]]}},{"type":"Feature","properties":{"i":2243},"geometry":{"type":"Polygon","coordinates":[[[-122.29408,47.70406],[-122.29289,47.7056],[-122.29429,47.70691],[-122.29688,47.70669],[-122.29808,47.70515],[-122.29668,47.70384],[-122.29408,47.70406]]]}},{"type":"Feature","properties":{"i":2244},"geometry":{"type":"Polygon","coordinates":[[[-122.37041,47.67726],[-122.36922,47.6788],[-122.37061,47.68011],[-122.37321,47.67989],[-122.3744,47.67835],[-122.373,47.67703],[-122.37041,47.67726]]]}},{"type":"Feature","properties":{"i":2245},"geometry":{"type":"Polygon","coordinates":[[[-122.35196,47.63871],[-122.35077,47.64025],[-122.35217,47.64156],[-122.35476,47.64133],[-122.35595,47.63979],[-122.35455,47.63848],[-122.35196,47.63871]]]}},{"type":"Feature","properties":{"i":2246},"geometry":{"type":"Polygon","coordinates":[[[-122.33525,47.73199],[-122.33406,47.73353],[-122.33546,47.73484],[-122.33805,47.73461],[-122.33924,47.73307],[-122.33784,47.73176],[-122.33525,47.73199]]]}},{"type":"Feature","properties":{"i":2247},"geometry":{"type":"Polygon","coordinates":[[[-122.34475,47.70104],[-122.34356,47.70258],[-122.34496,47.70389],[-122.34755,47.70367],[-122.34874,47.70213],[-122.34734,47.70082],[-122.34475,47.70104]]]}},{"type":"Feature","properties":{"i":2248},"geometry":{"type":"Polygon","coordinates":[[[-122.29222,47.56927],[-122.29103,47.57081],[-122.29243,47.57213],[-122.29502,47.5719],[-122.29621,47.57036],[-122.29481,47.56905],[-122.29222,47.56927]]]}},{"type":"Feature","properties":{"i":2249},"geometry":{"type":"Polygon","coordinates":[[[-122.30706,47.61251],[-122.30586,47.61405],[-122.30726,47.61536],[-122.30985,47.61513],[-122.31104,47.61359],[-122.30965,47.61228],[-122.30706,47.61251]]]}},{"type":"Feature","properties":{"i":2250},"geometry":{"type":"Polygon","coordinates":[[[-122.32761,47.6265],[-122.32642,47.62804],[-122.32782,47.62935],[-122.33041,47.62912],[-122.3316,47.62758],[-122.33021,47.62627],[-122.32761,47.6265]]]}},{"type":"Feature","properties":{"i":2251},"geometry":{"type":"Polygon","coordinates":[[[-122.32038,47.68884],[-122.31919,47.69038],[-122.32059,47.6917],[-122.32318,47.69147],[-122.32438,47.68993],[-122.32298,47.68862],[-122.32038,47.68884]]]}},{"type":"Feature","properties":{"i":2252},"geometry":{"type":"Polygon","coordinates":[[[-122.37735,47.66517],[-122.37616,47.66671],[-122.37756,47.66802],[-122.38015,47.66779],[-122.38134,47.66625],[-122.37994,47.66494],[-122.37735,47.66517]]]}},{"type":"Feature","properties":{"i":2253},"geometry":{"type":"Polygon","coordinates":[[[-122.27679,47.51743],[-122.2756,47.51897],[-122.27699,47.52029],[-122.27958,47.52006],[-122.28077,47.51852],[-122.27938,47.5172],[-122.27679,47.51743]]]}},{"type":"Feature","properties":{"i":2254},"geometry":{"type":"Polygon","coordinates":[[[-122.37015,47.72748],[-122.36896,47.72902],[-122.37036,47.73033],[-122.37296,47.7301],[-122.37415,47.72856],[-122.37275,47.72725],[-122.37015,47.72748]]]}},{"type":"Feature","properties":{"i":2255},"geometry":{"type":"Polygon","coordinates":[[[-122.31758,47.59578],[-122.31639,47.59733],[-122.31779,47.59864],[-122.32038,47.59841],[-122.32157,47.59687],[-122.32017,47.59556],[-122.31758,47.59578]]]}},{"type":"Feature","properties":{"i":2256},"geometry":{"type":"Polygon","coordinates":[[[-122.31848,47.55404],[-122.31729,47.55558],[-122.31869,47.55689],[-122.32127,47.55666],[-122.32247,47.55512],[-122.32107,47.55381],[-122.31848,47.55404]]]}},{"type":"Feature","properties":{"i":2257},"geometry":{"type":"Polygon","coordinates":[[[-122.25626,47.5034],[-122.25507,47.50494],[-122.25646,47.50626],[-122.25905,47.50603],[-122.26024,47.50449],[-122.25885,47.50318],[-122.25626,47.5034]]]}},{"type":"Feature","properties":{"i":2258},"geometry":{"type":"Polygon","coordinates":[[[-122.33683,47.64578],[-122.33564,47.64732],[-122.33704,47.64864],[-122.33963,47.64841],[-122.34082,47.64687],[-122.33942,47.64556],[-122.33683,47.64578]]]}},{"type":"Feature","properties":{"i":2259},"geometry":{"type":"Polygon","coordinates":[[[-122.2645,47.67366],[-122.26331,47.6752],[-122.26471,47.67651],[-122.2673,47.67628],[-122.26849,47.67474],[-122.2671,47.67343],[-122.2645,47.67366]]]}},{"type":"Feature","properties":{"i":2260},"geometry":{"type":"Polygon","coordinates":[[[-122.25248,47.50517],[-122.25129,47.50671],[-122.25268,47.50803],[-122.25527,47.5078],[-122.25646,47.50626],[-122.25507,47.50494],[-122.25248,47.50517]]]}},{"type":"Feature","properties":{"i":2261},"geometry":{"type":"Polygon","coordinates":[[[-122.30726,47.61536],[-122.30607,47.6169],[-122.30747,47.61822],[-122.31006,47.61799],[-122.31125,47.61645],[-122.30985,47.61513],[-122.30726,47.61536]]]}},{"type":"Feature","properties":{"i":2262},"geometry":{"type":"Polygon","coordinates":[[[-122.36875,47.65445],[-122.36755,47.65599],[-122.36895,47.6573],[-122.37154,47.65708],[-122.37274,47.65554],[-122.37134,47.65422],[-122.36875,47.65445]]]}},{"type":"Feature","properties":{"i":2263},"geometry":{"type":"Polygon","coordinates":[[[-122.34212,47.61086],[-122.34093,47.6124],[-122.34233,47.61372],[-122.34492,47.61349],[-122.34611,47.61195],[-122.34471,47.61063],[-122.34212,47.61086]]]}},{"type":"Feature","properties":{"i":2264},"geometry":{"type":"Polygon","coordinates":[[[-122.30697,47.66563],[-122.30578,47.66717],[-122.30718,47.66848],[-122.30977,47.66826],[-122.31096,47.66672],[-122.30956,47.6654],[-122.30697,47.66563]]]}},{"type":"Feature","properties":{"i":2265},"geometry":{"type":"Polygon","coordinates":[[[-122.3033,47.72333],[-122.30211,47.72487],[-122.30351,47.72618],[-122.3061,47.72595],[-122.3073,47.72441],[-122.3059,47.7231],[-122.3033,47.72333]]]}},{"type":"Feature","properties":{"i":2266},"geometry":{"type":"Polygon","coordinates":[[[-122.26647,47.53703],[-122.26528,47.53857],[-122.26667,47.53988],[-122.26926,47.53966],[-122.27045,47.53812],[-122.26906,47.5368],[-122.26647,47.53703]]]}},{"type":"Feature","properties":{"i":2267},"geometry":{"type":"Polygon","coordinates":[[[-122.39501,47.63921],[-122.39382,47.64075],[-122.39521,47.64207],[-122.3978,47.64184],[-122.39899,47.6403],[-122.3976,47.63898],[-122.39501,47.63921]]]}},{"type":"Feature","properties":{"i":2268},"geometry":{"type":"Polygon","coordinates":[[[-122.34123,47.65257],[-122.34004,47.65411],[-122.34144,47.65543],[-122.34403,47.6552],[-122.34522,47.65366],[-122.34382,47.65235],[-122.34123,47.65257]]]}},{"type":"Feature","properties":{"i":2269},"geometry":{"type":"Polygon","coordinates":[[[-122.26801,47.50381],[-122.26681,47.50536],[-122.26821,47.50667],[-122.2708,47.50645],[-122.27199,47.50491],[-122.27059,47.50359],[-122.26801,47.50381]]]}},{"type":"Feature","properties":{"i":2270},"geometry":{"type":"Polygon","coordinates":[[[-122.32789,47.5762],[-122.3267,47.57774],[-122.3281,47.57906],[-122.33069,47.57883],[-122.33188,47.57729],[-122.33048,47.57597],[-122.32789,47.5762]]]}},{"type":"Feature","properties":{"i":2271},"geometry":{"type":"Polygon","coordinates":[[[-122.30606,47.70731],[-122.30487,47.70885],[-122.30627,47.71017],[-122.30886,47.70994],[-122.31006,47.7084],[-122.30866,47.70709],[-122.30606,47.70731]]]}},{"type":"Feature","properties":{"i":2272},"geometry":{"type":"Polygon","coordinates":[[[-122.27893,47.71113],[-122.27774,47.71267],[-122.27914,47.71398],[-122.28173,47.71375],[-122.28293,47.71221],[-122.28153,47.7109],[-122.27893,47.71113]]]}},{"type":"Feature","properties":{"i":2273},"geometry":{"type":"Polygon","coordinates":[[[-122.28016,47.61917],[-122.27897,47.62071],[-122.28037,47.62203],[-122.28296,47.6218],[-122.28415,47.62026],[-122.28275,47.61895],[-122.28016,47.61917]]]}},{"type":"Feature","properties":{"i":2274},"geometry":{"type":"Polygon","coordinates":[[[-122.31688,47.64036],[-122.31569,47.6419],[-122.31709,47.64321],[-122.31968,47.64299],[-122.32087,47.64145],[-122.31947,47.64013],[-122.31688,47.64036]]]}},{"type":"Feature","properties":{"i":2275},"geometry":{"type":"Polygon","coordinates":[[[-122.3847,47.65878],[-122.38351,47.66032],[-122.38491,47.66163],[-122.3875,47.6614],[-122.38869,47.65986],[-122.38729,47.65855],[-122.3847,47.65878]]]}},{"type":"Feature","properties":{"i":2276},"geometry":{"type":"Polygon","coordinates":[[[-122.2817,47.69511],[-122.2805,47.69665],[-122.2819,47.69796],[-122.2845,47.69773],[-122.28569,47.69619],[-122.28429,47.69488],[-122.2817,47.69511]]]}},{"type":"Feature","properties":{"i":2277},"geometry":{"type":"Polygon","coordinates":[[[-122.30131,47.53254],[-122.30012,47.53408],[-122.30151,47.5354],[-122.3041,47.53517],[-122.30529,47.53363],[-122.3039,47.53231],[-122.30131,47.53254]]]}},{"type":"Feature","properties":{"i":2278},"geometry":{"type":"Polygon","coordinates":[[[-122.37839,47.67943],[-122.3772,47.68097],[-122.3786,47.68228],[-122.38119,47.68205],[-122.38238,47.68051],[-122.38098,47.6792],[-122.37839,47.67943]]]}},{"type":"Feature","properties":{"i":2279},"geometry":{"type":"Polygon","coordinates":[[[-122.27586,47.66836],[-122.27467,47.6699],[-122.27607,47.67121],[-122.27866,47.67098],[-122.27985,47.66944],[-122.27846,47.66813],[-122.27586,47.66836]]]}},{"type":"Feature","properties":{"i":2280},"geometry":{"type":"Polygon","coordinates":[[[-122.3675,47.63734],[-122.36631,47.63888],[-122.36771,47.64019],[-122.3703,47.63996],[-122.37149,47.63842],[-122.37009,47.63711],[-122.3675,47.63734]]]}},{"type":"Feature","properties":{"i":2281},"geometry":{"type":"Polygon","coordinates":[[[-122.33236,47.69209],[-122.33117,47.69363],[-122.33257,47.69495],[-122.33516,47.69472],[-122.33635,47.69318],[-122.33495,47.69187],[-122.33236,47.69209]]]}},{"type":"Feature","properties":{"i":2282},"geometry":{"type":"Polygon","coordinates":[[[-122.30776,47.56791],[-122.30656,47.56945],[-122.30796,47.57077],[-122.31055,47.57054],[-122.31174,47.569],[-122.31035,47.56768],[-122.30776,47.56791]]]}},{"type":"Feature","properties":{"i":2283},"geometry":{"type":"Polygon","coordinates":[[[-122.30644,47.60394],[-122.30525,47.60549],[-122.30664,47.6068],[-122.30923,47.60657],[-122.31043,47.60503],[-122.30903,47.60372],[-122.30644,47.60394]]]}},{"type":"Feature","properties":{"i":2284},"geometry":{"type":"Polygon","coordinates":[[[-122.32383,47.62827],[-122.32264,47.62981],[-122.32404,47.63112],[-122.32663,47.63089],[-122.32782,47.62935],[-122.32642,47.62804],[-122.32383,47.62827]]]}},{"type":"Feature","properties":{"i":2285},"geometry":{"type":"Polygon","coordinates":[[[-122.3166,47.69061],[-122.31541,47.69215],[-122.3168,47.69346],[-122.3194,47.69323],[-122.32059,47.6917],[-122.31919,47.69038],[-122.3166,47.69061]]]}},{"type":"Feature","properties":{"i":2286},"geometry":{"type":"Polygon","coordinates":[[[-122.27607,47.56206],[-122.27488,47.5636],[-122.27628,47.56492],[-122.27887,47.56469],[-122.28006,47.56315],[-122.27866,47.56184],[-122.27607,47.56206]]]}},{"type":"Feature","properties":{"i":2287},"geometry":{"type":"Polygon","coordinates":[[[-122.40465,47.66419],[-122.40346,47.66573],[-122.40486,47.66704],[-122.40745,47.66681],[-122.40864,47.66527],[-122.40724,47.66396],[-122.40465,47.66419]]]}},{"type":"Feature","properties":{"i":2288},"geometry":{"type":"Polygon","coordinates":[[[-122.27618,47.50885],[-122.27499,47.5104],[-122.27638,47.51171],[-122.27897,47.51149],[-122.28016,47.50994],[-122.27877,47.50863],[-122.27618,47.50885]]]}},{"type":"Feature","properties":{"i":2289},"geometry":{"type":"Polygon","coordinates":[[[-122.36953,47.71893],[-122.36834,47.72047],[-122.36974,47.72178],[-122.37233,47.72155],[-122.37352,47.72001],[-122.37212,47.7187],[-122.36953,47.71893]]]}},{"type":"Feature","properties":{"i":2290},"geometry":{"type":"Polygon","coordinates":[[[-122.33752,47.60121],[-122.33632,47.60275],[-122.33772,47.60407],[-122.34031,47.60384],[-122.3415,47.6023],[-122.34011,47.60099],[-122.33752,47.60121]]]}},{"type":"Feature","properties":{"i":2291},"geometry":{"type":"Polygon","coordinates":[[[-122.32685,47.72413],[-122.32566,47.72567],[-122.32706,47.72698],[-122.32965,47.72675],[-122.33084,47.72521],[-122.32944,47.7239],[-122.32685,47.72413]]]}},{"type":"Feature","properties":{"i":2292},"geometry":{"type":"Polygon","coordinates":[[[-122.29767,47.69945],[-122.29647,47.70098],[-122.29787,47.7023],[-122.30047,47.70207],[-122.30166,47.70053],[-122.30026,47.69922],[-122.29767,47.69945]]]}},{"type":"Feature","properties":{"i":2293},"geometry":{"type":"Polygon","coordinates":[[[-122.3147,47.5558],[-122.31351,47.55735],[-122.31491,47.55866],[-122.31749,47.55843],[-122.31869,47.55689],[-122.31729,47.55558],[-122.3147,47.5558]]]}},{"type":"Feature","properties":{"i":2294},"geometry":{"type":"Polygon","coordinates":[[[-122.27607,47.67121],[-122.27487,47.67275],[-122.27627,47.67406],[-122.27887,47.67383],[-122.28006,47.6723],[-122.27866,47.67098],[-122.27607,47.67121]]]}},{"type":"Feature","properties":{"i":2295},"geometry":{"type":"Polygon","coordinates":[[[-122.28302,47.54996],[-122.28183,47.5515],[-122.28323,47.55281],[-122.28582,47.55259],[-122.28701,47.55104],[-122.28561,47.54973],[-122.28302,47.54996]]]}},{"type":"Feature","properties":{"i":2296},"geometry":{"type":"Polygon","coordinates":[[[-122.32582,47.70988],[-122.32463,47.71142],[-122.32603,47.71273],[-122.32862,47.7125],[-122.32981,47.71096],[-122.32841,47.70965],[-122.32582,47.70988]]]}},{"type":"Feature","properties":{"i":2297},"geometry":{"type":"Polygon","coordinates":[[[-122.28905,47.57961],[-122.28786,47.58115],[-122.28926,47.58246],[-122.29185,47.58224],[-122.29304,47.5807],[-122.29164,47.57938],[-122.28905,47.57961]]]}},{"type":"Feature","properties":{"i":2298},"geometry":{"type":"Polygon","coordinates":[[[-122.35781,47.66546],[-122.35662,47.667],[-122.35802,47.66831],[-122.36061,47.66809],[-122.3618,47.66655],[-122.3604,47.66523],[-122.35781,47.66546]]]}},{"type":"Feature","properties":{"i":2299},"geometry":{"type":"Polygon","coordinates":[[[-122.38384,47.70046],[-122.38264,47.702],[-122.38404,47.70331],[-122.38664,47.70308],[-122.38783,47.70154],[-122.38643,47.70023],[-122.38384,47.70046]]]}},{"type":"Feature","properties":{"i":2300},"geometry":{"type":"Polygon","coordinates":[[[-122.40843,47.66242],[-122.40724,47.66396],[-122.40864,47.66527],[-122.41123,47.66504],[-122.41242,47.6635],[-122.41102,47.66219],[-122.40843,47.66242]]]}},{"type":"Feature","properties":{"i":2301},"geometry":{"type":"Polygon","coordinates":[[[-122.33415,47.60869],[-122.33296,47.61023],[-122.33435,47.61155],[-122.33694,47.61132],[-122.33814,47.60978],[-122.33674,47.60846],[-122.33415,47.60869]]]}},{"type":"Feature","properties":{"i":2302},"geometry":{"type":"Polygon","coordinates":[[[-122.35211,47.69466],[-122.35092,47.6962],[-122.35232,47.69751],[-122.35491,47.69728],[-122.3561,47.69574],[-122.3547,47.69443],[-122.35211,47.69466]]]}},{"type":"Feature","properties":{"i":2303},"geometry":{"type":"Polygon","coordinates":[[[-122.31887,47.72196],[-122.31767,47.7235],[-122.31907,47.72481],[-122.32166,47.72459],[-122.32286,47.72305],[-122.32146,47.72174],[-122.31887,47.72196]]]}},{"type":"Feature","properties":{"i":2304},"geometry":{"type":"Polygon","coordinates":[[[-122.27444,47.53921],[-122.27325,47.54075],[-122.27464,47.54206],[-122.27723,47.54184],[-122.27842,47.5403],[-122.27703,47.53898],[-122.27444,47.53921]]]}},{"type":"Feature","properties":{"i":2305},"geometry":{"type":"Polygon","coordinates":[[[-122.39123,47.64098],[-122.39003,47.64252],[-122.39143,47.64384],[-122.39402,47.64361],[-122.39521,47.64207],[-122.39382,47.64075],[-122.39123,47.64098]]]}},{"type":"Feature","properties":{"i":2306},"geometry":{"type":"Polygon","coordinates":[[[-122.26423,47.50558],[-122.26304,47.50713],[-122.26443,47.50844],[-122.26702,47.50822],[-122.26821,47.50667],[-122.26681,47.50536],[-122.26423,47.50558]]]}},{"type":"Feature","properties":{"i":2307},"geometry":{"type":"Polygon","coordinates":[[[-122.32501,47.53621],[-122.32382,47.53775],[-122.32522,47.53907],[-122.3278,47.53884],[-122.32899,47.5373],[-122.3276,47.53598],[-122.32501,47.53621]]]}},{"type":"Feature","properties":{"i":2308},"geometry":{"type":"Polygon","coordinates":[[[-122.39036,47.68267],[-122.38917,47.68421],[-122.39057,47.68552],[-122.39316,47.68529],[-122.39435,47.68375],[-122.39295,47.68244],[-122.39036,47.68267]]]}},{"type":"Feature","properties":{"i":2309},"geometry":{"type":"Polygon","coordinates":[[[-122.36009,47.69682],[-122.3589,47.69836],[-122.3603,47.69967],[-122.36289,47.69944],[-122.36409,47.6979],[-122.36269,47.69659],[-122.36009,47.69682]]]}},{"type":"Feature","properties":{"i":2310},"geometry":{"type":"Polygon","coordinates":[[[-122.366,47.67048],[-122.36481,47.67202],[-122.36621,47.67333],[-122.3688,47.6731],[-122.36999,47.67156],[-122.36859,47.67025],[-122.366,47.67048]]]}},{"type":"Feature","properties":{"i":2311},"geometry":{"type":"Polygon","coordinates":[[[-122.32321,47.6197],[-122.32202,47.62125],[-122.32342,47.62256],[-122.32601,47.62233],[-122.3272,47.62079],[-122.3258,47.61948],[-122.32321,47.6197]]]}},{"type":"Feature","properties":{"i":2312},"geometry":{"type":"Polygon","coordinates":[[[-122.37548,47.63951],[-122.37429,47.64105],[-122.37569,47.64236],[-122.37828,47.64213],[-122.37947,47.64059],[-122.37807,47.63928],[-122.37548,47.63951]]]}},{"type":"Feature","properties":{"i":2313},"geometry":{"type":"Polygon","coordinates":[[[-122.34034,47.69426],[-122.33915,47.6958],[-122.34055,47.69711],[-122.34314,47.69688],[-122.34433,47.69534],[-122.34294,47.69403],[-122.34034,47.69426]]]}},{"type":"Feature","properties":{"i":2314},"geometry":{"type":"Polygon","coordinates":[[[-122.30266,47.60571],[-122.30146,47.60725],[-122.30286,47.60857],[-122.30545,47.60834],[-122.30664,47.6068],[-122.30525,47.60549],[-122.30266,47.60571]]]}},{"type":"Feature","properties":{"i":2315},"geometry":{"type":"Polygon","coordinates":[[[-122.41662,47.66743],[-122.41543,47.66897],[-122.41683,47.67028],[-122.41942,47.67005],[-122.42061,47.66851],[-122.41921,47.6672],[-122.41662,47.66743]]]}},{"type":"Feature","properties":{"i":2316},"geometry":{"type":"Polygon","coordinates":[[[-122.34378,47.63369],[-122.34258,47.63523],[-122.34398,47.63654],[-122.34657,47.63631],[-122.34776,47.63477],[-122.34637,47.63346],[-122.34378,47.63369]]]}},{"type":"Feature","properties":{"i":2317},"geometry":{"type":"Polygon","coordinates":[[[-122.30862,47.68844],[-122.30742,47.68998],[-122.30882,47.69129],[-122.31141,47.69107],[-122.31261,47.68953],[-122.31121,47.68822],[-122.30862,47.68844]]]}},{"type":"Feature","properties":{"i":2318},"geometry":{"type":"Polygon","coordinates":[[[-122.28405,47.56424],[-122.28285,47.56578],[-122.28425,47.5671],[-122.28684,47.56687],[-122.28803,47.56533],[-122.28663,47.56401],[-122.28405,47.56424]]]}},{"type":"Feature","properties":{"i":2319},"geometry":{"type":"Polygon","coordinates":[[[-122.2724,47.51062],[-122.27121,47.51217],[-122.2726,47.51348],[-122.27519,47.51326],[-122.27638,47.51171],[-122.27499,47.5104],[-122.2724,47.51062]]]}},{"type":"Feature","properties":{"i":2320},"geometry":{"type":"Polygon","coordinates":[[[-122.36575,47.7207],[-122.36455,47.72224],[-122.36595,47.72355],[-122.36855,47.72332],[-122.36974,47.72178],[-122.36834,47.72047],[-122.36575,47.7207]]]}},{"type":"Feature","properties":{"i":2321},"geometry":{"type":"Polygon","coordinates":[[[-122.32514,47.59225],[-122.32395,47.59379],[-122.32535,47.5951],[-122.32794,47.59487],[-122.32913,47.59333],[-122.32773,47.59202],[-122.32514,47.59225]]]}},{"type":"Feature","properties":{"i":2322},"geometry":{"type":"Polygon","coordinates":[[[-122.33463,47.56124],[-122.33344,47.56278],[-122.33483,47.5641],[-122.33742,47.56387],[-122.33861,47.56233],[-122.33722,47.56101],[-122.33463,47.56124]]]}},{"type":"Feature","properties":{"i":2323},"geometry":{"type":"Polygon","coordinates":[[[-122.27228,47.67298],[-122.27109,47.67452],[-122.27249,47.67583],[-122.27508,47.6756],[-122.27627,47.67406],[-122.27487,47.67275],[-122.27228,47.67298]]]}},{"type":"Feature","properties":{"i":2324},"geometry":{"type":"Polygon","coordinates":[[[-122.3103,47.549],[-122.30911,47.55055],[-122.31051,47.55186],[-122.3131,47.55163],[-122.31429,47.55009],[-122.31289,47.54878],[-122.3103,47.549]]]}},{"type":"Feature","properties":{"i":2325},"geometry":{"type":"Polygon","coordinates":[[[-122.29694,47.63493],[-122.29574,47.63647],[-122.29714,47.63779],[-122.29973,47.63756],[-122.30093,47.63602],[-122.29953,47.63471],[-122.29694,47.63493]]]}},{"type":"Feature","properties":{"i":2326},"geometry":{"type":"Polygon","coordinates":[[[-122.35315,47.70891],[-122.35195,47.71045],[-122.35335,47.71176],[-122.35595,47.71153],[-122.35714,47.70999],[-122.35574,47.70868],[-122.35315,47.70891]]]}},{"type":"Feature","properties":{"i":2327},"geometry":{"type":"Polygon","coordinates":[[[-122.32293,47.66997],[-122.32174,47.67151],[-122.32314,47.67282],[-122.32573,47.67259],[-122.32692,47.67105],[-122.32553,47.66974],[-122.32293,47.66997]]]}},{"type":"Feature","properties":{"i":2328},"geometry":{"type":"Polygon","coordinates":[[[-122.29703,47.58178],[-122.29584,47.58333],[-122.29723,47.58464],[-122.29982,47.58441],[-122.30102,47.58287],[-122.29962,47.58156],[-122.29703,47.58178]]]}},{"type":"Feature","properties":{"i":2329},"geometry":{"type":"Polygon","coordinates":[[[-122.41641,47.66458],[-122.41522,47.66612],[-122.41662,47.66743],[-122.41921,47.6672],[-122.4204,47.66566],[-122.419,47.66435],[-122.41641,47.66458]]]}},{"type":"Feature","properties":{"i":2330},"geometry":{"type":"Polygon","coordinates":[[[-122.35491,47.62553],[-122.35372,47.62707],[-122.35512,47.62838],[-122.35771,47.62815],[-122.3589,47.62661],[-122.3575,47.6253],[-122.35491,47.62553]]]}},{"type":"Feature","properties":{"i":2331},"geometry":{"type":"Polygon","coordinates":[[[-122.29858,47.65776],[-122.29739,47.6593],[-122.29878,47.66061],[-122.30138,47.66038],[-122.30257,47.65884],[-122.30117,47.65753],[-122.29858,47.65776]]]}},{"type":"Feature","properties":{"i":2332},"geometry":{"type":"Polygon","coordinates":[[[-122.28978,47.64417],[-122.28858,47.64571],[-122.28998,47.64703],[-122.29257,47.6468],[-122.29377,47.64526],[-122.29237,47.64395],[-122.28978,47.64417]]]}},{"type":"Feature","properties":{"i":2333},"geometry":{"type":"Polygon","coordinates":[[[-122.28957,47.64132],[-122.28838,47.64286],[-122.28978,47.64417],[-122.29237,47.64395],[-122.29356,47.64241],[-122.29216,47.64109],[-122.28957,47.64132]]]}}]}