{"type":"FeatureCollection","features":[{"type":"Feature","id":0,"geometry":{"type":"Polygon","coordinates":[[[-0.58453,44.86188],[-0.5823,44.86118],[-0.58191,44.8594],[-0.58374,44.85834],[-0.58596,44.85904],[-0.58636,44.86081],[-0.58453,44.86188]]]},"properties":{"zone":3,"cell_type":"total isolation","proximity":4129,"opportunity":6197,"population":788}},{"type":"Feature","id":1,"geometry":{"type":"Polygon","coordinates":[[[-0.61268,44.84527],[-0.61066,44.84464],[-0.6103,44.84301],[-0.61195,44.84205],[-0.61397,44.84268],[-0.61433,44.84431],[-0.61268,44.84527]]]},"properties":{"zone":3,"cell_type":"total isolation","proximity":3833.4,"opportunity":5504.7,"population":470}},{"type":"Feature","id":2,"geometry":{"type":"Polygon","coordinates":[[[-0.55375,44.82833],[-0.55175,44.8277],[-0.5514,44.82609],[-0.55303,44.82514],[-0.55503,44.82577],[-0.55539,44.82738],[-0.55375,44.82833]]]},"properties":{"zone":2,"cell_type":"social isolation","proximity":4023.1,"opportunity":6706.5,"population":445}},{"type":"Feature","id":3,"geometry":{"type":"Polygon","coordinates":[[[-0.62834,44.86778],[-0.62772,44.86758],[-0.62759,44.86699],[-0.62803,44.86673],[-0.62865,44.86693],[-0.62878,44.86752],[-0.62834,44.86778]]]},"properties":{"zone":3,"cell_type":"total isolation","proximity":1826.3,"opportunity":3390.7,"population":13}},{"type":"Feature","id":4,"geometry":{"type":"Polygon","coordinates":[[[-0.61953,44.84742],[-0.61752,44.84679],[-0.61716,44.84518],[-0.6188,44.84422],[-0.6208,44.84485],[-0.62116,44.84647],[-0.61953,44.84742]]]},"properties":{"zone":3,"cell_type":"total isolation","proximity":3375.6,"opportunity":5564.3,"population":448}},{"type":"Feature","id":5,"geometry":{"type":"Polygon","coordinates":[[[-0.54982,44.85834],[-0.549,44.85808],[-0.54883,44.85733],[-0.54945,44.85697],[-0.55028,44.85723],[-0.55044,44.85798],[-0.54982,44.85834]]]},"properties":{"zone":3,"cell_type":"total isolation","proximity":3227.9,"opportunity":6101.6,"population":22}},{"type":"Feature","id":6,"geometry":{"type":"Polygon","coordinates":[[[-0.57231,44.85466],[-0.57007,44.85395],[-0.56967,44.85216],[-0.57152,44.85108],[-0.57376,44.85179],[-0.57416,44.85358],[-0.57231,44.85466]]]},"properties":{"zone":0,"cell_type":"inclusion","proximity":5083.4,"opportunity":7890.9,"population":824}},{"type":"Feature","id":7,"geometry":{"type":"Polygon","coordinates":[[[-0.57593,44.87095],[-0.57376,44.87027],[-0.57338,44.86853],[-0.57516,44.8675],[-0.57733,44.86818],[-0.57771,44.86991],[-0.57593,44.87095]]]},"properties":{"zone":3,"cell_type":"total isolation","proximity":3341.1,"opportunity":5972.8,"population":680}},{"type":"Feature","id":8,"geometry":{"type":"Polygon","coordinates":[[[-0.55883,44.84164],[-0.557,44.84106],[-0.55667,44.83958],[-0.55816,44.83871],[-0.55998,44.83929],[-0.56031,44.84077],[-0.55883,44.84164]]]},"properties":{"zone":0,"cell_type":"inclusion","proximity":4849.5,"opportunity":7787.9,"population":287}},{"type":"Feature","id":9,"geometry":{"type":"Polygon","coordinates":[[[-0.5907,44.84191],[-0.58842,44.84119],[-0.58802,44.83937],[-0.58989,44.83827],[-0.59218,44.83899],[-0.59258,44.84081],[-0.5907,44.84191]]]},"properties":{"zone":0,"cell_type":"inclusion","proximity":5720.5,"opportunity":8339.1,"population":1010}},{"type":"Feature","id":10,"geometry":{"type":"Polygon","coordinates":[[[-0.55261,44.86141],[-0.5511,44.86093],[-0.55082,44.85968],[-0.55203,44.85898],[-0.55354,44.85945],[-0.55382,44.8607],[-0.55261,44.86141]]]},"properties":{"zone":3,"cell_type":"total isolation","proximity":3411.1,"opportunity":6573.6,"population":127}},{"type":"Feature","id":11,"geometry":{"type":"Polygon","coordinates":[[[-0.56135,44.89126],[-0.55976,44.89076],[-0.55947,44.88946],[-0.56075,44.88871],[-0.56234,44.88921],[-0.56263,44.89052],[-0.56135,44.89126]]]},"properties":{"zone":3,"cell_type":"total isolation","proximity":1391.1,"opportunity":3072.7,"population":156}},{"type":"Feature","id":12,"geometry":{"type":"Polygon","coordinates":[[[-0.56808,44.85463],[-0.56635,44.85408],[-0.56603,44.85267],[-0.56743,44.85186],[-0.56916,44.8524],[-0.56948,44.85381],[-0.56808,44.85463]]]},"properties":{"zone":0,"cell_type":"inclusion","proximity":4846.5,"opportunity":7613.2,"population":224}},{"type":"Feature","id":13,"geometry":{"type":"Polygon","coordinates":[[[-0.61511,44.85617],[-0.61309,44.85554],[-0.61273,44.85392],[-0.61438,44.85296],[-0.61639,44.85359],[-0.61675,44.85521],[-0.61511,44.85617]]]},"properties":{"zone":3,"cell_type":"total isolation","proximity":3639.9,"opportunity":5866.2,"population":457}},{"type":"Feature","id":14,"geometry":{"type":"Polygon","coordinates":[[[-0.55613,44.83905],[-0.55438,44.83849],[-0.55406,44.83706],[-0.55548,44.83623],[-0.55724,44.83679],[-0.55756,44.83822],[-0.55613,44.83905]]]},"properties":{"zone":1,"cell_type":"spatial isolation","proximity":4269.8,"opportunity":6465,"population":238}},{"type":"Feature","id":15,"geometry":{"type":"Polygon","coordinates":[[[-0.54843,44.89987],[-0.54796,44.89973],[-0.54785,44.89924],[-0.54816,44.89906],[-0.54863,44.89921],[-0.54873,44.8997],[-0.54843,44.89987]]]},"properties":{"zone":3,"cell_type":"total isolation","proximity":877,"opportunity":2032,"population":9}},{"type":"Feature","id":16,"geometry":{"type":"Polygon","coordinates":[[[-0.55354,44.91338],[-0.55299,44.91321],[-0.55286,44.91266],[-0.55325,44.91243],[-0.55381,44.91261],[-0.55393,44.91316],[-0.55354,44.91338]]]},"properties":{"zone":3,"cell_type":"total isolation","proximity":365.9,"opportunity":0,"population":11}},{"type":"Feature","id":17,"geometry":{"type":"Polygon","coordinates":[[[-0.58828,44.831],[-0.586,44.83028],[-0.58559,44.82846],[-0.58747,44.82737],[-0.58975,44.82809],[-0.59016,44.8299],[-0.58828,44.831]]]},"properties":{"zone":0,"cell_type":"inclusion","proximity":5093.4,"opportunity":7334,"population":914}},{"type":"Feature","id":18,"geometry":{"type":"Polygon","coordinates":[[[-0.62099,44.84447],[-0.61904,44.84385],[-0.61869,44.84228],[-0.62028,44.84134],[-0.62224,44.84196],[-0.62259,44.84354],[-0.62099,44.84447]]]},"properties":{"zone":3,"cell_type":"total isolation","proximity":3241.9,"opportunity":4783.4,"population":397}},{"type":"Feature","id":19,"geometry":{"type":"Polygon","coordinates":[[[-0.55141,44.85602],[-0.54982,44.85552],[-0.54953,44.85421],[-0.55081,44.85346],[-0.55241,44.85396],[-0.5527,44.85528],[-0.55141,44.85602]]]},"properties":{"zone":3,"cell_type":"total isolation","proximity":3233.1,"opportunity":5672.8,"population":158}},{"type":"Feature","id":20,"geometry":{"type":"Polygon","coordinates":[[[-0.57378,44.85168],[-0.57161,44.851],[-0.57123,44.84927],[-0.573,44.84823],[-0.57517,44.84891],[-0.57555,44.85065],[-0.57378,44.85168]]]},"properties":{"zone":0,"cell_type":"inclusion","proximity":5326.5,"opportunity":7861.2,"population":677}},{"type":"Feature","id":21,"geometry":{"type":"Polygon","coordinates":[[[-0.57432,44.83504],[-0.57204,44.83432],[-0.57164,44.8325],[-0.57352,44.83141],[-0.5758,44.83213],[-0.5762,44.83395],[-0.57432,44.83504]]]},"properties":{"zone":0,"cell_type":"inclusion","proximity":6009.8,"opportunity":8598.6,"population":1693}},{"type":"Feature","id":22,"geometry":{"type":"Polygon","coordinates":[[[-0.58923,44.84482],[-0.58694,44.8441],[-0.58654,44.84228],[-0.58842,44.84119],[-0.5907,44.84191],[-0.5911,44.84372],[-0.58923,44.84482]]]},"properties":{"zone":0,"cell_type":"inclusion","proximity":5700.6,"opportunity":8315.9,"population":964}},{"type":"Feature","id":23,"geometry":{"type":"Polygon","coordinates":[[[-0.56283,44.88837],[-0.56122,44.88786],[-0.56093,44.88654],[-0.56222,44.88578],[-0.56383,44.88629],[-0.56413,44.88761],[-0.56283,44.88837]]]},"properties":{"zone":3,"cell_type":"total isolation","proximity":1384.6,"opportunity":3453.8,"population":165}},{"type":"Feature","id":24,"geometry":{"type":"Polygon","coordinates":[[[-0.56954,44.85168],[-0.56787,44.85115],[-0.56756,44.84977],[-0.56892,44.84898],[-0.57059,44.84951],[-0.5709,44.85089],[-0.56954,44.85168]]]},"properties":{"zone":0,"cell_type":"inclusion","proximity":5209.2,"opportunity":7594.3,"population":196}},{"type":"Feature","id":25,"geometry":{"type":"Polygon","coordinates":[[[-0.55259,44.8231],[-0.55031,44.82238],[-0.54991,44.82056],[-0.55178,44.81946],[-0.55406,44.82019],[-0.55447,44.822],[-0.55259,44.8231]]]},"properties":{"zone":3,"cell_type":"total isolation","proximity":3400.8,"opportunity":6643.3,"population":1245}},{"type":"Feature","id":26,"geometry":{"type":"Polygon","coordinates":[[[-0.61659,44.8533],[-0.61452,44.85265],[-0.61416,44.85099],[-0.61584,44.85],[-0.61791,44.85066],[-0.61828,44.85231],[-0.61659,44.8533]]]},"properties":{"zone":3,"cell_type":"total isolation","proximity":3601.8,"opportunity":5755.6,"population":519}},{"type":"Feature","id":27,"geometry":{"type":"Polygon","coordinates":[[[-0.57485,44.8183],[-0.57259,44.81758],[-0.57219,44.81578],[-0.57405,44.81469],[-0.57631,44.8154],[-0.57671,44.81721],[-0.57485,44.8183]]]},"properties":{"zone":3,"cell_type":"total isolation","proximity":3612.9,"opportunity":5972.1,"population":869}},{"type":"Feature","id":28,"geometry":{"type":"Polygon","coordinates":[[[-0.5695,44.88958],[-0.56911,44.88946],[-0.56902,44.88904],[-0.56925,44.8889],[-0.56964,44.88902],[-0.56973,44.88944],[-0.5695,44.88958]]]},"properties":{"zone":3,"cell_type":"total isolation","proximity":1645.8,"opportunity":4581.9,"population":7}},{"type":"Feature","id":29,"geometry":{"type":"Polygon","coordinates":[[[-0.5573,44.83479],[-0.5573,44.83479],[-0.55727,44.83466],[-0.55727,44.83466],[-0.5573,44.83479]]]},"properties":{"zone":3,"cell_type":"total isolation","proximity":4168.8,"opportunity":6324.8,"population":0}},{"type":"Feature","id":30,"geometry":{"type":"Polygon","coordinates":[[[-0.56483,44.90685],[-0.56423,44.90666],[-0.5641,44.90608],[-0.56452,44.90583],[-0.56513,44.90602],[-0.56526,44.9066],[-0.56483,44.90685]]]},"properties":{"zone":3,"cell_type":"total isolation","proximity":680.9,"opportunity":39.6,"population":13}},{"type":"Feature","id":31,"geometry":{"type":"Polygon","coordinates":[[[-0.62344,44.85544],[-0.62139,44.8548],[-0.62103,44.85316],[-0.6227,44.85218],[-0.62474,44.85283],[-0.62511,44.85447],[-0.62344,44.85544]]]},"properties":{"zone":3,"cell_type":"total isolation","proximity":3139.4,"opportunity":5538.7,"population":495}},{"type":"Feature","id":32,"geometry":{"type":"Polygon","coordinates":[[[-0.54388,44.83155],[-0.54245,44.8311],[-0.54219,44.82991],[-0.54333,44.82925],[-0.54475,44.8297],[-0.54501,44.83088],[-0.54388,44.83155]]]},"properties":{"zone":3,"cell_type":"total isolation","proximity":2886.8,"opportunity":5680.4,"population":103}},{"type":"Feature","id":33,"geometry":{"type":"Polygon","coordinates":[[[-0.5758,44.83213],[-0.57352,44.83141],[-0.57312,44.82959],[-0.57499,44.82849],[-0.57727,44.82921],[-0.57768,44.83103],[-0.5758,44.83213]]]},"properties":{"zone":0,"cell_type":"inclusion","proximity":5720,"opportunity":8297.3,"population":1595}},{"type":"Feature","id":34,"geometry":{"type":"Polygon","coordinates":[[[-0.55741,44.84487],[-0.55518,44.84416],[-0.55478,44.84238],[-0.55662,44.84131],[-0.55886,44.84201],[-0.55925,44.8438],[-0.55741,44.84487]]]},"properties":{"zone":0,"cell_type":"inclusion","proximity":4538.7,"opportunity":7185.8,"population":813}},{"type":"Feature","id":35,"geometry":{"type":"Polygon","coordinates":[[[-0.56524,44.89921],[-0.56371,44.89872],[-0.56343,44.89746],[-0.56465,44.89674],[-0.56619,44.89723],[-0.56647,44.89849],[-0.56524,44.89921]]]},"properties":{"zone":3,"cell_type":"total isolation","proximity":1185.2,"opportunity":3124.3,"population":134}},{"type":"Feature","id":36,"geometry":{"type":"Polygon","coordinates":[[[-0.61465,44.82552],[-0.61277,44.82492],[-0.61243,44.8234],[-0.61396,44.8225],[-0.61585,44.8231],[-0.61619,44.82462],[-0.61465,44.82552]]]},"properties":{"zone":3,"cell_type":"total isolation","proximity":2834.1,"opportunity":4660.6,"population":329}},{"type":"Feature","id":37,"geometry":{"type":"Polygon","coordinates":[[[-0.57205,44.86304],[-0.56978,44.86233],[-0.56938,44.86052],[-0.57125,44.85942],[-0.57352,44.86014],[-0.57392,44.86195],[-0.57205,44.86304]]]},"properties":{"zone":3,"cell_type":"total isolation","proximity":4131.8,"opportunity":6481.2,"population":889}},{"type":"Feature","id":38,"geometry":{"type":"Polygon","coordinates":[[[-0.55406,44.82019],[-0.55178,44.81946],[-0.55138,44.81765],[-0.55326,44.81655],[-0.55554,44.81727],[-0.55594,44.81909],[-0.55406,44.82019]]]},"properties":{"zone":3,"cell_type":"total isolation","proximity":2763.1,"opportunity":5612.4,"population":1135}},{"type":"Feature","id":39,"geometry":{"type":"Polygon","coordinates":[[[-0.56315,44.88027],[-0.56119,44.87965],[-0.56085,44.87808],[-0.56244,44.87715],[-0.56439,44.87777],[-0.56474,44.87934],[-0.56315,44.88027]]]},"properties":{"zone":3,"cell_type":"total isolation","proximity":2104,"opportunity":4093.6,"population":393}},{"type":"Feature","id":40,"geometry":{"type":"Polygon","coordinates":[[[-0.60021,44.84648],[-0.59809,44.84581],[-0.59771,44.84411],[-0.59945,44.8431],[-0.60157,44.84377],[-0.60195,44.84547],[-0.60021,44.84648]]]},"properties":{"zone":0,"cell_type":"inclusion","proximity":4793.7,"opportunity":7506.5,"population":606}},{"type":"Feature","id":41,"geometry":{"type":"Polygon","coordinates":[[[-0.56979,44.84323],[-0.56823,44.84273],[-0.56794,44.84144],[-0.5692,44.8407],[-0.57077,44.8412],[-0.57105,44.84249],[-0.56979,44.84323]]]},"properties":{"zone":0,"cell_type":"inclusion","proximity":5985.9,"opportunity":8827.8,"population":148}},{"type":"Feature","id":42,"geometry":{"type":"Polygon","coordinates":[[[-0.57113,44.8875],[-0.56968,44.88704],[-0.56941,44.88583],[-0.57057,44.88515],[-0.57203,44.88561],[-0.5723,44.88682],[-0.57113,44.8875]]]},"properties":{"zone":3,"cell_type":"total isolation","proximity":1880.1,"opportunity":4305.5,"population":111}},{"type":"Feature","id":43,"geometry":{"type":"Polygon","coordinates":[[[-0.54247,44.87303],[-0.54147,44.87272],[-0.54128,44.87185],[-0.54204,44.8714],[-0.54304,44.87172],[-0.54323,44.87259],[-0.54247,44.87303]]]},"properties":{"zone":3,"cell_type":"total isolation","proximity":2080.3,"opportunity":4974.4,"population":34}},{"type":"Feature","id":44,"geometry":{"type":"Polygon","coordinates":[[[-0.62491,44.85253],[-0.62287,44.85188],[-0.6225,44.85024],[-0.62417,44.84927],[-0.62621,44.84991],[-0.62658,44.85155],[-0.62491,44.85253]]]},"properties":{"zone":3,"cell_type":"total isolation","proximity":2850,"opportunity":5024.3,"population":493}},{"type":"Feature","id":45,"geometry":{"type":"Polygon","coordinates":[[[-0.53757,44.88938],[-0.53757,44.88938],[-0.53754,44.88925],[-0.53754,44.88925],[-0.53757,44.88938]]]},"properties":{"zone":3,"cell_type":"total isolation","proximity":1149,"opportunity":3620.6,"population":3}},{"type":"Feature","id":46,"geometry":{"type":"Polygon","coordinates":[[[-0.5464,44.84301],[-0.54425,44.84233],[-0.54387,44.84062],[-0.54563,44.83959],[-0.54778,44.84027],[-0.54816,44.84198],[-0.5464,44.84301]]]},"properties":{"zone":3,"cell_type":"total isolation","proximity":3525.4,"opportunity":5837.5,"population":642}},{"type":"Feature","id":47,"geometry":{"type":"Polygon","coordinates":[[[-0.57822,44.84303],[-0.57594,44.84231],[-0.57553,44.84049],[-0.57741,44.8394],[-0.57969,44.84012],[-0.5801,44.84194],[-0.57822,44.84303]]]},"properties":{"zone":0,"cell_type":"inclusion","proximity":6335.9,"opportunity":9326.3,"population":1388}},{"type":"Feature","id":48,"geometry":{"type":"Polygon","coordinates":[[[-0.60368,44.8239],[-0.60159,44.82324],[-0.60121,44.82156],[-0.60293,44.82055],[-0.60502,44.82122],[-0.60539,44.82289],[-0.60368,44.8239]]]},"properties":{"zone":3,"cell_type":"total isolation","proximity":3492.3,"opportunity":5610.9,"population":563}},{"type":"Feature","id":49,"geometry":{"type":"Polygon","coordinates":[[[-0.56671,44.89626],[-0.56522,44.89579],[-0.56495,44.89456],[-0.56614,44.89387],[-0.56762,44.89434],[-0.56789,44.89557],[-0.56671,44.89626]]]},"properties":{"zone":3,"cell_type":"total isolation","proximity":1351.2,"opportunity":4271.6,"population":119}},{"type":"Feature","id":50,"geometry":{"type":"Polygon","coordinates":[[[-0.54165,44.85987],[-0.53982,44.85929],[-0.53949,44.8578],[-0.54098,44.85693],[-0.54281,44.85751],[-0.54314,44.859],[-0.54165,44.85987]]]},"properties":{"zone":3,"cell_type":"total isolation","proximity":2431.2,"opportunity":5167.9,"population":290}},{"type":"Feature","id":51,"geometry":{"type":"Polygon","coordinates":[[[-0.57353,44.86014],[-0.57125,44.85942],[-0.57084,44.8576],[-0.57272,44.8565],[-0.575,44.85722],[-0.57541,44.85904],[-0.57353,44.86014]]]},"properties":{"zone":0,"cell_type":"inclusion","proximity":4264.6,"opportunity":7267.3,"population":1089}},{"type":"Feature","id":52,"geometry":{"type":"Polygon","coordinates":[[[-0.60169,44.84358],[-0.59954,44.84291],[-0.59916,44.84119],[-0.60092,44.84017],[-0.60307,44.84084],[-0.60345,44.84256],[-0.60169,44.84358]]]},"properties":{"zone":0,"cell_type":"inclusion","proximity":4936.3,"opportunity":7679.5,"population":640}},{"type":"Feature","id":53,"geometry":{"type":"Polygon","coordinates":[[[-0.54761,44.84849],[-0.54543,44.8478],[-0.54504,44.84606],[-0.54683,44.84501],[-0.54902,44.8457],[-0.5494,44.84745],[-0.54761,44.84849]]]},"properties":{"zone":3,"cell_type":"total isolation","proximity":3493,"opportunity":6256.6,"population":711}},{"type":"Feature","id":54,"geometry":{"type":"Polygon","coordinates":[[[-0.57356,44.89845],[-0.57205,44.89797],[-0.57177,44.89672],[-0.57298,44.89601],[-0.5745,44.89649],[-0.57478,44.89774],[-0.57356,44.89845]]]},"properties":{"zone":3,"cell_type":"total isolation","proximity":1029.4,"opportunity":3009.6,"population":129}},{"type":"Feature","id":55,"geometry":{"type":"Polygon","coordinates":[[[-0.63591,44.85426],[-0.63393,44.85364],[-0.63357,44.85204],[-0.63519,44.8511],[-0.63718,44.85172],[-0.63753,44.85332],[-0.63591,44.85426]]]},"properties":{"zone":3,"cell_type":"total isolation","proximity":2142.8,"opportunity":3947.7,"population":424}},{"type":"Feature","id":56,"geometry":{"type":"Polygon","coordinates":[[[-0.54397,44.87025],[-0.5428,44.86988],[-0.54258,44.86889],[-0.54349,44.86835],[-0.54466,44.86872],[-0.54488,44.86972],[-0.54397,44.87025]]]},"properties":{"zone":3,"cell_type":"total isolation","proximity":2347.5,"opportunity":5089.7,"population":53}},{"type":"Feature","id":57,"geometry":{"type":"Polygon","coordinates":[[[-0.60671,44.85656],[-0.60516,44.85607],[-0.60488,44.8548],[-0.60612,44.85407],[-0.60767,44.85456],[-0.60796,44.85584],[-0.60671,44.85656]]]},"properties":{"zone":3,"cell_type":"total isolation","proximity":3953.1,"opportunity":5506.2,"population":141}},{"type":"Feature","id":58,"geometry":{"type":"Polygon","coordinates":[[[-0.57459,44.82668],[-0.57231,44.82595],[-0.57191,44.82414],[-0.57378,44.82304],[-0.57606,44.82376],[-0.57647,44.82558],[-0.57459,44.82668]]]},"properties":{"zone":0,"cell_type":"inclusion","proximity":5030,"opportunity":7369.5,"population":968}},{"type":"Feature","id":59,"geometry":{"type":"Polygon","coordinates":[[[-0.56494,44.86925],[-0.56266,44.86853],[-0.56225,44.86671],[-0.56413,44.86562],[-0.56642,44.86634],[-0.56682,44.86816],[-0.56494,44.86925]]]},"properties":{"zone":3,"cell_type":"total isolation","proximity":3497.1,"opportunity":5969.1,"population":1020}},{"type":"Feature","id":60,"geometry":{"type":"Polygon","coordinates":[[[-0.54786,44.84003],[-0.5458,44.83938],[-0.54543,44.83773],[-0.54712,44.83674],[-0.54918,44.83739],[-0.54955,44.83905],[-0.54786,44.84003]]]},"properties":{"zone":3,"cell_type":"total isolation","proximity":3607.8,"opportunity":5459.8,"population":518}},{"type":"Feature","id":61,"geometry":{"type":"Polygon","coordinates":[[[-0.63297,44.8601],[-0.63098,44.85947],[-0.63062,44.85787],[-0.63225,44.85692],[-0.63423,44.85755],[-0.63459,44.85915],[-0.63297,44.8601]]]},"properties":{"zone":3,"cell_type":"total isolation","proximity":2277.1,"opportunity":5218.8,"population":428}},{"type":"Feature","id":62,"geometry":{"type":"Polygon","coordinates":[[[-0.57969,44.84012],[-0.57741,44.8394],[-0.57701,44.83758],[-0.57889,44.83648],[-0.58117,44.8372],[-0.58157,44.83902],[-0.57969,44.84012]]]},"properties":{"zone":0,"cell_type":"inclusion","proximity":6331.1,"opportunity":9333.8,"population":1525}},{"type":"Feature","id":63,"geometry":{"type":"Polygon","coordinates":[[[-0.55035,44.88951],[-0.5487,44.889],[-0.54841,44.88765],[-0.54973,44.88688],[-0.55137,44.8874],[-0.55167,44.88874],[-0.55035,44.88951]]]},"properties":{"zone":3,"cell_type":"total isolation","proximity":1510.8,"opportunity":3451,"population":179}},{"type":"Feature","id":64,"geometry":{"type":"Polygon","coordinates":[[[-0.58626,44.85056],[-0.58409,44.84988],[-0.5837,44.84814],[-0.58549,44.8471],[-0.58766,44.84778],[-0.58805,44.84952],[-0.58626,44.85056]]]},"properties":{"zone":0,"cell_type":"inclusion","proximity":5294,"opportunity":7525.1,"population":694}},{"type":"Feature","id":65,"geometry":{"type":"Polygon","coordinates":[[[-0.60395,44.85361],[-0.60293,44.85329],[-0.60273,44.8524],[-0.60351,44.85195],[-0.60453,44.85227],[-0.60473,44.85315],[-0.60395,44.85361]]]},"properties":{"zone":3,"cell_type":"total isolation","proximity":4207.2,"opportunity":6381.2,"population":36}},{"type":"Feature","id":66,"geometry":{"type":"Polygon","coordinates":[[[-0.55542,44.90277],[-0.55401,44.90232],[-0.55375,44.90115],[-0.55487,44.9005],[-0.55627,44.90095],[-0.55653,44.90212],[-0.55542,44.90277]]]},"properties":{"zone":3,"cell_type":"total isolation","proximity":859.8,"opportunity":2034.2,"population":97}},{"type":"Feature","id":67,"geometry":{"type":"Polygon","coordinates":[[[-0.57501,44.89538],[-0.57369,44.89497],[-0.57344,44.89386],[-0.57449,44.89325],[-0.57581,44.89367],[-0.57605,44.89477],[-0.57501,44.89538]]]},"properties":{"zone":3,"cell_type":"total isolation","proximity":1003,"opportunity":2872.3,"population":78}},{"type":"Feature","id":68,"geometry":{"type":"Polygon","coordinates":[[[-0.54952,44.90499],[-0.54952,44.90499],[-0.54949,44.90485],[-0.54949,44.90485],[-0.54952,44.90499]]]},"properties":{"zone":3,"cell_type":"total isolation","proximity":680.2,"opportunity":1,"population":1}},{"type":"Feature","id":69,"geometry":{"type":"Polygon","coordinates":[[[-0.5442,44.82346],[-0.54241,44.8229],[-0.54209,44.82144],[-0.54354,44.8206],[-0.54533,44.82116],[-0.54565,44.82262],[-0.5442,44.82346]]]},"properties":{"zone":3,"cell_type":"total isolation","proximity":2825.3,"opportunity":4999.1,"population":260}},{"type":"Feature","id":70,"geometry":{"type":"Polygon","coordinates":[[[-0.5465,44.88177],[-0.54454,44.88115],[-0.54419,44.87957],[-0.54579,44.87864],[-0.54775,44.87926],[-0.54811,44.88084],[-0.5465,44.88177]]]},"properties":{"zone":3,"cell_type":"total isolation","proximity":1828.5,"opportunity":4682.6,"population":405}},{"type":"Feature","id":71,"geometry":{"type":"Polygon","coordinates":[[[-0.59042,44.85016],[-0.58828,44.84949],[-0.5879,44.84777],[-0.58965,44.84675],[-0.59179,44.84742],[-0.59217,44.84914],[-0.59042,44.85016]]]},"properties":{"zone":0,"cell_type":"inclusion","proximity":5247.8,"opportunity":7478.8,"population":634}},{"type":"Feature","id":72,"geometry":{"type":"Polygon","coordinates":[[[-0.57606,44.82376],[-0.57379,44.82304],[-0.57339,44.82122],[-0.57526,44.82013],[-0.57754,44.82085],[-0.57794,44.82266],[-0.57606,44.82376]]]},"properties":{"zone":0,"cell_type":"inclusion","proximity":4532.6,"opportunity":6763.4,"population":900}},{"type":"Feature","id":73,"geometry":{"type":"Polygon","coordinates":[[[-0.56642,44.86634],[-0.56413,44.86562],[-0.56373,44.8638],[-0.56561,44.8627],[-0.56789,44.86343],[-0.56829,44.86524],[-0.56642,44.86634]]]},"properties":{"zone":3,"cell_type":"total isolation","proximity":3775,"opportunity":6126.7,"population":1275}},{"type":"Feature","id":74,"geometry":{"type":"Polygon","coordinates":[[[-0.56064,44.83071],[-0.55836,44.82999],[-0.55795,44.82818],[-0.55983,44.82708],[-0.56211,44.8278],[-0.56252,44.82962],[-0.56064,44.83071]]]},"properties":{"zone":0,"cell_type":"inclusion","proximity":4747.4,"opportunity":7820.8,"population":984}},{"type":"Feature","id":75,"geometry":{"type":"Polygon","coordinates":[[[-0.55221,44.8309],[-0.55066,44.83041],[-0.55037,44.82912],[-0.55162,44.8284],[-0.55318,44.82889],[-0.55346,44.83017],[-0.55221,44.8309]]]},"properties":{"zone":3,"cell_type":"total isolation","proximity":3961.5,"opportunity":6483.4,"population":143}},{"type":"Feature","id":76,"geometry":{"type":"Polygon","coordinates":[[[-0.58869,44.86149],[-0.58649,44.86079],[-0.58609,44.85904],[-0.5879,44.85798],[-0.59011,44.85868],[-0.5905,44.86043],[-0.58869,44.86149]]]},"properties":{"zone":3,"cell_type":"total isolation","proximity":4169.5,"opportunity":6442.4,"population":741}},{"type":"Feature","id":77,"geometry":{"type":"Polygon","coordinates":[[[-0.59244,44.83063],[-0.59016,44.8299],[-0.58975,44.82809],[-0.59163,44.82699],[-0.59391,44.82771],[-0.59432,44.82953],[-0.59244,44.83063]]]},"properties":{"zone":0,"cell_type":"inclusion","proximity":4954.9,"opportunity":7295.4,"population":1131}},{"type":"Feature","id":78,"geometry":{"type":"Polygon","coordinates":[[[-0.55185,44.88674],[-0.55003,44.88616],[-0.54971,44.88469],[-0.55118,44.88383],[-0.553,44.8844],[-0.55332,44.88588],[-0.55185,44.88674]]]},"properties":{"zone":3,"cell_type":"total isolation","proximity":1605.4,"opportunity":2866.5,"population":277}},{"type":"Feature","id":79,"geometry":{"type":"Polygon","coordinates":[[[-0.55593,44.84776],[-0.55373,44.84706],[-0.55334,44.8453],[-0.55515,44.84425],[-0.55735,44.84495],[-0.55774,44.8467],[-0.55593,44.84776]]]},"properties":{"zone":3,"cell_type":"total isolation","proximity":4065.1,"opportunity":6210.4,"population":737}},{"type":"Feature","id":80,"geometry":{"type":"Polygon","coordinates":[[[-0.58774,44.84766],[-0.58555,44.84697],[-0.58516,44.84522],[-0.58696,44.84417],[-0.58914,44.84486],[-0.58953,44.84661],[-0.58774,44.84766]]]},"properties":{"zone":0,"cell_type":"inclusion","proximity":5620.8,"opportunity":7889,"population":711}},{"type":"Feature","id":81,"geometry":{"type":"Polygon","coordinates":[[[-0.57147,44.8795],[-0.56954,44.87889],[-0.5692,44.87734],[-0.57077,44.87642],[-0.57269,44.87703],[-0.57304,44.87859],[-0.57147,44.8795]]]},"properties":{"zone":3,"cell_type":"total isolation","proximity":2543.8,"opportunity":5797.9,"population":366}},{"type":"Feature","id":82,"geometry":{"type":"Polygon","coordinates":[[[-0.60556,44.85141],[-0.60363,44.8508],[-0.60328,44.84924],[-0.60485,44.84832],[-0.60678,44.84893],[-0.60713,44.85049],[-0.60556,44.85141]]]},"properties":{"zone":0,"cell_type":"inclusion","proximity":4470.5,"opportunity":6710.5,"population":372}},{"type":"Feature","id":83,"geometry":{"type":"Polygon","coordinates":[[[-0.56385,44.81652],[-0.56157,44.8158],[-0.56117,44.81398],[-0.56305,44.81289],[-0.56533,44.81361],[-0.56573,44.81543],[-0.56385,44.81652]]]},"properties":{"zone":3,"cell_type":"total isolation","proximity":3221.9,"opportunity":5375.9,"population":1344}},{"type":"Feature","id":84,"geometry":{"type":"Polygon","coordinates":[[[-0.55688,44.89981],[-0.55554,44.89938],[-0.55529,44.89826],[-0.55636,44.89764],[-0.5577,44.89806],[-0.55795,44.89919],[-0.55688,44.89981]]]},"properties":{"zone":3,"cell_type":"total isolation","proximity":1010.9,"opportunity":2960.6,"population":83}},{"type":"Feature","id":85,"geometry":{"type":"Polygon","coordinates":[[[-0.60636,44.82643],[-0.60428,44.82577],[-0.6039,44.8241],[-0.60561,44.8231],[-0.6077,44.82376],[-0.60807,44.82543],[-0.60636,44.82643]]]},"properties":{"zone":3,"cell_type":"total isolation","proximity":3571.2,"opportunity":5711.9,"population":556}},{"type":"Feature","id":86,"geometry":{"type":"Polygon","coordinates":[[[-0.54798,44.87886],[-0.54602,44.87824],[-0.54567,44.87666],[-0.54727,44.87573],[-0.54923,44.87635],[-0.54958,44.87793],[-0.54798,44.87886]]]},"properties":{"zone":3,"cell_type":"total isolation","proximity":2007.4,"opportunity":4971.3,"population":402}},{"type":"Feature","id":87,"geometry":{"type":"Polygon","coordinates":[[[-0.59189,44.84725],[-0.58975,44.84657],[-0.58937,44.84486],[-0.59113,44.84383],[-0.59327,44.84451],[-0.59365,44.84622],[-0.59189,44.84725]]]},"properties":{"zone":0,"cell_type":"inclusion","proximity":5422.7,"opportunity":7680.3,"population":634}},{"type":"Feature","id":88,"geometry":{"type":"Polygon","coordinates":[[[-0.5597,44.8169],[-0.55742,44.81618],[-0.55701,44.81436],[-0.55889,44.81326],[-0.56117,44.81398],[-0.56157,44.8158],[-0.5597,44.8169]]]},"properties":{"zone":3,"cell_type":"total isolation","proximity":2767.7,"opportunity":4707.6,"population":1249}},{"type":"Feature","id":89,"geometry":{"type":"Polygon","coordinates":[[[-0.56882,44.87717],[-0.56663,44.87648],[-0.56624,44.87473],[-0.56804,44.87368],[-0.57024,44.87437],[-0.57063,44.87612],[-0.56882,44.87717]]]},"properties":{"zone":3,"cell_type":"total isolation","proximity":2733.1,"opportunity":5128.9,"population":730}},{"type":"Feature","id":90,"geometry":{"type":"Polygon","coordinates":[[[-0.56211,44.8278],[-0.55983,44.82708],[-0.55943,44.82526],[-0.56131,44.82417],[-0.56359,44.82489],[-0.56399,44.82671],[-0.56211,44.8278]]]},"properties":{"zone":0,"cell_type":"inclusion","proximity":4468.8,"opportunity":7107.6,"population":1561}},{"type":"Feature","id":91,"geometry":{"type":"Polygon","coordinates":[[[-0.59391,44.82769],[-0.59166,44.82698],[-0.59126,44.82518],[-0.59311,44.8241],[-0.59536,44.82481],[-0.59576,44.8266],[-0.59391,44.82769]]]},"properties":{"zone":0,"cell_type":"inclusion","proximity":4514.6,"opportunity":6698.2,"population":839}},{"type":"Feature","id":92,"geometry":{"type":"Polygon","coordinates":[[[-0.55421,44.89736],[-0.55275,44.8969],[-0.55249,44.89569],[-0.55365,44.89501],[-0.55511,44.89547],[-0.55538,44.89668],[-0.55421,44.89736]]]},"properties":{"zone":3,"cell_type":"total isolation","proximity":1082.7,"opportunity":2922.4,"population":112}},{"type":"Feature","id":93,"geometry":{"type":"Polygon","coordinates":[[[-0.59016,44.85855],[-0.58799,44.85786],[-0.58761,44.85613],[-0.58938,44.85509],[-0.59155,44.85578],[-0.59193,44.85751],[-0.59016,44.85855]]]},"properties":{"zone":0,"cell_type":"inclusion","proximity":4540.5,"opportunity":7293.6,"population":675}},{"type":"Feature","id":94,"geometry":{"type":"Polygon","coordinates":[[[-0.55822,44.81981],[-0.55594,44.81909],[-0.55554,44.81727],[-0.55742,44.81618],[-0.5597,44.8169],[-0.5601,44.81871],[-0.55822,44.81981]]]},"properties":{"zone":3,"cell_type":"total isolation","proximity":3561.2,"opportunity":5967.4,"population":1221}},{"type":"Feature","id":95,"geometry":{"type":"Polygon","coordinates":[[[-0.54041,44.89245],[-0.5397,44.89222],[-0.53955,44.89156],[-0.54007,44.89126],[-0.54078,44.89149],[-0.54092,44.89214],[-0.54041,44.89245]]]},"properties":{"zone":3,"cell_type":"total isolation","proximity":1118.6,"opportunity":3244.1,"population":17}},{"type":"Feature","id":96,"geometry":{"type":"Polygon","coordinates":[[[-0.5703,44.87427],[-0.56809,44.87357],[-0.5677,44.87181],[-0.56952,44.87075],[-0.57172,44.87145],[-0.57211,44.87321],[-0.5703,44.87427]]]},"properties":{"zone":3,"cell_type":"total isolation","proximity":2527.9,"opportunity":5640.2,"population":751}},{"type":"Feature","id":97,"geometry":{"type":"Polygon","coordinates":[[[-0.56441,44.8381],[-0.56291,44.83762],[-0.56264,44.83638],[-0.56384,44.83568],[-0.56534,44.83615],[-0.56562,44.8374],[-0.56441,44.8381]]]},"properties":{"zone":0,"cell_type":"inclusion","proximity":5643.9,"opportunity":8455.5,"population":124}},{"type":"Feature","id":98,"geometry":{"type":"Polygon","coordinates":[[[-0.59633,44.83859],[-0.59409,44.83788],[-0.59369,44.83609],[-0.59553,44.83501],[-0.59778,44.83572],[-0.59817,44.83751],[-0.59633,44.83859]]]},"properties":{"zone":0,"cell_type":"inclusion","proximity":5192.4,"opportunity":7691.9,"population":824}},{"type":"Feature","id":99,"geometry":{"type":"Polygon","coordinates":[[[-0.55565,44.89424],[-0.55446,44.89386],[-0.55424,44.89285],[-0.55517,44.89231],[-0.55636,44.89268],[-0.55658,44.8937],[-0.55565,44.89424]]]},"properties":{"zone":3,"cell_type":"total isolation","proximity":1094.3,"opportunity":2576,"population":56}},{"type":"Feature","id":100,"geometry":{"type":"Polygon","coordinates":[[[-0.55957,44.85442],[-0.55907,44.85427],[-0.55896,44.85376],[-0.5593,44.85356],[-0.5598,44.85372],[-0.55991,44.85423],[-0.55957,44.85442]]]},"properties":{"zone":3,"cell_type":"total isolation","proximity":3453,"opportunity":5312.7,"population":10}},{"type":"Feature","id":101,"geometry":{"type":"Polygon","coordinates":[[[-0.6112,44.84818],[-0.60919,44.84755],[-0.60883,44.84593],[-0.61048,44.84496],[-0.61249,44.8456],[-0.61285,44.84722],[-0.6112,44.84818]]]},"properties":{"zone":3,"cell_type":"total isolation","proximity":4017.3,"opportunity":6369.8,"population":462}},{"type":"Feature","id":102,"geometry":{"type":"Polygon","coordinates":[[[-0.59163,44.8556],[-0.5895,44.85493],[-0.58912,44.85323],[-0.59086,44.85221],[-0.59299,44.85288],[-0.59337,44.85459],[-0.59163,44.8556]]]},"properties":{"zone":0,"cell_type":"inclusion","proximity":4766.5,"opportunity":7749.9,"population":615}},{"type":"Feature","id":103,"geometry":{"type":"Polygon","coordinates":[[[-0.5566,44.8699],[-0.55444,44.86922],[-0.55406,44.8675],[-0.55583,44.86646],[-0.55799,44.86714],[-0.55837,44.86887],[-0.5566,44.8699]]]},"properties":{"zone":3,"cell_type":"total isolation","proximity":2973.3,"opportunity":5353.2,"population":664}},{"type":"Feature","id":104,"geometry":{"type":"Polygon","coordinates":[[[-0.54197,44.88999],[-0.54068,44.88958],[-0.54044,44.88849],[-0.54146,44.88789],[-0.54275,44.8883],[-0.54299,44.88939],[-0.54197,44.88999]]]},"properties":{"zone":3,"cell_type":"total isolation","proximity":1248,"opportunity":3813.2,"population":73}},{"type":"Feature","id":105,"geometry":{"type":"Polygon","coordinates":[[[-0.61027,44.83445],[-0.60815,44.83378],[-0.60777,44.83208],[-0.60951,44.83106],[-0.61163,44.83173],[-0.61201,44.83343],[-0.61027,44.83445]]]},"properties":{"zone":3,"cell_type":"total isolation","proximity":4034.6,"opportunity":6437.4,"population":601}},{"type":"Feature","id":106,"geometry":{"type":"Polygon","coordinates":[[[-0.62659,44.84097],[-0.6249,44.84043],[-0.6246,44.83906],[-0.62596,44.83826],[-0.62764,44.83879],[-0.62795,44.84017],[-0.62659,44.84097]]]},"properties":{"zone":3,"cell_type":"total isolation","proximity":2825.5,"opportunity":3418.9,"population":198}},{"type":"Feature","id":107,"geometry":{"type":"Polygon","coordinates":[[[-0.56359,44.82489],[-0.56131,44.82417],[-0.5609,44.82235],[-0.56278,44.82125],[-0.56506,44.82197],[-0.56547,44.82379],[-0.56359,44.82489]]]},"properties":{"zone":1,"cell_type":"spatial isolation","proximity":4337.4,"opportunity":6689,"population":1443}},{"type":"Feature","id":108,"geometry":{"type":"Polygon","coordinates":[[[-0.56597,44.83558],[-0.56395,44.83495],[-0.5636,44.83333],[-0.56524,44.83237],[-0.56725,44.833],[-0.56761,44.83462],[-0.56597,44.83558]]]},"properties":{"zone":0,"cell_type":"inclusion","proximity":5635.9,"opportunity":8480.7,"population":457}},{"type":"Feature","id":109,"geometry":{"type":"Polygon","coordinates":[[[-0.62196,44.85832],[-0.61995,44.85769],[-0.61959,44.85608],[-0.62123,44.85513],[-0.62323,44.85576],[-0.62359,44.85737],[-0.62196,44.85832]]]},"properties":{"zone":3,"cell_type":"total isolation","proximity":2494.7,"opportunity":4748.9,"population":445}},{"type":"Feature","id":110,"geometry":{"type":"Polygon","coordinates":[[[-0.55496,44.91016],[-0.5548,44.91011],[-0.55474,44.90986],[-0.55479,44.90983],[-0.55495,44.90988],[-0.555,44.91014],[-0.55496,44.91016]]]},"properties":{"zone":3,"cell_type":"total isolation","proximity":611.1,"opportunity":1.8,"population":4}},{"type":"Feature","id":111,"geometry":{"type":"Polygon","coordinates":[[[-0.58306,44.86481],[-0.58081,44.8641],[-0.58041,44.86231],[-0.58226,44.86123],[-0.58451,44.86194],[-0.58491,44.86373],[-0.58306,44.86481]]]},"properties":{"zone":3,"cell_type":"total isolation","proximity":3864.9,"opportunity":6476.3,"population":837}},{"type":"Feature","id":112,"geometry":{"type":"Polygon","coordinates":[[[-0.59781,44.8357],[-0.59553,44.83498],[-0.59512,44.83316],[-0.597,44.83207],[-0.59928,44.83279],[-0.59969,44.8346],[-0.59781,44.8357]]]},"properties":{"zone":0,"cell_type":"inclusion","proximity":4967.7,"opportunity":7782.9,"population":1134}},{"type":"Feature","id":113,"geometry":{"type":"Polygon","coordinates":[[[-0.53803,44.88173],[-0.53709,44.88143],[-0.5369,44.8806],[-0.53762,44.88018],[-0.53856,44.88048],[-0.53875,44.88131],[-0.53803,44.88173]]]},"properties":{"zone":3,"cell_type":"total isolation","proximity":1619,"opportunity":4466.2,"population":30}},{"type":"Feature","id":114,"geometry":{"type":"Polygon","coordinates":[[[-0.57527,44.84886],[-0.57299,44.84814],[-0.57258,44.84632],[-0.57446,44.84523],[-0.57674,44.84595],[-0.57715,44.84776],[-0.57527,44.84886]]]},"properties":{"zone":0,"cell_type":"inclusion","proximity":5851,"opportunity":8631.6,"population":1066}},{"type":"Feature","id":115,"geometry":{"type":"Polygon","coordinates":[[[-0.54422,44.90003],[-0.54403,44.89997],[-0.54397,44.89969],[-0.54404,44.89965],[-0.54423,44.89971],[-0.54429,44.89999],[-0.54422,44.90003]]]},"properties":{"zone":3,"cell_type":"total isolation","proximity":790.5,"opportunity":2031,"population":4}},{"type":"Feature","id":116,"geometry":{"type":"Polygon","coordinates":[[[-0.60852,44.84566],[-0.60649,44.84502],[-0.60612,44.84338],[-0.60779,44.84241],[-0.60982,44.84305],[-0.61018,44.84469],[-0.60852,44.84566]]]},"properties":{"zone":1,"cell_type":"spatial isolation","proximity":4327.2,"opportunity":6445.6,"population":483}},{"type":"Feature","id":117,"geometry":{"type":"Polygon","coordinates":[[[-0.56506,44.82197],[-0.56278,44.82125],[-0.56238,44.81944],[-0.56426,44.81834],[-0.56654,44.81906],[-0.56694,44.82088],[-0.56506,44.82197]]]},"properties":{"zone":3,"cell_type":"total isolation","proximity":4071.9,"opportunity":6257.6,"population":1342}},{"type":"Feature","id":118,"geometry":{"type":"Polygon","coordinates":[[[-0.54954,44.82844],[-0.54789,44.82792],[-0.54759,44.82656],[-0.54892,44.82578],[-0.55058,44.8263],[-0.55088,44.82766],[-0.54954,44.82844]]]},"properties":{"zone":3,"cell_type":"total isolation","proximity":3283.6,"opportunity":4864.1,"population":186}},{"type":"Feature","id":119,"geometry":{"type":"Polygon","coordinates":[[[-0.55662,44.90819],[-0.55526,44.90776],[-0.555,44.90662],[-0.55609,44.90599],[-0.55745,44.90642],[-0.5577,44.90756],[-0.55662,44.90819]]]},"properties":{"zone":3,"cell_type":"total isolation","proximity":680.8,"opportunity":7.7,"population":87}},{"type":"Feature","id":120,"geometry":{"type":"Polygon","coordinates":[[[-0.58143,44.82884],[-0.57915,44.82812],[-0.57875,44.8263],[-0.58063,44.8252],[-0.58291,44.82592],[-0.58331,44.82774],[-0.58143,44.82884]]]},"properties":{"zone":0,"cell_type":"inclusion","proximity":5178.4,"opportunity":7242.3,"population":1018}},{"type":"Feature","id":121,"geometry":{"type":"Polygon","coordinates":[[[-0.54492,44.84593],[-0.54277,44.84525],[-0.54239,44.84353],[-0.54416,44.8425],[-0.54631,44.84318],[-0.54669,44.8449],[-0.54492,44.84593]]]},"properties":{"zone":3,"cell_type":"total isolation","proximity":3090,"opportunity":5728,"population":652}},{"type":"Feature","id":122,"geometry":{"type":"Polygon","coordinates":[[[-0.57674,44.84595],[-0.57446,44.84523],[-0.57406,44.84341],[-0.57594,44.84231],[-0.57822,44.84303],[-0.57862,44.84485],[-0.57674,44.84595]]]},"properties":{"zone":0,"cell_type":"inclusion","proximity":6198,"opportunity":9019.3,"population":1370}},{"type":"Feature","id":123,"geometry":{"type":"Polygon","coordinates":[[[-0.56048,44.87785],[-0.55838,44.87719],[-0.55801,44.8755],[-0.55973,44.8745],[-0.56183,44.87516],[-0.56221,44.87685],[-0.56048,44.87785]]]},"properties":{"zone":3,"cell_type":"total isolation","proximity":2329.6,"opportunity":4455.3,"population":577}},{"type":"Feature","id":124,"geometry":{"type":"Polygon","coordinates":[[[-0.56416,44.84652],[-0.56258,44.84603],[-0.56229,44.84472],[-0.56356,44.84398],[-0.56514,44.84448],[-0.56543,44.84578],[-0.56416,44.84652]]]},"properties":{"zone":1,"cell_type":"spatial isolation","proximity":4339.3,"opportunity":5981.4,"population":153}},{"type":"Feature","id":125,"geometry":{"type":"Polygon","coordinates":[[[-0.58654,44.84228],[-0.58426,44.84156],[-0.58385,44.83974],[-0.58573,44.83865],[-0.58802,44.83937],[-0.58842,44.84119],[-0.58654,44.84228]]]},"properties":{"zone":0,"cell_type":"inclusion","proximity":5884.7,"opportunity":8728.4,"population":1338}},{"type":"Feature","id":126,"geometry":{"type":"Polygon","coordinates":[[[-0.54576,44.89745],[-0.54515,44.89725],[-0.54502,44.89667],[-0.54545,44.89641],[-0.54607,44.89661],[-0.5462,44.8972],[-0.54576,44.89745]]]},"properties":{"zone":3,"cell_type":"total isolation","proximity":850.5,"opportunity":2032.8,"population":13}},{"type":"Feature","id":127,"geometry":{"type":"Polygon","coordinates":[[[-0.54973,44.86763],[-0.54772,44.86699],[-0.54736,44.86537],[-0.54901,44.86441],[-0.55102,44.86505],[-0.55138,44.86667],[-0.54973,44.86763]]]},"properties":{"zone":3,"cell_type":"total isolation","proximity":2761.5,"opportunity":5424.2,"population":463}},{"type":"Feature","id":128,"geometry":{"type":"Polygon","coordinates":[[[-0.58185,44.85939],[-0.57957,44.85867],[-0.57916,44.85685],[-0.58104,44.85575],[-0.58333,44.85647],[-0.58373,44.85829],[-0.58185,44.85939]]]},"properties":{"zone":1,"cell_type":"spatial isolation","proximity":4411.3,"opportunity":6448.5,"population":994}},{"type":"Feature","id":129,"geometry":{"type":"Polygon","coordinates":[[[-0.61,44.84277],[-0.60794,44.84212],[-0.60757,44.84046],[-0.60926,44.83948],[-0.61132,44.84013],[-0.61168,44.84178],[-0.61,44.84277]]]},"properties":{"zone":3,"cell_type":"total isolation","proximity":4190.9,"opportunity":6285.8,"population":515}},{"type":"Feature","id":130,"geometry":{"type":"Polygon","coordinates":[[[-0.57203,44.90109],[-0.57086,44.90072],[-0.57064,44.89972],[-0.57156,44.89919],[-0.57273,44.89956],[-0.57295,44.90056],[-0.57203,44.90109]]]},"properties":{"zone":3,"cell_type":"total isolation","proximity":994.3,"opportunity":2975.4,"population":54}},{"type":"Feature","id":131,"geometry":{"type":"Polygon","coordinates":[[[-0.63053,44.84917],[-0.62857,44.84855],[-0.62822,44.84697],[-0.62982,44.84604],[-0.63178,44.84666],[-0.63213,44.84824],[-0.63053,44.84917]]]},"properties":{"zone":3,"cell_type":"total isolation","proximity":2572,"opportunity":5118.3,"population":399}},{"type":"Feature","id":132,"geometry":{"type":"Polygon","coordinates":[[[-0.55107,44.82579],[-0.54908,44.82516],[-0.54872,44.82355],[-0.55035,44.8226],[-0.55234,44.82323],[-0.5527,44.82484],[-0.55107,44.82579]]]},"properties":{"zone":3,"cell_type":"total isolation","proximity":3592.4,"opportunity":6230,"population":439}},{"type":"Feature","id":133,"geometry":{"type":"Polygon","coordinates":[[[-0.62579,44.86597],[-0.62424,44.86548],[-0.62395,44.86419],[-0.6252,44.86347],[-0.62676,44.86396],[-0.62704,44.86524],[-0.62579,44.86597]]]},"properties":{"zone":3,"cell_type":"total isolation","proximity":2318.3,"opportunity":4079.6,"population":143}},{"type":"Feature","id":134,"geometry":{"type":"Polygon","coordinates":[[[-0.58291,44.82591],[-0.58065,44.82519],[-0.58025,44.82339],[-0.5821,44.82231],[-0.58436,44.82302],[-0.58476,44.82482],[-0.58291,44.82591]]]},"properties":{"zone":0,"cell_type":"inclusion","proximity":4744.6,"opportunity":7019.9,"population":862}},{"type":"Feature","id":135,"geometry":{"type":"Polygon","coordinates":[[[-0.62637,44.84957],[-0.62439,44.84894],[-0.62403,44.84734],[-0.62565,44.8464],[-0.62764,44.84702],[-0.628,44.84862],[-0.62637,44.84957]]]},"properties":{"zone":3,"cell_type":"total isolation","proximity":2906.4,"opportunity":5306.7,"population":428}},{"type":"Feature","id":136,"geometry":{"type":"Polygon","coordinates":[[[-0.57916,44.85685],[-0.57688,44.85613],[-0.57648,44.85431],[-0.57836,44.85322],[-0.58064,44.85394],[-0.58104,44.85575],[-0.57916,44.85685]]]},"properties":{"zone":0,"cell_type":"inclusion","proximity":4803.4,"opportunity":7129.7,"population":1425}},{"type":"Feature","id":137,"geometry":{"type":"Polygon","coordinates":[[[-0.56552,44.84301],[-0.56471,44.84276],[-0.56455,44.84202],[-0.56515,44.84167],[-0.56596,44.84192],[-0.56613,44.84266],[-0.56552,44.84301]]]},"properties":{"zone":0,"cell_type":"inclusion","proximity":5034,"opportunity":7051.4,"population":22}},{"type":"Feature","id":138,"geometry":{"type":"Polygon","coordinates":[[[-0.58802,44.83937],[-0.58573,44.83865],[-0.58533,44.83683],[-0.58721,44.83573],[-0.58949,44.83645],[-0.58989,44.83827],[-0.58802,44.83937]]]},"properties":{"zone":0,"cell_type":"inclusion","proximity":5864,"opportunity":8548.4,"population":1487}},{"type":"Feature","id":139,"geometry":{"type":"Polygon","coordinates":[[[-0.55867,44.88874],[-0.55706,44.88823],[-0.55677,44.88691],[-0.55806,44.88616],[-0.55967,44.88667],[-0.55996,44.88799],[-0.55867,44.88874]]]},"properties":{"zone":3,"cell_type":"total isolation","proximity":1292.8,"opportunity":2997.6,"population":162}},{"type":"Feature","id":140,"geometry":{"type":"Polygon","coordinates":[[[-0.55118,44.86455],[-0.54938,44.86398],[-0.54905,44.86252],[-0.55051,44.86167],[-0.55231,44.86223],[-0.55263,44.86369],[-0.55118,44.86455]]]},"properties":{"zone":3,"cell_type":"total isolation","proximity":3113.7,"opportunity":6110.1,"population":265}},{"type":"Feature","id":141,"geometry":{"type":"Polygon","coordinates":[[[-0.61242,44.85362],[-0.61042,44.85299],[-0.61006,44.85138],[-0.61169,44.85043],[-0.61369,44.85106],[-0.61405,44.85267],[-0.61242,44.85362]]]},"properties":{"zone":3,"cell_type":"total isolation","proximity":3924.4,"opportunity":6351.8,"population":444}},{"type":"Feature","id":142,"geometry":{"type":"Polygon","coordinates":[[[-0.55345,44.83653],[-0.55167,44.83597],[-0.55135,44.83451],[-0.5528,44.83367],[-0.55458,44.83423],[-0.5549,44.83568],[-0.55345,44.83653]]]},"properties":{"zone":3,"cell_type":"total isolation","proximity":3952.1,"opportunity":6118.2,"population":258}},{"type":"Feature","id":143,"geometry":{"type":"Polygon","coordinates":[[[-0.58533,44.83683],[-0.58305,44.83611],[-0.58264,44.83429],[-0.58452,44.83319],[-0.5868,44.83392],[-0.58721,44.83573],[-0.58533,44.83683]]]},"properties":{"zone":0,"cell_type":"inclusion","proximity":5802.2,"opportunity":8520.7,"population":1574}},{"type":"Feature","id":144,"geometry":{"type":"Polygon","coordinates":[[[-0.62784,44.84664],[-0.62588,44.84602],[-0.62553,44.84443],[-0.62713,44.8435],[-0.62909,44.84412],[-0.62945,44.8457],[-0.62784,44.84664]]]},"properties":{"zone":3,"cell_type":"total isolation","proximity":2803,"opportunity":4886.1,"population":404}},{"type":"Feature","id":145,"geometry":{"type":"Polygon","coordinates":[[[-0.54878,44.85376],[-0.54683,44.85315],[-0.54648,44.85157],[-0.54808,44.85064],[-0.55003,44.85126],[-0.55038,44.85283],[-0.54878,44.85376]]]},"properties":{"zone":3,"cell_type":"total isolation","proximity":3040.5,"opportunity":5171.1,"population":394}},{"type":"Feature","id":146,"geometry":{"type":"Polygon","coordinates":[[[-0.58064,44.85394],[-0.57836,44.85322],[-0.57795,44.8514],[-0.57983,44.8503],[-0.58212,44.85102],[-0.58252,44.85284],[-0.58064,44.85394]]]},"properties":{"zone":0,"cell_type":"inclusion","proximity":5191.9,"opportunity":7411.1,"population":1312}},{"type":"Feature","id":147,"geometry":{"type":"Polygon","coordinates":[[[-0.57473,44.86553],[-0.57252,44.86483],[-0.57213,44.86307],[-0.57394,44.86201],[-0.57615,44.86271],[-0.57654,44.86447],[-0.57473,44.86553]]]},"properties":{"zone":3,"cell_type":"total isolation","proximity":3725.9,"opportunity":6483.3,"population":752}},{"type":"Feature","id":148,"geometry":{"type":"Polygon","coordinates":[[[-0.54933,44.83708],[-0.54732,44.83644],[-0.54696,44.83483],[-0.5486,44.83387],[-0.55061,44.8345],[-0.55097,44.83612],[-0.54933,44.83708]]]},"properties":{"zone":3,"cell_type":"total isolation","proximity":3349.9,"opportunity":4625.1,"population":454}},{"type":"Feature","id":149,"geometry":{"type":"Polygon","coordinates":[[[-0.57164,44.8325],[-0.56936,44.83178],[-0.56896,44.82996],[-0.57083,44.82887],[-0.57312,44.82959],[-0.57352,44.83141],[-0.57164,44.8325]]]},"properties":{"zone":0,"cell_type":"inclusion","proximity":5738.2,"opportunity":8481.2,"population":1703}},{"type":"Feature","id":150,"geometry":{"type":"Polygon","coordinates":[[[-0.56161,44.88287],[-0.56007,44.88238],[-0.55978,44.8811],[-0.56102,44.88038],[-0.56257,44.88087],[-0.56285,44.88214],[-0.56161,44.88287]]]},"properties":{"zone":3,"cell_type":"total isolation","proximity":1834.4,"opportunity":3740.1,"population":139}},{"type":"Feature","id":151,"geometry":{"type":"Polygon","coordinates":[[[-0.56011,44.88564],[-0.55874,44.88521],[-0.55849,44.88407],[-0.55957,44.88344],[-0.56094,44.88387],[-0.56119,44.88501],[-0.56011,44.88564]]]},"properties":{"zone":3,"cell_type":"total isolation","proximity":1638,"opportunity":3230.9,"population":88}},{"type":"Feature","id":152,"geometry":{"type":"Polygon","coordinates":[[[-0.56824,44.84571],[-0.56722,44.84539],[-0.56702,44.8445],[-0.56781,44.84404],[-0.56883,44.84437],[-0.56902,44.84526],[-0.56824,44.84571]]]},"properties":{"zone":0,"cell_type":"inclusion","proximity":5817.2,"opportunity":8369.8,"population":37}},{"type":"Feature","id":153,"geometry":{"type":"Polygon","coordinates":[[[-0.56668,44.84821],[-0.5662,44.84805],[-0.56609,44.84756],[-0.56641,44.84738],[-0.56689,44.84753],[-0.567,44.84802],[-0.56668,44.84821]]]},"properties":{"zone":2,"cell_type":"social isolation","proximity":4163.3,"opportunity":7056.2,"population":9}},{"type":"Feature","id":154,"geometry":{"type":"Polygon","coordinates":[[[-0.6139,44.85075],[-0.61184,44.8501],[-0.61148,44.84845],[-0.61316,44.84747],[-0.61521,44.84812],[-0.61558,44.84977],[-0.6139,44.85075]]]},"properties":{"zone":3,"cell_type":"total isolation","proximity":3805.5,"opportunity":5737.5,"population":508}},{"type":"Feature","id":155,"geometry":{"type":"Polygon","coordinates":[[[-0.57644,44.89226],[-0.5754,44.89193],[-0.5752,44.89102],[-0.57601,44.89055],[-0.57705,44.89088],[-0.57725,44.89179],[-0.57644,44.89226]]]},"properties":{"zone":3,"cell_type":"total isolation","proximity":1003,"opportunity":43.5,"population":39}},{"type":"Feature","id":156,"geometry":{"type":"Polygon","coordinates":[[[-0.55479,44.83287],[-0.55396,44.83261],[-0.5538,44.83186],[-0.55441,44.8315],[-0.55524,44.83176],[-0.5554,44.83251],[-0.55479,44.83287]]]},"properties":{"zone":2,"cell_type":"social isolation","proximity":3360.5,"opportunity":7198.9,"population":22}},{"type":"Feature","id":157,"geometry":{"type":"Polygon","coordinates":[[[-0.5868,44.83392],[-0.58452,44.83319],[-0.58412,44.83138],[-0.586,44.83028],[-0.58828,44.831],[-0.58868,44.83282],[-0.5868,44.83392]]]},"properties":{"zone":0,"cell_type":"inclusion","proximity":5545.7,"opportunity":7852.6,"population":1453}},{"type":"Feature","id":158,"geometry":{"type":"Polygon","coordinates":[[[-0.63028,44.85756],[-0.62829,44.85693],[-0.62794,44.85533],[-0.62956,44.85439],[-0.63154,44.85501],[-0.6319,44.85661],[-0.63028,44.85756]]]},"properties":{"zone":3,"cell_type":"total isolation","proximity":2545.9,"opportunity":5131.1,"population":425}},{"type":"Feature","id":159,"geometry":{"type":"Polygon","coordinates":[[[-0.55072,44.8337],[-0.54931,44.83325],[-0.54905,44.83208],[-0.55017,44.83142],[-0.55158,44.83187],[-0.55184,44.83304],[-0.55072,44.8337]]]},"properties":{"zone":3,"cell_type":"total isolation","proximity":3667.8,"opportunity":5957.2,"population":99}},{"type":"Feature","id":160,"geometry":{"type":"Polygon","coordinates":[[[-0.57312,44.82959],[-0.57083,44.82887],[-0.57043,44.82705],[-0.57231,44.82595],[-0.57459,44.82668],[-0.57499,44.82849],[-0.57312,44.82959]]]},"properties":{"zone":0,"cell_type":"inclusion","proximity":5388.9,"opportunity":7927.1,"population":1510}},{"type":"Feature","id":161,"geometry":{"type":"Polygon","coordinates":[[[-0.54613,44.85136],[-0.54399,44.85069],[-0.54362,44.84898],[-0.54537,44.84796],[-0.5475,44.84864],[-0.54788,44.85034],[-0.54613,44.85136]]]},"properties":{"zone":3,"cell_type":"total isolation","proximity":3242.8,"opportunity":6033.8,"population":623}},{"type":"Feature","id":162,"geometry":{"type":"Polygon","coordinates":[[[-0.56253,44.89658],[-0.56111,44.89613],[-0.56085,44.89495],[-0.56198,44.89429],[-0.56341,44.89474],[-0.56367,44.89592],[-0.56253,44.89658]]]},"properties":{"zone":3,"cell_type":"total isolation","proximity":1220.4,"opportunity":3276.7,"population":101}},{"type":"Feature","id":163,"geometry":{"type":"Polygon","coordinates":[[[-0.63444,44.85718],[-0.63245,44.85656],[-0.6321,44.85496],[-0.63372,44.85401],[-0.63571,44.85464],[-0.63606,44.85624],[-0.63444,44.85718]]]},"properties":{"zone":3,"cell_type":"total isolation","proximity":2196.8,"opportunity":4610.5,"population":429}},{"type":"Feature","id":164,"geometry":{"type":"Polygon","coordinates":[[[-0.55137,44.81761],[-0.54914,44.8169],[-0.54875,44.81512],[-0.55058,44.81405],[-0.55281,44.81476],[-0.55321,44.81654],[-0.55137,44.81761]]]},"properties":{"zone":3,"cell_type":"total isolation","proximity":2597.5,"opportunity":5180.8,"population":802}},{"type":"Feature","id":165,"geometry":{"type":"Polygon","coordinates":[[[-0.59753,44.84397],[-0.59538,44.84329],[-0.59499,44.84157],[-0.59676,44.84054],[-0.59891,44.84121],[-0.59929,44.84294],[-0.59753,44.84397]]]},"properties":{"zone":0,"cell_type":"inclusion","proximity":5162.4,"opportunity":7739.2,"population":652}},{"type":"Feature","id":166,"geometry":{"type":"Polygon","coordinates":[[[-0.57792,44.88932],[-0.5769,44.889],[-0.57671,44.88812],[-0.57749,44.88766],[-0.5785,44.88798],[-0.5787,44.88887],[-0.57792,44.88932]]]},"properties":{"zone":3,"cell_type":"total isolation","proximity":1299.9,"opportunity":14,"population":36}},{"type":"Feature","id":167,"geometry":{"type":"Polygon","coordinates":[[[-0.54535,44.90536],[-0.54535,44.90536],[-0.54532,44.90523],[-0.54532,44.90523],[-0.54535,44.90536]]]},"properties":{"zone":3,"cell_type":"total isolation","proximity":630.7,"opportunity":0.9,"population":2}},{"type":"Feature","id":168,"geometry":{"type":"Polygon","coordinates":[[[-0.61216,44.86199],[-0.61015,44.86136],[-0.60979,44.85975],[-0.61143,44.85879],[-0.61344,44.85943],[-0.61379,44.86104],[-0.61216,44.86199]]]},"properties":{"zone":3,"cell_type":"total isolation","proximity":3365,"opportunity":5309,"population":449}},{"type":"Feature","id":169,"geometry":{"type":"Polygon","coordinates":[[[-0.63176,44.85471],[-0.6297,44.85406],[-0.62933,44.8524],[-0.63102,44.85141],[-0.63309,44.85206],[-0.63346,44.85372],[-0.63176,44.85471]]]},"properties":{"zone":3,"cell_type":"total isolation","proximity":2479.2,"opportunity":4397.9,"population":526}},{"type":"Feature","id":170,"geometry":{"type":"Polygon","coordinates":[[[-0.55325,44.84525],[-0.55101,44.84454],[-0.55062,44.84275],[-0.55246,44.84168],[-0.5547,44.84239],[-0.5551,44.84417],[-0.55325,44.84525]]]},"properties":{"zone":2,"cell_type":"social isolation","proximity":4145.7,"opportunity":7007.4,"population":822}},{"type":"Feature","id":171,"geometry":{"type":"Polygon","coordinates":[[[-0.5408,44.88474],[-0.53925,44.88425],[-0.53896,44.88297],[-0.54021,44.88224],[-0.54177,44.88273],[-0.54205,44.88401],[-0.5408,44.88474]]]},"properties":{"zone":3,"cell_type":"total isolation","proximity":1464.5,"opportunity":4124.3,"population":143}},{"type":"Feature","id":172,"geometry":{"type":"Polygon","coordinates":[[[-0.57553,44.84049],[-0.57325,44.83977],[-0.57285,44.83796],[-0.57473,44.83686],[-0.57701,44.83758],[-0.57741,44.8394],[-0.57553,44.84049]]]},"properties":{"zone":0,"cell_type":"inclusion","proximity":6343.5,"opportunity":9095.8,"population":1257}},{"type":"Feature","id":173,"geometry":{"type":"Polygon","coordinates":[[[-0.56402,44.89374],[-0.56251,44.89326],[-0.56224,44.89202],[-0.56345,44.89131],[-0.56496,44.89179],[-0.56524,44.89304],[-0.56402,44.89374]]]},"properties":{"zone":3,"cell_type":"total isolation","proximity":1250.7,"opportunity":3270.8,"population":127}},{"type":"Feature","id":174,"geometry":{"type":"Polygon","coordinates":[[[-0.53868,44.86561],[-0.53696,44.86506],[-0.53665,44.86366],[-0.53804,44.86284],[-0.53977,44.86339],[-0.54008,44.8648],[-0.53868,44.86561]]]},"properties":{"zone":3,"cell_type":"total isolation","proximity":1692.9,"opportunity":2867.3,"population":222}},{"type":"Feature","id":175,"geometry":{"type":"Polygon","coordinates":[[[-0.57084,44.8576],[-0.56856,44.85688],[-0.56816,44.85506],[-0.57004,44.85397],[-0.57232,44.85469],[-0.57272,44.8565],[-0.57084,44.8576]]]},"properties":{"zone":0,"cell_type":"inclusion","proximity":4800.6,"opportunity":7712.4,"population":1001}},{"type":"Feature","id":176,"geometry":{"type":"Polygon","coordinates":[[[-0.54813,44.90806],[-0.54788,44.90799],[-0.54781,44.90767],[-0.54792,44.9076],[-0.54817,44.90768],[-0.54824,44.908],[-0.54813,44.90806]]]},"properties":{"zone":3,"cell_type":"total isolation","proximity":549.4,"opportunity":0.8,"population":5}},{"type":"Feature","id":177,"geometry":{"type":"Polygon","coordinates":[[[-0.59901,44.8411],[-0.5968,44.8404],[-0.5964,44.83863],[-0.59822,44.83757],[-0.60044,44.83827],[-0.60083,44.84004],[-0.59901,44.8411]]]},"properties":{"zone":0,"cell_type":"inclusion","proximity":5092,"opportunity":7760.4,"population":770}},{"type":"Feature","id":178,"geometry":{"type":"Polygon","coordinates":[[[-0.61831,44.84194],[-0.61634,44.84132],[-0.61598,44.83973],[-0.61759,44.83879],[-0.61956,44.83942],[-0.61992,44.841],[-0.61831,44.84194]]]},"properties":{"zone":3,"cell_type":"total isolation","proximity":3460.7,"opportunity":4770.8,"population":413}},{"type":"Feature","id":179,"geometry":{"type":"Polygon","coordinates":[[[-0.61362,44.85904],[-0.61167,44.85842],[-0.61132,44.85685],[-0.61291,44.85592],[-0.61487,44.85654],[-0.61522,44.85811],[-0.61362,44.85904]]]},"properties":{"zone":3,"cell_type":"total isolation","proximity":3468.3,"opportunity":5609.1,"population":393}},{"type":"Feature","id":180,"geometry":{"type":"Polygon","coordinates":[[[-0.62464,44.86085],[-0.62266,44.86022],[-0.6223,44.85863],[-0.62392,44.85768],[-0.6259,44.85831],[-0.62626,44.8599],[-0.62464,44.86085]]]},"properties":{"zone":3,"cell_type":"total isolation","proximity":2783.7,"opportunity":5284.5,"population":421}},{"type":"Feature","id":181,"geometry":{"type":"Polygon","coordinates":[[[-0.55472,44.8423],[-0.55252,44.84161],[-0.55214,44.83985],[-0.55394,44.8388],[-0.55614,44.83949],[-0.55653,44.84125],[-0.55472,44.8423]]]},"properties":{"zone":0,"cell_type":"inclusion","proximity":4343.1,"opportunity":6868.4,"population":739}},{"type":"Feature","id":182,"geometry":{"type":"Polygon","coordinates":[[[-0.62997,44.86567],[-0.62831,44.86515],[-0.62801,44.86379],[-0.62935,44.86301],[-0.63101,44.86353],[-0.63131,44.86489],[-0.62997,44.86567]]]},"properties":{"zone":3,"cell_type":"total isolation","proximity":2166.2,"opportunity":3846.1,"population":186}},{"type":"Feature","id":183,"geometry":{"type":"Polygon","coordinates":[[[-0.56866,44.83818],[-0.56658,44.83752],[-0.56621,44.83585],[-0.56791,44.83485],[-0.56999,44.83551],[-0.57037,44.83718],[-0.56866,44.83818]]]},"properties":{"zone":0,"cell_type":"inclusion","proximity":5904.8,"opportunity":8586.8,"population":548}},{"type":"Feature","id":184,"geometry":{"type":"Polygon","coordinates":[[[-0.57701,44.83758],[-0.57473,44.83686],[-0.57432,44.83504],[-0.5762,44.83395],[-0.57848,44.83467],[-0.57889,44.83648],[-0.57701,44.83758]]]},"properties":{"zone":0,"cell_type":"inclusion","proximity":6186.4,"opportunity":8952,"population":1570}},{"type":"Feature","id":185,"geometry":{"type":"Polygon","coordinates":[[[-0.5477,44.88715],[-0.54583,44.88656],[-0.54549,44.88505],[-0.54701,44.88416],[-0.54888,44.88475],[-0.54921,44.88626],[-0.5477,44.88715]]]},"properties":{"zone":3,"cell_type":"total isolation","proximity":1399.9,"opportunity":3651.4,"population":316}},{"type":"Feature","id":186,"geometry":{"type":"Polygon","coordinates":[[[-0.54017,44.86273],[-0.5384,44.86217],[-0.53808,44.86073],[-0.53951,44.85989],[-0.54128,44.86045],[-0.5416,44.8619],[-0.54017,44.86273]]]},"properties":{"zone":3,"cell_type":"total isolation","proximity":2185.2,"opportunity":4943.4,"population":248}},{"type":"Feature","id":187,"geometry":{"type":"Polygon","coordinates":[[[-0.60138,44.85169],[-0.59956,44.85112],[-0.59924,44.84965],[-0.60071,44.84879],[-0.60252,44.84936],[-0.60285,44.85083],[-0.60138,44.85169]]]},"properties":{"zone":0,"cell_type":"inclusion","proximity":4612.2,"opportunity":6980.6,"population":275}},{"type":"Feature","id":188,"geometry":{"type":"Polygon","coordinates":[[[-0.56218,44.90451],[-0.56132,44.90424],[-0.56115,44.90347],[-0.5618,44.90309],[-0.56266,44.90336],[-0.56283,44.90413],[-0.56218,44.90451]]]},"properties":{"zone":3,"cell_type":"total isolation","proximity":832.4,"opportunity":39.6,"population":24}},{"type":"Feature","id":189,"geometry":{"type":"Polygon","coordinates":[[[-0.54116,44.82881],[-0.53999,44.82844],[-0.53977,44.82744],[-0.54068,44.82691],[-0.54185,44.82728],[-0.54207,44.82827],[-0.54116,44.82881]]]},"properties":{"zone":3,"cell_type":"total isolation","proximity":2517.5,"opportunity":4940.5,"population":53}},{"type":"Feature","id":190,"geometry":{"type":"Polygon","coordinates":[[[-0.54377,44.879],[-0.54211,44.87847],[-0.54181,44.87712],[-0.54315,44.87634],[-0.54481,44.87686],[-0.54511,44.87822],[-0.54377,44.879]]]},"properties":{"zone":3,"cell_type":"total isolation","proximity":1910.1,"opportunity":5322.6,"population":186}},{"type":"Feature","id":191,"geometry":{"type":"Polygon","coordinates":[[[-0.59724,44.85221],[-0.59525,44.85158],[-0.59489,44.84998],[-0.59652,44.84903],[-0.59851,44.84966],[-0.59887,44.85126],[-0.59724,44.85221]]]},"properties":{"zone":0,"cell_type":"inclusion","proximity":4560,"opportunity":7090.9,"population":434}},{"type":"Feature","id":192,"geometry":{"type":"Polygon","coordinates":[[[-0.57338,44.82122],[-0.57111,44.8205],[-0.5707,44.81869],[-0.57258,44.81759],[-0.57485,44.81831],[-0.57525,44.82013],[-0.57338,44.82122]]]},"properties":{"zone":0,"cell_type":"inclusion","proximity":4330.6,"opportunity":6721.8,"population":896}},{"type":"Feature","id":193,"geometry":{"type":"Polygon","coordinates":[[[-0.56373,44.8638],[-0.56145,44.86308],[-0.56105,44.86126],[-0.56292,44.86017],[-0.56521,44.86089],[-0.56561,44.8627],[-0.56373,44.8638]]]},"properties":{"zone":3,"cell_type":"total isolation","proximity":3681,"opportunity":5992.9,"population":1230}},{"type":"Feature","id":194,"geometry":{"type":"Polygon","coordinates":[[[-0.56748,44.83288],[-0.5652,44.83216],[-0.5648,44.83034],[-0.56667,44.82924],[-0.56896,44.82996],[-0.56936,44.83178],[-0.56748,44.83288]]]},"properties":{"zone":0,"cell_type":"inclusion","proximity":5606.2,"opportunity":8209.1,"population":1263}},{"type":"Feature","id":195,"geometry":{"type":"Polygon","coordinates":[[[-0.63148,44.86296],[-0.62956,44.86235],[-0.62922,44.8608],[-0.63078,44.85989],[-0.6327,44.8605],[-0.63305,44.86205],[-0.63148,44.86296]]]},"properties":{"zone":3,"cell_type":"total isolation","proximity":2269.7,"opportunity":5001.2,"population":361}},{"type":"Feature","id":196,"geometry":{"type":"Polygon","coordinates":[[[-0.58975,44.82809],[-0.58747,44.82737],[-0.58707,44.82555],[-0.58895,44.82445],[-0.59123,44.82517],[-0.59163,44.82699],[-0.58975,44.82809]]]},"properties":{"zone":0,"cell_type":"inclusion","proximity":4755.4,"opportunity":7059.8,"population":921}},{"type":"Feature","id":197,"geometry":{"type":"Polygon","coordinates":[[[-0.54918,44.8843],[-0.54723,44.88369],[-0.54689,44.88211],[-0.54848,44.88119],[-0.55043,44.8818],[-0.55078,44.88338],[-0.54918,44.8843]]]},"properties":{"zone":3,"cell_type":"total isolation","proximity":1732,"opportunity":3821.1,"population":391}},{"type":"Feature","id":198,"geometry":{"type":"Polygon","coordinates":[[[-0.55295,44.85343],[-0.55094,44.8528],[-0.55059,44.85118],[-0.55223,44.85022],[-0.55423,44.85086],[-0.55459,44.85248],[-0.55295,44.85343]]]},"properties":{"zone":3,"cell_type":"total isolation","proximity":3187,"opportunity":5635.3,"population":454}},{"type":"Feature","id":199,"geometry":{"type":"Polygon","coordinates":[[[-0.58507,44.8452],[-0.58278,44.84447],[-0.58238,44.84266],[-0.58426,44.84156],[-0.58654,44.84228],[-0.58694,44.8441],[-0.58507,44.8452]]]},"properties":{"zone":0,"cell_type":"inclusion","proximity":5922,"opportunity":8500.2,"population":1338}},{"type":"Feature","id":200,"geometry":{"type":"Polygon","coordinates":[[[-0.55675,44.82272],[-0.55447,44.822],[-0.55406,44.82019],[-0.55594,44.81909],[-0.55822,44.81981],[-0.55862,44.82163],[-0.55675,44.82272]]]},"properties":{"zone":3,"cell_type":"total isolation","proximity":3499.9,"opportunity":6078.8,"population":1279}},{"type":"Feature","id":201,"geometry":{"type":"Polygon","coordinates":[[[-0.56848,44.88512],[-0.56682,44.8846],[-0.56651,44.88324],[-0.56785,44.88246],[-0.56951,44.88298],[-0.56982,44.88434],[-0.56848,44.88512]]]},"properties":{"zone":3,"cell_type":"total isolation","proximity":2011.9,"opportunity":4643.3,"population":187}},{"type":"Feature","id":202,"geometry":{"type":"Polygon","coordinates":[[[-0.60288,44.84894],[-0.60086,44.8483],[-0.6005,44.84668],[-0.60215,44.84571],[-0.60418,44.84635],[-0.60454,44.84798],[-0.60288,44.84894]]]},"properties":{"zone":0,"cell_type":"inclusion","proximity":4687.1,"opportunity":7098,"population":472}},{"type":"Feature","id":203,"geometry":{"type":"Polygon","coordinates":[[[-0.5707,44.81868],[-0.56842,44.81796],[-0.56802,44.81615],[-0.56989,44.81505],[-0.57217,44.81577],[-0.57257,44.81759],[-0.5707,44.81868]]]},"properties":{"zone":3,"cell_type":"total isolation","proximity":3786,"opportunity":6282.4,"population":906}},{"type":"Feature","id":204,"geometry":{"type":"Polygon","coordinates":[[[-0.56374,44.90201],[-0.56235,44.90157],[-0.5621,44.90041],[-0.5632,44.89977],[-0.56459,44.90021],[-0.56484,44.90137],[-0.56374,44.90201]]]},"properties":{"zone":3,"cell_type":"total isolation","proximity":946.1,"opportunity":2960.2,"population":93}},{"type":"Feature","id":205,"geometry":{"type":"Polygon","coordinates":[[[-0.60345,44.83241],[-0.60116,44.83169],[-0.60076,44.82987],[-0.60264,44.82878],[-0.60492,44.8295],[-0.60532,44.83131],[-0.60345,44.83241]]]},"properties":{"zone":0,"cell_type":"inclusion","proximity":4434.6,"opportunity":7133.4,"population":911}},{"type":"Feature","id":206,"geometry":{"type":"Polygon","coordinates":[[[-0.54258,44.82562],[-0.54176,44.82536],[-0.5416,44.82462],[-0.54221,44.82427],[-0.54303,44.82453],[-0.54319,44.82527],[-0.54258,44.82562]]]},"properties":{"zone":3,"cell_type":"total isolation","proximity":3056.9,"opportunity":4788.8,"population":22}},{"type":"Feature","id":207,"geometry":{"type":"Polygon","coordinates":[[[-0.54525,44.8761],[-0.54357,44.87557],[-0.54327,44.8742],[-0.54463,44.87341],[-0.54631,44.87394],[-0.54661,44.87531],[-0.54525,44.8761]]]},"properties":{"zone":3,"cell_type":"total isolation","proximity":2042.1,"opportunity":5434.4,"population":197}},{"type":"Feature","id":208,"geometry":{"type":"Polygon","coordinates":[[[-0.59873,44.84937],[-0.59664,44.84871],[-0.59627,44.84704],[-0.59798,44.84604],[-0.60007,44.8467],[-0.60044,44.84837],[-0.59873,44.84937]]]},"properties":{"zone":0,"cell_type":"inclusion","proximity":4787.4,"opportunity":7502.2,"population":554}},{"type":"Feature","id":209,"geometry":{"type":"Polygon","coordinates":[[[-0.58003,44.90838],[-0.57929,44.90814],[-0.57914,44.90746],[-0.57968,44.90714],[-0.58043,44.90737],[-0.58058,44.90806],[-0.58003,44.90838]]]},"properties":{"zone":3,"cell_type":"total isolation","proximity":657.2,"opportunity":1257.3,"population":18}},{"type":"Feature","id":210,"geometry":{"type":"Polygon","coordinates":[[[-0.56896,44.82996],[-0.56667,44.82924],[-0.56627,44.82743],[-0.56815,44.82633],[-0.57043,44.82705],[-0.57083,44.82887],[-0.56896,44.82996]]]},"properties":{"zone":0,"cell_type":"inclusion","proximity":5348,"opportunity":7844.3,"population":1608}},{"type":"Feature","id":211,"geometry":{"type":"Polygon","coordinates":[[[-0.55147,44.8945],[-0.55042,44.89417],[-0.55022,44.89326],[-0.55103,44.89279],[-0.55208,44.89312],[-0.55228,44.89403],[-0.55147,44.8945]]]},"properties":{"zone":3,"cell_type":"total isolation","proximity":1020.6,"opportunity":2227.7,"population":40}},{"type":"Feature","id":212,"geometry":{"type":"Polygon","coordinates":[[[-0.55444,44.8506],[-0.55233,44.84994],[-0.55195,44.84824],[-0.55369,44.84723],[-0.5558,44.8479],[-0.55618,44.84959],[-0.55444,44.8506]]]},"properties":{"zone":3,"cell_type":"total isolation","proximity":2975.8,"opportunity":6191.9,"population":598}},{"type":"Feature","id":213,"geometry":{"type":"Polygon","coordinates":[[[-0.56994,44.88212],[-0.56839,44.88163],[-0.56811,44.88036],[-0.56935,44.87963],[-0.57089,44.88012],[-0.57118,44.8814],[-0.56994,44.88212]]]},"properties":{"zone":3,"cell_type":"total isolation","proximity":2295,"opportunity":4667.9,"population":140}},{"type":"Feature","id":214,"geometry":{"type":"Polygon","coordinates":[[[-0.57216,44.81574],[-0.56993,44.81503],[-0.56953,44.81324],[-0.57137,44.81217],[-0.57361,44.81288],[-0.574,44.81466],[-0.57216,44.81574]]]},"properties":{"zone":3,"cell_type":"total isolation","proximity":3534.5,"opportunity":6281.9,"population":810}},{"type":"Feature","id":215,"geometry":{"type":"Polygon","coordinates":[[[-0.54738,44.89526],[-0.54583,44.89477],[-0.54555,44.8935],[-0.54679,44.89277],[-0.54834,44.89326],[-0.54862,44.89454],[-0.54738,44.89526]]]},"properties":{"zone":3,"cell_type":"total isolation","proximity":1115.4,"opportunity":2111.9,"population":140}},{"type":"Feature","id":216,"geometry":{"type":"Polygon","coordinates":[[[-0.60491,44.82944],[-0.6027,44.82874],[-0.60231,44.82698],[-0.60412,44.82592],[-0.60633,44.82662],[-0.60672,44.82838],[-0.60491,44.82944]]]},"properties":{"zone":3,"cell_type":"total isolation","proximity":4013.5,"opportunity":6523.2,"population":752}},{"type":"Feature","id":217,"geometry":{"type":"Polygon","coordinates":[[[-0.56763,44.87179],[-0.56534,44.87107],[-0.56494,44.86925],[-0.56682,44.86816],[-0.5691,44.86888],[-0.5695,44.87069],[-0.56763,44.87179]]]},"properties":{"zone":3,"cell_type":"total isolation","proximity":3242.5,"opportunity":5700.7,"population":1023}},{"type":"Feature","id":218,"geometry":{"type":"Polygon","coordinates":[[[-0.57133,44.84063],[-0.56936,44.84],[-0.56901,44.83842],[-0.57061,44.83748],[-0.57258,44.8381],[-0.57294,44.83969],[-0.57133,44.84063]]]},"properties":{"zone":0,"cell_type":"inclusion","proximity":6195.5,"opportunity":8749.6,"population":412}},{"type":"Feature","id":219,"geometry":{"type":"Polygon","coordinates":[[[-0.59365,44.83608],[-0.59137,44.83536],[-0.59096,44.83354],[-0.59284,44.83244],[-0.59512,44.83316],[-0.59553,44.83498],[-0.59365,44.83608]]]},"properties":{"zone":0,"cell_type":"inclusion","proximity":5158.4,"opportunity":7491.1,"population":1068}},{"type":"Feature","id":220,"geometry":{"type":"Polygon","coordinates":[[[-0.54351,44.88739],[-0.54182,44.88685],[-0.54151,44.88547],[-0.54288,44.88467],[-0.54457,44.88521],[-0.54487,44.88659],[-0.54351,44.88739]]]},"properties":{"zone":3,"cell_type":"total isolation","proximity":1342.9,"opportunity":4005.4,"population":202}},{"type":"Feature","id":221,"geometry":{"type":"Polygon","coordinates":[[[-0.55274,44.8908],[-0.55274,44.8908],[-0.55271,44.89067],[-0.55271,44.89067],[-0.55274,44.8908]]]},"properties":{"zone":3,"cell_type":"total isolation","proximity":1049.5,"opportunity":2354.5,"population":2}},{"type":"Feature","id":222,"geometry":{"type":"Polygon","coordinates":[[[-0.55683,44.86137],[-0.5549,44.86076],[-0.55455,44.85919],[-0.55613,44.85827],[-0.55807,44.85888],[-0.55841,44.86045],[-0.55683,44.86137]]]},"properties":{"zone":3,"cell_type":"total isolation","proximity":3650.2,"opportunity":6463.3,"population":379}},{"type":"Feature","id":223,"geometry":{"type":"Polygon","coordinates":[[[-0.58894,44.85308],[-0.58679,44.8524],[-0.58641,44.85068],[-0.58817,44.84966],[-0.59032,44.85033],[-0.59071,44.85205],[-0.58894,44.85308]]]},"properties":{"zone":0,"cell_type":"inclusion","proximity":5147.6,"opportunity":7168.1,"population":648}},{"type":"Feature","id":224,"geometry":{"type":"Polygon","coordinates":[[[-0.55364,44.8757],[-0.55152,44.87503],[-0.55114,44.87333],[-0.55288,44.87232],[-0.555,44.87299],[-0.55538,44.87469],[-0.55364,44.8757]]]},"properties":{"zone":3,"cell_type":"total isolation","proximity":2494.3,"opportunity":5521.9,"population":603}},{"type":"Feature","id":225,"geometry":{"type":"Polygon","coordinates":[[[-0.54886,44.89237],[-0.54729,44.89187],[-0.547,44.89058],[-0.54826,44.88984],[-0.54984,44.89034],[-0.55013,44.89164],[-0.54886,44.89237]]]},"properties":{"zone":3,"cell_type":"total isolation","proximity":1336.4,"opportunity":3082.4,"population":150}},{"type":"Feature","id":226,"geometry":{"type":"Polygon","coordinates":[[[-0.60733,44.84034],[-0.60513,44.83964],[-0.60474,44.83789],[-0.60655,44.83683],[-0.60875,44.83752],[-0.60914,44.83928],[-0.60733,44.84034]]]},"properties":{"zone":0,"cell_type":"inclusion","proximity":4455.9,"opportunity":7014.1,"population":741}},{"type":"Feature","id":227,"geometry":{"type":"Polygon","coordinates":[[[-0.60253,44.85685],[-0.6011,44.8564],[-0.60083,44.8552],[-0.60198,44.85454],[-0.60341,44.85499],[-0.60368,44.85618],[-0.60253,44.85685]]]},"properties":{"zone":3,"cell_type":"total isolation","proximity":4204.8,"opportunity":6327.7,"population":105}},{"type":"Feature","id":228,"geometry":{"type":"Polygon","coordinates":[[[-0.57285,44.83796],[-0.57057,44.83723],[-0.57017,44.83542],[-0.57204,44.83432],[-0.57432,44.83504],[-0.57473,44.83686],[-0.57285,44.83796]]]},"properties":{"zone":0,"cell_type":"inclusion","proximity":6137.6,"opportunity":8746.4,"population":1323}},{"type":"Feature","id":229,"geometry":{"type":"Polygon","coordinates":[[[-0.61899,44.86409],[-0.61707,44.86348],[-0.61673,44.86193],[-0.61829,44.86102],[-0.62021,44.86163],[-0.62056,44.86318],[-0.61899,44.86409]]]},"properties":{"zone":3,"cell_type":"total isolation","proximity":2764.2,"opportunity":5066.6,"population":362}},{"type":"Feature","id":230,"geometry":{"type":"Polygon","coordinates":[[[-0.59512,44.83316],[-0.59284,44.83244],[-0.59244,44.83063],[-0.59432,44.82953],[-0.5966,44.83025],[-0.597,44.83207],[-0.59512,44.83316]]]},"properties":{"zone":0,"cell_type":"inclusion","proximity":4893,"opportunity":7584.1,"population":1166}},{"type":"Feature","id":231,"geometry":{"type":"Polygon","coordinates":[[[-0.54501,44.88463],[-0.54312,44.88403],[-0.54279,44.8825],[-0.54433,44.88161],[-0.54621,44.8822],[-0.54655,44.88373],[-0.54501,44.88463]]]},"properties":{"zone":3,"cell_type":"total isolation","proximity":1499.4,"opportunity":4125.5,"population":335}},{"type":"Feature","id":232,"geometry":{"type":"Polygon","coordinates":[[[-0.55821,44.85792],[-0.55696,44.85753],[-0.55672,44.85647],[-0.55771,44.85589],[-0.55896,44.85629],[-0.55919,44.85735],[-0.55821,44.85792]]]},"properties":{"zone":3,"cell_type":"total isolation","proximity":3905.2,"opportunity":6695.4,"population":66}},{"type":"Feature","id":233,"geometry":{"type":"Polygon","coordinates":[[[-0.55512,44.87281],[-0.55297,44.87213],[-0.55259,44.87041],[-0.55435,44.86938],[-0.55651,44.87006],[-0.55689,44.87178],[-0.55512,44.87281]]]},"properties":{"zone":3,"cell_type":"total isolation","proximity":2739.2,"opportunity":5386.6,"population":658}},{"type":"Feature","id":234,"geometry":{"type":"Polygon","coordinates":[[[-0.55121,44.90293],[-0.55008,44.90257],[-0.54986,44.9016],[-0.55075,44.90108],[-0.55188,44.90144],[-0.5521,44.90242],[-0.55121,44.90293]]]},"properties":{"zone":3,"cell_type":"total isolation","proximity":822.4,"opportunity":2031.5,"population":49}},{"type":"Feature","id":235,"geometry":{"type":"Polygon","coordinates":[[[-0.6088,44.8374],[-0.60663,44.83672],[-0.60624,44.83498],[-0.60803,44.83393],[-0.6102,44.83462],[-0.61059,44.83636],[-0.6088,44.8374]]]},"properties":{"zone":2,"cell_type":"social isolation","proximity":4235.4,"opportunity":6857.9,"population":695}},{"type":"Feature","id":236,"geometry":{"type":"Polygon","coordinates":[[[-0.5447,44.89273],[-0.54314,44.89224],[-0.54285,44.89096],[-0.5441,44.89023],[-0.54566,44.89072],[-0.54595,44.892],[-0.5447,44.89273]]]},"properties":{"zone":3,"cell_type":"total isolation","proximity":1198.3,"opportunity":3036.7,"population":144}},{"type":"Feature","id":237,"geometry":{"type":"Polygon","coordinates":[[[-0.61537,44.84781],[-0.61335,44.84717],[-0.61298,44.84555],[-0.61464,44.84458],[-0.61666,44.84522],[-0.61702,44.84685],[-0.61537,44.84781]]]},"properties":{"zone":3,"cell_type":"total isolation","proximity":3813.4,"opportunity":6338.7,"population":469}},{"type":"Feature","id":238,"geometry":{"type":"Polygon","coordinates":[[[-0.56238,44.81944],[-0.5601,44.81871],[-0.5597,44.8169],[-0.56157,44.8158],[-0.56385,44.81652],[-0.56426,44.81834],[-0.56238,44.81944]]]},"properties":{"zone":3,"cell_type":"total isolation","proximity":3540.6,"opportunity":5990.8,"population":1397}},{"type":"Feature","id":239,"geometry":{"type":"Polygon","coordinates":[[[-0.55642,44.83077],[-0.55454,44.83018],[-0.55421,44.82866],[-0.55573,44.82777],[-0.55761,44.82836],[-0.55795,44.82988],[-0.55642,44.83077]]]},"properties":{"zone":0,"cell_type":"inclusion","proximity":4333.7,"opportunity":6913.6,"population":325}},{"type":"Feature","id":240,"geometry":{"type":"Polygon","coordinates":[[[-0.62047,44.86121],[-0.61851,44.86059],[-0.61816,44.85901],[-0.61976,44.85807],[-0.62172,44.85869],[-0.62208,44.86027],[-0.62047,44.86121]]]},"properties":{"zone":3,"cell_type":"total isolation","proximity":2927.3,"opportunity":5361.2,"population":401}},{"type":"Feature","id":241,"geometry":{"type":"Polygon","coordinates":[[[-0.55392,44.90557],[-0.55265,44.90517],[-0.55242,44.9041],[-0.55341,44.90352],[-0.55468,44.90392],[-0.55491,44.90499],[-0.55392,44.90557]]]},"properties":{"zone":3,"cell_type":"total isolation","proximity":727.1,"opportunity":2028.7,"population":68}},{"type":"Feature","id":242,"geometry":{"type":"Polygon","coordinates":[[[-0.57875,44.8263],[-0.57647,44.82558],[-0.57606,44.82376],[-0.57794,44.82267],[-0.58022,44.82339],[-0.58063,44.8252],[-0.57875,44.8263]]]},"properties":{"zone":0,"cell_type":"inclusion","proximity":4954.5,"opportunity":7773.6,"population":934}},{"type":"Feature","id":243,"geometry":{"type":"Polygon","coordinates":[[[-0.54196,44.85171],[-0.53986,44.85105],[-0.53949,44.84937],[-0.54121,44.84836],[-0.54331,44.84903],[-0.54368,44.85071],[-0.54196,44.85171]]]},"properties":{"zone":3,"cell_type":"total isolation","proximity":3000.3,"opportunity":6118.3,"population":570}},{"type":"Feature","id":244,"geometry":{"type":"Polygon","coordinates":[[[-0.57404,44.84331],[-0.57189,44.84263],[-0.57151,44.8409],[-0.57327,44.83987],[-0.57542,44.84055],[-0.57581,44.84228],[-0.57404,44.84331]]]},"properties":{"zone":0,"cell_type":"inclusion","proximity":6305.8,"opportunity":8984.2,"population":653}},{"type":"Feature","id":245,"geometry":{"type":"Polygon","coordinates":[[[-0.55727,44.88229],[-0.55694,44.88219],[-0.55686,44.88181],[-0.55704,44.8817],[-0.55737,44.88181],[-0.55745,44.88218],[-0.55727,44.88229]]]},"properties":{"zone":3,"cell_type":"total isolation","proximity":1828.1,"opportunity":3587.5,"population":6}},{"type":"Feature","id":246,"geometry":{"type":"Polygon","coordinates":[[[-0.59337,44.84436],[-0.5912,44.84367],[-0.59081,44.84194],[-0.5926,44.84089],[-0.59477,44.84158],[-0.59516,44.84332],[-0.59337,44.84436]]]},"properties":{"zone":0,"cell_type":"inclusion","proximity":5500.8,"opportunity":7805.3,"population":694}},{"type":"Feature","id":247,"geometry":{"type":"Polygon","coordinates":[[[-0.55274,44.90028],[-0.55127,44.89981],[-0.551,44.8986],[-0.55218,44.89792],[-0.55364,44.89838],[-0.55391,44.89959],[-0.55274,44.90028]]]},"properties":{"zone":3,"cell_type":"total isolation","proximity":976.1,"opportunity":2109.4,"population":113}},{"type":"Feature","id":248,"geometry":{"type":"Polygon","coordinates":[[[-0.54697,44.8647],[-0.54546,44.86422],[-0.54518,44.86297],[-0.5464,44.86226],[-0.54791,44.86274],[-0.54819,44.86399],[-0.54697,44.8647]]]},"properties":{"zone":3,"cell_type":"total isolation","proximity":2683.5,"opportunity":5157.3,"population":130}},{"type":"Feature","id":249,"geometry":{"type":"Polygon","coordinates":[[[-0.57889,44.86516],[-0.57668,44.86446],[-0.57629,44.8627],[-0.5781,44.86164],[-0.58031,44.86234],[-0.5807,44.8641],[-0.57889,44.86516]]]},"properties":{"zone":3,"cell_type":"total isolation","proximity":3904.6,"opportunity":6554.3,"population":752}},{"type":"Feature","id":250,"geometry":{"type":"Polygon","coordinates":[[[-0.61684,44.84487],[-0.61485,44.84425],[-0.61449,44.84264],[-0.61612,44.84169],[-0.61811,44.84232],[-0.61846,44.84392],[-0.61684,44.84487]]]},"properties":{"zone":3,"cell_type":"total isolation","proximity":3504,"opportunity":5214.8,"population":433}},{"type":"Feature","id":251,"geometry":{"type":"Polygon","coordinates":[[[-0.56904,44.9067],[-0.56814,44.90642],[-0.56797,44.90562],[-0.56865,44.90523],[-0.56954,44.90551],[-0.56972,44.90631],[-0.56904,44.9067]]]},"properties":{"zone":3,"cell_type":"total isolation","proximity":651,"opportunity":814.8,"population":27}},{"type":"Feature","id":252,"geometry":{"type":"Polygon","coordinates":[[[-0.55795,44.82818],[-0.55567,44.82746],[-0.55527,44.82564],[-0.55715,44.82454],[-0.55943,44.82526],[-0.55983,44.82708],[-0.55795,44.82818]]]},"properties":{"zone":0,"cell_type":"inclusion","proximity":4293.7,"opportunity":7357.7,"population":1239}},{"type":"Feature","id":253,"geometry":{"type":"Polygon","coordinates":[[[-0.58022,44.82339],[-0.57794,44.82267],[-0.57754,44.82085],[-0.57942,44.81975],[-0.5817,44.82047],[-0.5821,44.82229],[-0.58022,44.82339]]]},"properties":{"zone":0,"cell_type":"inclusion","proximity":4521.1,"opportunity":6915.2,"population":911}},{"type":"Feature","id":254,"geometry":{"type":"Polygon","coordinates":[[[-0.54345,44.84886],[-0.54127,44.84817],[-0.54088,44.84643],[-0.54267,44.84539],[-0.54486,44.84608],[-0.54524,44.84782],[-0.54345,44.84886]]]},"properties":{"zone":3,"cell_type":"total isolation","proximity":3182,"opportunity":5681.1,"population":706}},{"type":"Feature","id":255,"geometry":{"type":"Polygon","coordinates":[[[-0.55894,44.88043],[-0.55727,44.8799],[-0.55697,44.87853],[-0.55832,44.87775],[-0.55999,44.87827],[-0.56029,44.87964],[-0.55894,44.88043]]]},"properties":{"zone":3,"cell_type":"total isolation","proximity":2018.2,"opportunity":3796.3,"population":191}},{"type":"Feature","id":256,"geometry":{"type":"Polygon","coordinates":[[[-0.56281,44.84033],[-0.56219,44.84013],[-0.56206,44.83953],[-0.5625,44.83928],[-0.56312,44.83947],[-0.56325,44.84007],[-0.56281,44.84033]]]},"properties":{"zone":0,"cell_type":"inclusion","proximity":4845.7,"opportunity":6978,"population":13}},{"type":"Feature","id":257,"geometry":{"type":"Polygon","coordinates":[[[-0.59485,44.84148],[-0.59263,44.84078],[-0.59224,44.83901],[-0.59406,44.83794],[-0.59629,44.83864],[-0.59668,44.84042],[-0.59485,44.84148]]]},"properties":{"zone":0,"cell_type":"inclusion","proximity":5292.8,"opportunity":7499.4,"population":784}},{"type":"Feature","id":258,"geometry":{"type":"Polygon","coordinates":[[[-0.56551,44.89087],[-0.56394,44.89038],[-0.56366,44.88909],[-0.56492,44.88835],[-0.56648,44.88885],[-0.56677,44.89014],[-0.56551,44.89087]]]},"properties":{"zone":3,"cell_type":"total isolation","proximity":1593,"opportunity":4253.9,"population":147}},{"type":"Feature","id":259,"geometry":{"type":"Polygon","coordinates":[[[-0.54836,44.8613],[-0.54747,44.86102],[-0.5473,44.86023],[-0.54797,44.85984],[-0.54885,44.86012],[-0.54903,44.86091],[-0.54836,44.8613]]]},"properties":{"zone":3,"cell_type":"total isolation","proximity":2966.4,"opportunity":5786.8,"population":26}},{"type":"Feature","id":260,"geometry":{"type":"Polygon","coordinates":[[[-0.55928,44.87242],[-0.55715,44.87174],[-0.55678,44.87004],[-0.55852,44.86903],[-0.56064,44.8697],[-0.56102,44.8714],[-0.55928,44.87242]]]},"properties":{"zone":3,"cell_type":"total isolation","proximity":2598.6,"opportunity":5423.1,"population":610}},{"type":"Feature","id":261,"geometry":{"type":"Polygon","coordinates":[[[-0.58036,44.86223],[-0.57817,44.86154],[-0.57778,44.85979],[-0.57958,44.85874],[-0.58178,44.85943],[-0.58217,44.86118],[-0.58036,44.86223]]]},"properties":{"zone":3,"cell_type":"total isolation","proximity":4123.6,"opportunity":6459.3,"population":729}},{"type":"Feature","id":262,"geometry":{"type":"Polygon","coordinates":[[[-0.58478,44.85347],[-0.58262,44.85278],[-0.58224,44.85106],[-0.58401,44.85002],[-0.58617,44.8507],[-0.58656,44.85243],[-0.58478,44.85347]]]},"properties":{"zone":0,"cell_type":"inclusion","proximity":5209,"opportunity":7334.5,"population":669}},{"type":"Feature","id":263,"geometry":{"type":"Polygon","coordinates":[[[-0.61927,44.8558],[-0.61725,44.85516],[-0.61689,44.85354],[-0.61854,44.85258],[-0.62056,44.85321],[-0.62092,44.85484],[-0.61927,44.8558]]]},"properties":{"zone":3,"cell_type":"total isolation","proximity":3367,"opportunity":5676.5,"population":465}},{"type":"Feature","id":264,"geometry":{"type":"Polygon","coordinates":[[[-0.57042,44.90328],[-0.57018,44.90321],[-0.57011,44.90289],[-0.57022,44.90282],[-0.57046,44.9029],[-0.57053,44.90322],[-0.57042,44.90328]]]},"properties":{"zone":3,"cell_type":"total isolation","proximity":928.9,"opportunity":2549.4,"population":5}},{"type":"Feature","id":265,"geometry":{"type":"Polygon","coordinates":[[[-0.53977,44.8322],[-0.53798,44.83164],[-0.53766,44.83018],[-0.53911,44.82934],[-0.5409,44.8299],[-0.54122,44.83136],[-0.53977,44.8322]]]},"properties":{"zone":3,"cell_type":"total isolation","proximity":2066.6,"opportunity":2942.4,"population":260}},{"type":"Feature","id":266,"geometry":{"type":"Polygon","coordinates":[[[-0.56013,44.83783],[-0.55945,44.83762],[-0.55931,44.83698],[-0.5598,44.83669],[-0.56048,44.83691],[-0.56062,44.83755],[-0.56013,44.83783]]]},"properties":{"zone":0,"cell_type":"inclusion","proximity":4472.2,"opportunity":6936.4,"population":15}},{"type":"Feature","id":267,"geometry":{"type":"Polygon","coordinates":[[[-0.5577,44.91297],[-0.5572,44.91281],[-0.55708,44.9123],[-0.55742,44.9121],[-0.55793,44.91226],[-0.55804,44.91277],[-0.5577,44.91297]]]},"properties":{"zone":3,"cell_type":"total isolation","proximity":445.2,"opportunity":1.6,"population":10}},{"type":"Feature","id":268,"geometry":{"type":"Polygon","coordinates":[[[-0.58264,44.83429],[-0.58036,44.83357],[-0.57996,44.83175],[-0.58184,44.83066],[-0.58412,44.83138],[-0.58452,44.83319],[-0.58264,44.83429]]]},"properties":{"zone":0,"cell_type":"inclusion","proximity":5732.5,"opportunity":8240.9,"population":1547}},{"type":"Feature","id":269,"geometry":{"type":"Polygon","coordinates":[[[-0.62514,44.84402],[-0.62328,44.84343],[-0.62294,44.84192],[-0.62446,44.84104],[-0.62632,44.84163],[-0.62666,44.84314],[-0.62514,44.84402]]]},"properties":{"zone":3,"cell_type":"total isolation","proximity":2934.2,"opportunity":4730.7,"population":315}},{"type":"Feature","id":270,"geometry":{"type":"Polygon","coordinates":[[[-0.54575,44.85916],[-0.54434,44.85872],[-0.54408,44.85755],[-0.5452,44.85689],[-0.54661,44.85734],[-0.54687,44.85851],[-0.54575,44.85916]]]},"properties":{"zone":3,"cell_type":"total isolation","proximity":2771.7,"opportunity":5690.7,"population":98}},{"type":"Feature","id":271,"geometry":{"type":"Polygon","coordinates":[[[-0.57795,44.8514],[-0.57567,44.85068],[-0.57527,44.84886],[-0.57715,44.84776],[-0.57943,44.84848],[-0.57983,44.8503],[-0.57795,44.8514]]]},"properties":{"zone":0,"cell_type":"inclusion","proximity":5387.8,"opportunity":7911.7,"population":1316}},{"type":"Feature","id":272,"geometry":{"type":"Polygon","coordinates":[[[-0.57177,44.87134],[-0.56959,44.87065],[-0.5692,44.8689],[-0.571,44.86786],[-0.57318,44.86855],[-0.57357,44.87029],[-0.57177,44.87134]]]},"properties":{"zone":3,"cell_type":"total isolation","proximity":3123,"opportunity":5665.8,"population":707}},{"type":"Feature","id":273,"geometry":{"type":"Polygon","coordinates":[[[-0.57848,44.83467],[-0.5762,44.83395],[-0.5758,44.83213],[-0.57768,44.83103],[-0.57996,44.83175],[-0.58036,44.83357],[-0.57848,44.83467]]]},"properties":{"zone":0,"cell_type":"inclusion","proximity":5993.4,"opportunity":8655.8,"population":1629}},{"type":"Feature","id":274,"geometry":{"type":"Polygon","coordinates":[[[-0.56244,44.85795],[-0.56068,44.85739],[-0.56036,44.85595],[-0.56179,44.85512],[-0.56356,44.85567],[-0.56388,44.85711],[-0.56244,44.85795]]]},"properties":{"zone":2,"cell_type":"social isolation","proximity":4188.3,"opportunity":7205.7,"population":245}},{"type":"Feature","id":275,"geometry":{"type":"Polygon","coordinates":[[[-0.56702,44.88812],[-0.56524,44.88756],[-0.56492,44.88612],[-0.56636,44.88528],[-0.56814,44.88584],[-0.56846,44.88728],[-0.56702,44.88812]]]},"properties":{"zone":3,"cell_type":"total isolation","proximity":1546.1,"opportunity":4204.6,"population":250}},{"type":"Feature","id":276,"geometry":{"type":"Polygon","coordinates":[[[-0.56385,44.85469],[-0.56253,44.85427],[-0.56229,44.85316],[-0.56333,44.85255],[-0.56465,44.85297],[-0.5649,44.85408],[-0.56385,44.85469]]]},"properties":{"zone":0,"cell_type":"inclusion","proximity":4513.5,"opportunity":6871,"population":79}},{"type":"Feature","id":277,"geometry":{"type":"Polygon","coordinates":[[[-0.62075,44.8529],[-0.61871,44.85226],[-0.61835,44.85062],[-0.62001,44.84965],[-0.62204,44.85029],[-0.62241,44.85193],[-0.62075,44.8529]]]},"properties":{"zone":3,"cell_type":"total isolation","proximity":3311.9,"opportunity":5674.4,"population":483}},{"type":"Feature","id":278,"geometry":{"type":"Polygon","coordinates":[[[-0.56173,44.83558],[-0.5602,44.8351],[-0.55992,44.83383],[-0.56115,44.83312],[-0.56268,44.8336],[-0.56296,44.83487],[-0.56173,44.83558]]]},"properties":{"zone":0,"cell_type":"inclusion","proximity":5256.1,"opportunity":8089.2,"population":135}},{"type":"Feature","id":279,"geometry":{"type":"Polygon","coordinates":[[[-0.58412,44.83138],[-0.58184,44.83066],[-0.58143,44.82884],[-0.58331,44.82774],[-0.58559,44.82846],[-0.586,44.83028],[-0.58412,44.83138]]]},"properties":{"zone":0,"cell_type":"inclusion","proximity":5339.4,"opportunity":7498.2,"population":988}},{"type":"Feature","id":280,"geometry":{"type":"Polygon","coordinates":[[[-0.54729,44.8566],[-0.54544,44.85601],[-0.5451,44.85451],[-0.54661,44.85363],[-0.54847,44.85422],[-0.5488,44.85572],[-0.54729,44.8566]]]},"properties":{"zone":3,"cell_type":"total isolation","proximity":2668,"opportunity":5219.9,"population":307}},{"type":"Feature","id":281,"geometry":{"type":"Polygon","coordinates":[[[-0.57325,44.86846],[-0.57103,44.86776],[-0.57063,44.86598],[-0.57246,44.86491],[-0.57469,44.86561],[-0.57509,44.86739],[-0.57325,44.86846]]]},"properties":{"zone":3,"cell_type":"total isolation","proximity":3568.4,"opportunity":6487.2,"population":795}},{"type":"Feature","id":282,"geometry":{"type":"Polygon","coordinates":[[[-0.54789,44.83043],[-0.54742,44.83028],[-0.54731,44.82979],[-0.54763,44.82961],[-0.5481,44.82976],[-0.54821,44.83025],[-0.54789,44.83043]]]},"properties":{"zone":3,"cell_type":"total isolation","proximity":3174.5,"opportunity":5305.3,"population":9}},{"type":"Feature","id":283,"geometry":{"type":"Polygon","coordinates":[[[-0.57996,44.83175],[-0.57768,44.83103],[-0.57727,44.82921],[-0.57915,44.82812],[-0.58143,44.82884],[-0.58184,44.83066],[-0.57996,44.83175]]]},"properties":{"zone":0,"cell_type":"inclusion","proximity":5532.6,"opportunity":7822,"population":1272}},{"type":"Feature","id":284,"geometry":{"type":"Polygon","coordinates":[[[-0.53925,44.88725],[-0.53822,44.88692],[-0.53802,44.88602],[-0.53881,44.88556],[-0.53985,44.88588],[-0.54005,44.88678],[-0.53925,44.88725]]]},"properties":{"zone":3,"cell_type":"total isolation","proximity":1277.6,"opportunity":3984.8,"population":38}},{"type":"Feature","id":285,"geometry":{"type":"Polygon","coordinates":[[[-0.59928,44.83279],[-0.597,44.83207],[-0.5966,44.83025],[-0.59848,44.82915],[-0.60076,44.82987],[-0.60116,44.83169],[-0.59928,44.83279]]]},"properties":{"zone":0,"cell_type":"inclusion","proximity":4749.8,"opportunity":8017.9,"population":1122}},{"type":"Feature","id":286,"geometry":{"type":"Polygon","coordinates":[[[-0.56942,44.89894],[-0.56775,44.89841],[-0.56745,44.89705],[-0.5688,44.89626],[-0.57047,44.89679],[-0.57077,44.89816],[-0.56942,44.89894]]]},"properties":{"zone":3,"cell_type":"total isolation","proximity":1138,"opportunity":3067,"population":191}},{"type":"Feature","id":287,"geometry":{"type":"Polygon","coordinates":[[[-0.56508,44.85077],[-0.56508,44.85077],[-0.56505,44.85064],[-0.56505,44.85064],[-0.56508,44.85077]]]},"properties":{"zone":3,"cell_type":"total isolation","proximity":3780,"opportunity":6666.8,"population":2}},{"type":"Feature","id":288,"geometry":{"type":"Polygon","coordinates":[[[-0.54841,44.82336],[-0.54628,44.82268],[-0.5459,44.82098],[-0.54765,44.81995],[-0.54978,44.82063],[-0.55016,44.82234],[-0.54841,44.82336]]]},"properties":{"zone":3,"cell_type":"total isolation","proximity":2634.1,"opportunity":4853.2,"population":624}},{"type":"Feature","id":289,"geometry":{"type":"Polygon","coordinates":[[[-0.60436,44.84605],[-0.60231,44.8454],[-0.60194,44.84376],[-0.60362,44.84278],[-0.60567,44.84342],[-0.60604,44.84507],[-0.60436,44.84605]]]},"properties":{"zone":0,"cell_type":"inclusion","proximity":4579.9,"opportunity":6818.4,"population":506}},{"type":"Feature","id":290,"geometry":{"type":"Polygon","coordinates":[[[-0.54674,44.87328],[-0.54496,44.87271],[-0.54463,44.87126],[-0.54609,44.87041],[-0.54787,44.87097],[-0.5482,44.87243],[-0.54674,44.87328]]]},"properties":{"zone":3,"cell_type":"total isolation","proximity":2315.5,"opportunity":5819.3,"population":260}},{"type":"Feature","id":291,"geometry":{"type":"Polygon","coordinates":[[[-0.62315,44.86365],[-0.62131,44.86307],[-0.62097,44.86158],[-0.62247,44.86071],[-0.62431,44.86129],[-0.62464,44.86278],[-0.62315,44.86365]]]},"properties":{"zone":3,"cell_type":"total isolation","proximity":2579.5,"opportunity":4986.2,"population":294}},{"type":"Feature","id":292,"geometry":{"type":"Polygon","coordinates":[[[-0.62907,44.85213],[-0.62705,44.85149],[-0.62669,44.84987],[-0.62834,44.84891],[-0.63035,44.84955],[-0.63071,44.85117],[-0.62907,44.85213]]]},"properties":{"zone":3,"cell_type":"total isolation","proximity":2718.3,"opportunity":4973.7,"population":459}},{"type":"Feature","id":293,"geometry":{"type":"Polygon","coordinates":[[[-0.57557,44.87883],[-0.57403,44.87834],[-0.57375,44.87707],[-0.57499,44.87635],[-0.57653,44.87684],[-0.57681,44.87811],[-0.57557,44.87883]]]},"properties":{"zone":3,"cell_type":"total isolation","proximity":2603.8,"opportunity":4886.6,"population":138}},{"type":"Feature","id":294,"geometry":{"type":"Polygon","coordinates":[[[-0.5671,44.84063],[-0.56561,44.84016],[-0.56534,44.83892],[-0.56653,44.83823],[-0.56801,44.8387],[-0.56829,44.83993],[-0.5671,44.84063]]]},"properties":{"zone":0,"cell_type":"inclusion","proximity":5786.8,"opportunity":8282.7,"population":121}},{"type":"Feature","id":295,"geometry":{"type":"Polygon","coordinates":[[[-0.58238,44.84266],[-0.5801,44.84194],[-0.57969,44.84012],[-0.58157,44.83902],[-0.58385,44.83974],[-0.58426,44.84156],[-0.58238,44.84266]]]},"properties":{"zone":0,"cell_type":"inclusion","proximity":6221.7,"opportunity":9224.4,"population":1469}},{"type":"Feature","id":296,"geometry":{"type":"Polygon","coordinates":[[[-0.57087,44.89587],[-0.56941,44.89541],[-0.56914,44.89419],[-0.5703,44.89351],[-0.57177,44.89397],[-0.57204,44.89519],[-0.57087,44.89587]]]},"properties":{"zone":3,"cell_type":"total isolation","proximity":1109.2,"opportunity":3037.8,"population":113}},{"type":"Feature","id":297,"geometry":{"type":"Polygon","coordinates":[[[-0.61051,44.826],[-0.60849,44.82536],[-0.60813,44.82374],[-0.60978,44.82277],[-0.6118,44.82341],[-0.61217,44.82504],[-0.61051,44.826]]]},"properties":{"zone":3,"cell_type":"total isolation","proximity":3289.1,"opportunity":5372.1,"population":467}},{"type":"Feature","id":298,"geometry":{"type":"Polygon","coordinates":[[[-0.56789,44.86343],[-0.56561,44.8627],[-0.56521,44.86089],[-0.56709,44.85979],[-0.56937,44.86051],[-0.56977,44.86233],[-0.56789,44.86343]]]},"properties":{"zone":3,"cell_type":"total isolation","proximity":4057.3,"opportunity":6161.5,"population":1319}},{"type":"Feature","id":299,"geometry":{"type":"Polygon","coordinates":[[[-0.56345,44.8721],[-0.56125,44.8714],[-0.56086,44.86965],[-0.56267,44.8686],[-0.56487,44.86929],[-0.56526,44.87105],[-0.56345,44.8721]]]},"properties":{"zone":3,"cell_type":"total isolation","proximity":3051.5,"opportunity":5327.5,"population":736}},{"type":"Feature","id":300,"geometry":{"type":"Polygon","coordinates":[[[-0.54991,44.82056],[-0.54763,44.81984],[-0.54722,44.81802],[-0.5491,44.81693],[-0.55138,44.81765],[-0.55178,44.81946],[-0.54991,44.82056]]]},"properties":{"zone":3,"cell_type":"total isolation","proximity":2923.2,"opportunity":6136.5,"population":977}},{"type":"Feature","id":301,"geometry":{"type":"Polygon","coordinates":[[[-0.60585,44.84319],[-0.60373,44.84252],[-0.60335,44.84082],[-0.60509,44.83981],[-0.6072,44.84048],[-0.60758,44.84217],[-0.60585,44.84319]]]},"properties":{"zone":1,"cell_type":"spatial isolation","proximity":4419.6,"opportunity":6543.3,"population":594}},{"type":"Feature","id":302,"geometry":{"type":"Polygon","coordinates":[[[-0.54824,44.87048],[-0.54631,44.86987],[-0.54596,44.8683],[-0.54754,44.86738],[-0.54948,44.86799],[-0.54982,44.86956],[-0.54824,44.87048]]]},"properties":{"zone":3,"cell_type":"total isolation","proximity":2556.2,"opportunity":5692.2,"population":379}},{"type":"Feature","id":303,"geometry":{"type":"Polygon","coordinates":[[[-0.61093,44.85646],[-0.60902,44.85586],[-0.60868,44.85432],[-0.61023,44.85342],[-0.61213,44.85402],[-0.61248,44.85556],[-0.61093,44.85646]]]},"properties":{"zone":3,"cell_type":"total isolation","proximity":3790.4,"opportunity":5729.1,"population":345}},{"type":"Feature","id":304,"geometry":{"type":"Polygon","coordinates":[[[-0.57712,44.8763],[-0.57509,44.87566],[-0.57472,44.87402],[-0.57639,44.87305],[-0.57842,44.87369],[-0.57879,44.87533],[-0.57712,44.8763]]]},"properties":{"zone":3,"cell_type":"total isolation","proximity":2815.9,"opportunity":5721.8,"population":485}},{"type":"Feature","id":305,"geometry":{"type":"Polygon","coordinates":[[[-0.55201,44.83959],[-0.55003,44.83897],[-0.54968,44.83737],[-0.55129,44.83643],[-0.55327,44.83706],[-0.55362,44.83865],[-0.55201,44.83959]]]},"properties":{"zone":3,"cell_type":"total isolation","proximity":3975.6,"opportunity":6112.9,"population":419}},{"type":"Feature","id":306,"geometry":{"type":"Polygon","coordinates":[[[-0.62731,44.8633],[-0.62544,44.86271],[-0.62511,44.8612],[-0.62663,44.86031],[-0.6285,44.8609],[-0.62883,44.86241],[-0.62731,44.8633]]]},"properties":{"zone":3,"cell_type":"total isolation","proximity":2488.7,"opportunity":4713,"population":317}},{"type":"Feature","id":307,"geometry":{"type":"Polygon","coordinates":[[[-0.58385,44.83974],[-0.58157,44.83902],[-0.58117,44.8372],[-0.58305,44.83611],[-0.58533,44.83683],[-0.58573,44.83865],[-0.58385,44.83974]]]},"properties":{"zone":0,"cell_type":"inclusion","proximity":6075.1,"opportunity":9252.5,"population":1522}},{"type":"Feature","id":308,"geometry":{"type":"Polygon","coordinates":[[[-0.59953,44.82433],[-0.59736,44.82365],[-0.59697,44.82191],[-0.59876,44.82087],[-0.60093,44.82156],[-0.60131,44.82329],[-0.59953,44.82433]]]},"properties":{"zone":3,"cell_type":"total isolation","proximity":3716.4,"opportunity":5898.1,"population":688}},{"type":"Feature","id":309,"geometry":{"type":"Polygon","coordinates":[[[-0.5545,44.88909],[-0.55292,44.88859],[-0.55263,44.88729],[-0.5539,44.88655],[-0.55549,44.88705],[-0.55577,44.88835],[-0.5545,44.88909]]]},"properties":{"zone":3,"cell_type":"total isolation","proximity":1426.4,"opportunity":3152.5,"population":153}},{"type":"Feature","id":310,"geometry":{"type":"Polygon","coordinates":[[[-0.56937,44.86051],[-0.56709,44.85979],[-0.56668,44.85797],[-0.56856,44.85688],[-0.57084,44.8576],[-0.57125,44.85942],[-0.56937,44.86051]]]},"properties":{"zone":1,"cell_type":"spatial isolation","proximity":4236.8,"opportunity":6428,"population":1322}},{"type":"Feature","id":311,"geometry":{"type":"Polygon","coordinates":[[[-0.60823,44.85389],[-0.60637,44.85331],[-0.60603,44.8518],[-0.60755,44.85091],[-0.60941,44.8515],[-0.60975,44.85301],[-0.60823,44.85389]]]},"properties":{"zone":2,"cell_type":"social isolation","proximity":4135.9,"opportunity":7115.4,"population":313}},{"type":"Feature","id":312,"geometry":{"type":"Polygon","coordinates":[[[-0.53847,44.82626],[-0.53732,44.82589],[-0.5371,44.82491],[-0.538,44.82438],[-0.53915,44.82474],[-0.53937,44.82573],[-0.53847,44.82626]]]},"properties":{"zone":3,"cell_type":"total isolation","proximity":2172.4,"opportunity":4826.4,"population":51}},{"type":"Feature","id":313,"geometry":{"type":"Polygon","coordinates":[[[-0.55064,44.8813],[-0.54881,44.88072],[-0.54848,44.87923],[-0.54997,44.87837],[-0.5518,44.87895],[-0.55213,44.88043],[-0.55064,44.8813]]]},"properties":{"zone":3,"cell_type":"total isolation","proximity":1942.2,"opportunity":4504.2,"population":289}},{"type":"Feature","id":314,"geometry":{"type":"Polygon","coordinates":[[[-0.57043,44.82705],[-0.56815,44.82633],[-0.56775,44.82451],[-0.56962,44.82342],[-0.57191,44.82414],[-0.57231,44.82595],[-0.57043,44.82705]]]},"properties":{"zone":0,"cell_type":"inclusion","proximity":4986.1,"opportunity":7305.3,"population":1062}},{"type":"Feature","id":315,"geometry":{"type":"Polygon","coordinates":[[[-0.56072,44.86934],[-0.5588,44.86874],[-0.55846,44.86719],[-0.56003,44.86627],[-0.56195,44.86688],[-0.56229,44.86843],[-0.56072,44.86934]]]},"properties":{"zone":3,"cell_type":"total isolation","proximity":3180.5,"opportunity":5794.1,"population":363}},{"type":"Feature","id":316,"geometry":{"type":"Polygon","coordinates":[[[-0.6288,44.86047],[-0.62682,44.85985],[-0.62646,44.85825],[-0.62808,44.8573],[-0.63007,44.85793],[-0.63042,44.85953],[-0.6288,44.86047]]]},"properties":{"zone":3,"cell_type":"total isolation","proximity":2619.1,"opportunity":5224.5,"population":424}},{"type":"Feature","id":317,"geometry":{"type":"Polygon","coordinates":[[[-0.5966,44.83025],[-0.59432,44.82953],[-0.59391,44.82771],[-0.59579,44.82661],[-0.59807,44.82733],[-0.59848,44.82915],[-0.5966,44.83025]]]},"properties":{"zone":0,"cell_type":"inclusion","proximity":4670,"opportunity":7065.8,"population":1051}},{"type":"Feature","id":318,"geometry":{"type":"Polygon","coordinates":[[[-0.601,44.82141],[-0.59884,44.82073],[-0.59846,44.819],[-0.60023,44.81796],[-0.60239,44.81865],[-0.60278,44.82037],[-0.601,44.82141]]]},"properties":{"zone":3,"cell_type":"total isolation","proximity":3319.2,"opportunity":5451.2,"population":668}},{"type":"Feature","id":319,"geometry":{"type":"Polygon","coordinates":[[[-0.55597,44.88617],[-0.55441,44.88567],[-0.55413,44.88438],[-0.55538,44.88365],[-0.55694,44.88415],[-0.55723,44.88543],[-0.55597,44.88617]]]},"properties":{"zone":3,"cell_type":"total isolation","proximity":1160.1,"opportunity":2678.1,"population":146}},{"type":"Feature","id":320,"geometry":{"type":"Polygon","coordinates":[[[-0.55027,44.85093],[-0.54822,44.85028],[-0.54786,44.84863],[-0.54954,44.84765],[-0.55159,44.8483],[-0.55196,44.84995],[-0.55027,44.85093]]]},"properties":{"zone":3,"cell_type":"total isolation","proximity":3543.3,"opportunity":5776.2,"population":510}},{"type":"Feature","id":321,"geometry":{"type":"Polygon","coordinates":[[[-0.58212,44.85102],[-0.57983,44.8503],[-0.57943,44.84848],[-0.58131,44.84739],[-0.58359,44.84811],[-0.58399,44.84993],[-0.58212,44.85102]]]},"properties":{"zone":0,"cell_type":"inclusion","proximity":5613,"opportunity":7847.9,"population":1069}},{"type":"Feature","id":322,"geometry":{"type":"Polygon","coordinates":[[[-0.56581,44.88267],[-0.56404,44.88211],[-0.56372,44.88067],[-0.56515,44.87983],[-0.56692,44.88039],[-0.56724,44.88183],[-0.56581,44.88267]]]},"properties":{"zone":3,"cell_type":"total isolation","proximity":1938.7,"opportunity":4140.1,"population":247}},{"type":"Feature","id":323,"geometry":{"type":"Polygon","coordinates":[[[-0.60972,44.85106],[-0.60776,44.85044],[-0.6074,44.84885],[-0.60901,44.84792],[-0.61098,44.84854],[-0.61133,44.85012],[-0.60972,44.85106]]]},"properties":{"zone":3,"cell_type":"total isolation","proximity":3956.8,"opportunity":6252,"population":407}},{"type":"Feature","id":324,"geometry":{"type":"Polygon","coordinates":[[[-0.56105,44.89946],[-0.55968,44.89903],[-0.55942,44.89788],[-0.56051,44.89724],[-0.56189,44.89767],[-0.56214,44.89882],[-0.56105,44.89946]]]},"properties":{"zone":3,"cell_type":"total isolation","proximity":1052.4,"opportunity":3006.3,"population":90}},{"type":"Feature","id":325,"geometry":{"type":"Polygon","coordinates":[[[-0.60075,44.82984],[-0.59851,44.82913],[-0.59812,44.82735],[-0.59996,44.82627],[-0.6022,44.82698],[-0.60259,44.82876],[-0.60075,44.82984]]]},"properties":{"zone":0,"cell_type":"inclusion","proximity":4316.5,"opportunity":6782.4,"population":816}},{"type":"Feature","id":326,"geometry":{"type":"Polygon","coordinates":[[[-0.53992,44.82321],[-0.53894,44.8229],[-0.53875,44.82204],[-0.5395,44.8216],[-0.54048,44.82191],[-0.54067,44.82277],[-0.53992,44.82321]]]},"properties":{"zone":3,"cell_type":"total isolation","proximity":2576.3,"opportunity":4146.5,"population":33}},{"type":"Feature","id":327,"geometry":{"type":"Polygon","coordinates":[[[-0.55215,44.87856],[-0.5501,44.87791],[-0.54973,44.87626],[-0.55142,44.87528],[-0.55347,44.87593],[-0.55384,44.87758],[-0.55215,44.87856]]]},"properties":{"zone":3,"cell_type":"total isolation","proximity":2260,"opportunity":5127.7,"population":515}},{"type":"Feature","id":328,"geometry":{"type":"Polygon","coordinates":[[[-0.59605,44.84687],[-0.59391,44.8462],[-0.59353,44.84448],[-0.59529,44.84346],[-0.59743,44.84413],[-0.59781,44.84585],[-0.59605,44.84687]]]},"properties":{"zone":0,"cell_type":"inclusion","proximity":5242.2,"opportunity":7610,"population":633}},{"type":"Feature","id":329,"geometry":{"type":"Polygon","coordinates":[[[-0.57719,44.90529],[-0.57719,44.90529],[-0.57716,44.90515],[-0.57716,44.90515],[-0.57719,44.90529]]]},"properties":{"zone":3,"cell_type":"total isolation","proximity":664.6,"opportunity":1261.6,"population":0}},{"type":"Feature","id":330,"geometry":{"type":"Polygon","coordinates":[[[-0.57191,44.82414],[-0.56962,44.82342],[-0.56922,44.8216],[-0.5711,44.8205],[-0.57338,44.82122],[-0.57378,44.82304],[-0.57191,44.82414]]]},"properties":{"zone":0,"cell_type":"inclusion","proximity":4571.7,"opportunity":7059.4,"population":930}},{"type":"Feature","id":331,"geometry":{"type":"Polygon","coordinates":[[[-0.56225,44.86671],[-0.55997,44.86599],[-0.55957,44.86417],[-0.56145,44.86308],[-0.56373,44.8638],[-0.56413,44.86562],[-0.56225,44.86671]]]},"properties":{"zone":3,"cell_type":"total isolation","proximity":3517.9,"opportunity":6006.5,"population":1002}},{"type":"Feature","id":332,"geometry":{"type":"Polygon","coordinates":[[[-0.56627,44.82743],[-0.56399,44.82671],[-0.56359,44.82489],[-0.56547,44.82379],[-0.56775,44.82451],[-0.56815,44.82633],[-0.56627,44.82743]]]},"properties":{"zone":0,"cell_type":"inclusion","proximity":4738.6,"opportunity":6798.4,"population":1285}},{"type":"Feature","id":333,"geometry":{"type":"Polygon","coordinates":[[[-0.63114,44.87088],[-0.62979,44.87046],[-0.62954,44.86933],[-0.63061,44.8687],[-0.63196,44.86913],[-0.63221,44.87026],[-0.63114,44.87088]]]},"properties":{"zone":3,"cell_type":"total isolation","proximity":1634.6,"opportunity":97.8,"population":85}},{"type":"Feature","id":334,"geometry":{"type":"Polygon","coordinates":[[[-0.59807,44.82731],[-0.59581,44.8266],[-0.59542,44.8248],[-0.59727,44.82372],[-0.59952,44.82443],[-0.59992,44.82623],[-0.59807,44.82731]]]},"properties":{"zone":0,"cell_type":"inclusion","proximity":4283.2,"opportunity":6741.9,"population":848}},{"type":"Feature","id":335,"geometry":{"type":"Polygon","coordinates":[[[-0.55836,44.89691],[-0.557,44.89648],[-0.55674,44.89534],[-0.55783,44.89471],[-0.5592,44.89514],[-0.55945,44.89628],[-0.55836,44.89691]]]},"properties":{"zone":3,"cell_type":"total isolation","proximity":1106.4,"opportunity":2995.2,"population":88}},{"type":"Feature","id":336,"geometry":{"type":"Polygon","coordinates":[[[-0.55176,44.84809],[-0.54962,44.84741],[-0.54923,44.84569],[-0.551,44.84466],[-0.55315,44.84534],[-0.55353,44.84706],[-0.55176,44.84809]]]},"properties":{"zone":2,"cell_type":"social isolation","proximity":3801.4,"opportunity":6906,"population":650}},{"type":"Feature","id":337,"geometry":{"type":"Polygon","coordinates":[[[-0.58359,44.84811],[-0.58131,44.84739],[-0.5809,44.84557],[-0.58278,44.84447],[-0.58507,44.8452],[-0.58547,44.84701],[-0.58359,44.84811]]]},"properties":{"zone":0,"cell_type":"inclusion","proximity":5573.2,"opportunity":7708.8,"population":1360}},{"type":"Feature","id":338,"geometry":{"type":"Polygon","coordinates":[[[-0.56732,44.87995],[-0.5653,44.87931],[-0.56494,44.87769],[-0.56659,44.87673],[-0.56861,44.87736],[-0.56897,44.87899],[-0.56732,44.87995]]]},"properties":{"zone":3,"cell_type":"total isolation","proximity":2417.5,"opportunity":4863.2,"population":466}},{"type":"Feature","id":339,"geometry":{"type":"Polygon","coordinates":[[[-0.60223,44.82692],[-0.6,44.82621],[-0.5996,44.82443],[-0.60143,44.82336],[-0.60366,44.82407],[-0.60406,44.82585],[-0.60223,44.82692]]]},"properties":{"zone":3,"cell_type":"total isolation","proximity":3910.4,"opportunity":6234,"population":796}},{"type":"Feature","id":340,"geometry":{"type":"Polygon","coordinates":[[[-0.55554,44.81727],[-0.55326,44.81655],[-0.55286,44.81473],[-0.55473,44.81364],[-0.55701,44.81436],[-0.55742,44.81618],[-0.55554,44.81727]]]},"properties":{"zone":3,"cell_type":"total isolation","proximity":2501.8,"opportunity":5051.1,"population":1159}},{"type":"Feature","id":341,"geometry":{"type":"Polygon","coordinates":[[[-0.56466,44.87755],[-0.56247,44.87685],[-0.56208,44.8751],[-0.56388,44.87405],[-0.56607,44.87474],[-0.56646,44.8765],[-0.56466,44.87755]]]},"properties":{"zone":3,"cell_type":"total isolation","proximity":2449.1,"opportunity":4351.4,"population":723}},{"type":"Feature","id":342,"geometry":{"type":"Polygon","coordinates":[[[-0.63267,44.86827],[-0.63094,44.86772],[-0.63062,44.86631],[-0.63203,44.86549],[-0.63376,44.86604],[-0.63407,44.86745],[-0.63267,44.86827]]]},"properties":{"zone":3,"cell_type":"total isolation","proximity":1819.5,"opportunity":3391.1,"population":224}},{"type":"Feature","id":343,"geometry":{"type":"Polygon","coordinates":[[[-0.6005,44.83823],[-0.59822,44.83751],[-0.59782,44.8357],[-0.59969,44.83461],[-0.60196,44.83533],[-0.60236,44.83714],[-0.6005,44.83823]]]},"properties":{"zone":0,"cell_type":"inclusion","proximity":4952,"opportunity":7780,"population":885}},{"type":"Feature","id":344,"geometry":{"type":"Polygon","coordinates":[[[-0.55985,44.89404],[-0.55843,44.89359],[-0.55817,44.89241],[-0.5593,44.89176],[-0.56071,44.89221],[-0.56098,44.89338],[-0.55985,44.89404]]]},"properties":{"zone":3,"cell_type":"total isolation","proximity":1133.2,"opportunity":2931.2,"population":100}},{"type":"Feature","id":345,"geometry":{"type":"Polygon","coordinates":[[[-0.55399,44.85797],[-0.55315,44.85771],[-0.55298,44.85695],[-0.55361,44.85659],[-0.55445,44.85685],[-0.55461,44.85761],[-0.55399,44.85797]]]},"properties":{"zone":3,"cell_type":"total isolation","proximity":3344.6,"opportunity":6267.3,"population":23}},{"type":"Feature","id":346,"geometry":{"type":"Polygon","coordinates":[[[-0.586,44.85895],[-0.5838,44.85826],[-0.5834,44.8565],[-0.58522,44.85544],[-0.58742,44.85614],[-0.58781,44.8579],[-0.586,44.85895]]]},"properties":{"zone":1,"cell_type":"spatial isolation","proximity":4487.6,"opportunity":6559.2,"population":749}},{"type":"Feature","id":347,"geometry":{"type":"Polygon","coordinates":[[[-0.54316,44.89536],[-0.54197,44.89498],[-0.54174,44.89397],[-0.54268,44.89342],[-0.54388,44.8938],[-0.5441,44.89482],[-0.54316,44.89536]]]},"properties":{"zone":3,"cell_type":"total isolation","proximity":1016.6,"opportunity":2702.7,"population":57}},{"type":"Feature","id":348,"geometry":{"type":"Polygon","coordinates":[[[-0.55094,44.87307],[-0.54893,44.87244],[-0.54857,44.87082],[-0.55021,44.86986],[-0.55222,44.8705],[-0.55258,44.87212],[-0.55094,44.87307]]]},"properties":{"zone":3,"cell_type":"total isolation","proximity":2489.4,"opportunity":5429.6,"population":456}},{"type":"Feature","id":349,"geometry":{"type":"Polygon","coordinates":[[[-0.54619,44.88993],[-0.54449,44.88939],[-0.54419,44.88801],[-0.54556,44.8872],[-0.54726,44.88774],[-0.54757,44.88913],[-0.54619,44.88993]]]},"properties":{"zone":3,"cell_type":"total isolation","proximity":1330.5,"opportunity":3202.8,"population":207}},{"type":"Feature","id":350,"geometry":{"type":"Polygon","coordinates":[[[-0.60465,44.83784],[-0.60241,44.83713],[-0.60201,44.83533],[-0.60385,44.83426],[-0.6061,44.83497],[-0.6065,44.83676],[-0.60465,44.83784]]]},"properties":{"zone":0,"cell_type":"inclusion","proximity":4532.2,"opportunity":7125.1,"population":831}},{"type":"Feature","id":351,"geometry":{"type":"Polygon","coordinates":[[[-0.59986,44.85439],[-0.59832,44.85391],[-0.59804,44.85264],[-0.59928,44.85192],[-0.60081,44.8524],[-0.60109,44.85367],[-0.59986,44.85439]]]},"properties":{"zone":1,"cell_type":"spatial isolation","proximity":4454.6,"opportunity":6478,"population":136}},{"type":"Feature","id":352,"geometry":{"type":"Polygon","coordinates":[[[-0.56614,44.87467],[-0.5639,44.87396],[-0.5635,44.87217],[-0.56535,44.8711],[-0.56759,44.87181],[-0.56799,44.8736],[-0.56614,44.87467]]]},"properties":{"zone":3,"cell_type":"total isolation","proximity":2513.8,"opportunity":4973.7,"population":830}},{"type":"Feature","id":353,"geometry":{"type":"Polygon","coordinates":[[[-0.57017,44.83542],[-0.56788,44.8347],[-0.56748,44.83288],[-0.56936,44.83178],[-0.57164,44.8325],[-0.57204,44.83432],[-0.57017,44.83542]]]},"properties":{"zone":0,"cell_type":"inclusion","proximity":5847.4,"opportunity":8429.8,"population":1393}},{"type":"Feature","id":354,"geometry":{"type":"Polygon","coordinates":[[[-0.56801,44.81615],[-0.56573,44.81543],[-0.56533,44.81361],[-0.56721,44.81251],[-0.56949,44.81323],[-0.56989,44.81505],[-0.56801,44.81615]]]},"properties":{"zone":3,"cell_type":"total isolation","proximity":3393.6,"opportunity":6019.3,"population":1046}},{"type":"Feature","id":355,"geometry":{"type":"Polygon","coordinates":[[[-0.61631,44.86159],[-0.61435,44.86097],[-0.61399,44.85938],[-0.6156,44.85845],[-0.61756,44.85907],[-0.61792,44.86065],[-0.61631,44.86159]]]},"properties":{"zone":3,"cell_type":"total isolation","proximity":3124.9,"opportunity":5261.3,"population":407}},{"type":"Feature","id":356,"geometry":{"type":"Polygon","coordinates":[[[-0.60197,44.83533],[-0.59969,44.8346],[-0.59928,44.83279],[-0.60116,44.83169],[-0.60345,44.83241],[-0.60385,44.83423],[-0.60197,44.83533]]]},"properties":{"zone":0,"cell_type":"inclusion","proximity":4707.7,"opportunity":7563.6,"population":1117}},{"type":"Feature","id":357,"geometry":{"type":"Polygon","coordinates":[[[-0.54232,44.88203],[-0.5405,44.88146],[-0.54017,44.87998],[-0.54165,44.87912],[-0.54347,44.8797],[-0.5438,44.88117],[-0.54232,44.88203]]]},"properties":{"zone":3,"cell_type":"total isolation","proximity":1712.7,"opportunity":4713.3,"population":279}},{"type":"Feature","id":358,"geometry":{"type":"Polygon","coordinates":[[[-0.55553,44.85541],[-0.55424,44.855],[-0.554,44.85392],[-0.55502,44.85332],[-0.55631,44.85373],[-0.55655,44.85482],[-0.55553,44.85541]]]},"properties":{"zone":3,"cell_type":"total isolation","proximity":3294.9,"opportunity":5336.6,"population":73}},{"type":"Feature","id":359,"geometry":{"type":"Polygon","coordinates":[[[-0.58747,44.85599],[-0.58532,44.85532],[-0.58494,44.8536],[-0.5867,44.85257],[-0.58885,44.85325],[-0.58923,44.85497],[-0.58747,44.85599]]]},"properties":{"zone":0,"cell_type":"inclusion","proximity":4785.7,"opportunity":6983.3,"population":642}},{"type":"Feature","id":360,"geometry":{"type":"Polygon","coordinates":[[[-0.55243,44.87022],[-0.55034,44.86956],[-0.54997,44.86789],[-0.55168,44.86689],[-0.55376,44.86755],[-0.55413,44.86922],[-0.55243,44.87022]]]},"properties":{"zone":3,"cell_type":"total isolation","proximity":2686.6,"opportunity":5425.6,"population":548}},{"type":"Feature","id":361,"geometry":{"type":"Polygon","coordinates":[[[-0.60612,44.83489],[-0.60391,44.83419],[-0.60352,44.83243],[-0.60533,44.83137],[-0.60754,44.83207],[-0.60793,44.83383],[-0.60612,44.83489]]]},"properties":{"zone":0,"cell_type":"inclusion","proximity":4369,"opportunity":6813,"population":753}},{"type":"Feature","id":362,"geometry":{"type":"Polygon","coordinates":[[[-0.5395,44.8788],[-0.53857,44.87851],[-0.53839,44.87769],[-0.5391,44.87728],[-0.54003,44.87757],[-0.54021,44.87839],[-0.5395,44.8788]]]},"properties":{"zone":3,"cell_type":"total isolation","proximity":1558.6,"opportunity":4300,"population":29}},{"type":"Feature","id":363,"geometry":{"type":"Polygon","coordinates":[[[-0.55943,44.82526],[-0.55715,44.82454],[-0.55675,44.82272],[-0.55862,44.82163],[-0.5609,44.82235],[-0.56131,44.82417],[-0.55943,44.82526]]]},"properties":{"zone":2,"cell_type":"social isolation","proximity":4075.7,"opportunity":6955.4,"population":1551}},{"type":"Feature","id":364,"geometry":{"type":"Polygon","coordinates":[[[-0.61779,44.85869],[-0.6158,44.85806],[-0.61545,44.85646],[-0.61707,44.85551],[-0.61906,44.85614],[-0.61941,44.85774],[-0.61779,44.85869]]]},"properties":{"zone":3,"cell_type":"total isolation","proximity":3329.3,"opportunity":5483.7,"population":430}},{"type":"Feature","id":365,"geometry":{"type":"Polygon","coordinates":[[[-0.58559,44.82845],[-0.58332,44.82774],[-0.58292,44.82593],[-0.58479,44.82484],[-0.58706,44.82555],[-0.58746,44.82736],[-0.58559,44.82845]]]},"properties":{"zone":0,"cell_type":"inclusion","proximity":4990.3,"opportunity":7123.8,"population":884}},{"type":"Feature","id":366,"geometry":{"type":"Polygon","coordinates":[[[-0.63712,44.85968],[-0.63518,44.85907],[-0.63484,44.85751],[-0.63642,44.85658],[-0.63836,44.8572],[-0.6387,44.85876],[-0.63712,44.85968]]]},"properties":{"zone":3,"cell_type":"total isolation","proximity":1989.8,"opportunity":4732,"population":378}},{"type":"Feature","id":367,"geometry":{"type":"Polygon","coordinates":[[[-0.53928,44.84918],[-0.53717,44.84852],[-0.5368,44.84682],[-0.53853,44.84581],[-0.54064,44.84648],[-0.54101,44.84817],[-0.53928,44.84918]]]},"properties":{"zone":3,"cell_type":"total isolation","proximity":2819.8,"opportunity":5351.3,"population":589}},{"type":"Feature","id":368,"geometry":{"type":"Polygon","coordinates":[[[-0.57103,44.84883],[-0.56927,44.84827],[-0.56895,44.84684],[-0.57038,44.846],[-0.57214,44.84656],[-0.57246,44.848],[-0.57103,44.84883]]]},"properties":{"zone":0,"cell_type":"inclusion","proximity":5568.2,"opportunity":8075.4,"population":243}},{"type":"Feature","id":369,"geometry":{"type":"Polygon","coordinates":[[[-0.55476,44.88071],[-0.55321,44.88022],[-0.55293,44.87894],[-0.55417,44.87821],[-0.55573,44.8787],[-0.55601,44.87998],[-0.55476,44.88071]]]},"properties":{"zone":3,"cell_type":"total isolation","proximity":2005.5,"opportunity":3806,"population":143}},{"type":"Feature","id":370,"geometry":{"type":"Polygon","coordinates":[[[-0.5578,44.87532],[-0.55569,44.87465],[-0.55531,44.87296],[-0.55704,44.87195],[-0.55916,44.87262],[-0.55953,44.87431],[-0.5578,44.87532]]]},"properties":{"zone":3,"cell_type":"total isolation","proximity":2123.8,"opportunity":4484.5,"population":593}},{"type":"Feature","id":371,"geometry":{"type":"Polygon","coordinates":[[[-0.55004,44.89766],[-0.54867,44.89723],[-0.54842,44.89609],[-0.5495,44.89545],[-0.55087,44.89589],[-0.55112,44.89703],[-0.55004,44.89766]]]},"properties":{"zone":3,"cell_type":"total isolation","proximity":1101.4,"opportunity":2412.6,"population":88}},{"type":"Feature","id":372,"geometry":{"type":"Polygon","coordinates":[[[-0.58332,44.85643],[-0.58109,44.85573],[-0.5807,44.85395],[-0.58253,44.85288],[-0.58475,44.85359],[-0.58515,44.85536],[-0.58332,44.85643]]]},"properties":{"zone":0,"cell_type":"inclusion","proximity":4909.7,"opportunity":6964.3,"population":788}},{"type":"Feature","id":373,"geometry":{"type":"Polygon","coordinates":[[[-0.5539,44.8673],[-0.55183,44.86664],[-0.55146,44.86498],[-0.55316,44.86399],[-0.55523,44.86465],[-0.5556,44.86631],[-0.5539,44.8673]]]},"properties":{"zone":3,"cell_type":"total isolation","proximity":2905.7,"opportunity":5367.6,"population":535}},{"type":"Feature","id":374,"geometry":{"type":"Polygon","coordinates":[[[-0.57619,44.86257],[-0.57405,44.86189],[-0.57367,44.86018],[-0.57543,44.85915],[-0.57757,44.85983],[-0.57795,44.86154],[-0.57619,44.86257]]]},"properties":{"zone":1,"cell_type":"spatial isolation","proximity":4241.5,"opportunity":6337,"population":643}},{"type":"Feature","id":375,"geometry":{"type":"Polygon","coordinates":[[[-0.54098,44.87589],[-0.54006,44.8756],[-0.53988,44.87478],[-0.54058,44.87437],[-0.5415,44.87466],[-0.54168,44.87548],[-0.54098,44.87589]]]},"properties":{"zone":3,"cell_type":"total isolation","proximity":1844.6,"opportunity":4739.8,"population":29}},{"type":"Feature","id":376,"geometry":{"type":"Polygon","coordinates":[[[-0.61415,44.84235],[-0.61215,44.84171],[-0.61179,44.8401],[-0.61343,44.83914],[-0.61543,44.83978],[-0.61579,44.84139],[-0.61415,44.84235]]]},"properties":{"zone":3,"cell_type":"total isolation","proximity":3852.7,"opportunity":5167.7,"population":450}},{"type":"Feature","id":377,"geometry":{"type":"Polygon","coordinates":[[[-0.56641,44.90446],[-0.56514,44.90406],[-0.5649,44.90298],[-0.5659,44.9024],[-0.56718,44.9028],[-0.56741,44.90387],[-0.56641,44.90446]]]},"properties":{"zone":3,"cell_type":"total isolation","proximity":765.1,"opportunity":100.6,"population":70}},{"type":"Feature","id":378,"geometry":{"type":"Polygon","coordinates":[[[-0.5609,44.82235],[-0.55862,44.82163],[-0.55822,44.81981],[-0.5601,44.81871],[-0.56238,44.81944],[-0.56278,44.82125],[-0.5609,44.82235]]]},"properties":{"zone":3,"cell_type":"total isolation","proximity":3907.7,"opportunity":5970.9,"population":1478}},{"type":"Feature","id":379,"geometry":{"type":"Polygon","coordinates":[[[-0.55527,44.82564],[-0.55299,44.82492],[-0.55259,44.8231],[-0.55447,44.822],[-0.55675,44.82272],[-0.55715,44.82454],[-0.55527,44.82564]]]},"properties":{"zone":2,"cell_type":"social isolation","proximity":3875,"opportunity":6855.2,"population":1240}},{"type":"Feature","id":380,"geometry":{"type":"Polygon","coordinates":[[[-0.58707,44.82555],[-0.58479,44.82483],[-0.58438,44.82301],[-0.58626,44.82191],[-0.58854,44.82263],[-0.58895,44.82445],[-0.58707,44.82555]]]},"properties":{"zone":0,"cell_type":"inclusion","proximity":4567.2,"opportunity":7084.4,"population":968}},{"type":"Feature","id":381,"geometry":{"type":"Polygon","coordinates":[[[-0.54077,44.84633],[-0.53858,44.84564],[-0.5382,44.84389],[-0.53999,44.84284],[-0.54218,44.84353],[-0.54256,44.84528],[-0.54077,44.84633]]]},"properties":{"zone":3,"cell_type":"total isolation","proximity":2970.4,"opportunity":5186.9,"population":714}},{"type":"Feature","id":382,"geometry":{"type":"Polygon","coordinates":[[[-0.57254,44.84609],[-0.57056,44.84546],[-0.57021,44.84387],[-0.57182,44.84292],[-0.5738,44.84355],[-0.57416,44.84514],[-0.57254,44.84609]]]},"properties":{"zone":0,"cell_type":"inclusion","proximity":5960.5,"opportunity":8857,"population":421}},{"type":"Feature","id":383,"geometry":{"type":"Polygon","coordinates":[[[-0.56099,44.86099],[-0.55906,44.86038],[-0.55871,44.85882],[-0.56029,44.8579],[-0.56223,44.85851],[-0.56257,44.86007],[-0.56099,44.86099]]]},"properties":{"zone":3,"cell_type":"total isolation","proximity":3768,"opportunity":6284.5,"population":379}},{"type":"Feature","id":384,"geometry":{"type":"Polygon","coordinates":[[[-0.55631,44.87815],[-0.5543,44.87752],[-0.55394,44.8759],[-0.55558,44.87494],[-0.55759,44.87558],[-0.55795,44.87719],[-0.55631,44.87815]]]},"properties":{"zone":3,"cell_type":"total isolation","proximity":2303.1,"opportunity":5055.2,"population":457}},{"type":"Feature","id":385,"geometry":{"type":"Polygon","coordinates":[[[-0.56006,44.84723],[-0.55806,44.8466],[-0.5577,44.84498],[-0.55934,44.84402],[-0.56135,44.84466],[-0.5617,44.84627],[-0.56006,44.84723]]]},"properties":{"zone":3,"cell_type":"total isolation","proximity":3735.3,"opportunity":5457.9,"population":453}},{"type":"Feature","id":386,"geometry":{"type":"Polygon","coordinates":[[[-0.59218,44.83899],[-0.58989,44.83827],[-0.58949,44.83645],[-0.59137,44.83536],[-0.59365,44.83608],[-0.59405,44.8379],[-0.59218,44.83899]]]},"properties":{"zone":0,"cell_type":"inclusion","proximity":5433,"opportunity":7953.1,"population":923}},{"type":"Feature","id":387,"geometry":{"type":"Polygon","coordinates":[[[-0.55535,44.86422],[-0.55349,44.86363],[-0.55316,44.86213],[-0.55467,44.86125],[-0.55652,44.86183],[-0.55686,44.86334],[-0.55535,44.86422]]]},"properties":{"zone":3,"cell_type":"total isolation","proximity":3357.7,"opportunity":6346,"population":308}},{"type":"Feature","id":388,"geometry":{"type":"Polygon","coordinates":[[[-0.55715,44.89144],[-0.55582,44.89102],[-0.55557,44.8899],[-0.55663,44.88929],[-0.55795,44.88971],[-0.5582,44.89082],[-0.55715,44.89144]]]},"properties":{"zone":3,"cell_type":"total isolation","proximity":1295.7,"opportunity":3012,"population":80}},{"type":"Feature","id":389,"geometry":{"type":"Polygon","coordinates":[[[-0.57769,44.85976],[-0.57541,44.85904],[-0.575,44.85722],[-0.57688,44.85613],[-0.57916,44.85685],[-0.57957,44.85867],[-0.57769,44.85976]]]},"properties":{"zone":0,"cell_type":"inclusion","proximity":4488.2,"opportunity":6784,"population":976}},{"type":"Feature","id":390,"geometry":{"type":"Polygon","coordinates":[[[-0.5679,44.90162],[-0.56653,44.90119],[-0.56628,44.90004],[-0.56736,44.89941],[-0.56873,44.89984],[-0.56899,44.90099],[-0.5679,44.90162]]]},"properties":{"zone":3,"cell_type":"total isolation","proximity":1062.8,"opportunity":3029.8,"population":89}},{"type":"Feature","id":391,"geometry":{"type":"Polygon","coordinates":[[[-0.57362,44.81273],[-0.57151,44.81206],[-0.57113,44.81036],[-0.57286,44.80935],[-0.57498,44.81002],[-0.57536,44.81171],[-0.57362,44.81273]]]},"properties":{"zone":3,"cell_type":"total isolation","proximity":3192.3,"opportunity":5790.2,"population":598}},{"type":"Feature","id":392,"geometry":{"type":"Polygon","coordinates":[[[-0.53708,44.82961],[-0.53536,44.82907],[-0.53505,44.82766],[-0.53644,44.82685],[-0.53816,44.8274],[-0.53847,44.8288],[-0.53708,44.82961]]]},"properties":{"zone":3,"cell_type":"total isolation","proximity":2317.3,"opportunity":4827.5,"population":216}},{"type":"Feature","id":393,"geometry":{"type":"Polygon","coordinates":[[[-0.58949,44.83645],[-0.58721,44.83573],[-0.5868,44.83392],[-0.58868,44.83282],[-0.59096,44.83354],[-0.59137,44.83536],[-0.58949,44.83645]]]},"properties":{"zone":0,"cell_type":"inclusion","proximity":5646.1,"opportunity":8430.7,"population":1413}},{"type":"Feature","id":394,"geometry":{"type":"Polygon","coordinates":[[[-0.62222,44.84996],[-0.62021,44.84933],[-0.61985,44.84771],[-0.62149,44.84675],[-0.6235,44.84739],[-0.62386,44.84901],[-0.62222,44.84996]]]},"properties":{"zone":3,"cell_type":"total isolation","proximity":3175.6,"opportunity":5388.9,"population":455}},{"type":"Feature","id":395,"geometry":{"type":"Polygon","coordinates":[[[-0.54313,44.85698],[-0.54127,44.85639],[-0.54094,44.85488],[-0.54245,44.854],[-0.54431,44.85459],[-0.54465,44.8561],[-0.54313,44.85698]]]},"properties":{"zone":3,"cell_type":"total isolation","proximity":2394.4,"opportunity":4367,"population":310}},{"type":"Feature","id":396,"geometry":{"type":"Polygon","coordinates":[[[-0.575,44.85722],[-0.57272,44.8565],[-0.57232,44.85469],[-0.5742,44.85359],[-0.57648,44.85431],[-0.57688,44.85613],[-0.575,44.85722]]]},"properties":{"zone":0,"cell_type":"inclusion","proximity":4928.2,"opportunity":8111.4,"population":1353}},{"type":"Feature","id":397,"geometry":{"type":"Polygon","coordinates":[[[-0.5691,44.86887],[-0.56682,44.86815],[-0.56642,44.86634],[-0.5683,44.86525],[-0.57057,44.86597],[-0.57097,44.86778],[-0.5691,44.86887]]]},"properties":{"zone":3,"cell_type":"total isolation","proximity":3430.6,"opportunity":5936.4,"population":897}},{"type":"Feature","id":398,"geometry":{"type":"Polygon","coordinates":[[[-0.5615,44.84413],[-0.55974,44.84357],[-0.55942,44.84213],[-0.56085,44.8413],[-0.56262,44.84186],[-0.56294,44.8433],[-0.5615,44.84413]]]},"properties":{"zone":0,"cell_type":"inclusion","proximity":4869.2,"opportunity":7182,"population":246}},{"type":"Feature","id":399,"geometry":{"type":"Polygon","coordinates":[[[-0.56433,44.88557],[-0.56257,44.88501],[-0.56225,44.88358],[-0.56368,44.88275],[-0.56543,44.88331],[-0.56575,44.88474],[-0.56433,44.88557]]]},"properties":{"zone":3,"cell_type":"total isolation","proximity":1854.1,"opportunity":4305.2,"population":239}},{"type":"Feature","id":400,"geometry":{"type":"Polygon","coordinates":[[[-0.56122,44.8524],[-0.55958,44.85188],[-0.55928,44.85053],[-0.5606,44.84976],[-0.56224,44.85028],[-0.56254,44.85163],[-0.56122,44.8524]]]},"properties":{"zone":3,"cell_type":"total isolation","proximity":3652.3,"opportunity":4954.4,"population":178}},{"type":"Feature","id":401,"geometry":{"type":"Polygon","coordinates":[[[-0.61806,44.85038],[-0.616,44.84973],[-0.61564,44.84808],[-0.61732,44.8471],[-0.61938,44.84774],[-0.61974,44.84939],[-0.61806,44.85038]]]},"properties":{"zone":3,"cell_type":"total isolation","proximity":3552.5,"opportunity":5655,"population":511}},{"type":"Feature","id":402,"geometry":{"type":"Polygon","coordinates":[[[-0.57014,44.91158],[-0.56998,44.91153],[-0.56992,44.91127],[-0.56996,44.91125],[-0.57013,44.9113],[-0.57018,44.91156],[-0.57014,44.91158]]]},"properties":{"zone":3,"cell_type":"total isolation","proximity":420.8,"opportunity":9.8,"population":4}},{"type":"Feature","id":403,"geometry":{"type":"Polygon","coordinates":[[[-0.55908,44.83321],[-0.55734,44.83266],[-0.55702,44.83124],[-0.55844,44.83041],[-0.56018,44.83096],[-0.5605,44.83239],[-0.55908,44.83321]]]},"properties":{"zone":0,"cell_type":"inclusion","proximity":4875.2,"opportunity":8077.9,"population":234}},{"type":"Feature","id":404,"geometry":{"type":"Polygon","coordinates":[[[-0.59096,44.83354],[-0.58868,44.83282],[-0.58828,44.831],[-0.59016,44.8299],[-0.59244,44.83063],[-0.59284,44.83244],[-0.59096,44.83354]]]},"properties":{"zone":0,"cell_type":"inclusion","proximity":5217.9,"opportunity":7262.5,"population":1159}},{"type":"Feature","id":405,"geometry":{"type":"Polygon","coordinates":[[[-0.62368,44.84702],[-0.62171,44.8464],[-0.62136,44.84481],[-0.62297,44.84387],[-0.62494,44.84449],[-0.62529,44.84608],[-0.62368,44.84702]]]},"properties":{"zone":3,"cell_type":"total isolation","proximity":2996,"opportunity":5239.7,"population":413}},{"type":"Feature","id":406,"geometry":{"type":"Polygon","coordinates":[[[-0.5648,44.83034],[-0.56252,44.82962],[-0.56211,44.8278],[-0.56399,44.82671],[-0.56627,44.82743],[-0.56667,44.82924],[-0.5648,44.83034]]]},"properties":{"zone":0,"cell_type":"inclusion","proximity":5051.4,"opportunity":7722.4,"population":1405}},{"type":"Feature","id":407,"geometry":{"type":"Polygon","coordinates":[[[-0.54463,44.85419],[-0.54261,44.85355],[-0.54225,44.85193],[-0.54391,44.85096],[-0.54593,44.8516],[-0.54629,44.85323],[-0.54463,44.85419]]]},"properties":{"zone":3,"cell_type":"total isolation","proximity":3073.4,"opportunity":5296.6,"population":470}},{"type":"Feature","id":408,"geometry":{"type":"Polygon","coordinates":[[[-0.57648,44.85431],[-0.5742,44.85359],[-0.57379,44.85177],[-0.57567,44.85068],[-0.57795,44.8514],[-0.57836,44.85322],[-0.57648,44.85431]]]},"properties":{"zone":0,"cell_type":"inclusion","proximity":5180.2,"opportunity":7879.7,"population":1328}},{"type":"Feature","id":409,"geometry":{"type":"Polygon","coordinates":[[[-0.57057,44.86595],[-0.56831,44.86523],[-0.56792,44.86343],[-0.56977,44.86235],[-0.57203,44.86306],[-0.57243,44.86486],[-0.57057,44.86595]]]},"properties":{"zone":3,"cell_type":"total isolation","proximity":3517.5,"opportunity":6125.2,"population":858}},{"type":"Feature","id":410,"geometry":{"type":"Polygon","coordinates":[[[-0.57727,44.82921],[-0.57499,44.82849],[-0.57459,44.82668],[-0.57647,44.82558],[-0.57875,44.8263],[-0.57915,44.82812],[-0.57727,44.82921]]]},"properties":{"zone":0,"cell_type":"inclusion","proximity":5260.9,"opportunity":7542.3,"population":1240}},{"type":"Feature","id":411,"geometry":{"type":"Polygon","coordinates":[[[-0.56196,44.87495],[-0.55984,44.87428],[-0.55946,44.87258],[-0.5612,44.87157],[-0.56333,44.87224],[-0.56371,44.87394],[-0.56196,44.87495]]]},"properties":{"zone":3,"cell_type":"total isolation","proximity":2655.4,"opportunity":4686.5,"population":611}},{"type":"Feature","id":412,"geometry":{"type":"Polygon","coordinates":[[[-0.54048,44.8546],[-0.53842,44.85395],[-0.53805,44.85229],[-0.53974,44.8513],[-0.5418,44.85195],[-0.54217,44.85361],[-0.54048,44.8546]]]},"properties":{"zone":3,"cell_type":"total isolation","proximity":2907.5,"opportunity":5510.5,"population":525}},{"type":"Feature","id":413,"geometry":{"type":"Polygon","coordinates":[[[-0.56272,44.84962],[-0.5609,44.84905],[-0.56058,44.84757],[-0.56205,44.84671],[-0.56387,44.84729],[-0.56419,44.84876],[-0.56272,44.84962]]]},"properties":{"zone":3,"cell_type":"total isolation","proximity":3968.7,"opportunity":5621.5,"population":278}},{"type":"Feature","id":414,"geometry":{"type":"Polygon","coordinates":[[[-0.54572,44.82081],[-0.5436,44.82014],[-0.54322,44.81844],[-0.54497,44.81742],[-0.54709,44.81809],[-0.54747,44.8198],[-0.54572,44.82081]]]},"properties":{"zone":3,"cell_type":"total isolation","proximity":2668.3,"opportunity":5066.1,"population":612}},{"type":"Feature","id":415,"geometry":{"type":"Polygon","coordinates":[[[-0.57168,44.90902],[-0.57108,44.90882],[-0.57095,44.90824],[-0.57138,44.90799],[-0.57198,44.90818],[-0.57211,44.90877],[-0.57168,44.90902]]]},"properties":{"zone":3,"cell_type":"total isolation","proximity":605.4,"opportunity":868,"population":13}},{"type":"Feature","id":416,"geometry":{"type":"Polygon","coordinates":[[[-0.57754,44.82085],[-0.57526,44.82013],[-0.57486,44.81831],[-0.57673,44.81721],[-0.57901,44.81793],[-0.57941,44.81975],[-0.57754,44.82085]]]},"properties":{"zone":2,"cell_type":"social isolation","proximity":4209.8,"opportunity":6807.7,"population":905}},{"type":"Feature","id":417,"geometry":{"type":"Polygon","coordinates":[[[-0.57223,44.89235],[-0.57155,44.89213],[-0.57141,44.89149],[-0.5719,44.89121],[-0.57258,44.89142],[-0.57272,44.89206],[-0.57223,44.89235]]]},"properties":{"zone":3,"cell_type":"total isolation","proximity":1109.2,"opportunity":137.2,"population":15}},{"type":"Feature","id":418,"geometry":{"type":"Polygon","coordinates":[[[-0.56738,44.90895],[-0.56738,44.90895],[-0.56735,44.90881],[-0.56735,44.90881],[-0.56738,44.90895]]]},"properties":{"zone":3,"cell_type":"total isolation","proximity":670.7,"opportunity":799.3,"population":0}},{"type":"Feature","id":419,"geometry":{"type":"Polygon","coordinates":[[[-0.62612,44.85794],[-0.62412,44.85731],[-0.62376,44.85571],[-0.62539,44.85475],[-0.62739,44.85538],[-0.62775,44.85699],[-0.62612,44.85794]]]},"properties":{"zone":3,"cell_type":"total isolation","proximity":2709.4,"opportunity":5271.7,"population":440}},{"type":"Feature","id":420,"geometry":{"type":"Polygon","coordinates":[[[-0.57296,44.87668],[-0.57092,44.87603],[-0.57056,44.8744],[-0.57223,44.87343],[-0.57426,44.87407],[-0.57463,44.8757],[-0.57296,44.87668]]]},"properties":{"zone":3,"cell_type":"total isolation","proximity":2707.5,"opportunity":5911.4,"population":486}},{"type":"Feature","id":421,"geometry":{"type":"Polygon","coordinates":[[[-0.5466,44.83429],[-0.54491,44.83376],[-0.5446,44.83238],[-0.54597,44.83158],[-0.54766,44.83211],[-0.54796,44.83349],[-0.5466,44.83429]]]},"properties":{"zone":3,"cell_type":"total isolation","proximity":3164.2,"opportunity":5284.9,"population":201}},{"type":"Feature","id":422,"geometry":{"type":"Polygon","coordinates":[[[-0.56817,44.89329],[-0.56676,44.89285],[-0.5665,44.89167],[-0.56762,44.89101],[-0.56904,44.89146],[-0.5693,44.89264],[-0.56817,44.89329]]]},"properties":{"zone":3,"cell_type":"total isolation","proximity":1557.5,"opportunity":4259.7,"population":100}},{"type":"Feature","id":423,"geometry":{"type":"Polygon","coordinates":[[[-0.60781,44.82338],[-0.60589,44.82278],[-0.60555,44.82123],[-0.60711,44.82031],[-0.60903,44.82092],[-0.60938,44.82247],[-0.60781,44.82338]]]},"properties":{"zone":3,"cell_type":"total isolation","proximity":3302,"opportunity":4941.7,"population":363}},{"type":"Feature","id":424,"geometry":{"type":"Polygon","coordinates":[[[-0.54266,44.86427],[-0.54217,44.86412],[-0.54206,44.86362],[-0.54239,44.86343],[-0.54287,44.86359],[-0.54298,44.86408],[-0.54266,44.86427]]]},"properties":{"zone":3,"cell_type":"total isolation","proximity":1608.2,"opportunity":4361.4,"population":9}},{"type":"Feature","id":425,"geometry":{"type":"Polygon","coordinates":[[[-0.56521,44.86089],[-0.56292,44.86017],[-0.56252,44.85835],[-0.5644,44.85725],[-0.56668,44.85797],[-0.56709,44.85979],[-0.56521,44.86089]]]},"properties":{"zone":3,"cell_type":"total isolation","proximity":4098.7,"opportunity":6415.8,"population":957}},{"type":"Feature","id":426,"geometry":{"type":"Polygon","coordinates":[[[-0.60317,44.84072],[-0.60097,44.84002],[-0.60058,44.83826],[-0.60239,44.8372],[-0.60459,44.8379],[-0.60498,44.83966],[-0.60317,44.84072]]]},"properties":{"zone":0,"cell_type":"inclusion","proximity":4777.7,"opportunity":7407.8,"population":748}},{"type":"Feature","id":427,"geometry":{"type":"Polygon","coordinates":[[[-0.62245,44.84148],[-0.6206,44.84089],[-0.62026,44.83939],[-0.62177,44.83851],[-0.62363,44.83909],[-0.62396,44.8406],[-0.62245,44.84148]]]},"properties":{"zone":3,"cell_type":"total isolation","proximity":3138.2,"opportunity":4130.9,"population":308}},{"type":"Feature","id":428,"geometry":{"type":"Polygon","coordinates":[[[-0.54549,44.86757],[-0.54402,44.86711],[-0.54375,44.86589],[-0.54493,44.86521],[-0.54639,44.86567],[-0.54666,44.86689],[-0.54549,44.86757]]]},"properties":{"zone":3,"cell_type":"total isolation","proximity":2481.7,"opportunity":5481.2,"population":114}},{"type":"Feature","id":429,"geometry":{"type":"Polygon","coordinates":[[[-0.6276,44.85508],[-0.62554,44.85443],[-0.62517,44.85278],[-0.62686,44.85179],[-0.62892,44.85244],[-0.62928,44.85409],[-0.6276,44.85508]]]},"properties":{"zone":3,"cell_type":"total isolation","proximity":2570.7,"opportunity":4554.6,"population":514}},{"type":"Feature","id":430,"geometry":{"type":"Polygon","coordinates":[[[-0.57445,44.87385],[-0.5723,44.87317],[-0.57192,44.87145],[-0.57369,44.87042],[-0.57583,44.8711],[-0.57622,44.87282],[-0.57445,44.87385]]]},"properties":{"zone":3,"cell_type":"total isolation","proximity":2620.2,"opportunity":4989.1,"population":647}},{"type":"Feature","id":431,"geometry":{"type":"Polygon","coordinates":[[[-0.54908,44.84552],[-0.54696,44.84486],[-0.54659,44.84316],[-0.54832,44.84215],[-0.55043,44.84282],[-0.55081,44.84451],[-0.54908,44.84552]]]},"properties":{"zone":3,"cell_type":"total isolation","proximity":3567.9,"opportunity":6381.7,"population":594}},{"type":"Feature","id":432,"geometry":{"type":"Polygon","coordinates":[[[-0.58117,44.8372],[-0.57889,44.83648],[-0.57848,44.83467],[-0.58036,44.83357],[-0.58264,44.83429],[-0.58305,44.83611],[-0.58117,44.8372]]]},"properties":{"zone":0,"cell_type":"inclusion","proximity":6127.2,"opportunity":9262.4,"population":1580}},{"type":"Feature","id":433,"geometry":{"type":"Polygon","coordinates":[[[-0.59457,44.84977],[-0.59245,44.8491],[-0.59207,44.8474],[-0.59381,44.84639],[-0.59594,44.84706],[-0.59632,44.84876],[-0.59457,44.84977]]]},"properties":{"zone":0,"cell_type":"inclusion","proximity":5044.2,"opportunity":7307.4,"population":607}},{"type":"Feature","id":434,"geometry":{"type":"Polygon","coordinates":[[[-0.54414,44.86136],[-0.54364,44.86121],[-0.54353,44.86071],[-0.54386,44.86052],[-0.54436,44.86067],[-0.54447,44.86117],[-0.54414,44.86136]]]},"properties":{"zone":3,"cell_type":"total isolation","proximity":2415.8,"opportunity":5341.5,"population":10}},{"type":"Feature","id":435,"geometry":{"type":"Polygon","coordinates":[[[-0.56663,44.85772],[-0.56468,44.8571],[-0.56433,44.85552],[-0.56592,44.85459],[-0.56788,44.85521],[-0.56823,44.85679],[-0.56663,44.85772]]]},"properties":{"zone":0,"cell_type":"inclusion","proximity":4471,"opportunity":6714,"population":398}},{"type":"Feature","id":436,"geometry":{"type":"Polygon","coordinates":[[[-0.57614,44.9004],[-0.57538,44.90016],[-0.57523,44.89946],[-0.57578,44.89914],[-0.57654,44.89938],[-0.57669,44.90007],[-0.57614,44.9004]]]},"properties":{"zone":3,"cell_type":"total isolation","proximity":617.1,"opportunity":2513.5,"population":19}},{"type":"Feature","id":437,"geometry":{"type":"Polygon","coordinates":[[[-0.54509,44.82755],[-0.54509,44.82755],[-0.54506,44.82741],[-0.54506,44.82741],[-0.54509,44.82755]]]},"properties":{"zone":3,"cell_type":"total isolation","proximity":3380.4,"opportunity":5076.7,"population":3}},{"type":"Feature","id":438,"geometry":{"type":"Polygon","coordinates":[[[-0.60944,44.85933],[-0.6076,44.85875],[-0.60727,44.85726],[-0.60877,44.85638],[-0.61061,44.85696],[-0.61094,44.85846],[-0.60944,44.85933]]]},"properties":{"zone":3,"cell_type":"total isolation","proximity":3514.2,"opportunity":5294.5,"population":297}},{"type":"Feature","id":439,"geometry":{"type":"Polygon","coordinates":[[[-0.56775,44.82451],[-0.56547,44.82379],[-0.56506,44.82197],[-0.56694,44.82088],[-0.56922,44.8216],[-0.56962,44.82342],[-0.56775,44.82451]]]},"properties":{"zone":1,"cell_type":"spatial isolation","proximity":4496.7,"opportunity":6599.8,"population":1168}},{"type":"Feature","id":440,"geometry":{"type":"Polygon","coordinates":[[[-0.55807,44.86698],[-0.55593,44.8663],[-0.55555,44.86459],[-0.55731,44.86356],[-0.55945,44.86424],[-0.55983,44.86595],[-0.55807,44.86698]]]},"properties":{"zone":3,"cell_type":"total isolation","proximity":3189.1,"opportunity":5868.7,"population":633}},{"type":"Feature","id":441,"geometry":{"type":"Polygon","coordinates":[[[-0.55055,44.84263],[-0.54842,44.84195],[-0.54804,44.84024],[-0.54979,44.83922],[-0.55193,44.8399],[-0.55231,44.84161],[-0.55055,44.84263]]]},"properties":{"zone":3,"cell_type":"total isolation","proximity":3950.3,"opportunity":6349.8,"population":629}},{"type":"Feature","id":442,"geometry":{"type":"Polygon","coordinates":[[[-0.63566,44.86263],[-0.63367,44.86201],[-0.63332,44.86041],[-0.63494,44.85946],[-0.63692,44.86009],[-0.63728,44.86169],[-0.63566,44.86263]]]},"properties":{"zone":3,"cell_type":"total isolation","proximity":2011,"opportunity":4971.6,"population":426}},{"type":"Feature","id":443,"geometry":{"type":"Polygon","coordinates":[[[-0.55328,44.88357],[-0.55179,44.8831],[-0.55152,44.88187],[-0.55271,44.88117],[-0.5542,44.88164],[-0.55447,44.88288],[-0.55328,44.88357]]]},"properties":{"zone":3,"cell_type":"total isolation","proximity":1864.2,"opportunity":4178,"population":120}},{"type":"Feature","id":444,"geometry":{"type":"Polygon","coordinates":[[[-0.61174,44.83153],[-0.60962,44.83086],[-0.60924,44.82916],[-0.61098,44.82815],[-0.6131,44.82882],[-0.61348,44.83052],[-0.61174,44.83153]]]},"properties":{"zone":3,"cell_type":"total isolation","proximity":3642.5,"opportunity":6174.1,"population":606}},{"type":"Feature","id":445,"geometry":{"type":"Polygon","coordinates":[[[-0.5571,44.853],[-0.55517,44.85239],[-0.55482,44.85083],[-0.5564,44.84991],[-0.55833,44.85052],[-0.55868,44.85208],[-0.5571,44.853]]]},"properties":{"zone":3,"cell_type":"total isolation","proximity":3359.3,"opportunity":5223.5,"population":375}},{"type":"Feature","id":446,"geometry":{"type":"Polygon","coordinates":[[[-0.57943,44.84848],[-0.57715,44.84776],[-0.57674,44.84595],[-0.57862,44.84485],[-0.5809,44.84557],[-0.58131,44.84739],[-0.57943,44.84848]]]},"properties":{"zone":0,"cell_type":"inclusion","proximity":5871.8,"opportunity":8715.7,"population":1411}},{"type":"Feature","id":447,"geometry":{"type":"Polygon","coordinates":[[[-0.57255,44.88429],[-0.57148,44.88395],[-0.57127,44.88302],[-0.5721,44.88254],[-0.57318,44.88288],[-0.57338,44.88381],[-0.57255,44.88429]]]},"properties":{"zone":3,"cell_type":"total isolation","proximity":2112,"opportunity":4735,"population":42}},{"type":"Feature","id":448,"geometry":{"type":"Polygon","coordinates":[[[-0.60704,44.84854],[-0.60506,44.84791],[-0.6047,44.84631],[-0.60632,44.84537],[-0.6083,44.84599],[-0.60866,44.84759],[-0.60704,44.84854]]]},"properties":{"zone":1,"cell_type":"spatial isolation","proximity":4336.4,"opportunity":6586.9,"population":425}},{"type":"Feature","id":449,"geometry":{"type":"Polygon","coordinates":[[[-0.55808,44.90521],[-0.5568,44.90481],[-0.55656,44.90373],[-0.55757,44.90314],[-0.55885,44.90354],[-0.55909,44.90462],[-0.55808,44.90521]]]},"properties":{"zone":3,"cell_type":"total isolation","proximity":803.5,"opportunity":30.1,"population":71}},{"type":"Feature","id":450,"geometry":{"type":"Polygon","coordinates":[[[-0.6076,44.83199],[-0.60537,44.83129],[-0.60497,44.82951],[-0.6068,44.82844],[-0.60904,44.82914],[-0.60943,44.83092],[-0.6076,44.83199]]]},"properties":{"zone":2,"cell_type":"social isolation","proximity":3995.8,"opportunity":6858,"population":800}},{"type":"Feature","id":451,"geometry":{"type":"Polygon","coordinates":[[[-0.57773,44.89811],[-0.57617,44.89762],[-0.57589,44.89633],[-0.57714,44.8956],[-0.5787,44.89609],[-0.57899,44.89738],[-0.57773,44.89811]]]},"properties":{"zone":3,"cell_type":"total isolation","proximity":950,"opportunity":2510.5,"population":144}},{"type":"Feature","id":452,"geometry":{"type":"Polygon","coordinates":[[[-0.54685,44.82586],[-0.54525,44.82535],[-0.54496,44.82403],[-0.54625,44.82328],[-0.54786,44.82379],[-0.54815,44.82511],[-0.54685,44.82586]]]},"properties":{"zone":3,"cell_type":"total isolation","proximity":2903.8,"opportunity":4451.3,"population":163}},{"type":"Feature","id":453,"geometry":{"type":"Polygon","coordinates":[[[-0.54946,44.87596],[-0.54749,44.87533],[-0.54713,44.87374],[-0.54874,44.87281],[-0.55071,44.87343],[-0.55107,44.87502],[-0.54946,44.87596]]]},"properties":{"zone":3,"cell_type":"total isolation","proximity":2311.6,"opportunity":5215.8,"population":412}},{"type":"Feature","id":454,"geometry":{"type":"Polygon","coordinates":[[[-0.5931,44.85268],[-0.59098,44.85201],[-0.5906,44.85032],[-0.59234,44.8493],[-0.59446,44.84997],[-0.59484,44.85167],[-0.5931,44.85268]]]},"properties":{"zone":0,"cell_type":"inclusion","proximity":4981.1,"opportunity":7357.9,"population":600}},{"type":"Feature","id":455,"geometry":{"type":"Polygon","coordinates":[[[-0.56922,44.8216],[-0.56694,44.82088],[-0.56654,44.81906],[-0.56842,44.81796],[-0.5707,44.81868],[-0.5711,44.8205],[-0.56922,44.8216]]]},"properties":{"zone":3,"cell_type":"total isolation","proximity":4150.4,"opportunity":6329.6,"population":1006}},{"type":"Feature","id":456,"geometry":{"type":"Polygon","coordinates":[[[-0.55957,44.86417],[-0.55729,44.86345],[-0.55688,44.86164],[-0.55876,44.86054],[-0.56105,44.86126],[-0.56145,44.86308],[-0.55957,44.86417]]]},"properties":{"zone":3,"cell_type":"total isolation","proximity":3534.4,"opportunity":5800.2,"population":952}},{"type":"Feature","id":457,"geometry":{"type":"Polygon","coordinates":[[[-0.60906,44.82904],[-0.60689,44.82835],[-0.6065,44.82661],[-0.60829,44.82557],[-0.61046,44.82625],[-0.61085,44.82799],[-0.60906,44.82904]]]},"properties":{"zone":3,"cell_type":"total isolation","proximity":3627,"opportunity":6354.2,"population":691}},{"type":"Feature","id":458,"geometry":{"type":"Polygon","coordinates":[[[-0.56326,44.83295],[-0.56137,44.83235],[-0.56103,44.83082],[-0.56257,44.82992],[-0.56447,44.83052],[-0.56481,44.83205],[-0.56326,44.83295]]]},"properties":{"zone":0,"cell_type":"inclusion","proximity":5181.1,"opportunity":7782.6,"population":342}},{"type":"Feature","id":459,"geometry":{"type":"Polygon","coordinates":[[[-0.59537,44.82469],[-0.59322,44.82401],[-0.59284,44.82229],[-0.5946,44.82127],[-0.59675,44.82194],[-0.59713,44.82366],[-0.59537,44.82469]]]},"properties":{"zone":3,"cell_type":"total isolation","proximity":4079.1,"opportunity":6221.5,"population":648}},{"type":"Feature","id":460,"geometry":{"type":"Polygon","coordinates":[[[-0.55957,44.90235],[-0.55822,44.90192],[-0.55797,44.9008],[-0.55904,44.90017],[-0.56039,44.9006],[-0.56064,44.90173],[-0.55957,44.90235]]]},"properties":{"zone":3,"cell_type":"total isolation","proximity":896.8,"opportunity":1203.1,"population":84}},{"type":"Feature","id":461,"geometry":{"type":"Polygon","coordinates":[[[-0.5586,44.85019],[-0.55653,44.84954],[-0.55616,44.84788],[-0.55785,44.84689],[-0.55992,44.84754],[-0.56029,44.8492],[-0.5586,44.85019]]]},"properties":{"zone":3,"cell_type":"total isolation","proximity":3369.6,"opportunity":4646.8,"population":527}},{"type":"Feature","id":462,"geometry":{"type":"Polygon","coordinates":[[[-0.5809,44.84557],[-0.57862,44.84485],[-0.57822,44.84303],[-0.5801,44.84194],[-0.58238,44.84266],[-0.58278,44.84447],[-0.5809,44.84557]]]},"properties":{"zone":0,"cell_type":"inclusion","proximity":5974.5,"opportunity":8760.8,"population":1421}},{"type":"Feature","id":463,"geometry":{"type":"Polygon","coordinates":[[[-0.57404,44.88147],[-0.57286,44.88109],[-0.57263,44.88008],[-0.57356,44.87954],[-0.57475,44.87991],[-0.57498,44.88092],[-0.57404,44.88147]]]},"properties":{"zone":3,"cell_type":"total isolation","proximity":2302.5,"opportunity":4677.7,"population":56}},{"type":"Feature","id":464,"geometry":{"type":"Polygon","coordinates":[[[-0.56654,44.81906],[-0.56426,44.81834],[-0.56385,44.81652],[-0.56573,44.81543],[-0.56801,44.81615],[-0.56842,44.81796],[-0.56654,44.81906]]]},"properties":{"zone":3,"cell_type":"total isolation","proximity":3729.8,"opportunity":6049.5,"population":1478}}]}