{"type":"FeatureCollection","features":[{"type":"Feature","properties":{"i":0},"geometry":{"type":"Polygon","coordinates":[[[-1.52269,47.1915],[-1.52463,47.19042],[-1.52418,47.18861],[-1.52179,47.18789],[-1.51984,47.18898],[-1.52029,47.19078],[-1.52269,47.1915]]]}},{"type":"Feature","properties":{"i":1},"geometry":{"type":"Polygon","coordinates":[[[-1.51395,47.27224],[-1.5159,47.27116],[-1.51545,47.26936],[-1.51305,47.26864],[-1.5111,47.26972],[-1.51155,47.27152],[-1.51395,47.27224]]]}},{"type":"Feature","properties":{"i":2},"geometry":{"type":"Polygon","coordinates":[[[-1.58414,47.23329],[-1.58609,47.23221],[-1.58564,47.23041],[-1.58324,47.22969],[-1.58129,47.23077],[-1.58174,47.23257],[-1.58414,47.23329]]]}},{"type":"Feature","properties":{"i":3},"geometry":{"type":"Polygon","coordinates":[[[-1.61366,47.20045],[-1.6156,47.19937],[-1.61515,47.19756],[-1.61275,47.19685],[-1.61081,47.19793],[-1.61126,47.19973],[-1.61366,47.20045]]]}},{"type":"Feature","properties":{"i":4},"geometry":{"type":"Polygon","coordinates":[[[-1.54231,47.22574],[-1.54425,47.22466],[-1.5438,47.22286],[-1.54141,47.22214],[-1.53946,47.22322],[-1.53991,47.22502],[-1.54231,47.22574]]]}},{"type":"Feature","properties":{"i":5},"geometry":{"type":"Polygon","coordinates":[[[-1.55685,47.22177],[-1.55879,47.22069],[-1.55835,47.21889],[-1.55595,47.21817],[-1.554,47.21925],[-1.55445,47.22105],[-1.55685,47.22177]]]}},{"type":"Feature","properties":{"i":6},"geometry":{"type":"Polygon","coordinates":[[[-1.58549,47.2387],[-1.58744,47.23762],[-1.58699,47.23581],[-1.58459,47.23509],[-1.58264,47.23618],[-1.58309,47.23798],[-1.58549,47.2387]]]}},{"type":"Feature","properties":{"i":7},"geometry":{"type":"Polygon","coordinates":[[[-1.59327,47.20768],[-1.59522,47.2066],[-1.59477,47.2048],[-1.59237,47.20408],[-1.59042,47.20516],[-1.59087,47.20696],[-1.59327,47.20768]]]}},{"type":"Feature","properties":{"i":8},"geometry":{"type":"Polygon","coordinates":[[[-1.52476,47.23548],[-1.52671,47.2344],[-1.52626,47.2326],[-1.52387,47.23188],[-1.52192,47.23296],[-1.52237,47.23476],[-1.52476,47.23548]]]}},{"type":"Feature","properties":{"i":9},"geometry":{"type":"Polygon","coordinates":[[[-1.49165,47.22719],[-1.4936,47.22611],[-1.49315,47.22431],[-1.49075,47.22359],[-1.4888,47.22467],[-1.48925,47.22647],[-1.49165,47.22719]]]}},{"type":"Feature","properties":{"i":10},"geometry":{"type":"Polygon","coordinates":[[[-1.51711,47.25819],[-1.51906,47.25711],[-1.51861,47.2553],[-1.51621,47.25458],[-1.51426,47.25566],[-1.51471,47.25747],[-1.51711,47.25819]]]}},{"type":"Feature","properties":{"i":11},"geometry":{"type":"Polygon","coordinates":[[[-1.60617,47.21488],[-1.60812,47.2138],[-1.60767,47.212],[-1.60527,47.21128],[-1.60332,47.21236],[-1.60377,47.21417],[-1.60617,47.21488]]]}},{"type":"Feature","properties":{"i":12},"geometry":{"type":"Polygon","coordinates":[[[-1.53481,47.24016],[-1.53676,47.23908],[-1.53631,47.23728],[-1.53391,47.23656],[-1.53196,47.23764],[-1.53241,47.23944],[-1.53481,47.24016]]]}},{"type":"Feature","properties":{"i":13},"geometry":{"type":"Polygon","coordinates":[[[-1.56869,47.20698],[-1.57063,47.2059],[-1.57018,47.2041],[-1.56779,47.20338],[-1.56584,47.20446],[-1.56629,47.20626],[-1.56869,47.20698]]]}},{"type":"Feature","properties":{"i":14},"geometry":{"type":"Polygon","coordinates":[[[-1.52715,47.26287],[-1.5291,47.26179],[-1.52865,47.25999],[-1.52625,47.25927],[-1.5243,47.26035],[-1.52475,47.26215],[-1.52715,47.26287]]]}},{"type":"Feature","properties":{"i":15},"geometry":{"type":"Polygon","coordinates":[[[-1.50738,47.23692],[-1.50932,47.23584],[-1.50888,47.23404],[-1.50648,47.23332],[-1.50453,47.2344],[-1.50498,47.2362],[-1.50738,47.23692]]]}},{"type":"Feature","properties":{"i":16},"geometry":{"type":"Polygon","coordinates":[[[-1.5564,47.24665],[-1.55835,47.24556],[-1.5579,47.24376],[-1.5555,47.24304],[-1.55355,47.24412],[-1.554,47.24593],[-1.5564,47.24665]]]}},{"type":"Feature","properties":{"i":17},"geometry":{"type":"Polygon","coordinates":[[[-1.53572,47.19041],[-1.53767,47.18933],[-1.53722,47.18753],[-1.53482,47.18681],[-1.53287,47.18789],[-1.53332,47.18969],[-1.53572,47.19041]]]}},{"type":"Feature","properties":{"i":18},"geometry":{"type":"Polygon","coordinates":[[[-1.51695,47.26648],[-1.5189,47.26539],[-1.51845,47.26359],[-1.51605,47.26287],[-1.5141,47.26395],[-1.51455,47.26575],[-1.51695,47.26648]]]}},{"type":"Feature","properties":{"i":19},"geometry":{"type":"Polygon","coordinates":[[[-1.55055,47.24989],[-1.5525,47.24881],[-1.55205,47.24701],[-1.54965,47.24629],[-1.5477,47.24737],[-1.54815,47.24917],[-1.55055,47.24989]]]}},{"type":"Feature","properties":{"i":20},"geometry":{"type":"Polygon","coordinates":[[[-1.60225,47.19036],[-1.6042,47.18928],[-1.60375,47.18748],[-1.60135,47.18676],[-1.5994,47.18784],[-1.59986,47.18965],[-1.60225,47.19036]]]}},{"type":"Feature","properties":{"i":21},"geometry":{"type":"Polygon","coordinates":[[[-1.61529,47.18927],[-1.61724,47.18818],[-1.61679,47.18638],[-1.61439,47.18566],[-1.61244,47.18675],[-1.6129,47.18855],[-1.61529,47.18927]]]}},{"type":"Feature","properties":{"i":22},"geometry":{"type":"Polygon","coordinates":[[[-1.58458,47.20841],[-1.58652,47.20733],[-1.58607,47.20553],[-1.58368,47.20481],[-1.58173,47.20589],[-1.58218,47.20769],[-1.58458,47.20841]]]}},{"type":"Feature","properties":{"i":23},"geometry":{"type":"Polygon","coordinates":[[[-1.58356,47.26646],[-1.58551,47.26538],[-1.58505,47.26357],[-1.58265,47.26286],[-1.5807,47.26394],[-1.58115,47.26574],[-1.58356,47.26646]]]}},{"type":"Feature","properties":{"i":24},"geometry":{"type":"Polygon","coordinates":[[[-1.52703,47.19114],[-1.52898,47.19006],[-1.52853,47.18825],[-1.52613,47.18753],[-1.52418,47.18861],[-1.52463,47.19042],[-1.52703,47.19114]]]}},{"type":"Feature","properties":{"i":25},"geometry":{"type":"Polygon","coordinates":[[[-1.5228,47.26323],[-1.52475,47.26215],[-1.5243,47.26035],[-1.5219,47.25963],[-1.51995,47.26071],[-1.5204,47.26251],[-1.5228,47.26323]]]}},{"type":"Feature","properties":{"i":26},"geometry":{"type":"Polygon","coordinates":[[[-1.57453,47.20373],[-1.57648,47.20265],[-1.57603,47.20085],[-1.57363,47.20013],[-1.57168,47.20121],[-1.57213,47.20301],[-1.57453,47.20373]]]}},{"type":"Feature","properties":{"i":27},"geometry":{"type":"Polygon","coordinates":[[[-1.5183,47.27188],[-1.52025,47.2708],[-1.5198,47.269],[-1.5174,47.26828],[-1.51545,47.26936],[-1.5159,47.27116],[-1.5183,47.27188]]]}},{"type":"Feature","properties":{"i":28},"geometry":{"type":"Polygon","coordinates":[[[-1.49552,47.2517],[-1.49747,47.25062],[-1.49702,47.24882],[-1.49463,47.24809],[-1.49268,47.24917],[-1.49312,47.25098],[-1.49552,47.2517]]]}},{"type":"Feature","properties":{"i":29},"geometry":{"type":"Polygon","coordinates":[[[-1.618,47.20009],[-1.61995,47.199],[-1.6195,47.1972],[-1.6171,47.19648],[-1.61515,47.19756],[-1.6156,47.19937],[-1.618,47.20009]]]}},{"type":"Feature","properties":{"i":30},"geometry":{"type":"Polygon","coordinates":[[[-1.54665,47.22538],[-1.5486,47.2243],[-1.54815,47.2225],[-1.54575,47.22178],[-1.5438,47.22286],[-1.54425,47.22466],[-1.54665,47.22538]]]}},{"type":"Feature","properties":{"i":31},"geometry":{"type":"Polygon","coordinates":[[[-1.57964,47.24195],[-1.58159,47.24087],[-1.58114,47.23906],[-1.57874,47.23834],[-1.57679,47.23943],[-1.57724,47.24123],[-1.57964,47.24195]]]}},{"type":"Feature","properties":{"i":32},"geometry":{"type":"Polygon","coordinates":[[[-1.60033,47.21814],[-1.60227,47.21705],[-1.60182,47.21525],[-1.59942,47.21453],[-1.59748,47.21561],[-1.59793,47.21742],[-1.60033,47.21814]]]}},{"type":"Feature","properties":{"i":33},"geometry":{"type":"Polygon","coordinates":[[[-1.52896,47.24341],[-1.53091,47.24233],[-1.53046,47.24053],[-1.52806,47.2398],[-1.52611,47.24089],[-1.52656,47.24269],[-1.52896,47.24341]]]}},{"type":"Feature","properties":{"i":34},"geometry":{"type":"Polygon","coordinates":[[[-1.59762,47.20732],[-1.59957,47.20624],[-1.59912,47.20443],[-1.59672,47.20371],[-1.59477,47.2048],[-1.59522,47.2066],[-1.59762,47.20732]]]}},{"type":"Feature","properties":{"i":35},"geometry":{"type":"Polygon","coordinates":[[[-1.52911,47.23512],[-1.53106,47.23404],[-1.53061,47.23223],[-1.52821,47.23151],[-1.52626,47.2326],[-1.52671,47.2344],[-1.52911,47.23512]]]}},{"type":"Feature","properties":{"i":36},"geometry":{"type":"Polygon","coordinates":[[[-1.51079,47.28629],[-1.51274,47.28521],[-1.51229,47.28341],[-1.50989,47.28269],[-1.50794,47.28377],[-1.50839,47.28557],[-1.51079,47.28629]]]}},{"type":"Feature","properties":{"i":37},"geometry":{"type":"Polygon","coordinates":[[[-1.52145,47.25783],[-1.5234,47.25674],[-1.52296,47.25494],[-1.52056,47.25422],[-1.51861,47.2553],[-1.51906,47.25711],[-1.52145,47.25783]]]}},{"type":"Feature","properties":{"i":38},"geometry":{"type":"Polygon","coordinates":[[[-1.56284,47.21023],[-1.56479,47.20915],[-1.56434,47.20734],[-1.56194,47.20663],[-1.55999,47.20771],[-1.56044,47.20951],[-1.56284,47.21023]]]}},{"type":"Feature","properties":{"i":39},"geometry":{"type":"Polygon","coordinates":[[[-1.53137,47.19078],[-1.53332,47.18969],[-1.53287,47.18789],[-1.53048,47.18717],[-1.52853,47.18825],[-1.52898,47.19006],[-1.53137,47.19078]]]}},{"type":"Feature","properties":{"i":40},"geometry":{"type":"Polygon","coordinates":[[[-1.48849,47.24125],[-1.49044,47.24016],[-1.48999,47.23836],[-1.48759,47.23764],[-1.48564,47.23872],[-1.48609,47.24052],[-1.48849,47.24125]]]}},{"type":"Feature","properties":{"i":41},"geometry":{"type":"Polygon","coordinates":[[[-1.56465,47.27079],[-1.5666,47.26971],[-1.56615,47.26791],[-1.56375,47.26719],[-1.5618,47.26827],[-1.56225,47.27007],[-1.56465,47.27079]]]}},{"type":"Feature","properties":{"i":42},"geometry":{"type":"Polygon","coordinates":[[[-1.5315,47.26251],[-1.53345,47.26143],[-1.533,47.25963],[-1.5306,47.25891],[-1.52865,47.25999],[-1.5291,47.26179],[-1.5315,47.26251]]]}},{"type":"Feature","properties":{"i":43},"geometry":{"type":"Polygon","coordinates":[[[-1.52026,47.24413],[-1.52221,47.24305],[-1.52176,47.24125],[-1.51936,47.24053],[-1.51742,47.24161],[-1.51786,47.24341],[-1.52026,47.24413]]]}},{"type":"Feature","properties":{"i":44},"geometry":{"type":"Polygon","coordinates":[[[-1.5486,47.19762],[-1.55055,47.19654],[-1.5501,47.19473],[-1.5477,47.19401],[-1.54576,47.1951],[-1.54621,47.1969],[-1.5486,47.19762]]]}},{"type":"Feature","properties":{"i":45},"geometry":{"type":"Polygon","coordinates":[[[-1.58143,47.22248],[-1.58338,47.22139],[-1.58293,47.21959],[-1.58053,47.21887],[-1.57858,47.21996],[-1.57904,47.22176],[-1.58143,47.22248]]]}},{"type":"Feature","properties":{"i":46},"geometry":{"type":"Polygon","coordinates":[[[-1.61964,47.1889],[-1.62159,47.18782],[-1.62114,47.18602],[-1.61874,47.1853],[-1.61679,47.18638],[-1.61724,47.18818],[-1.61964,47.1889]]]}},{"type":"Feature","properties":{"i":47},"geometry":{"type":"Polygon","coordinates":[[[-1.58892,47.20805],[-1.59087,47.20696],[-1.59042,47.20516],[-1.58802,47.20444],[-1.58607,47.20553],[-1.58652,47.20733],[-1.58892,47.20805]]]}},{"type":"Feature","properties":{"i":48},"geometry":{"type":"Polygon","coordinates":[[[-1.50303,47.23728],[-1.50498,47.2362],[-1.50453,47.2344],[-1.50213,47.23368],[-1.50018,47.23476],[-1.50063,47.23656],[-1.50303,47.23728]]]}},{"type":"Feature","properties":{"i":49},"geometry":{"type":"Polygon","coordinates":[[[-1.51245,47.27512],[-1.5144,47.27404],[-1.51395,47.27224],[-1.51155,47.27152],[-1.5096,47.2726],[-1.51005,47.2744],[-1.51245,47.27512]]]}},{"type":"Feature","properties":{"i":50},"geometry":{"type":"Polygon","coordinates":[[[-1.61216,47.20334],[-1.61411,47.20225],[-1.61366,47.20045],[-1.61126,47.19973],[-1.60931,47.20082],[-1.60976,47.20262],[-1.61216,47.20334]]]}},{"type":"Feature","properties":{"i":51},"geometry":{"type":"Polygon","coordinates":[[[-1.54081,47.22863],[-1.54275,47.22755],[-1.54231,47.22574],[-1.53991,47.22502],[-1.53796,47.2261],[-1.53841,47.22791],[-1.54081,47.22863]]]}},{"type":"Feature","properties":{"i":52},"geometry":{"type":"Polygon","coordinates":[[[-1.533,47.25963],[-1.53495,47.25855],[-1.5345,47.25674],[-1.5321,47.25602],[-1.53015,47.2571],[-1.5306,47.25891],[-1.533,47.25963]]]}},{"type":"Feature","properties":{"i":53},"geometry":{"type":"Polygon","coordinates":[[[-1.55415,47.21096],[-1.5561,47.20987],[-1.55565,47.20807],[-1.55325,47.20735],[-1.5513,47.20843],[-1.55175,47.21024],[-1.55415,47.21096]]]}},{"type":"Feature","properties":{"i":54},"geometry":{"type":"Polygon","coordinates":[[[-1.58399,47.24158],[-1.58594,47.2405],[-1.58549,47.2387],[-1.58309,47.23798],[-1.58114,47.23906],[-1.58159,47.24087],[-1.58399,47.24158]]]}},{"type":"Feature","properties":{"i":55},"geometry":{"type":"Polygon","coordinates":[[[-1.60467,47.21777],[-1.60662,47.21669],[-1.60617,47.21488],[-1.60377,47.21417],[-1.60182,47.21525],[-1.60227,47.21705],[-1.60467,47.21777]]]}},{"type":"Feature","properties":{"i":56},"geometry":{"type":"Polygon","coordinates":[[[-1.53331,47.24305],[-1.53526,47.24197],[-1.53481,47.24016],[-1.53241,47.23944],[-1.53046,47.24053],[-1.53091,47.24233],[-1.53331,47.24305]]]}},{"type":"Feature","properties":{"i":57},"geometry":{"type":"Polygon","coordinates":[[[-1.58008,47.21707],[-1.58203,47.21599],[-1.58158,47.21418],[-1.57918,47.21346],[-1.57723,47.21455],[-1.57768,47.21635],[-1.58008,47.21707]]]}},{"type":"Feature","properties":{"i":58},"geometry":{"type":"Polygon","coordinates":[[[-1.52326,47.23836],[-1.52521,47.23728],[-1.52476,47.23548],[-1.52237,47.23476],[-1.52042,47.23584],[-1.52087,47.23764],[-1.52326,47.23836]]]}},{"type":"Feature","properties":{"i":59},"geometry":{"type":"Polygon","coordinates":[[[-1.51514,47.28593],[-1.51709,47.28485],[-1.51664,47.28305],[-1.51424,47.28233],[-1.51229,47.28341],[-1.51274,47.28521],[-1.51514,47.28593]]]}},{"type":"Feature","properties":{"i":60},"geometry":{"type":"Polygon","coordinates":[[[-1.5156,47.26107],[-1.51755,47.25999],[-1.51711,47.25819],[-1.51471,47.25747],[-1.51276,47.25855],[-1.51321,47.26035],[-1.5156,47.26107]]]}},{"type":"Feature","properties":{"i":61},"geometry":{"type":"Polygon","coordinates":[[[-1.48999,47.23836],[-1.49194,47.23728],[-1.49149,47.23548],[-1.48909,47.23476],[-1.48714,47.23584],[-1.48759,47.23764],[-1.48999,47.23836]]]}},{"type":"Feature","properties":{"i":62},"geometry":{"type":"Polygon","coordinates":[[[-1.5765,47.25601],[-1.57845,47.25493],[-1.578,47.25312],[-1.5756,47.25241],[-1.57365,47.25349],[-1.5741,47.25529],[-1.5765,47.25601]]]}},{"type":"Feature","properties":{"i":63},"geometry":{"type":"Polygon","coordinates":[[[-1.60346,47.20407],[-1.60541,47.20298],[-1.60496,47.20118],[-1.60256,47.20046],[-1.60061,47.20155],[-1.60106,47.20335],[-1.60346,47.20407]]]}},{"type":"Feature","properties":{"i":64},"geometry":{"type":"Polygon","coordinates":[[[-1.53211,47.22935],[-1.53406,47.22827],[-1.53361,47.22647],[-1.53121,47.22575],[-1.52926,47.22683],[-1.52971,47.22863],[-1.53211,47.22935]]]}},{"type":"Feature","properties":{"i":65},"geometry":{"type":"Polygon","coordinates":[[[-1.56719,47.20987],[-1.56914,47.20878],[-1.56869,47.20698],[-1.56629,47.20626],[-1.56434,47.20734],[-1.56479,47.20915],[-1.56719,47.20987]]]}},{"type":"Feature","properties":{"i":66},"geometry":{"type":"Polygon","coordinates":[[[-1.569,47.27043],[-1.57095,47.26935],[-1.5705,47.26755],[-1.5681,47.26683],[-1.56615,47.26791],[-1.5666,47.26971],[-1.569,47.27043]]]}},{"type":"Feature","properties":{"i":67},"geometry":{"type":"Polygon","coordinates":[[[-1.59583,47.22679],[-1.59778,47.22571],[-1.59733,47.22391],[-1.59493,47.22319],[-1.59298,47.22427],[-1.59343,47.22607],[-1.59583,47.22679]]]}},{"type":"Feature","properties":{"i":68},"geometry":{"type":"Polygon","coordinates":[[[-1.56434,47.20734],[-1.56629,47.20626],[-1.56584,47.20446],[-1.56344,47.20374],[-1.56149,47.20482],[-1.56194,47.20663],[-1.56434,47.20734]]]}},{"type":"Feature","properties":{"i":69},"geometry":{"type":"Polygon","coordinates":[[[-1.52446,47.25206],[-1.52641,47.25098],[-1.52596,47.24918],[-1.52356,47.24846],[-1.52161,47.24954],[-1.52206,47.25134],[-1.52446,47.25206]]]}},{"type":"Feature","properties":{"i":70},"geometry":{"type":"Polygon","coordinates":[[[-1.52461,47.24377],[-1.52656,47.24269],[-1.52611,47.24089],[-1.52371,47.24017],[-1.52176,47.24125],[-1.52221,47.24305],[-1.52461,47.24377]]]}},{"type":"Feature","properties":{"i":71},"geometry":{"type":"Polygon","coordinates":[[[-1.53526,47.21529],[-1.53721,47.21421],[-1.53676,47.21241],[-1.53436,47.21169],[-1.53242,47.21277],[-1.53287,47.21457],[-1.53526,47.21529]]]}},{"type":"Feature","properties":{"i":72},"geometry":{"type":"Polygon","coordinates":[[[-1.54065,47.23692],[-1.5426,47.23584],[-1.54215,47.23403],[-1.53976,47.23331],[-1.53781,47.2344],[-1.53826,47.2362],[-1.54065,47.23692]]]}},{"type":"Feature","properties":{"i":73},"geometry":{"type":"Polygon","coordinates":[[[-1.5678,47.25673],[-1.56975,47.25565],[-1.5693,47.25385],[-1.5669,47.25313],[-1.56495,47.25421],[-1.5654,47.25601],[-1.5678,47.25673]]]}},{"type":"Feature","properties":{"i":74},"geometry":{"type":"Polygon","coordinates":[[[-1.60076,47.19325],[-1.60271,47.19217],[-1.60225,47.19036],[-1.59986,47.18965],[-1.59791,47.19073],[-1.59836,47.19253],[-1.60076,47.19325]]]}},{"type":"Feature","properties":{"i":75},"geometry":{"type":"Polygon","coordinates":[[[-1.58578,47.22211],[-1.58773,47.22103],[-1.58728,47.21923],[-1.58488,47.21851],[-1.58293,47.21959],[-1.58338,47.22139],[-1.58578,47.22211]]]}},{"type":"Feature","properties":{"i":76},"geometry":{"type":"Polygon","coordinates":[[[-1.58308,47.2113],[-1.58503,47.21022],[-1.58458,47.20841],[-1.58218,47.20769],[-1.58023,47.20878],[-1.58068,47.21058],[-1.58308,47.2113]]]}},{"type":"Feature","properties":{"i":77},"geometry":{"type":"Polygon","coordinates":[[[-1.58206,47.26934],[-1.58401,47.26826],[-1.58356,47.26646],[-1.58115,47.26574],[-1.5792,47.26682],[-1.57965,47.26862],[-1.58206,47.26934]]]}},{"type":"Feature","properties":{"i":78},"geometry":{"type":"Polygon","coordinates":[[[-1.5168,47.27476],[-1.51875,47.27368],[-1.5183,47.27188],[-1.5159,47.27116],[-1.51395,47.27224],[-1.5144,47.27404],[-1.5168,47.27476]]]}},{"type":"Feature","properties":{"i":79},"geometry":{"type":"Polygon","coordinates":[[[-1.5651,47.24592],[-1.56705,47.24484],[-1.5666,47.24304],[-1.5642,47.24232],[-1.56225,47.2434],[-1.5627,47.2452],[-1.5651,47.24592]]]}},{"type":"Feature","properties":{"i":80},"geometry":{"type":"Polygon","coordinates":[[[-1.61651,47.20297],[-1.61846,47.20189],[-1.618,47.20009],[-1.6156,47.19937],[-1.61366,47.20045],[-1.61411,47.20225],[-1.61651,47.20297]]]}},{"type":"Feature","properties":{"i":81},"geometry":{"type":"Polygon","coordinates":[[[-1.51788,47.21674],[-1.51983,47.21566],[-1.51938,47.21385],[-1.51698,47.21313],[-1.51503,47.21421],[-1.51548,47.21602],[-1.51788,47.21674]]]}},{"type":"Feature","properties":{"i":82},"geometry":{"type":"Polygon","coordinates":[[[-1.54515,47.22827],[-1.5471,47.22718],[-1.54665,47.22538],[-1.54425,47.22466],[-1.54231,47.22574],[-1.54275,47.22755],[-1.54515,47.22827]]]}},{"type":"Feature","properties":{"i":83},"geometry":{"type":"Polygon","coordinates":[[[-1.55849,47.21059],[-1.56044,47.20951],[-1.55999,47.20771],[-1.55759,47.20699],[-1.55565,47.20807],[-1.5561,47.20987],[-1.55849,47.21059]]]}},{"type":"Feature","properties":{"i":84},"geometry":{"type":"Polygon","coordinates":[[[-1.59883,47.22102],[-1.60078,47.21994],[-1.60033,47.21814],[-1.59793,47.21742],[-1.59598,47.2185],[-1.59643,47.2203],[-1.59883,47.22102]]]}},{"type":"Feature","properties":{"i":85},"geometry":{"type":"Polygon","coordinates":[[[-1.52746,47.24629],[-1.52941,47.24521],[-1.52896,47.24341],[-1.52656,47.24269],[-1.52461,47.24377],[-1.52506,47.24557],[-1.52746,47.24629]]]}},{"type":"Feature","properties":{"i":86},"geometry":{"type":"Polygon","coordinates":[[[-1.58443,47.21671],[-1.58638,47.21562],[-1.58593,47.21382],[-1.58353,47.2131],[-1.58158,47.21418],[-1.58203,47.21599],[-1.58443,47.21671]]]}},{"type":"Feature","properties":{"i":87},"geometry":{"type":"Polygon","coordinates":[[[-1.58341,47.27475],[-1.58536,47.27367],[-1.58491,47.27187],[-1.58251,47.27115],[-1.58056,47.27223],[-1.58101,47.27403],[-1.58341,47.27475]]]}},{"type":"Feature","properties":{"i":88},"geometry":{"type":"Polygon","coordinates":[[[-1.50929,47.28918],[-1.51124,47.28809],[-1.51079,47.28629],[-1.50839,47.28557],[-1.50644,47.28665],[-1.50689,47.28845],[-1.50929,47.28918]]]}},{"type":"Feature","properties":{"i":89},"geometry":{"type":"Polygon","coordinates":[[[-1.51995,47.26071],[-1.5219,47.25963],[-1.52145,47.25783],[-1.51906,47.25711],[-1.51711,47.25819],[-1.51755,47.25999],[-1.51995,47.26071]]]}},{"type":"Feature","properties":{"i":90},"geometry":{"type":"Polygon","coordinates":[[[-1.60781,47.2037],[-1.60976,47.20262],[-1.60931,47.20082],[-1.60691,47.2001],[-1.60496,47.20118],[-1.60541,47.20298],[-1.60781,47.2037]]]}},{"type":"Feature","properties":{"i":91},"geometry":{"type":"Polygon","coordinates":[[[-1.50422,47.25098],[-1.50617,47.2499],[-1.50572,47.2481],[-1.50332,47.24737],[-1.50137,47.24846],[-1.50182,47.25026],[-1.50422,47.25098]]]}},{"type":"Feature","properties":{"i":92},"geometry":{"type":"Polygon","coordinates":[[[-1.53646,47.22899],[-1.53841,47.22791],[-1.53796,47.2261],[-1.53556,47.22538],[-1.53361,47.22647],[-1.53406,47.22827],[-1.53646,47.22899]]]}},{"type":"Feature","properties":{"i":93},"geometry":{"type":"Polygon","coordinates":[[[-1.54965,47.21961],[-1.5516,47.21853],[-1.55115,47.21673],[-1.54875,47.21601],[-1.5468,47.21709],[-1.54725,47.21889],[-1.54965,47.21961]]]}},{"type":"Feature","properties":{"i":94},"geometry":{"type":"Polygon","coordinates":[[[-1.57694,47.23113],[-1.57889,47.23005],[-1.57844,47.22825],[-1.57604,47.22753],[-1.57409,47.22861],[-1.57454,47.23041],[-1.57694,47.23113]]]}},{"type":"Feature","properties":{"i":95},"geometry":{"type":"Polygon","coordinates":[[[-1.60018,47.22643],[-1.60213,47.22535],[-1.60168,47.22354],[-1.59928,47.22282],[-1.59733,47.22391],[-1.59778,47.22571],[-1.60018,47.22643]]]}},{"type":"Feature","properties":{"i":96},"geometry":{"type":"Polygon","coordinates":[[[-1.5288,47.2517],[-1.53075,47.25062],[-1.53031,47.24882],[-1.52791,47.24809],[-1.52596,47.24918],[-1.52641,47.25098],[-1.5288,47.2517]]]}},{"type":"Feature","properties":{"i":97},"geometry":{"type":"Polygon","coordinates":[[[-1.51876,47.24701],[-1.52071,47.24593],[-1.52026,47.24413],[-1.51786,47.24341],[-1.51591,47.24449],[-1.51636,47.24629],[-1.51876,47.24701]]]}},{"type":"Feature","properties":{"i":98},"geometry":{"type":"Polygon","coordinates":[[[-1.5471,47.2005],[-1.54905,47.19942],[-1.5486,47.19762],[-1.54621,47.1969],[-1.54426,47.19798],[-1.54471,47.19978],[-1.5471,47.2005]]]}},{"type":"Feature","properties":{"i":99},"geometry":{"type":"Polygon","coordinates":[[[-1.51126,47.26143],[-1.51321,47.26035],[-1.51276,47.25855],[-1.51036,47.25783],[-1.50841,47.25891],[-1.50886,47.26071],[-1.51126,47.26143]]]}},{"type":"Feature","properties":{"i":100},"geometry":{"type":"Polygon","coordinates":[[[-1.53961,47.21493],[-1.54156,47.21385],[-1.54111,47.21204],[-1.53871,47.21132],[-1.53676,47.21241],[-1.53721,47.21421],[-1.53961,47.21493]]]}},{"type":"Feature","properties":{"i":101},"geometry":{"type":"Polygon","coordinates":[[[-1.57215,47.25637],[-1.5741,47.25529],[-1.57365,47.25349],[-1.57125,47.25277],[-1.5693,47.25385],[-1.56975,47.25565],[-1.57215,47.25637]]]}},{"type":"Feature","properties":{"i":102},"geometry":{"type":"Polygon","coordinates":[[[-1.57994,47.22536],[-1.58189,47.22428],[-1.58143,47.22248],[-1.57904,47.22176],[-1.57709,47.22284],[-1.57754,47.22464],[-1.57994,47.22536]]]}},{"type":"Feature","properties":{"i":103},"geometry":{"type":"Polygon","coordinates":[[[-1.53841,47.20123],[-1.54036,47.20015],[-1.53991,47.19834],[-1.53751,47.19762],[-1.53557,47.19871],[-1.53602,47.20051],[-1.53841,47.20123]]]}},{"type":"Feature","properties":{"i":104},"geometry":{"type":"Polygon","coordinates":[[[-1.4873,47.22755],[-1.48925,47.22647],[-1.4888,47.22467],[-1.48641,47.22395],[-1.48446,47.22503],[-1.48491,47.22683],[-1.4873,47.22755]]]}},{"type":"Feature","properties":{"i":105},"geometry":{"type":"Polygon","coordinates":[[[-1.53076,47.22394],[-1.53271,47.22286],[-1.53226,47.22106],[-1.52987,47.22034],[-1.52792,47.22142],[-1.52837,47.22322],[-1.53076,47.22394]]]}},{"type":"Feature","properties":{"i":106},"geometry":{"type":"Polygon","coordinates":[[[-1.55805,47.23547],[-1.56,47.23439],[-1.55955,47.23259],[-1.55715,47.23187],[-1.5552,47.23295],[-1.55565,47.23475],[-1.55805,47.23547]]]}},{"type":"Feature","properties":{"i":107},"geometry":{"type":"Polygon","coordinates":[[[-1.58622,47.19723],[-1.58817,47.19615],[-1.58772,47.19435],[-1.58532,47.19363],[-1.58337,47.19471],[-1.58382,47.19651],[-1.58622,47.19723]]]}},{"type":"Feature","properties":{"i":108},"geometry":{"type":"Polygon","coordinates":[[[-1.55265,47.21384],[-1.5546,47.21276],[-1.55415,47.21096],[-1.55175,47.21024],[-1.5498,47.21132],[-1.55025,47.21312],[-1.55265,47.21384]]]}},{"type":"Feature","properties":{"i":109},"geometry":{"type":"Polygon","coordinates":[[[-1.57858,47.21996],[-1.58053,47.21887],[-1.58008,47.21707],[-1.57768,47.21635],[-1.57574,47.21743],[-1.57619,47.21924],[-1.57858,47.21996]]]}},{"type":"Feature","properties":{"i":110},"geometry":{"type":"Polygon","coordinates":[[[-1.52057,47.22755],[-1.52252,47.22647],[-1.52207,47.22467],[-1.51967,47.22395],[-1.51772,47.22503],[-1.51817,47.22683],[-1.52057,47.22755]]]}},{"type":"Feature","properties":{"i":111},"geometry":{"type":"Polygon","coordinates":[[[-1.51364,47.28882],[-1.51559,47.28774],[-1.51514,47.28593],[-1.51274,47.28521],[-1.51079,47.28629],[-1.51124,47.28809],[-1.51364,47.28882]]]}},{"type":"Feature","properties":{"i":112},"geometry":{"type":"Polygon","coordinates":[[[-1.51291,47.25026],[-1.51486,47.24918],[-1.51441,47.24737],[-1.51202,47.24665],[-1.51007,47.24774],[-1.51051,47.24954],[-1.51291,47.25026]]]}},{"type":"Feature","properties":{"i":113},"geometry":{"type":"Polygon","coordinates":[[[-1.5738,47.2452],[-1.57574,47.24411],[-1.57529,47.24231],[-1.57289,47.24159],[-1.57094,47.24267],[-1.5714,47.24448],[-1.5738,47.2452]]]}},{"type":"Feature","properties":{"i":114},"geometry":{"type":"Polygon","coordinates":[[[-1.60197,47.20695],[-1.60392,47.20587],[-1.60346,47.20407],[-1.60106,47.20335],[-1.59912,47.20443],[-1.59957,47.20624],[-1.60197,47.20695]]]}},{"type":"Feature","properties":{"i":115},"geometry":{"type":"Polygon","coordinates":[[[-1.59912,47.20443],[-1.60106,47.20335],[-1.60061,47.20155],[-1.59821,47.20083],[-1.59627,47.20191],[-1.59672,47.20371],[-1.59912,47.20443]]]}},{"type":"Feature","properties":{"i":116},"geometry":{"type":"Polygon","coordinates":[[[-1.53165,47.25422],[-1.5336,47.25314],[-1.53315,47.25134],[-1.53075,47.25062],[-1.5288,47.2517],[-1.52925,47.2535],[-1.53165,47.25422]]]}},{"type":"Feature","properties":{"i":117},"geometry":{"type":"Polygon","coordinates":[[[-1.53061,47.23223],[-1.53256,47.23115],[-1.53211,47.22935],[-1.52971,47.22863],[-1.52776,47.22971],[-1.52821,47.23151],[-1.53061,47.23223]]]}},{"type":"Feature","properties":{"i":118},"geometry":{"type":"Polygon","coordinates":[[[-1.554,47.21925],[-1.55595,47.21817],[-1.5555,47.21636],[-1.5531,47.21564],[-1.55115,47.21673],[-1.5516,47.21853],[-1.554,47.21925]]]}},{"type":"Feature","properties":{"i":119},"geometry":{"type":"Polygon","coordinates":[[[-1.58129,47.23077],[-1.58324,47.22969],[-1.58279,47.22789],[-1.58039,47.22717],[-1.57844,47.22825],[-1.57889,47.23005],[-1.58129,47.23077]]]}},{"type":"Feature","properties":{"i":120},"geometry":{"type":"Polygon","coordinates":[[[-1.59434,47.22968],[-1.59628,47.2286],[-1.59583,47.22679],[-1.59343,47.22607],[-1.59148,47.22716],[-1.59194,47.22896],[-1.59434,47.22968]]]}},{"type":"Feature","properties":{"i":121},"geometry":{"type":"Polygon","coordinates":[[[-1.52296,47.25494],[-1.52491,47.25386],[-1.52446,47.25206],[-1.52206,47.25134],[-1.52011,47.25242],[-1.52056,47.25422],[-1.52296,47.25494]]]}},{"type":"Feature","properties":{"i":122},"geometry":{"type":"Polygon","coordinates":[[[-1.52311,47.24665],[-1.52506,47.24557],[-1.52461,47.24377],[-1.52221,47.24305],[-1.52026,47.24413],[-1.52071,47.24593],[-1.52311,47.24665]]]}},{"type":"Feature","properties":{"i":123},"geometry":{"type":"Polygon","coordinates":[[[-1.58114,47.23906],[-1.58309,47.23798],[-1.58264,47.23618],[-1.58024,47.23546],[-1.57829,47.23654],[-1.57874,47.23834],[-1.58114,47.23906]]]}},{"type":"Feature","properties":{"i":124},"geometry":{"type":"Polygon","coordinates":[[[-1.55145,47.20014],[-1.5534,47.19906],[-1.55295,47.19726],[-1.55055,47.19654],[-1.5486,47.19762],[-1.54905,47.19942],[-1.55145,47.20014]]]}},{"type":"Feature","properties":{"i":125},"geometry":{"type":"Polygon","coordinates":[[[-1.53376,47.21818],[-1.53571,47.21709],[-1.53526,47.21529],[-1.53287,47.21457],[-1.53092,47.21565],[-1.53137,47.21745],[-1.53376,47.21818]]]}},{"type":"Feature","properties":{"i":126},"geometry":{"type":"Polygon","coordinates":[[[-1.5663,47.25962],[-1.56825,47.25854],[-1.5678,47.25673],[-1.5654,47.25601],[-1.56345,47.2571],[-1.5639,47.2589],[-1.5663,47.25962]]]}},{"type":"Feature","properties":{"i":127},"geometry":{"type":"Polygon","coordinates":[[[-1.58038,47.20048],[-1.58232,47.1994],[-1.58187,47.1976],[-1.57947,47.19688],[-1.57753,47.19796],[-1.57798,47.19976],[-1.58038,47.20048]]]}},{"type":"Feature","properties":{"i":128},"geometry":{"type":"Polygon","coordinates":[[[-1.54276,47.20087],[-1.54471,47.19978],[-1.54426,47.19798],[-1.54186,47.19726],[-1.53991,47.19834],[-1.54036,47.20015],[-1.54276,47.20087]]]}},{"type":"Feature","properties":{"i":129},"geometry":{"type":"Polygon","coordinates":[[[-1.53511,47.22358],[-1.53706,47.2225],[-1.53661,47.2207],[-1.53421,47.21998],[-1.53226,47.22106],[-1.53271,47.22286],[-1.53511,47.22358]]]}},{"type":"Feature","properties":{"i":130},"geometry":{"type":"Polygon","coordinates":[[[-1.5624,47.23511],[-1.56434,47.23403],[-1.56389,47.23222],[-1.56149,47.2315],[-1.55955,47.23259],[-1.56,47.23439],[-1.5624,47.23511]]]}},{"type":"Feature","properties":{"i":131},"geometry":{"type":"Polygon","coordinates":[[[-1.5447,47.25314],[-1.54665,47.25206],[-1.5462,47.25025],[-1.5438,47.24953],[-1.54185,47.25062],[-1.5423,47.25242],[-1.5447,47.25314]]]}},{"type":"Feature","properties":{"i":132},"geometry":{"type":"Polygon","coordinates":[[[-1.58293,47.21959],[-1.58488,47.21851],[-1.58443,47.21671],[-1.58203,47.21599],[-1.58008,47.21707],[-1.58053,47.21887],[-1.58293,47.21959]]]}},{"type":"Feature","properties":{"i":133},"geometry":{"type":"Polygon","coordinates":[[[-1.52492,47.22719],[-1.52687,47.22611],[-1.52642,47.22431],[-1.52402,47.22358],[-1.52207,47.22467],[-1.52252,47.22647],[-1.52492,47.22719]]]}},{"type":"Feature","properties":{"i":134},"geometry":{"type":"Polygon","coordinates":[[[-1.50034,47.22647],[-1.50229,47.22539],[-1.50184,47.22359],[-1.49944,47.22287],[-1.49749,47.22395],[-1.49794,47.22575],[-1.50034,47.22647]]]}},{"type":"Feature","properties":{"i":135},"geometry":{"type":"Polygon","coordinates":[[[-1.52654,47.29602],[-1.52849,47.29494],[-1.52804,47.29314],[-1.52564,47.29242],[-1.52369,47.2935],[-1.52414,47.2953],[-1.52654,47.29602]]]}},{"type":"Feature","properties":{"i":136},"geometry":{"type":"Polygon","coordinates":[[[-1.51726,47.2499],[-1.51921,47.24882],[-1.51876,47.24701],[-1.51636,47.24629],[-1.51441,47.24737],[-1.51486,47.24918],[-1.51726,47.2499]]]}},{"type":"Feature","properties":{"i":137},"geometry":{"type":"Polygon","coordinates":[[[-1.54935,47.23619],[-1.5513,47.23511],[-1.55085,47.23331],[-1.54845,47.23259],[-1.5465,47.23367],[-1.54695,47.23547],[-1.54935,47.23619]]]}},{"type":"Feature","properties":{"i":138},"geometry":{"type":"Polygon","coordinates":[[[-1.57814,47.24483],[-1.58009,47.24375],[-1.57964,47.24195],[-1.57724,47.24123],[-1.57529,47.24231],[-1.57574,47.24411],[-1.57814,47.24483]]]}},{"type":"Feature","properties":{"i":139},"geometry":{"type":"Polygon","coordinates":[[[-1.54815,47.2225],[-1.5501,47.22141],[-1.54965,47.21961],[-1.54725,47.21889],[-1.5453,47.21997],[-1.54575,47.22178],[-1.54815,47.2225]]]}},{"type":"Feature","properties":{"i":140},"geometry":{"type":"Polygon","coordinates":[[[-1.52207,47.22467],[-1.52402,47.22358],[-1.52357,47.22178],[-1.52117,47.22106],[-1.51922,47.22214],[-1.51967,47.22395],[-1.52207,47.22467]]]}},{"type":"Feature","properties":{"i":141},"geometry":{"type":"Polygon","coordinates":[[[-1.57544,47.23402],[-1.57739,47.23294],[-1.57694,47.23113],[-1.57454,47.23041],[-1.57259,47.2315],[-1.57304,47.2333],[-1.57544,47.23402]]]}},{"type":"Feature","properties":{"i":142},"geometry":{"type":"Polygon","coordinates":[[[-1.4843,47.23332],[-1.48625,47.23224],[-1.4858,47.23043],[-1.4834,47.22971],[-1.48146,47.23079],[-1.4819,47.2326],[-1.4843,47.23332]]]}},{"type":"Feature","properties":{"i":143},"geometry":{"type":"Polygon","coordinates":[[[-1.56045,47.26286],[-1.5624,47.26178],[-1.56195,47.25998],[-1.55955,47.25926],[-1.5576,47.26034],[-1.55805,47.26214],[-1.56045,47.26286]]]}},{"type":"Feature","properties":{"i":144},"geometry":{"type":"Polygon","coordinates":[[[-1.59868,47.22932],[-1.60063,47.22823],[-1.60018,47.22643],[-1.59778,47.22571],[-1.59583,47.22679],[-1.59628,47.2286],[-1.59868,47.22932]]]}},{"type":"Feature","properties":{"i":145},"geometry":{"type":"Polygon","coordinates":[[[-1.5273,47.25458],[-1.52925,47.2535],[-1.5288,47.2517],[-1.52641,47.25098],[-1.52446,47.25206],[-1.52491,47.25386],[-1.5273,47.25458]]]}},{"type":"Feature","properties":{"i":146},"geometry":{"type":"Polygon","coordinates":[[[-1.52099,47.28269],[-1.52294,47.28161],[-1.52249,47.27981],[-1.52009,47.27909],[-1.51814,47.28017],[-1.51859,47.28197],[-1.52099,47.28269]]]}},{"type":"Feature","properties":{"i":147},"geometry":{"type":"Polygon","coordinates":[[[-1.56674,47.23474],[-1.56869,47.23366],[-1.56824,47.23186],[-1.56584,47.23114],[-1.56389,47.23222],[-1.56434,47.23403],[-1.56674,47.23474]]]}},{"type":"Feature","properties":{"i":148},"geometry":{"type":"Polygon","coordinates":[[[-1.58472,47.20012],[-1.58667,47.19903],[-1.58622,47.19723],[-1.58382,47.19651],[-1.58187,47.1976],[-1.58232,47.1994],[-1.58472,47.20012]]]}},{"type":"Feature","properties":{"i":149},"geometry":{"type":"Polygon","coordinates":[[[-1.51607,47.2362],[-1.51802,47.23512],[-1.51757,47.23332],[-1.51517,47.2326],[-1.51322,47.23368],[-1.51367,47.23548],[-1.51607,47.2362]]]}},{"type":"Feature","properties":{"i":150},"geometry":{"type":"Polygon","coordinates":[[[-1.53691,47.20411],[-1.53886,47.20303],[-1.53841,47.20123],[-1.53602,47.20051],[-1.53407,47.20159],[-1.53452,47.20339],[-1.53691,47.20411]]]}},{"type":"Feature","properties":{"i":151},"geometry":{"type":"Polygon","coordinates":[[[-1.52926,47.22683],[-1.53121,47.22575],[-1.53076,47.22394],[-1.52837,47.22322],[-1.52642,47.22431],[-1.52687,47.22611],[-1.52926,47.22683]]]}},{"type":"Feature","properties":{"i":152},"geometry":{"type":"Polygon","coordinates":[[[-1.55655,47.23835],[-1.5585,47.23727],[-1.55805,47.23547],[-1.55565,47.23475],[-1.5537,47.23583],[-1.55415,47.23763],[-1.55655,47.23835]]]}},{"type":"Feature","properties":{"i":153},"geometry":{"type":"Polygon","coordinates":[[[-1.54995,47.20303],[-1.5519,47.20194],[-1.55145,47.20014],[-1.54905,47.19942],[-1.5471,47.2005],[-1.54755,47.20231],[-1.54995,47.20303]]]}},{"type":"Feature","properties":{"i":154},"geometry":{"type":"Polygon","coordinates":[[[-1.58249,47.24447],[-1.58444,47.24339],[-1.58399,47.24158],[-1.58159,47.24087],[-1.57964,47.24195],[-1.58009,47.24375],[-1.58249,47.24447]]]}},{"type":"Feature","properties":{"i":155},"geometry":{"type":"Polygon","coordinates":[[[-1.54905,47.25278],[-1.551,47.25169],[-1.55055,47.24989],[-1.54815,47.24917],[-1.5462,47.25025],[-1.54665,47.25206],[-1.54905,47.25278]]]}},{"type":"Feature","properties":{"i":156},"geometry":{"type":"Polygon","coordinates":[[[-1.57588,47.20914],[-1.57783,47.20806],[-1.57738,47.20625],[-1.57498,47.20553],[-1.57303,47.20662],[-1.57348,47.20842],[-1.57588,47.20914]]]}},{"type":"Feature","properties":{"i":157},"geometry":{"type":"Polygon","coordinates":[[[-1.51907,47.23043],[-1.52102,47.22935],[-1.52057,47.22755],[-1.51817,47.22683],[-1.51622,47.22791],[-1.51667,47.22971],[-1.51907,47.23043]]]}},{"type":"Feature","properties":{"i":158},"geometry":{"type":"Polygon","coordinates":[[[-1.57485,47.26718],[-1.5768,47.2661],[-1.57635,47.2643],[-1.57395,47.26358],[-1.572,47.26466],[-1.57245,47.26646],[-1.57485,47.26718]]]}},{"type":"Feature","properties":{"i":159},"geometry":{"type":"Polygon","coordinates":[[[-1.50469,47.22611],[-1.50663,47.22503],[-1.50619,47.22323],[-1.50379,47.22251],[-1.50184,47.22359],[-1.50229,47.22539],[-1.50469,47.22611]]]}},{"type":"Feature","properties":{"i":160},"geometry":{"type":"Polygon","coordinates":[[[-1.53089,47.29566],[-1.53284,47.29458],[-1.53239,47.29278],[-1.52999,47.29206],[-1.52804,47.29314],[-1.52849,47.29494],[-1.53089,47.29566]]]}},{"type":"Feature","properties":{"i":161},"geometry":{"type":"Polygon","coordinates":[[[-1.51141,47.25314],[-1.51336,47.25206],[-1.51291,47.25026],[-1.51051,47.24954],[-1.50856,47.25062],[-1.50901,47.25242],[-1.51141,47.25314]]]}},{"type":"Feature","properties":{"i":162},"geometry":{"type":"Polygon","coordinates":[[[-1.5723,47.24808],[-1.57425,47.247],[-1.5738,47.2452],[-1.5714,47.24448],[-1.56945,47.24556],[-1.5699,47.24736],[-1.5723,47.24808]]]}},{"type":"Feature","properties":{"i":163},"geometry":{"type":"Polygon","coordinates":[[[-1.54785,47.23908],[-1.5498,47.238],[-1.54935,47.23619],[-1.54695,47.23547],[-1.545,47.23656],[-1.54545,47.23836],[-1.54785,47.23908]]]}},{"type":"Feature","properties":{"i":164},"geometry":{"type":"Polygon","coordinates":[[[-1.5525,47.22213],[-1.55445,47.22105],[-1.554,47.21925],[-1.5516,47.21853],[-1.54965,47.21961],[-1.5501,47.22141],[-1.5525,47.22213]]]}},{"type":"Feature","properties":{"i":165},"geometry":{"type":"Polygon","coordinates":[[[-1.57979,47.23366],[-1.58174,47.23257],[-1.58129,47.23077],[-1.57889,47.23005],[-1.57694,47.23113],[-1.57739,47.23294],[-1.57979,47.23366]]]}},{"type":"Feature","properties":{"i":166},"geometry":{"type":"Polygon","coordinates":[[[-1.49718,47.24053],[-1.49913,47.23945],[-1.49868,47.23764],[-1.49628,47.23692],[-1.49434,47.238],[-1.49478,47.23981],[-1.49718,47.24053]]]}},{"type":"Feature","properties":{"i":167},"geometry":{"type":"Polygon","coordinates":[[[-1.5648,47.2625],[-1.56675,47.26142],[-1.5663,47.25962],[-1.5639,47.2589],[-1.56195,47.25998],[-1.5624,47.26178],[-1.5648,47.2625]]]}},{"type":"Feature","properties":{"i":168},"geometry":{"type":"Polygon","coordinates":[[[-1.53,47.26539],[-1.53195,47.26431],[-1.5315,47.26251],[-1.5291,47.26179],[-1.52715,47.26287],[-1.5276,47.26467],[-1.53,47.26539]]]}},{"type":"Feature","properties":{"i":169},"geometry":{"type":"Polygon","coordinates":[[[-1.53107,47.20736],[-1.53302,47.20628],[-1.53257,47.20448],[-1.53017,47.20376],[-1.52822,47.20484],[-1.52867,47.20664],[-1.53107,47.20736]]]}},{"type":"Feature","properties":{"i":170},"geometry":{"type":"Polygon","coordinates":[[[-1.57109,47.23438],[-1.57304,47.2333],[-1.57259,47.2315],[-1.57019,47.23078],[-1.56824,47.23186],[-1.56869,47.23366],[-1.57109,47.23438]]]}},{"type":"Feature","properties":{"i":171},"geometry":{"type":"Polygon","coordinates":[[[-1.57888,47.20337],[-1.58083,47.20229],[-1.58038,47.20048],[-1.57798,47.19976],[-1.57603,47.20085],[-1.57648,47.20265],[-1.57888,47.20337]]]}},{"type":"Feature","properties":{"i":172},"geometry":{"type":"Polygon","coordinates":[[[-1.52042,47.23584],[-1.52237,47.23476],[-1.52192,47.23296],[-1.51952,47.23224],[-1.51757,47.23332],[-1.51802,47.23512],[-1.52042,47.23584]]]}},{"type":"Feature","properties":{"i":173},"geometry":{"type":"Polygon","coordinates":[[[-1.57785,47.26142],[-1.5798,47.26033],[-1.57935,47.25853],[-1.57695,47.25781],[-1.575,47.25889],[-1.57545,47.2607],[-1.57785,47.26142]]]}},{"type":"Feature","properties":{"i":174},"geometry":{"type":"Polygon","coordinates":[[[-1.50272,47.25386],[-1.50467,47.25278],[-1.50422,47.25098],[-1.50182,47.25026],[-1.49987,47.25134],[-1.50032,47.25314],[-1.50272,47.25386]]]}},{"type":"Feature","properties":{"i":175},"geometry":{"type":"Polygon","coordinates":[[[-1.5636,47.24881],[-1.56555,47.24772],[-1.5651,47.24592],[-1.5627,47.2452],[-1.56075,47.24628],[-1.5612,47.24809],[-1.5636,47.24881]]]}},{"type":"Feature","properties":{"i":176},"geometry":{"type":"Polygon","coordinates":[[[-1.53361,47.22647],[-1.53556,47.22538],[-1.53511,47.22358],[-1.53271,47.22286],[-1.53076,47.22394],[-1.53121,47.22575],[-1.53361,47.22647]]]}},{"type":"Feature","properties":{"i":177},"geometry":{"type":"Polygon","coordinates":[[[-1.5609,47.23799],[-1.56285,47.23691],[-1.5624,47.23511],[-1.56,47.23439],[-1.55805,47.23547],[-1.5585,47.23727],[-1.5609,47.23799]]]}},{"type":"Feature","properties":{"i":178},"geometry":{"type":"Polygon","coordinates":[[[-1.5543,47.20266],[-1.55625,47.20158],[-1.5558,47.19978],[-1.5534,47.19906],[-1.55145,47.20014],[-1.5519,47.20194],[-1.5543,47.20266]]]}},{"type":"Feature","properties":{"i":179},"geometry":{"type":"Polygon","coordinates":[[[-1.5432,47.25602],[-1.54515,47.25494],[-1.5447,47.25314],[-1.5423,47.25242],[-1.54035,47.2535],[-1.5408,47.2553],[-1.5432,47.25602]]]}},{"type":"Feature","properties":{"i":180},"geometry":{"type":"Polygon","coordinates":[[[-1.58023,47.20878],[-1.58218,47.20769],[-1.58173,47.20589],[-1.57933,47.20517],[-1.57738,47.20625],[-1.57783,47.20806],[-1.58023,47.20878]]]}},{"type":"Feature","properties":{"i":181},"geometry":{"type":"Polygon","coordinates":[[[-1.5792,47.26682],[-1.58115,47.26574],[-1.5807,47.26394],[-1.5783,47.26322],[-1.57635,47.2643],[-1.5768,47.2661],[-1.5792,47.26682]]]}},{"type":"Feature","properties":{"i":182},"geometry":{"type":"Polygon","coordinates":[[[-1.49884,47.22935],[-1.50079,47.22827],[-1.50034,47.22647],[-1.49794,47.22575],[-1.49599,47.22683],[-1.49644,47.22863],[-1.49884,47.22935]]]}},{"type":"Feature","properties":{"i":183},"geometry":{"type":"Polygon","coordinates":[[[-1.51576,47.25278],[-1.51771,47.2517],[-1.51726,47.2499],[-1.51486,47.24918],[-1.51291,47.25026],[-1.51336,47.25206],[-1.51576,47.25278]]]}},{"type":"Feature","properties":{"i":184},"geometry":{"type":"Polygon","coordinates":[[[-1.48865,47.23296],[-1.49059,47.23188],[-1.49015,47.23007],[-1.48775,47.22935],[-1.4858,47.23043],[-1.48625,47.23224],[-1.48865,47.23296]]]}},{"type":"Feature","properties":{"i":185},"geometry":{"type":"Polygon","coordinates":[[[-1.57665,47.24772],[-1.5786,47.24664],[-1.57814,47.24483],[-1.57574,47.24411],[-1.5738,47.2452],[-1.57425,47.247],[-1.57665,47.24772]]]}},{"type":"Feature","properties":{"i":186},"geometry":{"type":"Polygon","coordinates":[[[-1.5522,47.23872],[-1.55415,47.23763],[-1.5537,47.23583],[-1.5513,47.23511],[-1.54935,47.23619],[-1.5498,47.238],[-1.5522,47.23872]]]}},{"type":"Feature","properties":{"i":187},"geometry":{"type":"Polygon","coordinates":[[[-1.54545,47.21168],[-1.5474,47.2106],[-1.54695,47.2088],[-1.54456,47.20808],[-1.54261,47.20916],[-1.54306,47.21096],[-1.54545,47.21168]]]}},{"type":"Feature","properties":{"i":188},"geometry":{"type":"Polygon","coordinates":[[[-1.57274,47.2232],[-1.57469,47.22212],[-1.57424,47.22032],[-1.57184,47.2196],[-1.56989,47.22068],[-1.57034,47.22248],[-1.57274,47.2232]]]}},{"type":"Feature","properties":{"i":189},"geometry":{"type":"Polygon","coordinates":[[[-1.58999,47.23004],[-1.59194,47.22896],[-1.59148,47.22716],[-1.58908,47.22644],[-1.58714,47.22752],[-1.58759,47.22932],[-1.58999,47.23004]]]}},{"type":"Feature","properties":{"i":190},"geometry":{"type":"Polygon","coordinates":[[[-1.50153,47.24017],[-1.50348,47.23909],[-1.50303,47.23728],[-1.50063,47.23656],[-1.49868,47.23764],[-1.49913,47.23945],[-1.50153,47.24017]]]}},{"type":"Feature","properties":{"i":191},"geometry":{"type":"Polygon","coordinates":[[[-1.55895,47.26575],[-1.5609,47.26467],[-1.56045,47.26286],[-1.55805,47.26214],[-1.5561,47.26323],[-1.55655,47.26503],[-1.55895,47.26575]]]}},{"type":"Feature","properties":{"i":192},"geometry":{"type":"Polygon","coordinates":[[[-1.56269,47.21852],[-1.56464,47.21744],[-1.56419,47.21564],[-1.56179,47.21492],[-1.55984,47.216],[-1.56029,47.2178],[-1.56269,47.21852]]]}},{"type":"Feature","properties":{"i":193},"geometry":{"type":"Polygon","coordinates":[[[-1.5185,47.18357],[-1.52044,47.18249],[-1.51999,47.18068],[-1.5176,47.17996],[-1.51565,47.18105],[-1.5161,47.18285],[-1.5185,47.18357]]]}},{"type":"Feature","properties":{"i":194},"geometry":{"type":"Polygon","coordinates":[[[-1.53435,47.26503],[-1.5363,47.26395],[-1.53585,47.26215],[-1.53345,47.26143],[-1.5315,47.26251],[-1.53195,47.26431],[-1.53435,47.26503]]]}},{"type":"Feature","properties":{"i":195},"geometry":{"type":"Polygon","coordinates":[[[-1.53541,47.207],[-1.53736,47.20592],[-1.53691,47.20411],[-1.53452,47.20339],[-1.53257,47.20448],[-1.53302,47.20628],[-1.53541,47.207]]]}},{"type":"Feature","properties":{"i":196},"geometry":{"type":"Polygon","coordinates":[[[-1.60945,47.19252],[-1.6114,47.19144],[-1.61095,47.18963],[-1.60855,47.18892],[-1.6066,47.19],[-1.60705,47.1918],[-1.60945,47.19252]]]}},{"type":"Feature","properties":{"i":197},"geometry":{"type":"Polygon","coordinates":[[[-1.56524,47.23763],[-1.56719,47.23655],[-1.56674,47.23474],[-1.56434,47.23403],[-1.5624,47.23511],[-1.56285,47.23691],[-1.56524,47.23763]]]}},{"type":"Feature","properties":{"i":198},"geometry":{"type":"Polygon","coordinates":[[[-1.51457,47.23909],[-1.51652,47.238],[-1.51607,47.2362],[-1.51367,47.23548],[-1.51172,47.23656],[-1.51217,47.23836],[-1.51457,47.23909]]]}},{"type":"Feature","properties":{"i":199},"geometry":{"type":"Polygon","coordinates":[[[-1.50706,47.2535],[-1.50901,47.25242],[-1.50856,47.25062],[-1.50617,47.2499],[-1.50422,47.25098],[-1.50467,47.25278],[-1.50706,47.2535]]]}},{"type":"Feature","properties":{"i":200},"geometry":{"type":"Polygon","coordinates":[[[-1.56795,47.24844],[-1.5699,47.24736],[-1.56945,47.24556],[-1.56705,47.24484],[-1.5651,47.24592],[-1.56555,47.24772],[-1.56795,47.24844]]]}},{"type":"Feature","properties":{"i":201},"geometry":{"type":"Polygon","coordinates":[[[-1.55385,47.22754],[-1.5558,47.22646],[-1.55535,47.22466],[-1.55295,47.22394],[-1.551,47.22502],[-1.55145,47.22682],[-1.55385,47.22754]]]}},{"type":"Feature","properties":{"i":202},"geometry":{"type":"Polygon","coordinates":[[[-1.54845,47.20591],[-1.5504,47.20483],[-1.54995,47.20303],[-1.54755,47.20231],[-1.54561,47.20339],[-1.54605,47.20519],[-1.54845,47.20591]]]}},{"type":"Feature","properties":{"i":203},"geometry":{"type":"Polygon","coordinates":[[[-1.55205,47.24701],[-1.554,47.24593],[-1.55355,47.24412],[-1.55115,47.2434],[-1.5492,47.24449],[-1.54965,47.24629],[-1.55205,47.24701]]]}},{"type":"Feature","properties":{"i":204},"geometry":{"type":"Polygon","coordinates":[[[-1.5603,47.27115],[-1.56225,47.27007],[-1.5618,47.26827],[-1.5594,47.26755],[-1.55745,47.26863],[-1.5579,47.27043],[-1.5603,47.27115]]]}},{"type":"Feature","properties":{"i":205},"geometry":{"type":"Polygon","coordinates":[[[-1.57438,47.21203],[-1.57633,47.21094],[-1.57588,47.20914],[-1.57348,47.20842],[-1.57153,47.2095],[-1.57199,47.21131],[-1.57438,47.21203]]]}},{"type":"Feature","properties":{"i":206},"geometry":{"type":"Polygon","coordinates":[[[-1.50587,47.23981],[-1.50782,47.23872],[-1.50738,47.23692],[-1.50498,47.2362],[-1.50303,47.23728],[-1.50348,47.23909],[-1.50587,47.23981]]]}},{"type":"Feature","properties":{"i":207},"geometry":{"type":"Polygon","coordinates":[[[-1.57335,47.27007],[-1.5753,47.26899],[-1.57485,47.26718],[-1.57245,47.26646],[-1.5705,47.26755],[-1.57095,47.26935],[-1.57335,47.27007]]]}},{"type":"Feature","properties":{"i":208},"geometry":{"type":"Polygon","coordinates":[[[-1.50318,47.22899],[-1.50513,47.22791],[-1.50469,47.22611],[-1.50229,47.22539],[-1.50034,47.22647],[-1.50079,47.22827],[-1.50318,47.22899]]]}},{"type":"Feature","properties":{"i":209},"geometry":{"type":"Polygon","coordinates":[[[-1.53422,47.1933],[-1.53617,47.19222],[-1.53572,47.19041],[-1.53332,47.18969],[-1.53137,47.19078],[-1.53182,47.19258],[-1.53422,47.1933]]]}},{"type":"Feature","properties":{"i":210},"geometry":{"type":"Polygon","coordinates":[[[-1.49821,47.26251],[-1.50016,47.26143],[-1.49971,47.25963],[-1.49731,47.25891],[-1.49536,47.25999],[-1.49581,47.26179],[-1.49821,47.26251]]]}},{"type":"Feature","properties":{"i":211},"geometry":{"type":"Polygon","coordinates":[[[-1.5255,47.27404],[-1.52745,47.27296],[-1.527,47.27116],[-1.5246,47.27044],[-1.52265,47.27152],[-1.5231,47.27332],[-1.5255,47.27404]]]}},{"type":"Feature","properties":{"i":212},"geometry":{"type":"Polygon","coordinates":[[[-1.51845,47.26359],[-1.5204,47.26251],[-1.51995,47.26071],[-1.51755,47.25999],[-1.5156,47.26107],[-1.51605,47.26287],[-1.51845,47.26359]]]}},{"type":"Feature","properties":{"i":213},"geometry":{"type":"Polygon","coordinates":[[[-1.57018,47.2041],[-1.57213,47.20301],[-1.57168,47.20121],[-1.56928,47.20049],[-1.56734,47.20157],[-1.56779,47.20338],[-1.57018,47.2041]]]}},{"type":"Feature","properties":{"i":214},"geometry":{"type":"Polygon","coordinates":[[[-1.52657,47.21601],[-1.52852,47.21493],[-1.52807,47.21313],[-1.52567,47.21241],[-1.52372,47.21349],[-1.52417,47.21529],[-1.52657,47.21601]]]}},{"type":"Feature","properties":{"i":215},"geometry":{"type":"Polygon","coordinates":[[[-1.5591,47.25746],[-1.56105,47.25638],[-1.5606,47.25457],[-1.5582,47.25385],[-1.55625,47.25494],[-1.5567,47.25674],[-1.5591,47.25746]]]}},{"type":"Feature","properties":{"i":216},"geometry":{"type":"Polygon","coordinates":[[[-1.54635,47.24196],[-1.5483,47.24088],[-1.54785,47.23908],[-1.54545,47.23836],[-1.5435,47.23944],[-1.54395,47.24124],[-1.54635,47.24196]]]}},{"type":"Feature","properties":{"i":217},"geometry":{"type":"Polygon","coordinates":[[[-1.5498,47.21132],[-1.55175,47.21024],[-1.5513,47.20843],[-1.5489,47.20771],[-1.54695,47.2088],[-1.5474,47.2106],[-1.5498,47.21132]]]}},{"type":"Feature","properties":{"i":218},"geometry":{"type":"Polygon","coordinates":[[[-1.57709,47.22284],[-1.57904,47.22176],[-1.57858,47.21996],[-1.57619,47.21924],[-1.57424,47.22032],[-1.57469,47.22212],[-1.57709,47.22284]]]}},{"type":"Feature","properties":{"i":219},"geometry":{"type":"Polygon","coordinates":[[[-1.49568,47.24341],[-1.49763,47.24233],[-1.49718,47.24053],[-1.49478,47.23981],[-1.49283,47.24089],[-1.49328,47.24269],[-1.49568,47.24341]]]}},{"type":"Feature","properties":{"i":220},"geometry":{"type":"Polygon","coordinates":[[[-1.52284,47.18321],[-1.52479,47.18212],[-1.52434,47.18032],[-1.52194,47.1796],[-1.51999,47.18068],[-1.52044,47.18249],[-1.52284,47.18321]]]}},{"type":"Feature","properties":{"i":221},"geometry":{"type":"Polygon","coordinates":[[[-1.5285,47.26828],[-1.53045,47.2672],[-1.53,47.26539],[-1.5276,47.26467],[-1.52565,47.26575],[-1.5261,47.26756],[-1.5285,47.26828]]]}},{"type":"Feature","properties":{"i":222},"geometry":{"type":"Polygon","coordinates":[[[-1.52957,47.21025],[-1.53152,47.20916],[-1.53107,47.20736],[-1.52867,47.20664],[-1.52672,47.20772],[-1.52717,47.20952],[-1.52957,47.21025]]]}},{"type":"Feature","properties":{"i":223},"geometry":{"type":"Polygon","coordinates":[[[-1.6138,47.19216],[-1.61575,47.19107],[-1.61529,47.18927],[-1.6129,47.18855],[-1.61095,47.18963],[-1.6114,47.19144],[-1.6138,47.19216]]]}},{"type":"Feature","properties":{"i":224},"geometry":{"type":"Polygon","coordinates":[[[-1.48699,47.24413],[-1.48893,47.24305],[-1.48849,47.24125],[-1.48609,47.24052],[-1.48414,47.24161],[-1.48459,47.24341],[-1.48699,47.24413]]]}},{"type":"Feature","properties":{"i":225},"geometry":{"type":"Polygon","coordinates":[[[-1.59612,47.21021],[-1.59807,47.20912],[-1.59762,47.20732],[-1.59522,47.2066],[-1.59327,47.20768],[-1.59372,47.20949],[-1.59612,47.21021]]]}},{"type":"Feature","properties":{"i":226},"geometry":{"type":"Polygon","coordinates":[[[-1.51892,47.23872],[-1.52087,47.23764],[-1.52042,47.23584],[-1.51802,47.23512],[-1.51607,47.2362],[-1.51652,47.238],[-1.51892,47.23872]]]}},{"type":"Feature","properties":{"i":227},"geometry":{"type":"Polygon","coordinates":[[[-1.50121,47.25674],[-1.50316,47.25566],[-1.50272,47.25386],[-1.50032,47.25314],[-1.49837,47.25422],[-1.49882,47.25602],[-1.50121,47.25674]]]}},{"type":"Feature","properties":{"i":228},"geometry":{"type":"Polygon","coordinates":[[[-1.5621,47.25169],[-1.56405,47.25061],[-1.5636,47.24881],[-1.5612,47.24809],[-1.55925,47.24917],[-1.5597,47.25097],[-1.5621,47.25169]]]}},{"type":"Feature","properties":{"i":229},"geometry":{"type":"Polygon","coordinates":[[[-1.5582,47.22718],[-1.56014,47.2261],[-1.55969,47.22429],[-1.5573,47.22357],[-1.55535,47.22466],[-1.5558,47.22646],[-1.5582,47.22718]]]}},{"type":"Feature","properties":{"i":230},"geometry":{"type":"Polygon","coordinates":[[[-1.62684,47.19106],[-1.62879,47.18997],[-1.62834,47.18817],[-1.62594,47.18745],[-1.62399,47.18854],[-1.62444,47.19034],[-1.62684,47.19106]]]}},{"type":"Feature","properties":{"i":231},"geometry":{"type":"Polygon","coordinates":[[[-1.5405,47.24521],[-1.54245,47.24413],[-1.542,47.24232],[-1.5396,47.2416],[-1.53765,47.24269],[-1.5381,47.24449],[-1.5405,47.24521]]]}},{"type":"Feature","properties":{"i":232},"geometry":{"type":"Polygon","coordinates":[[[-1.57873,47.21166],[-1.58068,47.21058],[-1.58023,47.20878],[-1.57783,47.20806],[-1.57588,47.20914],[-1.57633,47.21094],[-1.57873,47.21166]]]}},{"type":"Feature","properties":{"i":233},"geometry":{"type":"Polygon","coordinates":[[[-1.51022,47.23945],[-1.51217,47.23836],[-1.51172,47.23656],[-1.50932,47.23584],[-1.50738,47.23692],[-1.50782,47.23872],[-1.51022,47.23945]]]}},{"type":"Feature","properties":{"i":234},"geometry":{"type":"Polygon","coordinates":[[[-1.5777,47.26971],[-1.57965,47.26862],[-1.5792,47.26682],[-1.5768,47.2661],[-1.57485,47.26718],[-1.5753,47.26899],[-1.5777,47.26971]]]}},{"type":"Feature","properties":{"i":235},"geometry":{"type":"Polygon","coordinates":[[[-1.52234,47.2881],[-1.52429,47.28702],[-1.52384,47.28521],[-1.52144,47.28449],[-1.51949,47.28557],[-1.51994,47.28738],[-1.52234,47.2881]]]}},{"type":"Feature","properties":{"i":236},"geometry":{"type":"Polygon","coordinates":[[[-1.50888,47.23404],[-1.51083,47.23296],[-1.51038,47.23116],[-1.50798,47.23044],[-1.50603,47.23152],[-1.50648,47.23332],[-1.50888,47.23404]]]}},{"type":"Feature","properties":{"i":237},"geometry":{"type":"Polygon","coordinates":[[[-1.53092,47.21565],[-1.53287,47.21457],[-1.53242,47.21277],[-1.53002,47.21205],[-1.52807,47.21313],[-1.52852,47.21493],[-1.53092,47.21565]]]}},{"type":"Feature","properties":{"i":238},"geometry":{"type":"Polygon","coordinates":[[[-1.56345,47.2571],[-1.5654,47.25601],[-1.56495,47.25421],[-1.56255,47.25349],[-1.5606,47.25457],[-1.56105,47.25638],[-1.56345,47.2571]]]}},{"type":"Feature","properties":{"i":239},"geometry":{"type":"Polygon","coordinates":[[[-1.58728,47.21923],[-1.58923,47.21814],[-1.58878,47.21634],[-1.58638,47.21562],[-1.58443,47.21671],[-1.58488,47.21851],[-1.58728,47.21923]]]}},{"type":"Feature","properties":{"i":240},"geometry":{"type":"Polygon","coordinates":[[[-1.52865,47.25999],[-1.5306,47.25891],[-1.53015,47.2571],[-1.52775,47.25638],[-1.5258,47.25747],[-1.52625,47.25927],[-1.52865,47.25999]]]}},{"type":"Feature","properties":{"i":241},"geometry":{"type":"Polygon","coordinates":[[[-1.54396,47.21457],[-1.5459,47.21348],[-1.54545,47.21168],[-1.54306,47.21096],[-1.54111,47.21204],[-1.54156,47.21385],[-1.54396,47.21457]]]}},{"type":"Feature","properties":{"i":242},"geometry":{"type":"Polygon","coordinates":[[[-1.57124,47.22609],[-1.57319,47.22501],[-1.57274,47.2232],[-1.57034,47.22248],[-1.56839,47.22357],[-1.56884,47.22537],[-1.57124,47.22609]]]}},{"type":"Feature","properties":{"i":243},"geometry":{"type":"Polygon","coordinates":[[[-1.61815,47.19179],[-1.62009,47.19071],[-1.61964,47.1889],[-1.61724,47.18818],[-1.61529,47.18927],[-1.61575,47.19107],[-1.61815,47.19179]]]}},{"type":"Feature","properties":{"i":244},"geometry":{"type":"Polygon","coordinates":[[[-1.50003,47.24305],[-1.50198,47.24197],[-1.50153,47.24017],[-1.49913,47.23945],[-1.49718,47.24053],[-1.49763,47.24233],[-1.50003,47.24305]]]}},{"type":"Feature","properties":{"i":245},"geometry":{"type":"Polygon","coordinates":[[[-1.52972,47.20195],[-1.53167,47.20087],[-1.53122,47.19907],[-1.52882,47.19835],[-1.52688,47.19943],[-1.52733,47.20123],[-1.52972,47.20195]]]}},{"type":"Feature","properties":{"i":246},"geometry":{"type":"Polygon","coordinates":[[[-1.60795,47.19541],[-1.6099,47.19432],[-1.60945,47.19252],[-1.60705,47.1918],[-1.6051,47.19289],[-1.60556,47.19469],[-1.60795,47.19541]]]}},{"type":"Feature","properties":{"i":247},"geometry":{"type":"Polygon","coordinates":[[[-1.56254,47.22682],[-1.56449,47.22573],[-1.56404,47.22393],[-1.56164,47.22321],[-1.55969,47.22429],[-1.56014,47.2261],[-1.56254,47.22682]]]}},{"type":"Feature","properties":{"i":248},"geometry":{"type":"Polygon","coordinates":[[[-1.49133,47.24377],[-1.49328,47.24269],[-1.49283,47.24089],[-1.49044,47.24016],[-1.48849,47.24125],[-1.48893,47.24305],[-1.49133,47.24377]]]}},{"type":"Feature","properties":{"i":249},"geometry":{"type":"Polygon","coordinates":[[[-1.60047,47.20984],[-1.60242,47.20876],[-1.60197,47.20695],[-1.59957,47.20624],[-1.59762,47.20732],[-1.59807,47.20912],[-1.60047,47.20984]]]}},{"type":"Feature","properties":{"i":250},"geometry":{"type":"Polygon","coordinates":[[[-1.51188,47.22827],[-1.51383,47.22719],[-1.51338,47.22539],[-1.51098,47.22467],[-1.50903,47.22575],[-1.50948,47.22755],[-1.51188,47.22827]]]}},{"type":"Feature","properties":{"i":251},"geometry":{"type":"Polygon","coordinates":[[[-1.51095,47.27801],[-1.5129,47.27692],[-1.51245,47.27512],[-1.51005,47.2744],[-1.5081,47.27548],[-1.50855,47.27728],[-1.51095,47.27801]]]}},{"type":"Feature","properties":{"i":252},"geometry":{"type":"Polygon","coordinates":[[[-1.55235,47.23043],[-1.5543,47.22934],[-1.55385,47.22754],[-1.55145,47.22682],[-1.5495,47.2279],[-1.54995,47.22971],[-1.55235,47.23043]]]}},{"type":"Feature","properties":{"i":253},"geometry":{"type":"Polygon","coordinates":[[[-1.59926,47.19614],[-1.60121,47.19505],[-1.60076,47.19325],[-1.59836,47.19253],[-1.59641,47.19362],[-1.59686,47.19542],[-1.59926,47.19614]]]}},{"type":"Feature","properties":{"i":254},"geometry":{"type":"Polygon","coordinates":[[[-1.56569,47.21275],[-1.56764,47.21167],[-1.56719,47.20987],[-1.56479,47.20915],[-1.56284,47.21023],[-1.56329,47.21203],[-1.56569,47.21275]]]}},{"type":"Feature","properties":{"i":255},"geometry":{"type":"Polygon","coordinates":[[[-1.54485,47.24485],[-1.5468,47.24377],[-1.54635,47.24196],[-1.54395,47.24124],[-1.542,47.24232],[-1.54245,47.24413],[-1.54485,47.24485]]]}},{"type":"Feature","properties":{"i":256},"geometry":{"type":"Polygon","coordinates":[[[-1.59163,47.21886],[-1.59358,47.21778],[-1.59313,47.21598],[-1.59073,47.21526],[-1.58878,47.21634],[-1.58923,47.21814],[-1.59163,47.21886]]]}},{"type":"Feature","properties":{"i":257},"geometry":{"type":"Polygon","coordinates":[[[-1.57139,47.2178],[-1.57334,47.21671],[-1.57289,47.21491],[-1.57049,47.21419],[-1.56854,47.21527],[-1.56899,47.21708],[-1.57139,47.2178]]]}},{"type":"Feature","properties":{"i":258},"geometry":{"type":"Polygon","coordinates":[[[-1.50437,47.24269],[-1.50632,47.24161],[-1.50587,47.23981],[-1.50348,47.23909],[-1.50153,47.24017],[-1.50198,47.24197],[-1.50437,47.24269]]]}},{"type":"Feature","properties":{"i":259},"geometry":{"type":"Polygon","coordinates":[[[-1.53272,47.19618],[-1.53467,47.1951],[-1.53422,47.1933],[-1.53182,47.19258],[-1.52988,47.19366],[-1.53032,47.19546],[-1.53272,47.19618]]]}},{"type":"Feature","properties":{"i":260},"geometry":{"type":"Polygon","coordinates":[[[-1.60496,47.20118],[-1.60691,47.2001],[-1.60646,47.1983],[-1.60406,47.19758],[-1.60211,47.19866],[-1.60256,47.20046],[-1.60496,47.20118]]]}},{"type":"Feature","properties":{"i":261},"geometry":{"type":"Polygon","coordinates":[[[-1.53631,47.23728],[-1.53826,47.2362],[-1.53781,47.2344],[-1.53541,47.23368],[-1.53346,47.23476],[-1.53391,47.23656],[-1.53631,47.23728]]]}},{"type":"Feature","properties":{"i":262},"geometry":{"type":"Polygon","coordinates":[[[-1.524,47.27693],[-1.52595,47.27584],[-1.5255,47.27404],[-1.5231,47.27332],[-1.52115,47.2744],[-1.5216,47.27621],[-1.524,47.27693]]]}},{"type":"Feature","properties":{"i":263},"geometry":{"type":"Polygon","coordinates":[[[-1.52507,47.2189],[-1.52702,47.21782],[-1.52657,47.21601],[-1.52417,47.21529],[-1.52222,47.21638],[-1.52267,47.21818],[-1.52507,47.2189]]]}},{"type":"Feature","properties":{"i":264},"geometry":{"type":"Polygon","coordinates":[[[-1.5576,47.26034],[-1.55955,47.25926],[-1.5591,47.25746],[-1.5567,47.25674],[-1.55475,47.25782],[-1.5552,47.25962],[-1.5576,47.26034]]]}},{"type":"Feature","properties":{"i":265},"geometry":{"type":"Polygon","coordinates":[[[-1.5483,47.2142],[-1.55025,47.21312],[-1.5498,47.21132],[-1.5474,47.2106],[-1.54545,47.21168],[-1.5459,47.21348],[-1.5483,47.2142]]]}},{"type":"Feature","properties":{"i":266},"geometry":{"type":"Polygon","coordinates":[[[-1.60767,47.212],[-1.60962,47.21091],[-1.60917,47.20911],[-1.60677,47.20839],[-1.60482,47.20948],[-1.60527,47.21128],[-1.60767,47.212]]]}},{"type":"Feature","properties":{"i":267},"geometry":{"type":"Polygon","coordinates":[[[-1.56075,47.24628],[-1.5627,47.2452],[-1.56225,47.2434],[-1.55985,47.24268],[-1.5579,47.24376],[-1.55835,47.24556],[-1.56075,47.24628]]]}},{"type":"Feature","properties":{"i":268},"geometry":{"type":"Polygon","coordinates":[[[-1.57559,47.22573],[-1.57754,47.22464],[-1.57709,47.22284],[-1.57469,47.22212],[-1.57274,47.2232],[-1.57319,47.22501],[-1.57559,47.22573]]]}},{"type":"Feature","properties":{"i":269},"geometry":{"type":"Polygon","coordinates":[[[-1.62249,47.19142],[-1.62444,47.19034],[-1.62399,47.18854],[-1.62159,47.18782],[-1.61964,47.1889],[-1.62009,47.19071],[-1.62249,47.19142]]]}},{"type":"Feature","properties":{"i":270},"geometry":{"type":"Polygon","coordinates":[[[-1.49299,47.2326],[-1.49494,47.23152],[-1.49449,47.22971],[-1.4921,47.22899],[-1.49015,47.23007],[-1.49059,47.23188],[-1.49299,47.2326]]]}},{"type":"Feature","properties":{"i":271},"geometry":{"type":"Polygon","coordinates":[[[-1.53407,47.20159],[-1.53602,47.20051],[-1.53557,47.19871],[-1.53317,47.19799],[-1.53122,47.19907],[-1.53167,47.20087],[-1.53407,47.20159]]]}},{"type":"Feature","properties":{"i":272},"geometry":{"type":"Polygon","coordinates":[[[-1.5153,47.27765],[-1.51725,47.27657],[-1.5168,47.27476],[-1.5144,47.27404],[-1.51245,47.27512],[-1.5129,47.27692],[-1.5153,47.27765]]]}},{"type":"Feature","properties":{"i":273},"geometry":{"type":"Polygon","coordinates":[[[-1.61501,47.20586],[-1.61696,47.20478],[-1.61651,47.20297],[-1.61411,47.20225],[-1.61216,47.20334],[-1.61261,47.20514],[-1.61501,47.20586]]]}},{"type":"Feature","properties":{"i":274},"geometry":{"type":"Polygon","coordinates":[[[-1.51638,47.21962],[-1.51833,47.21854],[-1.51788,47.21674],[-1.51548,47.21602],[-1.51353,47.2171],[-1.51398,47.2189],[-1.51638,47.21962]]]}},{"type":"Feature","properties":{"i":275},"geometry":{"type":"Polygon","coordinates":[[[-1.54365,47.23115],[-1.5456,47.23007],[-1.54515,47.22827],[-1.54275,47.22755],[-1.54081,47.22863],[-1.54125,47.23043],[-1.54365,47.23115]]]}},{"type":"Feature","properties":{"i":276},"geometry":{"type":"Polygon","coordinates":[[[-1.6123,47.19504],[-1.61425,47.19396],[-1.6138,47.19216],[-1.6114,47.19144],[-1.60945,47.19252],[-1.6099,47.19432],[-1.6123,47.19504]]]}},{"type":"Feature","properties":{"i":277},"geometry":{"type":"Polygon","coordinates":[[[-1.56689,47.22645],[-1.56884,47.22537],[-1.56839,47.22357],[-1.56599,47.22285],[-1.56404,47.22393],[-1.56449,47.22573],[-1.56689,47.22645]]]}},{"type":"Feature","properties":{"i":278},"geometry":{"type":"Polygon","coordinates":[[[-1.49987,47.25134],[-1.50182,47.25026],[-1.50137,47.24846],[-1.49897,47.24773],[-1.49702,47.24882],[-1.49747,47.25062],[-1.49987,47.25134]]]}},{"type":"Feature","properties":{"i":279},"geometry":{"type":"Polygon","coordinates":[[[-1.536,47.25386],[-1.53795,47.25278],[-1.5375,47.25098],[-1.5351,47.25026],[-1.53315,47.25134],[-1.5336,47.25314],[-1.536,47.25386]]]}},{"type":"Feature","properties":{"i":280},"geometry":{"type":"Polygon","coordinates":[[[-1.59462,47.21309],[-1.59657,47.21201],[-1.59612,47.21021],[-1.59372,47.20949],[-1.59177,47.21057],[-1.59223,47.21237],[-1.59462,47.21309]]]}},{"type":"Feature","properties":{"i":281},"geometry":{"type":"Polygon","coordinates":[[[-1.51622,47.22791],[-1.51817,47.22683],[-1.51772,47.22503],[-1.51533,47.22431],[-1.51338,47.22539],[-1.51383,47.22719],[-1.51622,47.22791]]]}},{"type":"Feature","properties":{"i":282},"geometry":{"type":"Polygon","coordinates":[[[-1.49852,47.24593],[-1.50047,47.24485],[-1.50003,47.24305],[-1.49763,47.24233],[-1.49568,47.24341],[-1.49613,47.24521],[-1.49852,47.24593]]]}},{"type":"Feature","properties":{"i":283},"geometry":{"type":"Polygon","coordinates":[[[-1.5594,47.24088],[-1.56135,47.23979],[-1.5609,47.23799],[-1.5585,47.23727],[-1.55655,47.23835],[-1.557,47.24016],[-1.5594,47.24088]]]}},{"type":"Feature","properties":{"i":284},"geometry":{"type":"Polygon","coordinates":[[[-1.5567,47.23006],[-1.55865,47.22898],[-1.5582,47.22718],[-1.5558,47.22646],[-1.55385,47.22754],[-1.5543,47.22934],[-1.5567,47.23006]]]}},{"type":"Feature","properties":{"i":285},"geometry":{"type":"Polygon","coordinates":[[[-1.60361,47.19577],[-1.60556,47.19469],[-1.6051,47.19289],[-1.60271,47.19217],[-1.60076,47.19325],[-1.60121,47.19505],[-1.60361,47.19577]]]}},{"type":"Feature","properties":{"i":286},"geometry":{"type":"Polygon","coordinates":[[[-1.57004,47.21239],[-1.57199,47.21131],[-1.57153,47.2095],[-1.56914,47.20878],[-1.56719,47.20987],[-1.56764,47.21167],[-1.57004,47.21239]]]}},{"type":"Feature","properties":{"i":287},"geometry":{"type":"Polygon","coordinates":[[[-1.539,47.24809],[-1.54095,47.24701],[-1.5405,47.24521],[-1.5381,47.24449],[-1.53615,47.24557],[-1.5366,47.24737],[-1.539,47.24809]]]}},{"type":"Feature","properties":{"i":288},"geometry":{"type":"Polygon","coordinates":[[[-1.59598,47.2185],[-1.59793,47.21742],[-1.59748,47.21561],[-1.59508,47.21489],[-1.59313,47.21598],[-1.59358,47.21778],[-1.59598,47.2185]]]}},{"type":"Feature","properties":{"i":289},"geometry":{"type":"Polygon","coordinates":[[[-1.51934,47.29386],[-1.52129,47.29278],[-1.52084,47.29098],[-1.51844,47.29026],[-1.51649,47.29134],[-1.51694,47.29314],[-1.51934,47.29386]]]}},{"type":"Feature","properties":{"i":290},"geometry":{"type":"Polygon","coordinates":[[[-1.52084,47.29098],[-1.52279,47.2899],[-1.52234,47.2881],[-1.51994,47.28738],[-1.51799,47.28846],[-1.51844,47.29026],[-1.52084,47.29098]]]}},{"type":"Feature","properties":{"i":291},"geometry":{"type":"Polygon","coordinates":[[[-1.49315,47.22431],[-1.4951,47.22323],[-1.49465,47.22142],[-1.49225,47.2207],[-1.4903,47.22178],[-1.49075,47.22359],[-1.49315,47.22431]]]}},{"type":"Feature","properties":{"i":292},"geometry":{"type":"Polygon","coordinates":[[[-1.52942,47.21854],[-1.53137,47.21745],[-1.53092,47.21565],[-1.52852,47.21493],[-1.52657,47.21601],[-1.52702,47.21782],[-1.52942,47.21854]]]}},{"type":"Feature","properties":{"i":293},"geometry":{"type":"Polygon","coordinates":[[[-1.56195,47.25998],[-1.5639,47.2589],[-1.56345,47.2571],[-1.56105,47.25638],[-1.5591,47.25746],[-1.55955,47.25926],[-1.56195,47.25998]]]}},{"type":"Feature","properties":{"i":294},"geometry":{"type":"Polygon","coordinates":[[[-1.5155,47.18934],[-1.51744,47.18826],[-1.517,47.18645],[-1.5146,47.18573],[-1.51265,47.18682],[-1.5131,47.18862],[-1.5155,47.18934]]]}},{"type":"Feature","properties":{"i":295},"geometry":{"type":"Polygon","coordinates":[[[-1.56119,47.22141],[-1.56314,47.22033],[-1.56269,47.21852],[-1.56029,47.2178],[-1.55835,47.21889],[-1.55879,47.22069],[-1.56119,47.22141]]]}},{"type":"Feature","properties":{"i":296},"geometry":{"type":"Polygon","coordinates":[[[-1.58849,47.23293],[-1.59044,47.23185],[-1.58999,47.23004],[-1.58759,47.22932],[-1.58564,47.23041],[-1.58609,47.23221],[-1.58849,47.23293]]]}},{"type":"Feature","properties":{"i":297},"geometry":{"type":"Polygon","coordinates":[[[-1.61665,47.19468],[-1.6186,47.19359],[-1.61815,47.19179],[-1.61575,47.19107],[-1.6138,47.19216],[-1.61425,47.19396],[-1.61665,47.19468]]]}},{"type":"Feature","properties":{"i":298},"geometry":{"type":"Polygon","coordinates":[[[-1.50753,47.22863],[-1.50948,47.22755],[-1.50903,47.22575],[-1.50663,47.22503],[-1.50469,47.22611],[-1.50513,47.22791],[-1.50753,47.22863]]]}},{"type":"Feature","properties":{"i":299},"geometry":{"type":"Polygon","coordinates":[[[-1.49734,47.23224],[-1.49929,47.23116],[-1.49884,47.22935],[-1.49644,47.22863],[-1.49449,47.22971],[-1.49494,47.23152],[-1.49734,47.23224]]]}},{"type":"Feature","properties":{"i":300},"geometry":{"type":"Polygon","coordinates":[[[-1.51965,47.27729],[-1.5216,47.27621],[-1.52115,47.2744],[-1.51875,47.27368],[-1.5168,47.27476],[-1.51725,47.27657],[-1.51965,47.27729]]]}},{"type":"Feature","properties":{"i":301},"geometry":{"type":"Polygon","coordinates":[[[-1.52072,47.21926],[-1.52267,47.21818],[-1.52222,47.21638],[-1.51983,47.21566],[-1.51788,47.21674],[-1.51833,47.21854],[-1.52072,47.21926]]]}},{"type":"Feature","properties":{"i":302},"geometry":{"type":"Polygon","coordinates":[[[-1.59477,47.2048],[-1.59672,47.20371],[-1.59627,47.20191],[-1.59387,47.20119],[-1.59192,47.20228],[-1.59237,47.20408],[-1.59477,47.2048]]]}},{"type":"Feature","properties":{"i":303},"geometry":{"type":"Polygon","coordinates":[[[-1.5375,47.25098],[-1.53945,47.24989],[-1.539,47.24809],[-1.5366,47.24737],[-1.53465,47.24845],[-1.5351,47.25026],[-1.5375,47.25098]]]}},{"type":"Feature","properties":{"i":304},"geometry":{"type":"Polygon","coordinates":[[[-1.548,47.23079],[-1.54995,47.22971],[-1.5495,47.2279],[-1.5471,47.22718],[-1.54515,47.22827],[-1.5456,47.23007],[-1.548,47.23079]]]}},{"type":"Feature","properties":{"i":305},"geometry":{"type":"Polygon","coordinates":[[[-1.56104,47.2297],[-1.56299,47.22862],[-1.56254,47.22682],[-1.56014,47.2261],[-1.5582,47.22718],[-1.55865,47.22898],[-1.56104,47.2297]]]}},{"type":"Feature","properties":{"i":306},"geometry":{"type":"Polygon","coordinates":[[[-1.54035,47.2535],[-1.5423,47.25242],[-1.54185,47.25062],[-1.53945,47.24989],[-1.5375,47.25098],[-1.53795,47.25278],[-1.54035,47.2535]]]}},{"type":"Feature","properties":{"i":307},"geometry":{"type":"Polygon","coordinates":[[[-1.51038,47.23116],[-1.51233,47.23007],[-1.51188,47.22827],[-1.50948,47.22755],[-1.50753,47.22863],[-1.50798,47.23044],[-1.51038,47.23116]]]}},{"type":"Feature","properties":{"i":308},"geometry":{"type":"Polygon","coordinates":[[[-1.51214,47.2917],[-1.51409,47.29062],[-1.51364,47.28882],[-1.51124,47.28809],[-1.50929,47.28918],[-1.50974,47.29098],[-1.51214,47.2917]]]}},{"type":"Feature","properties":{"i":309},"geometry":{"type":"Polygon","coordinates":[[[-1.50944,47.28089],[-1.51139,47.27981],[-1.51095,47.27801],[-1.50855,47.27728],[-1.5066,47.27837],[-1.50704,47.28017],[-1.50944,47.28089]]]}},{"type":"Feature","properties":{"i":310},"geometry":{"type":"Polygon","coordinates":[[[-1.56824,47.23186],[-1.57019,47.23078],[-1.56974,47.22897],[-1.56734,47.22826],[-1.56539,47.22934],[-1.56584,47.23114],[-1.56824,47.23186]]]}},{"type":"Feature","properties":{"i":311},"geometry":{"type":"Polygon","coordinates":[[[-1.50287,47.24557],[-1.50482,47.24449],[-1.50437,47.24269],[-1.50198,47.24197],[-1.50003,47.24305],[-1.50047,47.24485],[-1.50287,47.24557]]]}},{"type":"Feature","properties":{"i":312},"geometry":{"type":"Polygon","coordinates":[[[-1.56375,47.24051],[-1.56569,47.23943],[-1.56524,47.23763],[-1.56285,47.23691],[-1.5609,47.23799],[-1.56135,47.23979],[-1.56375,47.24051]]]}},{"type":"Feature","properties":{"i":313},"geometry":{"type":"Polygon","coordinates":[[[-1.53915,47.2398],[-1.5411,47.23872],[-1.54065,47.23692],[-1.53826,47.2362],[-1.53631,47.23728],[-1.53676,47.23908],[-1.53915,47.2398]]]}},{"type":"Feature","properties":{"i":314},"geometry":{"type":"Polygon","coordinates":[[[-1.59776,47.19902],[-1.59971,47.19794],[-1.59926,47.19614],[-1.59686,47.19542],[-1.59491,47.1965],[-1.59536,47.19831],[-1.59776,47.19902]]]}},{"type":"Feature","properties":{"i":315},"geometry":{"type":"Polygon","coordinates":[[[-1.56419,47.21564],[-1.56614,47.21456],[-1.56569,47.21275],[-1.56329,47.21203],[-1.56134,47.21312],[-1.56179,47.21492],[-1.56419,47.21564]]]}},{"type":"Feature","properties":{"i":316},"geometry":{"type":"Polygon","coordinates":[[[-1.5561,47.26323],[-1.55805,47.26214],[-1.5576,47.26034],[-1.5552,47.25962],[-1.55325,47.2607],[-1.5537,47.26251],[-1.5561,47.26323]]]}},{"type":"Feature","properties":{"i":317},"geometry":{"type":"Polygon","coordinates":[[[-1.59013,47.22175],[-1.59208,47.22067],[-1.59163,47.21886],[-1.58923,47.21814],[-1.58728,47.21923],[-1.58773,47.22103],[-1.59013,47.22175]]]}},{"type":"Feature","properties":{"i":318},"geometry":{"type":"Polygon","coordinates":[[[-1.50168,47.23188],[-1.50363,47.2308],[-1.50318,47.22899],[-1.50079,47.22827],[-1.49884,47.22935],[-1.49929,47.23116],[-1.50168,47.23188]]]}},{"type":"Feature","properties":{"i":319},"geometry":{"type":"Polygon","coordinates":[[[-1.53003,47.18537],[-1.53198,47.18429],[-1.53153,47.18248],[-1.52913,47.18176],[-1.52718,47.18284],[-1.52763,47.18465],[-1.53003,47.18537]]]}},{"type":"Feature","properties":{"i":320},"geometry":{"type":"Polygon","coordinates":[[[-1.52519,47.29062],[-1.52714,47.28954],[-1.52669,47.28774],[-1.52429,47.28702],[-1.52234,47.2881],[-1.52279,47.2899],[-1.52519,47.29062]]]}},{"type":"Feature","properties":{"i":321},"geometry":{"type":"Polygon","coordinates":[[[-1.5213,47.26612],[-1.52325,47.26503],[-1.5228,47.26323],[-1.5204,47.26251],[-1.51845,47.26359],[-1.5189,47.26539],[-1.5213,47.26612]]]}},{"type":"Feature","properties":{"i":322},"geometry":{"type":"Polygon","coordinates":[[[-1.5549,47.24953],[-1.55685,47.24845],[-1.5564,47.24665],[-1.554,47.24593],[-1.55205,47.24701],[-1.5525,47.24881],[-1.5549,47.24953]]]}},{"type":"Feature","properties":{"i":323},"geometry":{"type":"Polygon","coordinates":[[[-1.56554,47.22105],[-1.56749,47.21996],[-1.56704,47.21816],[-1.56464,47.21744],[-1.56269,47.21852],[-1.56314,47.22033],[-1.56554,47.22105]]]}},{"type":"Feature","properties":{"i":324},"geometry":{"type":"Polygon","coordinates":[[[-1.545,47.23656],[-1.54695,47.23547],[-1.5465,47.23367],[-1.5441,47.23295],[-1.54215,47.23403],[-1.5426,47.23584],[-1.545,47.23656]]]}},{"type":"Feature","properties":{"i":325},"geometry":{"type":"Polygon","coordinates":[[[-1.59284,47.23257],[-1.59479,47.23148],[-1.59434,47.22968],[-1.59194,47.22896],[-1.58999,47.23004],[-1.59044,47.23185],[-1.59284,47.23257]]]}},{"type":"Feature","properties":{"i":326},"geometry":{"type":"Polygon","coordinates":[[[-1.49149,47.23548],[-1.49344,47.2344],[-1.49299,47.2326],[-1.49059,47.23188],[-1.48865,47.23296],[-1.48909,47.23476],[-1.49149,47.23548]]]}},{"type":"Feature","properties":{"i":327},"geometry":{"type":"Polygon","coordinates":[[[-1.51772,47.22503],[-1.51967,47.22395],[-1.51922,47.22214],[-1.51683,47.22142],[-1.51488,47.2225],[-1.51533,47.22431],[-1.51772,47.22503]]]}},{"type":"Feature","properties":{"i":328},"geometry":{"type":"Polygon","coordinates":[[[-1.53257,47.20448],[-1.53452,47.20339],[-1.53407,47.20159],[-1.53167,47.20087],[-1.52972,47.20195],[-1.53017,47.20376],[-1.53257,47.20448]]]}},{"type":"Feature","properties":{"i":329},"geometry":{"type":"Polygon","coordinates":[[[-1.51379,47.28053],[-1.51574,47.27945],[-1.5153,47.27765],[-1.5129,47.27692],[-1.51095,47.27801],[-1.51139,47.27981],[-1.51379,47.28053]]]}},{"type":"Feature","properties":{"i":330},"geometry":{"type":"Polygon","coordinates":[[[-1.51488,47.2225],[-1.51683,47.22142],[-1.51638,47.21962],[-1.51398,47.2189],[-1.51203,47.21998],[-1.51248,47.22178],[-1.51488,47.2225]]]}},{"type":"Feature","properties":{"i":331},"geometry":{"type":"Polygon","coordinates":[[[-1.54215,47.23403],[-1.5441,47.23295],[-1.54365,47.23115],[-1.54125,47.23043],[-1.53931,47.23151],[-1.53976,47.23331],[-1.54215,47.23403]]]}},{"type":"Feature","properties":{"i":332},"geometry":{"type":"Polygon","coordinates":[[[-1.5345,47.25674],[-1.53645,47.25566],[-1.536,47.25386],[-1.5336,47.25314],[-1.53165,47.25422],[-1.5321,47.25602],[-1.5345,47.25674]]]}},{"type":"Feature","properties":{"i":333},"geometry":{"type":"Polygon","coordinates":[[[-1.51664,47.28305],[-1.51859,47.28197],[-1.51814,47.28017],[-1.51574,47.27945],[-1.51379,47.28053],[-1.51424,47.28233],[-1.51664,47.28305]]]}},{"type":"Feature","properties":{"i":334},"geometry":{"type":"Polygon","coordinates":[[[-1.59192,47.20228],[-1.59387,47.20119],[-1.59342,47.19939],[-1.59102,47.19867],[-1.58907,47.19975],[-1.58952,47.20156],[-1.59192,47.20228]]]}},{"type":"Feature","properties":{"i":335},"geometry":{"type":"Polygon","coordinates":[[[-1.51472,47.2308],[-1.51667,47.22971],[-1.51622,47.22791],[-1.51383,47.22719],[-1.51188,47.22827],[-1.51233,47.23007],[-1.51472,47.2308]]]}},{"type":"Feature","properties":{"i":336},"geometry":{"type":"Polygon","coordinates":[[[-1.51649,47.29134],[-1.51844,47.29026],[-1.51799,47.28846],[-1.51559,47.28774],[-1.51364,47.28882],[-1.51409,47.29062],[-1.51649,47.29134]]]}},{"type":"Feature","properties":{"i":337},"geometry":{"type":"Polygon","coordinates":[[[-1.49702,47.24882],[-1.49897,47.24773],[-1.49852,47.24593],[-1.49613,47.24521],[-1.49418,47.24629],[-1.49463,47.24809],[-1.49702,47.24882]]]}},{"type":"Feature","properties":{"i":338},"geometry":{"type":"Polygon","coordinates":[[[-1.52954,47.29026],[-1.53149,47.28918],[-1.53104,47.28738],[-1.52864,47.28666],[-1.52669,47.28774],[-1.52714,47.28954],[-1.52954,47.29026]]]}},{"type":"Feature","properties":{"i":339},"geometry":{"type":"Polygon","coordinates":[[[-1.5579,47.24376],[-1.55985,47.24268],[-1.5594,47.24088],[-1.557,47.24016],[-1.55505,47.24124],[-1.5555,47.24304],[-1.5579,47.24376]]]}},{"type":"Feature","properties":{"i":340},"geometry":{"type":"Polygon","coordinates":[[[-1.5435,47.23944],[-1.54545,47.23836],[-1.545,47.23656],[-1.5426,47.23584],[-1.54065,47.23692],[-1.5411,47.23872],[-1.5435,47.23944]]]}},{"type":"Feature","properties":{"i":341},"geometry":{"type":"Polygon","coordinates":[[[-1.5258,47.25747],[-1.52775,47.25638],[-1.5273,47.25458],[-1.52491,47.25386],[-1.52296,47.25494],[-1.5234,47.25674],[-1.5258,47.25747]]]}},{"type":"Feature","properties":{"i":342},"geometry":{"type":"Polygon","coordinates":[[[-1.59448,47.22139],[-1.59643,47.2203],[-1.59598,47.2185],[-1.59358,47.21778],[-1.59163,47.21886],[-1.59208,47.22067],[-1.59448,47.22139]]]}},{"type":"Feature","properties":{"i":343},"geometry":{"type":"Polygon","coordinates":[[[-1.50603,47.23152],[-1.50798,47.23044],[-1.50753,47.22863],[-1.50513,47.22791],[-1.50318,47.22899],[-1.50363,47.2308],[-1.50603,47.23152]]]}},{"type":"Feature","properties":{"i":344},"geometry":{"type":"Polygon","coordinates":[[[-1.49837,47.25422],[-1.50032,47.25314],[-1.49987,47.25134],[-1.49747,47.25062],[-1.49552,47.2517],[-1.49597,47.2535],[-1.49837,47.25422]]]}},{"type":"Feature","properties":{"i":345},"geometry":{"type":"Polygon","coordinates":[[[-1.56734,47.20157],[-1.56928,47.20049],[-1.56883,47.19869],[-1.56644,47.19797],[-1.56449,47.19905],[-1.56494,47.20085],[-1.56734,47.20157]]]}},{"type":"Feature","properties":{"i":346},"geometry":{"type":"Polygon","coordinates":[[[-1.52565,47.26575],[-1.5276,47.26467],[-1.52715,47.26287],[-1.52475,47.26215],[-1.5228,47.26323],[-1.52325,47.26503],[-1.52565,47.26575]]]}},{"type":"Feature","properties":{"i":347},"geometry":{"type":"Polygon","coordinates":[[[-1.52672,47.20772],[-1.52867,47.20664],[-1.52822,47.20484],[-1.52583,47.20412],[-1.52388,47.2052],[-1.52433,47.207],[-1.52672,47.20772]]]}},{"type":"Feature","properties":{"i":348},"geometry":{"type":"Polygon","coordinates":[[[-1.55925,47.24917],[-1.5612,47.24809],[-1.56075,47.24628],[-1.55835,47.24556],[-1.5564,47.24665],[-1.55685,47.24845],[-1.55925,47.24917]]]}},{"type":"Feature","properties":{"i":349},"geometry":{"type":"Polygon","coordinates":[[[-1.55969,47.22429],[-1.56164,47.22321],[-1.56119,47.22141],[-1.55879,47.22069],[-1.55685,47.22177],[-1.5573,47.22357],[-1.55969,47.22429]]]}},{"type":"Feature","properties":{"i":350},"geometry":{"type":"Polygon","coordinates":[[[-1.49584,47.23512],[-1.49779,47.23404],[-1.49734,47.23224],[-1.49494,47.23152],[-1.49299,47.2326],[-1.49344,47.2344],[-1.49584,47.23512]]]}},{"type":"Feature","properties":{"i":351},"geometry":{"type":"Polygon","coordinates":[[[-1.60375,47.18748],[-1.6057,47.18639],[-1.60525,47.18459],[-1.60285,47.18387],[-1.6009,47.18496],[-1.60135,47.18676],[-1.60375,47.18748]]]}},{"type":"Feature","properties":{"i":352},"geometry":{"type":"Polygon","coordinates":[[[-1.57829,47.23654],[-1.58024,47.23546],[-1.57979,47.23366],[-1.57739,47.23294],[-1.57544,47.23402],[-1.57589,47.23582],[-1.57829,47.23654]]]}},{"type":"Feature","properties":{"i":353},"geometry":{"type":"Polygon","coordinates":[[[-1.53885,47.25638],[-1.5408,47.2553],[-1.54035,47.2535],[-1.53795,47.25278],[-1.536,47.25386],[-1.53645,47.25566],[-1.53885,47.25638]]]}},{"type":"Feature","properties":{"i":354},"geometry":{"type":"Polygon","coordinates":[[[-1.59627,47.20191],[-1.59821,47.20083],[-1.59776,47.19902],[-1.59536,47.19831],[-1.59342,47.19939],[-1.59387,47.20119],[-1.59627,47.20191]]]}},{"type":"Feature","properties":{"i":355},"geometry":{"type":"Polygon","coordinates":[[[-1.52761,47.238],[-1.52956,47.23692],[-1.52911,47.23512],[-1.52671,47.2344],[-1.52476,47.23548],[-1.52521,47.23728],[-1.52761,47.238]]]}},{"type":"Feature","properties":{"i":356},"geometry":{"type":"Polygon","coordinates":[[[-1.51063,47.29458],[-1.51259,47.2935],[-1.51214,47.2917],[-1.50974,47.29098],[-1.50779,47.29206],[-1.50823,47.29386],[-1.51063,47.29458]]]}},{"type":"Feature","properties":{"i":357},"geometry":{"type":"Polygon","coordinates":[[[-1.50675,47.27008],[-1.5087,47.269],[-1.50825,47.2672],[-1.50585,47.26647],[-1.5039,47.26755],[-1.50435,47.26936],[-1.50675,47.27008]]]}},{"type":"Feature","properties":{"i":358},"geometry":{"type":"Polygon","coordinates":[[[-1.53765,47.24269],[-1.5396,47.2416],[-1.53915,47.2398],[-1.53676,47.23908],[-1.53481,47.24016],[-1.53526,47.24197],[-1.53765,47.24269]]]}},{"type":"Feature","properties":{"i":359},"geometry":{"type":"Polygon","coordinates":[[[-1.56149,47.20482],[-1.56344,47.20374],[-1.56299,47.20194],[-1.56059,47.20122],[-1.55864,47.2023],[-1.55909,47.2041],[-1.56149,47.20482]]]}},{"type":"Feature","properties":{"i":360},"geometry":{"type":"Polygon","coordinates":[[[-1.48714,47.23584],[-1.48909,47.23476],[-1.48865,47.23296],[-1.48625,47.23224],[-1.4843,47.23332],[-1.48475,47.23512],[-1.48714,47.23584]]]}},{"type":"Feature","properties":{"i":361},"geometry":{"type":"Polygon","coordinates":[[[-1.53015,47.2571],[-1.5321,47.25602],[-1.53165,47.25422],[-1.52925,47.2535],[-1.5273,47.25458],[-1.52775,47.25638],[-1.53015,47.2571]]]}},{"type":"Feature","properties":{"i":362},"geometry":{"type":"Polygon","coordinates":[[[-1.50018,47.23476],[-1.50213,47.23368],[-1.50168,47.23188],[-1.49929,47.23116],[-1.49734,47.23224],[-1.49779,47.23404],[-1.50018,47.23476]]]}},{"type":"Feature","properties":{"i":363},"geometry":{"type":"Polygon","coordinates":[[[-1.52853,47.18825],[-1.53048,47.18717],[-1.53003,47.18537],[-1.52763,47.18465],[-1.52568,47.18573],[-1.52613,47.18753],[-1.52853,47.18825]]]}},{"type":"Feature","properties":{"i":364},"geometry":{"type":"Polygon","coordinates":[[[-1.5198,47.269],[-1.52175,47.26792],[-1.5213,47.26612],[-1.5189,47.26539],[-1.51695,47.26648],[-1.5174,47.26828],[-1.5198,47.269]]]}},{"type":"Feature","properties":{"i":365},"geometry":{"type":"Polygon","coordinates":[[[-1.52088,47.21097],[-1.52283,47.20989],[-1.52238,47.20808],[-1.51998,47.20736],[-1.51803,47.20845],[-1.51848,47.21025],[-1.52088,47.21097]]]}},{"type":"Feature","properties":{"i":366},"geometry":{"type":"Polygon","coordinates":[[[-1.5534,47.25241],[-1.55535,47.25133],[-1.5549,47.24953],[-1.5525,47.24881],[-1.55055,47.24989],[-1.551,47.25169],[-1.5534,47.25241]]]}},{"type":"Feature","properties":{"i":367},"geometry":{"type":"Polygon","coordinates":[[[-1.56404,47.22393],[-1.56599,47.22285],[-1.56554,47.22105],[-1.56314,47.22033],[-1.56119,47.22141],[-1.56164,47.22321],[-1.56404,47.22393]]]}},{"type":"Feature","properties":{"i":368},"geometry":{"type":"Polygon","coordinates":[[[-1.58743,47.21093],[-1.58937,47.20985],[-1.58892,47.20805],[-1.58652,47.20733],[-1.58458,47.20841],[-1.58503,47.21022],[-1.58743,47.21093]]]}},{"type":"Feature","properties":{"i":369},"geometry":{"type":"Polygon","coordinates":[[[-1.58641,47.26898],[-1.58836,47.2679],[-1.58791,47.2661],[-1.58551,47.26538],[-1.58356,47.26646],[-1.58401,47.26826],[-1.58641,47.26898]]]}},{"type":"Feature","properties":{"i":370},"geometry":{"type":"Polygon","coordinates":[[[-1.52988,47.19366],[-1.53182,47.19258],[-1.53137,47.19078],[-1.52898,47.19006],[-1.52703,47.19114],[-1.52748,47.19294],[-1.52988,47.19366]]]}},{"type":"Feature","properties":{"i":371},"geometry":{"type":"Polygon","coordinates":[[[-1.49449,47.22971],[-1.49644,47.22863],[-1.49599,47.22683],[-1.4936,47.22611],[-1.49165,47.22719],[-1.4921,47.22899],[-1.49449,47.22971]]]}},{"type":"Feature","properties":{"i":372},"geometry":{"type":"Polygon","coordinates":[[[-1.5111,47.26972],[-1.51305,47.26864],[-1.5126,47.26684],[-1.5102,47.26611],[-1.50825,47.2672],[-1.5087,47.269],[-1.5111,47.26972]]]}},{"type":"Feature","properties":{"i":373},"geometry":{"type":"Polygon","coordinates":[[[-1.61081,47.19793],[-1.61275,47.19685],[-1.6123,47.19504],[-1.6099,47.19432],[-1.60795,47.19541],[-1.60841,47.19721],[-1.61081,47.19793]]]}},{"type":"Feature","properties":{"i":374},"geometry":{"type":"Polygon","coordinates":[[[-1.53946,47.22322],[-1.54141,47.22214],[-1.54096,47.22034],[-1.53856,47.21962],[-1.53661,47.2207],[-1.53706,47.2225],[-1.53946,47.22322]]]}},{"type":"Feature","properties":{"i":375},"geometry":{"type":"Polygon","coordinates":[[[-1.6081,47.18711],[-1.61005,47.18603],[-1.60959,47.18423],[-1.60719,47.18351],[-1.60525,47.18459],[-1.6057,47.18639],[-1.6081,47.18711]]]}},{"type":"Feature","properties":{"i":376},"geometry":{"type":"Polygon","coordinates":[[[-1.58564,47.23041],[-1.58759,47.22932],[-1.58714,47.22752],[-1.58474,47.2268],[-1.58279,47.22789],[-1.58324,47.22969],[-1.58564,47.23041]]]}},{"type":"Feature","properties":{"i":377},"geometry":{"type":"Polygon","coordinates":[[[-1.58264,47.23618],[-1.58459,47.23509],[-1.58414,47.23329],[-1.58174,47.23257],[-1.57979,47.23366],[-1.58024,47.23546],[-1.58264,47.23618]]]}},{"type":"Feature","properties":{"i":378},"geometry":{"type":"Polygon","coordinates":[[[-1.60318,47.22066],[-1.60513,47.21957],[-1.60467,47.21777],[-1.60227,47.21705],[-1.60033,47.21814],[-1.60078,47.21994],[-1.60318,47.22066]]]}},{"type":"Feature","properties":{"i":379},"geometry":{"type":"Polygon","coordinates":[[[-1.55835,47.21889],[-1.56029,47.2178],[-1.55984,47.216],[-1.55745,47.21528],[-1.5555,47.21636],[-1.55595,47.21817],[-1.55835,47.21889]]]}},{"type":"Feature","properties":{"i":380},"geometry":{"type":"Polygon","coordinates":[[[-1.53181,47.24593],[-1.53376,47.24485],[-1.53331,47.24305],[-1.53091,47.24233],[-1.52896,47.24341],[-1.52941,47.24521],[-1.53181,47.24593]]]}},{"type":"Feature","properties":{"i":381},"geometry":{"type":"Polygon","coordinates":[[[-1.59042,47.20516],[-1.59237,47.20408],[-1.59192,47.20228],[-1.58952,47.20156],[-1.58757,47.20264],[-1.58802,47.20444],[-1.59042,47.20516]]]}},{"type":"Feature","properties":{"i":382},"geometry":{"type":"Polygon","coordinates":[[[-1.53196,47.23764],[-1.53391,47.23656],[-1.53346,47.23476],[-1.53106,47.23404],[-1.52911,47.23512],[-1.52956,47.23692],[-1.53196,47.23764]]]}},{"type":"Feature","properties":{"i":383},"geometry":{"type":"Polygon","coordinates":[[[-1.5009,47.27332],[-1.50285,47.27224],[-1.5024,47.27044],[-1.5,47.26972],[-1.49805,47.2708],[-1.4985,47.2726],[-1.5009,47.27332]]]}},{"type":"Feature","properties":{"i":384},"geometry":{"type":"Polygon","coordinates":[[[-1.51426,47.25566],[-1.51621,47.25458],[-1.51576,47.25278],[-1.51336,47.25206],[-1.51141,47.25314],[-1.51186,47.25494],[-1.51426,47.25566]]]}},{"type":"Feature","properties":{"i":385},"geometry":{"type":"Polygon","coordinates":[[[-1.57515,47.2506],[-1.5771,47.24952],[-1.57665,47.24772],[-1.57425,47.247],[-1.5723,47.24808],[-1.57275,47.24988],[-1.57515,47.2506]]]}},{"type":"Feature","properties":{"i":386},"geometry":{"type":"Polygon","coordinates":[[[-1.542,47.24232],[-1.54395,47.24124],[-1.5435,47.23944],[-1.5411,47.23872],[-1.53915,47.2398],[-1.5396,47.2416],[-1.542,47.24232]]]}},{"type":"Feature","properties":{"i":387},"geometry":{"type":"Polygon","coordinates":[[[-1.56584,47.20446],[-1.56779,47.20338],[-1.56734,47.20157],[-1.56494,47.20085],[-1.56299,47.20194],[-1.56344,47.20374],[-1.56584,47.20446]]]}},{"type":"Feature","properties":{"i":388},"geometry":{"type":"Polygon","coordinates":[[[-1.5243,47.26035],[-1.52625,47.25927],[-1.5258,47.25747],[-1.5234,47.25674],[-1.52145,47.25783],[-1.5219,47.25963],[-1.5243,47.26035]]]}},{"type":"Feature","properties":{"i":389},"geometry":{"type":"Polygon","coordinates":[[[-1.52415,47.26864],[-1.5261,47.26756],[-1.52565,47.26575],[-1.52325,47.26503],[-1.5213,47.26612],[-1.52175,47.26792],[-1.52415,47.26864]]]}},{"type":"Feature","properties":{"i":390},"geometry":{"type":"Polygon","coordinates":[[[-1.52522,47.21061],[-1.52717,47.20952],[-1.52672,47.20772],[-1.52433,47.207],[-1.52238,47.20808],[-1.52283,47.20989],[-1.52522,47.21061]]]}},{"type":"Feature","properties":{"i":391},"geometry":{"type":"Polygon","coordinates":[[[-1.55775,47.25205],[-1.5597,47.25097],[-1.55925,47.24917],[-1.55685,47.24845],[-1.5549,47.24953],[-1.55535,47.25133],[-1.55775,47.25205]]]}},{"type":"Feature","properties":{"i":392},"geometry":{"type":"Polygon","coordinates":[[[-1.58428,47.225],[-1.58623,47.22392],[-1.58578,47.22211],[-1.58338,47.22139],[-1.58143,47.22248],[-1.58189,47.22428],[-1.58428,47.225]]]}},{"type":"Feature","properties":{"i":393},"geometry":{"type":"Polygon","coordinates":[[[-1.59177,47.21057],[-1.59372,47.20949],[-1.59327,47.20768],[-1.59087,47.20696],[-1.58892,47.20805],[-1.58937,47.20985],[-1.59177,47.21057]]]}},{"type":"Feature","properties":{"i":394},"geometry":{"type":"Polygon","coordinates":[[[-1.51545,47.26936],[-1.5174,47.26828],[-1.51695,47.26648],[-1.51455,47.26575],[-1.5126,47.26684],[-1.51305,47.26864],[-1.51545,47.26936]]]}},{"type":"Feature","properties":{"i":395},"geometry":{"type":"Polygon","coordinates":[[[-1.61515,47.19756],[-1.6171,47.19648],[-1.61665,47.19468],[-1.61425,47.19396],[-1.6123,47.19504],[-1.61275,47.19685],[-1.61515,47.19756]]]}},{"type":"Feature","properties":{"i":396},"geometry":{"type":"Polygon","coordinates":[[[-1.5438,47.22286],[-1.54575,47.22178],[-1.5453,47.21997],[-1.54291,47.21925],[-1.54096,47.22034],[-1.54141,47.22214],[-1.5438,47.22286]]]}},{"type":"Feature","properties":{"i":397},"geometry":{"type":"Polygon","coordinates":[[[-1.59057,47.19687],[-1.59251,47.19578],[-1.59206,47.19398],[-1.58967,47.19326],[-1.58772,47.19435],[-1.58817,47.19615],[-1.59057,47.19687]]]}},{"type":"Feature","properties":{"i":398},"geometry":{"type":"Polygon","coordinates":[[[-1.557,47.21348],[-1.55894,47.2124],[-1.55849,47.21059],[-1.5561,47.20987],[-1.55415,47.21096],[-1.5546,47.21276],[-1.557,47.21348]]]}},{"type":"Feature","properties":{"i":399},"geometry":{"type":"Polygon","coordinates":[[[-1.57679,47.23943],[-1.57874,47.23834],[-1.57829,47.23654],[-1.57589,47.23582],[-1.57394,47.2369],[-1.57439,47.23871],[-1.57679,47.23943]]]}},{"type":"Feature","properties":{"i":400},"geometry":{"type":"Polygon","coordinates":[[[-1.57603,47.20085],[-1.57798,47.19976],[-1.57753,47.19796],[-1.57513,47.19724],[-1.57318,47.19832],[-1.57363,47.20013],[-1.57603,47.20085]]]}},{"type":"Feature","properties":{"i":401},"geometry":{"type":"Polygon","coordinates":[[[-1.53615,47.24557],[-1.5381,47.24449],[-1.53765,47.24269],[-1.53526,47.24197],[-1.53331,47.24305],[-1.53376,47.24485],[-1.53615,47.24557]]]}},{"type":"Feature","properties":{"i":402},"geometry":{"type":"Polygon","coordinates":[[[-1.52611,47.24089],[-1.52806,47.2398],[-1.52761,47.238],[-1.52521,47.23728],[-1.52326,47.23836],[-1.52371,47.24017],[-1.52611,47.24089]]]}},{"type":"Feature","properties":{"i":403},"geometry":{"type":"Polygon","coordinates":[[[-1.50525,47.27296],[-1.5072,47.27188],[-1.50675,47.27008],[-1.50435,47.26936],[-1.5024,47.27044],[-1.50285,47.27224],[-1.50525,47.27296]]]}},{"type":"Feature","properties":{"i":404},"geometry":{"type":"Polygon","coordinates":[[[-1.51861,47.2553],[-1.52056,47.25422],[-1.52011,47.25242],[-1.51771,47.2517],[-1.51576,47.25278],[-1.51621,47.25458],[-1.51861,47.2553]]]}},{"type":"Feature","properties":{"i":405},"geometry":{"type":"Polygon","coordinates":[[[-1.60631,47.20659],[-1.60826,47.20551],[-1.60781,47.2037],[-1.60541,47.20298],[-1.60346,47.20407],[-1.60392,47.20587],[-1.60631,47.20659]]]}},{"type":"Feature","properties":{"i":406},"geometry":{"type":"Polygon","coordinates":[[[-1.53496,47.23187],[-1.53691,47.23079],[-1.53646,47.22899],[-1.53406,47.22827],[-1.53211,47.22935],[-1.53256,47.23115],[-1.53496,47.23187]]]}},{"type":"Feature","properties":{"i":407},"geometry":{"type":"Polygon","coordinates":[[[-1.55999,47.20771],[-1.56194,47.20663],[-1.56149,47.20482],[-1.55909,47.2041],[-1.55714,47.20519],[-1.55759,47.20699],[-1.55999,47.20771]]]}},{"type":"Feature","properties":{"i":408},"geometry":{"type":"Polygon","coordinates":[[[-1.57185,47.27295],[-1.5738,47.27187],[-1.57335,47.27007],[-1.57095,47.26935],[-1.569,47.27043],[-1.56945,47.27223],[-1.57185,47.27295]]]}},{"type":"Feature","properties":{"i":409},"geometry":{"type":"Polygon","coordinates":[[[-1.51742,47.24161],[-1.51936,47.24053],[-1.51892,47.23872],[-1.51652,47.238],[-1.51457,47.23909],[-1.51502,47.24089],[-1.51742,47.24161]]]}},{"type":"Feature","properties":{"i":410},"geometry":{"type":"Polygon","coordinates":[[[-1.50975,47.26431],[-1.5117,47.26323],[-1.51126,47.26143],[-1.50886,47.26071],[-1.50691,47.26179],[-1.50736,47.26359],[-1.50975,47.26431]]]}},{"type":"Feature","properties":{"i":411},"geometry":{"type":"Polygon","coordinates":[[[-1.53811,47.21781],[-1.54006,47.21673],[-1.53961,47.21493],[-1.53721,47.21421],[-1.53526,47.21529],[-1.53571,47.21709],[-1.53811,47.21781]]]}},{"type":"Feature","properties":{"i":412},"geometry":{"type":"Polygon","coordinates":[[[-1.57065,47.25926],[-1.5726,47.25817],[-1.57215,47.25637],[-1.56975,47.25565],[-1.5678,47.25673],[-1.56825,47.25854],[-1.57065,47.25926]]]}},{"type":"Feature","properties":{"i":413},"geometry":{"type":"Polygon","coordinates":[[[-1.51799,47.28846],[-1.51994,47.28738],[-1.51949,47.28557],[-1.51709,47.28485],[-1.51514,47.28593],[-1.51559,47.28774],[-1.51799,47.28846]]]}},{"type":"Feature","properties":{"i":414},"geometry":{"type":"Polygon","coordinates":[[[-1.53287,47.18789],[-1.53482,47.18681],[-1.53437,47.18501],[-1.53198,47.18429],[-1.53003,47.18537],[-1.53048,47.18717],[-1.53287,47.18789]]]}},{"type":"Feature","properties":{"i":415},"geometry":{"type":"Polygon","coordinates":[[[-1.58863,47.22464],[-1.59058,47.22355],[-1.59013,47.22175],[-1.58773,47.22103],[-1.58578,47.22211],[-1.58623,47.22392],[-1.58863,47.22464]]]}},{"type":"Feature","properties":{"i":416},"geometry":{"type":"Polygon","coordinates":[[[-1.58593,47.21382],[-1.58788,47.21274],[-1.58743,47.21093],[-1.58503,47.21022],[-1.58308,47.2113],[-1.58353,47.2131],[-1.58593,47.21382]]]}},{"type":"Feature","properties":{"i":417},"geometry":{"type":"Polygon","coordinates":[[[-1.58491,47.27187],[-1.58686,47.27078],[-1.58641,47.26898],[-1.58401,47.26826],[-1.58206,47.26934],[-1.58251,47.27115],[-1.58491,47.27187]]]}},{"type":"Feature","properties":{"i":418},"geometry":{"type":"Polygon","coordinates":[[[-1.52838,47.19655],[-1.53032,47.19546],[-1.52988,47.19366],[-1.52748,47.19294],[-1.52553,47.19402],[-1.52598,47.19583],[-1.52838,47.19655]]]}},{"type":"Feature","properties":{"i":419},"geometry":{"type":"Polygon","coordinates":[[[-1.5096,47.2726],[-1.51155,47.27152],[-1.5111,47.26972],[-1.5087,47.269],[-1.50675,47.27008],[-1.5072,47.27188],[-1.5096,47.2726]]]}},{"type":"Feature","properties":{"i":420},"geometry":{"type":"Polygon","coordinates":[[[-1.60931,47.20082],[-1.61126,47.19973],[-1.61081,47.19793],[-1.60841,47.19721],[-1.60646,47.1983],[-1.60691,47.2001],[-1.60931,47.20082]]]}},{"type":"Feature","properties":{"i":421},"geometry":{"type":"Polygon","coordinates":[[[-1.59211,47.27402],[-1.59406,47.27294],[-1.59361,47.27114],[-1.59121,47.27042],[-1.58926,47.2715],[-1.58971,47.27331],[-1.59211,47.27402]]]}},{"type":"Feature","properties":{"i":422},"geometry":{"type":"Polygon","coordinates":[[[-1.53796,47.2261],[-1.53991,47.22502],[-1.53946,47.22322],[-1.53706,47.2225],[-1.53511,47.22358],[-1.53556,47.22538],[-1.53796,47.2261]]]}},{"type":"Feature","properties":{"i":423},"geometry":{"type":"Polygon","coordinates":[[[-1.50453,47.2344],[-1.50648,47.23332],[-1.50603,47.23152],[-1.50363,47.2308],[-1.50168,47.23188],[-1.50213,47.23368],[-1.50453,47.2344]]]}},{"type":"Feature","properties":{"i":424},"geometry":{"type":"Polygon","coordinates":[[[-1.59491,47.1965],[-1.59686,47.19542],[-1.59641,47.19362],[-1.59401,47.1929],[-1.59206,47.19398],[-1.59251,47.19578],[-1.59491,47.1965]]]}},{"type":"Feature","properties":{"i":425},"geometry":{"type":"Polygon","coordinates":[[[-1.56134,47.21312],[-1.56329,47.21203],[-1.56284,47.21023],[-1.56044,47.20951],[-1.55849,47.21059],[-1.55894,47.2124],[-1.56134,47.21312]]]}},{"type":"Feature","properties":{"i":426},"geometry":{"type":"Polygon","coordinates":[[[-1.60168,47.22354],[-1.60363,47.22246],[-1.60318,47.22066],[-1.60078,47.21994],[-1.59883,47.22102],[-1.59928,47.22282],[-1.60168,47.22354]]]}},{"type":"Feature","properties":{"i":427},"geometry":{"type":"Polygon","coordinates":[[[-1.59313,47.21598],[-1.59508,47.21489],[-1.59462,47.21309],[-1.59223,47.21237],[-1.59028,47.21346],[-1.59073,47.21526],[-1.59313,47.21598]]]}},{"type":"Feature","properties":{"i":428},"geometry":{"type":"Polygon","coordinates":[[[-1.5462,47.25025],[-1.54815,47.24917],[-1.5477,47.24737],[-1.5453,47.24665],[-1.54335,47.24773],[-1.5438,47.24953],[-1.5462,47.25025]]]}},{"type":"Feature","properties":{"i":429},"geometry":{"type":"Polygon","coordinates":[[[-1.53031,47.24882],[-1.53225,47.24773],[-1.53181,47.24593],[-1.52941,47.24521],[-1.52746,47.24629],[-1.52791,47.24809],[-1.53031,47.24882]]]}},{"type":"Feature","properties":{"i":430},"geometry":{"type":"Polygon","coordinates":[[[-1.57723,47.21455],[-1.57918,47.21346],[-1.57873,47.21166],[-1.57633,47.21094],[-1.57438,47.21203],[-1.57483,47.21383],[-1.57723,47.21455]]]}},{"type":"Feature","properties":{"i":431},"geometry":{"type":"Polygon","coordinates":[[[-1.53046,47.24053],[-1.53241,47.23944],[-1.53196,47.23764],[-1.52956,47.23692],[-1.52761,47.238],[-1.52806,47.2398],[-1.53046,47.24053]]]}},{"type":"Feature","properties":{"i":432},"geometry":{"type":"Polygon","coordinates":[[[-1.57621,47.27259],[-1.57816,47.27151],[-1.5777,47.26971],[-1.5753,47.26899],[-1.57335,47.27007],[-1.5738,47.27187],[-1.57621,47.27259]]]}},{"type":"Feature","properties":{"i":433},"geometry":{"type":"Polygon","coordinates":[[[-1.51229,47.28341],[-1.51424,47.28233],[-1.51379,47.28053],[-1.51139,47.27981],[-1.50944,47.28089],[-1.50989,47.28269],[-1.51229,47.28341]]]}},{"type":"Feature","properties":{"i":434},"geometry":{"type":"Polygon","coordinates":[[[-1.51276,47.25855],[-1.51471,47.25747],[-1.51426,47.25566],[-1.51186,47.25494],[-1.50991,47.25602],[-1.51036,47.25783],[-1.51276,47.25855]]]}},{"type":"Feature","properties":{"i":435},"geometry":{"type":"Polygon","coordinates":[[[-1.57365,47.25349],[-1.5756,47.25241],[-1.57515,47.2506],[-1.57275,47.24988],[-1.5708,47.25097],[-1.57125,47.25277],[-1.57365,47.25349]]]}},{"type":"Feature","properties":{"i":436},"geometry":{"type":"Polygon","coordinates":[[[-1.61066,47.20623],[-1.61261,47.20514],[-1.61216,47.20334],[-1.60976,47.20262],[-1.60781,47.2037],[-1.60826,47.20551],[-1.61066,47.20623]]]}},{"type":"Feature","properties":{"i":437},"geometry":{"type":"Polygon","coordinates":[[[-1.53931,47.23151],[-1.54125,47.23043],[-1.54081,47.22863],[-1.53841,47.22791],[-1.53646,47.22899],[-1.53691,47.23079],[-1.53931,47.23151]]]}},{"type":"Feature","properties":{"i":438},"geometry":{"type":"Polygon","coordinates":[[[-1.63839,47.19285],[-1.64034,47.19176],[-1.63988,47.18996],[-1.63748,47.18924],[-1.63554,47.19033],[-1.63599,47.19213],[-1.63839,47.19285]]]}},{"type":"Feature","properties":{"i":439},"geometry":{"type":"Polygon","coordinates":[[[-1.59298,47.22427],[-1.59493,47.22319],[-1.59448,47.22139],[-1.59208,47.22067],[-1.59013,47.22175],[-1.59058,47.22355],[-1.59298,47.22427]]]}},{"type":"Feature","properties":{"i":440},"geometry":{"type":"Polygon","coordinates":[[[-1.52161,47.24954],[-1.52356,47.24846],[-1.52311,47.24665],[-1.52071,47.24593],[-1.51876,47.24701],[-1.51921,47.24882],[-1.52161,47.24954]]]}},{"type":"Feature","properties":{"i":441},"geometry":{"type":"Polygon","coordinates":[[[-1.52176,47.24125],[-1.52371,47.24017],[-1.52326,47.23836],[-1.52087,47.23764],[-1.51892,47.23872],[-1.51936,47.24053],[-1.52176,47.24125]]]}},{"type":"Feature","properties":{"i":442},"geometry":{"type":"Polygon","coordinates":[[[-1.5141,47.26395],[-1.51605,47.26287],[-1.5156,47.26107],[-1.51321,47.26035],[-1.51126,47.26143],[-1.5117,47.26323],[-1.5141,47.26395]]]}},{"type":"Feature","properties":{"i":443},"geometry":{"type":"Polygon","coordinates":[[[-1.54246,47.21745],[-1.5444,47.21637],[-1.54396,47.21457],[-1.54156,47.21385],[-1.53961,47.21493],[-1.54006,47.21673],[-1.54246,47.21745]]]}},{"type":"Feature","properties":{"i":444},"geometry":{"type":"Polygon","coordinates":[[[-1.575,47.25889],[-1.57695,47.25781],[-1.5765,47.25601],[-1.5741,47.25529],[-1.57215,47.25637],[-1.5726,47.25817],[-1.575,47.25889]]]}},{"type":"Feature","properties":{"i":445},"geometry":{"type":"Polygon","coordinates":[[[-1.56704,47.21816],[-1.56899,47.21708],[-1.56854,47.21527],[-1.56614,47.21456],[-1.56419,47.21564],[-1.56464,47.21744],[-1.56704,47.21816]]]}},{"type":"Feature","properties":{"i":446},"geometry":{"type":"Polygon","coordinates":[[[-1.58279,47.22789],[-1.58474,47.2268],[-1.58428,47.225],[-1.58189,47.22428],[-1.57994,47.22536],[-1.58039,47.22717],[-1.58279,47.22789]]]}},{"type":"Feature","properties":{"i":447},"geometry":{"type":"Polygon","coordinates":[[[-1.62969,47.19358],[-1.63164,47.1925],[-1.63119,47.19069],[-1.62879,47.18997],[-1.62684,47.19106],[-1.62729,47.19286],[-1.62969,47.19358]]]}},{"type":"Feature","properties":{"i":448},"geometry":{"type":"Polygon","coordinates":[[[-1.60061,47.20155],[-1.60256,47.20046],[-1.60211,47.19866],[-1.59971,47.19794],[-1.59776,47.19902],[-1.59821,47.20083],[-1.60061,47.20155]]]}},{"type":"Feature","properties":{"i":449},"geometry":{"type":"Polygon","coordinates":[[[-1.59028,47.21346],[-1.59223,47.21237],[-1.59177,47.21057],[-1.58937,47.20985],[-1.58743,47.21093],[-1.58788,47.21274],[-1.59028,47.21346]]]}},{"type":"Feature","properties":{"i":450},"geometry":{"type":"Polygon","coordinates":[[[-1.58926,47.2715],[-1.59121,47.27042],[-1.59076,47.26862],[-1.58836,47.2679],[-1.58641,47.26898],[-1.58686,47.27078],[-1.58926,47.2715]]]}},{"type":"Feature","properties":{"i":451},"geometry":{"type":"Polygon","coordinates":[[[-1.50769,47.22034],[-1.50964,47.21926],[-1.50919,47.21746],[-1.50679,47.21674],[-1.50484,47.21782],[-1.50529,47.21962],[-1.50769,47.22034]]]}},{"type":"Feature","properties":{"i":452},"geometry":{"type":"Polygon","coordinates":[[[-1.54126,47.20375],[-1.54321,47.20267],[-1.54276,47.20087],[-1.54036,47.20015],[-1.53841,47.20123],[-1.53886,47.20303],[-1.54126,47.20375]]]}},{"type":"Feature","properties":{"i":453},"geometry":{"type":"Polygon","coordinates":[[[-1.58907,47.19975],[-1.59102,47.19867],[-1.59057,47.19687],[-1.58817,47.19615],[-1.58622,47.19723],[-1.58667,47.19903],[-1.58907,47.19975]]]}},{"type":"Feature","properties":{"i":454},"geometry":{"type":"Polygon","coordinates":[[[-1.5555,47.21636],[-1.55745,47.21528],[-1.557,47.21348],[-1.5546,47.21276],[-1.55265,47.21384],[-1.5531,47.21564],[-1.5555,47.21636]]]}},{"type":"Feature","properties":{"i":455},"geometry":{"type":"Polygon","coordinates":[[[-1.53465,47.24845],[-1.5366,47.24737],[-1.53615,47.24557],[-1.53376,47.24485],[-1.53181,47.24593],[-1.53225,47.24773],[-1.53465,47.24845]]]}},{"type":"Feature","properties":{"i":456},"geometry":{"type":"Polygon","coordinates":[[[-1.5666,47.24304],[-1.56854,47.24195],[-1.56809,47.24015],[-1.56569,47.23943],[-1.56375,47.24051],[-1.5642,47.24232],[-1.5666,47.24304]]]}},{"type":"Feature","properties":{"i":457},"geometry":{"type":"Polygon","coordinates":[[[-1.58158,47.21418],[-1.58353,47.2131],[-1.58308,47.2113],[-1.58068,47.21058],[-1.57873,47.21166],[-1.57918,47.21346],[-1.58158,47.21418]]]}},{"type":"Feature","properties":{"i":458},"geometry":{"type":"Polygon","coordinates":[[[-1.52342,47.23007],[-1.52537,47.22899],[-1.52492,47.22719],[-1.52252,47.22647],[-1.52057,47.22755],[-1.52102,47.22935],[-1.52342,47.23007]]]}},{"type":"Feature","properties":{"i":459},"geometry":{"type":"Polygon","coordinates":[[[-1.58056,47.27223],[-1.58251,47.27115],[-1.58206,47.26934],[-1.57965,47.26862],[-1.5777,47.26971],[-1.57816,47.27151],[-1.58056,47.27223]]]}},{"type":"Feature","properties":{"i":460},"geometry":{"type":"Polygon","coordinates":[[[-1.60482,47.20948],[-1.60677,47.20839],[-1.60631,47.20659],[-1.60392,47.20587],[-1.60197,47.20695],[-1.60242,47.20876],[-1.60482,47.20948]]]}},{"type":"Feature","properties":{"i":461},"geometry":{"type":"Polygon","coordinates":[[[-1.53346,47.23476],[-1.53541,47.23368],[-1.53496,47.23187],[-1.53256,47.23115],[-1.53061,47.23223],[-1.53106,47.23404],[-1.53346,47.23476]]]}},{"type":"Feature","properties":{"i":462},"geometry":{"type":"Polygon","coordinates":[[[-1.5468,47.21709],[-1.54875,47.21601],[-1.5483,47.2142],[-1.5459,47.21348],[-1.54396,47.21457],[-1.5444,47.21637],[-1.5468,47.21709]]]}},{"type":"Feature","properties":{"i":463},"geometry":{"type":"Polygon","coordinates":[[[-1.57409,47.22861],[-1.57604,47.22753],[-1.57559,47.22573],[-1.57319,47.22501],[-1.57124,47.22609],[-1.57169,47.22789],[-1.57409,47.22861]]]}},{"type":"Feature","properties":{"i":464},"geometry":{"type":"Polygon","coordinates":[[[-1.59733,47.22391],[-1.59928,47.22282],[-1.59883,47.22102],[-1.59643,47.2203],[-1.59448,47.22139],[-1.59493,47.22319],[-1.59733,47.22391]]]}},{"type":"Feature","properties":{"i":465},"geometry":{"type":"Polygon","coordinates":[[[-1.52596,47.24918],[-1.52791,47.24809],[-1.52746,47.24629],[-1.52506,47.24557],[-1.52311,47.24665],[-1.52356,47.24846],[-1.52596,47.24918]]]}},{"type":"Feature","properties":{"i":466},"geometry":{"type":"Polygon","coordinates":[[[-1.51591,47.24449],[-1.51786,47.24341],[-1.51742,47.24161],[-1.51502,47.24089],[-1.51307,47.24197],[-1.51352,47.24377],[-1.51591,47.24449]]]}},{"type":"Feature","properties":{"i":467},"geometry":{"type":"Polygon","coordinates":[[[-1.50572,47.2481],[-1.50767,47.24701],[-1.50722,47.24521],[-1.50482,47.24449],[-1.50287,47.24557],[-1.50332,47.24737],[-1.50572,47.2481]]]}},{"type":"Feature","properties":{"i":468},"geometry":{"type":"Polygon","coordinates":[[[-1.54426,47.19798],[-1.54621,47.1969],[-1.54576,47.1951],[-1.54336,47.19438],[-1.54141,47.19546],[-1.54186,47.19726],[-1.54426,47.19798]]]}},{"type":"Feature","properties":{"i":469},"geometry":{"type":"Polygon","coordinates":[[[-1.50825,47.2672],[-1.5102,47.26611],[-1.50975,47.26431],[-1.50736,47.26359],[-1.50541,47.26467],[-1.50585,47.26647],[-1.50825,47.2672]]]}},{"type":"Feature","properties":{"i":470},"geometry":{"type":"Polygon","coordinates":[[[-1.53661,47.2207],[-1.53856,47.21962],[-1.53811,47.21781],[-1.53571,47.21709],[-1.53376,47.21818],[-1.53421,47.21998],[-1.53661,47.2207]]]}},{"type":"Feature","properties":{"i":471},"geometry":{"type":"Polygon","coordinates":[[[-1.56915,47.26214],[-1.5711,47.26106],[-1.57065,47.25926],[-1.56825,47.25854],[-1.5663,47.25962],[-1.56675,47.26142],[-1.56915,47.26214]]]}},{"type":"Feature","properties":{"i":472},"geometry":{"type":"Polygon","coordinates":[[[-1.58714,47.22752],[-1.58908,47.22644],[-1.58863,47.22464],[-1.58623,47.22392],[-1.58428,47.225],[-1.58474,47.2268],[-1.58714,47.22752]]]}},{"type":"Feature","properties":{"i":473},"geometry":{"type":"Polygon","coordinates":[[[-1.63404,47.19321],[-1.63599,47.19213],[-1.63554,47.19033],[-1.63314,47.18961],[-1.63119,47.19069],[-1.63164,47.1925],[-1.63404,47.19321]]]}},{"type":"Feature","properties":{"i":474},"geometry":{"type":"Polygon","coordinates":[[[-1.58322,47.203],[-1.58517,47.20192],[-1.58472,47.20012],[-1.58232,47.1994],[-1.58038,47.20048],[-1.58083,47.20229],[-1.58322,47.203]]]}},{"type":"Feature","properties":{"i":475},"geometry":{"type":"Polygon","coordinates":[[[-1.51203,47.21998],[-1.51398,47.2189],[-1.51353,47.2171],[-1.51114,47.21638],[-1.50919,47.21746],[-1.50964,47.21926],[-1.51203,47.21998]]]}},{"type":"Feature","properties":{"i":476},"geometry":{"type":"Polygon","coordinates":[[[-1.54561,47.20339],[-1.54755,47.20231],[-1.5471,47.2005],[-1.54471,47.19978],[-1.54276,47.20087],[-1.54321,47.20267],[-1.54561,47.20339]]]}},{"type":"Feature","properties":{"i":477},"geometry":{"type":"Polygon","coordinates":[[[-1.52684,47.27945],[-1.52879,47.27837],[-1.52835,47.27657],[-1.52595,47.27584],[-1.524,47.27693],[-1.52444,47.27873],[-1.52684,47.27945]]]}},{"type":"Feature","properties":{"i":478},"geometry":{"type":"Polygon","coordinates":[[[-1.51499,47.29422],[-1.51694,47.29314],[-1.51649,47.29134],[-1.51409,47.29062],[-1.51214,47.2917],[-1.51259,47.2935],[-1.51499,47.29422]]]}},{"type":"Feature","properties":{"i":479},"geometry":{"type":"Polygon","coordinates":[[[-1.52792,47.22142],[-1.52987,47.22034],[-1.52942,47.21854],[-1.52702,47.21782],[-1.52507,47.2189],[-1.52552,47.2207],[-1.52792,47.22142]]]}},{"type":"Feature","properties":{"i":480},"geometry":{"type":"Polygon","coordinates":[[[-1.5552,47.23295],[-1.55715,47.23187],[-1.5567,47.23006],[-1.5543,47.22934],[-1.55235,47.23043],[-1.5528,47.23223],[-1.5552,47.23295]]]}},{"type":"Feature","properties":{"i":481},"geometry":{"type":"Polygon","coordinates":[[[-1.59342,47.19939],[-1.59536,47.19831],[-1.59491,47.1965],[-1.59251,47.19578],[-1.59057,47.19687],[-1.59102,47.19867],[-1.59342,47.19939]]]}},{"type":"Feature","properties":{"i":482},"geometry":{"type":"Polygon","coordinates":[[[-1.55984,47.216],[-1.56179,47.21492],[-1.56134,47.21312],[-1.55894,47.2124],[-1.557,47.21348],[-1.55745,47.21528],[-1.55984,47.216]]]}},{"type":"Feature","properties":{"i":483},"geometry":{"type":"Polygon","coordinates":[[[-1.54755,47.25566],[-1.5495,47.25458],[-1.54905,47.25278],[-1.54665,47.25206],[-1.5447,47.25314],[-1.54515,47.25494],[-1.54755,47.25566]]]}},{"type":"Feature","properties":{"i":484},"geometry":{"type":"Polygon","coordinates":[[[-1.57574,47.21743],[-1.57768,47.21635],[-1.57723,47.21455],[-1.57483,47.21383],[-1.57289,47.21491],[-1.57334,47.21671],[-1.57574,47.21743]]]}},{"type":"Feature","properties":{"i":485},"geometry":{"type":"Polygon","coordinates":[[[-1.52776,47.22971],[-1.52971,47.22863],[-1.52926,47.22683],[-1.52687,47.22611],[-1.52492,47.22719],[-1.52537,47.22899],[-1.52776,47.22971]]]}},{"type":"Feature","properties":{"i":486},"geometry":{"type":"Polygon","coordinates":[[[-1.51007,47.24774],[-1.51202,47.24665],[-1.51157,47.24485],[-1.50917,47.24413],[-1.50722,47.24521],[-1.50767,47.24701],[-1.51007,47.24774]]]}},{"type":"Feature","properties":{"i":487},"geometry":{"type":"Polygon","coordinates":[[[-1.55864,47.2023],[-1.56059,47.20122],[-1.56014,47.19941],[-1.55774,47.1987],[-1.5558,47.19978],[-1.55625,47.20158],[-1.55864,47.2023]]]}},{"type":"Feature","properties":{"i":488},"geometry":{"type":"Polygon","coordinates":[[[-1.51338,47.22539],[-1.51533,47.22431],[-1.51488,47.2225],[-1.51248,47.22178],[-1.51053,47.22287],[-1.51098,47.22467],[-1.51338,47.22539]]]}},{"type":"Feature","properties":{"i":489},"geometry":{"type":"Polygon","coordinates":[[[-1.57094,47.24267],[-1.57289,47.24159],[-1.57244,47.23979],[-1.57004,47.23907],[-1.56809,47.24015],[-1.56854,47.24195],[-1.57094,47.24267]]]}},{"type":"Feature","properties":{"i":490},"geometry":{"type":"Polygon","coordinates":[[[-1.60917,47.20911],[-1.61111,47.20803],[-1.61066,47.20623],[-1.60826,47.20551],[-1.60631,47.20659],[-1.60677,47.20839],[-1.60917,47.20911]]]}},{"type":"Feature","properties":{"i":491},"geometry":{"type":"Polygon","coordinates":[[[-1.53781,47.2344],[-1.53976,47.23331],[-1.53931,47.23151],[-1.53691,47.23079],[-1.53496,47.23187],[-1.53541,47.23368],[-1.53781,47.2344]]]}},{"type":"Feature","properties":{"i":492},"geometry":{"type":"Polygon","coordinates":[[[-1.60182,47.21525],[-1.60377,47.21417],[-1.60332,47.21236],[-1.60092,47.21164],[-1.59897,47.21273],[-1.59942,47.21453],[-1.60182,47.21525]]]}},{"type":"Feature","properties":{"i":493},"geometry":{"type":"Polygon","coordinates":[[[-1.53315,47.25134],[-1.5351,47.25026],[-1.53465,47.24845],[-1.53225,47.24773],[-1.53031,47.24882],[-1.53075,47.25062],[-1.53315,47.25134]]]}},{"type":"Feature","properties":{"i":494},"geometry":{"type":"Polygon","coordinates":[[[-1.55115,47.21673],[-1.5531,47.21564],[-1.55265,47.21384],[-1.55025,47.21312],[-1.5483,47.2142],[-1.54875,47.21601],[-1.55115,47.21673]]]}},{"type":"Feature","properties":{"i":495},"geometry":{"type":"Polygon","coordinates":[[[-1.49268,47.24917],[-1.49463,47.24809],[-1.49418,47.24629],[-1.49178,47.24557],[-1.48983,47.24665],[-1.49028,47.24845],[-1.49268,47.24917]]]}},{"type":"Feature","properties":{"i":496},"geometry":{"type":"Polygon","coordinates":[[[-1.57844,47.22825],[-1.58039,47.22717],[-1.57994,47.22536],[-1.57754,47.22464],[-1.57559,47.22573],[-1.57604,47.22753],[-1.57844,47.22825]]]}},{"type":"Feature","properties":{"i":497},"geometry":{"type":"Polygon","coordinates":[[[-1.5633,47.26539],[-1.56525,47.26431],[-1.5648,47.2625],[-1.5624,47.26178],[-1.56045,47.26286],[-1.5609,47.26467],[-1.5633,47.26539]]]}},{"type":"Feature","properties":{"i":498},"geometry":{"type":"Polygon","coordinates":[[[-1.59148,47.22716],[-1.59343,47.22607],[-1.59298,47.22427],[-1.59058,47.22355],[-1.58863,47.22464],[-1.58908,47.22644],[-1.59148,47.22716]]]}},{"type":"Feature","properties":{"i":499},"geometry":{"type":"Polygon","coordinates":[[[-1.52011,47.25242],[-1.52206,47.25134],[-1.52161,47.24954],[-1.51921,47.24882],[-1.51726,47.2499],[-1.51771,47.2517],[-1.52011,47.25242]]]}},{"type":"Feature","properties":{"i":500},"geometry":{"type":"Polygon","coordinates":[[[-1.56389,47.23222],[-1.56584,47.23114],[-1.56539,47.22934],[-1.56299,47.22862],[-1.56104,47.2297],[-1.56149,47.2315],[-1.56389,47.23222]]]}},{"type":"Feature","properties":{"i":501},"geometry":{"type":"Polygon","coordinates":[[[-1.5126,47.26684],[-1.51455,47.26575],[-1.5141,47.26395],[-1.5117,47.26323],[-1.50975,47.26431],[-1.5102,47.26611],[-1.5126,47.26684]]]}},{"type":"Feature","properties":{"i":502},"geometry":{"type":"Polygon","coordinates":[[[-1.54096,47.22034],[-1.54291,47.21925],[-1.54246,47.21745],[-1.54006,47.21673],[-1.53811,47.21781],[-1.53856,47.21962],[-1.54096,47.22034]]]}},{"type":"Feature","properties":{"i":503},"geometry":{"type":"Polygon","coordinates":[[[-1.5735,47.26178],[-1.57545,47.2607],[-1.575,47.25889],[-1.5726,47.25817],[-1.57065,47.25926],[-1.5711,47.26106],[-1.5735,47.26178]]]}},{"type":"Feature","properties":{"i":504},"geometry":{"type":"Polygon","coordinates":[[[-1.56959,47.23727],[-1.57154,47.23618],[-1.57109,47.23438],[-1.56869,47.23366],[-1.56674,47.23474],[-1.56719,47.23655],[-1.56959,47.23727]]]}},{"type":"Feature","properties":{"i":505},"geometry":{"type":"Polygon","coordinates":[[[-1.58757,47.20264],[-1.58952,47.20156],[-1.58907,47.19975],[-1.58667,47.19903],[-1.58472,47.20012],[-1.58517,47.20192],[-1.58757,47.20264]]]}},{"type":"Feature","properties":{"i":506},"geometry":{"type":"Polygon","coordinates":[[[-1.50619,47.22323],[-1.50813,47.22215],[-1.50769,47.22034],[-1.50529,47.21962],[-1.50334,47.2207],[-1.50379,47.22251],[-1.50619,47.22323]]]}},{"type":"Feature","properties":{"i":507},"geometry":{"type":"Polygon","coordinates":[[[-1.53976,47.20664],[-1.54171,47.20555],[-1.54126,47.20375],[-1.53886,47.20303],[-1.53691,47.20411],[-1.53736,47.20592],[-1.53976,47.20664]]]}},{"type":"Feature","properties":{"i":508},"geometry":{"type":"Polygon","coordinates":[[[-1.53226,47.22106],[-1.53421,47.21998],[-1.53376,47.21818],[-1.53137,47.21745],[-1.52942,47.21854],[-1.52987,47.22034],[-1.53226,47.22106]]]}},{"type":"Feature","properties":{"i":509},"geometry":{"type":"Polygon","coordinates":[[[-1.55955,47.23259],[-1.56149,47.2315],[-1.56104,47.2297],[-1.55865,47.22898],[-1.5567,47.23006],[-1.55715,47.23187],[-1.55955,47.23259]]]}},{"type":"Feature","properties":{"i":510},"geometry":{"type":"Polygon","coordinates":[[[-1.5528,47.20555],[-1.55475,47.20447],[-1.5543,47.20266],[-1.5519,47.20194],[-1.54995,47.20303],[-1.5504,47.20483],[-1.5528,47.20555]]]}},{"type":"Feature","properties":{"i":511},"geometry":{"type":"Polygon","coordinates":[[[-1.5519,47.2553],[-1.55385,47.25422],[-1.5534,47.25241],[-1.551,47.25169],[-1.54905,47.25278],[-1.5495,47.25458],[-1.5519,47.2553]]]}},{"type":"Feature","properties":{"i":512},"geometry":{"type":"Polygon","coordinates":[[[-1.52192,47.23296],[-1.52387,47.23188],[-1.52342,47.23007],[-1.52102,47.22935],[-1.51907,47.23043],[-1.51952,47.23224],[-1.52192,47.23296]]]}},{"type":"Feature","properties":{"i":513},"geometry":{"type":"Polygon","coordinates":[[[-1.49749,47.22395],[-1.49944,47.22287],[-1.499,47.22106],[-1.4966,47.22034],[-1.49465,47.22142],[-1.4951,47.22323],[-1.49749,47.22395]]]}},{"type":"Feature","properties":{"i":514},"geometry":{"type":"Polygon","coordinates":[[[-1.55085,47.23331],[-1.5528,47.23223],[-1.55235,47.23043],[-1.54995,47.22971],[-1.548,47.23079],[-1.54845,47.23259],[-1.55085,47.23331]]]}},{"type":"Feature","properties":{"i":515},"geometry":{"type":"Polygon","coordinates":[[[-1.52369,47.2935],[-1.52564,47.29242],[-1.52519,47.29062],[-1.52279,47.2899],[-1.52084,47.29098],[-1.52129,47.29278],[-1.52369,47.2935]]]}},{"type":"Feature","properties":{"i":516},"geometry":{"type":"Polygon","coordinates":[[[-1.51441,47.24737],[-1.51636,47.24629],[-1.51591,47.24449],[-1.51352,47.24377],[-1.51157,47.24485],[-1.51202,47.24665],[-1.51441,47.24737]]]}},{"type":"Feature","properties":{"i":517},"geometry":{"type":"Polygon","coordinates":[[[-1.52357,47.22178],[-1.52552,47.2207],[-1.52507,47.2189],[-1.52267,47.21818],[-1.52072,47.21926],[-1.52117,47.22106],[-1.52357,47.22178]]]}},{"type":"Feature","properties":{"i":518},"geometry":{"type":"Polygon","coordinates":[[[-1.56299,47.20194],[-1.56494,47.20085],[-1.56449,47.19905],[-1.56209,47.19833],[-1.56014,47.19941],[-1.56059,47.20122],[-1.56299,47.20194]]]}},{"type":"Feature","properties":{"i":519},"geometry":{"type":"Polygon","coordinates":[[[-1.57529,47.24231],[-1.57724,47.24123],[-1.57679,47.23943],[-1.57439,47.23871],[-1.57244,47.23979],[-1.57289,47.24159],[-1.57529,47.24231]]]}},{"type":"Feature","properties":{"i":520},"geometry":{"type":"Polygon","coordinates":[[[-1.5507,47.2416],[-1.55265,47.24052],[-1.5522,47.23872],[-1.5498,47.238],[-1.54785,47.23908],[-1.5483,47.24088],[-1.5507,47.2416]]]}},{"type":"Feature","properties":{"i":521},"geometry":{"type":"Polygon","coordinates":[[[-1.5453,47.21997],[-1.54725,47.21889],[-1.5468,47.21709],[-1.5444,47.21637],[-1.54246,47.21745],[-1.54291,47.21925],[-1.5453,47.21997]]]}},{"type":"Feature","properties":{"i":522},"geometry":{"type":"Polygon","coordinates":[[[-1.57259,47.2315],[-1.57454,47.23041],[-1.57409,47.22861],[-1.57169,47.22789],[-1.56974,47.22897],[-1.57019,47.23078],[-1.57259,47.2315]]]}},{"type":"Feature","properties":{"i":523},"geometry":{"type":"Polygon","coordinates":[[[-1.52249,47.27981],[-1.52444,47.27873],[-1.524,47.27693],[-1.5216,47.27621],[-1.51965,47.27729],[-1.52009,47.27909],[-1.52249,47.27981]]]}},{"type":"Feature","properties":{"i":524},"geometry":{"type":"Polygon","coordinates":[[[-1.56765,47.26503],[-1.5696,47.26394],[-1.56915,47.26214],[-1.56675,47.26142],[-1.5648,47.2625],[-1.56525,47.26431],[-1.56765,47.26503]]]}},{"type":"Feature","properties":{"i":525},"geometry":{"type":"Polygon","coordinates":[[[-1.53285,47.26792],[-1.5348,47.26684],[-1.53435,47.26503],[-1.53195,47.26431],[-1.53,47.26539],[-1.53045,47.2672],[-1.53285,47.26792]]]}},{"type":"Feature","properties":{"i":526},"geometry":{"type":"Polygon","coordinates":[[[-1.53392,47.20988],[-1.53586,47.2088],[-1.53541,47.207],[-1.53302,47.20628],[-1.53107,47.20736],[-1.53152,47.20916],[-1.53392,47.20988]]]}},{"type":"Feature","properties":{"i":527},"geometry":{"type":"Polygon","coordinates":[[[-1.58834,47.24122],[-1.59029,47.24014],[-1.58984,47.23834],[-1.58744,47.23762],[-1.58549,47.2387],[-1.58594,47.2405],[-1.58834,47.24122]]]}},{"type":"Feature","properties":{"i":528},"geometry":{"type":"Polygon","coordinates":[[[-1.57394,47.2369],[-1.57589,47.23582],[-1.57544,47.23402],[-1.57304,47.2333],[-1.57109,47.23438],[-1.57154,47.23618],[-1.57394,47.2369]]]}},{"type":"Feature","properties":{"i":529},"geometry":{"type":"Polygon","coordinates":[[[-1.58173,47.20589],[-1.58368,47.20481],[-1.58322,47.203],[-1.58083,47.20229],[-1.57888,47.20337],[-1.57933,47.20517],[-1.58173,47.20589]]]}},{"type":"Feature","properties":{"i":530},"geometry":{"type":"Polygon","coordinates":[[[-1.51322,47.23368],[-1.51517,47.2326],[-1.51472,47.2308],[-1.51233,47.23007],[-1.51038,47.23116],[-1.51083,47.23296],[-1.51322,47.23368]]]}},{"type":"Feature","properties":{"i":531},"geometry":{"type":"Polygon","coordinates":[[[-1.5807,47.26394],[-1.58265,47.26286],[-1.5822,47.26105],[-1.5798,47.26033],[-1.57785,47.26142],[-1.5783,47.26322],[-1.5807,47.26394]]]}},{"type":"Feature","properties":{"i":532},"geometry":{"type":"Polygon","coordinates":[[[-1.51053,47.22287],[-1.51248,47.22178],[-1.51203,47.21998],[-1.50964,47.21926],[-1.50769,47.22034],[-1.50813,47.22215],[-1.51053,47.22287]]]}},{"type":"Feature","properties":{"i":533},"geometry":{"type":"Polygon","coordinates":[[[-1.54411,47.20627],[-1.54605,47.20519],[-1.54561,47.20339],[-1.54321,47.20267],[-1.54126,47.20375],[-1.54171,47.20555],[-1.54411,47.20627]]]}},{"type":"Feature","properties":{"i":534},"geometry":{"type":"Polygon","coordinates":[[[-1.50556,47.25638],[-1.50751,47.2553],[-1.50706,47.2535],[-1.50467,47.25278],[-1.50272,47.25386],[-1.50316,47.25566],[-1.50556,47.25638]]]}},{"type":"Feature","properties":{"i":535},"geometry":{"type":"Polygon","coordinates":[[[-1.52534,47.28233],[-1.52729,47.28125],[-1.52684,47.27945],[-1.52444,47.27873],[-1.52249,47.27981],[-1.52294,47.28161],[-1.52534,47.28233]]]}},{"type":"Feature","properties":{"i":536},"geometry":{"type":"Polygon","coordinates":[[[-1.56645,47.25133],[-1.5684,47.25025],[-1.56795,47.24844],[-1.56555,47.24772],[-1.5636,47.24881],[-1.56405,47.25061],[-1.56645,47.25133]]]}},{"type":"Feature","properties":{"i":537},"geometry":{"type":"Polygon","coordinates":[[[-1.52642,47.22431],[-1.52837,47.22322],[-1.52792,47.22142],[-1.52552,47.2207],[-1.52357,47.22178],[-1.52402,47.22358],[-1.52642,47.22431]]]}},{"type":"Feature","properties":{"i":538},"geometry":{"type":"Polygon","coordinates":[[[-1.5537,47.23583],[-1.55565,47.23475],[-1.5552,47.23295],[-1.5528,47.23223],[-1.55085,47.23331],[-1.5513,47.23511],[-1.5537,47.23583]]]}},{"type":"Feature","properties":{"i":539},"geometry":{"type":"Polygon","coordinates":[[[-1.55714,47.20519],[-1.55909,47.2041],[-1.55864,47.2023],[-1.55625,47.20158],[-1.5543,47.20266],[-1.55475,47.20447],[-1.55714,47.20519]]]}},{"type":"Feature","properties":{"i":540},"geometry":{"type":"Polygon","coordinates":[[[-1.57303,47.20662],[-1.57498,47.20553],[-1.57453,47.20373],[-1.57213,47.20301],[-1.57018,47.2041],[-1.57063,47.2059],[-1.57303,47.20662]]]}},{"type":"Feature","properties":{"i":541},"geometry":{"type":"Polygon","coordinates":[[[-1.52626,47.2326],[-1.52821,47.23151],[-1.52776,47.22971],[-1.52537,47.22899],[-1.52342,47.23007],[-1.52387,47.23188],[-1.52626,47.2326]]]}},{"type":"Feature","properties":{"i":542},"geometry":{"type":"Polygon","coordinates":[[[-1.572,47.26466],[-1.57395,47.26358],[-1.5735,47.26178],[-1.5711,47.26106],[-1.56915,47.26214],[-1.5696,47.26394],[-1.572,47.26466]]]}},{"type":"Feature","properties":{"i":543},"geometry":{"type":"Polygon","coordinates":[[[-1.50184,47.22359],[-1.50379,47.22251],[-1.50334,47.2207],[-1.50094,47.21998],[-1.499,47.22106],[-1.49944,47.22287],[-1.50184,47.22359]]]}},{"type":"Feature","properties":{"i":544},"geometry":{"type":"Polygon","coordinates":[[[-1.52804,47.29314],[-1.52999,47.29206],[-1.52954,47.29026],[-1.52714,47.28954],[-1.52519,47.29062],[-1.52564,47.29242],[-1.52804,47.29314]]]}},{"type":"Feature","properties":{"i":545},"geometry":{"type":"Polygon","coordinates":[[[-1.50856,47.25062],[-1.51051,47.24954],[-1.51007,47.24774],[-1.50767,47.24701],[-1.50572,47.2481],[-1.50617,47.2499],[-1.50856,47.25062]]]}},{"type":"Feature","properties":{"i":546},"geometry":{"type":"Polygon","coordinates":[[[-1.56945,47.24556],[-1.5714,47.24448],[-1.57094,47.24267],[-1.56854,47.24195],[-1.5666,47.24304],[-1.56705,47.24484],[-1.56945,47.24556]]]}},{"type":"Feature","properties":{"i":547},"geometry":{"type":"Polygon","coordinates":[[[-1.55505,47.24124],[-1.557,47.24016],[-1.55655,47.23835],[-1.55415,47.23763],[-1.5522,47.23872],[-1.55265,47.24052],[-1.55505,47.24124]]]}},{"type":"Feature","properties":{"i":548},"geometry":{"type":"Polygon","coordinates":[[[-1.49434,47.238],[-1.49628,47.23692],[-1.49584,47.23512],[-1.49344,47.2344],[-1.49149,47.23548],[-1.49194,47.23728],[-1.49434,47.238]]]}},{"type":"Feature","properties":{"i":549},"geometry":{"type":"Polygon","coordinates":[[[-1.5618,47.26827],[-1.56375,47.26719],[-1.5633,47.26539],[-1.5609,47.26467],[-1.55895,47.26575],[-1.5594,47.26755],[-1.5618,47.26827]]]}},{"type":"Feature","properties":{"i":550},"geometry":{"type":"Polygon","coordinates":[[[-1.53735,47.25927],[-1.5393,47.25818],[-1.53885,47.25638],[-1.53645,47.25566],[-1.5345,47.25674],[-1.53495,47.25855],[-1.53735,47.25927]]]}},{"type":"Feature","properties":{"i":551},"geometry":{"type":"Polygon","coordinates":[[[-1.52134,47.18609],[-1.52329,47.18501],[-1.52284,47.18321],[-1.52044,47.18249],[-1.5185,47.18357],[-1.51894,47.18537],[-1.52134,47.18609]]]}},{"type":"Feature","properties":{"i":552},"geometry":{"type":"Polygon","coordinates":[[[-1.5372,47.26756],[-1.53915,47.26647],[-1.5387,47.26467],[-1.5363,47.26395],[-1.53435,47.26503],[-1.5348,47.26684],[-1.5372,47.26756]]]}},{"type":"Feature","properties":{"i":553},"geometry":{"type":"Polygon","coordinates":[[[-1.53826,47.20952],[-1.54021,47.20844],[-1.53976,47.20664],[-1.53736,47.20592],[-1.53541,47.207],[-1.53586,47.2088],[-1.53826,47.20952]]]}},{"type":"Feature","properties":{"i":554},"geometry":{"type":"Polygon","coordinates":[[[-1.56809,47.24015],[-1.57004,47.23907],[-1.56959,47.23727],[-1.56719,47.23655],[-1.56524,47.23763],[-1.56569,47.23943],[-1.56809,47.24015]]]}},{"type":"Feature","properties":{"i":555},"geometry":{"type":"Polygon","coordinates":[[[-1.58607,47.20553],[-1.58802,47.20444],[-1.58757,47.20264],[-1.58517,47.20192],[-1.58322,47.203],[-1.58368,47.20481],[-1.58607,47.20553]]]}},{"type":"Feature","properties":{"i":556},"geometry":{"type":"Polygon","coordinates":[[[-1.51757,47.23332],[-1.51952,47.23224],[-1.51907,47.23043],[-1.51667,47.22971],[-1.51472,47.2308],[-1.51517,47.2326],[-1.51757,47.23332]]]}},{"type":"Feature","properties":{"i":557},"geometry":{"type":"Polygon","coordinates":[[[-1.50991,47.25602],[-1.51186,47.25494],[-1.51141,47.25314],[-1.50901,47.25242],[-1.50706,47.2535],[-1.50751,47.2553],[-1.50991,47.25602]]]}},{"type":"Feature","properties":{"i":558},"geometry":{"type":"Polygon","coordinates":[[[-1.5708,47.25097],[-1.57275,47.24988],[-1.5723,47.24808],[-1.5699,47.24736],[-1.56795,47.24844],[-1.5684,47.25025],[-1.5708,47.25097]]]}},{"type":"Feature","properties":{"i":559},"geometry":{"type":"Polygon","coordinates":[[[-1.5513,47.20843],[-1.55325,47.20735],[-1.5528,47.20555],[-1.5504,47.20483],[-1.54845,47.20591],[-1.5489,47.20771],[-1.5513,47.20843]]]}},{"type":"Feature","properties":{"i":560},"geometry":{"type":"Polygon","coordinates":[[[-1.5504,47.25818],[-1.55235,47.2571],[-1.5519,47.2553],[-1.5495,47.25458],[-1.54755,47.25566],[-1.548,47.25746],[-1.5504,47.25818]]]}},{"type":"Feature","properties":{"i":561},"geometry":{"type":"Polygon","coordinates":[[[-1.49015,47.23007],[-1.4921,47.22899],[-1.49165,47.22719],[-1.48925,47.22647],[-1.4873,47.22755],[-1.48775,47.22935],[-1.49015,47.23007]]]}},{"type":"Feature","properties":{"i":562},"geometry":{"type":"Polygon","coordinates":[[[-1.57738,47.20625],[-1.57933,47.20517],[-1.57888,47.20337],[-1.57648,47.20265],[-1.57453,47.20373],[-1.57498,47.20553],[-1.57738,47.20625]]]}},{"type":"Feature","properties":{"i":563},"geometry":{"type":"Polygon","coordinates":[[[-1.50872,47.24233],[-1.51067,47.24125],[-1.51022,47.23945],[-1.50782,47.23872],[-1.50587,47.23981],[-1.50632,47.24161],[-1.50872,47.24233]]]}},{"type":"Feature","properties":{"i":564},"geometry":{"type":"Polygon","coordinates":[[[-1.57635,47.2643],[-1.5783,47.26322],[-1.57785,47.26142],[-1.57545,47.2607],[-1.5735,47.26178],[-1.57395,47.26358],[-1.57635,47.2643]]]}},{"type":"Feature","properties":{"i":565},"geometry":{"type":"Polygon","coordinates":[[[-1.49599,47.22683],[-1.49794,47.22575],[-1.49749,47.22395],[-1.4951,47.22323],[-1.49315,47.22431],[-1.4936,47.22611],[-1.49599,47.22683]]]}},{"type":"Feature","properties":{"i":566},"geometry":{"type":"Polygon","coordinates":[[[-1.53707,47.19582],[-1.53901,47.19474],[-1.53856,47.19294],[-1.53617,47.19222],[-1.53422,47.1933],[-1.53467,47.1951],[-1.53707,47.19582]]]}},{"type":"Feature","properties":{"i":567},"geometry":{"type":"Polygon","coordinates":[[[-1.52219,47.29638],[-1.52414,47.2953],[-1.52369,47.2935],[-1.52129,47.29278],[-1.51934,47.29386],[-1.51979,47.29566],[-1.52219,47.29638]]]}},{"type":"Feature","properties":{"i":568},"geometry":{"type":"Polygon","coordinates":[[[-1.5492,47.24449],[-1.55115,47.2434],[-1.5507,47.2416],[-1.5483,47.24088],[-1.54635,47.24196],[-1.5468,47.24377],[-1.5492,47.24449]]]}},{"type":"Feature","properties":{"i":569},"geometry":{"type":"Polygon","coordinates":[[[-1.54261,47.20916],[-1.54456,47.20808],[-1.54411,47.20627],[-1.54171,47.20555],[-1.53976,47.20664],[-1.54021,47.20844],[-1.54261,47.20916]]]}},{"type":"Feature","properties":{"i":570},"geometry":{"type":"Polygon","coordinates":[[[-1.56989,47.22068],[-1.57184,47.2196],[-1.57139,47.2178],[-1.56899,47.21708],[-1.56704,47.21816],[-1.56749,47.21996],[-1.56989,47.22068]]]}},{"type":"Feature","properties":{"i":571},"geometry":{"type":"Polygon","coordinates":[[[-1.49868,47.23764],[-1.50063,47.23656],[-1.50018,47.23476],[-1.49779,47.23404],[-1.49584,47.23512],[-1.49628,47.23692],[-1.49868,47.23764]]]}},{"type":"Feature","properties":{"i":572},"geometry":{"type":"Polygon","coordinates":[[[-1.56615,47.26791],[-1.5681,47.26683],[-1.56765,47.26503],[-1.56525,47.26431],[-1.5633,47.26539],[-1.56375,47.26719],[-1.56615,47.26791]]]}},{"type":"Feature","properties":{"i":573},"geometry":{"type":"Polygon","coordinates":[[[-1.52568,47.18573],[-1.52763,47.18465],[-1.52718,47.18284],[-1.52479,47.18212],[-1.52284,47.18321],[-1.52329,47.18501],[-1.52568,47.18573]]]}},{"type":"Feature","properties":{"i":574},"geometry":{"type":"Polygon","coordinates":[[[-1.53135,47.2708],[-1.5333,47.26972],[-1.53285,47.26792],[-1.53045,47.2672],[-1.5285,47.26828],[-1.52895,47.27008],[-1.53135,47.2708]]]}},{"type":"Feature","properties":{"i":575},"geometry":{"type":"Polygon","coordinates":[[[-1.53242,47.21277],[-1.53436,47.21169],[-1.53392,47.20988],[-1.53152,47.20916],[-1.52957,47.21025],[-1.53002,47.21205],[-1.53242,47.21277]]]}},{"type":"Feature","properties":{"i":576},"geometry":{"type":"Polygon","coordinates":[[[-1.6066,47.19],[-1.60855,47.18892],[-1.6081,47.18711],[-1.6057,47.18639],[-1.60375,47.18748],[-1.6042,47.18928],[-1.6066,47.19]]]}},{"type":"Feature","properties":{"i":577},"geometry":{"type":"Polygon","coordinates":[[[-1.57244,47.23979],[-1.57439,47.23871],[-1.57394,47.2369],[-1.57154,47.23618],[-1.56959,47.23727],[-1.57004,47.23907],[-1.57244,47.23979]]]}},{"type":"Feature","properties":{"i":578},"geometry":{"type":"Polygon","coordinates":[[[-1.48983,47.24665],[-1.49178,47.24557],[-1.49133,47.24377],[-1.48893,47.24305],[-1.48699,47.24413],[-1.48743,47.24593],[-1.48983,47.24665]]]}},{"type":"Feature","properties":{"i":579},"geometry":{"type":"Polygon","coordinates":[[[-1.59897,47.21273],[-1.60092,47.21164],[-1.60047,47.20984],[-1.59807,47.20912],[-1.59612,47.21021],[-1.59657,47.21201],[-1.59897,47.21273]]]}},{"type":"Feature","properties":{"i":580},"geometry":{"type":"Polygon","coordinates":[[[-1.55475,47.25782],[-1.5567,47.25674],[-1.55625,47.25494],[-1.55385,47.25422],[-1.5519,47.2553],[-1.55235,47.2571],[-1.55475,47.25782]]]}},{"type":"Feature","properties":{"i":581},"geometry":{"type":"Polygon","coordinates":[[[-1.51172,47.23656],[-1.51367,47.23548],[-1.51322,47.23368],[-1.51083,47.23296],[-1.50888,47.23404],[-1.50932,47.23584],[-1.51172,47.23656]]]}},{"type":"Feature","properties":{"i":582},"geometry":{"type":"Polygon","coordinates":[[[-1.50406,47.25927],[-1.50601,47.25819],[-1.50556,47.25638],[-1.50316,47.25566],[-1.50121,47.25674],[-1.50166,47.25855],[-1.50406,47.25927]]]}},{"type":"Feature","properties":{"i":583},"geometry":{"type":"Polygon","coordinates":[[[-1.52222,47.21638],[-1.52417,47.21529],[-1.52372,47.21349],[-1.52133,47.21277],[-1.51938,47.21385],[-1.51983,47.21566],[-1.52222,47.21638]]]}},{"type":"Feature","properties":{"i":584},"geometry":{"type":"Polygon","coordinates":[[[-1.56495,47.25421],[-1.5669,47.25313],[-1.56645,47.25133],[-1.56405,47.25061],[-1.5621,47.25169],[-1.56255,47.25349],[-1.56495,47.25421]]]}},{"type":"Feature","properties":{"i":585},"geometry":{"type":"Polygon","coordinates":[[[-1.551,47.22502],[-1.55295,47.22394],[-1.5525,47.22213],[-1.5501,47.22141],[-1.54815,47.2225],[-1.5486,47.2243],[-1.551,47.22502]]]}},{"type":"Feature","properties":{"i":586},"geometry":{"type":"Polygon","coordinates":[[[-1.55565,47.20807],[-1.55759,47.20699],[-1.55714,47.20519],[-1.55475,47.20447],[-1.5528,47.20555],[-1.55325,47.20735],[-1.55565,47.20807]]]}},{"type":"Feature","properties":{"i":587},"geometry":{"type":"Polygon","coordinates":[[[-1.54335,47.24773],[-1.5453,47.24665],[-1.54485,47.24485],[-1.54245,47.24413],[-1.5405,47.24521],[-1.54095,47.24701],[-1.54335,47.24773]]]}},{"type":"Feature","properties":{"i":588},"geometry":{"type":"Polygon","coordinates":[[[-1.57153,47.2095],[-1.57348,47.20842],[-1.57303,47.20662],[-1.57063,47.2059],[-1.56869,47.20698],[-1.56914,47.20878],[-1.57153,47.2095]]]}},{"type":"Feature","properties":{"i":589},"geometry":{"type":"Polygon","coordinates":[[[-1.52115,47.2744],[-1.5231,47.27332],[-1.52265,47.27152],[-1.52025,47.2708],[-1.5183,47.27188],[-1.51875,47.27368],[-1.52115,47.2744]]]}},{"type":"Feature","properties":{"i":590},"geometry":{"type":"Polygon","coordinates":[[[-1.57168,47.20121],[-1.57363,47.20013],[-1.57318,47.19832],[-1.57078,47.1976],[-1.56883,47.19869],[-1.56928,47.20049],[-1.57168,47.20121]]]}},{"type":"Feature","properties":{"i":591},"geometry":{"type":"Polygon","coordinates":[[[-1.51307,47.24197],[-1.51502,47.24089],[-1.51457,47.23909],[-1.51217,47.23836],[-1.51022,47.23945],[-1.51067,47.24125],[-1.51307,47.24197]]]}},{"type":"Feature","properties":{"i":592},"geometry":{"type":"Polygon","coordinates":[[[-1.5705,47.26755],[-1.57245,47.26646],[-1.572,47.26466],[-1.5696,47.26394],[-1.56765,47.26503],[-1.5681,47.26683],[-1.5705,47.26755]]]}},{"type":"Feature","properties":{"i":593},"geometry":{"type":"Polygon","coordinates":[[[-1.54141,47.19546],[-1.54336,47.19438],[-1.54291,47.19257],[-1.54051,47.19185],[-1.53856,47.19294],[-1.53901,47.19474],[-1.54141,47.19546]]]}},{"type":"Feature","properties":{"i":594},"geometry":{"type":"Polygon","coordinates":[[[-1.49536,47.25999],[-1.49731,47.25891],[-1.49687,47.2571],[-1.49447,47.25638],[-1.49252,47.25746],[-1.49297,47.25926],[-1.49536,47.25999]]]}},{"type":"Feature","properties":{"i":595},"geometry":{"type":"Polygon","coordinates":[[[-1.52265,47.27152],[-1.5246,47.27044],[-1.52415,47.26864],[-1.52175,47.26792],[-1.5198,47.269],[-1.52025,47.2708],[-1.52265,47.27152]]]}},{"type":"Feature","properties":{"i":596},"geometry":{"type":"Polygon","coordinates":[[[-1.52372,47.21349],[-1.52567,47.21241],[-1.52522,47.21061],[-1.52283,47.20989],[-1.52088,47.21097],[-1.52133,47.21277],[-1.52372,47.21349]]]}},{"type":"Feature","properties":{"i":597},"geometry":{"type":"Polygon","coordinates":[[[-1.55625,47.25494],[-1.5582,47.25385],[-1.55775,47.25205],[-1.55535,47.25133],[-1.5534,47.25241],[-1.55385,47.25422],[-1.55625,47.25494]]]}},{"type":"Feature","properties":{"i":598},"geometry":{"type":"Polygon","coordinates":[[[-1.55355,47.24412],[-1.5555,47.24304],[-1.55505,47.24124],[-1.55265,47.24052],[-1.5507,47.2416],[-1.55115,47.2434],[-1.55355,47.24412]]]}},{"type":"Feature","properties":{"i":599},"geometry":{"type":"Polygon","coordinates":[[[-1.54695,47.2088],[-1.5489,47.20771],[-1.54845,47.20591],[-1.54605,47.20519],[-1.54411,47.20627],[-1.54456,47.20808],[-1.54695,47.2088]]]}},{"type":"Feature","properties":{"i":600},"geometry":{"type":"Polygon","coordinates":[[[-1.57424,47.22032],[-1.57619,47.21924],[-1.57574,47.21743],[-1.57334,47.21671],[-1.57139,47.2178],[-1.57184,47.2196],[-1.57424,47.22032]]]}},{"type":"Feature","properties":{"i":601},"geometry":{"type":"Polygon","coordinates":[[[-1.621,47.19431],[-1.62294,47.19323],[-1.62249,47.19142],[-1.62009,47.19071],[-1.61815,47.19179],[-1.6186,47.19359],[-1.621,47.19431]]]}},{"type":"Feature","properties":{"i":602},"geometry":{"type":"Polygon","coordinates":[[[-1.49283,47.24089],[-1.49478,47.23981],[-1.49434,47.238],[-1.49194,47.23728],[-1.48999,47.23836],[-1.49044,47.24016],[-1.49283,47.24089]]]}},{"type":"Feature","properties":{"i":603},"geometry":{"type":"Polygon","coordinates":[[[-1.52384,47.28521],[-1.52579,47.28413],[-1.52534,47.28233],[-1.52294,47.28161],[-1.52099,47.28269],[-1.52144,47.28449],[-1.52384,47.28521]]]}},{"type":"Feature","properties":{"i":604},"geometry":{"type":"Polygon","coordinates":[[[-1.53991,47.19834],[-1.54186,47.19726],[-1.54141,47.19546],[-1.53901,47.19474],[-1.53707,47.19582],[-1.53751,47.19762],[-1.53991,47.19834]]]}},{"type":"Feature","properties":{"i":605},"geometry":{"type":"Polygon","coordinates":[[[-1.53585,47.26215],[-1.5378,47.26107],[-1.53735,47.25927],[-1.53495,47.25855],[-1.533,47.25963],[-1.53345,47.26143],[-1.53585,47.26215]]]}},{"type":"Feature","properties":{"i":606},"geometry":{"type":"Polygon","coordinates":[[[-1.51984,47.18898],[-1.52179,47.18789],[-1.52134,47.18609],[-1.51894,47.18537],[-1.517,47.18645],[-1.51744,47.18826],[-1.51984,47.18898]]]}},{"type":"Feature","properties":{"i":607},"geometry":{"type":"Polygon","coordinates":[[[-1.5357,47.27044],[-1.53765,47.26936],[-1.5372,47.26756],[-1.5348,47.26684],[-1.53285,47.26792],[-1.5333,47.26972],[-1.5357,47.27044]]]}},{"type":"Feature","properties":{"i":608},"geometry":{"type":"Polygon","coordinates":[[[-1.53676,47.21241],[-1.53871,47.21132],[-1.53826,47.20952],[-1.53586,47.2088],[-1.53392,47.20988],[-1.53436,47.21169],[-1.53676,47.21241]]]}},{"type":"Feature","properties":{"i":609},"geometry":{"type":"Polygon","coordinates":[[[-1.61095,47.18963],[-1.6129,47.18855],[-1.61244,47.18675],[-1.61005,47.18603],[-1.6081,47.18711],[-1.60855,47.18892],[-1.61095,47.18963]]]}},{"type":"Feature","properties":{"i":610},"geometry":{"type":"Polygon","coordinates":[[[-1.56539,47.22934],[-1.56734,47.22826],[-1.56689,47.22645],[-1.56449,47.22573],[-1.56254,47.22682],[-1.56299,47.22862],[-1.56539,47.22934]]]}},{"type":"Feature","properties":{"i":611},"geometry":{"type":"Polygon","coordinates":[[[-1.58776,47.27439],[-1.58971,47.27331],[-1.58926,47.2715],[-1.58686,47.27078],[-1.58491,47.27187],[-1.58536,47.27367],[-1.58776,47.27439]]]}},{"type":"Feature","properties":{"i":612},"geometry":{"type":"Polygon","coordinates":[[[-1.49418,47.24629],[-1.49613,47.24521],[-1.49568,47.24341],[-1.49328,47.24269],[-1.49133,47.24377],[-1.49178,47.24557],[-1.49418,47.24629]]]}},{"type":"Feature","properties":{"i":613},"geometry":{"type":"Polygon","coordinates":[[[-1.51157,47.24485],[-1.51352,47.24377],[-1.51307,47.24197],[-1.51067,47.24125],[-1.50872,47.24233],[-1.50917,47.24413],[-1.51157,47.24485]]]}},{"type":"Feature","properties":{"i":614},"geometry":{"type":"Polygon","coordinates":[[[-1.60332,47.21236],[-1.60527,47.21128],[-1.60482,47.20948],[-1.60242,47.20876],[-1.60047,47.20984],[-1.60092,47.21164],[-1.60332,47.21236]]]}},{"type":"Feature","properties":{"i":615},"geometry":{"type":"Polygon","coordinates":[[[-1.50841,47.25891],[-1.51036,47.25783],[-1.50991,47.25602],[-1.50751,47.2553],[-1.50556,47.25638],[-1.50601,47.25819],[-1.50841,47.25891]]]}},{"type":"Feature","properties":{"i":616},"geometry":{"type":"Polygon","coordinates":[[[-1.5693,47.25385],[-1.57125,47.25277],[-1.5708,47.25097],[-1.5684,47.25025],[-1.56645,47.25133],[-1.5669,47.25313],[-1.5693,47.25385]]]}},{"type":"Feature","properties":{"i":617},"geometry":{"type":"Polygon","coordinates":[[[-1.58878,47.21634],[-1.59073,47.21526],[-1.59028,47.21346],[-1.58788,47.21274],[-1.58593,47.21382],[-1.58638,47.21562],[-1.58878,47.21634]]]}},{"type":"Feature","properties":{"i":618},"geometry":{"type":"Polygon","coordinates":[[[-1.54185,47.25062],[-1.5438,47.24953],[-1.54335,47.24773],[-1.54095,47.24701],[-1.539,47.24809],[-1.53945,47.24989],[-1.54185,47.25062]]]}},{"type":"Feature","properties":{"i":619},"geometry":{"type":"Polygon","coordinates":[[[-1.55535,47.22466],[-1.5573,47.22357],[-1.55685,47.22177],[-1.55445,47.22105],[-1.5525,47.22213],[-1.55295,47.22394],[-1.55535,47.22466]]]}},{"type":"Feature","properties":{"i":620},"geometry":{"type":"Polygon","coordinates":[[[-1.60211,47.19866],[-1.60406,47.19758],[-1.60361,47.19577],[-1.60121,47.19505],[-1.59926,47.19614],[-1.59971,47.19794],[-1.60211,47.19866]]]}},{"type":"Feature","properties":{"i":621},"geometry":{"type":"Polygon","coordinates":[[[-1.56854,47.21527],[-1.57049,47.21419],[-1.57004,47.21239],[-1.56764,47.21167],[-1.56569,47.21275],[-1.56614,47.21456],[-1.56854,47.21527]]]}},{"type":"Feature","properties":{"i":622},"geometry":{"type":"Polygon","coordinates":[[[-1.5477,47.24737],[-1.54965,47.24629],[-1.5492,47.24449],[-1.5468,47.24377],[-1.54485,47.24485],[-1.5453,47.24665],[-1.5477,47.24737]]]}},{"type":"Feature","properties":{"i":623},"geometry":{"type":"Polygon","coordinates":[[[-1.50722,47.24521],[-1.50917,47.24413],[-1.50872,47.24233],[-1.50632,47.24161],[-1.50437,47.24269],[-1.50482,47.24449],[-1.50722,47.24521]]]}},{"type":"Feature","properties":{"i":624},"geometry":{"type":"Polygon","coordinates":[[[-1.53557,47.19871],[-1.53751,47.19762],[-1.53707,47.19582],[-1.53467,47.1951],[-1.53272,47.19618],[-1.53317,47.19799],[-1.53557,47.19871]]]}},{"type":"Feature","properties":{"i":625},"geometry":{"type":"Polygon","coordinates":[[[-1.51949,47.28557],[-1.52144,47.28449],[-1.52099,47.28269],[-1.51859,47.28197],[-1.51664,47.28305],[-1.51709,47.28485],[-1.51949,47.28557]]]}},{"type":"Feature","properties":{"i":626},"geometry":{"type":"Polygon","coordinates":[[[-1.49971,47.25963],[-1.50166,47.25855],[-1.50121,47.25674],[-1.49882,47.25602],[-1.49687,47.2571],[-1.49731,47.25891],[-1.49971,47.25963]]]}},{"type":"Feature","properties":{"i":627},"geometry":{"type":"Polygon","coordinates":[[[-1.527,47.27116],[-1.52895,47.27008],[-1.5285,47.26828],[-1.5261,47.26756],[-1.52415,47.26864],[-1.5246,47.27044],[-1.527,47.27116]]]}},{"type":"Feature","properties":{"i":628},"geometry":{"type":"Polygon","coordinates":[[[-1.52807,47.21313],[-1.53002,47.21205],[-1.52957,47.21025],[-1.52717,47.20952],[-1.52522,47.21061],[-1.52567,47.21241],[-1.52807,47.21313]]]}},{"type":"Feature","properties":{"i":629},"geometry":{"type":"Polygon","coordinates":[[[-1.5606,47.25457],[-1.56255,47.25349],[-1.5621,47.25169],[-1.5597,47.25097],[-1.55775,47.25205],[-1.5582,47.25385],[-1.5606,47.25457]]]}},{"type":"Feature","properties":{"i":630},"geometry":{"type":"Polygon","coordinates":[[[-1.54111,47.21204],[-1.54306,47.21096],[-1.54261,47.20916],[-1.54021,47.20844],[-1.53826,47.20952],[-1.53871,47.21132],[-1.54111,47.21204]]]}},{"type":"Feature","properties":{"i":631},"geometry":{"type":"Polygon","coordinates":[[[-1.56839,47.22357],[-1.57034,47.22248],[-1.56989,47.22068],[-1.56749,47.21996],[-1.56554,47.22105],[-1.56599,47.22285],[-1.56839,47.22357]]]}},{"type":"Feature","properties":{"i":632},"geometry":{"type":"Polygon","coordinates":[[[-1.62534,47.19395],[-1.62729,47.19286],[-1.62684,47.19106],[-1.62444,47.19034],[-1.62249,47.19142],[-1.62294,47.19323],[-1.62534,47.19395]]]}},{"type":"Feature","properties":{"i":633},"geometry":{"type":"Polygon","coordinates":[[[-1.52418,47.18861],[-1.52613,47.18753],[-1.52568,47.18573],[-1.52329,47.18501],[-1.52134,47.18609],[-1.52179,47.18789],[-1.52418,47.18861]]]}},{"type":"Feature","properties":{"i":634},"geometry":{"type":"Polygon","coordinates":[[[-1.51814,47.28017],[-1.52009,47.27909],[-1.51965,47.27729],[-1.51725,47.27657],[-1.5153,47.27765],[-1.51574,47.27945],[-1.51814,47.28017]]]}},{"type":"Feature","properties":{"i":635},"geometry":{"type":"Polygon","coordinates":[[[-1.57289,47.21491],[-1.57483,47.21383],[-1.57438,47.21203],[-1.57199,47.21131],[-1.57004,47.21239],[-1.57049,47.21419],[-1.57289,47.21491]]]}},{"type":"Feature","properties":{"i":636},"geometry":{"type":"Polygon","coordinates":[[[-1.51922,47.22214],[-1.52117,47.22106],[-1.52072,47.21926],[-1.51833,47.21854],[-1.51638,47.21962],[-1.51683,47.22142],[-1.51922,47.22214]]]}},{"type":"Feature","properties":{"i":637},"geometry":{"type":"Polygon","coordinates":[[[-1.5465,47.23367],[-1.54845,47.23259],[-1.548,47.23079],[-1.5456,47.23007],[-1.54365,47.23115],[-1.5441,47.23295],[-1.5465,47.23367]]]}},{"type":"Feature","properties":{"i":638},"geometry":{"type":"Polygon","coordinates":[[[-1.60646,47.1983],[-1.60841,47.19721],[-1.60795,47.19541],[-1.60556,47.19469],[-1.60361,47.19577],[-1.60406,47.19758],[-1.60646,47.1983]]]}},{"type":"Feature","properties":{"i":639},"geometry":{"type":"Polygon","coordinates":[[[-1.5495,47.2279],[-1.55145,47.22682],[-1.551,47.22502],[-1.5486,47.2243],[-1.54665,47.22538],[-1.5471,47.22718],[-1.5495,47.2279]]]}},{"type":"Feature","properties":{"i":640},"geometry":{"type":"Polygon","coordinates":[[[-1.6051,47.19289],[-1.60705,47.1918],[-1.6066,47.19],[-1.6042,47.18928],[-1.60225,47.19036],[-1.60271,47.19217],[-1.6051,47.19289]]]}},{"type":"Feature","properties":{"i":641},"geometry":{"type":"Polygon","coordinates":[[[-1.56974,47.22897],[-1.57169,47.22789],[-1.57124,47.22609],[-1.56884,47.22537],[-1.56689,47.22645],[-1.56734,47.22826],[-1.56974,47.22897]]]}},{"type":"Feature","properties":{"i":642},"geometry":{"type":"Polygon","coordinates":[[[-1.59748,47.21561],[-1.59942,47.21453],[-1.59897,47.21273],[-1.59657,47.21201],[-1.59462,47.21309],[-1.59508,47.21489],[-1.59748,47.21561]]]}},{"type":"Feature","properties":{"i":643},"geometry":{"type":"Polygon","coordinates":[[[-1.50903,47.22575],[-1.51098,47.22467],[-1.51053,47.22287],[-1.50813,47.22215],[-1.50619,47.22323],[-1.50663,47.22503],[-1.50903,47.22575]]]}},{"type":"Feature","properties":{"i":644},"geometry":{"type":"Polygon","coordinates":[[[-1.5081,47.27548],[-1.51005,47.2744],[-1.5096,47.2726],[-1.5072,47.27188],[-1.50525,47.27296],[-1.5057,47.27476],[-1.5081,47.27548]]]}},{"type":"Feature","properties":{"i":645},"geometry":{"type":"Polygon","coordinates":[[[-1.50137,47.24846],[-1.50332,47.24737],[-1.50287,47.24557],[-1.50047,47.24485],[-1.49852,47.24593],[-1.49897,47.24773],[-1.50137,47.24846]]]}},{"type":"Feature","properties":{"i":646},"geometry":{"type":"Polygon","coordinates":[[[-1.56225,47.2434],[-1.5642,47.24232],[-1.56375,47.24051],[-1.56135,47.23979],[-1.5594,47.24088],[-1.55985,47.24268],[-1.56225,47.2434]]]}}]}