{"type":"FeatureCollection","features":[{"type":"Feature","id":0,"geometry":{"type":"Polygon","coordinates":[[[-8.57038,41.17207],[-8.5687,41.17167],[-8.56825,41.17033],[-8.56949,41.16941],[-8.57118,41.16981],[-8.57162,41.17115],[-8.57038,41.17207]]]},"properties":{"zone":3,"cell_type":"total isolation","proximity":2245.5,"opportunity":7269.4,"population":193}},{"type":"Feature","id":1,"geometry":{"type":"Polygon","coordinates":[[[-8.60918,41.18294],[-8.6073,41.1825],[-8.60681,41.18102],[-8.60819,41.17999],[-8.61007,41.18043],[-8.61057,41.18191],[-8.60918,41.18294]]]},"properties":{"zone":3,"cell_type":"total isolation","proximity":3891,"opportunity":7406.7,"population":312}},{"type":"Feature","id":2,"geometry":{"type":"Polygon","coordinates":[[[-8.65349,41.15752],[-8.65111,41.15697],[-8.65048,41.15511],[-8.65225,41.1538],[-8.65463,41.15435],[-8.65525,41.15621],[-8.65349,41.15752]]]},"properties":{"zone":0,"cell_type":"inclusion","proximity":8313.5,"opportunity":11647.1,"population":1632}},{"type":"Feature","id":3,"geometry":{"type":"Polygon","coordinates":[[[-8.59763,41.18126],[-8.59676,41.18106],[-8.59651,41.18032],[-8.59715,41.17986],[-8.59802,41.18006],[-8.59827,41.18079],[-8.59763,41.18126]]]},"properties":{"zone":3,"cell_type":"total isolation","proximity":3929.4,"opportunity":8852.5,"population":26}},{"type":"Feature","id":4,"geometry":{"type":"Polygon","coordinates":[[[-8.55546,41.16025],[-8.55343,41.15978],[-8.5529,41.15818],[-8.5544,41.15707],[-8.55643,41.15754],[-8.55696,41.15914],[-8.55546,41.16025]]]},"properties":{"zone":3,"cell_type":"total isolation","proximity":1465.6,"opportunity":2189.6,"population":451}},{"type":"Feature","id":5,"geometry":{"type":"Polygon","coordinates":[[[-8.62332,41.16598],[-8.62094,41.16542],[-8.62031,41.16356],[-8.62208,41.16225],[-8.62446,41.16281],[-8.62508,41.16467],[-8.62332,41.16598]]]},"properties":{"zone":0,"cell_type":"inclusion","proximity":7607.6,"opportunity":12197.8,"population":1650}},{"type":"Feature","id":6,"geometry":{"type":"Polygon","coordinates":[[[-8.66052,41.15881],[-8.65862,41.15837],[-8.65812,41.15687],[-8.65952,41.15583],[-8.66142,41.15627],[-8.66192,41.15777],[-8.66052,41.15881]]]},"properties":{"zone":0,"cell_type":"inclusion","proximity":8211.4,"opportunity":12233,"population":329}},{"type":"Feature","id":7,"geometry":{"type":"Polygon","coordinates":[[[-8.64428,41.14968],[-8.64267,41.14931],[-8.64225,41.14803],[-8.64343,41.14715],[-8.64503,41.14753],[-8.64546,41.14881],[-8.64428,41.14968]]]},"properties":{"zone":1,"cell_type":"spatial isolation","proximity":7150.8,"opportunity":10143.4,"population":158}},{"type":"Feature","id":8,"geometry":{"type":"Polygon","coordinates":[[[-8.63083,41.15553],[-8.62869,41.15503],[-8.62813,41.15335],[-8.62971,41.15217],[-8.63186,41.15267],[-8.63242,41.15436],[-8.63083,41.15553]]]},"properties":{"zone":0,"cell_type":"inclusion","proximity":8345.7,"opportunity":13192.8,"population":600}},{"type":"Feature","id":9,"geometry":{"type":"Polygon","coordinates":[[[-8.59395,41.15041],[-8.59179,41.14991],[-8.59123,41.14821],[-8.59282,41.14703],[-8.59498,41.14753],[-8.59554,41.14923],[-8.59395,41.15041]]]},"properties":{"zone":2,"cell_type":"social isolation","proximity":5876.8,"opportunity":12310.9,"population":618}},{"type":"Feature","id":10,"geometry":{"type":"Polygon","coordinates":[[[-8.62072,41.15159],[-8.6184,41.15105],[-8.6178,41.14924],[-8.61951,41.14796],[-8.62184,41.1485],[-8.62244,41.15032],[-8.62072,41.15159]]]},"properties":{"zone":0,"cell_type":"inclusion","proximity":8479.1,"opportunity":13266.6,"population":925}},{"type":"Feature","id":11,"geometry":{"type":"Polygon","coordinates":[[[-8.59727,41.1736],[-8.59498,41.17307],[-8.59438,41.17127],[-8.59608,41.17001],[-8.59837,41.17055],[-8.59897,41.17234],[-8.59727,41.1736]]]},"properties":{"zone":3,"cell_type":"total isolation","proximity":4595.3,"opportunity":10628.1,"population":867}},{"type":"Feature","id":12,"geometry":{"type":"Polygon","coordinates":[[[-8.66846,41.16939],[-8.66633,41.1689],[-8.66577,41.16723],[-8.66734,41.16607],[-8.66947,41.16656],[-8.67003,41.16823],[-8.66846,41.16939]]]},"properties":{"zone":0,"cell_type":"inclusion","proximity":8973.8,"opportunity":12438.3,"population":571}},{"type":"Feature","id":13,"geometry":{"type":"Polygon","coordinates":[[[-8.60851,41.17433],[-8.60645,41.17385],[-8.60591,41.17223],[-8.60743,41.1711],[-8.60949,41.17158],[-8.61003,41.1732],[-8.60851,41.17433]]]},"properties":{"zone":3,"cell_type":"total isolation","proximity":5176.8,"opportunity":8719.7,"population":488}},{"type":"Feature","id":14,"geometry":{"type":"Polygon","coordinates":[[[-8.56984,41.16385],[-8.56746,41.1633],[-8.56684,41.16143],[-8.56861,41.16013],[-8.57099,41.16068],[-8.57161,41.16254],[-8.56984,41.16385]]]},"properties":{"zone":3,"cell_type":"total isolation","proximity":2635.9,"opportunity":7565.9,"population":1638}},{"type":"Feature","id":15,"geometry":{"type":"Polygon","coordinates":[[[-8.67138,41.17156],[-8.66957,41.17114],[-8.66909,41.16971],[-8.67043,41.16872],[-8.67224,41.16914],[-8.67272,41.17058],[-8.67138,41.17156]]]},"properties":{"zone":0,"cell_type":"inclusion","proximity":8490.6,"opportunity":12447.7,"population":262}},{"type":"Feature","id":16,"geometry":{"type":"Polygon","coordinates":[[[-8.59465,41.17892],[-8.59369,41.17869],[-8.59342,41.17789],[-8.59412,41.17737],[-8.59509,41.17759],[-8.59536,41.1784],[-8.59465,41.17892]]]},"properties":{"zone":3,"cell_type":"total isolation","proximity":3801,"opportunity":7353.4,"population":33}},{"type":"Feature","id":17,"geometry":{"type":"Polygon","coordinates":[[[-8.63005,41.17956],[-8.62766,41.179],[-8.62704,41.17714],[-8.62881,41.17584],[-8.63119,41.17639],[-8.63181,41.17825],[-8.63005,41.17956]]]},"properties":{"zone":3,"cell_type":"total isolation","proximity":5783,"opportunity":9162.6,"population":1169}},{"type":"Feature","id":18,"geometry":{"type":"Polygon","coordinates":[[[-8.60597,41.17989],[-8.60493,41.17964],[-8.60464,41.17878],[-8.6054,41.17822],[-8.60644,41.17846],[-8.60673,41.17932],[-8.60597,41.17989]]]},"properties":{"zone":3,"cell_type":"total isolation","proximity":4605.5,"opportunity":9220.6,"population":40}},{"type":"Feature","id":19,"geometry":{"type":"Polygon","coordinates":[[[-8.583,41.17034],[-8.58061,41.16979],[-8.57999,41.16793],[-8.58176,41.16662],[-8.58414,41.16718],[-8.58476,41.16904],[-8.583,41.17034]]]},"properties":{"zone":3,"cell_type":"total isolation","proximity":3687.4,"opportunity":8644.7,"population":1401}},{"type":"Feature","id":20,"geometry":{"type":"Polygon","coordinates":[[[-8.65412,41.16599],[-8.6521,41.16553],[-8.65157,41.16394],[-8.65306,41.16283],[-8.65508,41.1633],[-8.65561,41.16489],[-8.65412,41.16599]]]},"properties":{"zone":0,"cell_type":"inclusion","proximity":8683,"opportunity":12778.4,"population":438}},{"type":"Feature","id":21,"geometry":{"type":"Polygon","coordinates":[[[-8.63866,41.16579],[-8.63671,41.16534],[-8.6362,41.1638],[-8.63763,41.16274],[-8.63958,41.16319],[-8.64009,41.16473],[-8.63866,41.16579]]]},"properties":{"zone":0,"cell_type":"inclusion","proximity":7800.2,"opportunity":13333.2,"population":368}},{"type":"Feature","id":22,"geometry":{"type":"Polygon","coordinates":[[[-8.59094,41.14797],[-8.58881,41.14748],[-8.58825,41.1458],[-8.58983,41.14464],[-8.59196,41.14513],[-8.59251,41.1468],[-8.59094,41.14797]]]},"properties":{"zone":2,"cell_type":"social isolation","proximity":5124.6,"opportunity":12192,"population":579}},{"type":"Feature","id":23,"geometry":{"type":"Polygon","coordinates":[[[-8.62369,41.15388],[-8.62153,41.15338],[-8.62097,41.15169],[-8.62256,41.15051],[-8.62471,41.15101],[-8.62528,41.1527],[-8.62369,41.15388]]]},"properties":{"zone":0,"cell_type":"inclusion","proximity":7727.4,"opportunity":12410.5,"population":612}},{"type":"Feature","id":24,"geometry":{"type":"Polygon","coordinates":[[[-8.59423,41.17108],[-8.59208,41.17058],[-8.59152,41.16889],[-8.59311,41.16771],[-8.59526,41.16821],[-8.59583,41.1699],[-8.59423,41.17108]]]},"properties":{"zone":3,"cell_type":"total isolation","proximity":4718.9,"opportunity":10533.3,"population":614}},{"type":"Feature","id":25,"geometry":{"type":"Polygon","coordinates":[[[-8.63646,41.17241],[-8.63415,41.17187],[-8.63355,41.17007],[-8.63526,41.1688],[-8.63757,41.16934],[-8.63817,41.17114],[-8.63646,41.17241]]]},"properties":{"zone":1,"cell_type":"spatial isolation","proximity":6828.2,"opportunity":10723.9,"population":897}},{"type":"Feature","id":26,"geometry":{"type":"Polygon","coordinates":[[[-8.68222,41.17108],[-8.68222,41.17108],[-8.6822,41.17102],[-8.68222,41.17108]]]},"properties":{"zone":3,"cell_type":"total isolation","proximity":5516.4,"opportunity":8086.9,"population":1}},{"type":"Feature","id":27,"geometry":{"type":"Polygon","coordinates":[[[-8.57546,41.14767],[-8.57352,41.14722],[-8.57301,41.14569],[-8.57444,41.14463],[-8.57638,41.14508],[-8.57688,41.14661],[-8.57546,41.14767]]]},"properties":{"zone":3,"cell_type":"total isolation","proximity":2990.7,"opportunity":6279.7,"population":359}},{"type":"Feature","id":28,"geometry":{"type":"Polygon","coordinates":[[[-8.60073,41.16416],[-8.59834,41.16361],[-8.59772,41.16175],[-8.59949,41.16044],[-8.60187,41.16099],[-8.60249,41.16286],[-8.60073,41.16416]]]},"properties":{"zone":2,"cell_type":"social isolation","proximity":6210.2,"opportunity":11167.2,"population":1103}},{"type":"Feature","id":29,"geometry":{"type":"Polygon","coordinates":[[[-8.60598,41.16014],[-8.60373,41.15962],[-8.60314,41.15785],[-8.60481,41.15662],[-8.60706,41.15714],[-8.60765,41.1589],[-8.60598,41.16014]]]},"properties":{"zone":0,"cell_type":"inclusion","proximity":6902.9,"opportunity":11715,"population":776}},{"type":"Feature","id":30,"geometry":{"type":"Polygon","coordinates":[[[-8.65565,41.15082],[-8.65374,41.15038],[-8.65324,41.14887],[-8.65465,41.14782],[-8.65656,41.14827],[-8.65706,41.14977],[-8.65565,41.15082]]]},"properties":{"zone":1,"cell_type":"spatial isolation","proximity":6969.5,"opportunity":11029,"population":336}},{"type":"Feature","id":31,"geometry":{"type":"Polygon","coordinates":[[[-8.60556,41.17206],[-8.6033,41.17154],[-8.60271,41.16977],[-8.60438,41.16854],[-8.60664,41.16906],[-8.60722,41.17083],[-8.60556,41.17206]]]},"properties":{"zone":3,"cell_type":"total isolation","proximity":5521.5,"opportunity":9994.7,"population":786}},{"type":"Feature","id":32,"geometry":{"type":"Polygon","coordinates":[[[-8.56678,41.16123],[-8.56466,41.16074],[-8.56411,41.15908],[-8.56567,41.15792],[-8.56779,41.15841],[-8.56834,41.16007],[-8.56678,41.16123]]]},"properties":{"zone":3,"cell_type":"total isolation","proximity":2236.9,"opportunity":6586.2,"population":559}},{"type":"Feature","id":33,"geometry":{"type":"Polygon","coordinates":[[[-8.5962,41.14396],[-8.59418,41.1435],[-8.59365,41.1419],[-8.59514,41.1408],[-8.59716,41.14127],[-8.59769,41.14286],[-8.5962,41.14396]]]},"properties":{"zone":3,"cell_type":"total isolation","proximity":5290.3,"opportunity":10278.6,"population":440}},{"type":"Feature","id":34,"geometry":{"type":"Polygon","coordinates":[[[-8.56064,41.15597],[-8.55908,41.1556],[-8.55867,41.15436],[-8.55981,41.15352],[-8.56136,41.15388],[-8.56178,41.15512],[-8.56064,41.15597]]]},"properties":{"zone":3,"cell_type":"total isolation","proximity":1907.9,"opportunity":5586.4,"population":139}},{"type":"Feature","id":35,"geometry":{"type":"Polygon","coordinates":[[[-8.65627,41.15925],[-8.65478,41.15891],[-8.65438,41.15771],[-8.65547,41.1569],[-8.65697,41.15724],[-8.65737,41.15844],[-8.65627,41.15925]]]},"properties":{"zone":0,"cell_type":"inclusion","proximity":8394.5,"opportunity":11350.9,"population":121}},{"type":"Feature","id":36,"geometry":{"type":"Polygon","coordinates":[[[-8.63576,41.16371],[-8.63338,41.16316],[-8.63276,41.1613],[-8.63452,41.15999],[-8.6369,41.16054],[-8.63752,41.1624],[-8.63576,41.16371]]]},"properties":{"zone":0,"cell_type":"inclusion","proximity":8442.5,"opportunity":13401.6,"population":1201}},{"type":"Feature","id":37,"geometry":{"type":"Polygon","coordinates":[[[-8.67192,41.16001],[-8.66962,41.15948],[-8.66902,41.15769],[-8.67072,41.15643],[-8.67302,41.15696],[-8.67362,41.15875],[-8.67192,41.16001]]]},"properties":{"zone":3,"cell_type":"total isolation","proximity":6679.9,"opportunity":11112.5,"population":869}},{"type":"Feature","id":38,"geometry":{"type":"Polygon","coordinates":[[[-8.60524,41.15132],[-8.60308,41.15082],[-8.60251,41.14912],[-8.60411,41.14793],[-8.60628,41.14843],[-8.60685,41.15014],[-8.60524,41.15132]]]},"properties":{"zone":0,"cell_type":"inclusion","proximity":7760,"opportunity":13778,"population":634}},{"type":"Feature","id":39,"geometry":{"type":"Polygon","coordinates":[[[-8.56922,41.17517],[-8.56761,41.1748],[-8.56719,41.17352],[-8.56837,41.17265],[-8.56997,41.17302],[-8.5704,41.1743],[-8.56922,41.17517]]]},"properties":{"zone":3,"cell_type":"total isolation","proximity":1918.5,"opportunity":5788.7,"population":158}},{"type":"Feature","id":40,"geometry":{"type":"Polygon","coordinates":[[[-8.62385,41.17415],[-8.62222,41.17377],[-8.62179,41.17247],[-8.62298,41.17158],[-8.62462,41.17196],[-8.62505,41.17326],[-8.62385,41.17415]]]},"properties":{"zone":3,"cell_type":"total isolation","proximity":5758,"opportunity":9463.6,"population":169}},{"type":"Feature","id":41,"geometry":{"type":"Polygon","coordinates":[[[-8.65786,41.17719],[-8.65581,41.17671],[-8.65527,41.1751],[-8.65678,41.17398],[-8.65883,41.17445],[-8.65937,41.17606],[-8.65786,41.17719]]]},"properties":{"zone":0,"cell_type":"inclusion","proximity":8150.9,"opportunity":12388,"population":473}},{"type":"Feature","id":42,"geometry":{"type":"Polygon","coordinates":[[[-8.57939,41.1793],[-8.57771,41.17891],[-8.57727,41.17758],[-8.5785,41.17667],[-8.58018,41.17706],[-8.58062,41.17839],[-8.57939,41.1793]]]},"properties":{"zone":3,"cell_type":"total isolation","proximity":2665.1,"opportunity":6669.7,"population":188}},{"type":"Feature","id":43,"geometry":{"type":"Polygon","coordinates":[[[-8.59283,41.15366],[-8.59057,41.15313],[-8.58998,41.15136],[-8.59165,41.15012],[-8.59392,41.15064],[-8.59451,41.15242],[-8.59283,41.15366]]]},"properties":{"zone":3,"cell_type":"total isolation","proximity":5317.3,"opportunity":10891.1,"population":805}},{"type":"Feature","id":44,"geometry":{"type":"Polygon","coordinates":[[[-8.67921,41.16867],[-8.67921,41.16867],[-8.67919,41.16861],[-8.67921,41.16867]]]},"properties":{"zone":3,"cell_type":"total isolation","proximity":6567.3,"opportunity":9818.4,"population":2}},{"type":"Feature","id":45,"geometry":{"type":"Polygon","coordinates":[[[-8.60297,41.1577],[-8.60075,41.15719],[-8.60017,41.15544],[-8.60181,41.15422],[-8.60404,41.15474],[-8.60462,41.15648],[-8.60297,41.1577]]]},"properties":{"zone":0,"cell_type":"inclusion","proximity":7046.5,"opportunity":11398.6,"population":730}},{"type":"Feature","id":46,"geometry":{"type":"Polygon","coordinates":[[[-8.61984,41.17532],[-8.61767,41.17482],[-8.6171,41.17311],[-8.6187,41.17192],[-8.62087,41.17243],[-8.62144,41.17413],[-8.61984,41.17532]]]},"properties":{"zone":3,"cell_type":"total isolation","proximity":5759.3,"opportunity":9788.6,"population":636}},{"type":"Feature","id":47,"geometry":{"type":"Polygon","coordinates":[[[-8.59293,41.14072],[-8.59199,41.1405],[-8.59174,41.13972],[-8.59241,41.13922],[-8.59335,41.13944],[-8.59361,41.14021],[-8.59293,41.14072]]]},"properties":{"zone":3,"cell_type":"total isolation","proximity":4153.8,"opportunity":6246.1,"population":30}},{"type":"Feature","id":48,"geometry":{"type":"Polygon","coordinates":[[[-8.64119,41.17997],[-8.63945,41.17956],[-8.63899,41.17819],[-8.64027,41.17724],[-8.642,41.17764],[-8.64246,41.17902],[-8.64119,41.17997]]]},"properties":{"zone":3,"cell_type":"total isolation","proximity":4664.2,"opportunity":10185.1,"population":218}},{"type":"Feature","id":49,"geometry":{"type":"Polygon","coordinates":[[[-8.6331,41.14914],[-8.63102,41.14866],[-8.63048,41.14703],[-8.63201,41.14589],[-8.63409,41.14637],[-8.63464,41.148],[-8.6331,41.14914]]]},"properties":{"zone":1,"cell_type":"spatial isolation","proximity":7475.8,"opportunity":11052.9,"population":508}},{"type":"Feature","id":50,"geometry":{"type":"Polygon","coordinates":[[[-8.55763,41.15353],[-8.55611,41.15317],[-8.5557,41.15195],[-8.55682,41.15113],[-8.55834,41.15148],[-8.55875,41.1527],[-8.55763,41.15353]]]},"properties":{"zone":3,"cell_type":"total isolation","proximity":1715.3,"opportunity":4861.8,"population":129}},{"type":"Feature","id":51,"geometry":{"type":"Polygon","coordinates":[[[-8.61746,41.18138],[-8.61565,41.18096],[-8.61517,41.17953],[-8.61651,41.17854],[-8.61832,41.17896],[-8.6188,41.18039],[-8.61746,41.18138]]]},"properties":{"zone":3,"cell_type":"total isolation","proximity":4756.8,"opportunity":8133,"population":263}},{"type":"Feature","id":52,"geometry":{"type":"Polygon","coordinates":[[[-8.65006,41.16703],[-8.64768,41.16648],[-8.64706,41.16462],[-8.64882,41.16331],[-8.65121,41.16386],[-8.65183,41.16572],[-8.65006,41.16703]]]},"properties":{"zone":0,"cell_type":"inclusion","proximity":9013.1,"opportunity":13440.1,"population":1412}},{"type":"Feature","id":53,"geometry":{"type":"Polygon","coordinates":[[[-8.6023,41.14907],[-8.59991,41.14852],[-8.59929,41.14666],[-8.60106,41.14535],[-8.60344,41.1459],[-8.60406,41.14777],[-8.6023,41.14907]]]},"properties":{"zone":0,"cell_type":"inclusion","proximity":7256.4,"opportunity":12897.8,"population":1187}},{"type":"Feature","id":54,"geometry":{"type":"Polygon","coordinates":[[[-8.58216,41.16121],[-8.58027,41.16077],[-8.57978,41.15928],[-8.58117,41.15825],[-8.58305,41.15869],[-8.58355,41.16018],[-8.58216,41.16121]]]},"properties":{"zone":3,"cell_type":"total isolation","proximity":3979.5,"opportunity":9849.9,"population":317}},{"type":"Feature","id":55,"geometry":{"type":"Polygon","coordinates":[[[-8.6263,41.16833],[-8.624,41.16779],[-8.6234,41.16599],[-8.6251,41.16473],[-8.62741,41.16527],[-8.62801,41.16707],[-8.6263,41.16833]]]},"properties":{"zone":0,"cell_type":"inclusion","proximity":7468,"opportunity":12890.8,"population":883}},{"type":"Feature","id":56,"geometry":{"type":"Polygon","coordinates":[[[-8.64762,41.17288],[-8.64587,41.17248],[-8.64541,41.17109],[-8.6467,41.17013],[-8.64845,41.17054],[-8.64891,41.17193],[-8.64762,41.17288]]]},"properties":{"zone":0,"cell_type":"inclusion","proximity":7238.1,"opportunity":12207.4,"population":227}},{"type":"Feature","id":57,"geometry":{"type":"Polygon","coordinates":[[[-8.57635,41.17677],[-8.57482,41.17642],[-8.57442,41.1752],[-8.57554,41.17437],[-8.57706,41.17472],[-8.57747,41.17594],[-8.57635,41.17677]]]},"properties":{"zone":3,"cell_type":"total isolation","proximity":2619.1,"opportunity":7346.5,"population":130}},{"type":"Feature","id":58,"geometry":{"type":"Polygon","coordinates":[[[-8.67299,41.15663],[-8.67097,41.15617],[-8.67044,41.15457],[-8.67193,41.15346],[-8.67395,41.15393],[-8.67449,41.15553],[-8.67299,41.15663]]]},"properties":{"zone":2,"cell_type":"social isolation","proximity":6679,"opportunity":11171.8,"population":444}},{"type":"Feature","id":59,"geometry":{"type":"Polygon","coordinates":[[[-8.63375,41.15768],[-8.63195,41.15726],[-8.63148,41.15584],[-8.6328,41.15486],[-8.6346,41.15527],[-8.63508,41.1567],[-8.63375,41.15768]]]},"properties":{"zone":0,"cell_type":"inclusion","proximity":7903.5,"opportunity":12503.3,"population":255}},{"type":"Feature","id":60,"geometry":{"type":"Polygon","coordinates":[[[-8.58813,41.16595],[-8.58636,41.16554],[-8.5859,41.16414],[-8.5872,41.16317],[-8.58897,41.16358],[-8.58944,41.16499],[-8.58813,41.16595]]]},"properties":{"zone":3,"cell_type":"total isolation","proximity":4446.2,"opportunity":9886.8,"population":239}},{"type":"Feature","id":61,"geometry":{"type":"Polygon","coordinates":[[[-8.61686,41.173],[-8.61457,41.17247],[-8.61397,41.17067],[-8.61567,41.16941],[-8.61797,41.16995],[-8.61856,41.17174],[-8.61686,41.173]]]},"properties":{"zone":3,"cell_type":"total isolation","proximity":6156.3,"opportunity":10125.7,"population":873}},{"type":"Feature","id":62,"geometry":{"type":"Polygon","coordinates":[[[-8.60755,41.14503],[-8.60532,41.14452],[-8.60473,41.14277],[-8.60638,41.14154],[-8.60861,41.14206],[-8.6092,41.14381],[-8.60755,41.14503]]]},"properties":{"zone":0,"cell_type":"inclusion","proximity":7022.8,"opportunity":11513.1,"population":743}},{"type":"Feature","id":63,"geometry":{"type":"Polygon","coordinates":[[[-8.61088,41.16824],[-8.60849,41.16769],[-8.60787,41.16582],[-8.60964,41.16452],[-8.61202,41.16507],[-8.61264,41.16693],[-8.61088,41.16824]]]},"properties":{"zone":3,"cell_type":"total isolation","proximity":6328.9,"opportunity":10970.2,"population":1415}},{"type":"Feature","id":64,"geometry":{"type":"Polygon","coordinates":[[[-8.57195,41.15695],[-8.5703,41.15657],[-8.56986,41.15525],[-8.57108,41.15435],[-8.57273,41.15474],[-8.57317,41.15605],[-8.57195,41.15695]]]},"properties":{"zone":3,"cell_type":"total isolation","proximity":2570.7,"opportunity":6517.4,"population":177}},{"type":"Feature","id":65,"geometry":{"type":"Polygon","coordinates":[[[-8.64703,41.16452],[-8.64477,41.164],[-8.64418,41.16223],[-8.64585,41.16099],[-8.64811,41.16151],[-8.6487,41.16328],[-8.64703,41.16452]]]},"properties":{"zone":0,"cell_type":"inclusion","proximity":8632.5,"opportunity":13346.3,"population":794}},{"type":"Feature","id":66,"geometry":{"type":"Polygon","coordinates":[[[-8.58742,41.1572],[-8.58565,41.15679],[-8.58519,41.15539],[-8.58649,41.15442],[-8.58825,41.15483],[-8.58872,41.15623],[-8.58742,41.1572]]]},"properties":{"zone":3,"cell_type":"total isolation","proximity":4631.3,"opportunity":9083.3,"population":236}},{"type":"Feature","id":67,"geometry":{"type":"Polygon","coordinates":[[[-8.68607,41.16284],[-8.68441,41.16245],[-8.68397,41.16113],[-8.68519,41.16023],[-8.68685,41.16061],[-8.68729,41.16193],[-8.68607,41.16284]]]},"properties":{"zone":3,"cell_type":"total isolation","proximity":4741.3,"opportunity":8745.2,"population":181}},{"type":"Feature","id":68,"geometry":{"type":"Polygon","coordinates":[[[-8.66922,41.17826],[-8.66694,41.17774],[-8.66634,41.17595],[-8.66803,41.1747],[-8.67031,41.17523],[-8.6709,41.17701],[-8.66922,41.17826]]]},"properties":{"zone":1,"cell_type":"spatial isolation","proximity":7323.8,"opportunity":10324.3,"population":834}},{"type":"Feature","id":69,"geometry":{"type":"Polygon","coordinates":[[[-8.57924,41.15905],[-8.57703,41.15853],[-8.57645,41.1568],[-8.57808,41.15559],[-8.5803,41.1561],[-8.58087,41.15783],[-8.57924,41.15905]]]},"properties":{"zone":3,"cell_type":"total isolation","proximity":3619.3,"opportunity":8258.5,"population":706}},{"type":"Feature","id":70,"geometry":{"type":"Polygon","coordinates":[[[-8.59064,41.18007],[-8.58915,41.17972],[-8.58875,41.17853],[-8.58984,41.17772],[-8.59133,41.17807],[-8.59173,41.17926],[-8.59064,41.18007]]]},"properties":{"zone":3,"cell_type":"total isolation","proximity":3227.2,"opportunity":7487.1,"population":119}},{"type":"Feature","id":71,"geometry":{"type":"Polygon","coordinates":[[[-8.58598,41.17271],[-8.58367,41.17217],[-8.58306,41.17036],[-8.58478,41.16909],[-8.58709,41.16963],[-8.58769,41.17144],[-8.58598,41.17271]]]},"properties":{"zone":3,"cell_type":"total isolation","proximity":3812.7,"opportunity":8670.1,"population":908}},{"type":"Feature","id":72,"geometry":{"type":"Polygon","coordinates":[[[-8.67002,41.15432],[-8.66787,41.15382],[-8.6673,41.15213],[-8.66889,41.15095],[-8.67104,41.15145],[-8.67161,41.15314],[-8.67002,41.15432]]]},"properties":{"zone":3,"cell_type":"total isolation","proximity":6479.1,"opportunity":10394.9,"population":608}},{"type":"Feature","id":73,"geometry":{"type":"Polygon","coordinates":[[[-8.58515,41.16361],[-8.58329,41.16318],[-8.5828,41.1617],[-8.58417,41.16068],[-8.58604,41.16112],[-8.58653,41.16259],[-8.58515,41.16361]]]},"properties":{"zone":3,"cell_type":"total isolation","proximity":3797.8,"opportunity":9345.7,"population":300}},{"type":"Feature","id":74,"geometry":{"type":"Polygon","coordinates":[[[-8.61756,41.14869],[-8.61588,41.1483],[-8.61543,41.14696],[-8.61667,41.14604],[-8.61835,41.14643],[-8.6188,41.14777],[-8.61756,41.14869]]]},"properties":{"zone":0,"cell_type":"inclusion","proximity":8265.1,"opportunity":13644.9,"population":191}},{"type":"Feature","id":75,"geometry":{"type":"Polygon","coordinates":[[[-8.60927,41.1502],[-8.60759,41.14981],[-8.60714,41.14847],[-8.60838,41.14755],[-8.61006,41.14794],[-8.61051,41.14928],[-8.60927,41.1502]]]},"properties":{"zone":0,"cell_type":"inclusion","proximity":8094.1,"opportunity":13565.4,"population":192}},{"type":"Feature","id":76,"geometry":{"type":"Polygon","coordinates":[[[-8.68503,41.1663],[-8.68299,41.16583],[-8.68245,41.16422],[-8.68395,41.16311],[-8.68599,41.16358],[-8.68653,41.16518],[-8.68503,41.1663]]]},"properties":{"zone":3,"cell_type":"total isolation","proximity":5258.6,"opportunity":10009.6,"population":460}},{"type":"Feature","id":77,"geometry":{"type":"Polygon","coordinates":[[[-8.6154,41.1554],[-8.61323,41.15489],[-8.61266,41.15319],[-8.61426,41.15201],[-8.61643,41.15251],[-8.617,41.15421],[-8.6154,41.1554]]]},"properties":{"zone":0,"cell_type":"inclusion","proximity":8146.1,"opportunity":12597.9,"population":633}},{"type":"Feature","id":78,"geometry":{"type":"Polygon","coordinates":[[[-8.66806,41.14845],[-8.66628,41.14804],[-8.66581,41.14663],[-8.66712,41.14566],[-8.6689,41.14607],[-8.66937,41.14748],[-8.66806,41.14845]]]},"properties":{"zone":3,"cell_type":"total isolation","proximity":5362.2,"opportunity":9339.8,"population":243}},{"type":"Feature","id":79,"geometry":{"type":"Polygon","coordinates":[[[-8.57819,41.14926],[-8.57733,41.14906],[-8.57709,41.14833],[-8.57771,41.14787],[-8.57857,41.14807],[-8.57881,41.1488],[-8.57819,41.14926]]]},"properties":{"zone":3,"cell_type":"total isolation","proximity":3198.3,"opportunity":7176,"population":25}},{"type":"Feature","id":80,"geometry":{"type":"Polygon","coordinates":[[[-8.60373,41.16658],[-8.60134,41.16602],[-8.60073,41.16416],[-8.60249,41.16286],[-8.60487,41.16341],[-8.60549,41.16527],[-8.60373,41.16658]]]},"properties":{"zone":3,"cell_type":"total isolation","proximity":5968.4,"opportunity":11045.7,"population":1225}},{"type":"Feature","id":81,"geometry":{"type":"Polygon","coordinates":[[[-8.60787,41.16582],[-8.60549,41.16527],[-8.60487,41.16341],[-8.60663,41.1621],[-8.60902,41.16266],[-8.60964,41.16452],[-8.60787,41.16582]]]},"properties":{"zone":2,"cell_type":"social isolation","proximity":6526,"opportunity":11375.4,"population":1134}},{"type":"Feature","id":82,"geometry":{"type":"Polygon","coordinates":[[[-8.56913,41.15508],[-8.56676,41.15453],[-8.56615,41.15269],[-8.5679,41.15139],[-8.57026,41.15194],[-8.57088,41.15379],[-8.56913,41.15508]]]},"properties":{"zone":3,"cell_type":"total isolation","proximity":2408.8,"opportunity":5987.4,"population":1028}},{"type":"Feature","id":83,"geometry":{"type":"Polygon","coordinates":[[[-8.67828,41.15269],[-8.67627,41.15223],[-8.67575,41.15065],[-8.67722,41.14956],[-8.67923,41.15002],[-8.67975,41.15159],[-8.67828,41.15269]]]},"properties":{"zone":3,"cell_type":"total isolation","proximity":5116,"opportunity":9229.8,"population":420}},{"type":"Feature","id":84,"geometry":{"type":"Polygon","coordinates":[[[-8.67521,41.1501],[-8.67344,41.14969],[-8.67297,41.14829],[-8.67427,41.14732],[-8.67605,41.14773],[-8.67652,41.14913],[-8.67521,41.1501]]]},"properties":{"zone":3,"cell_type":"total isolation","proximity":5089.7,"opportunity":9497.1,"population":239}},{"type":"Feature","id":85,"geometry":{"type":"Polygon","coordinates":[[[-8.58438,41.15468],[-8.58275,41.1543],[-8.58232,41.153],[-8.58352,41.15211],[-8.58515,41.15249],[-8.58558,41.15379],[-8.58438,41.15468]]]},"properties":{"zone":3,"cell_type":"total isolation","proximity":3682.9,"opportunity":9160,"population":168}},{"type":"Feature","id":86,"geometry":{"type":"Polygon","coordinates":[[[-8.63216,41.17268],[-8.63048,41.17229],[-8.63003,41.17095],[-8.63127,41.17004],[-8.63295,41.17043],[-8.63339,41.17176],[-8.63216,41.17268]]]},"properties":{"zone":3,"cell_type":"total isolation","proximity":6541.6,"opportunity":10069.6,"population":190}},{"type":"Feature","id":87,"geometry":{"type":"Polygon","coordinates":[[[-8.6421,41.15634],[-8.64008,41.15587],[-8.63955,41.15428],[-8.64104,41.15317],[-8.64306,41.15364],[-8.64359,41.15523],[-8.6421,41.15634]]]},"properties":{"zone":0,"cell_type":"inclusion","proximity":8027.3,"opportunity":12385.8,"population":443}},{"type":"Feature","id":88,"geometry":{"type":"Polygon","coordinates":[[[-8.63793,41.15702],[-8.636,41.15658],[-8.6355,41.15506],[-8.63692,41.154],[-8.63884,41.15445],[-8.63935,41.15597],[-8.63793,41.15702]]]},"properties":{"zone":0,"cell_type":"inclusion","proximity":8035.5,"opportunity":12169,"population":349}},{"type":"Feature","id":89,"geometry":{"type":"Polygon","coordinates":[[[-8.58786,41.17834],[-8.58547,41.17779],[-8.58485,41.17593],[-8.58662,41.17462],[-8.589,41.17517],[-8.58962,41.17704],[-8.58786,41.17834]]]},"properties":{"zone":3,"cell_type":"total isolation","proximity":3481.1,"opportunity":7868.8,"population":1301}},{"type":"Feature","id":90,"geometry":{"type":"Polygon","coordinates":[[[-8.59958,41.16733],[-8.5972,41.16678],[-8.59658,41.16492],[-8.59834,41.16361],[-8.60073,41.16416],[-8.60134,41.16602],[-8.59958,41.16733]]]},"properties":{"zone":2,"cell_type":"social isolation","proximity":5835.3,"opportunity":12477.6,"population":1107}},{"type":"Feature","id":91,"geometry":{"type":"Polygon","coordinates":[[[-8.62704,41.17714],[-8.62466,41.17659],[-8.62404,41.17473],[-8.6258,41.17342],[-8.62818,41.17397],[-8.62881,41.17584],[-8.62704,41.17714]]]},"properties":{"zone":3,"cell_type":"total isolation","proximity":5781.3,"opportunity":9516.1,"population":1517}},{"type":"Feature","id":92,"geometry":{"type":"Polygon","coordinates":[[[-8.58363,41.1458],[-8.58217,41.14546],[-8.58178,41.14428],[-8.58285,41.14349],[-8.58431,41.14383],[-8.5847,41.145],[-8.58363,41.1458]]]},"properties":{"zone":3,"cell_type":"total isolation","proximity":3573.5,"opportunity":7953.7,"population":111}},{"type":"Feature","id":93,"geometry":{"type":"Polygon","coordinates":[[[-8.61471,41.14674],[-8.61242,41.14621],[-8.61182,41.14441],[-8.61351,41.14315],[-8.61581,41.14369],[-8.61641,41.14548],[-8.61471,41.14674]]]},"properties":{"zone":0,"cell_type":"inclusion","proximity":8006.9,"opportunity":12753.8,"population":869}},{"type":"Feature","id":94,"geometry":{"type":"Polygon","coordinates":[[[-8.58183,41.17345],[-8.57953,41.17292],[-8.57893,41.17111],[-8.58063,41.16985],[-8.58294,41.17039],[-8.58354,41.17219],[-8.58183,41.17345]]]},"properties":{"zone":3,"cell_type":"total isolation","proximity":3259.3,"opportunity":7655.9,"population":890}},{"type":"Feature","id":95,"geometry":{"type":"Polygon","coordinates":[[[-8.68202,41.16389],[-8.67997,41.16342],[-8.67944,41.16181],[-8.68094,41.16069],[-8.68299,41.16116],[-8.68353,41.16277],[-8.68202,41.16389]]]},"properties":{"zone":3,"cell_type":"total isolation","proximity":5655.2,"opportunity":9271.1,"population":465}},{"type":"Feature","id":96,"geometry":{"type":"Polygon","coordinates":[[[-8.6646,41.14468],[-8.6646,41.14468],[-8.66458,41.14461],[-8.6646,41.14468]]]},"properties":{"zone":3,"cell_type":"total isolation","proximity":5310.8,"opportunity":279.7,"population":0}},{"type":"Feature","id":97,"geometry":{"type":"Polygon","coordinates":[[[-8.62218,41.16915],[-8.61979,41.16859],[-8.61917,41.16673],[-8.62094,41.16542],[-8.62332,41.16598],[-8.62394,41.16784],[-8.62218,41.16915]]]},"properties":{"zone":0,"cell_type":"inclusion","proximity":7137.6,"opportunity":11425.5,"population":1324}},{"type":"Feature","id":98,"geometry":{"type":"Polygon","coordinates":[[[-8.59887,41.15858],[-8.59648,41.15803],[-8.59586,41.15616],[-8.59763,41.15486],[-8.60001,41.15541],[-8.60063,41.15727],[-8.59887,41.15858]]]},"properties":{"zone":3,"cell_type":"total isolation","proximity":6263.3,"opportunity":10110.4,"population":1685}},{"type":"Feature","id":99,"geometry":{"type":"Polygon","coordinates":[[[-8.62933,41.17081],[-8.62694,41.17025],[-8.62632,41.16839],[-8.62809,41.16708],[-8.63047,41.16764],[-8.63109,41.1695],[-8.62933,41.17081]]]},"properties":{"zone":1,"cell_type":"spatial isolation","proximity":6914.4,"opportunity":10895.3,"population":1114}},{"type":"Feature","id":100,"geometry":{"type":"Polygon","coordinates":[[[-8.59658,41.16492],[-8.5942,41.16436],[-8.59358,41.1625],[-8.59534,41.16119],[-8.59772,41.16175],[-8.59834,41.16361],[-8.59658,41.16492]]]},"properties":{"zone":3,"cell_type":"total isolation","proximity":5282.6,"opportunity":10671.7,"population":1121}},{"type":"Feature","id":101,"geometry":{"type":"Polygon","coordinates":[[[-8.62899,41.15],[-8.62678,41.14948],[-8.6262,41.14775],[-8.62783,41.14654],[-8.63004,41.14705],[-8.63062,41.14879],[-8.62899,41.15]]]},"properties":{"zone":0,"cell_type":"inclusion","proximity":7594.6,"opportunity":12279.9,"population":703}},{"type":"Feature","id":102,"geometry":{"type":"Polygon","coordinates":[[[-8.66022,41.1711],[-8.65784,41.17055],[-8.65722,41.16869],[-8.65898,41.16738],[-8.66137,41.16793],[-8.66199,41.16979],[-8.66022,41.1711]]]},"properties":{"zone":0,"cell_type":"inclusion","proximity":9301.8,"opportunity":13805.9,"population":1608}},{"type":"Feature","id":103,"geometry":{"type":"Polygon","coordinates":[[[-8.57875,41.17079],[-8.57677,41.17033],[-8.57625,41.16877],[-8.57771,41.16769],[-8.57969,41.16815],[-8.58021,41.1697],[-8.57875,41.17079]]]},"properties":{"zone":3,"cell_type":"total isolation","proximity":3190.8,"opportunity":8137.6,"population":397}},{"type":"Feature","id":104,"geometry":{"type":"Polygon","coordinates":[[[-8.66738,41.17276],[-8.66499,41.17221],[-8.66437,41.17035],[-8.66613,41.16904],[-8.66852,41.16959],[-8.66914,41.17145],[-8.66738,41.17276]]]},"properties":{"zone":0,"cell_type":"inclusion","proximity":8670,"opportunity":12256.6,"population":1267}},{"type":"Feature","id":105,"geometry":{"type":"Polygon","coordinates":[[[-8.62667,41.15623],[-8.6246,41.15575],[-8.62406,41.15412],[-8.62558,41.15299],[-8.62765,41.15347],[-8.62819,41.15509],[-8.62667,41.15623]]]},"properties":{"zone":0,"cell_type":"inclusion","proximity":8583,"opportunity":13882.3,"population":493}},{"type":"Feature","id":106,"geometry":{"type":"Polygon","coordinates":[[[-8.65048,41.15511],[-8.6481,41.15455],[-8.64748,41.15269],[-8.64924,41.15138],[-8.65163,41.15194],[-8.65225,41.1538],[-8.65048,41.15511]]]},"properties":{"zone":0,"cell_type":"inclusion","proximity":8233.7,"opportunity":11610,"population":1356}},{"type":"Feature","id":107,"geometry":{"type":"Polygon","coordinates":[[[-8.57307,41.1537],[-8.57153,41.15334],[-8.57111,41.15211],[-8.57225,41.15127],[-8.57379,41.15163],[-8.5742,41.15286],[-8.57307,41.1537]]]},"properties":{"zone":3,"cell_type":"total isolation","proximity":2725.9,"opportunity":7031.2,"population":136}},{"type":"Feature","id":108,"geometry":{"type":"Polygon","coordinates":[[[-8.61202,41.16507],[-8.60964,41.16452],[-8.60902,41.16266],[-8.61078,41.16135],[-8.61316,41.1619],[-8.61378,41.16376],[-8.61202,41.16507]]]},"properties":{"zone":0,"cell_type":"inclusion","proximity":7179.1,"opportunity":11907,"population":1233}},{"type":"Feature","id":109,"geometry":{"type":"Polygon","coordinates":[[[-8.61917,41.16673],[-8.61679,41.16618],[-8.61617,41.16432],[-8.61793,41.16301],[-8.62031,41.16356],[-8.62094,41.16542],[-8.61917,41.16673]]]},"properties":{"zone":0,"cell_type":"inclusion","proximity":7062.2,"opportunity":11514.5,"population":1315}},{"type":"Feature","id":110,"geometry":{"type":"Polygon","coordinates":[[[-8.60299,41.17753],[-8.60186,41.17727],[-8.60155,41.17635],[-8.60237,41.17574],[-8.6035,41.176],[-8.60381,41.17693],[-8.60299,41.17753]]]},"properties":{"zone":3,"cell_type":"total isolation","proximity":4679.4,"opportunity":9198.3,"population":49}},{"type":"Feature","id":111,"geometry":{"type":"Polygon","coordinates":[[[-8.61954,41.15463],[-8.61739,41.15413],[-8.61683,41.15244],[-8.61842,41.15127],[-8.62056,41.15177],[-8.62112,41.15345],[-8.61954,41.15463]]]},"properties":{"zone":0,"cell_type":"inclusion","proximity":8217.5,"opportunity":12524.9,"population":600}},{"type":"Feature","id":112,"geometry":{"type":"Polygon","coordinates":[[[-8.59586,41.15616],[-8.59348,41.15561],[-8.59286,41.15375],[-8.59462,41.15244],[-8.59701,41.153],[-8.59763,41.15486],[-8.59586,41.15616]]]},"properties":{"zone":3,"cell_type":"total isolation","proximity":6000.9,"opportunity":10865.8,"population":1181}},{"type":"Feature","id":113,"geometry":{"type":"Polygon","coordinates":[[[-8.68981,41.17401],[-8.68814,41.17363],[-8.68769,41.1723],[-8.68892,41.17139],[-8.69059,41.17177],[-8.69104,41.1731],[-8.68981,41.17401]]]},"properties":{"zone":3,"cell_type":"total isolation","proximity":4548.6,"opportunity":9115.1,"population":186}},{"type":"Feature","id":114,"geometry":{"type":"Polygon","coordinates":[[[-8.61458,41.17933],[-8.61229,41.1788],[-8.61169,41.17701],[-8.61338,41.17576],[-8.61567,41.17629],[-8.61627,41.17808],[-8.61458,41.17933]]]},"properties":{"zone":3,"cell_type":"total isolation","proximity":5085.5,"opportunity":9632.1,"population":853}},{"type":"Feature","id":115,"geometry":{"type":"Polygon","coordinates":[[[-8.57582,41.16859],[-8.57355,41.16807],[-8.57296,41.16629],[-8.57464,41.16505],[-8.57691,41.16557],[-8.5775,41.16735],[-8.57582,41.16859]]]},"properties":{"zone":3,"cell_type":"total isolation","proximity":2874.8,"opportunity":8200,"population":816}},{"type":"Feature","id":116,"geometry":{"type":"Polygon","coordinates":[[[-8.64933,41.15824],[-8.647,41.1577],[-8.64639,41.15587],[-8.64811,41.1546],[-8.65044,41.15514],[-8.65105,41.15696],[-8.64933,41.15824]]]},"properties":{"zone":0,"cell_type":"inclusion","proximity":8192.8,"opportunity":11753.5,"population":942}},{"type":"Feature","id":117,"geometry":{"type":"Polygon","coordinates":[[[-8.66663,41.16394],[-8.66433,41.16341],[-8.66373,41.16161],[-8.66543,41.16035],[-8.66773,41.16088],[-8.66833,41.16268],[-8.66663,41.16394]]]},"properties":{"zone":0,"cell_type":"inclusion","proximity":8450.2,"opportunity":12249.6,"population":875}},{"type":"Feature","id":118,"geometry":{"type":"Polygon","coordinates":[[[-8.58986,41.15133],[-8.58749,41.15077],[-8.58687,41.14892],[-8.58862,41.14762],[-8.59099,41.14817],[-8.59161,41.15002],[-8.58986,41.15133]]]},"properties":{"zone":3,"cell_type":"total isolation","proximity":4899,"opportunity":10945.7,"population":1048}},{"type":"Feature","id":119,"geometry":{"type":"Polygon","coordinates":[[[-8.62571,41.14674],[-8.6246,41.14648],[-8.6243,41.14557],[-8.6251,41.14497],[-8.62621,41.14523],[-8.62652,41.14614],[-8.62571,41.14674]]]},"properties":{"zone":0,"cell_type":"inclusion","proximity":7389.2,"opportunity":12406.5,"population":47}},{"type":"Feature","id":120,"geometry":{"type":"Polygon","coordinates":[[[-8.65717,41.16855],[-8.65497,41.16804],[-8.65439,41.16631],[-8.65602,41.16511],[-8.65822,41.16562],[-8.6588,41.16734],[-8.65717,41.16855]]]},"properties":{"zone":0,"cell_type":"inclusion","proximity":9535.1,"opportunity":13487.4,"population":688}},{"type":"Feature","id":121,"geometry":{"type":"Polygon","coordinates":[[[-8.59303,41.17407],[-8.59111,41.17362],[-8.59061,41.1721],[-8.59202,41.17105],[-8.59394,41.1715],[-8.59445,41.17302],[-8.59303,41.17407]]]},"properties":{"zone":3,"cell_type":"total isolation","proximity":4072.1,"opportunity":8269.6,"population":345}},{"type":"Feature","id":122,"geometry":{"type":"Polygon","coordinates":[[[-8.66428,41.17005],[-8.66228,41.16959],[-8.66175,41.16801],[-8.66323,41.16692],[-8.66522,41.16739],[-8.66575,41.16896],[-8.66428,41.17005]]]},"properties":{"zone":0,"cell_type":"inclusion","proximity":9082.8,"opportunity":12816.2,"population":414}},{"type":"Feature","id":123,"geometry":{"type":"Polygon","coordinates":[[[-8.64748,41.15269],[-8.6451,41.15214],[-8.64447,41.15028],[-8.64624,41.14897],[-8.64862,41.14952],[-8.64924,41.15138],[-8.64748,41.15269]]]},"properties":{"zone":1,"cell_type":"spatial isolation","proximity":7473,"opportunity":10375.9,"population":1094}},{"type":"Feature","id":124,"geometry":{"type":"Polygon","coordinates":[[[-8.60425,41.17473],[-8.60265,41.17436],[-8.60223,41.17308],[-8.6034,41.17221],[-8.605,41.17258],[-8.60542,41.17386],[-8.60425,41.17473]]]},"properties":{"zone":3,"cell_type":"total isolation","proximity":5090,"opportunity":10768.7,"population":156}},{"type":"Feature","id":125,"geometry":{"type":"Polygon","coordinates":[[[-8.60023,41.17588],[-8.59811,41.17539],[-8.59756,41.17372],[-8.59912,41.17256],[-8.60124,41.17306],[-8.6018,41.17472],[-8.60023,41.17588]]]},"properties":{"zone":3,"cell_type":"total isolation","proximity":4814.9,"opportunity":9561.9,"population":561}},{"type":"Feature","id":126,"geometry":{"type":"Polygon","coordinates":[[[-8.68637,41.17033],[-8.68637,41.17033],[-8.68635,41.17026],[-8.68637,41.17033]]]},"properties":{"zone":3,"cell_type":"total isolation","proximity":4821.5,"opportunity":9278,"population":1}},{"type":"Feature","id":127,"geometry":{"type":"Polygon","coordinates":[[[-8.61239,41.15296],[-8.61025,41.15246],[-8.60969,41.15079],[-8.61127,41.14962],[-8.61341,41.15011],[-8.61396,41.15179],[-8.61239,41.15296]]]},"properties":{"zone":0,"cell_type":"inclusion","proximity":8361.2,"opportunity":13472.2,"population":588}},{"type":"Feature","id":128,"geometry":{"type":"Polygon","coordinates":[[[-8.61159,41.17697],[-8.60923,41.17642],[-8.60862,41.17458],[-8.61036,41.17329],[-8.61272,41.17384],[-8.61333,41.17568],[-8.61159,41.17697]]]},"properties":{"zone":3,"cell_type":"total isolation","proximity":5139.4,"opportunity":9370.8,"population":1014}},{"type":"Feature","id":129,"geometry":{"type":"Polygon","coordinates":[[[-8.57282,41.16619],[-8.57053,41.16566],[-8.56994,41.16387],[-8.57163,41.16262],[-8.57392,41.16315],[-8.57452,41.16494],[-8.57282,41.16619]]]},"properties":{"zone":3,"cell_type":"total isolation","proximity":2815.4,"opportunity":7934.6,"population":855}},{"type":"Feature","id":130,"geometry":{"type":"Polygon","coordinates":[[[-8.66355,41.16129],[-8.66156,41.16083],[-8.66103,41.15926],[-8.6625,41.15817],[-8.6645,41.15863],[-8.66502,41.1602],[-8.66355,41.16129]]]},"properties":{"zone":0,"cell_type":"inclusion","proximity":8593.9,"opportunity":12625.4,"population":410}},{"type":"Feature","id":131,"geometry":{"type":"Polygon","coordinates":[[[-8.58934,41.16299],[-8.58731,41.16251],[-8.58678,41.16091],[-8.58828,41.1598],[-8.59031,41.16027],[-8.59085,41.16187],[-8.58934,41.16299]]]},"properties":{"zone":3,"cell_type":"total isolation","proximity":4709.1,"opportunity":9696.2,"population":457}},{"type":"Feature","id":132,"geometry":{"type":"Polygon","coordinates":[[[-8.58684,41.14885],[-8.58454,41.14832],[-8.58395,41.14652],[-8.58564,41.14527],[-8.58793,41.1458],[-8.58853,41.14759],[-8.58684,41.14885]]]},"properties":{"zone":3,"cell_type":"total isolation","proximity":4720.3,"opportunity":10362.7,"population":860}},{"type":"Feature","id":133,"geometry":{"type":"Polygon","coordinates":[[[-8.66624,41.17593],[-8.66385,41.17538],[-8.66323,41.17352],[-8.66499,41.17221],[-8.66738,41.17276],[-8.668,41.17462],[-8.66624,41.17593]]]},"properties":{"zone":1,"cell_type":"spatial isolation","proximity":7810.1,"opportunity":10494.7,"population":1822}},{"type":"Feature","id":134,"geometry":{"type":"Polygon","coordinates":[[[-8.59008,41.1718],[-8.58796,41.17131],[-8.58741,41.16965],[-8.58897,41.16849],[-8.59109,41.16898],[-8.59164,41.17064],[-8.59008,41.1718]]]},"properties":{"zone":3,"cell_type":"total isolation","proximity":4305,"opportunity":9517.6,"population":553}},{"type":"Feature","id":135,"geometry":{"type":"Polygon","coordinates":[[[-8.64244,41.17714],[-8.64026,41.17663],[-8.63969,41.17492],[-8.6413,41.17373],[-8.64348,41.17423],[-8.64405,41.17594],[-8.64244,41.17714]]]},"properties":{"zone":0,"cell_type":"inclusion","proximity":6837.9,"opportunity":12115.9,"population":655}},{"type":"Feature","id":136,"geometry":{"type":"Polygon","coordinates":[[[-8.61126,41.15618],[-8.60906,41.15567],[-8.60848,41.15394],[-8.61011,41.15273],[-8.61231,41.15324],[-8.61289,41.15497],[-8.61126,41.15618]]]},"properties":{"zone":0,"cell_type":"inclusion","proximity":8157.9,"opportunity":13221.4,"population":693}},{"type":"Feature","id":137,"geometry":{"type":"Polygon","coordinates":[[[-8.66178,41.15601],[-8.6594,41.15546],[-8.65878,41.1536],[-8.66054,41.15229],[-8.66292,41.15284],[-8.66355,41.1547],[-8.66178,41.15601]]]},"properties":{"zone":0,"cell_type":"inclusion","proximity":7592.5,"opportunity":11514,"population":1226}},{"type":"Feature","id":138,"geometry":{"type":"Polygon","coordinates":[[[-8.60131,41.17251],[-8.59945,41.17208],[-8.59896,41.17061],[-8.60033,41.1696],[-8.60219,41.17003],[-8.60268,41.1715],[-8.60131,41.17251]]]},"properties":{"zone":3,"cell_type":"total isolation","proximity":4680.7,"opportunity":9371.6,"population":296}},{"type":"Feature","id":139,"geometry":{"type":"Polygon","coordinates":[[[-8.58483,41.17587],[-8.58253,41.17533],[-8.58193,41.17353],[-8.58363,41.17227],[-8.58594,41.1728],[-8.58654,41.1746],[-8.58483,41.17587]]]},"properties":{"zone":3,"cell_type":"total isolation","proximity":3497.4,"opportunity":8426.3,"population":888}},{"type":"Feature","id":140,"geometry":{"type":"Polygon","coordinates":[[[-8.6452,41.15903],[-8.64281,41.15848],[-8.64219,41.15662],[-8.64395,41.15531],[-8.64634,41.15586],[-8.64696,41.15772],[-8.6452,41.15903]]]},"properties":{"zone":0,"cell_type":"inclusion","proximity":8045.4,"opportunity":12092.3,"population":1420}},{"type":"Feature","id":141,"geometry":{"type":"Polygon","coordinates":[[[-8.56601,41.15231],[-8.56412,41.15187],[-8.56362,41.15037],[-8.56502,41.14934],[-8.56691,41.14978],[-8.56741,41.15127],[-8.56601,41.15231]]]},"properties":{"zone":3,"cell_type":"total isolation","proximity":2270,"opportunity":5879.4,"population":324}},{"type":"Feature","id":142,"geometry":{"type":"Polygon","coordinates":[[[-8.6259,41.18031],[-8.62352,41.17976],[-8.62289,41.1779],[-8.62466,41.17659],[-8.62704,41.17714],[-8.62766,41.179],[-8.6259,41.18031]]]},"properties":{"zone":3,"cell_type":"total isolation","proximity":5309.5,"opportunity":8175.3,"population":1658}},{"type":"Feature","id":143,"geometry":{"type":"Polygon","coordinates":[[[-8.57387,41.16271],[-8.57198,41.16228],[-8.57149,41.16079],[-8.57288,41.15976],[-8.57476,41.1602],[-8.57525,41.16169],[-8.57387,41.16271]]]},"properties":{"zone":3,"cell_type":"total isolation","proximity":3007.1,"opportunity":7563.9,"population":315}},{"type":"Feature","id":144,"geometry":{"type":"Polygon","coordinates":[[[-8.63161,41.16447],[-8.62923,41.16391],[-8.62861,41.16205],[-8.63037,41.16074],[-8.63276,41.1613],[-8.63338,41.16316],[-8.63161,41.16447]]]},"properties":{"zone":0,"cell_type":"inclusion","proximity":8073.5,"opportunity":14063.9,"population":1118}},{"type":"Feature","id":145,"geometry":{"type":"Polygon","coordinates":[[[-8.67785,41.16457],[-8.6759,41.16412],[-8.67538,41.16259],[-8.67682,41.16152],[-8.67877,41.16197],[-8.67928,41.16351],[-8.67785,41.16457]]]},"properties":{"zone":2,"cell_type":"social isolation","proximity":6463.2,"opportunity":11391.1,"population":369}},{"type":"Feature","id":146,"geometry":{"type":"Polygon","coordinates":[[[-8.60801,41.18603],[-8.60624,41.18562],[-8.60577,41.18421],[-8.60708,41.18324],[-8.60885,41.18365],[-8.60932,41.18506],[-8.60801,41.18603]]]},"properties":{"zone":3,"cell_type":"total isolation","proximity":3932.7,"opportunity":8842.6,"population":240}},{"type":"Feature","id":147,"geometry":{"type":"Polygon","coordinates":[[[-8.58144,41.15245],[-8.57957,41.15201],[-8.57908,41.15053],[-8.58046,41.14951],[-8.58233,41.14995],[-8.58282,41.15143],[-8.58144,41.15245]]]},"properties":{"zone":3,"cell_type":"total isolation","proximity":3765.8,"opportunity":9176.5,"population":306}},{"type":"Feature","id":148,"geometry":{"type":"Polygon","coordinates":[[[-8.60113,41.15217],[-8.59884,41.15164],[-8.59825,41.14985],[-8.59994,41.14859],[-8.60222,41.14912],[-8.60282,41.15091],[-8.60113,41.15217]]]},"properties":{"zone":0,"cell_type":"inclusion","proximity":6899.6,"opportunity":12510.7,"population":850}},{"type":"Feature","id":149,"geometry":{"type":"Polygon","coordinates":[[[-8.66323,41.17352],[-8.66085,41.17296],[-8.66022,41.1711],[-8.66199,41.16979],[-8.66437,41.17035],[-8.66499,41.17221],[-8.66323,41.17352]]]},"properties":{"zone":0,"cell_type":"inclusion","proximity":8936.3,"opportunity":13240.1,"population":1755}},{"type":"Feature","id":150,"geometry":{"type":"Polygon","coordinates":[[[-8.63949,41.17488],[-8.6371,41.17433],[-8.63648,41.17247],[-8.63824,41.17116],[-8.64063,41.17171],[-8.64125,41.17357],[-8.63949,41.17488]]]},"properties":{"zone":0,"cell_type":"inclusion","proximity":7167.6,"opportunity":12843.2,"population":1428}},{"type":"Feature","id":151,"geometry":{"type":"Polygon","coordinates":[[[-8.57531,41.18028],[-8.57334,41.17982],[-8.57283,41.17827],[-8.57428,41.1772],[-8.57625,41.17766],[-8.57676,41.17921],[-8.57531,41.18028]]]},"properties":{"zone":3,"cell_type":"total isolation","proximity":2444.9,"opportunity":6196.7,"population":387}},{"type":"Feature","id":152,"geometry":{"type":"Polygon","coordinates":[[[-8.67513,41.16958],[-8.67492,41.16953],[-8.67484,41.16929],[-8.67497,41.1692],[-8.67518,41.16924],[-8.67526,41.16948],[-8.67513,41.16958]]]},"properties":{"zone":1,"cell_type":"spatial isolation","proximity":7392.7,"opportunity":10034,"population":5}},{"type":"Feature","id":153,"geometry":{"type":"Polygon","coordinates":[[[-8.60824,41.1537],[-8.60611,41.15321],[-8.60556,41.15154],[-8.60713,41.15038],[-8.60925,41.15087],[-8.6098,41.15254],[-8.60824,41.1537]]]},"properties":{"zone":0,"cell_type":"inclusion","proximity":7992.6,"opportunity":13843.5,"population":565}},{"type":"Feature","id":154,"geometry":{"type":"Polygon","coordinates":[[[-8.65875,41.15352],[-8.65646,41.15299],[-8.65586,41.1512],[-8.65756,41.14994],[-8.65985,41.15048],[-8.66045,41.15227],[-8.65875,41.15352]]]},"properties":{"zone":1,"cell_type":"spatial isolation","proximity":7104,"opportunity":10640,"population":857}},{"type":"Feature","id":155,"geometry":{"type":"Polygon","coordinates":[[[-8.64172,41.1684],[-8.63952,41.16789],[-8.63895,41.16617],[-8.64057,41.16496],[-8.64277,41.16547],[-8.64335,41.16719],[-8.64172,41.1684]]]},"properties":{"zone":0,"cell_type":"inclusion","proximity":7936.4,"opportunity":13160.5,"population":685}},{"type":"Feature","id":156,"geometry":{"type":"Polygon","coordinates":[[[-8.61571,41.17613],[-8.61346,41.17561],[-8.61288,41.17385],[-8.61454,41.17262],[-8.61678,41.17314],[-8.61737,41.1749],[-8.61571,41.17613]]]},"properties":{"zone":3,"cell_type":"total isolation","proximity":5344.8,"opportunity":9473.7,"population":764}},{"type":"Feature","id":157,"geometry":{"type":"Polygon","coordinates":[[[-8.58252,41.18212],[-8.58032,41.18161],[-8.57974,41.17989],[-8.58137,41.17868],[-8.58357,41.17919],[-8.58415,41.18092],[-8.58252,41.18212]]]},"properties":{"zone":3,"cell_type":"total isolation","proximity":2939.2,"opportunity":7604,"population":688}},{"type":"Feature","id":158,"geometry":{"type":"Polygon","coordinates":[[[-8.639,41.15363],[-8.63737,41.15325],[-8.63693,41.15195],[-8.63813,41.15106],[-8.63976,41.15144],[-8.6402,41.15274],[-8.639,41.15363]]]},"properties":{"zone":0,"cell_type":"inclusion","proximity":7641.7,"opportunity":11704.9,"population":169}},{"type":"Feature","id":159,"geometry":{"type":"Polygon","coordinates":[[[-8.57624,41.15665],[-8.57401,41.15613],[-8.57343,41.15438],[-8.57508,41.15315],[-8.57731,41.15367],[-8.57789,41.15542],[-8.57624,41.15665]]]},"properties":{"zone":3,"cell_type":"total isolation","proximity":3265.7,"opportunity":7029.5,"population":748}},{"type":"Feature","id":160,"geometry":{"type":"Polygon","coordinates":[[[-8.61503,41.16748],[-8.61264,41.16693],[-8.61202,41.16507],[-8.61378,41.16376],[-8.61617,41.16432],[-8.61679,41.16618],[-8.61503,41.16748]]]},"properties":{"zone":1,"cell_type":"spatial isolation","proximity":6796,"opportunity":11039.9,"population":1123}},{"type":"Feature","id":161,"geometry":{"type":"Polygon","coordinates":[[[-8.56288,41.14948],[-8.56152,41.14916],[-8.56116,41.14807],[-8.56215,41.14734],[-8.5635,41.14765],[-8.56386,41.14874],[-8.56288,41.14948]]]},"properties":{"zone":3,"cell_type":"total isolation","proximity":1887,"opportunity":5153.5,"population":85}},{"type":"Feature","id":162,"geometry":{"type":"Polygon","coordinates":[[[-8.62289,41.1779],[-8.62051,41.17734],[-8.61989,41.17548],[-8.62165,41.17418],[-8.62404,41.17473],[-8.62466,41.17659],[-8.62289,41.1779]]]},"properties":{"zone":3,"cell_type":"total isolation","proximity":5313.5,"opportunity":8536.5,"population":1648}},{"type":"Feature","id":163,"geometry":{"type":"Polygon","coordinates":[[[-8.62254,41.15703],[-8.62041,41.15653],[-8.61985,41.15486],[-8.62142,41.1537],[-8.62355,41.15419],[-8.62411,41.15586],[-8.62254,41.15703]]]},"properties":{"zone":0,"cell_type":"inclusion","proximity":8463.1,"opportunity":13537.2,"population":577}},{"type":"Feature","id":164,"geometry":{"type":"Polygon","coordinates":[[[-8.67488,41.16228],[-8.67278,41.16179],[-8.67223,41.16014],[-8.67378,41.15899],[-8.67588,41.15948],[-8.67643,41.16113],[-8.67488,41.16228]]]},"properties":{"zone":1,"cell_type":"spatial isolation","proximity":7099.9,"opportunity":10953.9,"population":536}},{"type":"Feature","id":165,"geometry":{"type":"Polygon","coordinates":[[[-8.6048,41.18297],[-8.60386,41.18276],[-8.6036,41.18197],[-8.60428,41.18147],[-8.60522,41.18169],[-8.60548,41.18247],[-8.6048,41.18297]]]},"properties":{"zone":3,"cell_type":"total isolation","proximity":4081.8,"opportunity":8946.9,"population":31}},{"type":"Feature","id":166,"geometry":{"type":"Polygon","coordinates":[[[-8.59815,41.14982],[-8.59577,41.14927],[-8.59516,41.14741],[-8.59691,41.14611],[-8.59929,41.14666],[-8.59991,41.14852],[-8.59815,41.14982]]]},"properties":{"zone":2,"cell_type":"social isolation","proximity":6600.3,"opportunity":13485.8,"population":1056}},{"type":"Feature","id":167,"geometry":{"type":"Polygon","coordinates":[[[-8.57229,41.17782],[-8.57039,41.17737],[-8.56989,41.17587],[-8.57129,41.17483],[-8.5732,41.17527],[-8.5737,41.17678],[-8.57229,41.17782]]]},"properties":{"zone":3,"cell_type":"total isolation","proximity":2265.9,"opportunity":7148,"population":331}},{"type":"Feature","id":168,"geometry":{"type":"Polygon","coordinates":[[[-8.65357,41.17751],[-8.65208,41.17717],[-8.65168,41.17597],[-8.65277,41.17516],[-8.65427,41.1755],[-8.65467,41.1767],[-8.65357,41.17751]]]},"properties":{"zone":0,"cell_type":"inclusion","proximity":7528.3,"opportunity":13003,"population":121}},{"type":"Feature","id":169,"geometry":{"type":"Polygon","coordinates":[[[-8.66892,41.15763],[-8.66659,41.15709],[-8.66598,41.15526],[-8.66771,41.15398],[-8.67004,41.15452],[-8.67065,41.15635],[-8.66892,41.15763]]]},"properties":{"zone":0,"cell_type":"inclusion","proximity":7116.6,"opportunity":11231.6,"population":950}},{"type":"Feature","id":170,"geometry":{"type":"Polygon","coordinates":[[[-8.59358,41.1625],[-8.59119,41.16195],[-8.59057,41.16009],[-8.59234,41.15878],[-8.59472,41.15933],[-8.59534,41.16119],[-8.59358,41.1625]]]},"properties":{"zone":3,"cell_type":"total isolation","proximity":5424.6,"opportunity":10505.2,"population":1292}},{"type":"Feature","id":171,"geometry":{"type":"Polygon","coordinates":[[[-8.61173,41.1444],[-8.60935,41.14384],[-8.60873,41.14198],[-8.61049,41.14067],[-8.61287,41.14123],[-8.61349,41.14309],[-8.61173,41.1444]]]},"properties":{"zone":0,"cell_type":"inclusion","proximity":7230,"opportunity":11783.1,"population":1075}},{"type":"Feature","id":172,"geometry":{"type":"Polygon","coordinates":[[[-8.61269,41.17367],[-8.6105,41.17317],[-8.60993,41.17145],[-8.61155,41.17025],[-8.61374,41.17076],[-8.61431,41.17247],[-8.61269,41.17367]]]},"properties":{"zone":3,"cell_type":"total isolation","proximity":5906.1,"opportunity":10175.9,"population":670}},{"type":"Feature","id":173,"geometry":{"type":"Polygon","coordinates":[[[-8.61277,41.14092],[-8.61079,41.14046],[-8.61026,41.1389],[-8.61173,41.13781],[-8.61372,41.13827],[-8.61424,41.13984],[-8.61277,41.14092]]]},"properties":{"zone":0,"cell_type":"inclusion","proximity":6857.8,"opportunity":11587.6,"population":408}},{"type":"Feature","id":174,"geometry":{"type":"Polygon","coordinates":[[[-8.64426,41.18259],[-8.64225,41.18212],[-8.64172,41.18054],[-8.64321,41.17944],[-8.64522,41.17991],[-8.64574,41.18149],[-8.64426,41.18259]]]},"properties":{"zone":3,"cell_type":"total isolation","proximity":5988.4,"opportunity":10835.3,"population":428}},{"type":"Feature","id":175,"geometry":{"type":"Polygon","coordinates":[[[-8.63601,41.15127],[-8.6343,41.15088],[-8.63385,41.14952],[-8.63511,41.14859],[-8.63682,41.14898],[-8.63727,41.15034],[-8.63601,41.15127]]]},"properties":{"zone":1,"cell_type":"spatial isolation","proximity":7326.3,"opportunity":10720.1,"population":204}},{"type":"Feature","id":176,"geometry":{"type":"Polygon","coordinates":[[[-8.61617,41.16432],[-8.61378,41.16376],[-8.61316,41.1619],[-8.61493,41.16059],[-8.61731,41.16115],[-8.61793,41.16301],[-8.61617,41.16432]]]},"properties":{"zone":0,"cell_type":"inclusion","proximity":7509.3,"opportunity":11742.9,"population":1167}},{"type":"Feature","id":177,"geometry":{"type":"Polygon","coordinates":[[[-8.5772,41.15289],[-8.57573,41.15255],[-8.57534,41.15137],[-8.57641,41.15058],[-8.57788,41.15092],[-8.57827,41.15209],[-8.5772,41.15289]]]},"properties":{"zone":3,"cell_type":"total isolation","proximity":3314.4,"opportunity":8228.9,"population":112}},{"type":"Feature","id":178,"geometry":{"type":"Polygon","coordinates":[[[-8.64282,41.1651],[-8.64079,41.16463],[-8.64026,41.16303],[-8.64176,41.16192],[-8.64379,41.16239],[-8.64432,41.16399],[-8.64282,41.1651]]]},"properties":{"zone":0,"cell_type":"inclusion","proximity":8501.5,"opportunity":13747.8,"population":450}},{"type":"Feature","id":179,"geometry":{"type":"Polygon","coordinates":[[[-8.58325,41.15787],[-8.58158,41.15748],[-8.58114,41.15616],[-8.58237,41.15525],[-8.58403,41.15564],[-8.58447,41.15696],[-8.58325,41.15787]]]},"properties":{"zone":3,"cell_type":"total isolation","proximity":3855.5,"opportunity":8967.7,"population":183}},{"type":"Feature","id":180,"geometry":{"type":"Polygon","coordinates":[[[-8.67444,41.17415],[-8.67241,41.17368],[-8.67188,41.17208],[-8.67338,41.17097],[-8.67541,41.17144],[-8.67594,41.17303],[-8.67444,41.17415]]]},"properties":{"zone":0,"cell_type":"inclusion","proximity":7565.8,"opportunity":11278.2,"population":449}},{"type":"Feature","id":181,"geometry":{"type":"Polygon","coordinates":[[[-8.57513,41.15993],[-8.57275,41.15938],[-8.57213,41.15751],[-8.5739,41.15621],[-8.57628,41.15676],[-8.5769,41.15862],[-8.57513,41.15993]]]},"properties":{"zone":3,"cell_type":"total isolation","proximity":3079.3,"opportunity":7528.6,"population":1767}},{"type":"Feature","id":182,"geometry":{"type":"Polygon","coordinates":[[[-8.65018,41.17396],[-8.65018,41.17396],[-8.65016,41.1739],[-8.65018,41.17396]]]},"properties":{"zone":0,"cell_type":"inclusion","proximity":7224.9,"opportunity":12092.9,"population":1}},{"type":"Feature","id":183,"geometry":{"type":"Polygon","coordinates":[[[-8.56709,41.14894],[-8.56546,41.14856],[-8.56502,41.14726],[-8.56622,41.14637],[-8.56786,41.14675],[-8.56829,41.14805],[-8.56709,41.14894]]]},"properties":{"zone":3,"cell_type":"total isolation","proximity":2181.2,"opportunity":5642.8,"population":171}},{"type":"Feature","id":184,"geometry":{"type":"Polygon","coordinates":[[[-8.59235,41.1654],[-8.59031,41.16493],[-8.58978,41.16333],[-8.59128,41.16221],[-8.59332,41.16269],[-8.59385,41.16429],[-8.59235,41.1654]]]},"properties":{"zone":3,"cell_type":"total isolation","proximity":4900.3,"opportunity":10132.8,"population":459}},{"type":"Feature","id":185,"geometry":{"type":"Polygon","coordinates":[[[-8.58668,41.18142],[-8.58441,41.1809],[-8.58382,41.17912],[-8.5855,41.17788],[-8.58777,41.1784],[-8.58836,41.18018],[-8.58668,41.18142]]]},"properties":{"zone":3,"cell_type":"total isolation","proximity":3184.4,"opportunity":7605.1,"population":815}},{"type":"Feature","id":186,"geometry":{"type":"Polygon","coordinates":[[[-8.66592,41.15523],[-8.66357,41.15469],[-8.66295,41.15285],[-8.66469,41.15155],[-8.66705,41.1521],[-8.66767,41.15394],[-8.66592,41.15523]]]},"properties":{"zone":1,"cell_type":"spatial isolation","proximity":6769.2,"opportunity":10377.5,"population":1008}},{"type":"Feature","id":187,"geometry":{"type":"Polygon","coordinates":[[[-8.66707,41.15208],[-8.66469,41.15153],[-8.66407,41.14967],[-8.66583,41.14836],[-8.66821,41.14891],[-8.66883,41.15077],[-8.66707,41.15208]]]},"properties":{"zone":3,"cell_type":"total isolation","proximity":6074.1,"opportunity":10185.2,"population":1113}},{"type":"Feature","id":188,"geometry":{"type":"Polygon","coordinates":[[[-8.59057,41.16006],[-8.58821,41.15952],[-8.5876,41.15768],[-8.58934,41.15639],[-8.5917,41.15693],[-8.59231,41.15877],[-8.59057,41.16006]]]},"properties":{"zone":3,"cell_type":"total isolation","proximity":5007.1,"opportunity":9900.9,"population":1003}},{"type":"Feature","id":189,"geometry":{"type":"Polygon","coordinates":[[[-8.62144,41.16034],[-8.61913,41.1598],[-8.61853,41.15799],[-8.62023,41.15673],[-8.62255,41.15726],[-8.62315,41.15907],[-8.62144,41.16034]]]},"properties":{"zone":0,"cell_type":"inclusion","proximity":8059.1,"opportunity":14704.4,"population":900}},{"type":"Feature","id":190,"geometry":{"type":"Polygon","coordinates":[[[-8.66399,41.14943],[-8.66192,41.14895],[-8.66138,41.14732],[-8.6629,41.14619],[-8.66497,41.14667],[-8.66551,41.14829],[-8.66399,41.14943]]]},"properties":{"zone":3,"cell_type":"total isolation","proximity":5911.1,"opportunity":10016.8,"population":492}},{"type":"Feature","id":191,"geometry":{"type":"Polygon","coordinates":[[[-8.65193,41.17261],[-8.64954,41.17206],[-8.64892,41.1702],[-8.65069,41.16889],[-8.65307,41.16944],[-8.65369,41.17131],[-8.65193,41.17261]]]},"properties":{"zone":0,"cell_type":"inclusion","proximity":8711.1,"opportunity":12594.9,"population":1513}},{"type":"Feature","id":192,"geometry":{"type":"Polygon","coordinates":[[[-8.61316,41.1619],[-8.61078,41.16135],[-8.61016,41.15949],[-8.61192,41.15818],[-8.61431,41.15873],[-8.61493,41.16059],[-8.61316,41.1619]]]},"properties":{"zone":0,"cell_type":"inclusion","proximity":7299.1,"opportunity":11870.2,"population":1301}},{"type":"Feature","id":193,"geometry":{"type":"Polygon","coordinates":[[[-8.57431,41.15083],[-8.57238,41.15038],[-8.57188,41.14886],[-8.5733,41.1478],[-8.57522,41.14825],[-8.57573,41.14977],[-8.57431,41.15083]]]},"properties":{"zone":3,"cell_type":"total isolation","proximity":2658.5,"opportunity":5761.6,"population":351}},{"type":"Feature","id":194,"geometry":{"type":"Polygon","coordinates":[[[-8.61632,41.18456],[-8.6145,41.18414],[-8.61401,41.18269],[-8.61536,41.1817],[-8.61718,41.18212],[-8.61767,41.18356],[-8.61632,41.18456]]]},"properties":{"zone":3,"cell_type":"total isolation","proximity":4290.8,"opportunity":8118.8,"population":272}},{"type":"Feature","id":195,"geometry":{"type":"Polygon","coordinates":[[[-8.5769,41.16524],[-8.57488,41.16477],[-8.57435,41.16317],[-8.57584,41.16206],[-8.57787,41.16254],[-8.5784,41.16413],[-8.5769,41.16524]]]},"properties":{"zone":3,"cell_type":"total isolation","proximity":3112.2,"opportunity":8237.5,"population":448}},{"type":"Feature","id":196,"geometry":{"type":"Polygon","coordinates":[[[-8.58037,41.15585],[-8.5782,41.15534],[-8.57763,41.15364],[-8.57924,41.15245],[-8.58141,41.15295],[-8.58198,41.15466],[-8.58037,41.15585]]]},"properties":{"zone":3,"cell_type":"total isolation","proximity":3584.3,"opportunity":8281,"population":642}},{"type":"Feature","id":197,"geometry":{"type":"Polygon","coordinates":[[[-8.64404,41.16217],[-8.6417,41.16162],[-8.64109,41.1598],[-8.64282,41.15852],[-8.64516,41.15906],[-8.64577,41.16088],[-8.64404,41.16217]]]},"properties":{"zone":0,"cell_type":"inclusion","proximity":8969.4,"opportunity":14094.1,"population":961}},{"type":"Feature","id":198,"geometry":{"type":"Polygon","coordinates":[[[-8.58368,41.17902],[-8.5814,41.17849],[-8.58081,41.1767],[-8.5825,41.17545],[-8.58478,41.17598],[-8.58537,41.17777],[-8.58368,41.17902]]]},"properties":{"zone":3,"cell_type":"total isolation","proximity":3176.7,"opportunity":8024.5,"population":841}},{"type":"Feature","id":199,"geometry":{"type":"Polygon","coordinates":[[[-8.68024,41.15857],[-8.67785,41.15802],[-8.67723,41.15615],[-8.67899,41.15485],[-8.68138,41.1554],[-8.682,41.15726],[-8.68024,41.15857]]]},"properties":{"zone":3,"cell_type":"total isolation","proximity":5865.7,"opportunity":10211.1,"population":1154}},{"type":"Feature","id":200,"geometry":{"type":"Polygon","coordinates":[[[-8.60483,41.16328],[-8.60261,41.16277],[-8.60203,41.16103],[-8.60367,41.15981],[-8.60589,41.16033],[-8.60647,41.16207],[-8.60483,41.16328]]]},"properties":{"zone":0,"cell_type":"inclusion","proximity":6843.1,"opportunity":12727.6,"population":722}},{"type":"Feature","id":201,"geometry":{"type":"Polygon","coordinates":[[[-8.61049,41.14726],[-8.6085,41.1468],[-8.60798,41.14523],[-8.60945,41.14415],[-8.61143,41.14461],[-8.61195,41.14617],[-8.61049,41.14726]]]},"properties":{"zone":0,"cell_type":"inclusion","proximity":7945.7,"opportunity":13502.1,"population":404}},{"type":"Feature","id":202,"geometry":{"type":"Polygon","coordinates":[[[-8.58713,41.16955],[-8.5848,41.16901],[-8.58419,41.16719],[-8.58592,41.16591],[-8.58825,41.16645],[-8.58885,41.16827],[-8.58713,41.16955]]]},"properties":{"zone":3,"cell_type":"total isolation","proximity":4112.6,"opportunity":8970.1,"population":943}},{"type":"Feature","id":203,"geometry":{"type":"Polygon","coordinates":[[[-8.60395,41.18703],[-8.60185,41.18654],[-8.6013,41.1849],[-8.60285,41.18375],[-8.60494,41.18424],[-8.60549,41.18588],[-8.60395,41.18703]]]},"properties":{"zone":3,"cell_type":"total isolation","proximity":3653.1,"opportunity":8642.3,"population":527}},{"type":"Feature","id":204,"geometry":{"type":"Polygon","coordinates":[[[-8.61845,41.15798],[-8.61607,41.15742],[-8.61545,41.15556],[-8.61721,41.15426],[-8.6196,41.15481],[-8.62022,41.15667],[-8.61845,41.15798]]]},"properties":{"zone":0,"cell_type":"inclusion","proximity":8437,"opportunity":14233.5,"population":1074}},{"type":"Feature","id":205,"geometry":{"type":"Polygon","coordinates":[[[-8.66045,41.14543],[-8.66045,41.14543],[-8.66043,41.14537],[-8.66045,41.14543]]]},"properties":{"zone":3,"cell_type":"total isolation","proximity":5736.2,"opportunity":8998.5,"population":3}},{"type":"Feature","id":206,"geometry":{"type":"Polygon","coordinates":[[[-8.6274,41.16503],[-8.62527,41.16453],[-8.62471,41.16286],[-8.62629,41.16169],[-8.62842,41.16219],[-8.62898,41.16386],[-8.6274,41.16503]]]},"properties":{"zone":0,"cell_type":"inclusion","proximity":7976.7,"opportunity":14296.7,"population":579}},{"type":"Feature","id":207,"geometry":{"type":"Polygon","coordinates":[[[-8.64452,41.17016],[-8.64317,41.16985],[-8.64281,41.16876],[-8.64379,41.16803],[-8.64514,41.16834],[-8.6455,41.16943],[-8.64452,41.17016]]]},"properties":{"zone":0,"cell_type":"inclusion","proximity":8192.3,"opportunity":13765.2,"population":83}},{"type":"Feature","id":208,"geometry":{"type":"Polygon","coordinates":[[[-8.59472,41.15933],[-8.59234,41.15878],[-8.59172,41.15692],[-8.59348,41.15561],[-8.59586,41.15616],[-8.59648,41.15803],[-8.59472,41.15933]]]},"properties":{"zone":3,"cell_type":"total isolation","proximity":5712.4,"opportunity":10680.6,"population":1494}},{"type":"Feature","id":209,"geometry":{"type":"Polygon","coordinates":[[[-8.62516,41.17151],[-8.62284,41.17097],[-8.62224,41.16916],[-8.62395,41.16789],[-8.62628,41.16842],[-8.62688,41.17024],[-8.62516,41.17151]]]},"properties":{"zone":3,"cell_type":"total isolation","proximity":6650.1,"opportunity":10826.7,"population":922}},{"type":"Feature","id":210,"geometry":{"type":"Polygon","coordinates":[[[-8.64098,41.15959],[-8.63886,41.15909],[-8.63831,41.15743],[-8.63987,41.15627],[-8.64199,41.15676],[-8.64255,41.15842],[-8.64098,41.15959]]]},"properties":{"zone":0,"cell_type":"inclusion","proximity":8307,"opportunity":12706.5,"population":562}},{"type":"Feature","id":211,"geometry":{"type":"Polygon","coordinates":[[[-8.62162,41.18065],[-8.61978,41.18022],[-8.6193,41.17877],[-8.62065,41.17777],[-8.62248,41.17819],[-8.62297,41.17964],[-8.62162,41.18065]]]},"properties":{"zone":3,"cell_type":"total isolation","proximity":4883.5,"opportunity":7644.9,"population":279}},{"type":"Feature","id":212,"geometry":{"type":"Polygon","coordinates":[[[-8.56183,41.15294],[-8.56009,41.15253],[-8.55964,41.15116],[-8.56091,41.15021],[-8.56264,41.15062],[-8.5631,41.15199],[-8.56183,41.15294]]]},"properties":{"zone":3,"cell_type":"total isolation","proximity":1969.1,"opportunity":5451.5,"population":217}},{"type":"Feature","id":213,"geometry":{"type":"Polygon","coordinates":[[[-8.6772,41.15607],[-8.67493,41.15554],[-8.67434,41.15377],[-8.67602,41.15252],[-8.67829,41.15305],[-8.67888,41.15482],[-8.6772,41.15607]]]},"properties":{"zone":2,"cell_type":"social isolation","proximity":5893.4,"opportunity":11177.8,"population":810}},{"type":"Feature","id":214,"geometry":{"type":"Polygon","coordinates":[[[-8.60187,41.16099],[-8.59949,41.16044],[-8.59887,41.15858],[-8.60063,41.15727],[-8.60301,41.15783],[-8.60363,41.15969],[-8.60187,41.16099]]]},"properties":{"zone":3,"cell_type":"total isolation","proximity":6678.6,"opportunity":11103,"population":1495}},{"type":"Feature","id":215,"geometry":{"type":"Polygon","coordinates":[[[-8.5762,41.14325],[-8.57588,41.14318],[-8.57578,41.14286],[-8.57599,41.14271],[-8.5763,41.14278],[-8.5764,41.1431],[-8.5762,41.14325]]]},"properties":{"zone":3,"cell_type":"total isolation","proximity":2978.2,"opportunity":6268.2,"population":7}},{"type":"Feature","id":216,"geometry":{"type":"Polygon","coordinates":[[[-8.58386,41.16631],[-8.5826,41.16602],[-8.58226,41.165],[-8.58318,41.16432],[-8.58444,41.16461],[-8.58478,41.16563],[-8.58386,41.16631]]]},"properties":{"zone":3,"cell_type":"total isolation","proximity":3878,"opportunity":8699.2,"population":68}},{"type":"Feature","id":217,"geometry":{"type":"Polygon","coordinates":[[[-8.65607,41.17183],[-8.65372,41.17129],[-8.65311,41.16945],[-8.65484,41.16816],[-8.65719,41.16871],[-8.6578,41.17054],[-8.65607,41.17183]]]},"properties":{"zone":0,"cell_type":"inclusion","proximity":9328.1,"opportunity":13687.2,"population":987}},{"type":"Feature","id":218,"geometry":{"type":"Polygon","coordinates":[[[-8.67251,41.16835],[-8.67076,41.16794],[-8.6703,41.16656],[-8.67158,41.1656],[-8.67333,41.16601],[-8.67379,41.16739],[-8.67251,41.16835]]]},"properties":{"zone":0,"cell_type":"inclusion","proximity":7711.2,"opportunity":11197.2,"population":225}},{"type":"Feature","id":219,"geometry":{"type":"Polygon","coordinates":[[[-8.6455,41.17971],[-8.64311,41.17915],[-8.64249,41.17729],[-8.64425,41.17599],[-8.64664,41.17654],[-8.64726,41.1784],[-8.6455,41.17971]]]},"properties":{"zone":2,"cell_type":"social isolation","proximity":6623.7,"opportunity":13159.6,"population":1565}},{"type":"Feature","id":220,"geometry":{"type":"Polygon","coordinates":[[[-8.63272,41.16119],[-8.63047,41.16067],[-8.62988,41.15891],[-8.63155,41.15768],[-8.6338,41.1582],[-8.63438,41.15996],[-8.63272,41.16119]]]},"properties":{"zone":0,"cell_type":"inclusion","proximity":8325.3,"opportunity":13483,"population":774}},{"type":"Feature","id":221,"geometry":{"type":"Polygon","coordinates":[[[-8.64634,41.15586],[-8.64396,41.15531],[-8.64334,41.15345],[-8.6451,41.15214],[-8.64748,41.1527],[-8.6481,41.15455],[-8.64634,41.15586]]]},"properties":{"zone":0,"cell_type":"inclusion","proximity":8154.7,"opportunity":11647.8,"population":1066}},{"type":"Feature","id":222,"geometry":{"type":"Polygon","coordinates":[[[-8.62446,41.16281],[-8.62208,41.16225],[-8.62146,41.16039],[-8.62322,41.15908],[-8.6256,41.15964],[-8.62622,41.1615],[-8.62446,41.16281]]]},"properties":{"zone":0,"cell_type":"inclusion","proximity":7823.8,"opportunity":13361.4,"population":1084}},{"type":"Feature","id":223,"geometry":{"type":"Polygon","coordinates":[[[-8.55643,41.15652],[-8.55513,41.15622],[-8.55478,41.15517],[-8.55573,41.15447],[-8.55703,41.15477],[-8.55738,41.15582],[-8.55643,41.15652]]]},"properties":{"zone":3,"cell_type":"total isolation","proximity":1520.3,"opportunity":2690.4,"population":74}},{"type":"Feature","id":224,"geometry":{"type":"Polygon","coordinates":[[[-8.59166,41.15673],[-8.58951,41.15624],[-8.58895,41.15455],[-8.59054,41.15338],[-8.59268,41.15388],[-8.59324,41.15556],[-8.59166,41.15673]]]},"properties":{"zone":3,"cell_type":"total isolation","proximity":5223.6,"opportunity":9815.9,"population":598}},{"type":"Feature","id":225,"geometry":{"type":"Polygon","coordinates":[[[-8.56809,41.17838],[-8.56643,41.178],[-8.56599,41.17667],[-8.56721,41.17577],[-8.56887,41.17616],[-8.56931,41.17748],[-8.56809,41.17838]]]},"properties":{"zone":3,"cell_type":"total isolation","proximity":1938.7,"opportunity":4940.3,"population":182}},{"type":"Feature","id":226,"geometry":{"type":"Polygon","coordinates":[[[-8.65525,41.16278],[-8.65329,41.16232],[-8.65278,41.16078],[-8.65422,41.15971],[-8.65617,41.16016],[-8.65669,41.16171],[-8.65525,41.16278]]]},"properties":{"zone":0,"cell_type":"inclusion","proximity":9230.1,"opportunity":13276.4,"population":376}},{"type":"Feature","id":227,"geometry":{"type":"Polygon","coordinates":[[[-8.61388,41.17065],[-8.6115,41.1701],[-8.61088,41.16824],[-8.61264,41.16693],[-8.61503,41.16748],[-8.61565,41.16935],[-8.61388,41.17065]]]},"properties":{"zone":3,"cell_type":"total isolation","proximity":6380.8,"opportunity":11036.1,"population":1281}},{"type":"Feature","id":228,"geometry":{"type":"Polygon","coordinates":[[[-8.66244,41.16456],[-8.66032,41.16407],[-8.65977,41.16241],[-8.66133,41.16125],[-8.66345,41.16174],[-8.664,41.1634],[-8.66244,41.16456]]]},"properties":{"zone":0,"cell_type":"inclusion","proximity":9513.5,"opportunity":13877.1,"population":558}},{"type":"Feature","id":229,"geometry":{"type":"Polygon","coordinates":[[[-8.59506,41.14715],[-8.59302,41.14667],[-8.59249,41.14507],[-8.594,41.14395],[-8.59603,41.14443],[-8.59657,41.14603],[-8.59506,41.14715]]]},"properties":{"zone":2,"cell_type":"social isolation","proximity":5771.1,"opportunity":11618.2,"population":461}},{"type":"Feature","id":230,"geometry":{"type":"Polygon","coordinates":[[[-8.62169,41.14788],[-8.62008,41.14751],[-8.61965,41.14622],[-8.62083,41.14534],[-8.62245,41.14571],[-8.62288,41.147],[-8.62169,41.14788]]]},"properties":{"zone":0,"cell_type":"inclusion","proximity":7398.9,"opportunity":11427.8,"population":162}},{"type":"Feature","id":231,"geometry":{"type":"Polygon","coordinates":[[[-8.62993,41.14621],[-8.62852,41.14588],[-8.62815,41.14475],[-8.62918,41.14399],[-8.63058,41.14432],[-8.63096,41.14545],[-8.62993,41.14621]]]},"properties":{"zone":1,"cell_type":"spatial isolation","proximity":7230,"opportunity":10490.2,"population":97}},{"type":"Feature","id":232,"geometry":{"type":"Polygon","coordinates":[[[-8.59844,41.1705],[-8.59605,41.16995],[-8.59544,41.16808],[-8.5972,41.16678],[-8.59958,41.16733],[-8.6002,41.16919],[-8.59844,41.1705]]]},"properties":{"zone":3,"cell_type":"total isolation","proximity":4855.1,"opportunity":8921.4,"population":1375}},{"type":"Feature","id":233,"geometry":{"type":"Polygon","coordinates":[[[-8.65307,41.16944],[-8.65069,41.16889],[-8.65006,41.16703],[-8.65183,41.16572],[-8.65421,41.16627],[-8.65483,41.16814],[-8.65307,41.16944]]]},"properties":{"zone":0,"cell_type":"inclusion","proximity":9338.1,"opportunity":13379.8,"population":1756}},{"type":"Feature","id":234,"geometry":{"type":"Polygon","coordinates":[[[-8.6696,41.16623],[-8.66746,41.16574],[-8.6669,41.16406],[-8.66848,41.16289],[-8.67062,41.16338],[-8.67118,41.16506],[-8.6696,41.16623]]]},"properties":{"zone":0,"cell_type":"inclusion","proximity":8702,"opportunity":13131,"population":590}},{"type":"Feature","id":235,"geometry":{"type":"Polygon","coordinates":[[[-8.60716,41.15707],[-8.60478,41.15652],[-8.60416,41.15466],[-8.60592,41.15335],[-8.6083,41.1539],[-8.60892,41.15576],[-8.60716,41.15707]]]},"properties":{"zone":0,"cell_type":"inclusion","proximity":7640.4,"opportunity":12349.4,"population":1120}},{"type":"Feature","id":236,"geometry":{"type":"Polygon","coordinates":[[[-8.62959,41.1584],[-8.62784,41.15799],[-8.62738,41.1566],[-8.62867,41.15565],[-8.63042,41.15605],[-8.63088,41.15744],[-8.62959,41.1584]]]},"properties":{"zone":0,"cell_type":"inclusion","proximity":8697.3,"opportunity":14547,"population":227}},{"type":"Feature","id":237,"geometry":{"type":"Polygon","coordinates":[[[-8.64309,41.15272],[-8.64167,41.15238],[-8.64128,41.15124],[-8.64233,41.15046],[-8.64376,41.15079],[-8.64414,41.15194],[-8.64309,41.15272]]]},"properties":{"zone":3,"cell_type":"total isolation","proximity":5899.8,"opportunity":10661.1,"population":103}},{"type":"Feature","id":238,"geometry":{"type":"Polygon","coordinates":[[[-8.60969,41.17127],[-8.60748,41.17076],[-8.60691,41.16903],[-8.60854,41.16782],[-8.61075,41.16833],[-8.61132,41.17006],[-8.60969,41.17127]]]},"properties":{"zone":3,"cell_type":"total isolation","proximity":5900.6,"opportunity":10194.7,"population":702}},{"type":"Feature","id":239,"geometry":{"type":"Polygon","coordinates":[[[-8.59587,41.17598],[-8.59461,41.17568],[-8.59426,41.17466],[-8.59519,41.17397],[-8.59646,41.17427],[-8.5968,41.17529],[-8.59587,41.17598]]]},"properties":{"zone":3,"cell_type":"total isolation","proximity":4079.9,"opportunity":8381.4,"population":69}},{"type":"Feature","id":240,"geometry":{"type":"Polygon","coordinates":[[[-8.57099,41.16068],[-8.56861,41.16013],[-8.56799,41.15827],[-8.56975,41.15696],[-8.57213,41.15751],[-8.57275,41.15938],[-8.57099,41.16068]]]},"properties":{"zone":3,"cell_type":"total isolation","proximity":2572.6,"opportunity":6828.9,"population":1744}},{"type":"Feature","id":241,"geometry":{"type":"Polygon","coordinates":[[[-8.6074,41.17759],[-8.60521,41.17708],[-8.60464,41.17537],[-8.60626,41.17418],[-8.60844,41.17468],[-8.60901,41.1764],[-8.6074,41.17759]]]},"properties":{"zone":3,"cell_type":"total isolation","proximity":5012.2,"opportunity":9318.5,"population":658}},{"type":"Feature","id":242,"geometry":{"type":"Polygon","coordinates":[[[-8.56859,41.16667],[-8.56666,41.16622],[-8.56615,41.1647],[-8.56757,41.16364],[-8.56951,41.16409],[-8.57001,41.16562],[-8.56859,41.16667]]]},"properties":{"zone":3,"cell_type":"total isolation","proximity":2360.8,"opportunity":7139.8,"population":355}},{"type":"Feature","id":243,"geometry":{"type":"Polygon","coordinates":[[[-8.57325,41.17406],[-8.57211,41.17379],[-8.5718,41.17287],[-8.57263,41.17225],[-8.57377,41.17252],[-8.57407,41.17345],[-8.57325,41.17406]]]},"properties":{"zone":3,"cell_type":"total isolation","proximity":2035.3,"opportunity":6355.7,"population":50}},{"type":"Feature","id":244,"geometry":{"type":"Polygon","coordinates":[[[-8.6549,41.17491],[-8.65266,41.1744],[-8.65208,41.17265],[-8.65373,41.17142],[-8.65596,41.17194],[-8.65655,41.17369],[-8.6549,41.17491]]]},"properties":{"zone":0,"cell_type":"inclusion","proximity":8618,"opportunity":13192.9,"population":746}},{"type":"Feature","id":245,"geometry":{"type":"Polygon","coordinates":[[[-8.6523,41.16055],[-8.6501,41.16004],[-8.64952,41.15831],[-8.65115,41.15711],[-8.65336,41.15762],[-8.65393,41.15935],[-8.6523,41.16055]]]},"properties":{"zone":0,"cell_type":"inclusion","proximity":8651.9,"opportunity":12792.3,"population":694}},{"type":"Feature","id":246,"geometry":{"type":"Polygon","coordinates":[[[-8.6594,41.16204],[-8.65742,41.16158],[-8.6569,41.16002],[-8.65836,41.15894],[-8.66034,41.1594],[-8.66086,41.16096],[-8.6594,41.16204]]]},"properties":{"zone":0,"cell_type":"inclusion","proximity":9229.4,"opportunity":13223.2,"population":400}},{"type":"Feature","id":247,"geometry":{"type":"Polygon","coordinates":[[[-8.59184,41.14405],[-8.59069,41.14378],[-8.59038,41.14284],[-8.59122,41.14222],[-8.59236,41.14249],[-8.59267,41.14343],[-8.59184,41.14405]]]},"properties":{"zone":3,"cell_type":"total isolation","proximity":4464.4,"opportunity":8145.4,"population":51}},{"type":"Feature","id":248,"geometry":{"type":"Polygon","coordinates":[[[-8.59542,41.16805],[-8.59308,41.16751],[-8.59247,41.16568],[-8.59421,41.1644],[-8.59655,41.16494],[-8.59716,41.16677],[-8.59542,41.16805]]]},"properties":{"zone":3,"cell_type":"total isolation","proximity":5071.5,"opportunity":10616.6,"population":970}},{"type":"Feature","id":249,"geometry":{"type":"Polygon","coordinates":[[[-8.63825,41.17775],[-8.63625,41.17729],[-8.63572,41.17572],[-8.6372,41.17462],[-8.6392,41.17509],[-8.63972,41.17666],[-8.63825,41.17775]]]},"properties":{"zone":3,"cell_type":"total isolation","proximity":6397.9,"opportunity":10617.9,"population":417}},{"type":"Feature","id":250,"geometry":{"type":"Polygon","coordinates":[[[-8.68367,41.16882],[-8.68248,41.16854],[-8.68215,41.16757],[-8.68302,41.16693],[-8.68422,41.1672],[-8.68454,41.16818],[-8.68367,41.16882]]]},"properties":{"zone":3,"cell_type":"total isolation","proximity":5827.2,"opportunity":9600.3,"population":57}},{"type":"Feature","id":251,"geometry":{"type":"Polygon","coordinates":[[[-8.66205,41.17657],[-8.65982,41.17605],[-8.65924,41.17431],[-8.66088,41.17308],[-8.66311,41.1736],[-8.66369,41.17534],[-8.66205,41.17657]]]},"properties":{"zone":0,"cell_type":"inclusion","proximity":8582.4,"opportunity":12693.5,"population":731}},{"type":"Feature","id":252,"geometry":{"type":"Polygon","coordinates":[[[-8.59929,41.14666],[-8.59691,41.1461],[-8.59629,41.14424],[-8.59805,41.14294],[-8.60044,41.14349],[-8.60106,41.14535],[-8.59929,41.14666]]]},"properties":{"zone":2,"cell_type":"social isolation","proximity":6311.4,"opportunity":11790.9,"population":1460}},{"type":"Feature","id":253,"geometry":{"type":"Polygon","coordinates":[[[-8.65764,41.15677],[-8.65525,41.15621],[-8.65463,41.15435],[-8.65639,41.15304],[-8.65878,41.1536],[-8.6594,41.15546],[-8.65764,41.15677]]]},"properties":{"zone":1,"cell_type":"spatial isolation","proximity":6791.1,"opportunity":10720.5,"population":1143}},{"type":"Feature","id":254,"geometry":{"type":"Polygon","coordinates":[[[-8.6229,41.14491],[-8.62102,41.14448],[-8.62053,41.14299],[-8.62191,41.14197],[-8.62379,41.1424],[-8.62428,41.14389],[-8.6229,41.14491]]]},"properties":{"zone":0,"cell_type":"inclusion","proximity":7205,"opportunity":11565.2,"population":310}},{"type":"Feature","id":255,"geometry":{"type":"Polygon","coordinates":[[[-8.67598,41.159],[-8.67403,41.15854],[-8.67351,41.157],[-8.67495,41.15593],[-8.67691,41.15638],[-8.67743,41.15793],[-8.67598,41.159]]]},"properties":{"zone":3,"cell_type":"total isolation","proximity":6509.3,"opportunity":9316.7,"population":376}},{"type":"Feature","id":256,"geometry":{"type":"Polygon","coordinates":[[[-8.60667,41.16879],[-8.60454,41.1683],[-8.60399,41.16663],[-8.60556,41.16547],[-8.60768,41.16596],[-8.60823,41.16763],[-8.60667,41.16879]]]},"properties":{"zone":3,"cell_type":"total isolation","proximity":4772.6,"opportunity":9485.3,"population":564}},{"type":"Feature","id":257,"geometry":{"type":"Polygon","coordinates":[[[-8.56774,41.15749],[-8.56636,41.15717],[-8.566,41.15606],[-8.567,41.15532],[-8.56837,41.15564],[-8.56874,41.15675],[-8.56774,41.15749]]]},"properties":{"zone":3,"cell_type":"total isolation","proximity":2124,"opportunity":6044.2,"population":89}},{"type":"Feature","id":258,"geometry":{"type":"Polygon","coordinates":[[[-8.63762,41.1693],[-8.63524,41.16874],[-8.63462,41.16688],[-8.63638,41.16557],[-8.63876,41.16613],[-8.63939,41.16799],[-8.63762,41.1693]]]},"properties":{"zone":0,"cell_type":"inclusion","proximity":7682.4,"opportunity":13627,"population":1191}},{"type":"Feature","id":259,"geometry":{"type":"Polygon","coordinates":[[[-8.63045,41.16756],[-8.62816,41.16703],[-8.62756,41.16524],[-8.62925,41.16399],[-8.63154,41.16452],[-8.63214,41.16631],[-8.63045,41.16756]]]},"properties":{"zone":0,"cell_type":"inclusion","proximity":7739.9,"opportunity":13733.6,"population":852}},{"type":"Feature","id":260,"geometry":{"type":"Polygon","coordinates":[[[-8.67371,41.16536],[-8.67172,41.1649],[-8.67119,41.16333],[-8.67266,41.16224],[-8.67466,41.1627],[-8.67518,41.16427],[-8.67371,41.16536]]]},"properties":{"zone":0,"cell_type":"inclusion","proximity":7799,"opportunity":11949.2,"population":411}},{"type":"Feature","id":261,"geometry":{"type":"Polygon","coordinates":[[[-8.60636,41.14806],[-8.60431,41.14758],[-8.60378,41.14598],[-8.60529,41.14486],[-8.60733,41.14533],[-8.60787,41.14694],[-8.60636,41.14806]]]},"properties":{"zone":0,"cell_type":"inclusion","proximity":7577.1,"opportunity":13029.1,"population":469}},{"type":"Feature","id":262,"geometry":{"type":"Polygon","coordinates":[[[-8.65904,41.17413],[-8.65684,41.17362],[-8.65626,41.1719],[-8.65789,41.17069],[-8.66008,41.1712],[-8.66066,41.17292],[-8.65904,41.17413]]]},"properties":{"zone":0,"cell_type":"inclusion","proximity":8893.7,"opportunity":13242.9,"population":681}},{"type":"Feature","id":263,"geometry":{"type":"Polygon","coordinates":[[[-8.56488,41.15553],[-8.56292,41.15507],[-8.56241,41.15353],[-8.56385,41.15245],[-8.56581,41.15291],[-8.56633,41.15445],[-8.56488,41.15553]]]},"properties":{"zone":3,"cell_type":"total isolation","proximity":2122.8,"opportunity":5868.8,"population":379}},{"type":"Feature","id":264,"geometry":{"type":"Polygon","coordinates":[[[-8.65655,41.14689],[-8.65563,41.14668],[-8.65537,41.14591],[-8.65604,41.14541],[-8.65696,41.14563],[-8.65722,41.1464],[-8.65655,41.14689]]]},"properties":{"zone":3,"cell_type":"total isolation","proximity":6085.1,"opportunity":9821.9,"population":29}},{"type":"Feature","id":265,"geometry":{"type":"Polygon","coordinates":[[[-8.5806,41.17635],[-8.57865,41.1759],[-8.57814,41.17436],[-8.57958,41.17329],[-8.58153,41.17374],[-8.58204,41.17528],[-8.5806,41.17635]]]},"properties":{"zone":3,"cell_type":"total isolation","proximity":3072.7,"opportunity":7429.8,"population":373}},{"type":"Feature","id":266,"geometry":{"type":"Polygon","coordinates":[[[-8.63534,41.17563],[-8.63295,41.17508],[-8.63233,41.17322],[-8.6341,41.17191],[-8.63648,41.17247],[-8.6371,41.17433],[-8.63534,41.17563]]]},"properties":{"zone":2,"cell_type":"social isolation","proximity":6722,"opportunity":11285.2,"population":1304}},{"type":"Feature","id":267,"geometry":{"type":"Polygon","coordinates":[[[-8.64004,41.15015],[-8.63881,41.14986],[-8.63848,41.14886],[-8.63937,41.1482],[-8.6406,41.14848],[-8.64094,41.14948],[-8.64004,41.15015]]]},"properties":{"zone":1,"cell_type":"spatial isolation","proximity":7458.5,"opportunity":10011.5,"population":63}},{"type":"Feature","id":268,"geometry":{"type":"Polygon","coordinates":[[[-8.68074,41.16664],[-8.67925,41.16629],[-8.67885,41.1651],[-8.67994,41.16429],[-8.68143,41.16463],[-8.68183,41.16582],[-8.68074,41.16664]]]},"properties":{"zone":3,"cell_type":"total isolation","proximity":6200.2,"opportunity":10145.1,"population":119}},{"type":"Feature","id":269,"geometry":{"type":"Polygon","coordinates":[[[-8.60416,41.15466],[-8.60177,41.1541],[-8.60115,41.15224],[-8.60292,41.15093],[-8.6053,41.15149],[-8.60592,41.15335],[-8.60416,41.15466]]]},"properties":{"zone":0,"cell_type":"inclusion","proximity":7338.4,"opportunity":12474.8,"population":1087}},{"type":"Feature","id":270,"geometry":{"type":"Polygon","coordinates":[[[-8.58857,41.14079],[-8.58851,41.14078],[-8.58847,41.14066],[-8.58849,41.14065],[-8.58854,41.14066],[-8.58858,41.14078],[-8.58857,41.14079]]]},"properties":{"zone":3,"cell_type":"total isolation","proximity":3807.2,"opportunity":6238.4,"population":3}},{"type":"Feature","id":271,"geometry":{"type":"Polygon","coordinates":[[[-8.6485,41.18212],[-8.64612,41.18157],[-8.6455,41.17971],[-8.64726,41.1784],[-8.64964,41.17895],[-8.65027,41.18081],[-8.6485,41.18212]]]},"properties":{"zone":2,"cell_type":"social isolation","proximity":6258.9,"opportunity":11640.4,"population":1135}},{"type":"Feature","id":272,"geometry":{"type":"Polygon","coordinates":[[[-8.65462,41.15431],[-8.65229,41.15377],[-8.65169,41.15195],[-8.6534,41.15068],[-8.65573,41.15121],[-8.65633,41.15303],[-8.65462,41.15431]]]},"properties":{"zone":0,"cell_type":"inclusion","proximity":7486,"opportunity":11145.1,"population":927}},{"type":"Feature","id":273,"geometry":{"type":"Polygon","coordinates":[[[-8.61993,41.14259],[-8.61793,41.14213],[-8.6174,41.14055],[-8.61888,41.13946],[-8.62087,41.13992],[-8.6214,41.1415],[-8.61993,41.14259]]]},"properties":{"zone":1,"cell_type":"spatial isolation","proximity":6909.1,"opportunity":10763.6,"population":417}},{"type":"Feature","id":274,"geometry":{"type":"Polygon","coordinates":[[[-8.62103,41.17231],[-8.61865,41.17176],[-8.61803,41.1699],[-8.61979,41.16859],[-8.62218,41.16915],[-8.6228,41.17101],[-8.62103,41.17231]]]},"properties":{"zone":3,"cell_type":"total isolation","proximity":6406,"opportunity":10196.6,"population":1108}},{"type":"Feature","id":275,"geometry":{"type":"Polygon","coordinates":[[[-8.60035,41.14322],[-8.59832,41.14274],[-8.59779,41.14115],[-8.59929,41.14004],[-8.60131,41.14051],[-8.60184,41.14211],[-8.60035,41.14322]]]},"properties":{"zone":3,"cell_type":"total isolation","proximity":5011.2,"opportunity":10365.2,"population":447}},{"type":"Feature","id":276,"geometry":{"type":"Polygon","coordinates":[[[-8.64305,41.18556],[-8.6413,41.18515],[-8.64084,41.18377],[-8.64213,41.18281],[-8.64388,41.18322],[-8.64434,41.1846],[-8.64305,41.18556]]]},"properties":{"zone":3,"cell_type":"total isolation","proximity":5560.1,"opportunity":10060.4,"population":227}},{"type":"Feature","id":277,"geometry":{"type":"Polygon","coordinates":[[[-8.63492,41.1546],[-8.63301,41.15415],[-8.63251,41.15265],[-8.63392,41.1516],[-8.63583,41.15204],[-8.63633,41.15355],[-8.63492,41.1546]]]},"properties":{"zone":0,"cell_type":"inclusion","proximity":7876.3,"opportunity":12696.1,"population":335}},{"type":"Feature","id":278,"geometry":{"type":"Polygon","coordinates":[[[-8.61868,41.17845],[-8.61656,41.17796],[-8.61601,41.17629],[-8.61757,41.17513],[-8.61969,41.17563],[-8.62024,41.17729],[-8.61868,41.17845]]]},"properties":{"zone":3,"cell_type":"total isolation","proximity":5290.7,"opportunity":8957.7,"population":560}},{"type":"Feature","id":279,"geometry":{"type":"Polygon","coordinates":[[[-8.63458,41.16678],[-8.63233,41.16626],[-8.63174,41.1645],[-8.63341,41.16326],[-8.63566,41.16378],[-8.63625,41.16555],[-8.63458,41.16678]]]},"properties":{"zone":0,"cell_type":"inclusion","proximity":7768.3,"opportunity":13405.5,"population":778}},{"type":"Feature","id":280,"geometry":{"type":"Polygon","coordinates":[[[-8.67064,41.16275],[-8.66891,41.16235],[-8.66845,41.16098],[-8.66972,41.16003],[-8.67145,41.16043],[-8.67191,41.1618],[-8.67064,41.16275]]]},"properties":{"zone":0,"cell_type":"inclusion","proximity":8042.9,"opportunity":11751.8,"population":213}},{"type":"Feature","id":281,"geometry":{"type":"Polygon","coordinates":[[[-8.60076,41.18405],[-8.5994,41.18373],[-8.59903,41.18264],[-8.60003,41.1819],[-8.60139,41.18221],[-8.60176,41.18331],[-8.60076,41.18405]]]},"properties":{"zone":3,"cell_type":"total isolation","proximity":3794,"opportunity":9126,"population":87}},{"type":"Feature","id":282,"geometry":{"type":"Polygon","coordinates":[[[-8.60344,41.1459],[-8.60106,41.14535],[-8.60044,41.14349],[-8.6022,41.14218],[-8.60458,41.14274],[-8.6052,41.1446],[-8.60344,41.1459]]]},"properties":{"zone":0,"cell_type":"inclusion","proximity":6748.3,"opportunity":11619.7,"population":1068}},{"type":"Feature","id":283,"geometry":{"type":"Polygon","coordinates":[[[-8.61588,41.14364],[-8.61349,41.14309],[-8.61287,41.14123],[-8.61464,41.13992],[-8.61702,41.14047],[-8.61764,41.14233],[-8.61588,41.14364]]]},"properties":{"zone":0,"cell_type":"inclusion","proximity":7325,"opportunity":11960.7,"population":1292}},{"type":"Feature","id":284,"geometry":{"type":"Polygon","coordinates":[[[-8.65992,41.15043],[-8.65753,41.14987],[-8.65691,41.14801],[-8.65868,41.1467],[-8.66106,41.14726],[-8.66168,41.14912],[-8.65992,41.15043]]]},"properties":{"zone":3,"cell_type":"total isolation","proximity":6361.8,"opportunity":10886.8,"population":1279}},{"type":"Feature","id":285,"geometry":{"type":"Polygon","coordinates":[[[-8.5775,41.17363],[-8.57594,41.17327],[-8.57553,41.17202],[-8.57667,41.17118],[-8.57823,41.17154],[-8.57864,41.17278],[-8.5775,41.17363]]]},"properties":{"zone":3,"cell_type":"total isolation","proximity":2737,"opportunity":6269.4,"population":141}},{"type":"Feature","id":286,"geometry":{"type":"Polygon","coordinates":[[[-8.64939,41.17816],[-8.64804,41.17784],[-8.64767,41.17676],[-8.64866,41.17603],[-8.65001,41.17634],[-8.65037,41.17743],[-8.64939,41.17816]]]},"properties":{"zone":0,"cell_type":"inclusion","proximity":6960.6,"opportunity":12652.4,"population":84}},{"type":"Feature","id":287,"geometry":{"type":"Polygon","coordinates":[[[-8.61016,41.15949],[-8.60778,41.15893],[-8.60716,41.15707],[-8.60892,41.15576],[-8.6113,41.15632],[-8.61192,41.15818],[-8.61016,41.15949]]]},"properties":{"zone":0,"cell_type":"inclusion","proximity":7585.8,"opportunity":12665.2,"population":1471}},{"type":"Feature","id":288,"geometry":{"type":"Polygon","coordinates":[[[-8.67419,41.15363],[-8.67195,41.15311],[-8.67136,41.15136],[-8.67302,41.15013],[-8.67526,41.15065],[-8.67584,41.1524],[-8.67419,41.15363]]]},"properties":{"zone":3,"cell_type":"total isolation","proximity":5814.7,"opportunity":10712.1,"population":757}},{"type":"Feature","id":289,"geometry":{"type":"Polygon","coordinates":[[[-8.61803,41.1699],[-8.61565,41.16935],[-8.61503,41.16748],[-8.61679,41.16618],[-8.61917,41.16673],[-8.61979,41.16859],[-8.61803,41.1699]]]},"properties":{"zone":0,"cell_type":"inclusion","proximity":6769.2,"opportunity":11147.6,"population":1402}},{"type":"Feature","id":290,"geometry":{"type":"Polygon","coordinates":[[[-8.64005,41.18315],[-8.6383,41.18274],[-8.63783,41.18135],[-8.63912,41.1804],[-8.64087,41.1808],[-8.64134,41.18219],[-8.64005,41.18315]]]},"properties":{"zone":3,"cell_type":"total isolation","proximity":5279.1,"opportunity":8226.6,"population":227}},{"type":"Feature","id":291,"geometry":{"type":"Polygon","coordinates":[[[-8.67655,41.16727],[-8.67522,41.16696],[-8.67487,41.16589],[-8.67584,41.16517],[-8.67716,41.16548],[-8.67752,41.16655],[-8.67655,41.16727]]]},"properties":{"zone":1,"cell_type":"spatial isolation","proximity":7228.3,"opportunity":10290.7,"population":80}},{"type":"Feature","id":292,"geometry":{"type":"Polygon","coordinates":[[[-8.63189,41.1521],[-8.63009,41.15168],[-8.62961,41.15025],[-8.63094,41.14927],[-8.63274,41.14969],[-8.63322,41.15111],[-8.63189,41.1521]]]},"properties":{"zone":0,"cell_type":"inclusion","proximity":7898.8,"opportunity":12105.8,"population":257}},{"type":"Feature","id":293,"geometry":{"type":"Polygon","coordinates":[[[-8.64892,41.1702],[-8.64654,41.16965],[-8.64592,41.16779],[-8.64768,41.16648],[-8.65006,41.16703],[-8.65069,41.16889],[-8.64892,41.1702]]]},"properties":{"zone":0,"cell_type":"inclusion","proximity":8860,"opportunity":13677.6,"population":1253}},{"type":"Feature","id":294,"geometry":{"type":"Polygon","coordinates":[[[-8.58866,41.15432],[-8.58651,41.15382],[-8.58595,41.15214],[-8.58754,41.15096],[-8.58968,41.15146],[-8.59024,41.15314],[-8.58866,41.15432]]]},"properties":{"zone":3,"cell_type":"total isolation","proximity":4853.8,"opportunity":10811.6,"population":598}},{"type":"Feature","id":295,"geometry":{"type":"Polygon","coordinates":[[[-8.64056,41.1715],[-8.63845,41.17101],[-8.63789,41.16935],[-8.63945,41.1682],[-8.64157,41.16869],[-8.64212,41.17034],[-8.64056,41.1715]]]},"properties":{"zone":0,"cell_type":"inclusion","proximity":6849.3,"opportunity":12431.7,"population":553}},{"type":"Feature","id":296,"geometry":{"type":"Polygon","coordinates":[[[-8.67023,41.17469],[-8.66847,41.17429],[-8.668,41.17289],[-8.6693,41.17193],[-8.67106,41.17234],[-8.67152,41.17373],[-8.67023,41.17469]]]},"properties":{"zone":1,"cell_type":"spatial isolation","proximity":7002.7,"opportunity":10070.8,"population":230}},{"type":"Feature","id":297,"geometry":{"type":"Polygon","coordinates":[[[-8.58093,41.16413],[-8.57937,41.16376],[-8.57896,41.16252],[-8.5801,41.16167],[-8.58166,41.16203],[-8.58208,41.16328],[-8.58093,41.16413]]]},"properties":{"zone":3,"cell_type":"total isolation","proximity":2684.8,"opportunity":9560.8,"population":141}},{"type":"Feature","id":298,"geometry":{"type":"Polygon","coordinates":[[[-8.64636,41.17567],[-8.6451,41.17538],[-8.64476,41.17436],[-8.64568,41.17368],[-8.64693,41.17398],[-8.64727,41.17499],[-8.64636,41.17567]]]},"properties":{"zone":0,"cell_type":"inclusion","proximity":6851.7,"opportunity":11443.8,"population":66}},{"type":"Feature","id":299,"geometry":{"type":"Polygon","coordinates":[[[-8.65233,41.14743],[-8.65169,41.14728],[-8.6515,41.14672],[-8.65196,41.14638],[-8.6526,41.14653],[-8.65279,41.14709],[-8.65233,41.14743]]]},"properties":{"zone":3,"cell_type":"total isolation","proximity":6701.4,"opportunity":10711.2,"population":15}},{"type":"Feature","id":300,"geometry":{"type":"Polygon","coordinates":[[[-8.59194,41.17741],[-8.5898,41.17691],[-8.58924,41.17522],[-8.59082,41.17405],[-8.59297,41.17455],[-8.59353,41.17623],[-8.59194,41.17741]]]},"properties":{"zone":3,"cell_type":"total isolation","proximity":3776.3,"opportunity":7229.8,"population":601}},{"type":"Feature","id":301,"geometry":{"type":"Polygon","coordinates":[[[-8.67115,41.15111],[-8.66905,41.15062],[-8.6685,41.14897],[-8.67005,41.14782],[-8.67214,41.14831],[-8.6727,41.14996],[-8.67115,41.15111]]]},"properties":{"zone":3,"cell_type":"total isolation","proximity":5629.3,"opportunity":10075.4,"population":533}},{"type":"Feature","id":302,"geometry":{"type":"Polygon","coordinates":[[[-8.58628,41.16039],[-8.58449,41.15997],[-8.58401,41.15855],[-8.58534,41.15757],[-8.58713,41.15799],[-8.5876,41.15941],[-8.58628,41.16039]]]},"properties":{"zone":3,"cell_type":"total isolation","proximity":4185.1,"opportunity":9725.1,"population":253}},{"type":"Feature","id":303,"geometry":{"type":"Polygon","coordinates":[[[-8.66499,41.17878],[-8.66303,41.17832],[-8.66251,41.17677],[-8.66396,41.1757],[-8.66592,41.17616],[-8.66644,41.1777],[-8.66499,41.17878]]]},"properties":{"zone":1,"cell_type":"spatial isolation","proximity":7331.8,"opportunity":11078.5,"population":383}},{"type":"Feature","id":304,"geometry":{"type":"Polygon","coordinates":[[[-8.57124,41.14821],[-8.56958,41.14782],[-8.56914,41.1465],[-8.57036,41.14559],[-8.57202,41.14598],[-8.57246,41.1473],[-8.57124,41.14821]]]},"properties":{"zone":3,"cell_type":"total isolation","proximity":2642.2,"opportunity":5813.7,"population":182}},{"type":"Feature","id":305,"geometry":{"type":"Polygon","coordinates":[[[-8.61728,41.16104],[-8.61503,41.16052],[-8.61445,41.15876],[-8.61611,41.15753],[-8.61835,41.15805],[-8.61893,41.15981],[-8.61728,41.16104]]]},"properties":{"zone":0,"cell_type":"inclusion","proximity":7801.3,"opportunity":12709.9,"population":758}},{"type":"Feature","id":306,"geometry":{"type":"Polygon","coordinates":[[[-8.68575,41.17505],[-8.68371,41.17458],[-8.68318,41.17298],[-8.68468,41.17186],[-8.68672,41.17233],[-8.68725,41.17394],[-8.68575,41.17505]]]},"properties":{"zone":3,"cell_type":"total isolation","proximity":5169.5,"opportunity":10307,"population":459}},{"type":"Feature","id":307,"geometry":{"type":"Polygon","coordinates":[[[-8.67899,41.1614],[-8.67704,41.16095],[-8.67653,41.15942],[-8.67796,41.15835],[-8.67991,41.1588],[-8.68042,41.16034],[-8.67899,41.1614]]]},"properties":{"zone":3,"cell_type":"total isolation","proximity":6220.4,"opportunity":9914.4,"population":365}},{"type":"Feature","id":308,"geometry":{"type":"Polygon","coordinates":[[[-8.60902,41.16266],[-8.60663,41.1621],[-8.60601,41.16024],[-8.60778,41.15893],[-8.61016,41.15949],[-8.61078,41.16135],[-8.60902,41.16266]]]},"properties":{"zone":0,"cell_type":"inclusion","proximity":7259.5,"opportunity":11809,"population":1527}},{"type":"Feature","id":309,"geometry":{"type":"Polygon","coordinates":[[[-8.57016,41.15158],[-8.56824,41.15113],[-8.56774,41.14961],[-8.56915,41.14856],[-8.57108,41.14901],[-8.57158,41.15053],[-8.57016,41.15158]]]},"properties":{"zone":3,"cell_type":"total isolation","proximity":2612.3,"opportunity":6062.3,"population":346}},{"type":"Feature","id":310,"geometry":{"type":"Polygon","coordinates":[[[-8.64592,41.16779],[-8.64353,41.16723],[-8.64291,41.16537],[-8.64467,41.16406],[-8.64706,41.16462],[-8.64768,41.16648],[-8.64592,41.16779]]]},"properties":{"zone":0,"cell_type":"inclusion","proximity":8355.9,"opportunity":12524.7,"population":1321}},{"type":"Feature","id":311,"geometry":{"type":"Polygon","coordinates":[[[-8.63346,41.17],[-8.63114,41.16947],[-8.63053,41.16765],[-8.63225,41.16637],[-8.63457,41.16691],[-8.63518,41.16873],[-8.63346,41.17]]]},"properties":{"zone":0,"cell_type":"inclusion","proximity":7242,"opportunity":11958.4,"population":929}},{"type":"Feature","id":312,"geometry":{"type":"Polygon","coordinates":[[[-8.61223,41.1855],[-8.61017,41.18502],[-8.60963,41.1834],[-8.61115,41.18227],[-8.61321,41.18275],[-8.61375,41.18437],[-8.61223,41.1855]]]},"properties":{"zone":3,"cell_type":"total isolation","proximity":4227.3,"opportunity":8648.6,"population":487}},{"type":"Feature","id":313,"geometry":{"type":"Polygon","coordinates":[[[-8.58557,41.15164],[-8.58377,41.15122],[-8.58329,41.14979],[-8.58462,41.14881],[-8.58642,41.14923],[-8.5869,41.15066],[-8.58557,41.15164]]]},"properties":{"zone":3,"cell_type":"total isolation","proximity":4281,"opportunity":10615.4,"population":259}},{"type":"Feature","id":314,"geometry":{"type":"Polygon","coordinates":[[[-8.57813,41.16233],[-8.57577,41.16178],[-8.57515,41.15993],[-8.5769,41.15864],[-8.57927,41.15919],[-8.57988,41.16103],[-8.57813,41.16233]]]},"properties":{"zone":3,"cell_type":"total isolation","proximity":3504.8,"opportunity":9110.5,"population":1036}},{"type":"Feature","id":315,"geometry":{"type":"Polygon","coordinates":[[[-8.57164,41.16924],[-8.5695,41.16875],[-8.56895,41.16707],[-8.57052,41.1659],[-8.57266,41.1664],[-8.57322,41.16807],[-8.57164,41.16924]]]},"properties":{"zone":3,"cell_type":"total isolation","proximity":2490.7,"opportunity":7071.8,"population":586}},{"type":"Feature","id":316,"geometry":{"type":"Polygon","coordinates":[[[-8.61045,41.18014],[-8.60808,41.17959],[-8.60747,41.17775],[-8.60922,41.17645],[-8.61158,41.177],[-8.61219,41.17885],[-8.61045,41.18014]]]},"properties":{"zone":3,"cell_type":"total isolation","proximity":4698.1,"opportunity":8696.4,"population":1021}},{"type":"Feature","id":317,"geometry":{"type":"Polygon","coordinates":[[[-8.63987,41.16285],[-8.63763,41.16233],[-8.63704,41.16057],[-8.6387,41.15934],[-8.64094,41.15986],[-8.64153,41.16162],[-8.63987,41.16285]]]},"properties":{"zone":0,"cell_type":"inclusion","proximity":8564.8,"opportunity":13319.4,"population":761}},{"type":"Feature","id":318,"geometry":{"type":"Polygon","coordinates":[[[-8.589,41.17517],[-8.58662,41.17462],[-8.586,41.17276],[-8.58776,41.17145],[-8.59014,41.17201],[-8.59076,41.17387],[-8.589,41.17517]]]},"properties":{"zone":3,"cell_type":"total isolation","proximity":3687.7,"opportunity":8221,"population":1197}},{"type":"Feature","id":319,"geometry":{"type":"Polygon","coordinates":[[[-8.61652,41.15218],[-8.61442,41.15169],[-8.61387,41.15004],[-8.61542,41.14889],[-8.61753,41.14938],[-8.61808,41.15103],[-8.61652,41.15218]]]},"properties":{"zone":0,"cell_type":"inclusion","proximity":8587.9,"opportunity":12744.3,"population":539}},{"type":"Feature","id":320,"geometry":{"type":"Polygon","coordinates":[[[-8.68322,41.16092],[-8.68092,41.16038],[-8.68032,41.15859],[-8.68202,41.15732],[-8.68432,41.15786],[-8.68492,41.15965],[-8.68322,41.16092]]]},"properties":{"zone":3,"cell_type":"total isolation","proximity":5577,"opportunity":10260.4,"population":873}},{"type":"Feature","id":321,"geometry":{"type":"Polygon","coordinates":[[[-8.61426,41.1586],[-8.61206,41.15808],[-8.61148,41.15636],[-8.61311,41.15515],[-8.61532,41.15566],[-8.61589,41.15739],[-8.61426,41.1586]]]},"properties":{"zone":0,"cell_type":"inclusion","proximity":7997.1,"opportunity":13519.3,"population":696}},{"type":"Feature","id":322,"geometry":{"type":"Polygon","coordinates":[[[-8.60001,41.15541],[-8.59763,41.15486],[-8.59701,41.153],[-8.59877,41.15169],[-8.60115,41.15224],[-8.60177,41.1541],[-8.60001,41.15541]]]},"properties":{"zone":0,"cell_type":"inclusion","proximity":6733.4,"opportunity":11326.5,"population":1304}},{"type":"Feature","id":323,"geometry":{"type":"Polygon","coordinates":[[[-8.63415,41.17868],[-8.63193,41.17816],[-8.63135,41.17642],[-8.63299,41.17521],[-8.63521,41.17572],[-8.63579,41.17746],[-8.63415,41.17868]]]},"properties":{"zone":3,"cell_type":"total isolation","proximity":5843.7,"opportunity":9346.3,"population":720}},{"type":"Feature","id":324,"geometry":{"type":"Polygon","coordinates":[[[-8.63106,41.17598],[-8.62921,41.17555],[-8.62872,41.17409],[-8.63008,41.17308],[-8.63193,41.17351],[-8.63242,41.17497],[-8.63106,41.17598]]]},"properties":{"zone":3,"cell_type":"total isolation","proximity":6052.3,"opportunity":9376.5,"population":288}},{"type":"Feature","id":325,"geometry":{"type":"Polygon","coordinates":[[[-8.63685,41.16039],[-8.63467,41.15988],[-8.6341,41.15817],[-8.63571,41.15697],[-8.63789,41.15748],[-8.63847,41.15919],[-8.63685,41.16039]]]},"properties":{"zone":0,"cell_type":"inclusion","proximity":8544.7,"opportunity":13497.7,"population":659}},{"type":"Feature","id":326,"geometry":{"type":"Polygon","coordinates":[[[-8.59772,41.16175],[-8.59534,41.16119],[-8.59472,41.15933],[-8.59648,41.15803],[-8.59887,41.15858],[-8.59949,41.16044],[-8.59772,41.16175]]]},"properties":{"zone":3,"cell_type":"total isolation","proximity":6002.2,"opportunity":10478,"population":1249}},{"type":"Feature","id":327,"geometry":{"type":"Polygon","coordinates":[[[-8.58253,41.1491],[-8.58089,41.14872],[-8.58045,41.14741],[-8.58166,41.14652],[-8.5833,41.1469],[-8.58373,41.14821],[-8.58253,41.1491]]]},"properties":{"zone":3,"cell_type":"total isolation","proximity":3879.3,"opportunity":8379.4,"population":173}},{"type":"Feature","id":328,"geometry":{"type":"Polygon","coordinates":[[[-8.61351,41.14972],[-8.61146,41.14924],[-8.61093,41.14764],[-8.61243,41.14652],[-8.61448,41.14699],[-8.61501,41.1486],[-8.61351,41.14972]]]},"properties":{"zone":0,"cell_type":"inclusion","proximity":8402.8,"opportunity":13976.5,"population":465}},{"type":"Feature","id":329,"geometry":{"type":"Polygon","coordinates":[[[-8.66131,41.16775],[-8.65916,41.16725],[-8.6586,41.16557],[-8.66018,41.16439],[-8.66233,41.16489],[-8.66289,41.16657],[-8.66131,41.16775]]]},"properties":{"zone":0,"cell_type":"inclusion","proximity":9772,"opportunity":14244.1,"population":599}},{"type":"Feature","id":330,"geometry":{"type":"Polygon","coordinates":[[[-8.57999,41.16793],[-8.57761,41.16737],[-8.57699,41.16551],[-8.57876,41.16421],[-8.58114,41.16476],[-8.58176,41.16662],[-8.57999,41.16793]]]},"properties":{"zone":3,"cell_type":"total isolation","proximity":3449.9,"opportunity":8408.3,"population":1209}},{"type":"Feature","id":331,"geometry":{"type":"Polygon","coordinates":[[[-8.59874,41.17798],[-8.59801,41.17781],[-8.59781,41.17719],[-8.59833,41.1768],[-8.59905,41.17697],[-8.59926,41.17759],[-8.59874,41.17798]]]},"properties":{"zone":3,"cell_type":"total isolation","proximity":4320.3,"opportunity":8544.5,"population":18}},{"type":"Feature","id":332,"geometry":{"type":"Polygon","coordinates":[[[-8.56351,41.15801],[-8.56245,41.15776],[-8.56216,41.15688],[-8.56293,41.15631],[-8.564,41.15656],[-8.56429,41.15743],[-8.56351,41.15801]]]},"properties":{"zone":3,"cell_type":"total isolation","proximity":1893.4,"opportunity":5576.9,"population":42}},{"type":"Feature","id":333,"geometry":{"type":"Polygon","coordinates":[[[-8.60258,41.16975],[-8.6002,41.16919],[-8.59958,41.16733],[-8.60134,41.16602],[-8.60373,41.16658],[-8.60435,41.16844],[-8.60258,41.16975]]]},"properties":{"zone":3,"cell_type":"total isolation","proximity":5501.4,"opportunity":10721.2,"population":1093}},{"type":"Feature","id":334,"geometry":{"type":"Polygon","coordinates":[[[-8.62856,41.16192],[-8.62636,41.16141],[-8.62578,41.15968],[-8.62741,41.15846],[-8.62962,41.15898],[-8.6302,41.16071],[-8.62856,41.16192]]]},"properties":{"zone":0,"cell_type":"inclusion","proximity":8230.5,"opportunity":15175.6,"population":700}},{"type":"Feature","id":335,"geometry":{"type":"Polygon","coordinates":[[[-8.61886,41.14601],[-8.61654,41.14547],[-8.61593,41.14365],[-8.61765,41.14238],[-8.61998,41.14292],[-8.62058,41.14474],[-8.61886,41.14601]]]},"properties":{"zone":0,"cell_type":"inclusion","proximity":7739.7,"opportunity":12442.2,"population":935}},{"type":"Feature","id":336,"geometry":{"type":"Polygon","coordinates":[[[-8.66289,41.15274],[-8.66064,41.15222],[-8.66005,41.15045],[-8.66171,41.14921],[-8.66397,41.14974],[-8.66456,41.1515],[-8.66289,41.15274]]]},"properties":{"zone":3,"cell_type":"total isolation","proximity":6685.8,"opportunity":10769.8,"population":788}},{"type":"Feature","id":337,"geometry":{"type":"Polygon","coordinates":[[[-8.65163,41.15194],[-8.64924,41.15138],[-8.64862,41.14952],[-8.65038,41.14822],[-8.65277,41.14877],[-8.65339,41.15063],[-8.65163,41.15194]]]},"properties":{"zone":1,"cell_type":"spatial isolation","proximity":7363.8,"opportunity":11039.5,"population":1087}},{"type":"Feature","id":338,"geometry":{"type":"Polygon","coordinates":[[[-8.62031,41.16356],[-8.61793,41.16301],[-8.61731,41.16115],[-8.61907,41.15984],[-8.62146,41.16039],[-8.62208,41.16225],[-8.62031,41.16356]]]},"properties":{"zone":0,"cell_type":"inclusion","proximity":7614.9,"opportunity":12503.7,"population":1153}},{"type":"Feature","id":339,"geometry":{"type":"Polygon","coordinates":[[[-8.59699,41.15293],[-8.59469,41.1524],[-8.59409,41.1506],[-8.59579,41.14934],[-8.59809,41.14987],[-8.59868,41.15167],[-8.59699,41.15293]]]},"properties":{"zone":2,"cell_type":"social isolation","proximity":6247.1,"opportunity":12265,"population":870}},{"type":"Feature","id":340,"geometry":{"type":"Polygon","coordinates":[[[-8.6281,41.17372],[-8.62605,41.17325],[-8.62551,41.17163],[-8.62702,41.1705],[-8.62908,41.17098],[-8.62962,41.1726],[-8.6281,41.17372]]]},"properties":{"zone":3,"cell_type":"total isolation","proximity":6178.7,"opportunity":9795,"population":483}},{"type":"Feature","id":341,"geometry":{"type":"Polygon","coordinates":[[[-8.65114,41.16366],[-8.64902,41.16317],[-8.64846,41.1615],[-8.65003,41.16034],[-8.65215,41.16083],[-8.65271,41.1625],[-8.65114,41.16366]]]},"properties":{"zone":0,"cell_type":"inclusion","proximity":9173.3,"opportunity":13443.2,"population":569}},{"type":"Feature","id":342,"geometry":{"type":"Polygon","coordinates":[[[-8.66769,41.1605],[-8.66574,41.16005],[-8.66523,41.15852],[-8.66666,41.15745],[-8.66861,41.1579],[-8.66912,41.15944],[-8.66769,41.1605]]]},"properties":{"zone":0,"cell_type":"inclusion","proximity":7985.7,"opportunity":11976.2,"population":367}},{"type":"Feature","id":343,"geometry":{"type":"Polygon","coordinates":[[[-8.57947,41.14652],[-8.57805,41.14619],[-8.57767,41.14505],[-8.57871,41.14427],[-8.58013,41.1446],[-8.58051,41.14575],[-8.57947,41.14652]]]},"properties":{"zone":3,"cell_type":"total isolation","proximity":3674,"opportunity":9055,"population":100}},{"type":"Feature","id":344,"geometry":{"type":"Polygon","coordinates":[[[-8.62788,41.15329],[-8.62552,41.15274],[-8.6249,41.15089],[-8.62665,41.14959],[-8.62902,41.15014],[-8.62964,41.15199],[-8.62788,41.15329]]]},"properties":{"zone":0,"cell_type":"inclusion","proximity":8200.8,"opportunity":13121.4,"population":1034}},{"type":"Feature","id":345,"geometry":{"type":"Polygon","coordinates":[[[-8.65831,41.16537],[-8.65612,41.16486],[-8.65555,41.16315],[-8.65717,41.16195],[-8.65935,41.16246],[-8.65993,41.16417],[-8.65831,41.16537]]]},"properties":{"zone":0,"cell_type":"inclusion","proximity":9300.6,"opportunity":13092.2,"population":662}},{"type":"Feature","id":346,"geometry":{"type":"Polygon","coordinates":[[[-8.66537,41.16675],[-8.66355,41.16633],[-8.66307,41.16488],[-8.66441,41.16388],[-8.66624,41.16431],[-8.66672,41.16575],[-8.66537,41.16675]]]},"properties":{"zone":0,"cell_type":"inclusion","proximity":9297.1,"opportunity":13191.9,"population":272}},{"type":"Feature","id":347,"geometry":{"type":"Polygon","coordinates":[[[-8.6435,41.17372],[-8.64165,41.17329],[-8.64116,41.17182],[-8.64252,41.17081],[-8.64438,41.17124],[-8.64486,41.1727],[-8.6435,41.17372]]]},"properties":{"zone":0,"cell_type":"inclusion","proximity":7441.5,"opportunity":14217,"population":290}},{"type":"Feature","id":348,"geometry":{"type":"Polygon","coordinates":[[[-8.59128,41.1688],[-8.58894,41.16826],[-8.58834,41.16643],[-8.59006,41.16515],[-8.5924,41.1657],[-8.593,41.16752],[-8.59128,41.1688]]]},"properties":{"zone":3,"cell_type":"total isolation","proximity":4552.7,"opportunity":9155.1,"population":953}},{"type":"Feature","id":349,"geometry":{"type":"Polygon","coordinates":[[[-8.62554,41.15943],[-8.62342,41.15894],[-8.62287,41.15728],[-8.62443,41.15612],[-8.62655,41.15661],[-8.6271,41.15827],[-8.62554,41.15943]]]},"properties":{"zone":0,"cell_type":"inclusion","proximity":8276.8,"opportunity":13901.1,"population":560}},{"type":"Feature","id":350,"geometry":{"type":"Polygon","coordinates":[[[-8.64848,41.1491],[-8.64665,41.14868],[-8.64617,41.14723],[-8.64752,41.14622],[-8.64935,41.14665],[-8.64983,41.1481],[-8.64848,41.1491]]]},"properties":{"zone":1,"cell_type":"spatial isolation","proximity":7052.7,"opportunity":10552.6,"population":277}},{"type":"Feature","id":351,"geometry":{"type":"Polygon","coordinates":[[[-8.62484,41.15075],[-8.62263,41.15024],[-8.62205,41.14851],[-8.62369,41.14729],[-8.6259,41.14781],[-8.62648,41.14954],[-8.62484,41.15075]]]},"properties":{"zone":0,"cell_type":"inclusion","proximity":8297.1,"opportunity":13480.8,"population":708}},{"type":"Feature","id":352,"geometry":{"type":"Polygon","coordinates":[[[-8.6016,41.17994],[-8.60147,41.17991],[-8.60141,41.17973],[-8.60148,41.17968],[-8.60161,41.17971],[-8.60167,41.17988],[-8.6016,41.17994]]]},"properties":{"zone":3,"cell_type":"total isolation","proximity":4165,"opportunity":7602.8,"population":4}},{"type":"Feature","id":353,"geometry":{"type":"Polygon","coordinates":[[[-8.63707,41.18083],[-8.6352,41.18039],[-8.6347,41.17891],[-8.63608,41.17788],[-8.63796,41.17832],[-8.63846,41.1798],[-8.63707,41.18083]]]},"properties":{"zone":3,"cell_type":"total isolation","proximity":5603.6,"opportunity":9875.2,"population":309}},{"type":"Feature","id":354,"geometry":{"type":"Polygon","coordinates":[[[-8.6879,41.16832],[-8.68638,41.16796],[-8.68597,41.16675],[-8.68709,41.16592],[-8.68861,41.16627],[-8.68902,41.16749],[-8.6879,41.16832]]]},"properties":{"zone":3,"cell_type":"total isolation","proximity":5204.2,"opportunity":10361.3,"population":129}},{"type":"Feature","id":355,"geometry":{"type":"Polygon","coordinates":[[[-8.5879,41.14544],[-8.58592,41.14498],[-8.5854,41.14342],[-8.58686,41.14234],[-8.58884,41.1428],[-8.58936,41.14436],[-8.5879,41.14544]]]},"properties":{"zone":3,"cell_type":"total isolation","proximity":4345.6,"opportunity":9712.5,"population":398}},{"type":"Feature","id":356,"geometry":{"type":"Polygon","coordinates":[[[-8.5743,41.17061],[-8.57353,41.17043],[-8.57331,41.16977],[-8.57386,41.16936],[-8.57464,41.16954],[-8.57486,41.1702],[-8.5743,41.17061]]]},"properties":{"zone":3,"cell_type":"total isolation","proximity":1715,"opportunity":7683.3,"population":20}},{"type":"Feature","id":357,"geometry":{"type":"Polygon","coordinates":[[[-8.61345,41.18256],[-8.61108,41.18201],[-8.61046,41.18016],[-8.61222,41.17886],[-8.61459,41.17941],[-8.61521,41.18126],[-8.61345,41.18256]]]},"properties":{"zone":3,"cell_type":"total isolation","proximity":4408.7,"opportunity":8461.8,"population":1045}},{"type":"Feature","id":358,"geometry":{"type":"Polygon","coordinates":[[[-8.64817,41.16135],[-8.64591,41.16083],[-8.64532,41.15906],[-8.64699,41.15782],[-8.64925,41.15834],[-8.64984,41.16011],[-8.64817,41.16135]]]},"properties":{"zone":0,"cell_type":"inclusion","proximity":8317,"opportunity":12537.7,"population":793}},{"type":"Feature","id":359,"geometry":{"type":"Polygon","coordinates":[[[-8.66474,41.15828],[-8.66254,41.15777],[-8.66196,41.15605],[-8.66359,41.15484],[-8.66579,41.15535],[-8.66637,41.15708],[-8.66474,41.15828]]]},"properties":{"zone":0,"cell_type":"inclusion","proximity":7852.9,"opportunity":12163.4,"population":690}}]}