{"type":"FeatureCollection","features":[{"type":"Feature","id":0,"geometry":{"type":"Polygon","coordinates":[[[-122.36618,47.5643],[-122.36862,47.56409],[-122.36992,47.56531],[-122.3688,47.56676],[-122.36637,47.56697],[-122.36507,47.56575],[-122.36618,47.5643]]]},"properties":{"zone":3,"cell_type":"total isolation","proximity":1778.7,"opportunity":7554.3,"population":307}},{"type":"Feature","id":1,"geometry":{"type":"Polygon","coordinates":[[[-122.32401,47.51929],[-122.3262,47.5191],[-122.32734,47.52017],[-122.32634,47.52147],[-122.32415,47.52167],[-122.323,47.52059],[-122.32401,47.51929]]]},"properties":{"zone":3,"cell_type":"total isolation","proximity":526.3,"opportunity":3625.2,"population":183}},{"type":"Feature","id":2,"geometry":{"type":"Polygon","coordinates":[[[-122.38764,47.53657],[-122.39001,47.53636],[-122.39127,47.53755],[-122.39018,47.53896],[-122.38781,47.53917],[-122.38655,47.53799],[-122.38764,47.53657]]]},"properties":{"zone":3,"cell_type":"total isolation","proximity":1032.4,"opportunity":4815.8,"population":270}},{"type":"Feature","id":3,"geometry":{"type":"Polygon","coordinates":[[[-122.38415,47.54394],[-122.38674,47.54371],[-122.38814,47.54502],[-122.38695,47.54657],[-122.38436,47.54679],[-122.38296,47.54548],[-122.38415,47.54394]]]},"properties":{"zone":3,"cell_type":"total isolation","proximity":1255.4,"opportunity":5833.2,"population":508}},{"type":"Feature","id":4,"geometry":{"type":"Polygon","coordinates":[[[-122.37533,47.57823],[-122.37717,47.57806],[-122.37809,47.57893],[-122.37726,47.58001],[-122.37542,47.58018],[-122.3745,47.57931],[-122.37533,47.57823]]]},"properties":{"zone":3,"cell_type":"total isolation","proximity":1973.3,"opportunity":2951.6,"population":88}},{"type":"Feature","id":5,"geometry":{"type":"Polygon","coordinates":[[[-122.38049,47.54582],[-122.38288,47.5456],[-122.38416,47.5468],[-122.38306,47.54823],[-122.38066,47.54844],[-122.37939,47.54724],[-122.38049,47.54582]]]},"properties":{"zone":3,"cell_type":"total isolation","proximity":1307.4,"opportunity":5080.6,"population":284}},{"type":"Feature","id":6,"geometry":{"type":"Polygon","coordinates":[[[-122.38716,47.584],[-122.38958,47.58379],[-122.39088,47.58501],[-122.38977,47.58645],[-122.38734,47.58667],[-122.38604,47.58545],[-122.38716,47.584]]]},"properties":{"zone":3,"cell_type":"total isolation","proximity":2503.3,"opportunity":3071.6,"population":301}},{"type":"Feature","id":7,"geometry":{"type":"Polygon","coordinates":[[[-122.36969,47.50371],[-122.37196,47.50351],[-122.37316,47.50464],[-122.37212,47.50599],[-122.36984,47.50619],[-122.36864,47.50506],[-122.36969,47.50371]]]},"properties":{"zone":3,"cell_type":"total isolation","proximity":406,"opportunity":1730.6,"population":220}},{"type":"Feature","id":8,"geometry":{"type":"Polygon","coordinates":[[[-122.34792,47.52583],[-122.35009,47.52564],[-122.35122,47.5267],[-122.35023,47.52799],[-122.34806,47.52818],[-122.34693,47.52711],[-122.34792,47.52583]]]},"properties":{"zone":3,"cell_type":"total isolation","proximity":885.8,"opportunity":4700.6,"population":175}},{"type":"Feature","id":9,"geometry":{"type":"Polygon","coordinates":[[[-122.35983,47.53171],[-122.36242,47.53148],[-122.36382,47.5328],[-122.36263,47.53434],[-122.36004,47.53457],[-122.35864,47.53325],[-122.35983,47.53171]]]},"properties":{"zone":3,"cell_type":"total isolation","proximity":990,"opportunity":5344.5,"population":601}},{"type":"Feature","id":10,"geometry":{"type":"Polygon","coordinates":[[[-122.38331,47.58571],[-122.38585,47.58549],[-122.38722,47.58677],[-122.38605,47.58828],[-122.38351,47.58851],[-122.38215,47.58722],[-122.38331,47.58571]]]},"properties":{"zone":3,"cell_type":"total isolation","proximity":2809.2,"opportunity":3067.9,"population":378}},{"type":"Feature","id":11,"geometry":{"type":"Polygon","coordinates":[[[-122.3703,47.51228],[-122.37259,47.51207],[-122.3738,47.51321],[-122.37275,47.51457],[-122.37046,47.51477],[-122.36925,47.51364],[-122.3703,47.51228]]]},"properties":{"zone":3,"cell_type":"total isolation","proximity":619.7,"opportunity":3327.4,"population":226}},{"type":"Feature","id":12,"geometry":{"type":"Polygon","coordinates":[[[-122.37401,47.51044],[-122.37641,47.51023],[-122.37769,47.51143],[-122.37659,47.51286],[-122.37419,47.51308],[-122.37291,47.51187],[-122.37401,47.51044]]]},"properties":{"zone":3,"cell_type":"total isolation","proximity":582.4,"opportunity":3665.8,"population":286}},{"type":"Feature","id":13,"geometry":{"type":"Polygon","coordinates":[[[-122.352,47.5669],[-122.352,47.5669],[-122.35193,47.5669],[-122.35193,47.5669],[-122.352,47.5669]]]},"properties":{"zone":3,"cell_type":"total isolation","proximity":1387,"opportunity":3761.4,"population":2}},{"type":"Feature","id":14,"geometry":{"type":"Polygon","coordinates":[[[-122.37227,47.53809],[-122.37438,47.53791],[-122.37547,47.53894],[-122.37451,47.54019],[-122.3724,47.54037],[-122.37131,47.53934],[-122.37227,47.53809]]]},"properties":{"zone":3,"cell_type":"total isolation","proximity":1117.9,"opportunity":5010.8,"population":155}},{"type":"Feature","id":15,"geometry":{"type":"Polygon","coordinates":[[[-122.34905,47.5402],[-122.35105,47.54003],[-122.35208,47.54099],[-122.35117,47.54218],[-122.34916,47.54236],[-122.34813,47.54139],[-122.34905,47.5402]]]},"properties":{"zone":3,"cell_type":"total isolation","proximity":903.3,"opportunity":4972.6,"population":125}},{"type":"Feature","id":16,"geometry":{"type":"Polygon","coordinates":[[[-122.36863,47.54531],[-122.37122,47.54508],[-122.37262,47.54639],[-122.37143,47.54794],[-122.36884,47.54817],[-122.36744,47.54685],[-122.36863,47.54531]]]},"properties":{"zone":3,"cell_type":"total isolation","proximity":1189.7,"opportunity":5394.3,"population":702}},{"type":"Feature","id":17,"geometry":{"type":"Polygon","coordinates":[[[-122.32981,47.53004],[-122.32981,47.53004],[-122.32974,47.53005],[-122.32974,47.53005],[-122.32981,47.53004]]]},"properties":{"zone":3,"cell_type":"total isolation","proximity":673.6,"opportunity":3985.4,"population":1}},{"type":"Feature","id":18,"geometry":{"type":"Polygon","coordinates":[[[-122.39771,47.56733],[-122.40004,47.56712],[-122.40127,47.56828],[-122.40021,47.56966],[-122.39788,47.56987],[-122.39665,47.56871],[-122.39771,47.56733]]]},"properties":{"zone":3,"cell_type":"total isolation","proximity":1437.9,"opportunity":2567.2,"population":244}},{"type":"Feature","id":19,"geometry":{"type":"Polygon","coordinates":[[[-122.33605,47.51732],[-122.33737,47.51721],[-122.33797,47.51777],[-122.33737,47.51854],[-122.33605,47.51865],[-122.33545,47.51809],[-122.33605,47.51732]]]},"properties":{"zone":3,"cell_type":"total isolation","proximity":577.4,"opportunity":3820.4,"population":30}},{"type":"Feature","id":20,"geometry":{"type":"Polygon","coordinates":[[[-122.37068,47.55519],[-122.37068,47.55519],[-122.37062,47.55519],[-122.37062,47.55519],[-122.37068,47.55519]]]},"properties":{"zone":3,"cell_type":"total isolation","proximity":1335.1,"opportunity":5256,"population":2}},{"type":"Feature","id":21,"geometry":{"type":"Polygon","coordinates":[[[-122.32505,47.53094],[-122.32686,47.53078],[-122.32775,47.53162],[-122.32693,47.53269],[-122.32513,47.53284],[-122.32424,47.532],[-122.32505,47.53094]]]},"properties":{"zone":3,"cell_type":"total isolation","proximity":698.6,"opportunity":3920.7,"population":82}},{"type":"Feature","id":22,"geometry":{"type":"Polygon","coordinates":[[[-122.36314,47.52152],[-122.36547,47.52131],[-122.3667,47.52247],[-122.36563,47.52385],[-122.36331,47.52405],[-122.36208,47.5229],[-122.36314,47.52152]]]},"properties":{"zone":3,"cell_type":"total isolation","proximity":870.4,"opportunity":5485.6,"population":243}},{"type":"Feature","id":23,"geometry":{"type":"Polygon","coordinates":[[[-122.38655,47.57546],[-122.38895,47.57525],[-122.39022,47.57644],[-122.38912,47.57787],[-122.38673,47.57808],[-122.38545,47.57688],[-122.38655,47.57546]]]},"properties":{"zone":3,"cell_type":"total isolation","proximity":2135.5,"opportunity":5651,"population":282}},{"type":"Feature","id":24,"geometry":{"type":"Polygon","coordinates":[[[-122.34469,47.53345],[-122.34663,47.53328],[-122.34761,47.5342],[-122.34672,47.53534],[-122.34479,47.53551],[-122.34381,47.53459],[-122.34469,47.53345]]]},"properties":{"zone":3,"cell_type":"total isolation","proximity":955.3,"opportunity":3547.3,"population":107}},{"type":"Feature","id":25,"geometry":{"type":"Polygon","coordinates":[[[-122.38137,47.5014],[-122.38339,47.50122],[-122.38442,47.50219],[-122.3835,47.50339],[-122.38148,47.50357],[-122.38044,47.50259],[-122.38137,47.5014]]]},"properties":{"zone":3,"cell_type":"total isolation","proximity":337.5,"opportunity":1714.9,"population":129}},{"type":"Feature","id":26,"geometry":{"type":"Polygon","coordinates":[[[-122.35921,47.52314],[-122.3618,47.52291],[-122.3632,47.52422],[-122.36201,47.52577],[-122.35942,47.526],[-122.35802,47.52468],[-122.35921,47.52314]]]},"properties":{"zone":3,"cell_type":"total isolation","proximity":917.2,"opportunity":5448.5,"population":539}},{"type":"Feature","id":27,"geometry":{"type":"Polygon","coordinates":[[[-122.36649,47.56194],[-122.36805,47.5618],[-122.36879,47.5625],[-122.36808,47.56341],[-122.36653,47.56355],[-122.36579,47.56285],[-122.36649,47.56194]]]},"properties":{"zone":3,"cell_type":"total isolation","proximity":1568.7,"opportunity":6746.6,"population":49}},{"type":"Feature","id":28,"geometry":{"type":"Polygon","coordinates":[[[-122.38705,47.52804],[-122.38936,47.52783],[-122.39058,47.52898],[-122.38952,47.53036],[-122.38721,47.53056],[-122.38599,47.52941],[-122.38705,47.52804]]]},"properties":{"zone":3,"cell_type":"total isolation","proximity":866.1,"opportunity":3898.6,"population":236}},{"type":"Feature","id":29,"geometry":{"type":"Polygon","coordinates":[[[-122.40581,47.56962],[-122.40792,47.56943],[-122.40901,47.57046],[-122.40805,47.57171],[-122.40594,47.57189],[-122.40485,47.57087],[-122.40581,47.56962]]]},"properties":{"zone":3,"cell_type":"total isolation","proximity":1055.6,"opportunity":2519,"population":154}},{"type":"Feature","id":30,"geometry":{"type":"Polygon","coordinates":[[[-122.3981,47.57035],[-122.40012,47.57017],[-122.40116,47.57115],[-122.40024,47.57235],[-122.39821,47.57253],[-122.39718,47.57155],[-122.3981,47.57035]]]},"properties":{"zone":3,"cell_type":"total isolation","proximity":1419,"opportunity":2777.9,"population":130}},{"type":"Feature","id":31,"geometry":{"type":"Polygon","coordinates":[[[-122.34607,47.54275],[-122.3467,47.54269],[-122.34685,47.54283],[-122.34659,47.54318],[-122.34596,47.54323],[-122.3458,47.54309],[-122.34607,47.54275]]]},"properties":{"zone":3,"cell_type":"total isolation","proximity":966.6,"opportunity":3119.6,"population":7}},{"type":"Feature","id":32,"geometry":{"type":"Polygon","coordinates":[[[-122.3818,47.50979],[-122.38415,47.50958],[-122.38539,47.51075],[-122.38432,47.51215],[-122.38197,47.51236],[-122.38072,47.51118],[-122.3818,47.50979]]]},"properties":{"zone":3,"cell_type":"total isolation","proximity":483.4,"opportunity":1397.4,"population":256}},{"type":"Feature","id":33,"geometry":{"type":"Polygon","coordinates":[[[-122.36226,47.56327],[-122.3646,47.56306],[-122.36583,47.56423],[-122.36476,47.56562],[-122.36242,47.56582],[-122.36118,47.56466],[-122.36226,47.56327]]]},"properties":{"zone":3,"cell_type":"total isolation","proximity":1646.9,"opportunity":7638.6,"population":250}},{"type":"Feature","id":34,"geometry":{"type":"Polygon","coordinates":[[[-122.32053,47.51869],[-122.32185,47.51857],[-122.32244,47.51913],[-122.32185,47.5199],[-122.32053,47.52001],[-122.31994,47.51946],[-122.32053,47.51869]]]},"properties":{"zone":3,"cell_type":"total isolation","proximity":450.7,"opportunity":22.5,"population":30}},{"type":"Feature","id":35,"geometry":{"type":"Polygon","coordinates":[[[-122.39453,47.57764],[-122.39691,47.57743],[-122.39818,47.57861],[-122.39708,47.58003],[-122.39471,47.58024],[-122.39344,47.57905],[-122.39453,47.57764]]]},"properties":{"zone":3,"cell_type":"total isolation","proximity":1889.2,"opportunity":4713.9,"population":272}},{"type":"Feature","id":36,"geometry":{"type":"Polygon","coordinates":[[[-122.38366,47.53549],[-122.38602,47.53528],[-122.38728,47.53647],[-122.3862,47.53787],[-122.38383,47.53808],[-122.38257,47.5369],[-122.38366,47.53549]]]},"properties":{"zone":3,"cell_type":"total isolation","proximity":1028.3,"opportunity":4307,"population":266}},{"type":"Feature","id":37,"geometry":{"type":"Polygon","coordinates":[[[-122.38023,47.54292],[-122.38271,47.5427],[-122.38403,47.54394],[-122.3829,47.54542],[-122.38042,47.54564],[-122.3791,47.54439],[-122.38023,47.54292]]]},"properties":{"zone":3,"cell_type":"total isolation","proximity":1243.6,"opportunity":5159.7,"population":331}},{"type":"Feature","id":38,"geometry":{"type":"Polygon","coordinates":[[[-122.38304,47.57749],[-122.38498,47.57731],[-122.38596,47.57824],[-122.38508,47.57938],[-122.38314,47.57955],[-122.38216,47.57863],[-122.38304,47.57749]]]},"properties":{"zone":3,"cell_type":"total isolation","proximity":2379.2,"opportunity":4929.1,"population":108}},{"type":"Feature","id":39,"geometry":{"type":"Polygon","coordinates":[[[-122.38081,47.55144],[-122.38337,47.55121],[-122.38475,47.55251],[-122.38357,47.55403],[-122.38101,47.55426],[-122.37963,47.55296],[-122.38081,47.55144]]]},"properties":{"zone":3,"cell_type":"total isolation","proximity":1451.1,"opportunity":5475.7,"population":396}},{"type":"Feature","id":40,"geometry":{"type":"Polygon","coordinates":[[[-122.38308,47.58283],[-122.38567,47.5826],[-122.38706,47.58391],[-122.38587,47.58546],[-122.38328,47.58569],[-122.38189,47.58437],[-122.38308,47.58283]]]},"properties":{"zone":3,"cell_type":"total isolation","proximity":2560.5,"opportunity":3085.7,"population":432}},{"type":"Feature","id":41,"geometry":{"type":"Polygon","coordinates":[[[-122.34809,47.53131],[-122.35068,47.53108],[-122.35207,47.53239],[-122.35088,47.53394],[-122.3483,47.53416],[-122.3469,47.53285],[-122.34809,47.53131]]]},"properties":{"zone":3,"cell_type":"total isolation","proximity":990,"opportunity":4755.4,"population":519}},{"type":"Feature","id":42,"geometry":{"type":"Polygon","coordinates":[[[-122.35589,47.53066],[-122.35841,47.53044],[-122.35977,47.53171],[-122.35861,47.53322],[-122.35608,47.53344],[-122.35473,47.53216],[-122.35589,47.53066]]]},"properties":{"zone":3,"cell_type":"total isolation","proximity":1017.9,"opportunity":5403.3,"population":367}},{"type":"Feature","id":43,"geometry":{"type":"Polygon","coordinates":[[[-122.38393,47.59162],[-122.38612,47.59142],[-122.38727,47.5925],[-122.38627,47.5938],[-122.38407,47.59399],[-122.38292,47.59292],[-122.38393,47.59162]]]},"properties":{"zone":3,"cell_type":"total isolation","proximity":2552.1,"opportunity":2599.6,"population":185}},{"type":"Feature","id":44,"geometry":{"type":"Polygon","coordinates":[[[-122.33571,47.51434],[-122.33726,47.5142],[-122.338,47.5149],[-122.3373,47.51581],[-122.33574,47.51594],[-122.335,47.51525],[-122.33571,47.51434]]]},"properties":{"zone":3,"cell_type":"total isolation","proximity":562.2,"opportunity":3029.9,"population":49}},{"type":"Feature","id":45,"geometry":{"type":"Polygon","coordinates":[[[-122.3799,47.53728],[-122.38224,47.53707],[-122.38347,47.53824],[-122.3824,47.53963],[-122.38007,47.53983],[-122.37883,47.53867],[-122.3799,47.53728]]]},"properties":{"zone":3,"cell_type":"total isolation","proximity":1075.2,"opportunity":4580.7,"population":249}},{"type":"Feature","id":46,"geometry":{"type":"Polygon","coordinates":[[[-122.3567,47.53941],[-122.3589,47.53922],[-122.36005,47.5403],[-122.35904,47.54161],[-122.35684,47.5418],[-122.35569,47.54072],[-122.3567,47.53941]]]},"properties":{"zone":3,"cell_type":"total isolation","proximity":1036.3,"opportunity":5587.8,"population":188}},{"type":"Feature","id":47,"geometry":{"type":"Polygon","coordinates":[[[-122.35962,47.57145],[-122.36071,47.57135],[-122.36116,47.57177],[-122.36067,47.5724],[-122.35958,47.5725],[-122.35913,47.57208],[-122.35962,47.57145]]]},"properties":{"zone":3,"cell_type":"total isolation","proximity":1802.3,"opportunity":7669.7,"population":19}},{"type":"Feature","id":48,"geometry":{"type":"Polygon","coordinates":[[[-122.37651,47.54474],[-122.3789,47.54452],[-122.38017,47.54572],[-122.37907,47.54714],[-122.37668,47.54735],[-122.37541,47.54616],[-122.37651,47.54474]]]},"properties":{"zone":3,"cell_type":"total isolation","proximity":1257.5,"opportunity":5082.4,"population":277}},{"type":"Feature","id":49,"geometry":{"type":"Polygon","coordinates":[[[-122.32483,47.52807],[-122.32666,47.5279],[-122.32758,47.52877],[-122.32675,47.52984],[-122.32491,47.53001],[-122.324,47.52914],[-122.32483,47.52807]]]},"properties":{"zone":3,"cell_type":"total isolation","proximity":676.7,"opportunity":4018.9,"population":87}},{"type":"Feature","id":50,"geometry":{"type":"Polygon","coordinates":[[[-122.39376,47.56628],[-122.39603,47.56608],[-122.39723,47.5672],[-122.39619,47.56855],[-122.39392,47.56875],[-122.39272,47.56762],[-122.39376,47.56628]]]},"properties":{"zone":3,"cell_type":"total isolation","proximity":1560.9,"opportunity":4927.3,"population":216}},{"type":"Feature","id":51,"geometry":{"type":"Polygon","coordinates":[[[-122.33237,47.51653],[-122.33317,47.51646],[-122.33344,47.5167],[-122.33309,47.51716],[-122.33228,47.51723],[-122.33202,47.51698],[-122.33237,47.51653]]]},"properties":{"zone":3,"cell_type":"total isolation","proximity":558.1,"opportunity":3728.2,"population":10}},{"type":"Feature","id":52,"geometry":{"type":"Polygon","coordinates":[[[-122.406,47.57511],[-122.4085,47.57489],[-122.40984,47.57615],[-122.4087,47.57764],[-122.40619,47.57786],[-122.40485,47.5766],[-122.406,47.57511]]]},"properties":{"zone":3,"cell_type":"total isolation","proximity":1420.7,"opportunity":4372.7,"population":350}},{"type":"Feature","id":53,"geometry":{"type":"Polygon","coordinates":[[[-122.36566,47.55317],[-122.36757,47.553],[-122.36854,47.55391],[-122.36767,47.55504],[-122.36576,47.55521],[-122.36479,47.5543],[-122.36566,47.55317]]]},"properties":{"zone":3,"cell_type":"total isolation","proximity":1334.1,"opportunity":6327.2,"population":102}},{"type":"Feature","id":54,"geometry":{"type":"Polygon","coordinates":[[[-122.3658,47.55596],[-122.36783,47.55578],[-122.36888,47.55676],[-122.36795,47.55797],[-122.36591,47.55815],[-122.36486,47.55716],[-122.3658,47.55596]]]},"properties":{"zone":3,"cell_type":"total isolation","proximity":1252.1,"opportunity":7103.1,"population":134}},{"type":"Feature","id":55,"geometry":{"type":"Polygon","coordinates":[[[-122.37968,47.58497],[-122.38161,47.5848],[-122.38259,47.58572],[-122.38171,47.58686],[-122.37978,47.58703],[-122.37881,47.58611],[-122.37968,47.58497]]]},"properties":{"zone":3,"cell_type":"total isolation","proximity":2880.4,"opportunity":2832.6,"population":106}},{"type":"Feature","id":56,"geometry":{"type":"Polygon","coordinates":[[[-122.35901,47.52028],[-122.36159,47.52005],[-122.36299,47.52137],[-122.3618,47.52291],[-122.35921,47.52314],[-122.35782,47.52182],[-122.35901,47.52028]]]},"properties":{"zone":3,"cell_type":"total isolation","proximity":849.3,"opportunity":5474.8,"population":426}},{"type":"Feature","id":57,"geometry":{"type":"Polygon","coordinates":[[[-122.36333,47.52435],[-122.36569,47.52415],[-122.36694,47.52532],[-122.36586,47.52672],[-122.3635,47.52693],[-122.36225,47.52576],[-122.36333,47.52435]]]},"properties":{"zone":3,"cell_type":"total isolation","proximity":922.4,"opportunity":5368.8,"population":261}},{"type":"Feature","id":58,"geometry":{"type":"Polygon","coordinates":[[[-122.39436,47.57481],[-122.39668,47.57461],[-122.39791,47.57576],[-122.39684,47.57714],[-122.39452,47.57735],[-122.39329,47.57619],[-122.39436,47.57481]]]},"properties":{"zone":3,"cell_type":"total isolation","proximity":1791.4,"opportunity":2753.4,"population":242}},{"type":"Feature","id":59,"geometry":{"type":"Polygon","coordinates":[[[-122.34571,47.53974],[-122.3466,47.53967],[-122.34692,47.53996],[-122.34653,47.54047],[-122.34564,47.54055],[-122.34532,47.54025],[-122.34571,47.53974]]]},"properties":{"zone":3,"cell_type":"total isolation","proximity":1049.1,"opportunity":3784.8,"population":12}},{"type":"Feature","id":60,"geometry":{"type":"Polygon","coordinates":[[[-122.35974,47.52896],[-122.36214,47.52875],[-122.36341,47.52995],[-122.36231,47.53138],[-122.35991,47.53159],[-122.35863,47.53039],[-122.35974,47.52896]]]},"properties":{"zone":3,"cell_type":"total isolation","proximity":1005.7,"opportunity":5427,"population":284}},{"type":"Feature","id":61,"geometry":{"type":"Polygon","coordinates":[[[-122.36209,47.56045],[-122.36436,47.56025],[-122.36556,47.56138],[-122.36452,47.56272],[-122.36224,47.56293],[-122.36105,47.5618],[-122.36209,47.56045]]]},"properties":{"zone":3,"cell_type":"total isolation","proximity":1503.9,"opportunity":7388.7,"population":218}},{"type":"Feature","id":62,"geometry":{"type":"Polygon","coordinates":[[[-122.40168,47.56839],[-122.40404,47.56818],[-122.4053,47.56936],[-122.40421,47.57077],[-122.40185,47.57098],[-122.40059,47.5698],[-122.40168,47.56839]]]},"properties":{"zone":3,"cell_type":"total isolation","proximity":1312.3,"opportunity":2610.7,"population":263}},{"type":"Feature","id":63,"geometry":{"type":"Polygon","coordinates":[[[-122.39093,47.52636],[-122.39306,47.52617],[-122.39418,47.52722],[-122.3932,47.52849],[-122.39106,47.52868],[-122.38995,47.52763],[-122.39093,47.52636]]]},"properties":{"zone":3,"cell_type":"total isolation","proximity":800.9,"opportunity":4759.1,"population":165}},{"type":"Feature","id":64,"geometry":{"type":"Polygon","coordinates":[[[-122.34219,47.54176],[-122.34264,47.54172],[-122.34268,47.54176],[-122.3425,47.54199],[-122.34205,47.54203],[-122.34201,47.542],[-122.34219,47.54176]]]},"properties":{"zone":3,"cell_type":"total isolation","proximity":1039.6,"opportunity":2777.1,"population":5}},{"type":"Feature","id":65,"geometry":{"type":"Polygon","coordinates":[[[-122.37795,47.50883],[-122.38006,47.50865],[-122.38116,47.50968],[-122.38019,47.51093],[-122.37808,47.51112],[-122.37699,47.51009],[-122.37795,47.50883]]]},"properties":{"zone":3,"cell_type":"total isolation","proximity":507.3,"opportunity":3096.1,"population":156}},{"type":"Feature","id":66,"geometry":{"type":"Polygon","coordinates":[[[-122.38544,47.50257],[-122.3873,47.50241],[-122.38824,47.50329],[-122.38739,47.50439],[-122.38553,47.50455],[-122.38459,47.50367],[-122.38544,47.50257]]]},"properties":{"zone":3,"cell_type":"total isolation","proximity":253.4,"opportunity":1748.8,"population":93}},{"type":"Feature","id":67,"geometry":{"type":"Polygon","coordinates":[[[-122.32091,47.52969],[-122.32299,47.52951],[-122.32406,47.53052],[-122.32311,47.53176],[-122.32103,47.53194],[-122.31996,47.53093],[-122.32091,47.52969]]]},"properties":{"zone":3,"cell_type":"total isolation","proximity":658.8,"opportunity":4017.9,"population":146}},{"type":"Feature","id":68,"geometry":{"type":"Polygon","coordinates":[[[-122.36316,47.56945],[-122.36466,47.56932],[-122.36536,47.56998],[-122.36469,47.57086],[-122.36319,47.57099],[-122.36248,47.57033],[-122.36316,47.56945]]]},"properties":{"zone":3,"cell_type":"total isolation","proximity":1705.2,"opportunity":7649.6,"population":43}},{"type":"Feature","id":69,"geometry":{"type":"Polygon","coordinates":[[[-122.32022,47.52371],[-122.32278,47.52348],[-122.32416,47.52478],[-122.32298,47.52631],[-122.32042,47.52654],[-122.31904,47.52524],[-122.32022,47.52371]]]},"properties":{"zone":3,"cell_type":"total isolation","proximity":630.9,"opportunity":4151.1,"population":398}},{"type":"Feature","id":70,"geometry":{"type":"Polygon","coordinates":[[[-122.40238,47.57703],[-122.40461,47.57684],[-122.40578,47.57793],[-122.40476,47.57925],[-122.40253,47.57945],[-122.40136,47.57835],[-122.40238,47.57703]]]},"properties":{"zone":3,"cell_type":"total isolation","proximity":1532.9,"opportunity":2529.5,"population":198}},{"type":"Feature","id":71,"geometry":{"type":"Polygon","coordinates":[[[-122.39162,47.535],[-122.39364,47.53482],[-122.39468,47.5358],[-122.39376,47.53699],[-122.39173,47.53717],[-122.39069,47.5362],[-122.39162,47.535]]]},"properties":{"zone":3,"cell_type":"total isolation","proximity":952,"opportunity":5057.6,"population":130}},{"type":"Feature","id":72,"geometry":{"type":"Polygon","coordinates":[[[-122.38805,47.54228],[-122.39043,47.54207],[-122.3917,47.54326],[-122.39061,47.54468],[-122.38822,47.54489],[-122.38695,47.5437],[-122.38805,47.54228]]]},"properties":{"zone":3,"cell_type":"total isolation","proximity":1133.8,"opportunity":5053.7,"population":277}},{"type":"Feature","id":73,"geometry":{"type":"Polygon","coordinates":[[[-122.37874,47.5761],[-122.38122,47.57588],[-122.38254,47.57713],[-122.38141,47.5786],[-122.37893,47.57882],[-122.37761,47.57757],[-122.37874,47.5761]]]},"properties":{"zone":3,"cell_type":"total isolation","proximity":2305.7,"opportunity":2702.8,"population":332}},{"type":"Feature","id":74,"geometry":{"type":"Polygon","coordinates":[[[-122.3915,47.53754],[-122.39408,47.53731],[-122.39548,47.53862],[-122.39429,47.54017],[-122.3917,47.5404],[-122.39031,47.53908],[-122.3915,47.53754]]]},"properties":{"zone":3,"cell_type":"total isolation","proximity":971,"opportunity":4757.7,"population":583}},{"type":"Feature","id":75,"geometry":{"type":"Polygon","coordinates":[[[-122.34852,47.53438],[-122.35072,47.53419],[-122.35187,47.53527],[-122.35086,47.53657],[-122.34867,47.53677],[-122.34752,47.53569],[-122.34852,47.53438]]]},"properties":{"zone":3,"cell_type":"total isolation","proximity":998.5,"opportunity":4960.2,"population":186}},{"type":"Feature","id":76,"geometry":{"type":"Polygon","coordinates":[[[-122.3769,47.55043],[-122.37933,47.55022],[-122.38062,47.55143],[-122.37951,47.55287],[-122.37708,47.55309],[-122.37579,47.55187],[-122.3769,47.55043]]]},"properties":{"zone":3,"cell_type":"total isolation","proximity":1381.3,"opportunity":5177.7,"population":298}},{"type":"Feature","id":77,"geometry":{"type":"Polygon","coordinates":[[[-122.39091,47.58222],[-122.39338,47.582],[-122.39469,47.58323],[-122.39356,47.5847],[-122.3911,47.58492],[-122.38978,47.58368],[-122.39091,47.58222]]]},"properties":{"zone":3,"cell_type":"total isolation","proximity":2216.9,"opportunity":4668.7,"population":323}},{"type":"Feature","id":78,"geometry":{"type":"Polygon","coordinates":[[[-122.38554,47.50532],[-122.38759,47.50514],[-122.38865,47.50614],[-122.38771,47.50735],[-122.38566,47.50753],[-122.3846,47.50654],[-122.38554,47.50532]]]},"properties":{"zone":3,"cell_type":"total isolation","proximity":381.7,"opportunity":1506.4,"population":138}},{"type":"Feature","id":79,"geometry":{"type":"Polygon","coordinates":[[[-122.34422,47.53034],[-122.34661,47.53013],[-122.34787,47.53132],[-122.34678,47.53273],[-122.3444,47.53294],[-122.34313,47.53175],[-122.34422,47.53034]]]},"properties":{"zone":3,"cell_type":"total isolation","proximity":932.8,"opportunity":3362.4,"population":274}},{"type":"Feature","id":80,"geometry":{"type":"Polygon","coordinates":[[[-122.35644,47.53651],[-122.35873,47.53631],[-122.35993,47.53744],[-122.35888,47.5388],[-122.3566,47.539],[-122.35539,47.53786],[-122.35644,47.53651]]]},"properties":{"zone":3,"cell_type":"total isolation","proximity":1036.8,"opportunity":5606.2,"population":224}},{"type":"Feature","id":81,"geometry":{"type":"Polygon","coordinates":[[[-122.40553,47.56669],[-122.40777,47.56649],[-122.40894,47.5676],[-122.40792,47.56892],[-122.40568,47.56912],[-122.4045,47.56802],[-122.40553,47.56669]]]},"properties":{"zone":3,"cell_type":"total isolation","proximity":1096.9,"opportunity":2435.8,"population":203}},{"type":"Feature","id":82,"geometry":{"type":"Polygon","coordinates":[[[-122.37592,47.5362],[-122.37825,47.536],[-122.37948,47.53715],[-122.37841,47.53853],[-122.37609,47.53874],[-122.37486,47.53758],[-122.37592,47.5362]]]},"properties":{"zone":3,"cell_type":"total isolation","proximity":1094.9,"opportunity":5025.8,"population":243}},{"type":"Feature","id":83,"geometry":{"type":"Polygon","coordinates":[[[-122.35269,47.5383],[-122.35493,47.53811],[-122.3561,47.53921],[-122.35508,47.54054],[-122.35284,47.54074],[-122.35167,47.53963],[-122.35269,47.5383]]]},"properties":{"zone":3,"cell_type":"total isolation","proximity":1009.4,"opportunity":5386.9,"population":203}},{"type":"Feature","id":84,"geometry":{"type":"Polygon","coordinates":[[[-122.37241,47.54354],[-122.37499,47.54331],[-122.37639,47.54462],[-122.3752,47.54617],[-122.37262,47.54639],[-122.37122,47.54508],[-122.37241,47.54354]]]},"properties":{"zone":3,"cell_type":"total isolation","proximity":1221.9,"opportunity":5405.4,"population":542}},{"type":"Feature","id":85,"geometry":{"type":"Polygon","coordinates":[[[-122.33318,47.52795],[-122.33401,47.52787],[-122.33428,47.52813],[-122.33392,47.5286],[-122.3331,47.52867],[-122.33282,47.52841],[-122.33318,47.52795]]]},"properties":{"zone":3,"cell_type":"total isolation","proximity":647.2,"opportunity":3977.4,"population":11}},{"type":"Feature","id":86,"geometry":{"type":"Polygon","coordinates":[[[-122.33223,47.52171],[-122.33398,47.52156],[-122.33485,47.52237],[-122.33405,47.5234],[-122.3323,47.52356],[-122.33143,47.52274],[-122.33223,47.52171]]]},"properties":{"zone":3,"cell_type":"total isolation","proximity":540.6,"opportunity":3868.9,"population":74}},{"type":"Feature","id":87,"geometry":{"type":"Polygon","coordinates":[[[-122.41382,47.57448],[-122.41622,47.57426],[-122.4175,47.57546],[-122.4164,47.57689],[-122.414,47.57711],[-122.41272,47.5759],[-122.41382,47.57448]]]},"properties":{"zone":3,"cell_type":"total isolation","proximity":1133.8,"opportunity":2513.6,"population":287}},{"type":"Feature","id":88,"geometry":{"type":"Polygon","coordinates":[[[-122.37328,47.55235],[-122.37544,47.55216],[-122.37656,47.55321],[-122.37557,47.55449],[-122.37342,47.55468],[-122.3723,47.55363],[-122.37328,47.55235]]]},"properties":{"zone":3,"cell_type":"total isolation","proximity":1381.2,"opportunity":5071.8,"population":170}},{"type":"Feature","id":89,"geometry":{"type":"Polygon","coordinates":[[[-122.37597,47.58415],[-122.37743,47.58403],[-122.3781,47.58466],[-122.37745,47.58551],[-122.37599,47.58563],[-122.37532,47.585],[-122.37597,47.58415]]]},"properties":{"zone":1,"cell_type":"spatial isolation","proximity":2900.2,"opportunity":2611.5,"population":39}},{"type":"Feature","id":90,"geometry":{"type":"Polygon","coordinates":[[[-122.36703,47.51985],[-122.36916,47.51966],[-122.37027,47.52071],[-122.3693,47.52197],[-122.36716,47.52216],[-122.36605,47.52112],[-122.36703,47.51985]]]},"properties":{"zone":3,"cell_type":"total isolation","proximity":838,"opportunity":5600.7,"population":164}},{"type":"Feature","id":91,"geometry":{"type":"Polygon","coordinates":[[[-122.39037,47.57373],[-122.3927,47.57352],[-122.39393,47.57468],[-122.39286,47.57606],[-122.39053,47.57627],[-122.3893,47.57511],[-122.39037,47.57373]]]},"properties":{"zone":3,"cell_type":"total isolation","proximity":1887.3,"opportunity":4898.3,"population":245}},{"type":"Feature","id":92,"geometry":{"type":"Polygon","coordinates":[[[-122.34156,47.5385],[-122.34274,47.53839],[-122.34324,47.53886],[-122.34271,47.53954],[-122.34154,47.53964],[-122.34104,47.53918],[-122.34156,47.5385]]]},"properties":{"zone":3,"cell_type":"total isolation","proximity":1018,"opportunity":3598.6,"population":22}},{"type":"Feature","id":93,"geometry":{"type":"Polygon","coordinates":[[[-122.37051,47.51513],[-122.3728,47.51493],[-122.374,47.51607],[-122.37295,47.51743],[-122.37067,47.51763],[-122.36946,47.5165],[-122.37051,47.51513]]]},"properties":{"zone":3,"cell_type":"total isolation","proximity":713.5,"opportunity":4720.7,"population":226}},{"type":"Feature","id":94,"geometry":{"type":"Polygon","coordinates":[[[-122.35575,47.52787],[-122.35816,47.52765],[-122.35944,47.52886],[-122.35833,47.53029],[-122.35593,47.53051],[-122.35464,47.5293],[-122.35575,47.52787]]]},"properties":{"zone":3,"cell_type":"total isolation","proximity":968.5,"opportunity":5409.6,"population":289}},{"type":"Feature","id":95,"geometry":{"type":"Polygon","coordinates":[[[-122.40222,47.57423],[-122.40437,47.57404],[-122.40548,47.57508],[-122.4045,47.57635],[-122.40236,47.57654],[-122.40124,47.5755],[-122.40222,47.57423]]]},"properties":{"zone":3,"cell_type":"total isolation","proximity":1409.6,"opportunity":2605.5,"population":166}},{"type":"Feature","id":96,"geometry":{"type":"Polygon","coordinates":[[[-122.35866,47.56787],[-122.36104,47.56766],[-122.36231,47.56885],[-122.36122,47.57027],[-122.35883,47.57048],[-122.35756,47.56929],[-122.35866,47.56787]]]},"properties":{"zone":3,"cell_type":"total isolation","proximity":1632.7,"opportunity":7454,"population":276}},{"type":"Feature","id":97,"geometry":{"type":"Polygon","coordinates":[[[-122.36992,47.56249],[-122.37243,47.56227],[-122.37378,47.56353],[-122.37262,47.56503],[-122.37011,47.56525],[-122.36877,47.56398],[-122.36992,47.56249]]]},"properties":{"zone":3,"cell_type":"total isolation","proximity":1396.5,"opportunity":7097.4,"population":357}},{"type":"Feature","id":98,"geometry":{"type":"Polygon","coordinates":[[[-122.31624,47.52263],[-122.31879,47.5224],[-122.32016,47.5237],[-122.31899,47.52522],[-122.31644,47.52544],[-122.31507,47.52415],[-122.31624,47.52263]]]},"properties":{"zone":3,"cell_type":"total isolation","proximity":638.7,"opportunity":4120.7,"population":388}},{"type":"Feature","id":99,"geometry":{"type":"Polygon","coordinates":[[[-122.39855,47.5761],[-122.40051,47.57593],[-122.40151,47.57686],[-122.40062,47.57802],[-122.39866,47.5782],[-122.39766,47.57726],[-122.39855,47.5761]]]},"properties":{"zone":3,"cell_type":"total isolation","proximity":1623.7,"opportunity":2775.3,"population":114}},{"type":"Feature","id":100,"geometry":{"type":"Polygon","coordinates":[[[-122.38752,47.53381],[-122.38974,47.53361],[-122.39089,47.5347],[-122.38988,47.53602],[-122.38767,47.53621],[-122.38651,47.53512],[-122.38752,47.53381]]]},"properties":{"zone":3,"cell_type":"total isolation","proximity":979.6,"opportunity":3755.4,"population":193}},{"type":"Feature","id":101,"geometry":{"type":"Polygon","coordinates":[[[-122.38394,47.54108],[-122.38653,47.54085],[-122.38793,47.54217],[-122.38674,47.54371],[-122.38415,47.54394],[-122.38276,47.54262],[-122.38394,47.54108]]]},"properties":{"zone":3,"cell_type":"total isolation","proximity":1162.9,"opportunity":4911.4,"population":450}},{"type":"Feature","id":102,"geometry":{"type":"Polygon","coordinates":[[[-122.38457,47.54965],[-122.38716,47.54942],[-122.38855,47.55074],[-122.38736,47.55228],[-122.38478,47.55251],[-122.38338,47.55119],[-122.38457,47.54965]]]},"properties":{"zone":3,"cell_type":"total isolation","proximity":1363.3,"opportunity":5986.4,"population":492}},{"type":"Feature","id":103,"geometry":{"type":"Polygon","coordinates":[[[-122.38685,47.58106],[-122.38944,47.58083],[-122.39084,47.58214],[-122.38965,47.58369],[-122.38706,47.58391],[-122.38567,47.5826],[-122.38685,47.58106]]]},"properties":{"zone":3,"cell_type":"total isolation","proximity":2394.1,"opportunity":4927.4,"population":452}},{"type":"Feature","id":104,"geometry":{"type":"Polygon","coordinates":[[[-122.35193,47.5296],[-122.35441,47.52938],[-122.35573,47.53063],[-122.3546,47.5321],[-122.35212,47.53232],[-122.35079,47.53107],[-122.35193,47.5296]]]},"properties":{"zone":3,"cell_type":"total isolation","proximity":965.7,"opportunity":5035,"population":333}},{"type":"Feature","id":105,"geometry":{"type":"Polygon","coordinates":[[[-122.36729,47.52276],[-122.36933,47.52258],[-122.37039,47.52357],[-122.36945,47.52478],[-122.3674,47.52496],[-122.36635,47.52397],[-122.36729,47.52276]]]},"properties":{"zone":3,"cell_type":"total isolation","proximity":884.1,"opportunity":4746.3,"population":137}},{"type":"Feature","id":106,"geometry":{"type":"Polygon","coordinates":[[[-122.35239,47.53536],[-122.35479,47.53515],[-122.35606,47.53635],[-122.35496,47.53777],[-122.35257,47.53798],[-122.35129,47.53678],[-122.35239,47.53536]]]},"properties":{"zone":3,"cell_type":"total isolation","proximity":986.1,"opportunity":5349.8,"population":282}},{"type":"Feature","id":107,"geometry":{"type":"Polygon","coordinates":[[[-122.38755,47.58969],[-122.39002,47.58947],[-122.39134,47.59071],[-122.3902,47.59218],[-122.38774,47.5924],[-122.38642,47.59116],[-122.38755,47.58969]]]},"properties":{"zone":3,"cell_type":"total isolation","proximity":2363.2,"opportunity":2771.8,"population":326}},{"type":"Feature","id":108,"geometry":{"type":"Polygon","coordinates":[[[-122.40148,47.56555],[-122.40382,47.56534],[-122.40507,47.56651],[-122.40399,47.5679],[-122.40165,47.56811],[-122.40041,47.56694],[-122.40148,47.56555]]]},"properties":{"zone":3,"cell_type":"total isolation","proximity":1262.8,"opportunity":876.3,"population":253}},{"type":"Feature","id":109,"geometry":{"type":"Polygon","coordinates":[[[-122.39055,47.57655],[-122.39292,47.57634],[-122.39418,47.57753],[-122.3931,47.57894],[-122.39072,47.57915],[-122.38946,47.57797],[-122.39055,47.57655]]]},"properties":{"zone":3,"cell_type":"total isolation","proximity":1989.6,"opportunity":4909.6,"population":269}},{"type":"Feature","id":110,"geometry":{"type":"Polygon","coordinates":[[[-122.38199,47.51263],[-122.38436,47.51242],[-122.38562,47.51361],[-122.38453,47.51502],[-122.38217,47.51523],[-122.38091,47.51404],[-122.38199,47.51263]]]},"properties":{"zone":3,"cell_type":"total isolation","proximity":544.9,"opportunity":3068.3,"population":267}},{"type":"Feature","id":111,"geometry":{"type":"Polygon","coordinates":[[[-122.35545,47.57019],[-122.35686,47.57006],[-122.3575,47.57067],[-122.35687,47.57149],[-122.35546,47.57162],[-122.35481,47.57101],[-122.35545,47.57019]]]},"properties":{"zone":3,"cell_type":"total isolation","proximity":1610.1,"opportunity":6151.1,"population":36}},{"type":"Feature","id":112,"geometry":{"type":"Polygon","coordinates":[[[-122.35314,47.54406],[-122.35531,47.54386],[-122.35645,47.54493],[-122.35545,47.54622],[-122.35328,47.54641],[-122.35215,47.54534],[-122.35314,47.54406]]]},"properties":{"zone":3,"cell_type":"total isolation","proximity":1019.7,"opportunity":5729.7,"population":176}},{"type":"Feature","id":113,"geometry":{"type":"Polygon","coordinates":[[[-122.32885,47.52653],[-122.33027,47.5264],[-122.33093,47.52702],[-122.33029,47.52785],[-122.32886,47.52797],[-122.32821,47.52735],[-122.32885,47.52653]]]},"properties":{"zone":3,"cell_type":"total isolation","proximity":679.8,"opportunity":4061.5,"population":37}},{"type":"Feature","id":114,"geometry":{"type":"Polygon","coordinates":[[[-122.38144,47.56002],[-122.38398,47.55979],[-122.38535,47.56108],[-122.38418,47.56259],[-122.38164,47.56281],[-122.38028,47.56153],[-122.38144,47.56002]]]},"properties":{"zone":3,"cell_type":"total isolation","proximity":1793,"opportunity":7132.6,"population":379}},{"type":"Feature","id":115,"geometry":{"type":"Polygon","coordinates":[[[-122.32802,47.5204],[-122.33016,47.52021],[-122.33128,47.52126],[-122.33029,47.52254],[-122.32815,47.52273],[-122.32703,47.52167],[-122.32802,47.5204]]]},"properties":{"zone":3,"cell_type":"total isolation","proximity":543.2,"opportunity":3578.9,"population":167}},{"type":"Feature","id":116,"geometry":{"type":"Polygon","coordinates":[[[-122.4099,47.57345],[-122.41219,47.57325],[-122.4134,47.57439],[-122.41235,47.57575],[-122.41006,47.57595],[-122.40885,47.57482],[-122.4099,47.57345]]]},"properties":{"zone":3,"cell_type":"total isolation","proximity":1257.1,"opportunity":2619.9,"population":228}},{"type":"Feature","id":117,"geometry":{"type":"Polygon","coordinates":[[[-122.36932,47.55129],[-122.37143,47.5511],[-122.37253,47.55213],[-122.37156,47.55338],[-122.36945,47.55357],[-122.36836,47.55254],[-122.36932,47.55129]]]},"properties":{"zone":3,"cell_type":"total isolation","proximity":1232.5,"opportunity":5504.9,"population":155}},{"type":"Feature","id":118,"geometry":{"type":"Polygon","coordinates":[[[-122.33022,47.53575],[-122.33022,47.53575],[-122.33015,47.53576],[-122.33015,47.53576],[-122.33022,47.53575]]]},"properties":{"zone":3,"cell_type":"total isolation","proximity":774.5,"opportunity":3636.5,"population":2}},{"type":"Feature","id":119,"geometry":{"type":"Polygon","coordinates":[[[-122.36289,47.51861],[-122.36529,47.5184],[-122.36657,47.51961],[-122.36547,47.52104],[-122.36307,47.52125],[-122.36178,47.52004],[-122.36289,47.51861]]]},"properties":{"zone":3,"cell_type":"total isolation","proximity":811.3,"opportunity":5539.9,"population":288}},{"type":"Feature","id":120,"geometry":{"type":"Polygon","coordinates":[[[-122.34886,47.53737],[-122.35083,47.53719],[-122.35184,47.53814],[-122.35094,47.53931],[-122.34897,47.53948],[-122.34796,47.53853],[-122.34886,47.53737]]]},"properties":{"zone":3,"cell_type":"total isolation","proximity":989,"opportunity":5346.9,"population":117}},{"type":"Feature","id":121,"geometry":{"type":"Polygon","coordinates":[[[-122.37827,47.51446],[-122.38055,47.51426],[-122.38175,47.51538],[-122.38071,47.51674],[-122.37843,47.51694],[-122.37723,47.51581],[-122.37827,47.51446]]]},"properties":{"zone":3,"cell_type":"total isolation","proximity":637.5,"opportunity":3839.5,"population":220}},{"type":"Feature","id":122,"geometry":{"type":"Polygon","coordinates":[[[-122.36352,47.5272],[-122.3659,47.52699],[-122.36717,47.52818],[-122.36608,47.5296],[-122.3637,47.52981],[-122.36243,47.52861],[-122.36352,47.5272]]]},"properties":{"zone":3,"cell_type":"total isolation","proximity":978.2,"opportunity":5359.6,"population":274}},{"type":"Feature","id":123,"geometry":{"type":"Polygon","coordinates":[[[-122.36623,47.55904],[-122.36787,47.55889],[-122.36867,47.55964],[-122.36793,47.5606],[-122.36629,47.56074],[-122.36549,47.56],[-122.36623,47.55904]]]},"properties":{"zone":3,"cell_type":"total isolation","proximity":1408.5,"opportunity":7254.6,"population":58}},{"type":"Feature","id":124,"geometry":{"type":"Polygon","coordinates":[[[-122.3989,47.57378],[-122.39991,47.57369],[-122.4003,47.57406],[-122.39986,47.57463],[-122.39884,47.57472],[-122.39845,47.57435],[-122.3989,47.57378]]]},"properties":{"zone":3,"cell_type":"total isolation","proximity":1564,"opportunity":2761,"population":16}},{"type":"Feature","id":125,"geometry":{"type":"Polygon","coordinates":[[[-122.37868,47.52017],[-122.38097,47.51997],[-122.38217,47.5211],[-122.38112,47.52246],[-122.37884,47.52266],[-122.37764,47.52153],[-122.37868,47.52017]]]},"properties":{"zone":3,"cell_type":"total isolation","proximity":790.7,"opportunity":4698.6,"population":223}},{"type":"Feature","id":126,"geometry":{"type":"Polygon","coordinates":[[[-122.36691,47.56765],[-122.36846,47.56752],[-122.3692,47.56821],[-122.3685,47.56912],[-122.36694,47.56925],[-122.36621,47.56856],[-122.36691,47.56765]]]},"properties":{"zone":3,"cell_type":"total isolation","proximity":1838.3,"opportunity":6865,"population":48}},{"type":"Feature","id":127,"geometry":{"type":"Polygon","coordinates":[[[-122.37795,47.56206],[-122.38,47.56188],[-122.38105,47.56287],[-122.38012,47.56408],[-122.37807,47.56427],[-122.37702,47.56327],[-122.37795,47.56206]]]},"properties":{"zone":3,"cell_type":"total isolation","proximity":1800.4,"opportunity":7313.2,"population":136}},{"type":"Feature","id":128,"geometry":{"type":"Polygon","coordinates":[[[-122.32412,47.52206],[-122.32647,47.52185],[-122.32771,47.52302],[-122.32663,47.52442],[-122.32429,47.52463],[-122.32304,47.52345],[-122.32412,47.52206]]]},"properties":{"zone":3,"cell_type":"total isolation","proximity":600.7,"opportunity":3956.4,"population":255}},{"type":"Feature","id":129,"geometry":{"type":"Polygon","coordinates":[[[-122.33001,47.5329],[-122.33001,47.5329],[-122.32995,47.5329],[-122.32995,47.5329],[-122.33001,47.5329]]]},"properties":{"zone":3,"cell_type":"total isolation","proximity":790.5,"opportunity":3693.6,"population":3}},{"type":"Feature","id":130,"geometry":{"type":"Polygon","coordinates":[[[-122.3689,47.54822],[-122.37138,47.548],[-122.37272,47.54926],[-122.37158,47.55074],[-122.36909,47.55096],[-122.36775,47.5497],[-122.3689,47.54822]]]},"properties":{"zone":3,"cell_type":"total isolation","proximity":1210.8,"opportunity":5312.1,"population":342}},{"type":"Feature","id":131,"geometry":{"type":"Polygon","coordinates":[[[-122.39862,47.58147],[-122.40118,47.58124],[-122.40257,47.58254],[-122.40139,47.58407],[-122.39882,47.5843],[-122.39744,47.583],[-122.39862,47.58147]]]},"properties":{"zone":3,"cell_type":"total isolation","proximity":1624.7,"opportunity":2626.6,"population":402}},{"type":"Feature","id":132,"geometry":{"type":"Polygon","coordinates":[[[-122.36794,47.57124],[-122.36794,47.57124],[-122.36788,47.57124],[-122.36788,47.57124],[-122.36794,47.57124]]]},"properties":{"zone":3,"cell_type":"total isolation","proximity":1760.9,"opportunity":7156.8,"population":0}},{"type":"Feature","id":133,"geometry":{"type":"Polygon","coordinates":[[[-122.3806,47.54858],[-122.38316,47.54836],[-122.38454,47.54965],[-122.38336,47.55118],[-122.3808,47.5514],[-122.37942,47.55011],[-122.3806,47.54858]]]},"properties":{"zone":3,"cell_type":"total isolation","proximity":1370.8,"opportunity":5090.1,"population":395}},{"type":"Feature","id":134,"geometry":{"type":"Polygon","coordinates":[[[-122.34799,47.52856],[-122.35039,47.52835],[-122.35167,47.52955],[-122.35057,47.53097],[-122.34817,47.53118],[-122.34689,47.52998],[-122.34799,47.52856]]]},"properties":{"zone":3,"cell_type":"total isolation","proximity":935.3,"opportunity":4634,"population":282}},{"type":"Feature","id":135,"geometry":{"type":"Polygon","coordinates":[[[-122.3748,47.52183],[-122.37727,47.52161],[-122.3786,47.52286],[-122.37746,47.52434],[-122.37499,47.52455],[-122.37366,47.52331],[-122.3748,47.52183]]]},"properties":{"zone":3,"cell_type":"total isolation","proximity":856.9,"opportunity":5074.4,"population":334}},{"type":"Feature","id":136,"geometry":{"type":"Polygon","coordinates":[[[-122.36031,47.53482],[-122.36244,47.53463],[-122.36354,47.53568],[-122.36257,47.53694],[-122.36044,47.53713],[-122.35933,47.53609],[-122.36031,47.53482]]]},"properties":{"zone":3,"cell_type":"total isolation","proximity":1091.1,"opportunity":6467.3,"population":162}},{"type":"Feature","id":137,"geometry":{"type":"Polygon","coordinates":[[[-122.38353,47.58857],[-122.38606,47.58835],[-122.38742,47.58963],[-122.38625,47.59113],[-122.38373,47.59136],[-122.38237,47.59008],[-122.38353,47.58857]]]},"properties":{"zone":3,"cell_type":"total isolation","proximity":2305.3,"opportunity":2946.7,"population":371}},{"type":"Feature","id":138,"geometry":{"type":"Polygon","coordinates":[[[-122.38983,47.51202],[-122.39207,47.51182],[-122.39324,47.51293],[-122.39222,47.51426],[-122.38998,47.51446],[-122.3888,47.51335],[-122.38983,47.51202]]]},"properties":{"zone":3,"cell_type":"total isolation","proximity":506.3,"opportunity":3517.2,"population":204}},{"type":"Feature","id":139,"geometry":{"type":"Polygon","coordinates":[[[-122.40955,47.57047],[-122.41208,47.57024],[-122.41344,47.57152],[-122.41228,47.57302],[-122.40975,47.57325],[-122.40839,47.57197],[-122.40955,47.57047]]]},"properties":{"zone":3,"cell_type":"total isolation","proximity":1176.9,"opportunity":2588,"population":370}},{"type":"Feature","id":140,"geometry":{"type":"Polygon","coordinates":[[[-122.36375,47.53007],[-122.3661,47.52986],[-122.36735,47.53104],[-122.36627,47.53244],[-122.36392,47.53264],[-122.36267,47.53147],[-122.36375,47.53007]]]},"properties":{"zone":3,"cell_type":"total isolation","proximity":1010.7,"opportunity":5273.7,"population":259}},{"type":"Feature","id":141,"geometry":{"type":"Polygon","coordinates":[[[-122.34982,47.5436],[-122.35086,47.54351],[-122.35127,47.5439],[-122.35081,47.54449],[-122.34977,47.54459],[-122.34936,47.5442],[-122.34982,47.5436]]]},"properties":{"zone":3,"cell_type":"total isolation","proximity":979.3,"opportunity":4366.2,"population":17}},{"type":"Feature","id":142,"geometry":{"type":"Polygon","coordinates":[[[-122.38829,47.54517],[-122.39061,47.54497],[-122.39184,47.54612],[-122.39078,47.5475],[-122.38846,47.54771],[-122.38723,47.54655],[-122.38829,47.54517]]]},"properties":{"zone":3,"cell_type":"total isolation","proximity":1159.5,"opportunity":4915.8,"population":241}},{"type":"Feature","id":143,"geometry":{"type":"Polygon","coordinates":[[[-122.38918,47.5593],[-122.39176,47.55907],[-122.39316,47.56039],[-122.39197,47.56193],[-122.38938,47.56216],[-122.38799,47.56085],[-122.38918,47.5593]]]},"properties":{"zone":3,"cell_type":"total isolation","proximity":1520.6,"opportunity":6239.9,"population":432}},{"type":"Feature","id":144,"geometry":{"type":"Polygon","coordinates":[[[-122.33577,47.51971],[-122.33793,47.51952],[-122.33905,47.52058],[-122.33807,47.52186],[-122.3359,47.52205],[-122.33478,47.52099],[-122.33577,47.51971]]]},"properties":{"zone":3,"cell_type":"total isolation","proximity":698.9,"opportunity":4196.8,"population":173}},{"type":"Feature","id":145,"geometry":{"type":"Polygon","coordinates":[[[-122.32601,47.53452],[-122.32653,47.53447],[-122.32661,47.53455],[-122.32639,47.53482],[-122.32587,47.53487],[-122.32579,47.53479],[-122.32601,47.53452]]]},"properties":{"zone":3,"cell_type":"total isolation","proximity":715.4,"opportunity":3767.4,"population":6}},{"type":"Feature","id":146,"geometry":{"type":"Polygon","coordinates":[[[-122.343,47.55044],[-122.343,47.55044],[-122.34293,47.55045],[-122.34293,47.55045],[-122.343,47.55044]]]},"properties":{"zone":3,"cell_type":"total isolation","proximity":895.6,"opportunity":9,"population":0}},{"type":"Feature","id":147,"geometry":{"type":"Polygon","coordinates":[[[-122.39113,47.58508],[-122.39358,47.58486],[-122.39488,47.58609],[-122.39376,47.58754],[-122.39132,47.58776],[-122.39001,47.58653],[-122.39113,47.58508]]]},"properties":{"zone":3,"cell_type":"total isolation","proximity":2192.6,"opportunity":2682.4,"population":310}},{"type":"Feature","id":148,"geometry":{"type":"Polygon","coordinates":[[[-122.3782,47.56761],[-122.38053,47.56741],[-122.38177,47.56857],[-122.3807,47.56995],[-122.37837,47.57016],[-122.37713,47.569],[-122.3782,47.56761]]]},"properties":{"zone":3,"cell_type":"total isolation","proximity":1916,"opportunity":6067.6,"population":247}},{"type":"Feature","id":149,"geometry":{"type":"Polygon","coordinates":[[[-122.34523,47.53662],[-122.3466,47.5365],[-122.34722,47.53708],[-122.34661,47.53788],[-122.34523,47.538],[-122.34461,47.53742],[-122.34523,47.53662]]]},"properties":{"zone":3,"cell_type":"total isolation","proximity":1002.7,"opportunity":4039.9,"population":33}},{"type":"Feature","id":150,"geometry":{"type":"Polygon","coordinates":[[[-122.3742,47.51328],[-122.37663,47.51307],[-122.37793,47.51429],[-122.37681,47.51574],[-122.37438,47.51595],[-122.37308,47.51473],[-122.3742,47.51328]]]},"properties":{"zone":3,"cell_type":"total isolation","proximity":639.3,"opportunity":3851.4,"population":304}},{"type":"Feature","id":151,"geometry":{"type":"Polygon","coordinates":[[[-122.35942,47.526],[-122.36201,47.52577],[-122.3634,47.52708],[-122.36221,47.52862],[-122.35963,47.52885],[-122.35823,47.52754],[-122.35942,47.526]]]},"properties":{"zone":3,"cell_type":"total isolation","proximity":964,"opportunity":5594.9,"population":530}},{"type":"Feature","id":152,"geometry":{"type":"Polygon","coordinates":[[[-122.40594,47.5724],[-122.40819,47.5722],[-122.40937,47.57331],[-122.40834,47.57464],[-122.40609,47.57484],[-122.40491,47.57373],[-122.40594,47.5724]]]},"properties":{"zone":3,"cell_type":"total isolation","proximity":1305.8,"opportunity":2602.6,"population":207}},{"type":"Feature","id":153,"geometry":{"type":"Polygon","coordinates":[[[-122.38653,47.51956],[-122.38866,47.51938],[-122.38978,47.52042],[-122.3888,47.52169],[-122.38666,47.52188],[-122.38555,47.52083],[-122.38653,47.51956]]]},"properties":{"zone":3,"cell_type":"total isolation","proximity":685.1,"opportunity":4814.2,"population":165}},{"type":"Feature","id":154,"geometry":{"type":"Polygon","coordinates":[[[-122.34613,47.54547],[-122.34701,47.54539],[-122.34732,47.54568],[-122.34694,47.54617],[-122.34606,47.54625],[-122.34575,47.54596],[-122.34613,47.54547]]]},"properties":{"zone":3,"cell_type":"total isolation","proximity":938.5,"opportunity":2623.1,"population":12}},{"type":"Feature","id":155,"geometry":{"type":"Polygon","coordinates":[[[-122.33332,47.53075],[-122.33426,47.53066],[-122.3346,47.53099],[-122.33419,47.53151],[-122.33326,47.5316],[-122.33292,47.53127],[-122.33332,47.53075]]]},"properties":{"zone":3,"cell_type":"total isolation","proximity":690.7,"opportunity":3937.8,"population":13}},{"type":"Feature","id":156,"geometry":{"type":"Polygon","coordinates":[[[-122.36262,47.56627],[-122.36469,47.56609],[-122.36577,47.5671],[-122.36482,47.56833],[-122.36274,47.56851],[-122.36167,47.5675],[-122.36262,47.56627]]]},"properties":{"zone":3,"cell_type":"total isolation","proximity":1729.4,"opportunity":7584.1,"population":145}},{"type":"Feature","id":157,"geometry":{"type":"Polygon","coordinates":[[[-122.3739,47.56092],[-122.37606,47.56072],[-122.37719,47.56178],[-122.3762,47.56306],[-122.37404,47.56325],[-122.37291,47.5622],[-122.3739,47.56092]]]},"properties":{"zone":3,"cell_type":"total isolation","proximity":1668.2,"opportunity":7482.9,"population":172}},{"type":"Feature","id":158,"geometry":{"type":"Polygon","coordinates":[[[-122.32034,47.52117],[-122.32234,47.521],[-122.32335,47.52195],[-122.32244,47.52313],[-122.32045,47.52331],[-122.31943,47.52235],[-122.32034,47.52117]]]},"properties":{"zone":3,"cell_type":"total isolation","proximity":548.7,"opportunity":3728.3,"population":122}},{"type":"Feature","id":159,"geometry":{"type":"Polygon","coordinates":[[[-122.39474,47.58049],[-122.39712,47.58028],[-122.39839,47.58147],[-122.3973,47.58289],[-122.39491,47.5831],[-122.39364,47.5819],[-122.39474,47.58049]]]},"properties":{"zone":3,"cell_type":"total isolation","proximity":1870.8,"opportunity":2962,"population":276}},{"type":"Feature","id":160,"geometry":{"type":"Polygon","coordinates":[[[-122.37531,47.52764],[-122.37761,47.52744],[-122.37883,47.52858],[-122.37777,47.52995],[-122.37547,47.53015],[-122.37426,47.52901],[-122.37531,47.52764]]]},"properties":{"zone":3,"cell_type":"total isolation","proximity":969.7,"opportunity":5129.8,"population":231}},{"type":"Feature","id":161,"geometry":{"type":"Polygon","coordinates":[[[-122.37353,47.49935],[-122.37533,47.49919],[-122.37622,47.50003],[-122.37541,47.50109],[-122.37361,47.50125],[-122.37272,47.50041],[-122.37353,47.49935]]]},"properties":{"zone":3,"cell_type":"total isolation","proximity":334.2,"opportunity":1760.2,"population":81}},{"type":"Feature","id":162,"geometry":{"type":"Polygon","coordinates":[[[-122.37365,47.55536],[-122.37553,47.5552],[-122.37647,47.55608],[-122.37562,47.55719],[-122.37374,47.55735],[-122.3728,47.55647],[-122.37365,47.55536]]]},"properties":{"zone":3,"cell_type":"total isolation","proximity":1439.7,"opportunity":5527.5,"population":95}},{"type":"Feature","id":163,"geometry":{"type":"Polygon","coordinates":[[[-122.37436,47.56933],[-122.3768,47.56911],[-122.3781,47.57033],[-122.37698,47.57178],[-122.37454,47.572],[-122.37324,47.57078],[-122.37436,47.56933]]]},"properties":{"zone":3,"cell_type":"total isolation","proximity":1872.2,"opportunity":6487.8,"population":308}},{"type":"Feature","id":164,"geometry":{"type":"Polygon","coordinates":[[[-122.38992,47.56798],[-122.39231,47.56777],[-122.39358,47.56896],[-122.39248,47.57038],[-122.39009,47.5706],[-122.38882,47.5694],[-122.38992,47.56798]]]},"properties":{"zone":3,"cell_type":"total isolation","proximity":1731.5,"opportunity":5258.2,"population":278}},{"type":"Feature","id":165,"geometry":{"type":"Polygon","coordinates":[[[-122.39606,47.54184],[-122.39801,47.54167],[-122.39899,47.5426],[-122.39811,47.54375],[-122.39617,47.54392],[-122.39518,47.54299],[-122.39606,47.54184]]]},"properties":{"zone":3,"cell_type":"total isolation","proximity":884.2,"opportunity":3431.7,"population":110}},{"type":"Feature","id":166,"geometry":{"type":"Polygon","coordinates":[[[-122.38982,47.50936],[-122.39171,47.50919],[-122.39266,47.51009],[-122.39181,47.51121],[-122.38992,47.51137],[-122.38896,47.51048],[-122.38982,47.50936]]]},"properties":{"zone":3,"cell_type":"total isolation","proximity":405.2,"opportunity":1430,"population":98}},{"type":"Feature","id":167,"geometry":{"type":"Polygon","coordinates":[[[-122.3709,47.52083],[-122.37323,47.52062],[-122.37446,47.52178],[-122.37339,47.52317],[-122.37106,47.52337],[-122.36983,47.52221],[-122.3709,47.52083]]]},"properties":{"zone":3,"cell_type":"total isolation","proximity":847.3,"opportunity":4916.8,"population":246}},{"type":"Feature","id":168,"geometry":{"type":"Polygon","coordinates":[[[-122.35617,47.53359],[-122.35856,47.53338],[-122.35984,47.53458],[-122.35874,47.536],[-122.35634,47.53621],[-122.35507,47.53501],[-122.35617,47.53359]]]},"properties":{"zone":3,"cell_type":"total isolation","proximity":1051,"opportunity":5404.6,"population":282}},{"type":"Feature","id":169,"geometry":{"type":"Polygon","coordinates":[[[-122.40543,47.56394],[-122.40748,47.56376],[-122.40853,47.56475],[-122.4076,47.56596],[-122.40555,47.56615],[-122.40449,47.56515],[-122.40543,47.56394]]]},"properties":{"zone":3,"cell_type":"total isolation","proximity":1040.1,"opportunity":858.9,"population":137}},{"type":"Feature","id":170,"geometry":{"type":"Polygon","coordinates":[[[-122.38572,47.51082],[-122.38817,47.5106],[-122.38948,47.51183],[-122.38836,47.51329],[-122.38591,47.51351],[-122.3846,47.51228],[-122.38572,47.51082]]]},"properties":{"zone":3,"cell_type":"total isolation","proximity":494.3,"opportunity":2593.6,"population":315}},{"type":"Feature","id":171,"geometry":{"type":"Polygon","coordinates":[[[-122.37155,47.52943],[-122.37383,47.52923],[-122.37503,47.53036],[-122.37399,47.53171],[-122.37171,47.53191],[-122.3705,47.53078],[-122.37155,47.52943]]]},"properties":{"zone":3,"cell_type":"total isolation","proximity":1002,"opportunity":4695.2,"population":222}},{"type":"Feature","id":172,"geometry":{"type":"Polygon","coordinates":[[[-122.35692,47.54228],[-122.35909,47.54209],[-122.36023,47.54316],[-122.35923,47.54445],[-122.35706,47.54464],[-122.35592,47.54357],[-122.35692,47.54228]]]},"properties":{"zone":3,"cell_type":"total isolation","proximity":1040.7,"opportunity":5275.5,"population":178}},{"type":"Feature","id":173,"geometry":{"type":"Polygon","coordinates":[[[-122.39612,47.54456],[-122.39832,47.54436],[-122.39947,47.54544],[-122.39846,47.54675],[-122.39627,47.54694],[-122.39512,47.54586],[-122.39612,47.54456]]]},"properties":{"zone":3,"cell_type":"total isolation","proximity":955.6,"opportunity":2256.1,"population":187}},{"type":"Feature","id":174,"geometry":{"type":"Polygon","coordinates":[[[-122.38519,47.55822],[-122.38778,47.55799],[-122.38918,47.5593],[-122.38799,47.56085],[-122.3854,47.56107],[-122.384,47.55976],[-122.38519,47.55822]]]},"properties":{"zone":3,"cell_type":"total isolation","proximity":1653.9,"opportunity":6843.5,"population":529}},{"type":"Feature","id":175,"geometry":{"type":"Polygon","coordinates":[[[-122.33207,47.5189],[-122.33374,47.51875],[-122.33456,47.51952],[-122.3338,47.5205],[-122.33212,47.52065],[-122.33131,47.51988],[-122.33207,47.5189]]]},"properties":{"zone":3,"cell_type":"total isolation","proximity":633.9,"opportunity":3824.9,"population":63}},{"type":"Feature","id":176,"geometry":{"type":"Polygon","coordinates":[[[-122.40616,47.57791],[-122.40875,47.57769],[-122.41014,47.579],[-122.40895,47.58054],[-122.40637,47.58077],[-122.40497,47.57946],[-122.40616,47.57791]]]},"properties":{"zone":3,"cell_type":"total isolation","proximity":1392.9,"opportunity":2638.7,"population":438}},{"type":"Feature","id":177,"geometry":{"type":"Polygon","coordinates":[[[-122.3848,47.55253],[-122.38734,47.55231],[-122.38871,47.55359],[-122.38755,47.55511],[-122.385,47.55533],[-122.38363,47.55405],[-122.3848,47.55253]]]},"properties":{"zone":3,"cell_type":"total isolation","proximity":1442.5,"opportunity":5978.6,"population":383}},{"type":"Feature","id":178,"geometry":{"type":"Polygon","coordinates":[[[-122.38588,47.56685],[-122.38836,47.56663],[-122.38968,47.56788],[-122.38854,47.56935],[-122.38607,47.56957],[-122.38475,47.56832],[-122.38588,47.56685]]]},"properties":{"zone":3,"cell_type":"total isolation","proximity":1862.9,"opportunity":5660.6,"population":332}},{"type":"Feature","id":179,"geometry":{"type":"Polygon","coordinates":[[[-122.38837,47.59314],[-122.38979,47.59301],[-122.39044,47.59362],[-122.3898,47.59445],[-122.38838,47.59457],[-122.38773,47.59396],[-122.38837,47.59314]]]},"properties":{"zone":3,"cell_type":"total isolation","proximity":2325.9,"opportunity":2202.1,"population":36}},{"type":"Feature","id":180,"geometry":{"type":"Polygon","coordinates":[[[-122.37456,47.51895],[-122.37708,47.51872],[-122.37844,47.52],[-122.37728,47.52151],[-122.37476,47.52173],[-122.3734,47.52045],[-122.37456,47.51895]]]},"properties":{"zone":3,"cell_type":"total isolation","proximity":800.3,"opportunity":5035.6,"population":369}},{"type":"Feature","id":181,"geometry":{"type":"Polygon","coordinates":[[[-122.35369,47.55256],[-122.35599,47.55235],[-122.3572,47.55349],[-122.35614,47.55485],[-122.35385,47.55506],[-122.35264,47.55392],[-122.35369,47.55256]]]},"properties":{"zone":3,"cell_type":"total isolation","proximity":1123.8,"opportunity":5433.1,"population":228}},{"type":"Feature","id":182,"geometry":{"type":"Polygon","coordinates":[[[-122.40193,47.57129],[-122.40422,47.57109],[-122.40543,47.57222],[-122.40438,47.57358],[-122.40209,47.57378],[-122.40088,47.57265],[-122.40193,47.57129]]]},"properties":{"zone":3,"cell_type":"total isolation","proximity":1324.5,"opportunity":2567.1,"population":226}},{"type":"Feature","id":183,"geometry":{"type":"Polygon","coordinates":[[[-122.38311,47.51903],[-122.38427,47.51893],[-122.38476,47.51938],[-122.38425,47.52005],[-122.38309,47.52016],[-122.3826,47.5197],[-122.38311,47.51903]]]},"properties":{"zone":3,"cell_type":"total isolation","proximity":673.1,"opportunity":3748.7,"population":21}},{"type":"Feature","id":184,"geometry":{"type":"Polygon","coordinates":[[[-122.34258,47.54473],[-122.34258,47.54473],[-122.34252,47.54474],[-122.34252,47.54474],[-122.34258,47.54473]]]},"properties":{"zone":3,"cell_type":"total isolation","proximity":850.8,"opportunity":2336.3,"population":1}},{"type":"Feature","id":185,"geometry":{"type":"Polygon","coordinates":[[[-122.3281,47.52314],[-122.33046,47.52293],[-122.33171,47.52411],[-122.33062,47.52551],[-122.32827,47.52572],[-122.32701,47.52454],[-122.3281,47.52314]]]},"properties":{"zone":3,"cell_type":"total isolation","proximity":606.6,"opportunity":3806.1,"population":261}},{"type":"Feature","id":186,"geometry":{"type":"Polygon","coordinates":[[[-122.37262,47.54639],[-122.3752,47.54617],[-122.3766,47.54748],[-122.37541,47.54902],[-122.37282,47.54925],[-122.37143,47.54794],[-122.37262,47.54639]]]},"properties":{"zone":3,"cell_type":"total isolation","proximity":1267.9,"opportunity":5269.4,"population":680}},{"type":"Feature","id":187,"geometry":{"type":"Polygon","coordinates":[[[-122.34048,47.52948],[-122.34245,47.52931],[-122.34345,47.53025],[-122.34256,47.53141],[-122.34059,47.53159],[-122.33958,47.53064],[-122.34048,47.52948]]]},"properties":{"zone":3,"cell_type":"total isolation","proximity":873.7,"opportunity":2480.9,"population":116}},{"type":"Feature","id":188,"geometry":{"type":"Polygon","coordinates":[[[-122.37412,47.56644],[-122.37662,47.56622],[-122.37795,47.56748],[-122.37681,47.56896],[-122.37431,47.56918],[-122.37298,47.56792],[-122.37412,47.56644]]]},"properties":{"zone":3,"cell_type":"total isolation","proximity":1829.6,"opportunity":7025.1,"population":344}},{"type":"Feature","id":189,"geometry":{"type":"Polygon","coordinates":[[[-122.40242,47.57972],[-122.40494,47.5795],[-122.4063,47.58077],[-122.40514,47.58228],[-122.40261,47.5825],[-122.40125,47.58122],[-122.40242,47.57972]]]},"properties":{"zone":3,"cell_type":"total isolation","proximity":1491.7,"opportunity":2600.2,"population":372}},{"type":"Feature","id":190,"geometry":{"type":"Polygon","coordinates":[[[-122.38303,47.52692],[-122.3854,47.52671],[-122.38666,47.52789],[-122.38557,47.5293],[-122.38321,47.52951],[-122.38195,47.52833],[-122.38303,47.52692]]]},"properties":{"zone":3,"cell_type":"total isolation","proximity":864.2,"opportunity":3944.5,"population":265}},{"type":"Feature","id":191,"geometry":{"type":"Polygon","coordinates":[[[-122.38105,47.55432],[-122.38355,47.5541],[-122.3849,47.55537],[-122.38375,47.55686],[-122.38124,47.55708],[-122.37989,47.55582],[-122.38105,47.55432]]]},"properties":{"zone":3,"cell_type":"total isolation","proximity":1547.8,"opportunity":5588.6,"population":356}},{"type":"Feature","id":192,"geometry":{"type":"Polygon","coordinates":[[[-122.37038,47.56824],[-122.37282,47.56802],[-122.37412,47.56925],[-122.373,47.5707],[-122.37056,47.57092],[-122.36926,47.56969],[-122.37038,47.56824]]]},"properties":{"zone":3,"cell_type":"total isolation","proximity":1993.2,"opportunity":7502.9,"population":308}},{"type":"Feature","id":193,"geometry":{"type":"Polygon","coordinates":[[[-122.39183,47.54051],[-122.3942,47.5403],[-122.39547,47.54149],[-122.39438,47.54291],[-122.392,47.54312],[-122.39074,47.54193],[-122.39183,47.54051]]]},"properties":{"zone":3,"cell_type":"total isolation","proximity":945.1,"opportunity":3679.5,"population":271}},{"type":"Feature","id":194,"geometry":{"type":"Polygon","coordinates":[[[-122.39677,47.55049],[-122.39857,47.55033],[-122.39946,47.55117],[-122.39865,47.55223],[-122.39685,47.55239],[-122.39596,47.55155],[-122.39677,47.55049]]]},"properties":{"zone":3,"cell_type":"total isolation","proximity":959.7,"opportunity":2,"population":81}},{"type":"Feature","id":195,"geometry":{"type":"Polygon","coordinates":[[[-122.38568,47.50812],[-122.38785,47.50793],[-122.38897,47.50899],[-122.38798,47.51027],[-122.38582,47.51047],[-122.38469,47.5094],[-122.38568,47.50812]]]},"properties":{"zone":3,"cell_type":"total isolation","proximity":439.2,"opportunity":1720.3,"population":175}},{"type":"Feature","id":196,"geometry":{"type":"Polygon","coordinates":[[[-122.33645,47.52303],[-122.33779,47.52291],[-122.3384,47.52348],[-122.33779,47.52426],[-122.33645,47.52438],[-122.33585,47.52381],[-122.33645,47.52303]]]},"properties":{"zone":3,"cell_type":"total isolation","proximity":723.6,"opportunity":2809.8,"population":31}},{"type":"Feature","id":197,"geometry":{"type":"Polygon","coordinates":[[[-122.35075,47.55513],[-122.35161,47.55506],[-122.35191,47.55533],[-122.35153,47.55582],[-122.35067,47.55589],[-122.35037,47.55562],[-122.35075,47.55513]]]},"properties":{"zone":3,"cell_type":"total isolation","proximity":1067.9,"opportunity":4001.4,"population":11}},{"type":"Feature","id":198,"geometry":{"type":"Polygon","coordinates":[[[-122.37133,47.52656],[-122.37363,47.52636],[-122.37484,47.5275],[-122.37379,47.52886],[-122.37149,47.52907],[-122.37028,47.52793],[-122.37133,47.52656]]]},"properties":{"zone":3,"cell_type":"total isolation","proximity":957.3,"opportunity":4865.3,"population":229}},{"type":"Feature","id":199,"geometry":{"type":"Polygon","coordinates":[[[-122.38632,47.51671],[-122.38846,47.51652],[-122.38957,47.51756],[-122.38859,47.51883],[-122.38645,47.51902],[-122.38534,47.51797],[-122.38632,47.51671]]]},"properties":{"zone":3,"cell_type":"total isolation","proximity":608.6,"opportunity":3672.6,"population":165}},{"type":"Feature","id":200,"geometry":{"type":"Polygon","coordinates":[[[-122.36758,47.52835],[-122.36984,47.52815],[-122.37102,47.52927],[-122.36999,47.53061],[-122.36773,47.53081],[-122.36655,47.52969],[-122.36758,47.52835]]]},"properties":{"zone":3,"cell_type":"total isolation","proximity":1001,"opportunity":4595.8,"population":211}},{"type":"Feature","id":201,"geometry":{"type":"Polygon","coordinates":[[[-122.35296,47.54123],[-122.35509,47.54104],[-122.35619,47.54207],[-122.35522,47.54333],[-122.35309,47.54352],[-122.35199,47.54248],[-122.35296,47.54123]]]},"properties":{"zone":3,"cell_type":"total isolation","proximity":993.4,"opportunity":5399.1,"population":159}},{"type":"Feature","id":202,"geometry":{"type":"Polygon","coordinates":[[[-122.39213,47.54346],[-122.39434,47.54327],[-122.3955,47.54436],[-122.39449,47.54567],[-122.39228,47.54587],[-122.39112,47.54478],[-122.39213,47.54346]]]},"properties":{"zone":3,"cell_type":"total isolation","proximity":1020.6,"opportunity":4118.9,"population":193}},{"type":"Feature","id":203,"geometry":{"type":"Polygon","coordinates":[[[-122.37631,47.53924],[-122.37832,47.53906],[-122.37935,47.54003],[-122.37843,47.54121],[-122.37643,47.54139],[-122.3754,47.54042],[-122.37631,47.53924]]]},"properties":{"zone":3,"cell_type":"total isolation","proximity":1138,"opportunity":5049.8,"population":126}},{"type":"Feature","id":204,"geometry":{"type":"Polygon","coordinates":[[[-122.38564,47.56396],[-122.38817,47.56374],[-122.38953,47.56502],[-122.38837,47.56652],[-122.38584,47.56675],[-122.38448,47.56547],[-122.38564,47.56396]]]},"properties":{"zone":3,"cell_type":"total isolation","proximity":1800,"opportunity":6083.6,"population":371}},{"type":"Feature","id":205,"geometry":{"type":"Polygon","coordinates":[[[-122.39269,47.55197],[-122.39501,47.55177],[-122.39624,47.55292],[-122.39518,47.5543],[-122.39286,47.5545],[-122.39163,47.55335],[-122.39269,47.55197]]]},"properties":{"zone":3,"cell_type":"total isolation","proximity":1260.8,"opportunity":4673.2,"population":241}},{"type":"Feature","id":206,"geometry":{"type":"Polygon","coordinates":[[[-122.39505,47.58345],[-122.39725,47.58325],[-122.3984,47.58433],[-122.3974,47.58564],[-122.3952,47.58583],[-122.39405,47.58475],[-122.39505,47.58345]]]},"properties":{"zone":3,"cell_type":"total isolation","proximity":1997.9,"opportunity":2659,"population":187}},{"type":"Feature","id":207,"geometry":{"type":"Polygon","coordinates":[[[-122.38198,47.56585],[-122.38431,47.56564],[-122.38554,47.5668],[-122.38447,47.56818],[-122.38215,47.56839],[-122.38091,47.56723],[-122.38198,47.56585]]]},"properties":{"zone":3,"cell_type":"total isolation","proximity":1936.5,"opportunity":5444,"population":244}},{"type":"Feature","id":208,"geometry":{"type":"Polygon","coordinates":[[[-122.36038,47.53755],[-122.36274,47.53734],[-122.36399,47.53852],[-122.36291,47.53992],[-122.36055,47.54013],[-122.3593,47.53895],[-122.36038,47.53755]]]},"properties":{"zone":3,"cell_type":"total isolation","proximity":1040.9,"opportunity":6414.2,"population":261}},{"type":"Feature","id":209,"geometry":{"type":"Polygon","coordinates":[[[-122.37063,47.51792],[-122.37306,47.5177],[-122.37436,47.51892],[-122.37324,47.52036],[-122.37082,47.52058],[-122.36952,47.51936],[-122.37063,47.51792]]]},"properties":{"zone":3,"cell_type":"total isolation","proximity":783.5,"opportunity":4825,"population":301}},{"type":"Feature","id":210,"geometry":{"type":"Polygon","coordinates":[[[-122.34726,47.51988],[-122.34985,47.51965],[-122.35125,47.52096],[-122.35006,47.52251],[-122.34747,47.52273],[-122.34607,47.52142],[-122.34726,47.51988]]]},"properties":{"zone":3,"cell_type":"total isolation","proximity":778.6,"opportunity":4005.1,"population":424}},{"type":"Feature","id":211,"geometry":{"type":"Polygon","coordinates":[[[-122.3613,47.55172],[-122.36386,47.5515],[-122.36524,47.55279],[-122.36406,47.55432],[-122.3615,47.55454],[-122.36012,47.55325],[-122.3613,47.55172]]]},"properties":{"zone":3,"cell_type":"total isolation","proximity":1281.8,"opportunity":7332.7,"population":396}},{"type":"Feature","id":212,"geometry":{"type":"Polygon","coordinates":[[[-122.3829,47.52413],[-122.38514,47.52394],[-122.38632,47.52504],[-122.38529,47.52638],[-122.38305,47.52657],[-122.38187,47.52547],[-122.3829,47.52413]]]},"properties":{"zone":3,"cell_type":"total isolation","proximity":763.9,"opportunity":3735.9,"population":205}},{"type":"Feature","id":213,"geometry":{"type":"Polygon","coordinates":[[[-122.33671,47.5286],[-122.33831,47.52846],[-122.33909,47.52918],[-122.33836,47.53012],[-122.33675,47.53026],[-122.33598,47.52954],[-122.33671,47.5286]]]},"properties":{"zone":3,"cell_type":"total isolation","proximity":814.4,"opportunity":5.8,"population":54}},{"type":"Feature","id":214,"geometry":{"type":"Polygon","coordinates":[[[-122.35109,47.56077],[-122.35207,47.56069],[-122.35245,47.56104],[-122.35202,47.5616],[-122.35103,47.56169],[-122.35066,47.56133],[-122.35109,47.56077]]]},"properties":{"zone":3,"cell_type":"total isolation","proximity":1224.3,"opportunity":3907.8,"population":15}},{"type":"Feature","id":215,"geometry":{"type":"Polygon","coordinates":[[[-122.37008,47.5653],[-122.37267,47.56507],[-122.37407,47.56639],[-122.37288,47.56793],[-122.37029,47.56816],[-122.36889,47.56684],[-122.37008,47.5653]]]},"properties":{"zone":3,"cell_type":"total isolation","proximity":1924.7,"opportunity":7570.6,"population":628}},{"type":"Feature","id":216,"geometry":{"type":"Polygon","coordinates":[[[-122.39861,47.57881],[-122.40083,47.57861],[-122.40199,47.5797],[-122.40098,47.58102],[-122.39876,47.58122],[-122.3976,47.58013],[-122.39861,47.57881]]]},"properties":{"zone":3,"cell_type":"total isolation","proximity":1662.8,"opportunity":2742.8,"population":194}},{"type":"Feature","id":217,"geometry":{"type":"Polygon","coordinates":[[[-122.37908,47.52586],[-122.3814,47.52566],[-122.38263,47.52681],[-122.38156,47.52819],[-122.37924,47.5284],[-122.37801,47.52724],[-122.37908,47.52586]]]},"properties":{"zone":3,"cell_type":"total isolation","proximity":888.7,"opportunity":4380.5,"population":242}},{"type":"Feature","id":218,"geometry":{"type":"Polygon","coordinates":[[[-122.37745,47.49771],[-122.379,47.49757],[-122.37975,47.49827],[-122.37904,47.49919],[-122.37748,47.49932],[-122.37674,47.49863],[-122.37745,47.49771]]]},"properties":{"zone":3,"cell_type":"total isolation","proximity":317.7,"opportunity":1751.9,"population":49}},{"type":"Feature","id":219,"geometry":{"type":"Polygon","coordinates":[[[-122.3771,47.55327],[-122.37954,47.55306],[-122.38085,47.55428],[-122.37972,47.55574],[-122.37728,47.55595],[-122.37598,47.55473],[-122.3771,47.55327]]]},"properties":{"zone":3,"cell_type":"total isolation","proximity":1422,"opportunity":5132.9,"population":310}},{"type":"Feature","id":220,"geometry":{"type":"Polygon","coordinates":[[[-122.33819,47.53793],[-122.33819,47.53793],[-122.33812,47.53793],[-122.33812,47.53793],[-122.33819,47.53793]]]},"properties":{"zone":3,"cell_type":"total isolation","proximity":1044.2,"opportunity":3567.4,"population":1}},{"type":"Feature","id":221,"geometry":{"type":"Polygon","coordinates":[[[-122.37102,47.57417],[-122.37307,47.57399],[-122.37412,47.57498],[-122.37318,47.57619],[-122.37114,47.57637],[-122.37009,47.57538],[-122.37102,47.57417]]]},"properties":{"zone":3,"cell_type":"total isolation","proximity":2077.9,"opportunity":6298.9,"population":136}},{"type":"Feature","id":222,"geometry":{"type":"Polygon","coordinates":[[[-122.34364,47.52179],[-122.34597,47.52159],[-122.3472,47.52275],[-122.34613,47.52413],[-122.3438,47.52434],[-122.34257,47.52318],[-122.34364,47.52179]]]},"properties":{"zone":3,"cell_type":"total isolation","proximity":776.5,"opportunity":3811.1,"population":246}},{"type":"Feature","id":223,"geometry":{"type":"Polygon","coordinates":[[[-122.34672,47.55401],[-122.34765,47.55393],[-122.34799,47.55424],[-122.34759,47.55477],[-122.34666,47.55485],[-122.34632,47.55453],[-122.34672,47.55401]]]},"properties":{"zone":3,"cell_type":"total isolation","proximity":1026.7,"opportunity":3887.4,"population":13}},{"type":"Feature","id":224,"geometry":{"type":"Polygon","coordinates":[[[-122.36743,47.52555],[-122.36959,47.52536],[-122.37072,47.52642],[-122.36973,47.5277],[-122.36756,47.52789],[-122.36644,47.52683],[-122.36743,47.52555]]]},"properties":{"zone":3,"cell_type":"total isolation","proximity":935,"opportunity":4479.7,"population":173}},{"type":"Feature","id":225,"geometry":{"type":"Polygon","coordinates":[[[-122.34693,47.5486],[-122.34683,47.54873],[-122.34655,47.54875],[-122.34665,47.54862],[-122.34693,47.5486]]]},"properties":{"zone":3,"cell_type":"total isolation","proximity":928.5,"opportunity":3985.3,"population":4}},{"type":"Feature","id":226,"geometry":{"type":"Polygon","coordinates":[[[-122.39305,47.55762],[-122.39547,47.55741],[-122.39676,47.55862],[-122.39565,47.56007],[-122.39323,47.56028],[-122.39194,47.55907],[-122.39305,47.55762]]]},"properties":{"zone":3,"cell_type":"total isolation","proximity":1341.4,"opportunity":5024.8,"population":298}},{"type":"Feature","id":227,"geometry":{"type":"Polygon","coordinates":[[[-122.3824,47.51568],[-122.38443,47.51551],[-122.38546,47.51648],[-122.38454,47.51768],[-122.38252,47.51786],[-122.38148,47.51688],[-122.3824,47.51568]]]},"properties":{"zone":3,"cell_type":"total isolation","proximity":610.9,"opportunity":3656.6,"population":130}},{"type":"Feature","id":228,"geometry":{"type":"Polygon","coordinates":[[[-122.36789,47.53397],[-122.37033,47.53375],[-122.37163,47.53498],[-122.37051,47.53643],[-122.36807,47.53664],[-122.36677,47.53542],[-122.36789,47.53397]]]},"properties":{"zone":3,"cell_type":"total isolation","proximity":1072.3,"opportunity":4953.1,"population":307}},{"type":"Feature","id":229,"geometry":{"type":"Polygon","coordinates":[[[-122.39246,47.54909],[-122.39482,47.54888],[-122.39608,47.55006],[-122.39499,47.55147],[-122.39263,47.55167],[-122.39138,47.5505],[-122.39246,47.54909]]]},"properties":{"zone":3,"cell_type":"total isolation","proximity":1190.4,"opportunity":4646,"population":263}},{"type":"Feature","id":230,"geometry":{"type":"Polygon","coordinates":[[[-122.35517,47.56726],[-122.3567,47.56713],[-122.35743,47.56781],[-122.35674,47.56871],[-122.3552,47.56884],[-122.35447,47.56816],[-122.35517,47.56726]]]},"properties":{"zone":3,"cell_type":"total isolation","proximity":1490.8,"opportunity":5248.8,"population":47}},{"type":"Feature","id":231,"geometry":{"type":"Polygon","coordinates":[[[-122.38176,47.56298],[-122.38411,47.56277],[-122.38536,47.56394],[-122.38428,47.56534],[-122.38193,47.56555],[-122.38068,47.56438],[-122.38176,47.56298]]]},"properties":{"zone":3,"cell_type":"total isolation","proximity":1873.1,"opportunity":6252.4,"population":259}},{"type":"Feature","id":232,"geometry":{"type":"Polygon","coordinates":[[[-122.40994,47.57614],[-122.41252,47.57591],[-122.41392,47.57723],[-122.41273,47.57877],[-122.41014,47.579],[-122.40875,47.57769],[-122.40994,47.57614]]]},"properties":{"zone":3,"cell_type":"total isolation","proximity":1264.3,"opportunity":2803.6,"population":726}},{"type":"Feature","id":233,"geometry":{"type":"Polygon","coordinates":[[[-122.38858,47.55076],[-122.39112,47.55054],[-122.39249,47.55182],[-122.39132,47.55334],[-122.38878,47.55356],[-122.38741,47.55228],[-122.38858,47.55076]]]},"properties":{"zone":3,"cell_type":"total isolation","proximity":1300.7,"opportunity":5716,"population":383}},{"type":"Feature","id":234,"geometry":{"type":"Polygon","coordinates":[[[-122.38225,47.57141],[-122.38483,47.57118],[-122.38623,47.5725],[-122.38504,47.57404],[-122.38245,47.57427],[-122.38106,47.57295],[-122.38225,47.57141]]]},"properties":{"zone":3,"cell_type":"total isolation","proximity":2159.6,"opportunity":4893,"population":462}},{"type":"Feature","id":235,"geometry":{"type":"Polygon","coordinates":[[[-122.36818,47.5369],[-122.37047,47.5367],[-122.37169,47.53784],[-122.37063,47.5392],[-122.36834,47.53941],[-122.36712,47.53827],[-122.36818,47.5369]]]},"properties":{"zone":3,"cell_type":"total isolation","proximity":1095,"opportunity":4884.1,"population":230}},{"type":"Feature","id":236,"geometry":{"type":"Polygon","coordinates":[[[-122.37856,47.51739],[-122.3807,47.5172],[-122.38182,47.51825],[-122.38084,47.51952],[-122.37869,47.51971],[-122.37758,47.51866],[-122.37856,47.51739]]]},"properties":{"zone":3,"cell_type":"total isolation","proximity":711.8,"opportunity":4101.5,"population":167}},{"type":"Feature","id":237,"geometry":{"type":"Polygon","coordinates":[[[-122.35502,47.51919],[-122.35761,47.51897],[-122.35901,47.52028],[-122.35782,47.52182],[-122.35523,47.52205],[-122.35383,47.52074],[-122.35502,47.51919]]]},"properties":{"zone":3,"cell_type":"total isolation","proximity":815.7,"opportunity":5286.9,"population":715}},{"type":"Feature","id":238,"geometry":{"type":"Polygon","coordinates":[[[-122.35751,47.55082],[-122.35974,47.55063],[-122.3609,47.55172],[-122.35988,47.55305],[-122.35766,47.55324],[-122.35649,47.55214],[-122.35751,47.55082]]]},"properties":{"zone":3,"cell_type":"total isolation","proximity":1132.4,"opportunity":5477.5,"population":199}},{"type":"Feature","id":239,"geometry":{"type":"Polygon","coordinates":[[[-122.37885,47.52299],[-122.3812,47.52278],[-122.38245,47.52395],[-122.38137,47.52535],[-122.37902,47.52556],[-122.37777,47.52439],[-122.37885,47.52299]]]},"properties":{"zone":3,"cell_type":"total isolation","proximity":833.5,"opportunity":4543.4,"population":258}},{"type":"Feature","id":240,"geometry":{"type":"Polygon","coordinates":[[[-122.35721,47.54522],[-122.35924,47.54505],[-122.36027,47.54602],[-122.35935,47.54722],[-122.35733,47.5474],[-122.35629,47.54642],[-122.35721,47.54522]]]},"properties":{"zone":3,"cell_type":"total isolation","proximity":1098.3,"opportunity":5264.2,"population":129}},{"type":"Feature","id":241,"geometry":{"type":"Polygon","coordinates":[[[-122.37158,47.57737],[-122.37302,47.57724],[-122.37369,47.57787],[-122.37304,47.57871],[-122.3716,47.57883],[-122.37093,47.57821],[-122.37158,47.57737]]]},"properties":{"zone":3,"cell_type":"total isolation","proximity":2318.8,"opportunity":4774.9,"population":39}},{"type":"Feature","id":242,"geometry":{"type":"Polygon","coordinates":[[[-122.3373,47.53448],[-122.3386,47.53437],[-122.33918,47.53491],[-122.3386,47.53567],[-122.33729,47.53578],[-122.33671,47.53524],[-122.3373,47.53448]]]},"properties":{"zone":3,"cell_type":"total isolation","proximity":855.4,"opportunity":2430,"population":29}},{"type":"Feature","id":243,"geometry":{"type":"Polygon","coordinates":[[[-122.35846,47.55971],[-122.36012,47.55957],[-122.36092,47.56032],[-122.36017,47.56129],[-122.35852,47.56144],[-122.35771,47.56068],[-122.35846,47.55971]]]},"properties":{"zone":3,"cell_type":"total isolation","proximity":1318.6,"opportunity":6202.9,"population":60}},{"type":"Feature","id":244,"geometry":{"type":"Polygon","coordinates":[[[-122.40143,47.56284],[-122.40351,47.56266],[-122.40458,47.56367],[-122.40363,47.5649],[-122.40155,47.56508],[-122.40047,47.56407],[-122.40143,47.56284]]]},"properties":{"zone":3,"cell_type":"total isolation","proximity":1174.3,"opportunity":857,"population":146}},{"type":"Feature","id":245,"geometry":{"type":"Polygon","coordinates":[[[-122.37794,47.56471],[-122.38036,47.5645],[-122.38165,47.56571],[-122.38054,47.56715],[-122.37812,47.56736],[-122.37683,47.56615],[-122.37794,47.56471]]]},"properties":{"zone":3,"cell_type":"total isolation","proximity":1876.5,"opportunity":6794.9,"population":296}},{"type":"Feature","id":246,"geometry":{"type":"Polygon","coordinates":[[[-122.37948,47.53156],[-122.38182,47.53135],[-122.38307,47.53252],[-122.38199,47.53392],[-122.37965,47.53413],[-122.3784,47.53296],[-122.37948,47.53156]]]},"properties":{"zone":3,"cell_type":"total isolation","proximity":993.5,"opportunity":4546.7,"population":255}},{"type":"Feature","id":247,"geometry":{"type":"Polygon","coordinates":[[[-122.37755,47.55902],[-122.37993,47.55881],[-122.38119,47.56],[-122.3801,47.56141],[-122.37772,47.56162],[-122.37646,47.56044],[-122.37755,47.55902]]]},"properties":{"zone":3,"cell_type":"total isolation","proximity":1686.9,"opportunity":7076.9,"population":272}},{"type":"Feature","id":248,"geometry":{"type":"Polygon","coordinates":[[[-122.38727,47.58677],[-122.38986,47.58654],[-122.39126,47.58785],[-122.39007,47.5894],[-122.38748,47.58962],[-122.38608,47.58831],[-122.38727,47.58677]]]},"properties":{"zone":3,"cell_type":"total isolation","proximity":2332.1,"opportunity":2741.8,"population":424}},{"type":"Feature","id":249,"geometry":{"type":"Polygon","coordinates":[[[-122.3342,47.53684],[-122.3342,47.53684],[-122.33414,47.53685],[-122.33414,47.53685],[-122.3342,47.53684]]]},"properties":{"zone":3,"cell_type":"total isolation","proximity":975.9,"opportunity":3851.1,"population":0}},{"type":"Feature","id":250,"geometry":{"type":"Polygon","coordinates":[[[-122.34353,47.51903],[-122.34569,47.51884],[-122.34682,47.5199],[-122.34583,47.52118],[-122.34366,47.52137],[-122.34254,47.52031],[-122.34353,47.51903]]]},"properties":{"zone":3,"cell_type":"total isolation","proximity":730.8,"opportunity":3618.5,"population":174}},{"type":"Feature","id":251,"geometry":{"type":"Polygon","coordinates":[[[-122.35211,47.53243],[-122.35463,47.53221],[-122.35598,47.53348],[-122.35483,47.53498],[-122.35231,47.53521],[-122.35096,47.53393],[-122.35211,47.53243]]]},"properties":{"zone":3,"cell_type":"total isolation","proximity":1031.9,"opportunity":5388.9,"population":364}},{"type":"Feature","id":252,"geometry":{"type":"Polygon","coordinates":[[[-122.39574,47.53888],[-122.39788,47.53869],[-122.39899,47.53973],[-122.39801,47.541],[-122.39588,47.54119],[-122.39476,47.54014],[-122.39574,47.53888]]]},"properties":{"zone":3,"cell_type":"total isolation","proximity":926.6,"opportunity":3865.7,"population":165}},{"type":"Feature","id":253,"geometry":{"type":"Polygon","coordinates":[[[-122.31249,47.52177],[-122.31464,47.52158],[-122.31575,47.52263],[-122.31477,47.5239],[-122.31263,47.52409],[-122.31151,47.52304],[-122.31249,47.52177]]]},"properties":{"zone":3,"cell_type":"total isolation","proximity":614.1,"opportunity":3959.1,"population":167}},{"type":"Feature","id":254,"geometry":{"type":"Polygon","coordinates":[[[-122.39003,47.50691],[-122.3912,47.5068],[-122.3917,47.50727],[-122.39118,47.50794],[-122.39001,47.50805],[-122.38951,47.50758],[-122.39003,47.50691]]]},"properties":{"zone":3,"cell_type":"total isolation","proximity":356.2,"opportunity":1425.8,"population":22}},{"type":"Feature","id":255,"geometry":{"type":"Polygon","coordinates":[[[-122.34005,47.52109],[-122.3417,47.52094],[-122.3425,47.52169],[-122.34175,47.52266],[-122.3401,47.52281],[-122.3393,47.52206],[-122.34005,47.52109]]]},"properties":{"zone":3,"cell_type":"total isolation","proximity":727,"opportunity":3208.6,"population":60}},{"type":"Feature","id":256,"geometry":{"type":"Polygon","coordinates":[[[-122.37511,47.52479],[-122.3774,47.52459],[-122.37861,47.52573],[-122.37756,47.52709],[-122.37527,47.52729],[-122.37406,47.52615],[-122.37511,47.52479]]]},"properties":{"zone":3,"cell_type":"total isolation","proximity":913.3,"opportunity":5004.6,"population":227}},{"type":"Feature","id":257,"geometry":{"type":"Polygon","coordinates":[[[-122.35339,47.54695],[-122.35549,47.54677],[-122.35658,47.54779],[-122.35562,47.54903],[-122.35352,47.54922],[-122.35243,47.5482],[-122.35339,47.54695]]]},"properties":{"zone":3,"cell_type":"total isolation","proximity":1051.6,"opportunity":5860.4,"population":152}},{"type":"Feature","id":258,"geometry":{"type":"Polygon","coordinates":[[[-122.40107,47.55719],[-122.40305,47.55701],[-122.40405,47.55796],[-122.40315,47.55913],[-122.40118,47.5593],[-122.40017,47.55836],[-122.40107,47.55719]]]},"properties":{"zone":3,"cell_type":"total isolation","proximity":919.9,"opportunity":1.7,"population":117}},{"type":"Feature","id":259,"geometry":{"type":"Polygon","coordinates":[[[-122.39011,47.51495],[-122.39222,47.51476],[-122.39331,47.51579],[-122.39235,47.51704],[-122.39024,47.51723],[-122.38915,47.5162],[-122.39011,47.51495]]]},"properties":{"zone":3,"cell_type":"total isolation","proximity":567.8,"opportunity":3610.6,"population":156}},{"type":"Feature","id":260,"geometry":{"type":"Polygon","coordinates":[[[-122.36382,47.5328],[-122.3664,47.53257],[-122.3678,47.53388],[-122.36661,47.53542],[-122.36403,47.53565],[-122.36263,47.53434],[-122.36382,47.5328]]]},"properties":{"zone":3,"cell_type":"total isolation","proximity":1050,"opportunity":5334.8,"population":600}},{"type":"Feature","id":261,"geometry":{"type":"Polygon","coordinates":[[[-122.38836,47.5479],[-122.39092,47.54767],[-122.3923,47.54897],[-122.39112,47.55049],[-122.38856,47.55072],[-122.38719,47.54942],[-122.38836,47.5479]]]},"properties":{"zone":3,"cell_type":"total isolation","proximity":1228.9,"opportunity":4926.5,"population":396}},{"type":"Feature","id":262,"geometry":{"type":"Polygon","coordinates":[[[-122.39018,47.51768],[-122.39253,47.51747],[-122.39377,47.51864],[-122.3927,47.52003],[-122.39035,47.52024],[-122.3891,47.51907],[-122.39018,47.51768]]]},"properties":{"zone":3,"cell_type":"total isolation","proximity":636.9,"opportunity":4688.7,"population":255}},{"type":"Feature","id":263,"geometry":{"type":"Polygon","coordinates":[[[-122.38944,47.56221],[-122.39193,47.56199],[-122.39327,47.56325],[-122.39213,47.56473],[-122.38963,47.56495],[-122.38829,47.5637],[-122.38944,47.56221]]]},"properties":{"zone":3,"cell_type":"total isolation","proximity":1599.3,"opportunity":6039.1,"population":345}},{"type":"Feature","id":264,"geometry":{"type":"Polygon","coordinates":[[[-122.38903,47.55651],[-122.39151,47.55629],[-122.39284,47.55754],[-122.3917,47.55901],[-122.38922,47.55923],[-122.38789,47.55798],[-122.38903,47.55651]]]},"properties":{"zone":3,"cell_type":"total isolation","proximity":1461.6,"opportunity":5804.9,"population":337}},{"type":"Feature","id":265,"geometry":{"type":"Polygon","coordinates":[[[-122.39135,47.58794],[-122.39378,47.58773],[-122.39507,47.58895],[-122.39396,47.59039],[-122.39153,47.5906],[-122.39024,47.58939],[-122.39135,47.58794]]]},"properties":{"zone":3,"cell_type":"total isolation","proximity":1987.3,"opportunity":2106.4,"population":301}},{"type":"Feature","id":266,"geometry":{"type":"Polygon","coordinates":[[[-122.35509,47.5166],[-122.35721,47.51641],[-122.35831,47.51745],[-122.35734,47.5187],[-122.35522,47.51889],[-122.35412,47.51785],[-122.35509,47.5166]]]},"properties":{"zone":3,"cell_type":"total isolation","proximity":762.7,"opportunity":4983.3,"population":158}},{"type":"Feature","id":267,"geometry":{"type":"Polygon","coordinates":[[[-122.37828,47.57035],[-122.38083,47.57012],[-122.38221,47.57141],[-122.38103,47.57293],[-122.37848,47.57316],[-122.37711,47.57187],[-122.37828,47.57035]]]},"properties":{"zone":3,"cell_type":"total isolation","proximity":2033.9,"opportunity":5314.1,"population":388}},{"type":"Feature","id":268,"geometry":{"type":"Polygon","coordinates":[[[-122.36453,47.53614],[-122.36625,47.53599],[-122.36709,47.53678],[-122.36631,47.53779],[-122.36459,47.53795],[-122.36375,47.53715],[-122.36453,47.53614]]]},"properties":{"zone":3,"cell_type":"total isolation","proximity":1015.8,"opportunity":6015.5,"population":69}},{"type":"Feature","id":269,"geometry":{"type":"Polygon","coordinates":[[[-122.37441,47.51615],[-122.37683,47.51593],[-122.37812,47.51715],[-122.37701,47.51859],[-122.37459,47.5188],[-122.3733,47.51759],[-122.37441,47.51615]]]},"properties":{"zone":3,"cell_type":"total isolation","proximity":731.3,"opportunity":4725.9,"population":297}},{"type":"Feature","id":270,"geometry":{"type":"Polygon","coordinates":[[[-122.35109,47.51816],[-122.35359,47.51794],[-122.35493,47.5192],[-122.35378,47.52069],[-122.35128,47.52091],[-122.34994,47.51964],[-122.35109,47.51816]]]},"properties":{"zone":3,"cell_type":"total isolation","proximity":763,"opportunity":4150.2,"population":350}},{"type":"Feature","id":271,"geometry":{"type":"Polygon","coordinates":[[[-122.35814,47.55675],[-122.35999,47.55659],[-122.36091,47.55746],[-122.36007,47.55854],[-122.35823,47.55871],[-122.35731,47.55784],[-122.35814,47.55675]]]},"properties":{"zone":3,"cell_type":"total isolation","proximity":1140.7,"opportunity":7086.3,"population":89}},{"type":"Feature","id":272,"geometry":{"type":"Polygon","coordinates":[[[-122.38659,47.52228],[-122.38898,47.52207],[-122.39025,47.52326],[-122.38915,47.52469],[-122.38676,47.5249],[-122.38549,47.5237],[-122.38659,47.52228]]]},"properties":{"zone":3,"cell_type":"total isolation","proximity":726.6,"opportunity":4130.7,"population":280}},{"type":"Feature","id":273,"geometry":{"type":"Polygon","coordinates":[[[-122.36539,47.54494],[-122.3667,47.54483],[-122.36728,47.54537],[-122.36669,47.54613],[-122.36539,47.54625],[-122.36481,47.5457],[-122.36539,47.54494]]]},"properties":{"zone":3,"cell_type":"total isolation","proximity":1174.9,"opportunity":6365.1,"population":29}},{"type":"Feature","id":274,"geometry":{"type":"Polygon","coordinates":[[[-122.334,47.53398],[-122.334,47.53398],[-122.33393,47.53399],[-122.33393,47.53399],[-122.334,47.53398]]]},"properties":{"zone":3,"cell_type":"total isolation","proximity":851.1,"opportunity":3908.6,"population":0}},{"type":"Feature","id":275,"geometry":{"type":"Polygon","coordinates":[[[-122.35514,47.55927],[-122.35565,47.55923],[-122.35573,47.55929],[-122.35552,47.55956],[-122.35501,47.55961],[-122.35494,47.55954],[-122.35514,47.55927]]]},"properties":{"zone":3,"cell_type":"total isolation","proximity":1065.4,"opportunity":3994.9,"population":6}},{"type":"Feature","id":276,"geometry":{"type":"Polygon","coordinates":[[[-122.37386,47.56353],[-122.37645,47.5633],[-122.37785,47.56462],[-122.37666,47.56616],[-122.37407,47.56639],[-122.37267,47.56507],[-122.37386,47.56353]]]},"properties":{"zone":3,"cell_type":"total isolation","proximity":1818.7,"opportunity":7496.8,"population":517}},{"type":"Feature","id":277,"geometry":{"type":"Polygon","coordinates":[[[-122.37548,47.53046],[-122.37785,47.53025],[-122.37911,47.53144],[-122.37802,47.53285],[-122.37565,47.53306],[-122.37439,47.53187],[-122.37548,47.53046]]]},"properties":{"zone":3,"cell_type":"total isolation","proximity":1018.8,"opportunity":5110.6,"population":268}},{"type":"Feature","id":278,"geometry":{"type":"Polygon","coordinates":[[[-122.37397,47.55832],[-122.37566,47.55817],[-122.37649,47.55895],[-122.37572,47.55994],[-122.37403,47.56009],[-122.3732,47.55932],[-122.37397,47.55832]]]},"properties":{"zone":3,"cell_type":"total isolation","proximity":1531.5,"opportunity":6560.8,"population":65}},{"type":"Feature","id":279,"geometry":{"type":"Polygon","coordinates":[[[-122.33951,47.51791],[-122.34173,47.51772],[-122.34289,47.51881],[-122.34187,47.52012],[-122.33966,47.52032],[-122.3385,47.51923],[-122.33951,47.51791]]]},"properties":{"zone":3,"cell_type":"total isolation","proximity":682.8,"opportunity":4087.2,"population":193}},{"type":"Feature","id":280,"geometry":{"type":"Polygon","coordinates":[[[-122.3746,47.57221],[-122.37698,47.572],[-122.37825,47.57319],[-122.37716,47.57461],[-122.37478,47.57482],[-122.37351,47.57363],[-122.3746,47.57221]]]},"properties":{"zone":3,"cell_type":"total isolation","proximity":1938.7,"opportunity":5593.2,"population":272}},{"type":"Feature","id":281,"geometry":{"type":"Polygon","coordinates":[[[-122.34028,47.52662],[-122.34224,47.52645],[-122.34325,47.52739],[-122.34235,47.52856],[-122.34038,47.52873],[-122.33938,47.52779],[-122.34028,47.52662]]]},"properties":{"zone":3,"cell_type":"total isolation","proximity":820.6,"opportunity":2480.1,"population":116}},{"type":"Feature","id":282,"geometry":{"type":"Polygon","coordinates":[[[-122.3711,47.52368],[-122.37344,47.52347],[-122.37468,47.52464],[-122.3736,47.52603],[-122.37127,47.52623],[-122.37003,47.52507],[-122.3711,47.52368]]]},"properties":{"zone":3,"cell_type":"total isolation","proximity":904.8,"opportunity":4824,"population":249}},{"type":"Feature","id":283,"geometry":{"type":"Polygon","coordinates":[[[-122.34986,47.5463],[-122.35118,47.54619],[-122.35177,47.54674],[-122.35118,47.54751],[-122.34986,47.54763],[-122.34927,47.54707],[-122.34986,47.5463]]]},"properties":{"zone":3,"cell_type":"total isolation","proximity":1001.5,"opportunity":4646.8,"population":30}},{"type":"Feature","id":284,"geometry":{"type":"Polygon","coordinates":[[[-122.39691,47.55594],[-122.39919,47.55574],[-122.40038,47.55686],[-122.39934,47.55821],[-122.39707,47.55841],[-122.39587,47.55729],[-122.39691,47.55594]]]},"properties":{"zone":3,"cell_type":"total isolation","proximity":1185,"opportunity":4346.1,"population":219}},{"type":"Feature","id":285,"geometry":{"type":"Polygon","coordinates":[[[-122.386,47.51374],[-122.38833,47.51353],[-122.38957,47.5147],[-122.3885,47.51609],[-122.38616,47.51629],[-122.38493,47.51513],[-122.386,47.51374]]]},"properties":{"zone":3,"cell_type":"total isolation","proximity":558.9,"opportunity":3645.4,"population":249}},{"type":"Feature","id":286,"geometry":{"type":"Polygon","coordinates":[[[-122.37172,47.53225],[-122.37406,47.53204],[-122.3753,47.53321],[-122.37423,47.5346],[-122.37189,47.53481],[-122.37065,47.53364],[-122.37172,47.53225]]]},"properties":{"zone":3,"cell_type":"total isolation","proximity":1055.8,"opportunity":5043.4,"population":252}},{"type":"Feature","id":287,"geometry":{"type":"Polygon","coordinates":[[[-122.39639,47.54746],[-122.39849,47.54728],[-122.39958,47.5483],[-122.39862,47.54955],[-122.39652,47.54973],[-122.39543,47.54871],[-122.39639,47.54746]]]},"properties":{"zone":3,"cell_type":"total isolation","proximity":915.5,"opportunity":17.9,"population":153}},{"type":"Feature","id":288,"geometry":{"type":"Polygon","coordinates":[[[-122.38542,47.56109],[-122.38797,47.56087],[-122.38935,47.56216],[-122.38818,47.56368],[-122.38562,47.56391],[-122.38425,47.56261],[-122.38542,47.56109]]]},"properties":{"zone":3,"cell_type":"total isolation","proximity":1745.8,"opportunity":6861.3,"population":392}},{"type":"Feature","id":289,"geometry":{"type":"Polygon","coordinates":[[[-122.35181,47.52683],[-122.35414,47.52662],[-122.35537,47.52778],[-122.3543,47.52916],[-122.35198,47.52937],[-122.35074,47.52821],[-122.35181,47.52683]]]},"properties":{"zone":3,"cell_type":"total isolation","proximity":926.5,"opportunity":5009.5,"population":244}},{"type":"Feature","id":290,"geometry":{"type":"Polygon","coordinates":[[[-122.38498,47.55536],[-122.38757,47.55513],[-122.38897,47.55645],[-122.38778,47.55799],[-122.38519,47.55822],[-122.38379,47.5569],[-122.38498,47.55536]]]},"properties":{"zone":3,"cell_type":"total isolation","proximity":1540.2,"opportunity":5850.5,"population":490}},{"type":"Feature","id":291,"geometry":{"type":"Polygon","coordinates":[[[-122.38602,47.56964],[-122.38861,47.56941],[-122.39001,47.57072],[-122.38882,47.57227],[-122.38623,47.5725],[-122.38483,47.57118],[-122.38602,47.56964]]]},"properties":{"zone":3,"cell_type":"total isolation","proximity":1934.9,"opportunity":5613.1,"population":429}},{"type":"Feature","id":292,"geometry":{"type":"Polygon","coordinates":[[[-122.36513,47.54204],[-122.36653,47.54191],[-122.36717,47.54251],[-122.36654,47.54333],[-122.36514,47.54345],[-122.36451,47.54285],[-122.36513,47.54204]]]},"properties":{"zone":3,"cell_type":"total isolation","proximity":1035.8,"opportunity":6062.4,"population":35}},{"type":"Feature","id":293,"geometry":{"type":"Polygon","coordinates":[[[-122.35156,47.52393],[-122.35396,47.52372],[-122.35524,47.52492],[-122.35414,47.52635],[-122.35174,47.52656],[-122.35046,47.52535],[-122.35156,47.52393]]]},"properties":{"zone":3,"cell_type":"total isolation","proximity":877.2,"opportunity":4982.9,"population":283}},{"type":"Feature","id":294,"geometry":{"type":"Polygon","coordinates":[[[-122.35442,47.55591],[-122.35582,47.55579],[-122.35646,47.55639],[-122.35583,47.55721],[-122.35443,47.55733],[-122.35379,47.55673],[-122.35442,47.55591]]]},"properties":{"zone":3,"cell_type":"total isolation","proximity":992.1,"opportunity":5194.1,"population":35}},{"type":"Feature","id":295,"geometry":{"type":"Polygon","coordinates":[[[-122.38267,47.52125],[-122.38495,47.52105],[-122.38615,47.52218],[-122.38511,47.52354],[-122.38283,47.52374],[-122.38162,47.52261],[-122.38267,47.52125]]]},"properties":{"zone":3,"cell_type":"total isolation","proximity":756.6,"opportunity":3935.9,"population":223}},{"type":"Feature","id":296,"geometry":{"type":"Polygon","coordinates":[[[-122.36075,47.54322],[-122.36319,47.54301],[-122.36449,47.54423],[-122.36337,47.54568],[-122.36093,47.5459],[-122.35963,47.54467],[-122.36075,47.54322]]]},"properties":{"zone":3,"cell_type":"total isolation","proximity":1106.7,"opportunity":6312.6,"population":309}},{"type":"Feature","id":297,"geometry":{"type":"Polygon","coordinates":[[[-122.37363,47.50476],[-122.37597,47.50455],[-122.37721,47.50572],[-122.37614,47.50711],[-122.3738,47.50732],[-122.37256,47.50615],[-122.37363,47.50476]]]},"properties":{"zone":3,"cell_type":"total isolation","proximity":452.7,"opportunity":1832.8,"population":252}},{"type":"Feature","id":298,"geometry":{"type":"Polygon","coordinates":[[[-122.34105,47.53269],[-122.34239,47.53257],[-122.343,47.53314],[-122.3424,47.53392],[-122.34106,47.53404],[-122.34045,47.53347],[-122.34105,47.53269]]]},"properties":{"zone":3,"cell_type":"total isolation","proximity":764.5,"opportunity":2522.6,"population":31}},{"type":"Feature","id":299,"geometry":{"type":"Polygon","coordinates":[[[-122.35497,47.56442],[-122.35649,47.56429],[-122.3572,47.56496],[-122.35652,47.56584],[-122.355,47.56597],[-122.35429,47.5653],[-122.35497,47.56442]]]},"properties":{"zone":3,"cell_type":"total isolation","proximity":1325.9,"opportunity":1696.8,"population":45}},{"type":"Feature","id":300,"geometry":{"type":"Polygon","coordinates":[[[-122.38321,47.52975],[-122.38563,47.52953],[-122.38692,47.53075],[-122.38581,47.53219],[-122.38339,47.53241],[-122.3821,47.53119],[-122.38321,47.52975]]]},"properties":{"zone":3,"cell_type":"total isolation","proximity":917.9,"opportunity":3917.8,"population":299}},{"type":"Feature","id":301,"geometry":{"type":"Polygon","coordinates":[[[-122.38121,47.55713],[-122.38379,47.5569],[-122.38519,47.55822],[-122.384,47.55976],[-122.38141,47.55999],[-122.38002,47.55868],[-122.38121,47.55713]]]},"properties":{"zone":3,"cell_type":"total isolation","proximity":1670.9,"opportunity":6811.9,"population":437}},{"type":"Feature","id":302,"geometry":{"type":"Polygon","coordinates":[[[-122.38677,47.57833],[-122.38914,47.57812],[-122.3904,47.5793],[-122.38932,47.58071],[-122.38695,47.58092],[-122.38569,47.57974],[-122.38677,47.57833]]]},"properties":{"zone":3,"cell_type":"total isolation","proximity":2240,"opportunity":5408.7,"population":268}},{"type":"Feature","id":303,"geometry":{"type":"Polygon","coordinates":[[[-122.34721,47.51716],[-122.34954,47.51696],[-122.35077,47.51812],[-122.3497,47.5195],[-122.34737,47.51971],[-122.34614,47.51855],[-122.34721,47.51716]]]},"properties":{"zone":3,"cell_type":"total isolation","proximity":706.7,"opportunity":3925.7,"population":245}},{"type":"Feature","id":304,"geometry":{"type":"Polygon","coordinates":[[[-122.37077,47.57128],[-122.37289,47.57109],[-122.37398,47.57212],[-122.37302,47.57337],[-122.3709,47.57356],[-122.3698,47.57253],[-122.37077,47.57128]]]},"properties":{"zone":3,"cell_type":"total isolation","proximity":2035.1,"opportunity":6956.3,"population":157}},{"type":"Feature","id":305,"geometry":{"type":"Polygon","coordinates":[[[-122.38436,47.54679],[-122.38695,47.54657],[-122.38834,47.54788],[-122.38716,47.54942],[-122.38457,47.54965],[-122.38317,47.54834],[-122.38436,47.54679]]]},"properties":{"zone":3,"cell_type":"total isolation","proximity":1294.8,"opportunity":5163,"population":451}},{"type":"Feature","id":306,"geometry":{"type":"Polygon","coordinates":[[[-122.39682,47.5532],[-122.39889,47.55301],[-122.39996,47.55402],[-122.39901,47.55524],[-122.39695,47.55542],[-122.39588,47.55442],[-122.39682,47.5532]]]},"properties":{"zone":3,"cell_type":"total isolation","proximity":1129.5,"opportunity":3468.2,"population":142}},{"type":"Feature","id":307,"geometry":{"type":"Polygon","coordinates":[[[-122.37726,47.50019],[-122.37949,47.5],[-122.38066,47.5011],[-122.37964,47.50242],[-122.37741,47.50262],[-122.37624,47.50152],[-122.37726,47.50019]]]},"properties":{"zone":3,"cell_type":"total isolation","proximity":355.3,"opportunity":1713.7,"population":200}},{"type":"Feature","id":308,"geometry":{"type":"Polygon","coordinates":[[[-122.33657,47.52581],[-122.33806,47.52568],[-122.33875,47.52633],[-122.33808,47.5272],[-122.3366,47.52733],[-122.3359,47.52667],[-122.33657,47.52581]]]},"properties":{"zone":3,"cell_type":"total isolation","proximity":786.4,"opportunity":2678.8,"population":42}},{"type":"Feature","id":309,"geometry":{"type":"Polygon","coordinates":[[[-122.35108,47.55811],[-122.35173,47.55805],[-122.35189,47.5582],[-122.35162,47.55856],[-122.35097,47.55861],[-122.3508,47.55846],[-122.35108,47.55811]]]},"properties":{"zone":3,"cell_type":"total isolation","proximity":1148.2,"opportunity":3907.7,"population":7}},{"type":"Feature","id":310,"geometry":{"type":"Polygon","coordinates":[[[-122.35054,47.55227],[-122.3514,47.5522],[-122.3517,47.55248],[-122.35133,47.55296],[-122.35046,47.55304],[-122.35016,47.55276],[-122.35054,47.55227]]]},"properties":{"zone":3,"cell_type":"total isolation","proximity":1015,"opportunity":4255.5,"population":12}},{"type":"Feature","id":311,"geometry":{"type":"Polygon","coordinates":[[[-122.3973,47.56162],[-122.39962,47.56141],[-122.40086,47.56257],[-122.39979,47.56395],[-122.39746,47.56416],[-122.39623,47.563],[-122.3973,47.56162]]]},"properties":{"zone":3,"cell_type":"total isolation","proximity":1311.1,"opportunity":4809.1,"population":245}},{"type":"Feature","id":312,"geometry":{"type":"Polygon","coordinates":[[[-122.36781,47.53123],[-122.37003,47.53104],[-122.37118,47.53213],[-122.37017,47.53344],[-122.36796,47.53364],[-122.3668,47.53255],[-122.36781,47.53123]]]},"properties":{"zone":3,"cell_type":"total isolation","proximity":1056,"opportunity":4757.6,"population":193}},{"type":"Feature","id":313,"geometry":{"type":"Polygon","coordinates":[[[-122.39226,47.54624],[-122.39461,47.54603],[-122.39586,47.5472],[-122.39478,47.5486],[-122.39243,47.54881],[-122.39118,47.54764],[-122.39226,47.54624]]]},"properties":{"zone":3,"cell_type":"total isolation","proximity":1127.9,"opportunity":4531.4,"population":258}},{"type":"Feature","id":314,"geometry":{"type":"Polygon","coordinates":[[[-122.39414,47.51608],[-122.39617,47.5159],[-122.39722,47.51688],[-122.39629,47.51809],[-122.39425,47.51827],[-122.39321,47.51728],[-122.39414,47.51608]]]},"properties":{"zone":3,"cell_type":"total isolation","proximity":547.8,"opportunity":3596.7,"population":134}},{"type":"Feature","id":315,"geometry":{"type":"Polygon","coordinates":[[[-122.39288,47.5548],[-122.39524,47.5546],[-122.39649,47.55577],[-122.39541,47.55717],[-122.39305,47.55738],[-122.3918,47.55621],[-122.39288,47.5548]]]},"properties":{"zone":3,"cell_type":"total isolation","proximity":1268.6,"opportunity":4535.1,"population":261}},{"type":"Feature","id":316,"geometry":{"type":"Polygon","coordinates":[[[-122.39559,47.58661],[-122.39723,47.58647],[-122.39802,47.58721],[-122.39728,47.58818],[-122.39564,47.58832],[-122.39485,47.58758],[-122.39559,47.58661]]]},"properties":{"zone":3,"cell_type":"total isolation","proximity":1781.4,"opportunity":1754.8,"population":58}},{"type":"Feature","id":317,"geometry":{"type":"Polygon","coordinates":[[[-122.37359,47.50207],[-122.37564,47.50188],[-122.3767,47.50288],[-122.37576,47.50409],[-122.37371,47.50427],[-122.37266,47.50328],[-122.37359,47.50207]]]},"properties":{"zone":3,"cell_type":"total isolation","proximity":381.6,"opportunity":1730.7,"population":138}},{"type":"Feature","id":318,"geometry":{"type":"Polygon","coordinates":[[[-122.35884,47.51481],[-122.361,47.51461],[-122.36212,47.51567],[-122.36114,47.51695],[-122.35898,47.51714],[-122.35785,47.51609],[-122.35884,47.51481]]]},"properties":{"zone":3,"cell_type":"total isolation","proximity":682.5,"opportunity":4487.4,"population":172}},{"type":"Feature","id":319,"geometry":{"type":"Polygon","coordinates":[[[-122.38208,47.5686],[-122.38459,47.56838],[-122.38594,47.56964],[-122.38479,47.57114],[-122.38228,47.57136],[-122.38093,47.57009],[-122.38208,47.5686]]]},"properties":{"zone":3,"cell_type":"total isolation","proximity":2027.4,"opportunity":5144.6,"population":359}},{"type":"Feature","id":320,"geometry":{"type":"Polygon","coordinates":[[[-122.36046,47.54028],[-122.36304,47.54005],[-122.36444,47.54137],[-122.36325,47.54291],[-122.36066,47.54314],[-122.35927,47.54182],[-122.36046,47.54028]]]},"properties":{"zone":3,"cell_type":"total isolation","proximity":1089,"opportunity":6703.5,"population":619}},{"type":"Feature","id":321,"geometry":{"type":"Polygon","coordinates":[[[-122.34747,47.52273],[-122.35006,47.52251],[-122.35145,47.52382],[-122.35026,47.52536],[-122.34768,47.52559],[-122.34628,47.52428],[-122.34747,47.52273]]]},"properties":{"zone":3,"cell_type":"total isolation","proximity":833.6,"opportunity":4672,"population":438}},{"type":"Feature","id":322,"geometry":{"type":"Polygon","coordinates":[[[-122.36154,47.55461],[-122.36404,47.55439],[-122.36539,47.55565],[-122.36424,47.55714],[-122.36173,47.55736],[-122.36039,47.5561],[-122.36154,47.55461]]]},"properties":{"zone":3,"cell_type":"total isolation","proximity":1323.6,"opportunity":7317.8,"population":352}},{"type":"Feature","id":323,"geometry":{"type":"Polygon","coordinates":[[[-122.36118,47.54895],[-122.36359,47.54874],[-122.36487,47.54995],[-122.36376,47.55137],[-122.36136,47.55159],[-122.36008,47.55038],[-122.36118,47.54895]]]},"properties":{"zone":3,"cell_type":"total isolation","proximity":1207.6,"opportunity":7252.7,"population":286}},{"type":"Feature","id":324,"geometry":{"type":"Polygon","coordinates":[[[-122.33696,47.5315],[-122.33849,47.53136],[-122.33921,47.53204],[-122.33852,47.53294],[-122.33699,47.53307],[-122.33627,47.53239],[-122.33696,47.5315]]]},"properties":{"zone":3,"cell_type":"total isolation","proximity":934,"opportunity":2335,"population":46}},{"type":"Feature","id":325,"geometry":{"type":"Polygon","coordinates":[[[-122.35137,47.5637],[-122.35223,47.56362],[-122.35253,47.5639],[-122.35215,47.56439],[-122.35129,47.56446],[-122.35099,47.56418],[-122.35137,47.5637]]]},"properties":{"zone":3,"cell_type":"total isolation","proximity":1113,"opportunity":29.5,"population":12}},{"type":"Feature","id":326,"geometry":{"type":"Polygon","coordinates":[[[-122.38972,47.56514],[-122.39209,47.56493],[-122.39334,47.56611],[-122.39226,47.56751],[-122.38989,47.56772],[-122.38864,47.56654],[-122.38972,47.56514]]]},"properties":{"zone":3,"cell_type":"total isolation","proximity":1665.9,"opportunity":5636.3,"population":264}},{"type":"Feature","id":327,"geometry":{"type":"Polygon","coordinates":[[[-122.37919,47.52863],[-122.38167,47.52841],[-122.38301,47.52966],[-122.38187,47.53114],[-122.37938,47.53136],[-122.37805,47.53011],[-122.37919,47.52863]]]},"properties":{"zone":3,"cell_type":"total isolation","proximity":939.4,"opportunity":4646.8,"population":340}},{"type":"Feature","id":328,"geometry":{"type":"Polygon","coordinates":[[[-122.37722,47.55605],[-122.37981,47.55582],[-122.38121,47.55713],[-122.38002,47.55868],[-122.37743,47.5589],[-122.37603,47.55759],[-122.37722,47.55605]]]},"properties":{"zone":3,"cell_type":"total isolation","proximity":1567.3,"opportunity":6360.3,"population":507}},{"type":"Feature","id":329,"geometry":{"type":"Polygon","coordinates":[[[-122.34388,47.52468],[-122.34615,47.52448],[-122.34734,47.52561],[-122.3463,47.52696],[-122.34403,47.52716],[-122.34283,47.52603],[-122.34388,47.52468]]]},"properties":{"zone":3,"cell_type":"total isolation","proximity":828.8,"opportunity":3603.1,"population":218}},{"type":"Feature","id":330,"geometry":{"type":"Polygon","coordinates":[[[-122.3869,47.52524],[-122.38911,47.52504],[-122.39027,47.52613],[-122.38926,47.52744],[-122.38705,47.52764],[-122.38589,47.52655],[-122.3869,47.52524]]]},"properties":{"zone":3,"cell_type":"total isolation","proximity":717.3,"opportunity":3567.5,"population":191}},{"type":"Feature","id":331,"geometry":{"type":"Polygon","coordinates":[[[-122.34639,47.55103],[-122.34754,47.55093],[-122.34802,47.55138],[-122.34751,47.55204],[-122.34636,47.55214],[-122.34588,47.55169],[-122.34639,47.55103]]]},"properties":{"zone":3,"cell_type":"total isolation","proximity":946.5,"opportunity":21.8,"population":21}},{"type":"Feature","id":332,"geometry":{"type":"Polygon","coordinates":[[[-122.39327,47.56049],[-122.39567,47.56028],[-122.39695,47.56148],[-122.39585,47.56291],[-122.39345,47.56312],[-122.39217,47.56192],[-122.39327,47.56049]]]},"properties":{"zone":3,"cell_type":"total isolation","proximity":1410.7,"opportunity":5387.2,"population":286}},{"type":"Feature","id":333,"geometry":{"type":"Polygon","coordinates":[[[-122.37394,47.50772],[-122.37611,47.50753],[-122.37723,47.50859],[-122.37624,47.50987],[-122.37408,47.51006],[-122.37295,47.509],[-122.37394,47.50772]]]},"properties":{"zone":3,"cell_type":"total isolation","proximity":516.4,"opportunity":3103.2,"population":175}},{"type":"Feature","id":334,"geometry":{"type":"Polygon","coordinates":[[[-122.39386,47.51315],[-122.39601,47.51296],[-122.39714,47.51402],[-122.39615,47.5153],[-122.39399,47.51549],[-122.39287,47.51443],[-122.39386,47.51315]]]},"properties":{"zone":3,"cell_type":"total isolation","proximity":456.8,"opportunity":2499.4,"population":172}},{"type":"Feature","id":335,"geometry":{"type":"Polygon","coordinates":[[[-122.37496,47.57521],[-122.37709,47.57502],[-122.37819,47.57606],[-122.37722,47.57732],[-122.37509,47.57751],[-122.37398,47.57647],[-122.37496,47.57521]]]},"properties":{"zone":3,"cell_type":"total isolation","proximity":1862.6,"opportunity":4418.1,"population":162}},{"type":"Feature","id":336,"geometry":{"type":"Polygon","coordinates":[[[-122.38883,47.55366],[-122.3913,47.55344],[-122.39261,47.55468],[-122.39148,47.55615],[-122.38902,47.55637],[-122.3877,47.55513],[-122.38883,47.55366]]]},"properties":{"zone":3,"cell_type":"total isolation","proximity":1382.4,"opportunity":5226.3,"population":324}},{"type":"Feature","id":337,"geometry":{"type":"Polygon","coordinates":[[[-122.36858,47.53995],[-122.37054,47.53978],[-122.37154,47.54071],[-122.37064,47.54187],[-122.36869,47.54204],[-122.36769,47.54111],[-122.36858,47.53995]]]},"properties":{"zone":3,"cell_type":"total isolation","proximity":1145,"opportunity":5345.4,"population":113}},{"type":"Feature","id":338,"geometry":{"type":"Polygon","coordinates":[[[-122.37019,47.50951],[-122.37231,47.50932],[-122.37341,47.51036],[-122.37244,47.51162],[-122.37032,47.51181],[-122.36922,47.51077],[-122.37019,47.50951]]]},"properties":{"zone":3,"cell_type":"total isolation","proximity":549,"opportunity":3186.4,"population":160}},{"type":"Feature","id":339,"geometry":{"type":"Polygon","coordinates":[[[-122.35523,47.52205],[-122.35782,47.52182],[-122.35921,47.52314],[-122.35802,47.52468],[-122.35544,47.52491],[-122.35404,47.52359],[-122.35523,47.52205]]]},"properties":{"zone":3,"cell_type":"total isolation","proximity":867.3,"opportunity":5423.8,"population":545}},{"type":"Feature","id":340,"geometry":{"type":"Polygon","coordinates":[[[-122.37898,47.57898],[-122.3814,47.57877],[-122.38269,47.57998],[-122.38158,47.58143],[-122.37916,47.58164],[-122.37787,47.58043],[-122.37898,47.57898]]]},"properties":{"zone":3,"cell_type":"total isolation","proximity":2218.8,"opportunity":2978.4,"population":298}},{"type":"Feature","id":341,"geometry":{"type":"Polygon","coordinates":[[[-122.35761,47.55358],[-122.36002,47.55337],[-122.36129,47.55457],[-122.36019,47.556],[-122.35779,47.55621],[-122.35651,47.55501],[-122.35761,47.55358]]]},"properties":{"zone":3,"cell_type":"total isolation","proximity":1235.6,"opportunity":6173.6,"population":285}},{"type":"Feature","id":342,"geometry":{"type":"Polygon","coordinates":[[[-122.4179,47.57565],[-122.42014,47.57545],[-122.42132,47.57656],[-122.42029,47.57789],[-122.41805,47.57809],[-122.41687,47.57698],[-122.4179,47.57565]]]},"properties":{"zone":3,"cell_type":"total isolation","proximity":1025.6,"opportunity":2402,"population":205}},{"type":"Feature","id":343,"geometry":{"type":"Polygon","coordinates":[[[-122.37185,47.53503],[-122.37433,47.53481],[-122.37565,47.53606],[-122.37452,47.53753],[-122.37204,47.53775],[-122.37071,47.53651],[-122.37185,47.53503]]]},"properties":{"zone":3,"cell_type":"total isolation","proximity":1072.3,"opportunity":4765.2,"population":334}},{"type":"Feature","id":344,"geometry":{"type":"Polygon","coordinates":[[[-122.35741,47.54807],[-122.35945,47.54789],[-122.3605,47.54888],[-122.35957,47.55008],[-122.35753,47.55026],[-122.35648,47.54928],[-122.35741,47.54807]]]},"properties":{"zone":3,"cell_type":"total isolation","proximity":1040.6,"opportunity":5428.6,"population":134}},{"type":"Feature","id":345,"geometry":{"type":"Polygon","coordinates":[[[-122.3717,47.58014],[-122.37329,47.57999],[-122.37406,47.58071],[-122.37334,47.58165],[-122.37174,47.58179],[-122.37098,47.58107],[-122.3717,47.58014]]]},"properties":{"zone":3,"cell_type":"total isolation","proximity":2484.1,"opportunity":2679.2,"population":53}},{"type":"Feature","id":346,"geometry":{"type":"Polygon","coordinates":[[[-122.36842,47.54245],[-122.37101,47.54222],[-122.37241,47.54354],[-122.37122,47.54508],[-122.36863,47.54531],[-122.36723,47.54399],[-122.36842,47.54245]]]},"properties":{"zone":3,"cell_type":"total isolation","proximity":1170.7,"opportunity":5333.1,"population":471}},{"type":"Feature","id":347,"geometry":{"type":"Polygon","coordinates":[[[-122.35854,47.56245],[-122.36041,47.56228],[-122.36136,47.56317],[-122.3605,47.56427],[-122.35863,47.56443],[-122.35769,47.56355],[-122.35854,47.56245]]]},"properties":{"zone":3,"cell_type":"total isolation","proximity":1448.8,"opportunity":7245.8,"population":94}},{"type":"Feature","id":348,"geometry":{"type":"Polygon","coordinates":[[[-122.39759,47.56455],[-122.39978,47.56436],[-122.40092,47.56543],[-122.39992,47.56673],[-122.39773,47.56692],[-122.39658,47.56585],[-122.39759,47.56455]]]},"properties":{"zone":3,"cell_type":"total isolation","proximity":1377.7,"opportunity":3983.8,"population":183}},{"type":"Feature","id":349,"geometry":{"type":"Polygon","coordinates":[[[-122.33441,47.5397],[-122.33441,47.5397],[-122.33434,47.5397],[-122.33434,47.5397],[-122.33441,47.5397]]]},"properties":{"zone":3,"cell_type":"total isolation","proximity":1022.8,"opportunity":3909.7,"population":0}},{"type":"Feature","id":350,"geometry":{"type":"Polygon","coordinates":[[[-122.37227,47.58334],[-122.37324,47.58325],[-122.37361,47.5836],[-122.37318,47.58415],[-122.37221,47.58424],[-122.37184,47.58389],[-122.37227,47.58334]]]},"properties":{"zone":3,"cell_type":"total isolation","proximity":2570.5,"opportunity":2182.5,"population":15}},{"type":"Feature","id":351,"geometry":{"type":"Polygon","coordinates":[[[-122.38626,47.57252],[-122.3888,47.5723],[-122.39016,47.57358],[-122.389,47.57509],[-122.38646,47.57532],[-122.3851,47.57403],[-122.38626,47.57252]]]},"properties":{"zone":3,"cell_type":"total isolation","proximity":2043.7,"opportunity":5630.9,"population":377}},{"type":"Feature","id":352,"geometry":{"type":"Polygon","coordinates":[[[-122.3945,47.51908],[-122.39627,47.51892],[-122.39715,47.51975],[-122.39635,47.5208],[-122.39457,47.52096],[-122.39369,47.52013],[-122.3945,47.51908]]]},"properties":{"zone":3,"cell_type":"total isolation","proximity":605.4,"opportunity":3622.2,"population":77}},{"type":"Feature","id":353,"geometry":{"type":"Polygon","coordinates":[[[-122.31262,47.52455],[-122.3149,47.52435],[-122.3161,47.52548],[-122.31506,47.52684],[-122.31277,47.52704],[-122.31157,47.5259],[-122.31262,47.52455]]]},"properties":{"zone":3,"cell_type":"total isolation","proximity":690.7,"opportunity":4701.5,"population":223}},{"type":"Feature","id":354,"geometry":{"type":"Polygon","coordinates":[[[-122.34083,47.5245],[-122.34149,47.52445],[-122.34165,47.5246],[-122.34138,47.52496],[-122.34072,47.52502],[-122.34056,47.52486],[-122.34083,47.5245]]]},"properties":{"zone":3,"cell_type":"total isolation","proximity":783.7,"opportunity":2769,"population":7}},{"type":"Feature","id":355,"geometry":{"type":"Polygon","coordinates":[[[-122.35357,47.54978],[-122.35572,47.54959],[-122.35683,47.55064],[-122.35585,47.55191],[-122.35371,47.5521],[-122.35259,47.55105],[-122.35357,47.54978]]]},"properties":{"zone":3,"cell_type":"total isolation","proximity":1082.9,"opportunity":5632.3,"population":166}},{"type":"Feature","id":356,"geometry":{"type":"Polygon","coordinates":[[[-122.40128,47.56004],[-122.40325,47.55987],[-122.40426,47.56082],[-122.40336,47.56198],[-122.40139,47.56216],[-122.40038,47.56121],[-122.40128,47.56004]]]},"properties":{"zone":3,"cell_type":"total isolation","proximity":1007.3,"opportunity":852.5,"population":117}},{"type":"Feature","id":357,"geometry":{"type":"Polygon","coordinates":[[[-122.38173,47.50707],[-122.38384,47.50688],[-122.38493,47.50791],[-122.38397,47.50915],[-122.38186,47.50934],[-122.38077,47.50831],[-122.38173,47.50707]]]},"properties":{"zone":3,"cell_type":"total isolation","proximity":435.7,"opportunity":1728.1,"population":154}},{"type":"Feature","id":358,"geometry":{"type":"Polygon","coordinates":[[[-122.38344,47.53263],[-122.38582,47.53242],[-122.38708,47.53361],[-122.38599,47.53502],[-122.38362,47.53523],[-122.38236,47.53404],[-122.38344,47.53263]]]},"properties":{"zone":3,"cell_type":"total isolation","proximity":974.4,"opportunity":4065.3,"population":270}},{"type":"Feature","id":359,"geometry":{"type":"Polygon","coordinates":[[[-122.38006,47.54009],[-122.38248,47.53988],[-122.38377,47.54109],[-122.38266,47.54253],[-122.38024,47.54274],[-122.37895,47.54153],[-122.38006,47.54009]]]},"properties":{"zone":3,"cell_type":"total isolation","proximity":1161.1,"opportunity":4865.4,"population":296}},{"type":"Feature","id":360,"geometry":{"type":"Polygon","coordinates":[[[-122.3904,47.52054],[-122.39273,47.52033],[-122.39397,47.5215],[-122.3929,47.52289],[-122.39056,47.52309],[-122.38932,47.52193],[-122.3904,47.52054]]]},"properties":{"zone":3,"cell_type":"total isolation","proximity":686.9,"opportunity":4836.7,"population":249}},{"type":"Feature","id":361,"geometry":{"type":"Polygon","coordinates":[[[-122.38377,47.53825],[-122.3863,47.53803],[-122.38767,47.53931],[-122.3865,47.54082],[-122.38397,47.54105],[-122.3826,47.53977],[-122.38377,47.53825]]]},"properties":{"zone":3,"cell_type":"total isolation","proximity":1030.8,"opportunity":4750.4,"population":376}},{"type":"Feature","id":362,"geometry":{"type":"Polygon","coordinates":[[[-122.38259,47.5744],[-122.38495,47.57419],[-122.3862,47.57536],[-122.38512,47.57676],[-122.38276,47.57697],[-122.38151,47.5758],[-122.38259,47.5744]]]},"properties":{"zone":3,"cell_type":"total isolation","proximity":2275.1,"opportunity":5304.3,"population":260}},{"type":"Feature","id":363,"geometry":{"type":"Polygon","coordinates":[[[-122.38288,47.57999],[-122.38545,47.57976],[-122.38683,47.58106],[-122.38565,47.58259],[-122.38309,47.58281],[-122.38171,47.58152],[-122.38288,47.57999]]]},"properties":{"zone":3,"cell_type":"total isolation","proximity":2399.9,"opportunity":4938.5,"population":398}},{"type":"Feature","id":364,"geometry":{"type":"Polygon","coordinates":[[[-122.36993,47.50661],[-122.37214,47.50641],[-122.3733,47.5075],[-122.37229,47.50881],[-122.37008,47.50901],[-122.36892,47.50792],[-122.36993,47.50661]]]},"properties":{"zone":3,"cell_type":"total isolation","proximity":494.7,"opportunity":3009.6,"population":191}},{"type":"Feature","id":365,"geometry":{"type":"Polygon","coordinates":[[[-122.36462,47.53889],[-122.36654,47.53872],[-122.36751,47.53963],[-122.36663,47.54076],[-122.36472,47.54093],[-122.36375,47.54002],[-122.36462,47.53889]]]},"properties":{"zone":3,"cell_type":"total isolation","proximity":1103.2,"opportunity":5504.3,"population":103}},{"type":"Feature","id":366,"geometry":{"type":"Polygon","coordinates":[[[-122.35132,47.52104],[-122.35378,47.52082],[-122.3551,47.52206],[-122.35397,47.52352],[-122.35151,47.52374],[-122.35019,47.5225],[-122.35132,47.52104]]]},"properties":{"zone":3,"cell_type":"total isolation","proximity":817.6,"opportunity":5034.3,"population":322}},{"type":"Feature","id":367,"geometry":{"type":"Polygon","coordinates":[[[-122.37964,47.53437],[-122.38207,47.53416],[-122.38336,47.53538],[-122.38225,47.53682],[-122.37982,47.53704],[-122.37852,47.53582],[-122.37964,47.53437]]]},"properties":{"zone":3,"cell_type":"total isolation","proximity":1031.5,"opportunity":4803.9,"population":303}},{"type":"Feature","id":368,"geometry":{"type":"Polygon","coordinates":[[[-122.36535,47.54756],[-122.36709,47.5474],[-122.36794,47.54821],[-122.36715,47.54923],[-122.36542,47.54938],[-122.36456,47.54858],[-122.36535,47.54756]]]},"properties":{"zone":3,"cell_type":"total isolation","proximity":1212.9,"opportunity":6323.6,"population":71}},{"type":"Feature","id":369,"geometry":{"type":"Polygon","coordinates":[[[-122.37619,47.54178],[-122.37877,47.54155],[-122.38015,47.54285],[-122.37897,47.54439],[-122.3764,47.54461],[-122.37501,47.54331],[-122.37619,47.54178]]]},"properties":{"zone":3,"cell_type":"total isolation","proximity":1203.2,"opportunity":5118.9,"population":408}},{"type":"Feature","id":370,"geometry":{"type":"Polygon","coordinates":[[[-122.32419,47.52478],[-122.32677,47.52455],[-122.32817,47.52587],[-122.32698,47.52741],[-122.32439,47.52764],[-122.323,47.52632],[-122.32419,47.52478]]]},"properties":{"zone":3,"cell_type":"total isolation","proximity":687,"opportunity":4195.8,"population":421}},{"type":"Feature","id":371,"geometry":{"type":"Polygon","coordinates":[[[-122.35507,47.56185],[-122.35607,47.56176],[-122.35645,47.56213],[-122.35601,47.56269],[-122.35501,47.56278],[-122.35463,47.56242],[-122.35507,47.56185]]]},"properties":{"zone":3,"cell_type":"total isolation","proximity":1246.3,"opportunity":5123.8,"population":15}},{"type":"Feature","id":372,"geometry":{"type":"Polygon","coordinates":[[[-122.39354,47.56341],[-122.39583,47.5632],[-122.39705,47.56434],[-122.39599,47.56571],[-122.3937,47.56591],[-122.39249,47.56477],[-122.39354,47.56341]]]},"properties":{"zone":3,"cell_type":"total isolation","proximity":1489.6,"opportunity":5066.6,"population":229}},{"type":"Feature","id":373,"geometry":{"type":"Polygon","coordinates":[[[-122.3653,47.55016],[-122.36748,47.54997],[-122.36862,47.55104],[-122.36762,47.55234],[-122.36544,47.55253],[-122.3643,47.55146],[-122.3653,47.55016]]]},"properties":{"zone":3,"cell_type":"total isolation","proximity":1244.9,"opportunity":6587.5,"population":181}},{"type":"Feature","id":374,"geometry":{"type":"Polygon","coordinates":[[[-122.37937,47.58202],[-122.38148,47.58183],[-122.38257,47.58286],[-122.38161,47.5841],[-122.3795,47.58429],[-122.37841,47.58326],[-122.37937,47.58202]]]},"properties":{"zone":3,"cell_type":"total isolation","proximity":2688.4,"opportunity":2779.6,"population":154}},{"type":"Feature","id":375,"geometry":{"type":"Polygon","coordinates":[[[-122.35895,47.51757],[-122.36128,47.51737],[-122.36251,47.51852],[-122.36144,47.5199],[-122.35912,47.52011],[-122.35789,47.51895],[-122.35895,47.51757]]]},"properties":{"zone":3,"cell_type":"total isolation","proximity":775.5,"opportunity":4687.7,"population":243}},{"type":"Feature","id":376,"geometry":{"type":"Polygon","coordinates":[[[-122.39419,47.572],[-122.39644,47.5718],[-122.39762,47.57291],[-122.39659,47.57424],[-122.39434,47.57444],[-122.39316,47.57333],[-122.39419,47.572]]]},"properties":{"zone":3,"cell_type":"total isolation","proximity":1685.9,"opportunity":2731.9,"population":207}},{"type":"Feature","id":377,"geometry":{"type":"Polygon","coordinates":[[[-122.38733,47.53096],[-122.38952,47.53077],[-122.39067,47.53185],[-122.38966,47.53315],[-122.38747,47.53334],[-122.38632,47.53226],[-122.38733,47.53096]]]},"properties":{"zone":3,"cell_type":"total isolation","proximity":908.8,"opportunity":3578.6,"population":185}},{"type":"Feature","id":378,"geometry":{"type":"Polygon","coordinates":[[[-122.38155,47.50423],[-122.38361,47.50405],[-122.38467,47.50505],[-122.38373,47.50627],[-122.38167,47.50645],[-122.38061,47.50545],[-122.38155,47.50423]]]},"properties":{"zone":3,"cell_type":"total isolation","proximity":389.9,"opportunity":1783.4,"population":139}},{"type":"Feature","id":379,"geometry":{"type":"Polygon","coordinates":[[[-122.36176,47.55748],[-122.36424,47.55726],[-122.36557,47.55851],[-122.36443,47.55999],[-122.36195,47.5602],[-122.36062,47.55896],[-122.36176,47.55748]]]},"properties":{"zone":3,"cell_type":"total isolation","proximity":1394.9,"opportunity":7361.2,"population":336}},{"type":"Feature","id":380,"geometry":{"type":"Polygon","coordinates":[[[-122.39061,47.5234],[-122.39293,47.5232],[-122.39416,47.52435],[-122.3931,47.52574],[-122.39077,47.52594],[-122.38955,47.52478],[-122.39061,47.5234]]]},"properties":{"zone":3,"cell_type":"total isolation","proximity":739.4,"opportunity":4630.7,"population":243}},{"type":"Feature","id":381,"geometry":{"type":"Polygon","coordinates":[[[-122.35005,47.54915],[-122.3514,47.54903],[-122.35201,47.5496],[-122.3514,47.55038],[-122.35005,47.5505],[-122.34945,47.54993],[-122.35005,47.54915]]]},"properties":{"zone":3,"cell_type":"total isolation","proximity":1026.7,"opportunity":4640.6,"population":32}},{"type":"Feature","id":382,"geometry":{"type":"Polygon","coordinates":[[[-122.3972,47.55887],[-122.39934,47.55868],[-122.40045,47.55972],[-122.39947,47.56099],[-122.39733,47.56118],[-122.39622,47.56014],[-122.3972,47.55887]]]},"properties":{"zone":3,"cell_type":"total isolation","proximity":1252.9,"opportunity":4812.1,"population":166}},{"type":"Feature","id":383,"geometry":{"type":"Polygon","coordinates":[[[-122.37761,47.50584],[-122.37996,47.50563],[-122.38121,47.50681],[-122.38013,47.50821],[-122.37778,47.50841],[-122.37653,47.50724],[-122.37761,47.50584]]]},"properties":{"zone":3,"cell_type":"total isolation","proximity":446.7,"opportunity":1793.6,"population":258}},{"type":"Feature","id":384,"geometry":{"type":"Polygon","coordinates":[[[-122.32046,47.5266],[-122.32296,47.52638],[-122.3243,47.52764],[-122.32315,47.52913],[-122.32065,47.52935],[-122.31931,47.52809],[-122.32046,47.5266]]]},"properties":{"zone":3,"cell_type":"total isolation","proximity":693.9,"opportunity":4260.9,"population":349}},{"type":"Feature","id":385,"geometry":{"type":"Polygon","coordinates":[[[-122.39131,47.53204],[-122.39351,47.53185],[-122.39466,47.53293],[-122.39365,47.53424],[-122.39145,47.53443],[-122.3903,47.53335],[-122.39131,47.53204]]]},"properties":{"zone":3,"cell_type":"total isolation","proximity":891.1,"opportunity":4754.8,"population":187}},{"type":"Feature","id":386,"geometry":{"type":"Polygon","coordinates":[[[-122.38784,47.53943],[-122.39022,47.53922],[-122.39149,47.54041],[-122.39039,47.54182],[-122.38802,47.54203],[-122.38675,47.54084],[-122.38784,47.53943]]]},"properties":{"zone":3,"cell_type":"total isolation","proximity":1081.2,"opportunity":5014,"population":272}},{"type":"Feature","id":387,"geometry":{"type":"Polygon","coordinates":[[[-122.37851,47.57322],[-122.38103,47.573],[-122.38238,47.57427],[-122.38122,47.57577],[-122.37871,47.57599],[-122.37736,47.57472],[-122.37851,47.57322]]]},"properties":{"zone":3,"cell_type":"total isolation","proximity":2184.8,"opportunity":4186.6,"population":361}},{"type":"Feature","id":388,"geometry":{"type":"Polygon","coordinates":[[[-122.37675,47.54763],[-122.37908,47.54742],[-122.38031,47.54858],[-122.37924,47.54996],[-122.37692,47.55017],[-122.37568,47.54901],[-122.37675,47.54763]]]},"properties":{"zone":3,"cell_type":"total isolation","proximity":1315.5,"opportunity":5009.3,"population":244}},{"type":"Feature","id":389,"geometry":{"type":"Polygon","coordinates":[[[-122.39063,47.57929],[-122.39322,47.57906],[-122.39462,47.58037],[-122.39343,47.58192],[-122.39084,47.58214],[-122.38944,47.58083],[-122.39063,47.57929]]]},"properties":{"zone":3,"cell_type":"total isolation","proximity":2115.7,"opportunity":4679.6,"population":452}},{"type":"Feature","id":390,"geometry":{"type":"Polygon","coordinates":[[[-122.34408,47.52753],[-122.34636,47.52733],[-122.34756,47.52847],[-122.34651,47.52982],[-122.34423,47.53002],[-122.34303,47.52889],[-122.34408,47.52753]]]},"properties":{"zone":3,"cell_type":"total isolation","proximity":882.8,"opportunity":3750,"population":222}},{"type":"Feature","id":391,"geometry":{"type":"Polygon","coordinates":[[[-122.37976,47.5877],[-122.38192,47.5875],[-122.38304,47.58856],[-122.38205,47.58984],[-122.37989,47.59003],[-122.37877,47.58898],[-122.37976,47.5877]]]},"properties":{"zone":1,"cell_type":"spatial isolation","proximity":3448.3,"opportunity":2826.9,"population":172}},{"type":"Feature","id":392,"geometry":{"type":"Polygon","coordinates":[[[-122.37557,47.53321],[-122.37814,47.53298],[-122.37953,47.53428],[-122.37835,47.53582],[-122.37578,47.53604],[-122.37439,47.53474],[-122.37557,47.53321]]]},"properties":{"zone":3,"cell_type":"total isolation","proximity":1069.9,"opportunity":5055.4,"population":405}},{"type":"Feature","id":393,"geometry":{"type":"Polygon","coordinates":[[[-122.36118,47.54629],[-122.36323,47.54611],[-122.36429,47.54711],[-122.36335,47.54832],[-122.3613,47.5485],[-122.36024,47.54751],[-122.36118,47.54629]]]},"properties":{"zone":3,"cell_type":"total isolation","proximity":1164.2,"opportunity":7366.8,"population":138}},{"type":"Feature","id":394,"geometry":{"type":"Polygon","coordinates":[[[-122.37231,47.54079],[-122.37471,47.54058],[-122.37598,47.54178],[-122.37488,47.5432],[-122.37249,47.54341],[-122.37121,47.54221],[-122.37231,47.54079]]]},"properties":{"zone":3,"cell_type":"total isolation","proximity":1161.4,"opportunity":5013.8,"population":283}},{"type":"Feature","id":395,"geometry":{"type":"Polygon","coordinates":[[[-122.33252,47.52465],[-122.33413,47.52451],[-122.3349,47.52524],[-122.33417,47.52618],[-122.33256,47.52632],[-122.33179,47.52559],[-122.33252,47.52465]]]},"properties":{"zone":3,"cell_type":"total isolation","proximity":543.1,"opportunity":3578,"population":54}},{"type":"Feature","id":396,"geometry":{"type":"Polygon","coordinates":[[[-122.39385,47.56901],[-122.39633,47.56879],[-122.39766,47.57004],[-122.39652,47.57152],[-122.39404,47.57174],[-122.39271,47.57049],[-122.39385,47.56901]]]},"properties":{"zone":3,"cell_type":"total isolation","proximity":1624.1,"opportunity":2918.1,"population":336}},{"type":"Feature","id":397,"geometry":{"type":"Polygon","coordinates":[[[-122.37285,47.54928],[-122.37539,47.54906],[-122.37675,47.55034],[-122.37559,47.55185],[-122.37305,47.55207],[-122.37169,47.55079],[-122.37285,47.54928]]]},"properties":{"zone":3,"cell_type":"total isolation","proximity":1284,"opportunity":5037.7,"population":377}},{"type":"Feature","id":398,"geometry":{"type":"Polygon","coordinates":[[[-122.37546,47.581],[-122.37744,47.58083],[-122.37845,47.58178],[-122.37755,47.58295],[-122.37557,47.58312],[-122.37456,47.58217],[-122.37546,47.581]]]},"properties":{"zone":3,"cell_type":"total isolation","proximity":1462.4,"opportunity":1818.5,"population":118}},{"type":"Feature","id":399,"geometry":{"type":"Polygon","coordinates":[[[-122.36656,47.51674],[-122.36914,47.51651],[-122.37054,47.51783],[-122.36935,47.51937],[-122.36677,47.5196],[-122.36537,47.51828],[-122.36656,47.51674]]]},"properties":{"zone":3,"cell_type":"total isolation","proximity":740.5,"opportunity":5131.8,"population":459}},{"type":"Feature","id":400,"geometry":{"type":"Polygon","coordinates":[[[-122.39024,47.57095],[-122.39243,47.57075],[-122.39358,47.57183],[-122.39257,47.57313],[-122.39038,47.57332],[-122.38924,47.57225],[-122.39024,47.57095]]]},"properties":{"zone":3,"cell_type":"total isolation","proximity":1797.3,"opportunity":4955,"population":184}},{"type":"Feature","id":401,"geometry":{"type":"Polygon","coordinates":[[[-122.34128,47.53557],[-122.34259,47.53545],[-122.34317,47.536],[-122.34258,47.53676],[-122.34128,47.53687],[-122.34069,47.53633],[-122.34128,47.53557]]]},"properties":{"zone":3,"cell_type":"total isolation","proximity":839.7,"opportunity":2647.8,"population":29}},{"type":"Feature","id":402,"geometry":{"type":"Polygon","coordinates":[[[-122.37738,47.50296],[-122.37976,47.50275],[-122.38103,47.50395],[-122.37994,47.50537],[-122.37755,47.50558],[-122.37629,47.50438],[-122.37738,47.50296]]]},"properties":{"zone":3,"cell_type":"total isolation","proximity":387.9,"opportunity":1716.6,"population":276}},{"type":"Feature","id":403,"geometry":{"type":"Polygon","coordinates":[[[-122.35546,47.52493],[-122.35801,47.5247],[-122.35939,47.526],[-122.35821,47.52752],[-122.35566,47.52774],[-122.35428,47.52645],[-122.35546,47.52493]]]},"properties":{"zone":3,"cell_type":"total isolation","proximity":916.8,"opportunity":5395.2,"population":393}},{"type":"Feature","id":404,"geometry":{"type":"Polygon","coordinates":[[[-122.35848,47.56504],[-122.36081,47.56484],[-122.36205,47.566],[-122.36098,47.56738],[-122.35865,47.56759],[-122.35741,47.56643],[-122.35848,47.56504]]]},"properties":{"zone":3,"cell_type":"total isolation","proximity":1581.3,"opportunity":7300.9,"population":246}},{"type":"Feature","id":405,"geometry":{"type":"Polygon","coordinates":[[[-122.39113,47.52921],[-122.39328,47.52902],[-122.3944,47.53008],[-122.39341,47.53135],[-122.39126,47.53154],[-122.39014,47.53049],[-122.39113,47.52921]]]},"properties":{"zone":3,"cell_type":"total isolation","proximity":809.1,"opportunity":4754.4,"population":170}},{"type":"Feature","id":406,"geometry":{"type":"Polygon","coordinates":[[[-122.37803,47.51156],[-122.38037,47.51135],[-122.38161,47.51252],[-122.38054,47.51392],[-122.37819,47.51413],[-122.37695,47.51296],[-122.37803,47.51156]]]},"properties":{"zone":3,"cell_type":"total isolation","proximity":557.3,"opportunity":3524.4,"population":254}},{"type":"Feature","id":407,"geometry":{"type":"Polygon","coordinates":[[[-122.31642,47.52546],[-122.31901,47.52524],[-122.32041,47.52655],[-122.31922,47.52809],[-122.31663,47.52832],[-122.31523,47.52701],[-122.31642,47.52546]]]},"properties":{"zone":3,"cell_type":"total isolation","proximity":720.2,"opportunity":4762.4,"population":483}},{"type":"Feature","id":408,"geometry":{"type":"Polygon","coordinates":[[[-122.34144,47.65543],[-122.34403,47.6552],[-122.34543,47.65651],[-122.34424,47.65805],[-122.34165,47.65828],[-122.34025,47.65697],[-122.34144,47.65543]]]},"properties":{"zone":0,"cell_type":"inclusion","proximity":4619.6,"opportunity":10434.3,"population":456}},{"type":"Feature","id":409,"geometry":{"type":"Polygon","coordinates":[[[-122.28513,47.68769],[-122.28763,47.68747],[-122.28897,47.68873],[-122.28782,47.69021],[-122.28532,47.69043],[-122.28398,47.68917],[-122.28513,47.68769]]]},"properties":{"zone":3,"cell_type":"total isolation","proximity":2338.9,"opportunity":6773.2,"population":346}},{"type":"Feature","id":410,"geometry":{"type":"Polygon","coordinates":[[[-122.31116,47.65091],[-122.31116,47.65091],[-122.31109,47.65092],[-122.31109,47.65092],[-122.31116,47.65091]]]},"properties":{"zone":0,"cell_type":"inclusion","proximity":4318.7,"opportunity":10983.4,"population":2}},{"type":"Feature","id":411,"geometry":{"type":"Polygon","coordinates":[[[-122.34661,47.72669],[-122.3492,47.72646],[-122.3506,47.72777],[-122.34941,47.72931],[-122.34682,47.72954],[-122.34542,47.72823],[-122.34661,47.72669]]]},"properties":{"zone":3,"cell_type":"total isolation","proximity":1635.2,"opportunity":6939.2,"population":486}},{"type":"Feature","id":412,"geometry":{"type":"Polygon","coordinates":[[[-122.33582,47.68471],[-122.33826,47.68449],[-122.33957,47.68572],[-122.33845,47.68717],[-122.336,47.68738],[-122.33469,47.68616],[-122.33582,47.68471]]]},"properties":{"zone":0,"cell_type":"inclusion","proximity":3996.9,"opportunity":10491,"population":311}},{"type":"Feature","id":413,"geometry":{"type":"Polygon","coordinates":[[[-122.31135,47.56064],[-122.31356,47.56045],[-122.31471,47.56154],[-122.3137,47.56285],[-122.31149,47.56304],[-122.31034,47.56195],[-122.31135,47.56064]]]},"properties":{"zone":3,"cell_type":"total isolation","proximity":1927.7,"opportunity":7349.3,"population":190}},{"type":"Feature","id":414,"geometry":{"type":"Polygon","coordinates":[[[-122.30995,47.5966],[-122.3123,47.59639],[-122.31355,47.59756],[-122.31247,47.59896],[-122.31012,47.59917],[-122.30887,47.598],[-122.30995,47.5966]]]},"properties":{"zone":0,"cell_type":"inclusion","proximity":4315.2,"opportunity":10085.1,"population":255}},{"type":"Feature","id":415,"geometry":{"type":"Polygon","coordinates":[[[-122.37124,47.68867],[-122.37383,47.68844],[-122.37523,47.68975],[-122.37404,47.69129],[-122.37145,47.69152],[-122.37005,47.69021],[-122.37124,47.68867]]]},"properties":{"zone":0,"cell_type":"inclusion","proximity":2990.7,"opportunity":8728.8,"population":427}},{"type":"Feature","id":416,"geometry":{"type":"Polygon","coordinates":[[[-122.34848,47.64342],[-122.35091,47.64321],[-122.3522,47.64442],[-122.35109,47.64586],[-122.34866,47.64608],[-122.34737,47.64486],[-122.34848,47.64342]]]},"properties":{"zone":0,"cell_type":"inclusion","proximity":4481.7,"opportunity":10680.7,"population":299}},{"type":"Feature","id":417,"geometry":{"type":"Polygon","coordinates":[[[-122.32018,47.68334],[-122.32242,47.68314],[-122.32359,47.68424],[-122.32257,47.68557],[-122.32033,47.68577],[-122.31915,47.68466],[-122.32018,47.68334]]]},"properties":{"zone":0,"cell_type":"inclusion","proximity":3980.8,"opportunity":9700.4,"population":202}},{"type":"Feature","id":418,"geometry":{"type":"Polygon","coordinates":[[[-122.27945,47.55458],[-122.28203,47.55435],[-122.28343,47.55567],[-122.28224,47.55721],[-122.27965,47.55744],[-122.27825,47.55612],[-122.27945,47.55458]]]},"properties":{"zone":3,"cell_type":"total isolation","proximity":1548.1,"opportunity":5638.7,"population":526}},{"type":"Feature","id":419,"geometry":{"type":"Polygon","coordinates":[[[-122.40271,47.63581],[-122.40505,47.6356],[-122.4063,47.63677],[-122.40522,47.63816],[-122.40288,47.63837],[-122.40163,47.6372],[-122.40271,47.63581]]]},"properties":{"zone":3,"cell_type":"total isolation","proximity":1844.2,"opportunity":5495.3,"population":253}},{"type":"Feature","id":420,"geometry":{"type":"Polygon","coordinates":[[[-122.31668,47.63751],[-122.31927,47.63728],[-122.32067,47.63859],[-122.31947,47.64013],[-122.31688,47.64036],[-122.31549,47.63905],[-122.31668,47.63751]]]},"properties":{"zone":0,"cell_type":"inclusion","proximity":4195.5,"opportunity":8383.6,"population":433}},{"type":"Feature","id":421,"geometry":{"type":"Polygon","coordinates":[[[-122.37354,47.71208],[-122.37503,47.71195],[-122.37573,47.7126],[-122.37506,47.71347],[-122.37357,47.7136],[-122.37287,47.71295],[-122.37354,47.71208]]]},"properties":{"zone":3,"cell_type":"total isolation","proximity":1481.4,"opportunity":135.9,"population":42}},{"type":"Feature","id":422,"geometry":{"type":"Polygon","coordinates":[[[-122.31875,47.54898],[-122.32017,47.54886],[-122.32082,47.54947],[-122.32018,47.55029],[-122.31876,47.55042],[-122.31811,47.54981],[-122.31875,47.54898]]]},"properties":{"zone":3,"cell_type":"total isolation","proximity":1484.4,"opportunity":6625.4,"population":37}},{"type":"Feature","id":423,"geometry":{"type":"Polygon","coordinates":[[[-122.37125,47.63024],[-122.37318,47.63007],[-122.37416,47.63098],[-122.37328,47.63212],[-122.37135,47.63229],[-122.37037,47.63137],[-122.37125,47.63024]]]},"properties":{"zone":0,"cell_type":"inclusion","proximity":3128,"opportunity":9875.4,"population":106}},{"type":"Feature","id":424,"geometry":{"type":"Polygon","coordinates":[[[-122.28652,47.54259],[-122.28889,47.54239],[-122.29015,47.54357],[-122.28906,47.54498],[-122.28669,47.54519],[-122.28543,47.544],[-122.28652,47.54259]]]},"properties":{"zone":3,"cell_type":"total isolation","proximity":1323.4,"opportunity":5101.6,"population":269}},{"type":"Feature","id":425,"geometry":{"type":"Polygon","coordinates":[[[-122.2836,47.61176],[-122.28608,47.61154],[-122.28741,47.61279],[-122.28627,47.61426],[-122.28379,47.61448],[-122.28246,47.61323],[-122.2836,47.61176]]]},"properties":{"zone":1,"cell_type":"spatial isolation","proximity":2886,"opportunity":7194,"population":336}},{"type":"Feature","id":426,"geometry":{"type":"Polygon","coordinates":[[[-122.28562,47.63496],[-122.28744,47.6348],[-122.28835,47.63565],[-122.28752,47.63672],[-122.2857,47.63688],[-122.2848,47.63603],[-122.28562,47.63496]]]},"properties":{"zone":3,"cell_type":"total isolation","proximity":2260.1,"opportunity":4948,"population":84}},{"type":"Feature","id":427,"geometry":{"type":"Polygon","coordinates":[[[-122.30809,47.62678],[-122.31067,47.62655],[-122.31207,47.62786],[-122.31088,47.6294],[-122.30829,47.62963],[-122.3069,47.62832],[-122.30809,47.62678]]]},"properties":{"zone":0,"cell_type":"inclusion","proximity":4299.3,"opportunity":8261.5,"population":416}},{"type":"Feature","id":428,"geometry":{"type":"Polygon","coordinates":[[[-122.32641,47.7131],[-122.32834,47.71293],[-122.32932,47.71385],[-122.32844,47.71498],[-122.32651,47.71515],[-122.32554,47.71424],[-122.32641,47.7131]]]},"properties":{"zone":3,"cell_type":"total isolation","proximity":2439.6,"opportunity":7733.6,"population":105}},{"type":"Feature","id":429,"geometry":{"type":"Polygon","coordinates":[[[-122.27003,47.68684],[-122.27139,47.68672],[-122.27201,47.6873],[-122.2714,47.68809],[-122.27003,47.6882],[-122.26941,47.68763],[-122.27003,47.68684]]]},"properties":{"zone":3,"cell_type":"total isolation","proximity":1447.6,"opportunity":6787.7,"population":33}},{"type":"Feature","id":430,"geometry":{"type":"Polygon","coordinates":[[[-122.33642,47.68264],[-122.33747,47.68255],[-122.33789,47.68294],[-122.33742,47.68353],[-122.33638,47.68362],[-122.33596,47.68324],[-122.33642,47.68264]]]},"properties":{"zone":0,"cell_type":"inclusion","proximity":3954.5,"opportunity":9303.3,"population":17}},{"type":"Feature","id":431,"geometry":{"type":"Polygon","coordinates":[[[-122.29785,47.59321],[-122.30044,47.59298],[-122.30184,47.59429],[-122.30064,47.59583],[-122.29805,47.59606],[-122.29666,47.59475],[-122.29785,47.59321]]]},"properties":{"zone":0,"cell_type":"inclusion","proximity":3226.7,"opportunity":8735.4,"population":511}},{"type":"Feature","id":432,"geometry":{"type":"Polygon","coordinates":[[[-122.3587,47.62376],[-122.36128,47.62353],[-122.36268,47.62484],[-122.36149,47.62638],[-122.3589,47.62661],[-122.3575,47.6253],[-122.3587,47.62376]]]},"properties":{"zone":0,"cell_type":"inclusion","proximity":4302.2,"opportunity":11108.8,"population":1287}},{"type":"Feature","id":433,"geometry":{"type":"Polygon","coordinates":[[[-122.37812,47.711],[-122.37812,47.711],[-122.37805,47.71101],[-122.37805,47.71101],[-122.37812,47.711]]]},"properties":{"zone":3,"cell_type":"total isolation","proximity":1601.4,"opportunity":145.2,"population":3}},{"type":"Feature","id":434,"geometry":{"type":"Polygon","coordinates":[[[-122.30391,47.67606],[-122.30631,47.67585],[-122.30759,47.67705],[-122.30649,47.67847],[-122.30409,47.67868],[-122.30281,47.67748],[-122.30391,47.67606]]]},"properties":{"zone":0,"cell_type":"inclusion","proximity":3727.7,"opportunity":10317.3,"population":281}},{"type":"Feature","id":435,"geometry":{"type":"Polygon","coordinates":[[[-122.27781,47.53172],[-122.2804,47.5315],[-122.2818,47.53281],[-122.2806,47.53435],[-122.27802,47.53458],[-122.27662,47.53326],[-122.27781,47.53172]]]},"properties":{"zone":3,"cell_type":"total isolation","proximity":1043,"opportunity":5267.7,"population":548}},{"type":"Feature","id":436,"geometry":{"type":"Polygon","coordinates":[[[-122.41722,47.65734],[-122.41722,47.65734],[-122.41715,47.65734],[-122.41715,47.65734],[-122.41722,47.65734]]]},"properties":{"zone":3,"cell_type":"total isolation","proximity":1352.7,"opportunity":2858.2,"population":1}},{"type":"Feature","id":437,"geometry":{"type":"Polygon","coordinates":[[[-122.30374,47.7264],[-122.30594,47.72621],[-122.30709,47.72728],[-122.30608,47.72858],[-122.30388,47.72878],[-122.30273,47.7277],[-122.30374,47.7264]]]},"properties":{"zone":3,"cell_type":"total isolation","proximity":1511,"opportunity":4957,"population":187}},{"type":"Feature","id":438,"geometry":{"type":"Polygon","coordinates":[[[-122.30958,47.69998],[-122.31193,47.69978],[-122.31317,47.70094],[-122.31209,47.70233],[-122.30975,47.70254],[-122.3085,47.70137],[-122.30958,47.69998]]]},"properties":{"zone":3,"cell_type":"total isolation","proximity":2792.7,"opportunity":6231,"population":252}},{"type":"Feature","id":439,"geometry":{"type":"Polygon","coordinates":[[[-122.33438,47.61157],[-122.33692,47.61135],[-122.33829,47.61263],[-122.33712,47.61414],[-122.33458,47.61437],[-122.33321,47.61308],[-122.33438,47.61157]]]},"properties":{"zone":0,"cell_type":"inclusion","proximity":6028.3,"opportunity":14811.6,"population":380}},{"type":"Feature","id":440,"geometry":{"type":"Polygon","coordinates":[[[-122.36122,47.7085],[-122.36331,47.70832],[-122.36438,47.70933],[-122.36343,47.71056],[-122.36134,47.71074],[-122.36026,47.70974],[-122.36122,47.7085]]]},"properties":{"zone":3,"cell_type":"total isolation","proximity":2159.6,"opportunity":6798.3,"population":147}},{"type":"Feature","id":441,"geometry":{"type":"Polygon","coordinates":[[[-122.32176,47.58105],[-122.32176,47.58105],[-122.3217,47.58106],[-122.3217,47.58106],[-122.32176,47.58105]]]},"properties":{"zone":2,"cell_type":"social isolation","proximity":2821.2,"opportunity":10218.7,"population":1}},{"type":"Feature","id":442,"geometry":{"type":"Polygon","coordinates":[[[-122.31026,47.71125],[-122.31285,47.71102],[-122.31425,47.71233],[-122.31306,47.71387],[-122.31047,47.7141],[-122.30907,47.71279],[-122.31026,47.71125]]]},"properties":{"zone":3,"cell_type":"total isolation","proximity":2457.7,"opportunity":7670.8,"population":495}},{"type":"Feature","id":443,"geometry":{"type":"Polygon","coordinates":[[[-122.29982,47.72804],[-122.30224,47.72783],[-122.30354,47.72904],[-122.30242,47.73047],[-122.3,47.73069],[-122.2987,47.72948],[-122.29982,47.72804]]]},"properties":{"zone":3,"cell_type":"total isolation","proximity":1367.8,"opportunity":5759.6,"population":296}},{"type":"Feature","id":444,"geometry":{"type":"Polygon","coordinates":[[[-122.38408,47.65023],[-122.38667,47.65],[-122.38807,47.65131],[-122.38688,47.65285],[-122.38429,47.65308],[-122.38289,47.65177],[-122.38408,47.65023]]]},"properties":{"zone":3,"cell_type":"total isolation","proximity":2540.7,"opportunity":6427.7,"population":641}},{"type":"Feature","id":445,"geometry":{"type":"Polygon","coordinates":[[[-122.39063,47.68558],[-122.39312,47.68536],[-122.39445,47.68661],[-122.39331,47.68809],[-122.39082,47.68831],[-122.38948,47.68706],[-122.39063,47.68558]]]},"properties":{"zone":3,"cell_type":"total isolation","proximity":2269.6,"opportunity":6307.3,"population":341}},{"type":"Feature","id":446,"geometry":{"type":"Polygon","coordinates":[[[-122.34374,47.68681],[-122.34629,47.68659],[-122.34767,47.68788],[-122.34649,47.68939],[-122.34394,47.68962],[-122.34256,47.68833],[-122.34374,47.68681]]]},"properties":{"zone":0,"cell_type":"inclusion","proximity":3836,"opportunity":10492.8,"population":390}},{"type":"Feature","id":447,"geometry":{"type":"Polygon","coordinates":[[[-122.30603,47.59823],[-122.30862,47.59801],[-122.31002,47.59932],[-122.30882,47.60086],[-122.30623,47.60109],[-122.30484,47.59978],[-122.30603,47.59823]]]},"properties":{"zone":0,"cell_type":"inclusion","proximity":4108.1,"opportunity":9921,"population":479}},{"type":"Feature","id":448,"geometry":{"type":"Polygon","coordinates":[[[-122.35887,47.67974],[-122.36143,47.67951],[-122.3628,47.6808],[-122.36163,47.68232],[-122.35907,47.68255],[-122.3577,47.68126],[-122.35887,47.67974]]]},"properties":{"zone":1,"cell_type":"spatial isolation","proximity":3610.3,"opportunity":7148.7,"population":391}},{"type":"Feature","id":449,"geometry":{"type":"Polygon","coordinates":[[[-122.36834,47.64876],[-122.37092,47.64853],[-122.3723,47.64983],[-122.37112,47.65136],[-122.36855,47.65159],[-122.36716,47.65029],[-122.36834,47.64876]]]},"properties":{"zone":0,"cell_type":"inclusion","proximity":3309.3,"opportunity":8186.5,"population":407}},{"type":"Feature","id":450,"geometry":{"type":"Polygon","coordinates":[[[-122.31214,47.68112],[-122.31447,47.68092],[-122.3157,47.68207],[-122.31463,47.68345],[-122.31231,47.68365],[-122.31108,47.6825],[-122.31214,47.68112]]]},"properties":{"zone":0,"cell_type":"inclusion","proximity":3831,"opportunity":10232.7,"population":242}},{"type":"Feature","id":451,"geometry":{"type":"Polygon","coordinates":[[[-122.28748,47.55682],[-122.28996,47.55661],[-122.29128,47.55785],[-122.29014,47.55932],[-122.28767,47.55954],[-122.28634,47.55829],[-122.28748,47.55682]]]},"properties":{"zone":3,"cell_type":"total isolation","proximity":1755.3,"opportunity":7442.1,"population":332}},{"type":"Feature","id":452,"geometry":{"type":"Polygon","coordinates":[[[-122.344,47.63656],[-122.34656,47.63634],[-122.34793,47.63763],[-122.34676,47.63915],[-122.3442,47.63937],[-122.34283,47.63808],[-122.344,47.63656]]]},"properties":{"zone":0,"cell_type":"inclusion","proximity":4408,"opportunity":12066.1,"population":390}},{"type":"Feature","id":453,"geometry":{"type":"Polygon","coordinates":[[[-122.3696,47.7137],[-122.37136,47.71355],[-122.37222,47.71436],[-122.37143,47.71538],[-122.36967,47.71554],[-122.36881,47.71473],[-122.3696,47.7137]]]},"properties":{"zone":3,"cell_type":"total isolation","proximity":1264.2,"opportunity":52.8,"population":73}},{"type":"Feature","id":454,"geometry":{"type":"Polygon","coordinates":[[[-122.36532,47.70704],[-122.36687,47.7069],[-122.3676,47.70759],[-122.3669,47.70849],[-122.36535,47.70863],[-122.36462,47.70794],[-122.36532,47.70704]]]},"properties":{"zone":3,"cell_type":"total isolation","proximity":1990.5,"opportunity":5237.1,"population":48}},{"type":"Feature","id":455,"geometry":{"type":"Polygon","coordinates":[[[-122.28507,47.51193],[-122.28607,47.51184],[-122.28645,47.5122],[-122.28601,47.51277],[-122.28501,47.51286],[-122.28463,47.5125],[-122.28507,47.51193]]]},"properties":{"zone":3,"cell_type":"total isolation","proximity":444.3,"opportunity":14,"population":15}},{"type":"Feature","id":456,"geometry":{"type":"Polygon","coordinates":[[[-122.33553,47.62064],[-122.33716,47.6205],[-122.33795,47.62124],[-122.33721,47.6222],[-122.33558,47.62234],[-122.33479,47.6216],[-122.33553,47.62064]]]},"properties":{"zone":0,"cell_type":"inclusion","proximity":5728.1,"opportunity":11917.9,"population":57}},{"type":"Feature","id":457,"geometry":{"type":"Polygon","coordinates":[[[-122.32976,47.58597],[-122.3302,47.58593],[-122.33024,47.58596],[-122.33006,47.58619],[-122.32961,47.58623],[-122.32958,47.5862],[-122.32976,47.58597]]]},"properties":{"zone":0,"cell_type":"inclusion","proximity":3312.7,"opportunity":10831.8,"population":5}},{"type":"Feature","id":458,"geometry":{"type":"Polygon","coordinates":[[[-122.33942,47.55507],[-122.33942,47.55507],[-122.33936,47.55508],[-122.33936,47.55508],[-122.33942,47.55507]]]},"properties":{"zone":3,"cell_type":"total isolation","proximity":1390.1,"opportunity":4600.9,"population":1}},{"type":"Feature","id":459,"geometry":{"type":"Polygon","coordinates":[[[-122.3794,47.63256],[-122.38104,47.63242],[-122.38183,47.63316],[-122.38109,47.63412],[-122.37945,47.63427],[-122.37866,47.63352],[-122.3794,47.63256]]]},"properties":{"zone":0,"cell_type":"inclusion","proximity":3056.2,"opportunity":9469.4,"population":58}},{"type":"Feature","id":460,"geometry":{"type":"Polygon","coordinates":[[[-122.39373,47.6752],[-122.39632,47.67497],[-122.39772,47.67628],[-122.39652,47.67782],[-122.39393,47.67805],[-122.39253,47.67674],[-122.39373,47.6752]]]},"properties":{"zone":3,"cell_type":"total isolation","proximity":2445.9,"opportunity":6304.2,"population":435}},{"type":"Feature","id":461,"geometry":{"type":"Polygon","coordinates":[[[-122.26525,47.51988],[-122.26783,47.51965],[-122.26923,47.52097],[-122.26804,47.52251],[-122.26545,47.52274],[-122.26405,47.52142],[-122.26525,47.51988]]]},"properties":{"zone":3,"cell_type":"total isolation","proximity":688.5,"opportunity":4958.1,"population":767}},{"type":"Feature","id":462,"geometry":{"type":"Polygon","coordinates":[[[-122.26515,47.68224],[-122.26768,47.68202],[-122.26904,47.6833],[-122.26788,47.6848],[-122.26534,47.68502],[-122.26398,47.68375],[-122.26515,47.68224]]]},"properties":{"zone":3,"cell_type":"total isolation","proximity":1725.4,"opportunity":7620.2,"population":371}},{"type":"Feature","id":463,"geometry":{"type":"Polygon","coordinates":[[[-122.29459,47.63801],[-122.29459,47.63801],[-122.29452,47.63802],[-122.29452,47.63802],[-122.29459,47.63801]]]},"properties":{"zone":1,"cell_type":"spatial isolation","proximity":3100.3,"opportunity":5787.2,"population":3}},{"type":"Feature","id":464,"geometry":{"type":"Polygon","coordinates":[[[-122.26627,47.68863],[-122.26758,47.68852],[-122.26817,47.68906],[-122.26758,47.68982],[-122.26626,47.68994],[-122.26568,47.68939],[-122.26627,47.68863]]]},"properties":{"zone":3,"cell_type":"total isolation","proximity":1536.5,"opportunity":5978.6,"population":29}},{"type":"Feature","id":465,"geometry":{"type":"Polygon","coordinates":[[[-122.32314,47.67282],[-122.32573,47.67259],[-122.32713,47.6739],[-122.32594,47.67544],[-122.32335,47.67567],[-122.32195,47.67436],[-122.32314,47.67282]]]},"properties":{"zone":0,"cell_type":"inclusion","proximity":4311.6,"opportunity":10499.4,"population":438}},{"type":"Feature","id":466,"geometry":{"type":"Polygon","coordinates":[[[-122.29005,47.5912],[-122.29234,47.591],[-122.29355,47.59213],[-122.2925,47.59349],[-122.2902,47.5937],[-122.28899,47.59256],[-122.29005,47.5912]]]},"properties":{"zone":3,"cell_type":"total isolation","proximity":2591.9,"opportunity":7468.8,"population":228}},{"type":"Feature","id":467,"geometry":{"type":"Polygon","coordinates":[[[-122.29176,47.66733],[-122.29376,47.66715],[-122.29478,47.66811],[-122.29387,47.66929],[-122.29187,47.66946],[-122.29085,47.66851],[-122.29176,47.66733]]]},"properties":{"zone":0,"cell_type":"inclusion","proximity":3389,"opportunity":8081.8,"population":122}},{"type":"Feature","id":468,"geometry":{"type":"Polygon","coordinates":[[[-122.26709,47.54295],[-122.26931,47.54276],[-122.27047,47.54385],[-122.26945,47.54516],[-122.26724,47.54536],[-122.26608,47.54426],[-122.26709,47.54295]]]},"properties":{"zone":3,"cell_type":"total isolation","proximity":1088.8,"opportunity":4871.5,"population":193}},{"type":"Feature","id":469,"geometry":{"type":"Polygon","coordinates":[[[-122.26811,47.66641],[-122.27031,47.66622],[-122.27145,47.66729],[-122.27045,47.66859],[-122.26825,47.66878],[-122.26711,47.6677],[-122.26811,47.66641]]]},"properties":{"zone":3,"cell_type":"total isolation","proximity":1908.2,"opportunity":6540.3,"population":183}},{"type":"Feature","id":470,"geometry":{"type":"Polygon","coordinates":[[[-122.33057,47.61331],[-122.33316,47.61309],[-122.33456,47.6144],[-122.33337,47.61594],[-122.33078,47.61617],[-122.32938,47.61485],[-122.33057,47.61331]]]},"properties":{"zone":0,"cell_type":"inclusion","proximity":6051.6,"opportunity":13010.9,"population":422}},{"type":"Feature","id":471,"geometry":{"type":"Polygon","coordinates":[[[-122.25975,47.49603],[-122.26213,47.49582],[-122.2634,47.49702],[-122.26231,47.49843],[-122.25992,47.49864],[-122.25866,47.49745],[-122.25975,47.49603]]]},"properties":{"zone":3,"cell_type":"total isolation","proximity":259.5,"opportunity":3347.4,"population":274}},{"type":"Feature","id":472,"geometry":{"type":"Polygon","coordinates":[[[-122.35298,47.70609],[-122.3555,47.70587],[-122.35686,47.70714],[-122.3557,47.70864],[-122.35317,47.70887],[-122.35181,47.70759],[-122.35298,47.70609]]]},"properties":{"zone":3,"cell_type":"total isolation","proximity":2615.5,"opportunity":7836.2,"population":367}},{"type":"Feature","id":473,"geometry":{"type":"Polygon","coordinates":[[[-122.421,47.65557],[-122.421,47.65557],[-122.42093,47.65557],[-122.42093,47.65557],[-122.421,47.65557]]]},"properties":{"zone":3,"cell_type":"total isolation","proximity":1234,"opportunity":2859,"population":2}},{"type":"Feature","id":474,"geometry":{"type":"Polygon","coordinates":[[[-122.32943,47.583],[-122.33008,47.58295],[-122.33024,47.5831],[-122.32997,47.58345],[-122.32932,47.58351],[-122.32916,47.58336],[-122.32943,47.583]]]},"properties":{"zone":0,"cell_type":"inclusion","proximity":3003.2,"opportunity":10874.6,"population":7}},{"type":"Feature","id":475,"geometry":{"type":"Polygon","coordinates":[[[-122.30661,47.71314],[-122.30897,47.71294],[-122.31022,47.71411],[-122.30914,47.71551],[-122.30678,47.71572],[-122.30552,47.71454],[-122.30661,47.71314]]]},"properties":{"zone":3,"cell_type":"total isolation","proximity":2281.3,"opportunity":7536.9,"population":260}},{"type":"Feature","id":476,"geometry":{"type":"Polygon","coordinates":[[[-122.31795,47.54024],[-122.31968,47.54008],[-122.32053,47.54088],[-122.31974,47.5419],[-122.31802,47.54205],[-122.31717,47.54125],[-122.31795,47.54024]]]},"properties":{"zone":3,"cell_type":"total isolation","proximity":1210.6,"opportunity":6347.6,"population":70}},{"type":"Feature","id":477,"geometry":{"type":"Polygon","coordinates":[[[-122.32972,47.65507],[-122.33224,47.65485],[-122.33359,47.65611],[-122.33243,47.65761],[-122.32992,47.65783],[-122.32857,47.65656],[-122.32972,47.65507]]]},"properties":{"zone":0,"cell_type":"inclusion","proximity":4491.6,"opportunity":9231.5,"population":358}},{"type":"Feature","id":478,"geometry":{"type":"Polygon","coordinates":[[[-122.29532,47.72116],[-122.29791,47.72094],[-122.29931,47.72225],[-122.29812,47.72379],[-122.29552,47.72401],[-122.29412,47.7227],[-122.29532,47.72116]]]},"properties":{"zone":3,"cell_type":"total isolation","proximity":1715.6,"opportunity":7223.4,"population":573}},{"type":"Feature","id":479,"geometry":{"type":"Polygon","coordinates":[[[-122.27511,47.70755],[-122.27706,47.70738],[-122.27805,47.70831],[-122.27716,47.70945],[-122.27521,47.70963],[-122.27422,47.7087],[-122.27511,47.70755]]]},"properties":{"zone":3,"cell_type":"total isolation","proximity":1240.6,"opportunity":4517,"population":110}},{"type":"Feature","id":480,"geometry":{"type":"Polygon","coordinates":[[[-122.27502,47.65427],[-122.2773,47.65407],[-122.27851,47.6552],[-122.27746,47.65655],[-122.27517,47.65675],[-122.27397,47.65562],[-122.27502,47.65427]]]},"properties":{"zone":3,"cell_type":"total isolation","proximity":2146.6,"opportunity":5787,"population":221}},{"type":"Feature","id":481,"geometry":{"type":"Polygon","coordinates":[[[-122.30582,47.64329],[-122.30756,47.64314],[-122.30841,47.64394],[-122.30763,47.64496],[-122.30589,47.64511],[-122.30504,47.64431],[-122.30582,47.64329]]]},"properties":{"zone":0,"cell_type":"inclusion","proximity":3908,"opportunity":10438.1,"population":71}},{"type":"Feature","id":482,"geometry":{"type":"Polygon","coordinates":[[[-122.33325,47.69825],[-122.33502,47.6981],[-122.3359,47.69892],[-122.3351,47.69996],[-122.33332,47.70012],[-122.33244,47.69929],[-122.33325,47.69825]]]},"properties":{"zone":0,"cell_type":"inclusion","proximity":3172,"opportunity":9535,"population":76}},{"type":"Feature","id":483,"geometry":{"type":"Polygon","coordinates":[[[-122.29962,47.56026],[-122.30179,47.56007],[-122.30292,47.56113],[-122.30193,47.56242],[-122.29975,47.56261],[-122.29862,47.56154],[-122.29962,47.56026]]]},"properties":{"zone":3,"cell_type":"total isolation","proximity":1733,"opportunity":6439.5,"population":176}},{"type":"Feature","id":484,"geometry":{"type":"Polygon","coordinates":[[[-122.29949,47.61604],[-122.30208,47.61582],[-122.30348,47.61713],[-122.30229,47.61867],[-122.29969,47.6189],[-122.2983,47.61758],[-122.29949,47.61604]]]},"properties":{"zone":0,"cell_type":"inclusion","proximity":4269.3,"opportunity":9215.8,"population":549}},{"type":"Feature","id":485,"geometry":{"type":"Polygon","coordinates":[[[-122.36688,47.68193],[-122.36939,47.68171],[-122.37073,47.68297],[-122.36958,47.68445],[-122.36708,47.68467],[-122.36574,47.68342],[-122.36688,47.68193]]]},"properties":{"zone":0,"cell_type":"inclusion","proximity":3324.2,"opportunity":9029.2,"population":347}},{"type":"Feature","id":486,"geometry":{"type":"Polygon","coordinates":[[[-122.35595,47.63979],[-122.35854,47.63957],[-122.35994,47.64088],[-122.35875,47.64242],[-122.35616,47.64265],[-122.35476,47.64133],[-122.35595,47.63979]]]},"properties":{"zone":0,"cell_type":"inclusion","proximity":3948.8,"opportunity":9111.7,"population":438}},{"type":"Feature","id":487,"geometry":{"type":"Polygon","coordinates":[[[-122.26988,47.52958],[-122.2724,47.52936],[-122.27376,47.53064],[-122.2726,47.53214],[-122.27007,47.53236],[-122.26872,47.53108],[-122.26988,47.52958]]]},"properties":{"zone":3,"cell_type":"total isolation","proximity":887.9,"opportunity":4741.8,"population":365}},{"type":"Feature","id":488,"geometry":{"type":"Polygon","coordinates":[[[-122.30108,47.69202],[-122.30361,47.69179],[-122.30496,47.69307],[-122.3038,47.69456],[-122.30128,47.69478],[-122.29992,47.69351],[-122.30108,47.69202]]]},"properties":{"zone":0,"cell_type":"inclusion","proximity":3131,"opportunity":7968.9,"population":365}},{"type":"Feature","id":489,"geometry":{"type":"Polygon","coordinates":[[[-122.31036,47.65818],[-122.31292,47.65795],[-122.3143,47.65925],[-122.31312,47.66077],[-122.31056,47.66099],[-122.30918,47.6597],[-122.31036,47.65818]]]},"properties":{"zone":0,"cell_type":"inclusion","proximity":4832.4,"opportunity":13799.5,"population":395}},{"type":"Feature","id":490,"geometry":{"type":"Polygon","coordinates":[[[-122.27505,47.54778],[-122.27764,47.54755],[-122.27904,47.54887],[-122.27784,47.55041],[-122.27526,47.55064],[-122.27386,47.54932],[-122.27505,47.54778]]]},"properties":{"zone":3,"cell_type":"total isolation","proximity":1369.7,"opportunity":5781.1,"population":446}},{"type":"Feature","id":491,"geometry":{"type":"Polygon","coordinates":[[[-122.3402,47.63831],[-122.34279,47.63808],[-122.34419,47.6394],[-122.343,47.64094],[-122.34041,47.64116],[-122.33901,47.63985],[-122.3402,47.63831]]]},"properties":{"zone":0,"cell_type":"inclusion","proximity":4292.8,"opportunity":10474.4,"population":461}},{"type":"Feature","id":492,"geometry":{"type":"Polygon","coordinates":[[[-122.3635,47.73189],[-122.36452,47.7318],[-122.36492,47.73218],[-122.36447,47.73276],[-122.36345,47.73285],[-122.36305,47.73247],[-122.3635,47.73189]]]},"properties":{"zone":3,"cell_type":"total isolation","proximity":940.7,"opportunity":4017.6,"population":16}},{"type":"Feature","id":493,"geometry":{"type":"Polygon","coordinates":[[[-122.33737,47.5878],[-122.33844,47.5877],[-122.33886,47.5881],[-122.33839,47.58871],[-122.33733,47.5888],[-122.3369,47.5884],[-122.33737,47.5878]]]},"properties":{"zone":1,"cell_type":"spatial isolation","proximity":3239.9,"opportunity":7866.1,"population":17}},{"type":"Feature","id":494,"geometry":{"type":"Polygon","coordinates":[[[-122.3264,47.54553],[-122.32766,47.54542],[-122.32821,47.54594],[-122.32765,47.54667],[-122.32639,47.54678],[-122.32584,47.54626],[-122.3264,47.54553]]]},"properties":{"zone":3,"cell_type":"total isolation","proximity":1383.3,"opportunity":7113.5,"population":26}},{"type":"Feature","id":495,"geometry":{"type":"Polygon","coordinates":[[[-122.39483,47.63109],[-122.39665,47.63093],[-122.39756,47.63178],[-122.39673,47.63285],[-122.39491,47.63301],[-122.394,47.63216],[-122.39483,47.63109]]]},"properties":{"zone":3,"cell_type":"total isolation","proximity":1989.8,"opportunity":7498.6,"population":85}},{"type":"Feature","id":496,"geometry":{"type":"Polygon","coordinates":[[[-122.39329,47.66683],[-122.39555,47.66663],[-122.39675,47.66775],[-122.39571,47.66909],[-122.39344,47.66929],[-122.39225,47.66817],[-122.39329,47.66683]]]},"properties":{"zone":3,"cell_type":"total isolation","proximity":2776.9,"opportunity":7747.9,"population":213}},{"type":"Feature","id":497,"geometry":{"type":"Polygon","coordinates":[[[-122.29969,47.6189],[-122.30229,47.61867],[-122.30368,47.61998],[-122.30249,47.62152],[-122.2999,47.62175],[-122.2985,47.62044],[-122.29969,47.6189]]]},"properties":{"zone":0,"cell_type":"inclusion","proximity":4404.3,"opportunity":11115.3,"population":792}},{"type":"Feature","id":498,"geometry":{"type":"Polygon","coordinates":[[[-122.31132,47.5446],[-122.31132,47.5446],[-122.31126,47.54461],[-122.31126,47.54461],[-122.31132,47.5446]]]},"properties":{"zone":3,"cell_type":"total isolation","proximity":1264.7,"opportunity":6306.1,"population":1}},{"type":"Feature","id":499,"geometry":{"type":"Polygon","coordinates":[[[-122.29263,47.68143],[-122.2949,47.68124],[-122.2961,47.68236],[-122.29506,47.6837],[-122.29278,47.6839],[-122.29159,47.68278],[-122.29263,47.68143]]]},"properties":{"zone":2,"cell_type":"social isolation","proximity":2814.8,"opportunity":8773.9,"population":215}},{"type":"Feature","id":500,"geometry":{"type":"Polygon","coordinates":[[[-122.34942,47.65759],[-122.35201,47.65736],[-122.35341,47.65868],[-122.35222,47.66022],[-122.34963,47.66044],[-122.34823,47.65913],[-122.34942,47.65759]]]},"properties":{"zone":0,"cell_type":"inclusion","proximity":4507.7,"opportunity":10626.9,"population":734}},{"type":"Feature","id":501,"geometry":{"type":"Polygon","coordinates":[[[-122.28107,47.62801],[-122.28316,47.62783],[-122.28424,47.62885],[-122.28328,47.63008],[-122.28119,47.63026],[-122.28011,47.62925],[-122.28107,47.62801]]]},"properties":{"zone":3,"cell_type":"total isolation","proximity":2537.9,"opportunity":4951.5,"population":149}},{"type":"Feature","id":502,"geometry":{"type":"Polygon","coordinates":[[[-122.34321,47.72088],[-122.34408,47.7208],[-122.34438,47.72108],[-122.344,47.72157],[-122.34313,47.72164],[-122.34283,47.72136],[-122.34321,47.72088]]]},"properties":{"zone":3,"cell_type":"total isolation","proximity":1958.6,"opportunity":7559.9,"population":12}},{"type":"Feature","id":503,"geometry":{"type":"Polygon","coordinates":[[[-122.25897,47.68705],[-122.25897,47.68705],[-122.2589,47.68706],[-122.2589,47.68706],[-122.25897,47.68705]]]},"properties":{"zone":3,"cell_type":"total isolation","proximity":1492,"opportunity":7037.2,"population":0}},{"type":"Feature","id":504,"geometry":{"type":"Polygon","coordinates":[[[-122.30602,47.59026],[-122.30757,47.59012],[-122.3083,47.59081],[-122.3076,47.59171],[-122.30606,47.59185],[-122.30532,47.59116],[-122.30602,47.59026]]]},"properties":{"zone":0,"cell_type":"inclusion","proximity":3561.3,"opportunity":9348.3,"population":47}},{"type":"Feature","id":505,"geometry":{"type":"Polygon","coordinates":[[[-122.40746,47.64824],[-122.40992,47.64802],[-122.41124,47.64925],[-122.41011,47.65071],[-122.40765,47.65093],[-122.40633,47.6497],[-122.40746,47.64824]]]},"properties":{"zone":3,"cell_type":"total isolation","proximity":1649.5,"opportunity":2968,"population":321}},{"type":"Feature","id":506,"geometry":{"type":"Polygon","coordinates":[[[-122.29947,47.66923],[-122.30195,47.66901],[-122.30327,47.67026],[-122.30213,47.67173],[-122.29965,47.67194],[-122.29833,47.6707],[-122.29947,47.66923]]]},"properties":{"zone":0,"cell_type":"inclusion","proximity":3847.7,"opportunity":8564.7,"population":332}},{"type":"Feature","id":507,"geometry":{"type":"Polygon","coordinates":[[[-122.37594,47.64261],[-122.37809,47.64242],[-122.37921,47.64346],[-122.37823,47.64473],[-122.37608,47.64492],[-122.37496,47.64388],[-122.37594,47.64261]]]},"properties":{"zone":0,"cell_type":"inclusion","proximity":3172.9,"opportunity":9145.1,"population":167}},{"type":"Feature","id":508,"geometry":{"type":"Polygon","coordinates":[[[-122.26427,47.66812],[-122.26656,47.66793],[-122.26776,47.66905],[-122.26671,47.6704],[-122.26443,47.6706],[-122.26323,47.66948],[-122.26427,47.66812]]]},"properties":{"zone":3,"cell_type":"total isolation","proximity":1805.7,"opportunity":6484,"population":220}},{"type":"Feature","id":509,"geometry":{"type":"Polygon","coordinates":[[[-122.3671,47.62634],[-122.36896,47.62617],[-122.36989,47.62705],[-122.36904,47.62814],[-122.36718,47.62831],[-122.36625,47.62743],[-122.3671,47.62634]]]},"properties":{"zone":0,"cell_type":"inclusion","proximity":3723.8,"opportunity":9511.6,"population":91}},{"type":"Feature","id":510,"geometry":{"type":"Polygon","coordinates":[[[-122.36863,47.70481],[-122.37099,47.7046],[-122.37224,47.70578],[-122.37116,47.70718],[-122.3688,47.70739],[-122.36754,47.70621],[-122.36863,47.70481]]]},"properties":{"zone":3,"cell_type":"total isolation","proximity":2013.6,"opportunity":5245.1,"population":261}},{"type":"Feature","id":511,"geometry":{"type":"Polygon","coordinates":[[[-122.31643,47.57342],[-122.31817,47.57326],[-122.31903,47.57407],[-122.31824,47.5751],[-122.31649,47.57525],[-122.31563,47.57444],[-122.31643,47.57342]]]},"properties":{"zone":3,"cell_type":"total isolation","proximity":2453.9,"opportunity":7355.6,"population":72}},{"type":"Feature","id":512,"geometry":{"type":"Polygon","coordinates":[[[-122.25954,47.5465],[-122.26174,47.54631],[-122.26288,47.54739],[-122.26188,47.54869],[-122.25968,47.54888],[-122.25854,47.5478],[-122.25954,47.5465]]]},"properties":{"zone":3,"cell_type":"total isolation","proximity":921.2,"opportunity":4897,"population":185}},{"type":"Feature","id":513,"geometry":{"type":"Polygon","coordinates":[[[-122.29859,47.71094],[-122.30101,47.71073],[-122.3023,47.71194],[-122.30119,47.71338],[-122.29876,47.71359],[-122.29747,47.71238],[-122.29859,47.71094]]]},"properties":{"zone":2,"cell_type":"social isolation","proximity":2271.7,"opportunity":8346.2,"population":296}},{"type":"Feature","id":514,"geometry":{"type":"Polygon","coordinates":[[[-122.30751,47.72462],[-122.30974,47.72442],[-122.31091,47.72552],[-122.30989,47.72683],[-122.30765,47.72703],[-122.30648,47.72593],[-122.30751,47.72462]]]},"properties":{"zone":3,"cell_type":"total isolation","proximity":1638.7,"opportunity":6293.6,"population":198}},{"type":"Feature","id":515,"geometry":{"type":"Polygon","coordinates":[[[-122.29174,47.72313],[-122.29397,47.72294],[-122.29514,47.72403],[-122.29412,47.72535],[-122.29189,47.72554],[-122.29072,47.72445],[-122.29174,47.72313]]]},"properties":{"zone":3,"cell_type":"total isolation","proximity":1595.2,"opportunity":7249.9,"population":197}},{"type":"Feature","id":516,"geometry":{"type":"Polygon","coordinates":[[[-122.27429,47.6988],[-122.2766,47.6986],[-122.27781,47.69974],[-122.27675,47.7011],[-122.27445,47.7013],[-122.27323,47.70016],[-122.27429,47.6988]]]},"properties":{"zone":3,"cell_type":"total isolation","proximity":1552.6,"opportunity":5033.5,"population":231}},{"type":"Feature","id":517,"geometry":{"type":"Polygon","coordinates":[[[-122.29402,47.53634],[-122.29614,47.53615],[-122.29724,47.53719],[-122.29627,47.53845],[-122.29415,47.53863],[-122.29305,47.5376],[-122.29402,47.53634]]]},"properties":{"zone":3,"cell_type":"total isolation","proximity":1150.9,"opportunity":5512.8,"population":159}},{"type":"Feature","id":518,"geometry":{"type":"Polygon","coordinates":[[[-122.30036,47.57161],[-122.30267,47.5714],[-122.30388,47.57255],[-122.30283,47.57392],[-122.30052,47.57412],[-122.2993,47.57298],[-122.30036,47.57161]]]},"properties":{"zone":3,"cell_type":"total isolation","proximity":2240.2,"opportunity":7124.2,"population":234}},{"type":"Feature","id":519,"geometry":{"type":"Polygon","coordinates":[[[-122.28715,47.60711],[-122.28968,47.60689],[-122.29103,47.60816],[-122.28987,47.60967],[-122.28735,47.60989],[-122.28599,47.60861],[-122.28715,47.60711]]]},"properties":{"zone":0,"cell_type":"inclusion","proximity":2976.3,"opportunity":8015.3,"population":367}},{"type":"Feature","id":520,"geometry":{"type":"Polygon","coordinates":[[[-122.36417,47.6422],[-122.36634,47.64201],[-122.36747,47.64307],[-122.36648,47.64435],[-122.36431,47.64454],[-122.36318,47.64348],[-122.36417,47.6422]]]},"properties":{"zone":1,"cell_type":"spatial isolation","proximity":3384.6,"opportunity":7724.8,"population":175}},{"type":"Feature","id":521,"geometry":{"type":"Polygon","coordinates":[[[-122.30916,47.69427],[-122.31153,47.69406],[-122.31278,47.69524],[-122.3117,47.69664],[-122.30933,47.69685],[-122.30807,47.69567],[-122.30916,47.69427]]]},"properties":{"zone":1,"cell_type":"spatial isolation","proximity":3172.2,"opportunity":6769,"population":264}},{"type":"Feature","id":522,"geometry":{"type":"Polygon","coordinates":[[[-122.257,47.51211],[-122.25936,47.5119],[-122.26061,47.51308],[-122.25953,47.51448],[-122.25717,47.51469],[-122.25592,47.51351],[-122.257,47.51211]]]},"properties":{"zone":3,"cell_type":"total isolation","proximity":506.5,"opportunity":4140.9,"population":261}},{"type":"Feature","id":523,"geometry":{"type":"Polygon","coordinates":[[[-122.35022,47.7221],[-122.35276,47.72188],[-122.35413,47.72316],[-122.35296,47.72467],[-122.35042,47.72489],[-122.34905,47.72361],[-122.35022,47.7221]]]},"properties":{"zone":3,"cell_type":"total isolation","proximity":1836.4,"opportunity":7134,"population":382}},{"type":"Feature","id":524,"geometry":{"type":"Polygon","coordinates":[[[-122.32555,47.59796],[-122.32814,47.59773],[-122.32954,47.59904],[-122.32835,47.60058],[-122.32576,47.60081],[-122.32436,47.5995],[-122.32555,47.59796]]]},"properties":{"zone":0,"cell_type":"inclusion","proximity":4997.7,"opportunity":13433.9,"population":1299}},{"type":"Feature","id":525,"geometry":{"type":"Polygon","coordinates":[[[-122.3616,47.66369],[-122.36419,47.66347],[-122.36559,47.66478],[-122.36439,47.66632],[-122.3618,47.66655],[-122.3604,47.66523],[-122.3616,47.66369]]]},"properties":{"zone":0,"cell_type":"inclusion","proximity":4058.3,"opportunity":9909.5,"population":546}},{"type":"Feature","id":526,"geometry":{"type":"Polygon","coordinates":[[[-122.38932,47.66842],[-122.39191,47.66819],[-122.39331,47.6695],[-122.39212,47.67104],[-122.38953,47.67127],[-122.38813,47.66996],[-122.38932,47.66842]]]},"properties":{"zone":0,"cell_type":"inclusion","proximity":3011.2,"opportunity":8384.4,"population":637}},{"type":"Feature","id":527,"geometry":{"type":"Polygon","coordinates":[[[-122.30213,47.54131],[-122.30437,47.54111],[-122.30554,47.54222],[-122.30451,47.54355],[-122.30228,47.54374],[-122.3011,47.54264],[-122.30213,47.54131]]]},"properties":{"zone":3,"cell_type":"total isolation","proximity":1271.7,"opportunity":5435.3,"population":203}},{"type":"Feature","id":528,"geometry":{"type":"Polygon","coordinates":[[[-122.29591,47.62066],[-122.2985,47.62044],[-122.2999,47.62175],[-122.29871,47.62329],[-122.29612,47.62352],[-122.29472,47.62221],[-122.29591,47.62066]]]},"properties":{"zone":0,"cell_type":"inclusion","proximity":4014.8,"opportunity":10216.4,"population":481}},{"type":"Feature","id":529,"geometry":{"type":"Polygon","coordinates":[[[-122.30169,47.5915],[-122.30418,47.59128],[-122.3055,47.59253],[-122.30436,47.59401],[-122.30188,47.59422],[-122.30055,47.59297],[-122.30169,47.5915]]]},"properties":{"zone":0,"cell_type":"inclusion","proximity":3387.3,"opportunity":8873,"population":336}},{"type":"Feature","id":530,"geometry":{"type":"Polygon","coordinates":[[[-122.28867,47.68304],[-122.29124,47.68281],[-122.29262,47.68411],[-122.29144,47.68563],[-122.28887,47.68585],[-122.2875,47.68456],[-122.28867,47.68304]]]},"properties":{"zone":3,"cell_type":"total isolation","proximity":2708.7,"opportunity":7482,"population":394}},{"type":"Feature","id":531,"geometry":{"type":"Polygon","coordinates":[[[-122.34652,47.61765],[-122.34911,47.61743],[-122.35051,47.61874],[-122.34932,47.62028],[-122.34673,47.62051],[-122.34533,47.61919],[-122.34652,47.61765]]]},"properties":{"zone":0,"cell_type":"inclusion","proximity":5456.2,"opportunity":12976.8,"population":803}},{"type":"Feature","id":532,"geometry":{"type":"Polygon","coordinates":[[[-122.34158,47.71136],[-122.34418,47.71113],[-122.34558,47.71244],[-122.34438,47.71398],[-122.34179,47.71421],[-122.34039,47.7129],[-122.34158,47.71136]]]},"properties":{"zone":2,"cell_type":"social isolation","proximity":2425.9,"opportunity":8423.2,"population":488}},{"type":"Feature","id":533,"geometry":{"type":"Polygon","coordinates":[[[-122.3401,47.68077],[-122.34133,47.68066],[-122.34186,47.68116],[-122.34131,47.68186],[-122.34009,47.68197],[-122.33956,47.68148],[-122.3401,47.68077]]]},"properties":{"zone":0,"cell_type":"inclusion","proximity":3826,"opportunity":8536.8,"population":24}},{"type":"Feature","id":534,"geometry":{"type":"Polygon","coordinates":[[[-122.31379,47.59223],[-122.31569,47.59206],[-122.31665,47.59296],[-122.31578,47.59409],[-122.31388,47.59425],[-122.31292,47.59335],[-122.31379,47.59223]]]},"properties":{"zone":0,"cell_type":"inclusion","proximity":3868.8,"opportunity":9396,"population":100}},{"type":"Feature","id":535,"geometry":{"type":"Polygon","coordinates":[[[-122.32218,47.60543],[-122.32477,47.60521],[-122.32617,47.60652],[-122.32498,47.60806],[-122.32239,47.60829],[-122.32099,47.60698],[-122.32218,47.60543]]]},"properties":{"zone":0,"cell_type":"inclusion","proximity":5595.5,"opportunity":11621.9,"population":493}},{"type":"Feature","id":536,"geometry":{"type":"Polygon","coordinates":[[[-122.31495,47.6678],[-122.31754,47.66757],[-122.31894,47.66889],[-122.31775,47.67042],[-122.31516,47.67065],[-122.31376,47.66934],[-122.31495,47.6678]]]},"properties":{"zone":0,"cell_type":"inclusion","proximity":4599.7,"opportunity":11037.7,"population":681}},{"type":"Feature","id":537,"geometry":{"type":"Polygon","coordinates":[[[-122.38366,47.64452],[-122.38625,47.64429],[-122.38765,47.64561],[-122.38646,47.64715],[-122.38387,47.64738],[-122.38247,47.64606],[-122.38366,47.64452]]]},"properties":{"zone":3,"cell_type":"total isolation","proximity":2674.1,"opportunity":6487.5,"population":428}},{"type":"Feature","id":538,"geometry":{"type":"Polygon","coordinates":[[[-122.32129,47.64715],[-122.32388,47.64692],[-122.32527,47.64824],[-122.32408,47.64978],[-122.32149,47.65],[-122.32009,47.64869],[-122.32129,47.64715]]]},"properties":{"zone":0,"cell_type":"inclusion","proximity":4414.8,"opportunity":8937.8,"population":455}},{"type":"Feature","id":539,"geometry":{"type":"Polygon","coordinates":[[[-122.37697,47.70732],[-122.37871,47.70717],[-122.37957,47.70797],[-122.37878,47.70899],[-122.37704,47.70915],[-122.37618,47.70834],[-122.37697,47.70732]]]},"properties":{"zone":3,"cell_type":"total isolation","proximity":1750.2,"opportunity":145,"population":72}},{"type":"Feature","id":540,"geometry":{"type":"Polygon","coordinates":[[[-122.25619,47.54868],[-122.25765,47.54856],[-122.25832,47.54919],[-122.25767,47.55004],[-122.25621,47.55016],[-122.25554,47.54953],[-122.25619,47.54868]]]},"properties":{"zone":3,"cell_type":"total isolation","proximity":884.2,"opportunity":4889.4,"population":39}},{"type":"Feature","id":541,"geometry":{"type":"Polygon","coordinates":[[[-122.32802,47.68007],[-122.32979,47.67991],[-122.33067,47.68073],[-122.32986,47.68177],[-122.32809,47.68193],[-122.32722,47.68111],[-122.32802,47.68007]]]},"properties":{"zone":0,"cell_type":"inclusion","proximity":4256.2,"opportunity":10046.2,"population":76}},{"type":"Feature","id":542,"geometry":{"type":"Polygon","coordinates":[[[-122.31422,47.70965],[-122.31652,47.70945],[-122.31772,47.71058],[-122.31667,47.71194],[-122.31438,47.71214],[-122.31317,47.71101],[-122.31422,47.70965]]]},"properties":{"zone":2,"cell_type":"social isolation","proximity":2602.9,"opportunity":7932.3,"population":224}},{"type":"Feature","id":543,"geometry":{"type":"Polygon","coordinates":[[[-122.31556,47.72684],[-122.31768,47.72666],[-122.31878,47.72769],[-122.31781,47.72894],[-122.31569,47.72912],[-122.31459,47.7281],[-122.31556,47.72684]]]},"properties":{"zone":3,"cell_type":"total isolation","proximity":1589.1,"opportunity":6193.8,"population":157}},{"type":"Feature","id":544,"geometry":{"type":"Polygon","coordinates":[[[-122.2884,47.6216],[-122.29054,47.62142],[-122.29165,47.62246],[-122.29067,47.62372],[-122.28853,47.6239],[-122.28743,47.62286],[-122.2884,47.6216]]]},"properties":{"zone":1,"cell_type":"spatial isolation","proximity":3369.1,"opportunity":7559.3,"population":162}},{"type":"Feature","id":545,"geometry":{"type":"Polygon","coordinates":[[[-122.3828,47.68621],[-122.38539,47.68598],[-122.38679,47.68729],[-122.38559,47.68883],[-122.383,47.68906],[-122.3816,47.68775],[-122.3828,47.68621]]]},"properties":{"zone":3,"cell_type":"total isolation","proximity":2628.7,"opportunity":7506.1,"population":427}},{"type":"Feature","id":546,"geometry":{"type":"Polygon","coordinates":[[[-122.2838,47.72101],[-122.28595,47.72082],[-122.28707,47.72187],[-122.28609,47.72314],[-122.28393,47.72333],[-122.28281,47.72228],[-122.2838,47.72101]]]},"properties":{"zone":3,"cell_type":"total isolation","proximity":1352.1,"opportunity":6291.8,"population":169}},{"type":"Feature","id":547,"geometry":{"type":"Polygon","coordinates":[[[-122.2814,47.52711],[-122.28396,47.52689],[-122.28534,47.52819],[-122.28416,47.52971],[-122.2816,47.52994],[-122.28022,47.52864],[-122.2814,47.52711]]]},"properties":{"zone":3,"cell_type":"total isolation","proximity":887.1,"opportunity":4743.3,"population":396}},{"type":"Feature","id":548,"geometry":{"type":"Polygon","coordinates":[[[-122.35844,47.67402],[-122.36102,47.6738],[-122.36241,47.6751],[-122.36123,47.67663],[-122.35865,47.67686],[-122.35726,47.67556],[-122.35844,47.67402]]]},"properties":{"zone":0,"cell_type":"inclusion","proximity":3773.8,"opportunity":8458.8,"population":409}},{"type":"Feature","id":549,"geometry":{"type":"Polygon","coordinates":[[[-122.3211,47.69749],[-122.32353,47.69727],[-122.32482,47.69849],[-122.32371,47.69993],[-122.32128,47.70014],[-122.31998,47.69893],[-122.3211,47.69749]]]},"properties":{"zone":0,"cell_type":"inclusion","proximity":3038.2,"opportunity":8864.7,"population":299}},{"type":"Feature","id":550,"geometry":{"type":"Polygon","coordinates":[[[-122.29669,47.57348],[-122.29881,47.57329],[-122.29991,47.57433],[-122.29894,47.57558],[-122.29681,47.57577],[-122.29571,47.57473],[-122.29669,47.57348]]]},"properties":{"zone":3,"cell_type":"total isolation","proximity":2198.8,"opportunity":7742.2,"population":158}},{"type":"Feature","id":551,"geometry":{"type":"Polygon","coordinates":[[[-122.29511,47.60927],[-122.29767,47.60904],[-122.29904,47.61034],[-122.29787,47.61185],[-122.29531,47.61208],[-122.29394,47.61079],[-122.29511,47.60927]]]},"properties":{"zone":0,"cell_type":"inclusion","proximity":3676.9,"opportunity":8457.4,"population":389}},{"type":"Feature","id":552,"geometry":{"type":"Polygon","coordinates":[[[-122.29691,47.68545],[-122.29904,47.68527],[-122.30014,47.6863],[-122.29917,47.68755],[-122.29704,47.68774],[-122.29594,47.68671],[-122.29691,47.68545]]]},"properties":{"zone":1,"cell_type":"spatial isolation","proximity":3064.2,"opportunity":7769.5,"population":158}},{"type":"Feature","id":553,"geometry":{"type":"Polygon","coordinates":[[[-122.26493,47.51425],[-122.26736,47.51404],[-122.26865,47.51526],[-122.26753,47.5167],[-122.26511,47.51691],[-122.26382,47.51569],[-122.26493,47.51425]]]},"properties":{"zone":3,"cell_type":"total isolation","proximity":605.4,"opportunity":4279.7,"population":298}},{"type":"Feature","id":554,"geometry":{"type":"Polygon","coordinates":[[[-122.3583,47.72435],[-122.36068,47.72414],[-122.36195,47.72533],[-122.36085,47.72674],[-122.35847,47.72695],[-122.35721,47.72576],[-122.3583,47.72435]]]},"properties":{"zone":3,"cell_type":"total isolation","proximity":1476.5,"opportunity":4577.5,"population":271}},{"type":"Feature","id":555,"geometry":{"type":"Polygon","coordinates":[[[-122.32393,47.55919],[-122.32436,47.55916],[-122.32438,47.55918],[-122.32421,47.55939],[-122.32378,47.55943],[-122.32376,47.55941],[-122.32393,47.55919]]]},"properties":{"zone":3,"cell_type":"total isolation","proximity":1667.5,"opportunity":6204.5,"population":5}},{"type":"Feature","id":556,"geometry":{"type":"Polygon","coordinates":[[[-122.29111,47.55225],[-122.2935,47.55204],[-122.29477,47.55323],[-122.29367,47.55465],[-122.29128,47.55486],[-122.29001,47.55367],[-122.29111,47.55225]]]},"properties":{"zone":3,"cell_type":"total isolation","proximity":1633.7,"opportunity":6706.5,"population":277}},{"type":"Feature","id":557,"geometry":{"type":"Polygon","coordinates":[[[-122.33881,47.72206],[-122.34073,47.72189],[-122.3417,47.72279],[-122.34082,47.72392],[-122.33891,47.72409],[-122.33794,47.72318],[-122.33881,47.72206]]]},"properties":{"zone":3,"cell_type":"total isolation","proximity":1938.5,"opportunity":7192.9,"population":103}},{"type":"Feature","id":558,"geometry":{"type":"Polygon","coordinates":[[[-122.31586,47.6261],[-122.31844,47.62588],[-122.31983,47.62718],[-122.31864,47.62871],[-122.31607,47.62894],[-122.31468,47.62763],[-122.31586,47.6261]]]},"properties":{"zone":0,"cell_type":"inclusion","proximity":4706.1,"opportunity":9809.2,"population":406}},{"type":"Feature","id":559,"geometry":{"type":"Polygon","coordinates":[[[-122.30011,47.62461],[-122.3027,47.62438],[-122.30409,47.62569],[-122.3029,47.62723],[-122.30031,47.62746],[-122.29891,47.62615],[-122.30011,47.62461]]]},"properties":{"zone":0,"cell_type":"inclusion","proximity":4074.5,"opportunity":9215.5,"population":442}},{"type":"Feature","id":560,"geometry":{"type":"Polygon","coordinates":[[[-122.28077,47.68094],[-122.2832,47.68073],[-122.28449,47.68194],[-122.28338,47.68338],[-122.28095,47.6836],[-122.27965,47.68238],[-122.28077,47.68094]]]},"properties":{"zone":3,"cell_type":"total isolation","proximity":2332.3,"opportunity":6817.7,"population":298}},{"type":"Feature","id":561,"geometry":{"type":"Polygon","coordinates":[[[-122.33802,47.71334],[-122.34023,47.71315],[-122.34138,47.71423],[-122.34037,47.71553],[-122.33817,47.71573],[-122.33701,47.71465],[-122.33802,47.71334]]]},"properties":{"zone":3,"cell_type":"total isolation","proximity":2243.7,"opportunity":7560.8,"population":188}},{"type":"Feature","id":562,"geometry":{"type":"Polygon","coordinates":[[[-122.33946,47.6722],[-122.34073,47.67209],[-122.34128,47.6726],[-122.34071,47.67333],[-122.33945,47.67344],[-122.3389,47.67293],[-122.33946,47.6722]]]},"properties":{"zone":0,"cell_type":"inclusion","proximity":4175.9,"opportunity":8138.1,"population":26}},{"type":"Feature","id":563,"geometry":{"type":"Polygon","coordinates":[[[-122.30134,47.58318],[-122.30337,47.58301],[-122.30442,47.58399],[-122.30349,47.58519],[-122.30145,47.58537],[-122.30041,47.58438],[-122.30134,47.58318]]]},"properties":{"zone":0,"cell_type":"inclusion","proximity":2965.5,"opportunity":9504.2,"population":132}},{"type":"Feature","id":564,"geometry":{"type":"Polygon","coordinates":[[[-122.28249,47.54146],[-122.28494,47.54124],[-122.28625,47.54248],[-122.28512,47.54394],[-122.28267,47.54416],[-122.28136,47.54292],[-122.28249,47.54146]]]},"properties":{"zone":3,"cell_type":"total isolation","proximity":1345.6,"opportunity":6739.9,"population":318}},{"type":"Feature","id":565,"geometry":{"type":"Polygon","coordinates":[[[-122.3996,47.64353],[-122.40151,47.64336],[-122.40247,47.64426],[-122.4016,47.64539],[-122.3997,47.64555],[-122.39874,47.64465],[-122.3996,47.64353]]]},"properties":{"zone":3,"cell_type":"total isolation","proximity":1993.5,"opportunity":5347,"population":100}},{"type":"Feature","id":566,"geometry":{"type":"Polygon","coordinates":[[[-122.32964,47.64968],[-122.33159,47.64951],[-122.33258,47.65044],[-122.33169,47.65159],[-122.32974,47.65176],[-122.32875,47.65083],[-122.32964,47.64968]]]},"properties":{"zone":1,"cell_type":"spatial isolation","proximity":4081.6,"opportunity":7858.2,"population":110}},{"type":"Feature","id":567,"geometry":{"type":"Polygon","coordinates":[[[-122.36411,47.69793],[-122.36666,47.6977],[-122.36803,47.69899],[-122.36686,47.7005],[-122.36431,47.70073],[-122.36294,47.69944],[-122.36411,47.69793]]]},"properties":{"zone":3,"cell_type":"total isolation","proximity":2658.1,"opportunity":7683,"population":386}},{"type":"Feature","id":568,"geometry":{"type":"Polygon","coordinates":[[[-122.3332,47.58122],[-122.33387,47.58117],[-122.33404,47.58133],[-122.33376,47.58169],[-122.33309,47.58175],[-122.33292,47.58159],[-122.3332,47.58122]]]},"properties":{"zone":2,"cell_type":"social isolation","proximity":2790.8,"opportunity":8691.7,"population":8}},{"type":"Feature","id":569,"geometry":{"type":"Polygon","coordinates":[[[-122.32214,47.71175],[-122.32455,47.71154],[-122.32584,47.71274],[-122.32473,47.71417],[-122.32231,47.71438],[-122.32103,47.71318],[-122.32214,47.71175]]]},"properties":{"zone":2,"cell_type":"social isolation","proximity":2610.8,"opportunity":8867.6,"population":289}},{"type":"Feature","id":570,"geometry":{"type":"Polygon","coordinates":[[[-122.28466,47.62341],[-122.28673,47.62323],[-122.28779,47.62423],[-122.28684,47.62544],[-122.28478,47.62563],[-122.28372,47.62463],[-122.28466,47.62341]]]},"properties":{"zone":3,"cell_type":"total isolation","proximity":2758.5,"opportunity":6185.9,"population":140}},{"type":"Feature","id":571,"geometry":{"type":"Polygon","coordinates":[[[-122.39865,47.68513],[-122.40071,47.68495],[-122.40177,47.68594],[-122.40083,47.68716],[-122.39877,47.68734],[-122.39771,47.68635],[-122.39865,47.68513]]]},"properties":{"zone":3,"cell_type":"total isolation","proximity":1886.5,"opportunity":5626.2,"population":139}},{"type":"Feature","id":572,"geometry":{"type":"Polygon","coordinates":[[[-122.2982,47.64412],[-122.29968,47.64399],[-122.30036,47.64464],[-122.2997,47.64549],[-122.29822,47.64562],[-122.29754,47.64498],[-122.2982,47.64412]]]},"properties":{"zone":0,"cell_type":"inclusion","proximity":3459.2,"opportunity":9668,"population":41}},{"type":"Feature","id":573,"geometry":{"type":"Polygon","coordinates":[[[-122.291,47.70651],[-122.29238,47.70639],[-122.29301,47.70697],[-122.29239,47.70777],[-122.29101,47.70789],[-122.29039,47.70731],[-122.291,47.70651]]]},"properties":{"zone":3,"cell_type":"total isolation","proximity":2136.9,"opportunity":6911.7,"population":33}},{"type":"Feature","id":574,"geometry":{"type":"Polygon","coordinates":[[[-122.28963,47.52954],[-122.29174,47.52936],[-122.29284,47.53039],[-122.29187,47.53164],[-122.28976,47.53182],[-122.28867,47.53079],[-122.28963,47.52954]]]},"properties":{"zone":3,"cell_type":"total isolation","proximity":904.3,"opportunity":4920.4,"population":155}},{"type":"Feature","id":575,"geometry":{"type":"Polygon","coordinates":[[[-122.35465,47.67579],[-122.35724,47.67556],[-122.35864,47.67687],[-122.35745,47.67841],[-122.35486,47.67864],[-122.35346,47.67732],[-122.35465,47.67579]]]},"properties":{"zone":0,"cell_type":"inclusion","proximity":3831.4,"opportunity":9682.4,"population":575}},{"type":"Feature","id":576,"geometry":{"type":"Polygon","coordinates":[[[-122.27885,47.65255],[-122.28106,47.65235],[-122.28221,47.65343],[-122.2812,47.65474],[-122.27899,47.65493],[-122.27784,47.65385],[-122.27885,47.65255]]]},"properties":{"zone":3,"cell_type":"total isolation","proximity":2265.2,"opportunity":5757.7,"population":188}},{"type":"Feature","id":577,"geometry":{"type":"Polygon","coordinates":[[[-122.35557,47.63412],[-122.3581,47.6339],[-122.35947,47.63517],[-122.3583,47.63668],[-122.35576,47.63691],[-122.3544,47.63563],[-122.35557,47.63412]]]},"properties":{"zone":1,"cell_type":"spatial isolation","proximity":4103,"opportunity":7804.6,"population":375}},{"type":"Feature","id":578,"geometry":{"type":"Polygon","coordinates":[[[-122.34833,47.69643],[-122.35092,47.6962],[-122.35232,47.69751],[-122.35113,47.69905],[-122.34853,47.69928],[-122.34713,47.69797],[-122.34833,47.69643]]]},"properties":{"zone":0,"cell_type":"inclusion","proximity":3188.2,"opportunity":8811.9,"population":608}},{"type":"Feature","id":579,"geometry":{"type":"Polygon","coordinates":[[[-122.28844,47.57104],[-122.29103,47.57081],[-122.29243,47.57213],[-122.29123,47.57367],[-122.28865,47.5739],[-122.28725,47.57258],[-122.28844,47.57104]]]},"properties":{"zone":3,"cell_type":"total isolation","proximity":2011.5,"opportunity":6893,"population":444}},{"type":"Feature","id":580,"geometry":{"type":"Polygon","coordinates":[[[-122.31063,47.60789],[-122.31322,47.60766],[-122.31462,47.60897],[-122.31343,47.61051],[-122.31084,47.61074],[-122.30944,47.60943],[-122.31063,47.60789]]]},"properties":{"zone":0,"cell_type":"inclusion","proximity":4904.3,"opportunity":9418.6,"population":635}},{"type":"Feature","id":581,"geometry":{"type":"Polygon","coordinates":[[[-122.4057,47.67315],[-122.40757,47.67299],[-122.4085,47.67386],[-122.40765,47.67496],[-122.40579,47.67512],[-122.40486,47.67425],[-122.4057,47.67315]]]},"properties":{"zone":3,"cell_type":"total isolation","proximity":1872.1,"opportunity":4900.5,"population":92}},{"type":"Feature","id":582,"geometry":{"type":"Polygon","coordinates":[[[-122.26438,47.55906],[-122.26651,47.55887],[-122.26761,47.55991],[-122.26664,47.56117],[-122.26451,47.56135],[-122.26341,47.56031],[-122.26438,47.55906]]]},"properties":{"zone":3,"cell_type":"total isolation","proximity":1089.1,"opportunity":4872.6,"population":160}},{"type":"Feature","id":583,"geometry":{"type":"Polygon","coordinates":[[[-122.28079,47.51321],[-122.28265,47.51305],[-122.28358,47.51393],[-122.28274,47.51503],[-122.28087,47.51519],[-122.27994,47.51431],[-122.28079,47.51321]]]},"properties":{"zone":3,"cell_type":"total isolation","proximity":506.1,"opportunity":4090.9,"population":92}},{"type":"Feature","id":584,"geometry":{"type":"Polygon","coordinates":[[[-122.31435,47.59809],[-122.31599,47.59794],[-122.31678,47.59869],[-122.31604,47.59965],[-122.3144,47.59979],[-122.31361,47.59905],[-122.31435,47.59809]]]},"properties":{"zone":0,"cell_type":"inclusion","proximity":4613.8,"opportunity":11221.9,"population":58}},{"type":"Feature","id":585,"geometry":{"type":"Polygon","coordinates":[[[-122.24893,47.50716],[-122.25112,47.50697],[-122.25227,47.50805],[-122.25126,47.50935],[-122.24907,47.50954],[-122.24792,47.50846],[-122.24893,47.50716]]]},"properties":{"zone":3,"cell_type":"total isolation","proximity":360.3,"opportunity":2686.2,"population":185}},{"type":"Feature","id":586,"geometry":{"type":"Polygon","coordinates":[[[-122.29909,47.55443],[-122.30146,47.55422],[-122.30272,47.55541],[-122.30163,47.55682],[-122.29926,47.55703],[-122.298,47.55584],[-122.29909,47.55443]]]},"properties":{"zone":3,"cell_type":"total isolation","proximity":1687.5,"opportunity":6103.6,"population":268}},{"type":"Feature","id":587,"geometry":{"type":"Polygon","coordinates":[[[-122.30348,47.61713],[-122.30607,47.6169],[-122.30747,47.61822],[-122.30627,47.61976],[-122.30368,47.61998],[-122.30229,47.61867],[-122.30348,47.61713]]]},"properties":{"zone":0,"cell_type":"inclusion","proximity":4683.2,"opportunity":10859,"population":941}},{"type":"Feature","id":588,"geometry":{"type":"Polygon","coordinates":[[[-122.36572,47.65695],[-122.36702,47.65683],[-122.36759,47.65737],[-122.36701,47.65812],[-122.36571,47.65824],[-122.36513,47.6577],[-122.36572,47.65695]]]},"properties":{"zone":0,"cell_type":"inclusion","proximity":3710.8,"opportunity":9048,"population":28}},{"type":"Feature","id":589,"geometry":{"type":"Polygon","coordinates":[[[-122.33549,47.67379],[-122.33708,47.67365],[-122.33783,47.67436],[-122.33712,47.67528],[-122.33553,47.67542],[-122.33478,47.67471],[-122.33549,47.67379]]]},"properties":{"zone":0,"cell_type":"inclusion","proximity":4079.9,"opportunity":8371.1,"population":51}},{"type":"Feature","id":590,"geometry":{"type":"Polygon","coordinates":[[[-122.33834,47.61263],[-122.34093,47.6124],[-122.34233,47.61372],[-122.34114,47.61526],[-122.33855,47.61548],[-122.33715,47.61417],[-122.33834,47.61263]]]},"properties":{"zone":0,"cell_type":"inclusion","proximity":5880.7,"opportunity":14168,"population":544}},{"type":"Feature","id":591,"geometry":{"type":"Polygon","coordinates":[[[-122.30319,47.6674],[-122.30578,47.66717],[-122.30718,47.66848],[-122.30598,47.67002],[-122.30339,47.67025],[-122.30199,47.66894],[-122.30319,47.6674]]]},"properties":{"zone":0,"cell_type":"inclusion","proximity":4118.2,"opportunity":8918,"population":459}},{"type":"Feature","id":592,"geometry":{"type":"Polygon","coordinates":[[[-122.27725,47.68297],[-122.27922,47.6828],[-122.28022,47.68373],[-122.27932,47.68489],[-122.27735,47.68506],[-122.27635,47.68412],[-122.27725,47.68297]]]},"properties":{"zone":3,"cell_type":"total isolation","proximity":2166.3,"opportunity":6618,"population":114}},{"type":"Feature","id":593,"geometry":{"type":"Polygon","coordinates":[[[-122.30707,47.71889],[-122.30935,47.71869],[-122.31054,47.71981],[-122.3095,47.72116],[-122.30722,47.72136],[-122.30603,47.72024],[-122.30707,47.71889]]]},"properties":{"zone":3,"cell_type":"total isolation","proximity":1954.2,"opportunity":7261,"population":217}},{"type":"Feature","id":594,"geometry":{"type":"Polygon","coordinates":[[[-122.27872,47.54324],[-122.28115,47.54303],[-122.28245,47.54425],[-122.28133,47.5457],[-122.2789,47.54591],[-122.2776,47.54469],[-122.27872,47.54324]]]},"properties":{"zone":3,"cell_type":"total isolation","proximity":1305.1,"opportunity":5287.6,"population":304}},{"type":"Feature","id":595,"geometry":{"type":"Polygon","coordinates":[[[-122.25457,47.68026],[-122.25457,47.68026],[-122.2545,47.68027],[-122.2545,47.68027],[-122.25457,47.68026]]]},"properties":{"zone":3,"cell_type":"total isolation","proximity":1382.9,"opportunity":4748,"population":0}},{"type":"Feature","id":596,"geometry":{"type":"Polygon","coordinates":[[[-122.34481,47.64795],[-122.3474,47.64772],[-122.3488,47.64904],[-122.34761,47.65058],[-122.34502,47.65081],[-122.34362,47.64949],[-122.34481,47.64795]]]},"properties":{"zone":0,"cell_type":"inclusion","proximity":4524.3,"opportunity":11101.7,"population":438}},{"type":"Feature","id":597,"geometry":{"type":"Polygon","coordinates":[[[-122.3329,47.57289],[-122.3329,47.57289],[-122.33283,47.57289],[-122.33283,47.57289],[-122.3329,47.57289]]]},"properties":{"zone":3,"cell_type":"total isolation","proximity":2237.6,"opportunity":7700.5,"population":1}},{"type":"Feature","id":598,"geometry":{"type":"Polygon","coordinates":[[[-122.30994,47.70298],[-122.31203,47.7028],[-122.3131,47.70381],[-122.31215,47.70504],[-122.31006,47.70522],[-122.30898,47.70421],[-122.30994,47.70298]]]},"properties":{"zone":3,"cell_type":"total isolation","proximity":2755.5,"opportunity":7400.3,"population":146}},{"type":"Feature","id":599,"geometry":{"type":"Polygon","coordinates":[[[-122.33063,47.54147],[-122.33063,47.54147],[-122.33056,47.54147],[-122.33056,47.54147],[-122.33063,47.54147]]]},"properties":{"zone":3,"cell_type":"total isolation","proximity":1050.6,"opportunity":4601.8,"population":0}},{"type":"Feature","id":600,"geometry":{"type":"Polygon","coordinates":[[[-122.27812,47.69708],[-122.28035,47.69688],[-122.28152,47.69798],[-122.2805,47.69929],[-122.27827,47.69949],[-122.2771,47.69839],[-122.27812,47.69708]]]},"properties":{"zone":3,"cell_type":"total isolation","proximity":1782.6,"opportunity":5093.1,"population":197}},{"type":"Feature","id":601,"geometry":{"type":"Polygon","coordinates":[[[-122.37462,47.68121],[-122.37719,47.68098],[-122.37857,47.68228],[-122.37739,47.6838],[-122.37482,47.68403],[-122.37344,47.68274],[-122.37462,47.68121]]]},"properties":{"zone":1,"cell_type":"spatial isolation","proximity":3155.8,"opportunity":7731.4,"population":398}},{"type":"Feature","id":602,"geometry":{"type":"Polygon","coordinates":[[[-122.27953,47.66382],[-122.28198,47.66361],[-122.28328,47.66483],[-122.28216,47.66628],[-122.27971,47.6665],[-122.27841,47.66527],[-122.27953,47.66382]]]},"properties":{"zone":3,"cell_type":"total isolation","proximity":2800.6,"opportunity":7503.4,"population":309}},{"type":"Feature","id":603,"geometry":{"type":"Polygon","coordinates":[[[-122.35175,47.63586],[-122.35434,47.63563],[-122.35574,47.63694],[-122.35455,47.63848],[-122.35196,47.63871],[-122.35056,47.6374],[-122.35175,47.63586]]]},"properties":{"zone":0,"cell_type":"inclusion","proximity":4200.9,"opportunity":9080.6,"population":489}},{"type":"Feature","id":604,"geometry":{"type":"Polygon","coordinates":[[[-122.34454,47.69819],[-122.34713,47.69797],[-122.34853,47.69928],[-122.34734,47.70082],[-122.34475,47.70104],[-122.34335,47.69973],[-122.34454,47.69819]]]},"properties":{"zone":0,"cell_type":"inclusion","proximity":3173.3,"opportunity":9123.9,"population":492}},{"type":"Feature","id":605,"geometry":{"type":"Polygon","coordinates":[[[-122.30443,47.57012],[-122.30624,47.56997],[-122.30713,47.57081],[-122.30631,47.57187],[-122.30451,47.57202],[-122.30362,47.57118],[-122.30443,47.57012]]]},"properties":{"zone":3,"cell_type":"total isolation","proximity":1703.5,"opportunity":5909.3,"population":81}},{"type":"Feature","id":606,"geometry":{"type":"Polygon","coordinates":[[[-122.32026,47.63024],[-122.32249,47.63005],[-122.32365,47.63114],[-122.32263,47.63245],[-122.32041,47.63265],[-122.31925,47.63156],[-122.32026,47.63024]]]},"properties":{"zone":0,"cell_type":"inclusion","proximity":4381.9,"opportunity":8537.7,"population":195}},{"type":"Feature","id":607,"geometry":{"type":"Polygon","coordinates":[[[-122.31287,47.69243],[-122.31537,47.69221],[-122.31671,47.69347],[-122.31556,47.69495],[-122.31306,47.69517],[-122.31172,47.69391],[-122.31287,47.69243]]]},"properties":{"zone":0,"cell_type":"inclusion","proximity":3309.1,"opportunity":9560.8,"population":348}},{"type":"Feature","id":608,"geometry":{"type":"Polygon","coordinates":[[[-122.28723,47.60453],[-122.28927,47.60435],[-122.29032,47.60533],[-122.28939,47.60654],[-122.28734,47.60672],[-122.2863,47.60573],[-122.28723,47.60453]]]},"properties":{"zone":3,"cell_type":"total isolation","proximity":2790.7,"opportunity":6511.2,"population":134}},{"type":"Feature","id":609,"geometry":{"type":"Polygon","coordinates":[[[-122.31103,47.55768],[-122.31343,47.55747],[-122.3147,47.55867],[-122.3136,47.56009],[-122.31121,47.5603],[-122.30993,47.55911],[-122.31103,47.55768]]]},"properties":{"zone":3,"cell_type":"total isolation","proximity":1781.9,"opportunity":6976.6,"population":280}},{"type":"Feature","id":610,"geometry":{"type":"Polygon","coordinates":[[[-122.2568,47.50925],[-122.25916,47.50904],[-122.26041,47.51022],[-122.25932,47.51162],[-122.25697,47.51183],[-122.25572,47.51065],[-122.2568,47.50925]]]},"properties":{"zone":3,"cell_type":"total isolation","proximity":432.2,"opportunity":4003.5,"population":260}},{"type":"Feature","id":611,"geometry":{"type":"Polygon","coordinates":[[[-122.28679,47.54552],[-122.28905,47.54532],[-122.29024,47.54644],[-122.2892,47.54778],[-122.28694,47.54797],[-122.28575,47.54686],[-122.28679,47.54552]]]},"properties":{"zone":3,"cell_type":"total isolation","proximity":1441.1,"opportunity":6074.3,"population":212}},{"type":"Feature","id":612,"geometry":{"type":"Polygon","coordinates":[[[-122.31145,47.6193],[-122.31405,47.61907],[-122.31544,47.62039],[-122.31425,47.62193],[-122.31166,47.62216],[-122.31026,47.62084],[-122.31145,47.6193]]]},"properties":{"zone":0,"cell_type":"inclusion","proximity":5054.9,"opportunity":11963.5,"population":553}},{"type":"Feature","id":613,"geometry":{"type":"Polygon","coordinates":[[[-122.3295,47.70536],[-122.33192,47.70515],[-122.33321,47.70636],[-122.3321,47.70779],[-122.32968,47.708],[-122.32839,47.70679],[-122.3295,47.70536]]]},"properties":{"zone":2,"cell_type":"social isolation","proximity":2822.9,"opportunity":9046.8,"population":295}},{"type":"Feature","id":614,"geometry":{"type":"Polygon","coordinates":[[[-122.28816,47.72775],[-122.29039,47.72755],[-122.29156,47.72865],[-122.29053,47.72997],[-122.2883,47.73016],[-122.28713,47.72907],[-122.28816,47.72775]]]},"properties":{"zone":3,"cell_type":"total isolation","proximity":1264.9,"opportunity":6322.3,"population":198}},{"type":"Feature","id":615,"geometry":{"type":"Polygon","coordinates":[[[-122.35403,47.66723],[-122.35662,47.667],[-122.35802,47.66831],[-122.35683,47.66985],[-122.35424,47.67008],[-122.35284,47.66877],[-122.35403,47.66723]]]},"properties":{"zone":0,"cell_type":"inclusion","proximity":4141.1,"opportunity":9757.1,"population":571}},{"type":"Feature","id":616,"geometry":{"type":"Polygon","coordinates":[[[-122.38031,47.70248],[-122.38246,47.70229],[-122.38357,47.70333],[-122.38259,47.7046],[-122.38045,47.70479],[-122.37933,47.70375],[-122.38031,47.70248]]]},"properties":{"zone":3,"cell_type":"total isolation","proximity":1815.4,"opportunity":73.3,"population":165}},{"type":"Feature","id":617,"geometry":{"type":"Polygon","coordinates":[[[-122.33772,47.60407],[-122.34031,47.60384],[-122.34171,47.60515],[-122.34052,47.60669],[-122.33793,47.60692],[-122.33653,47.60561],[-122.33772,47.60407]]]},"properties":{"zone":0,"cell_type":"inclusion","proximity":5416.4,"opportunity":13282.2,"population":691}},{"type":"Feature","id":618,"geometry":{"type":"Polygon","coordinates":[[[-122.30325,47.72063],[-122.30558,47.72042],[-122.30682,47.72158],[-122.30575,47.72296],[-122.30341,47.72316],[-122.30217,47.72201],[-122.30325,47.72063]]]},"properties":{"zone":3,"cell_type":"total isolation","proximity":1729.8,"opportunity":6040.5,"population":246}},{"type":"Feature","id":619,"geometry":{"type":"Polygon","coordinates":[[[-122.27066,47.54097],[-122.27325,47.54075],[-122.27464,47.54206],[-122.27345,47.54361],[-122.27086,47.54383],[-122.26947,47.54252],[-122.27066,47.54097]]]},"properties":{"zone":3,"cell_type":"total isolation","proximity":1171.4,"opportunity":5398.4,"population":491}},{"type":"Feature","id":620,"geometry":{"type":"Polygon","coordinates":[[[-122.38758,47.64288],[-122.38994,47.64267],[-122.3912,47.64385],[-122.39011,47.64525],[-122.38775,47.64546],[-122.38649,47.64428],[-122.38758,47.64288]]]},"properties":{"zone":3,"cell_type":"total isolation","proximity":2454.3,"opportunity":5724.8,"population":263}},{"type":"Feature","id":621,"geometry":{"type":"Polygon","coordinates":[[[-122.26056,47.50746],[-122.26295,47.50726],[-122.26422,47.50845],[-122.26312,47.50987],[-122.26073,47.51008],[-122.25947,47.50888],[-122.26056,47.50746]]]},"properties":{"zone":3,"cell_type":"total isolation","proximity":449.7,"opportunity":4007.2,"population":277}},{"type":"Feature","id":622,"geometry":{"type":"Polygon","coordinates":[[[-122.39403,47.67814],[-122.39646,47.67793],[-122.39775,47.67914],[-122.39664,47.68058],[-122.39421,47.6808],[-122.39292,47.67958],[-122.39403,47.67814]]]},"properties":{"zone":3,"cell_type":"total isolation","proximity":2329.2,"opportunity":6106.3,"population":298}},{"type":"Feature","id":623,"geometry":{"type":"Polygon","coordinates":[[[-122.32112,47.64434],[-122.32364,47.64412],[-122.32499,47.64539],[-122.32383,47.64688],[-122.32131,47.64711],[-122.31996,47.64584],[-122.32112,47.64434]]]},"properties":{"zone":0,"cell_type":"inclusion","proximity":4342.2,"opportunity":8886.2,"population":362}},{"type":"Feature","id":624,"geometry":{"type":"Polygon","coordinates":[[[-122.28601,47.69916],[-122.2884,47.69895],[-122.28968,47.70014],[-122.28858,47.70155],[-122.28618,47.70176],[-122.28491,47.70057],[-122.28601,47.69916]]]},"properties":{"zone":3,"cell_type":"total isolation","proximity":2098.2,"opportunity":6728.2,"population":277}},{"type":"Feature","id":625,"geometry":{"type":"Polygon","coordinates":[[[-122.36224,47.67227],[-122.36479,47.67205],[-122.36617,47.67333],[-122.36499,47.67485],[-122.36244,47.67507],[-122.36107,47.67379],[-122.36224,47.67227]]]},"properties":{"zone":0,"cell_type":"inclusion","proximity":3755.9,"opportunity":9105.7,"population":386}},{"type":"Feature","id":626,"geometry":{"type":"Polygon","coordinates":[[[-122.27584,47.66568],[-122.27812,47.66548],[-122.27933,47.66661],[-122.27828,47.66796],[-122.27599,47.66816],[-122.27479,47.66703],[-122.27584,47.66568]]]},"properties":{"zone":3,"cell_type":"total isolation","proximity":2458.8,"opportunity":6809.4,"population":223}},{"type":"Feature","id":627,"geometry":{"type":"Polygon","coordinates":[[[-122.3717,47.64127],[-122.37429,47.64105],[-122.37569,47.64236],[-122.3745,47.6439],[-122.37191,47.64413],[-122.37051,47.64282],[-122.3717,47.64127]]]},"properties":{"zone":0,"cell_type":"inclusion","proximity":3150.5,"opportunity":8514.6,"population":460}},{"type":"Feature","id":628,"geometry":{"type":"Polygon","coordinates":[[[-122.33656,47.69603],[-122.33915,47.6958],[-122.34055,47.69711],[-122.33936,47.69865],[-122.33676,47.69888],[-122.33537,47.69757],[-122.33656,47.69603]]]},"properties":{"zone":0,"cell_type":"inclusion","proximity":3277.7,"opportunity":9395.4,"population":454}},{"type":"Feature","id":629,"geometry":{"type":"Polygon","coordinates":[[[-122.31195,47.57185],[-122.31454,47.57163],[-122.31593,47.57294],[-122.31474,47.57448],[-122.31215,47.57471],[-122.31076,47.5734],[-122.31195,47.57185]]]},"properties":{"zone":2,"cell_type":"social isolation","proximity":2422.8,"opportunity":7927,"population":517}},{"type":"Feature","id":630,"geometry":{"type":"Polygon","coordinates":[[[-122.29899,47.60759],[-122.30138,47.60738],[-122.30265,47.60858],[-122.30155,47.60999],[-122.29916,47.6102],[-122.29789,47.60901],[-122.29899,47.60759]]]},"properties":{"zone":0,"cell_type":"inclusion","proximity":3949.5,"opportunity":8518.1,"population":276}},{"type":"Feature","id":631,"geometry":{"type":"Polygon","coordinates":[[[-122.34735,47.62907],[-122.34994,47.62884],[-122.35134,47.63015],[-122.35015,47.63169],[-122.34756,47.63192],[-122.34616,47.63061],[-122.34735,47.62907]]]},"properties":{"zone":0,"cell_type":"inclusion","proximity":4465.5,"opportunity":10331.3,"population":559}},{"type":"Feature","id":632,"geometry":{"type":"Polygon","coordinates":[[[-122.31224,47.68387],[-122.31475,47.68365],[-122.3161,47.68491],[-122.31495,47.6864],[-122.31243,47.68663],[-122.31109,47.68536],[-122.31224,47.68387]]]},"properties":{"zone":0,"cell_type":"inclusion","proximity":3790.3,"opportunity":9940.5,"population":356}},{"type":"Feature","id":633,"geometry":{"type":"Polygon","coordinates":[[[-122.27756,47.52083],[-122.27918,47.52069],[-122.27996,47.52143],[-122.27922,47.52238],[-122.2776,47.52252],[-122.27682,47.52178],[-122.27756,47.52083]]]},"properties":{"zone":3,"cell_type":"total isolation","proximity":781.2,"opportunity":6607.2,"population":56}},{"type":"Feature","id":634,"geometry":{"type":"Polygon","coordinates":[[[-122.28035,47.56609],[-122.28279,47.56588],[-122.28409,47.5671],[-122.28297,47.56855],[-122.28053,47.56877],[-122.27923,47.56754],[-122.28035,47.56609]]]},"properties":{"zone":3,"cell_type":"total isolation","proximity":1675.3,"opportunity":5635,"population":307}},{"type":"Feature","id":635,"geometry":{"type":"Polygon","coordinates":[[[-122.39709,47.66773],[-122.39968,47.6675],[-122.40108,47.66881],[-122.39989,47.67035],[-122.3973,47.67058],[-122.3959,47.66927],[-122.39709,47.66773]]]},"properties":{"zone":3,"cell_type":"total isolation","proximity":2537.3,"opportunity":7475.7,"population":596}},{"type":"Feature","id":636,"geometry":{"type":"Polygon","coordinates":[[[-122.26891,47.51268],[-122.27099,47.5125],[-122.27207,47.51351],[-122.27111,47.51474],[-122.26904,47.51492],[-122.26796,47.51391],[-122.26891,47.51268]]]},"properties":{"zone":3,"cell_type":"total isolation","proximity":597.4,"opportunity":4261.3,"population":146}},{"type":"Feature","id":637,"geometry":{"type":"Polygon","coordinates":[[[-122.36223,47.72273],[-122.36436,47.72254],[-122.36547,47.72357],[-122.36449,47.72483],[-122.36236,47.72502],[-122.36125,47.72398],[-122.36223,47.72273]]]},"properties":{"zone":3,"cell_type":"total isolation","proximity":1454.5,"opportunity":4558.4,"population":161}},{"type":"Feature","id":638,"geometry":{"type":"Polygon","coordinates":[[[-122.33943,47.5578],[-122.33991,47.55776],[-122.33996,47.55781],[-122.33977,47.55806],[-122.33929,47.5581],[-122.33924,47.55805],[-122.33943,47.5578]]]},"properties":{"zone":3,"cell_type":"total isolation","proximity":1420.9,"opportunity":3680.1,"population":5}},{"type":"Feature","id":639,"geometry":{"type":"Polygon","coordinates":[[[-122.26862,47.67486],[-122.271,47.67465],[-122.27226,47.67584],[-122.27117,47.67725],[-122.26879,47.67745],[-122.26753,47.67627],[-122.26862,47.67486]]]},"properties":{"zone":3,"cell_type":"total isolation","proximity":2015.8,"opportunity":7631.6,"population":269}},{"type":"Feature","id":640,"geometry":{"type":"Polygon","coordinates":[[[-122.24449,47.50031],[-122.24677,47.50011],[-122.24796,47.50123],[-122.24692,47.50258],[-122.24465,47.50278],[-122.24345,47.50165],[-122.24449,47.50031]]]},"properties":{"zone":3,"cell_type":"total isolation","proximity":221.9,"opportunity":2421.6,"population":217}},{"type":"Feature","id":641,"geometry":{"type":"Polygon","coordinates":[[[-122.30062,47.63041],[-122.30303,47.6302],[-122.30432,47.63141],[-122.30321,47.63284],[-122.30079,47.63305],[-122.29951,47.63184],[-122.30062,47.63041]]]},"properties":{"zone":0,"cell_type":"inclusion","proximity":3885,"opportunity":9353.4,"population":292}},{"type":"Feature","id":642,"geometry":{"type":"Polygon","coordinates":[[[-122.32651,47.66535],[-122.3291,47.66512],[-122.3305,47.66643],[-122.32931,47.66797],[-122.32672,47.6682],[-122.32532,47.66689],[-122.32651,47.66535]]]},"properties":{"zone":0,"cell_type":"inclusion","proximity":4410.9,"opportunity":8992.8,"population":440}},{"type":"Feature","id":643,"geometry":{"type":"Polygon","coordinates":[[[-122.29337,47.58367],[-122.29575,47.58346],[-122.29702,47.58465],[-122.29592,47.58607],[-122.29354,47.58628],[-122.29227,47.58508],[-122.29337,47.58367]]]},"properties":{"zone":3,"cell_type":"total isolation","proximity":2491.9,"opportunity":7683.2,"population":274}},{"type":"Feature","id":644,"geometry":{"type":"Polygon","coordinates":[[[-122.36204,47.66942],[-122.36458,47.6692],[-122.36595,47.67048],[-122.36478,47.67199],[-122.36224,47.67222],[-122.36087,47.67093],[-122.36204,47.66942]]]},"properties":{"zone":0,"cell_type":"inclusion","proximity":3876.5,"opportunity":9234.1,"population":383}},{"type":"Feature","id":645,"geometry":{"type":"Polygon","coordinates":[[[-122.35114,47.6273],[-122.35372,47.62708],[-122.35511,47.62838],[-122.35392,47.62992],[-122.35134,47.63015],[-122.34995,47.62884],[-122.35114,47.6273]]]},"properties":{"zone":0,"cell_type":"inclusion","proximity":4549,"opportunity":9512.1,"population":412}},{"type":"Feature","id":646,"geometry":{"type":"Polygon","coordinates":[[[-122.41375,47.66743],[-122.41442,47.66737],[-122.41459,47.66753],[-122.41431,47.6679],[-122.41364,47.66796],[-122.41347,47.66779],[-122.41375,47.66743]]]},"properties":{"zone":3,"cell_type":"total isolation","proximity":1381.4,"opportunity":1779.9,"population":8}},{"type":"Feature","id":647,"geometry":{"type":"Polygon","coordinates":[[[-122.33433,47.60621],[-122.33625,47.60604],[-122.33722,47.60696],[-122.33635,47.60809],[-122.33443,47.60826],[-122.33346,47.60734],[-122.33433,47.60621]]]},"properties":{"zone":0,"cell_type":"inclusion","proximity":5776.7,"opportunity":15092.6,"population":104}},{"type":"Feature","id":648,"geometry":{"type":"Polygon","coordinates":[[[-122.35638,47.69865],[-122.35885,47.69844],[-122.36018,47.69968],[-122.35904,47.70115],[-122.35657,47.70137],[-122.35524,47.70012],[-122.35638,47.69865]]]},"properties":{"zone":1,"cell_type":"spatial isolation","proximity":2895.5,"opportunity":7737.4,"population":330}},{"type":"Feature","id":649,"geometry":{"type":"Polygon","coordinates":[[[-122.3235,47.72631],[-122.32535,47.72615],[-122.32627,47.72702],[-122.32543,47.7281],[-122.32358,47.72826],[-122.32266,47.7274],[-122.3235,47.72631]]]},"properties":{"zone":3,"cell_type":"total isolation","proximity":1581,"opportunity":2897.7,"population":89}},{"type":"Feature","id":650,"geometry":{"type":"Polygon","coordinates":[[[-122.37756,47.66802],[-122.38015,47.66779],[-122.38155,47.66911],[-122.38036,47.67065],[-122.37776,47.67087],[-122.37637,47.66956],[-122.37756,47.66802]]]},"properties":{"zone":0,"cell_type":"inclusion","proximity":3593,"opportunity":9175.7,"population":963}},{"type":"Feature","id":651,"geometry":{"type":"Polygon","coordinates":[[[-122.38837,47.65425],[-122.3908,47.65403],[-122.3921,47.65525],[-122.39098,47.6567],[-122.38855,47.65691],[-122.38725,47.65569],[-122.38837,47.65425]]]},"properties":{"zone":3,"cell_type":"total isolation","proximity":2449.3,"opportunity":6109.2,"population":303}},{"type":"Feature","id":652,"geometry":{"type":"Polygon","coordinates":[[[-122.33305,47.64755],[-122.33564,47.64732],[-122.33704,47.64864],[-122.33584,47.65018],[-122.33325,47.65041],[-122.33186,47.64909],[-122.33305,47.64755]]]},"properties":{"zone":0,"cell_type":"inclusion","proximity":4116.5,"opportunity":9786.2,"population":480}},{"type":"Feature","id":653,"geometry":{"type":"Polygon","coordinates":[[[-122.25996,47.49889],[-122.26234,47.49868],[-122.2636,47.49988],[-122.26251,47.50129],[-122.26013,47.5015],[-122.25887,47.50031],[-122.25996,47.49889]]]},"properties":{"zone":3,"cell_type":"total isolation","proximity":286,"opportunity":2943.8,"population":271}},{"type":"Feature","id":654,"geometry":{"type":"Polygon","coordinates":[[[-122.29895,47.71394],[-122.30111,47.71375],[-122.30223,47.7148],[-122.30124,47.71608],[-122.29908,47.71627],[-122.29796,47.71521],[-122.29895,47.71394]]]},"properties":{"zone":3,"cell_type":"total isolation","proximity":2116.4,"opportunity":7166.3,"population":169}},{"type":"Feature","id":655,"geometry":{"type":"Polygon","coordinates":[[[-122.30947,47.63608],[-122.31074,47.63597],[-122.31129,47.63649],[-122.31073,47.63722],[-122.30946,47.63733],[-122.30891,47.63681],[-122.30947,47.63608]]]},"properties":{"zone":1,"cell_type":"spatial isolation","proximity":3625.8,"opportunity":6460.5,"population":27}},{"type":"Feature","id":656,"geometry":{"type":"Polygon","coordinates":[[[-122.29421,47.52854],[-122.29495,47.52848],[-122.29517,47.52869],[-122.29485,47.5291],[-122.29411,47.52916],[-122.29389,47.52895],[-122.29421,47.52854]]]},"properties":{"zone":3,"cell_type":"total isolation","proximity":707.8,"opportunity":2663,"population":9}},{"type":"Feature","id":657,"geometry":{"type":"Polygon","coordinates":[[[-122.37025,47.67446],[-122.37275,47.67424],[-122.3741,47.6755],[-122.37295,47.67699],[-122.37044,47.67721],[-122.3691,47.67595],[-122.37025,47.67446]]]},"properties":{"zone":0,"cell_type":"inclusion","proximity":3526.9,"opportunity":8338.7,"population":351}},{"type":"Feature","id":658,"geometry":{"type":"Polygon","coordinates":[[[-122.26852,47.66414],[-122.26967,47.66404],[-122.27015,47.66449],[-122.26964,47.66515],[-122.26848,47.66525],[-122.268,47.6648],[-122.26852,47.66414]]]},"properties":{"zone":3,"cell_type":"total isolation","proximity":2105.8,"opportunity":6325.7,"population":21}},{"type":"Feature","id":659,"geometry":{"type":"Polygon","coordinates":[[[-122.35932,47.63232],[-122.36191,47.63209],[-122.36331,47.6334],[-122.36211,47.63494],[-122.35952,47.63517],[-122.35813,47.63386],[-122.35932,47.63232]]]},"properties":{"zone":1,"cell_type":"spatial isolation","proximity":3908.7,"opportunity":7582.8,"population":447}},{"type":"Feature","id":660,"geometry":{"type":"Polygon","coordinates":[[[-122.38395,47.63949],[-122.38534,47.63937],[-122.38597,47.63996],[-122.38535,47.64077],[-122.38396,47.64089],[-122.38332,47.6403],[-122.38395,47.63949]]]},"properties":{"zone":3,"cell_type":"total isolation","proximity":2486.6,"opportunity":5225.2,"population":34}},{"type":"Feature","id":661,"geometry":{"type":"Polygon","coordinates":[[[-122.30009,47.56338],[-122.3018,47.56323],[-122.30263,47.56401],[-122.30186,47.56501],[-122.30015,47.56516],[-122.29932,47.56438],[-122.30009,47.56338]]]},"properties":{"zone":3,"cell_type":"total isolation","proximity":1828.8,"opportunity":5499.8,"population":67}},{"type":"Feature","id":662,"geometry":{"type":"Polygon","coordinates":[[[-122.34357,47.63084],[-122.34616,47.63061],[-122.34756,47.63192],[-122.34637,47.63346],[-122.34378,47.63369],[-122.34238,47.63238],[-122.34357,47.63084]]]},"properties":{"zone":0,"cell_type":"inclusion","proximity":4588,"opportunity":12187.8,"population":623}},{"type":"Feature","id":663,"geometry":{"type":"Polygon","coordinates":[[[-122.30845,47.68563],[-122.31097,47.68541],[-122.31233,47.68668],[-122.31117,47.68818],[-122.30864,47.6884],[-122.30729,47.68713],[-122.30845,47.68563]]]},"properties":{"zone":1,"cell_type":"spatial isolation","proximity":3601,"opportunity":7888.1,"population":364}},{"type":"Feature","id":664,"geometry":{"type":"Polygon","coordinates":[[[-122.32287,47.54754],[-122.3237,47.54747],[-122.32398,47.54773],[-122.32362,47.5482],[-122.32279,47.54827],[-122.32251,47.54801],[-122.32287,47.54754]]]},"properties":{"zone":3,"cell_type":"total isolation","proximity":1432.6,"opportunity":6680.4,"population":11}},{"type":"Feature","id":665,"geometry":{"type":"Polygon","coordinates":[[[-122.26812,47.55724],[-122.27033,47.55705],[-122.27148,47.55814],[-122.27047,47.55944],[-122.26826,47.55964],[-122.26711,47.55855],[-122.26812,47.55724]]]},"properties":{"zone":3,"cell_type":"total isolation","proximity":1190.5,"opportunity":4876.3,"population":190}},{"type":"Feature","id":666,"geometry":{"type":"Polygon","coordinates":[[[-122.3965,47.65921],[-122.39903,47.65898],[-122.40039,47.66026],[-122.39923,47.66177],[-122.3967,47.66199],[-122.39534,47.66071],[-122.3965,47.65921]]]},"properties":{"zone":3,"cell_type":"total isolation","proximity":2259.1,"opportunity":6514.4,"population":372}},{"type":"Feature","id":667,"geometry":{"type":"Polygon","coordinates":[[[-122.26984,47.52422],[-122.27173,47.52405],[-122.27268,47.52495],[-122.27182,47.52607],[-122.26993,47.52623],[-122.26898,47.52533],[-122.26984,47.52422]]]},"properties":{"zone":3,"cell_type":"total isolation","proximity":829.2,"opportunity":5090,"population":98}},{"type":"Feature","id":668,"geometry":{"type":"Polygon","coordinates":[[[-122.3303,47.59712],[-122.33123,47.59704],[-122.33156,47.59736],[-122.33116,47.59788],[-122.33024,47.59796],[-122.3299,47.59764],[-122.3303,47.59712]]]},"properties":{"zone":0,"cell_type":"inclusion","proximity":4646.4,"opportunity":12833.2,"population":13}},{"type":"Feature","id":669,"geometry":{"type":"Polygon","coordinates":[[[-122.29583,47.67379],[-122.29841,47.67356],[-122.2998,47.67487],[-122.29861,47.6764],[-122.29603,47.67663],[-122.29464,47.67532],[-122.29583,47.67379]]]},"properties":{"zone":0,"cell_type":"inclusion","proximity":3433,"opportunity":10634,"population":410}},{"type":"Feature","id":670,"geometry":{"type":"Polygon","coordinates":[[[-122.30275,47.55255],[-122.30533,47.55232],[-122.30672,47.55363],[-122.30553,47.55517],[-122.30295,47.55539],[-122.30156,47.55408],[-122.30275,47.55255]]]},"properties":{"zone":3,"cell_type":"total isolation","proximity":1688,"opportunity":7068,"population":411}},{"type":"Feature","id":671,"geometry":{"type":"Polygon","coordinates":[[[-122.34613,47.71298],[-122.34777,47.71283],[-122.34856,47.71357],[-122.34782,47.71453],[-122.34618,47.71468],[-122.34539,47.71393],[-122.34613,47.71298]]]},"properties":{"zone":3,"cell_type":"total isolation","proximity":2310.2,"opportunity":6522.8,"population":58}},{"type":"Feature","id":672,"geometry":{"type":"Polygon","coordinates":[[[-122.30893,47.58233],[-122.31127,47.58213],[-122.3125,47.58329],[-122.31143,47.58468],[-122.30909,47.58488],[-122.30786,47.58372],[-122.30893,47.58233]]]},"properties":{"zone":0,"cell_type":"inclusion","proximity":2909,"opportunity":8811.3,"population":248}},{"type":"Feature","id":673,"geometry":{"type":"Polygon","coordinates":[[[-122.34963,47.66044],[-122.35222,47.66022],[-122.35362,47.66153],[-122.35242,47.66307],[-122.34983,47.6633],[-122.34843,47.66198],[-122.34963,47.66044]]]},"properties":{"zone":0,"cell_type":"inclusion","proximity":4452.2,"opportunity":11227.6,"population":720}},{"type":"Feature","id":674,"geometry":{"type":"Polygon","coordinates":[[[-122.35911,47.62947],[-122.3617,47.62924],[-122.3631,47.63055],[-122.36191,47.63209],[-122.35932,47.63232],[-122.35792,47.63101],[-122.35911,47.62947]]]},"properties":{"zone":0,"cell_type":"inclusion","proximity":3970.1,"opportunity":7984,"population":582}},{"type":"Feature","id":675,"geometry":{"type":"Polygon","coordinates":[[[-122.30277,47.66169],[-122.30537,47.66147],[-122.30677,47.66278],[-122.30557,47.66432],[-122.30298,47.66455],[-122.30158,47.66323],[-122.30277,47.66169]]]},"properties":{"zone":0,"cell_type":"inclusion","proximity":4274.8,"opportunity":10972.5,"population":1538}},{"type":"Feature","id":676,"geometry":{"type":"Polygon","coordinates":[[[-122.40025,47.65741],[-122.40284,47.65718],[-122.40423,47.65849],[-122.40304,47.66003],[-122.40045,47.66026],[-122.39905,47.65895],[-122.40025,47.65741]]]},"properties":{"zone":3,"cell_type":"total isolation","proximity":2087.4,"opportunity":5460.2,"population":429}},{"type":"Feature","id":677,"geometry":{"type":"Polygon","coordinates":[[[-122.32741,47.62364],[-122.33,47.62342],[-122.3314,47.62473],[-122.33021,47.62627],[-122.32761,47.6265],[-122.32622,47.62518],[-122.32741,47.62364]]]},"properties":{"zone":0,"cell_type":"inclusion","proximity":5278,"opportunity":10104.7,"population":533}},{"type":"Feature","id":678,"geometry":{"type":"Polygon","coordinates":[[[-122.37202,47.69737],[-122.37434,47.69717],[-122.37556,47.69831],[-122.3745,47.69968],[-122.37219,47.69989],[-122.37096,47.69874],[-122.37202,47.69737]]]},"properties":{"zone":3,"cell_type":"total isolation","proximity":2511.9,"opportunity":7684.7,"population":235}},{"type":"Feature","id":679,"geometry":{"type":"Polygon","coordinates":[[[-122.32017,47.5663],[-122.32127,47.56621],[-122.32171,47.56662],[-122.32123,47.56725],[-122.32013,47.56735],[-122.31969,47.56693],[-122.32017,47.5663]]]},"properties":{"zone":3,"cell_type":"total isolation","proximity":1929.3,"opportunity":6835.4,"population":19}},{"type":"Feature","id":680,"geometry":{"type":"Polygon","coordinates":[[[-122.30191,47.70342],[-122.30443,47.7032],[-122.30577,47.70447],[-122.30462,47.70596],[-122.3021,47.70618],[-122.30075,47.70492],[-122.30191,47.70342]]]},"properties":{"zone":3,"cell_type":"total isolation","proximity":2554.4,"opportunity":7436.1,"population":357}},{"type":"Feature","id":681,"geometry":{"type":"Polygon","coordinates":[[[-122.32238,47.58962],[-122.32238,47.58962],[-122.32231,47.58962],[-122.32231,47.58962],[-122.32238,47.58962]]]},"properties":{"zone":0,"cell_type":"inclusion","proximity":3693.1,"opportunity":10297.2,"population":1}},{"type":"Feature","id":682,"geometry":{"type":"Polygon","coordinates":[[[-122.31069,47.71696],[-122.31325,47.71674],[-122.31463,47.71803],[-122.31346,47.71955],[-122.31089,47.71978],[-122.30951,47.71849],[-122.31069,47.71696]]]},"properties":{"zone":3,"cell_type":"total isolation","proximity":2166.6,"opportunity":7363.7,"population":395}},{"type":"Feature","id":683,"geometry":{"type":"Polygon","coordinates":[[[-122.37398,47.72046],[-122.37579,47.7203],[-122.37668,47.72113],[-122.37586,47.72219],[-122.37406,47.72235],[-122.37317,47.72151],[-122.37398,47.72046]]]},"properties":{"zone":3,"cell_type":"total isolation","proximity":1205.3,"opportunity":9.2,"population":81}},{"type":"Feature","id":684,"geometry":{"type":"Polygon","coordinates":[[[-122.38507,47.65648],[-122.38668,47.65634],[-122.38745,47.65706],[-122.38672,47.658],[-122.38511,47.65815],[-122.38434,47.65742],[-122.38507,47.65648]]]},"properties":{"zone":3,"cell_type":"total isolation","proximity":2584.9,"opportunity":6315.2,"population":54}},{"type":"Feature","id":685,"geometry":{"type":"Polygon","coordinates":[[[-122.25836,47.6785],[-122.25836,47.6785],[-122.25829,47.6785],[-122.25829,47.6785],[-122.25836,47.6785]]]},"properties":{"zone":3,"cell_type":"total isolation","proximity":1637.1,"opportunity":6941.4,"population":3}},{"type":"Feature","id":686,"geometry":{"type":"Polygon","coordinates":[[[-122.33387,47.65896],[-122.33646,47.65873],[-122.33786,47.66005],[-122.33667,47.66159],[-122.33408,47.66181],[-122.33268,47.6605],[-122.33387,47.65896]]]},"properties":{"zone":0,"cell_type":"inclusion","proximity":4551.2,"opportunity":11409.4,"population":436}},{"type":"Feature","id":687,"geometry":{"type":"Polygon","coordinates":[[[-122.29491,47.71546],[-122.2975,47.71524],[-122.2989,47.71655],[-122.29771,47.71809],[-122.29511,47.71831],[-122.29371,47.717],[-122.29491,47.71546]]]},"properties":{"zone":3,"cell_type":"total isolation","proximity":2006.6,"opportunity":7746.6,"population":628}},{"type":"Feature","id":688,"geometry":{"type":"Polygon","coordinates":[[[-122.27768,47.69135],[-122.27996,47.69115],[-122.28116,47.69227],[-122.28012,47.69362],[-122.27784,47.69382],[-122.27663,47.69269],[-122.27768,47.69135]]]},"properties":{"zone":3,"cell_type":"total isolation","proximity":1651.3,"opportunity":4607.6,"population":220}},{"type":"Feature","id":689,"geometry":{"type":"Polygon","coordinates":[[[-122.38379,47.69777],[-122.3861,47.69757],[-122.38732,47.69871],[-122.38626,47.70007],[-122.38395,47.70028],[-122.38273,47.69914],[-122.38379,47.69777]]]},"properties":{"zone":3,"cell_type":"total isolation","proximity":1966,"opportunity":5595.4,"population":233}},{"type":"Feature","id":690,"geometry":{"type":"Polygon","coordinates":[[[-122.32758,47.73013],[-122.32963,47.72995],[-122.33069,47.73094],[-122.32975,47.73215],[-122.32769,47.73233],[-122.32664,47.73134],[-122.32758,47.73013]]]},"properties":{"zone":3,"cell_type":"total isolation","proximity":1495.6,"opportunity":2895.2,"population":137}},{"type":"Feature","id":691,"geometry":{"type":"Polygon","coordinates":[[[-122.2907,47.5998],[-122.29293,47.5996],[-122.2941,47.6007],[-122.29307,47.60202],[-122.29084,47.60222],[-122.28968,47.60112],[-122.2907,47.5998]]]},"properties":{"zone":0,"cell_type":"inclusion","proximity":3004.6,"opportunity":8117.3,"population":198}},{"type":"Feature","id":692,"geometry":{"type":"Polygon","coordinates":[[[-122.35932,47.68548],[-122.36181,47.68526],[-122.36315,47.68651],[-122.36201,47.68799],[-122.35951,47.68821],[-122.35818,47.68695],[-122.35932,47.68548]]]},"properties":{"zone":0,"cell_type":"inclusion","proximity":3469.2,"opportunity":8164.1,"population":342}},{"type":"Feature","id":693,"geometry":{"type":"Polygon","coordinates":[[[-122.28323,47.66197],[-122.28582,47.66175],[-122.28722,47.66306],[-122.28603,47.6646],[-122.28344,47.66482],[-122.28204,47.66351],[-122.28323,47.66197]]]},"properties":{"zone":0,"cell_type":"inclusion","proximity":3059.4,"opportunity":8573.9,"population":421}},{"type":"Feature","id":694,"geometry":{"type":"Polygon","coordinates":[[[-122.36729,47.63449],[-122.36988,47.63426],[-122.37128,47.63557],[-122.37009,47.63711],[-122.3675,47.63734],[-122.3661,47.63603],[-122.36729,47.63449]]]},"properties":{"zone":0,"cell_type":"inclusion","proximity":3469.2,"opportunity":8165.2,"population":432}},{"type":"Feature","id":695,"geometry":{"type":"Polygon","coordinates":[[[-122.35359,47.71464],[-122.35613,47.71442],[-122.35749,47.71569],[-122.35633,47.7172],[-122.35379,47.71742],[-122.35243,47.71614],[-122.35359,47.71464]]]},"properties":{"zone":3,"cell_type":"total isolation","proximity":2049.8,"opportunity":6660.5,"population":373}},{"type":"Feature","id":696,"geometry":{"type":"Polygon","coordinates":[[[-122.27607,47.5594],[-122.27832,47.5592],[-122.2795,47.56031],[-122.27847,47.56165],[-122.27622,47.56184],[-122.27503,47.56073],[-122.27607,47.5594]]]},"properties":{"zone":3,"cell_type":"total isolation","proximity":1441.3,"opportunity":5119.9,"population":207}},{"type":"Feature","id":697,"geometry":{"type":"Polygon","coordinates":[[[-122.39312,47.66136],[-122.39496,47.6612],[-122.39589,47.66207],[-122.39505,47.66315],[-122.3932,47.66332],[-122.39228,47.66245],[-122.39312,47.66136]]]},"properties":{"zone":3,"cell_type":"total isolation","proximity":2253.1,"opportunity":6418.7,"population":89}},{"type":"Feature","id":698,"geometry":{"type":"Polygon","coordinates":[[[-122.26576,47.5257],[-122.26816,47.52549],[-122.26944,47.52669],[-122.26834,47.52812],[-122.26594,47.52833],[-122.26466,47.52713],[-122.26576,47.5257]]]},"properties":{"zone":3,"cell_type":"total isolation","proximity":815.7,"opportunity":4971.3,"population":284}},{"type":"Feature","id":699,"geometry":{"type":"Polygon","coordinates":[[[-122.32788,47.55752],[-122.32788,47.55752],[-122.32781,47.55753],[-122.32781,47.55753],[-122.32788,47.55752]]]},"properties":{"zone":3,"cell_type":"total isolation","proximity":1481.5,"opportunity":6867.1,"population":0}},{"type":"Feature","id":700,"geometry":{"type":"Polygon","coordinates":[[[-122.2921,47.67562],[-122.29458,47.6754],[-122.2959,47.67664],[-122.29476,47.67811],[-122.29229,47.67833],[-122.29096,47.67708],[-122.2921,47.67562]]]},"properties":{"zone":0,"cell_type":"inclusion","proximity":3103.3,"opportunity":8045.9,"population":330}},{"type":"Feature","id":701,"geometry":{"type":"Polygon","coordinates":[[[-122.30215,47.54399],[-122.3047,47.54377],[-122.30607,47.54506],[-122.3049,47.54658],[-122.30235,47.5468],[-122.30098,47.54551],[-122.30215,47.54399]]]},"properties":{"zone":3,"cell_type":"total isolation","proximity":1398.8,"opportunity":5767.1,"population":387}},{"type":"Feature","id":702,"geometry":{"type":"Polygon","coordinates":[[[-122.28904,47.63019],[-122.29114,47.63],[-122.29222,47.63102],[-122.29126,47.63226],[-122.28917,47.63244],[-122.28809,47.63142],[-122.28904,47.63019]]]},"properties":{"zone":3,"cell_type":"total isolation","proximity":2414.1,"opportunity":4985.6,"population":149}},{"type":"Feature","id":703,"geometry":{"type":"Polygon","coordinates":[[[-122.40232,47.6806],[-122.40422,47.68043],[-122.40518,47.68133],[-122.40431,47.68245],[-122.40241,47.68262],[-122.40145,47.68172],[-122.40232,47.6806]]]},"properties":{"zone":3,"cell_type":"total isolation","proximity":1626.8,"opportunity":1115,"population":100}},{"type":"Feature","id":704,"geometry":{"type":"Polygon","coordinates":[[[-122.34496,47.70389],[-122.34755,47.70367],[-122.34895,47.70498],[-122.34775,47.70652],[-122.34516,47.70674],[-122.34376,47.70543],[-122.34496,47.70389]]]},"properties":{"zone":0,"cell_type":"inclusion","proximity":2953.3,"opportunity":9886.7,"population":667}},{"type":"Feature","id":705,"geometry":{"type":"Polygon","coordinates":[[[-122.34411,47.67384],[-122.34411,47.67384],[-122.34405,47.67385],[-122.34405,47.67385],[-122.34411,47.67384]]]},"properties":{"zone":0,"cell_type":"inclusion","proximity":4112.7,"opportunity":8300.6,"population":2}},{"type":"Feature","id":706,"geometry":{"type":"Polygon","coordinates":[[[-122.31681,47.58441],[-122.31931,47.58419],[-122.32065,47.58545],[-122.3195,47.58694],[-122.317,47.58716],[-122.31566,47.5859],[-122.31681,47.58441]]]},"properties":{"zone":1,"cell_type":"spatial isolation","proximity":3114,"opportunity":7771.2,"population":352}},{"type":"Feature","id":707,"geometry":{"type":"Polygon","coordinates":[[[-122.28637,47.59307],[-122.28848,47.59289],[-122.28957,47.59391],[-122.2886,47.59515],[-122.2865,47.59534],[-122.28541,47.59432],[-122.28637,47.59307]]]},"properties":{"zone":3,"cell_type":"total isolation","proximity":2401.6,"opportunity":6577.6,"population":152}},{"type":"Feature","id":708,"geometry":{"type":"Polygon","coordinates":[[[-122.28172,47.63927],[-122.2841,47.63906],[-122.28536,47.64025],[-122.28427,47.64166],[-122.28189,47.64187],[-122.28062,47.64068],[-122.28172,47.63927]]]},"properties":{"zone":3,"cell_type":"total isolation","proximity":1698.8,"opportunity":4961.2,"population":271}},{"type":"Feature","id":709,"geometry":{"type":"Polygon","coordinates":[[[-122.31832,47.66033],[-122.32092,47.6601],[-122.32232,47.66141],[-122.32112,47.66295],[-122.31853,47.66318],[-122.31713,47.66187],[-122.31832,47.66033]]]},"properties":{"zone":0,"cell_type":"inclusion","proximity":4921.1,"opportunity":12008.6,"population":1127}},{"type":"Feature","id":710,"geometry":{"type":"Polygon","coordinates":[[[-122.28536,47.5788],[-122.28745,47.57862],[-122.28852,47.57963],[-122.28757,47.58087],[-122.28548,47.58105],[-122.28441,47.58004],[-122.28536,47.5788]]]},"properties":{"zone":3,"cell_type":"total isolation","proximity":1818.2,"opportunity":5070.3,"population":147}},{"type":"Feature","id":711,"geometry":{"type":"Polygon","coordinates":[[[-122.409,47.66032],[-122.41026,47.66021],[-122.4108,47.66072],[-122.41024,47.66144],[-122.40899,47.66155],[-122.40845,47.66104],[-122.409,47.66032]]]},"properties":{"zone":3,"cell_type":"total isolation","proximity":1626.1,"opportunity":4734.8,"population":26}},{"type":"Feature","id":712,"geometry":{"type":"Polygon","coordinates":[[[-122.41536,47.64502],[-122.41724,47.64485],[-122.4182,47.64574],[-122.41734,47.64685],[-122.41545,47.64702],[-122.4145,47.64613],[-122.41536,47.64502]]]},"properties":{"zone":3,"cell_type":"total isolation","proximity":1286.7,"opportunity":2820.4,"population":97}},{"type":"Feature","id":713,"geometry":{"type":"Polygon","coordinates":[[[-122.31503,47.61468],[-122.31762,47.61445],[-122.31902,47.61577],[-122.31783,47.61731],[-122.31524,47.61753],[-122.31384,47.61622],[-122.31503,47.61468]]]},"properties":{"zone":0,"cell_type":"inclusion","proximity":5469.6,"opportunity":12005,"population":799}},{"type":"Feature","id":714,"geometry":{"type":"Polygon","coordinates":[[[-122.38011,47.69964],[-122.38224,47.69945],[-122.38335,47.70048],[-122.38238,47.70174],[-122.38024,47.70193],[-122.37914,47.7009],[-122.38011,47.69964]]]},"properties":{"zone":3,"cell_type":"total isolation","proximity":1912.6,"opportunity":4832.8,"population":162}},{"type":"Feature","id":715,"geometry":{"type":"Polygon","coordinates":[[[-122.31746,47.70205],[-122.31999,47.70183],[-122.32135,47.7031],[-122.32018,47.7046],[-122.31766,47.70482],[-122.3163,47.70355],[-122.31746,47.70205]]]},"properties":{"zone":0,"cell_type":"inclusion","proximity":3011.6,"opportunity":9343.3,"population":367}},{"type":"Feature","id":716,"geometry":{"type":"Polygon","coordinates":[[[-122.26408,47.55611],[-122.26638,47.55591],[-122.26758,47.55704],[-122.26653,47.5584],[-122.26424,47.5586],[-122.26303,47.55747],[-122.26408,47.55611]]]},"properties":{"zone":3,"cell_type":"total isolation","proximity":968.8,"opportunity":3728.2,"population":227}},{"type":"Feature","id":717,"geometry":{"type":"Polygon","coordinates":[[[-122.31866,47.71911],[-122.32125,47.71889],[-122.32265,47.7202],[-122.32146,47.72174],[-122.31887,47.72196],[-122.31747,47.72065],[-122.31866,47.71911]]]},"properties":{"zone":3,"cell_type":"total isolation","proximity":2026.1,"opportunity":7315.3,"population":469}},{"type":"Feature","id":718,"geometry":{"type":"Polygon","coordinates":[[[-122.32376,47.68138],[-122.32635,47.68115],[-122.32775,47.68246],[-122.32656,47.684],[-122.32396,47.68423],[-122.32256,47.68291],[-122.32376,47.68138]]]},"properties":{"zone":0,"cell_type":"inclusion","proximity":4135.7,"opportunity":9848.1,"population":673}},{"type":"Feature","id":719,"geometry":{"type":"Polygon","coordinates":[[[-122.2916,47.61396],[-122.29404,47.61374],[-122.29534,47.61496],[-122.29422,47.61641],[-122.29178,47.61662],[-122.29048,47.6154],[-122.2916,47.61396]]]},"properties":{"zone":1,"cell_type":"spatial isolation","proximity":3572.4,"opportunity":7783,"population":304}},{"type":"Feature","id":720,"geometry":{"type":"Polygon","coordinates":[[[-122.37751,47.65473],[-122.37839,47.65465],[-122.3787,47.65494],[-122.37832,47.65543],[-122.37744,47.65551],[-122.37713,47.65522],[-122.37751,47.65473]]]},"properties":{"zone":3,"cell_type":"total isolation","proximity":2829.4,"opportunity":7602.5,"population":12}},{"type":"Feature","id":721,"geometry":{"type":"Polygon","coordinates":[[[-122.25672,47.66902],[-122.25862,47.66886],[-122.25957,47.66975],[-122.25871,47.67086],[-122.25681,47.67103],[-122.25586,47.67014],[-122.25672,47.66902]]]},"properties":{"zone":3,"cell_type":"total isolation","proximity":1488.1,"opportunity":4582.6,"population":98}},{"type":"Feature","id":722,"geometry":{"type":"Polygon","coordinates":[[[-122.3301,47.66074],[-122.33268,47.66051],[-122.33407,47.66181],[-122.33288,47.66335],[-122.3303,47.66357],[-122.32891,47.66227],[-122.3301,47.66074]]]},"properties":{"zone":0,"cell_type":"inclusion","proximity":4514.7,"opportunity":10440.8,"population":409}},{"type":"Feature","id":723,"geometry":{"type":"Polygon","coordinates":[[[-122.28712,47.71349],[-122.28937,47.71329],[-122.29055,47.7144],[-122.28952,47.71573],[-122.28727,47.71593],[-122.28608,47.71482],[-122.28712,47.71349]]]},"properties":{"zone":3,"cell_type":"total isolation","proximity":1779.1,"opportunity":6235.8,"population":207}},{"type":"Feature","id":724,"geometry":{"type":"Polygon","coordinates":[[[-122.27386,47.69308],[-122.2762,47.69287],[-122.27744,47.69403],[-122.27637,47.69542],[-122.27402,47.69563],[-122.27278,47.69446],[-122.27386,47.69308]]]},"properties":{"zone":3,"cell_type":"total isolation","proximity":1574.5,"opportunity":7602.9,"population":250}},{"type":"Feature","id":725,"geometry":{"type":"Polygon","coordinates":[[[-122.28482,47.51967],[-122.2873,47.51946],[-122.28863,47.52071],[-122.28749,47.52218],[-122.28501,47.5224],[-122.28368,47.52115],[-122.28482,47.51967]]]},"properties":{"zone":3,"cell_type":"total isolation","proximity":717.7,"opportunity":4714.6,"population":334}},{"type":"Feature","id":726,"geometry":{"type":"Polygon","coordinates":[[[-122.38306,47.68912],[-122.38555,47.6889],[-122.38688,47.69015],[-122.38574,47.69162],[-122.38325,47.69184],[-122.38192,47.6906],[-122.38306,47.68912]]]},"properties":{"zone":2,"cell_type":"social isolation","proximity":2514.8,"opportunity":8992.4,"population":339}},{"type":"Feature","id":727,"geometry":{"type":"Polygon","coordinates":[[[-122.35463,47.72889],[-122.35716,47.72867],[-122.35852,47.72994],[-122.35736,47.73144],[-122.35483,47.73166],[-122.35347,47.73039],[-122.35463,47.72889]]]},"properties":{"zone":3,"cell_type":"total isolation","proximity":1384.7,"opportunity":6943.7,"population":369}},{"type":"Feature","id":728,"geometry":{"type":"Polygon","coordinates":[[[-122.32446,47.69001],[-122.32691,47.6898],[-122.32821,47.69102],[-122.32709,47.69247],[-122.32465,47.69268],[-122.32334,47.69146],[-122.32446,47.69001]]]},"properties":{"zone":0,"cell_type":"inclusion","proximity":3521.5,"opportunity":8033.3,"population":307}},{"type":"Feature","id":729,"geometry":{"type":"Polygon","coordinates":[[[-122.29846,47.60177],[-122.30105,47.60154],[-122.30245,47.60286],[-122.30126,47.6044],[-122.29867,47.60463],[-122.29727,47.60331],[-122.29846,47.60177]]]},"properties":{"zone":0,"cell_type":"inclusion","proximity":3678.1,"opportunity":8716.8,"population":456}},{"type":"Feature","id":730,"geometry":{"type":"Polygon","coordinates":[[[-122.29164,47.66455],[-122.2935,47.66439],[-122.29444,47.66527],[-122.29359,47.66636],[-122.29172,47.66652],[-122.29079,47.66565],[-122.29164,47.66455]]]},"properties":{"zone":1,"cell_type":"spatial isolation","proximity":2946.1,"opportunity":6792.6,"population":92}},{"type":"Feature","id":731,"geometry":{"type":"Polygon","coordinates":[[[-122.35636,47.6455],[-122.35895,47.64527],[-122.36035,47.64658],[-122.35916,47.64812],[-122.35657,47.64835],[-122.35517,47.64704],[-122.35636,47.6455]]]},"properties":{"zone":0,"cell_type":"inclusion","proximity":4033.5,"opportunity":8682,"population":495}},{"type":"Feature","id":732,"geometry":{"type":"Polygon","coordinates":[[[-122.30002,47.67773],[-122.3026,47.6775],[-122.304,47.67881],[-122.30281,47.68034],[-122.30023,47.68057],[-122.29883,47.67926],[-122.30002,47.67773]]]},"properties":{"zone":0,"cell_type":"inclusion","proximity":3527.3,"opportunity":8512.3,"population":410}},{"type":"Feature","id":733,"geometry":{"type":"Polygon","coordinates":[[[-122.32466,47.63968],[-122.32725,47.63945],[-122.32865,47.64076],[-122.32745,47.6423],[-122.32486,47.64253],[-122.32346,47.64122],[-122.32466,47.63968]]]},"properties":{"zone":0,"cell_type":"inclusion","proximity":4258.9,"opportunity":9328.4,"population":571}},{"type":"Feature","id":734,"geometry":{"type":"Polygon","coordinates":[[[-122.36168,47.7169],[-122.36404,47.71669],[-122.36529,47.71786],[-122.36421,47.71926],[-122.36185,47.71947],[-122.3606,47.7183],[-122.36168,47.7169]]]},"properties":{"zone":3,"cell_type":"total isolation","proximity":1693.8,"opportunity":4217.3,"population":258}},{"type":"Feature","id":735,"geometry":{"type":"Polygon","coordinates":[[[-122.38616,47.67874],[-122.38875,47.67851],[-122.39015,47.67982],[-122.38896,47.68136],[-122.38637,47.68159],[-122.38497,47.68028],[-122.38616,47.67874]]]},"properties":{"zone":2,"cell_type":"social isolation","proximity":2744.9,"opportunity":8016.4,"population":567}},{"type":"Feature","id":736,"geometry":{"type":"Polygon","coordinates":[[[-122.35222,47.64161],[-122.35472,47.64139],[-122.35606,47.64265],[-122.35491,47.64414],[-122.35241,47.64436],[-122.35107,47.6431],[-122.35222,47.64161]]]},"properties":{"zone":0,"cell_type":"inclusion","proximity":4101.3,"opportunity":8899.6,"population":350}},{"type":"Feature","id":737,"geometry":{"type":"Polygon","coordinates":[[[-122.28414,47.67347],[-122.28658,47.67325],[-122.28788,47.67447],[-122.28676,47.67592],[-122.28432,47.67613],[-122.28302,47.67491],[-122.28414,47.67347]]]},"properties":{"zone":3,"cell_type":"total isolation","proximity":2660.8,"opportunity":7781.4,"population":307}},{"type":"Feature","id":738,"geometry":{"type":"Polygon","coordinates":[[[-122.27541,47.65995],[-122.27773,47.65975],[-122.27896,47.6609],[-122.27789,47.66227],[-122.27557,47.66248],[-122.27434,47.66133],[-122.27541,47.65995]]]},"properties":{"zone":3,"cell_type":"total isolation","proximity":2547.8,"opportunity":6987.8,"population":239}},{"type":"Feature","id":739,"geometry":{"type":"Polygon","coordinates":[[[-122.29841,47.54579],[-122.3009,47.54558],[-122.30223,47.54683],[-122.30109,47.54832],[-122.29859,47.54853],[-122.29726,47.54728],[-122.29841,47.54579]]]},"properties":{"zone":3,"cell_type":"total isolation","proximity":1446.2,"opportunity":5889.1,"population":344}},{"type":"Feature","id":740,"geometry":{"type":"Polygon","coordinates":[[[-122.3165,47.62937],[-122.31834,47.62921],[-122.31926,47.63007],[-122.31842,47.63115],[-122.31658,47.63132],[-122.31566,47.63045],[-122.3165,47.62937]]]},"properties":{"zone":0,"cell_type":"inclusion","proximity":4394.6,"opportunity":8302,"population":88}},{"type":"Feature","id":741,"geometry":{"type":"Polygon","coordinates":[[[-122.34117,47.70566],[-122.34376,47.70543],[-122.34516,47.70674],[-122.34397,47.70828],[-122.34138,47.70851],[-122.33998,47.7072],[-122.34117,47.70566]]]},"properties":{"zone":2,"cell_type":"social isolation","proximity":2861.9,"opportunity":9041.4,"population":537}},{"type":"Feature","id":742,"geometry":{"type":"Polygon","coordinates":[[[-122.34227,47.66418],[-122.3445,47.66399],[-122.34567,47.66508],[-122.34465,47.6664],[-122.34242,47.6666],[-122.34125,47.6655],[-122.34227,47.66418]]]},"properties":{"zone":0,"cell_type":"inclusion","proximity":4455.8,"opportunity":9669.2,"population":199}},{"type":"Feature","id":743,"geometry":{"type":"Polygon","coordinates":[[[-122.30439,47.57539],[-122.30698,47.57516],[-122.30837,47.57648],[-122.30718,47.57802],[-122.30459,47.57825],[-122.30319,47.57693],[-122.30439,47.57539]]]},"properties":{"zone":3,"cell_type":"total isolation","proximity":2508.4,"opportunity":7572.7,"population":450}},{"type":"Feature","id":744,"geometry":{"type":"Polygon","coordinates":[[[-122.36583,47.66767],[-122.36836,47.66744],[-122.36971,47.66871],[-122.36855,47.67021],[-122.36603,47.67044],[-122.36467,47.66916],[-122.36583,47.66767]]]},"properties":{"zone":0,"cell_type":"inclusion","proximity":3893,"opportunity":10178.7,"population":365}},{"type":"Feature","id":745,"geometry":{"type":"Polygon","coordinates":[[[-122.28591,47.53403],[-122.28828,47.53382],[-122.28953,47.535],[-122.28844,47.53641],[-122.28608,47.53661],[-122.28482,47.53543],[-122.28591,47.53403]]]},"properties":{"zone":3,"cell_type":"total isolation","proximity":1109.4,"opportunity":5804.6,"population":265}},{"type":"Feature","id":746,"geometry":{"type":"Polygon","coordinates":[[[-122.4252,47.6595],[-122.4252,47.6595],[-122.42513,47.6595],[-122.42513,47.6595],[-122.4252,47.6595]]]},"properties":{"zone":3,"cell_type":"total isolation","proximity":985.3,"opportunity":39.3,"population":1}},{"type":"Feature","id":747,"geometry":{"type":"Polygon","coordinates":[[[-122.32301,47.61685],[-122.3256,47.61662],[-122.327,47.61794],[-122.3258,47.61948],[-122.32321,47.6197],[-122.32182,47.61839],[-122.32301,47.61685]]]},"properties":{"zone":0,"cell_type":"inclusion","proximity":5800.9,"opportunity":12887.5,"population":2194}},{"type":"Feature","id":748,"geometry":{"type":"Polygon","coordinates":[[[-122.36754,47.69052],[-122.36999,47.6903],[-122.37129,47.69152],[-122.37017,47.69297],[-122.36772,47.69319],[-122.36642,47.69197],[-122.36754,47.69052]]]},"properties":{"zone":0,"cell_type":"inclusion","proximity":2983.7,"opportunity":8698.2,"population":310}},{"type":"Feature","id":749,"geometry":{"type":"Polygon","coordinates":[[[-122.33688,47.57397],[-122.33688,47.57397],[-122.33682,47.57398],[-122.33682,47.57398],[-122.33688,47.57397]]]},"properties":{"zone":3,"cell_type":"total isolation","proximity":2247.2,"opportunity":7681.5,"population":2}},{"type":"Feature","id":750,"geometry":{"type":"Polygon","coordinates":[[[-122.3078,47.7302],[-122.31023,47.72999],[-122.31153,47.7312],[-122.31041,47.73264],[-122.30798,47.73286],[-122.30669,47.73164],[-122.3078,47.7302]]]},"properties":{"zone":3,"cell_type":"total isolation","proximity":1312.6,"opportunity":4295.4,"population":300}},{"type":"Feature","id":751,"geometry":{"type":"Polygon","coordinates":[[[-122.28778,47.61569],[-122.29028,47.61547],[-122.29163,47.61673],[-122.29048,47.61822],[-122.28797,47.61844],[-122.28663,47.61717],[-122.28778,47.61569]]]},"properties":{"zone":1,"cell_type":"spatial isolation","proximity":3245.6,"opportunity":7697,"population":352}},{"type":"Feature","id":752,"geometry":{"type":"Polygon","coordinates":[[[-122.39215,47.65248],[-122.39458,47.65227],[-122.39588,47.65348],[-122.39476,47.65492],[-122.39233,47.65514],[-122.39104,47.65392],[-122.39215,47.65248]]]},"properties":{"zone":3,"cell_type":"total isolation","proximity":2201.7,"opportunity":5145.4,"population":300}},{"type":"Feature","id":753,"geometry":{"type":"Polygon","coordinates":[[[-122.35128,47.68326],[-122.35387,47.68303],[-122.35527,47.68434],[-122.35408,47.68588],[-122.35149,47.68611],[-122.35009,47.6848],[-122.35128,47.68326]]]},"properties":{"zone":0,"cell_type":"inclusion","proximity":3748.1,"opportunity":8507.5,"population":458}},{"type":"Feature","id":754,"geometry":{"type":"Polygon","coordinates":[[[-122.25296,47.67081],[-122.25481,47.67065],[-122.25574,47.67152],[-122.2549,47.67261],[-122.25304,47.67277],[-122.25211,47.6719],[-122.25296,47.67081]]]},"properties":{"zone":3,"cell_type":"total isolation","proximity":1401.3,"opportunity":4578.2,"population":91}},{"type":"Feature","id":755,"geometry":{"type":"Polygon","coordinates":[[[-122.32211,47.65856],[-122.3247,47.65833],[-122.3261,47.65965],[-122.32491,47.66119],[-122.32232,47.66141],[-122.32092,47.6601],[-122.32211,47.65856]]]},"properties":{"zone":0,"cell_type":"inclusion","proximity":4642.3,"opportunity":10673.5,"population":436}},{"type":"Feature","id":756,"geometry":{"type":"Polygon","coordinates":[[[-122.26376,47.49714],[-122.2661,47.49694],[-122.26734,47.49811],[-122.26627,47.4995],[-122.26392,47.49971],[-122.26268,47.49854],[-122.26376,47.49714]]]},"properties":{"zone":3,"cell_type":"total isolation","proximity":238.1,"opportunity":2145.5,"population":253}},{"type":"Feature","id":757,"geometry":{"type":"Polygon","coordinates":[[[-122.31052,47.60512],[-122.31295,47.6049],[-122.31425,47.60612],[-122.31313,47.60757],[-122.3107,47.60779],[-122.3094,47.60656],[-122.31052,47.60512]]]},"properties":{"zone":0,"cell_type":"inclusion","proximity":4736,"opportunity":9661.4,"population":305}},{"type":"Feature","id":758,"geometry":{"type":"Polygon","coordinates":[[[-122.36809,47.73337],[-122.36804,47.73343],[-122.36787,47.73345],[-122.36791,47.73338],[-122.36809,47.73337]]]},"properties":{"zone":3,"cell_type":"total isolation","proximity":755.4,"opportunity":15,"population":3}},{"type":"Feature","id":759,"geometry":{"type":"Polygon","coordinates":[[[-122.29385,47.69853],[-122.29614,47.69833],[-122.29735,47.69946],[-122.2963,47.70081],[-122.29401,47.70102],[-122.2928,47.69989],[-122.29385,47.69853]]]},"properties":{"zone":3,"cell_type":"total isolation","proximity":2362.3,"opportunity":5321.7,"population":223}},{"type":"Feature","id":760,"geometry":{"type":"Polygon","coordinates":[[[-122.37926,47.69087],[-122.38178,47.69064],[-122.38314,47.69191],[-122.38198,47.69341],[-122.37946,47.69364],[-122.3781,47.69237],[-122.37926,47.69087]]]},"properties":{"zone":2,"cell_type":"social isolation","proximity":2598,"opportunity":8080.5,"population":368}},{"type":"Feature","id":761,"geometry":{"type":"Polygon","coordinates":[[[-122.35081,47.73062],[-122.3534,47.73039],[-122.3548,47.7317],[-122.35361,47.73324],[-122.35102,47.73347],[-122.34962,47.73216],[-122.35081,47.73062]]]},"properties":{"zone":3,"cell_type":"total isolation","proximity":1323.3,"opportunity":5454,"population":452}},{"type":"Feature","id":762,"geometry":{"type":"Polygon","coordinates":[[[-122.3517,47.68896],[-122.35429,47.68873],[-122.35569,47.69004],[-122.3545,47.69158],[-122.3519,47.69181],[-122.3505,47.6905],[-122.3517,47.68896]]]},"properties":{"zone":0,"cell_type":"inclusion","proximity":3539.7,"opportunity":9063.3,"population":640}},{"type":"Feature","id":763,"geometry":{"type":"Polygon","coordinates":[[[-122.29198,47.56373],[-122.29428,47.56353],[-122.29549,47.56466],[-122.29443,47.56602],[-122.29214,47.56622],[-122.29093,47.56509],[-122.29198,47.56373]]]},"properties":{"zone":3,"cell_type":"total isolation","proximity":1904.5,"opportunity":6955.6,"population":227}},{"type":"Feature","id":764,"geometry":{"type":"Polygon","coordinates":[[[-122.31422,47.60062],[-122.31644,47.60042],[-122.3176,47.60151],[-122.31658,47.60283],[-122.31436,47.60302],[-122.3132,47.60193],[-122.31422,47.60062]]]},"properties":{"zone":0,"cell_type":"inclusion","proximity":4859.1,"opportunity":10818.7,"population":194}},{"type":"Feature","id":765,"geometry":{"type":"Polygon","coordinates":[[[-122.34752,47.68504],[-122.35008,47.68481],[-122.35146,47.68611],[-122.35028,47.68763],[-122.34772,47.68785],[-122.34634,47.68656],[-122.34752,47.68504]]]},"properties":{"zone":0,"cell_type":"inclusion","proximity":3746,"opportunity":9367.3,"population":394}},{"type":"Feature","id":766,"geometry":{"type":"Polygon","coordinates":[[[-122.29559,47.56179],[-122.29818,47.56157],[-122.29958,47.56288],[-122.29839,47.56442],[-122.2958,47.56465],[-122.2944,47.56333],[-122.29559,47.56179]]]},"properties":{"zone":3,"cell_type":"total isolation","proximity":1864.9,"opportunity":6979.3,"population":705}},{"type":"Feature","id":767,"geometry":{"type":"Polygon","coordinates":[[[-122.2789,47.65525],[-122.28137,47.65504],[-122.28269,47.65627],[-122.28156,47.65774],[-122.27909,47.65795],[-122.27777,47.65671],[-122.2789,47.65525]]]},"properties":{"zone":3,"cell_type":"total isolation","proximity":2426.8,"opportunity":6250.6,"population":323}},{"type":"Feature","id":768,"geometry":{"type":"Polygon","coordinates":[[[-122.34816,47.69361],[-122.35068,47.69339],[-122.35204,47.69466],[-122.35088,47.69616],[-122.34836,47.69638],[-122.347,47.69511],[-122.34816,47.69361]]]},"properties":{"zone":0,"cell_type":"inclusion","proximity":3364.8,"opportunity":9014.8,"population":364}},{"type":"Feature","id":769,"geometry":{"type":"Polygon","coordinates":[[[-122.26757,47.55139],[-122.27002,47.55118],[-122.27132,47.55241],[-122.2702,47.55386],[-122.26775,47.55408],[-122.26645,47.55285],[-122.26757,47.55139]]]},"properties":{"zone":3,"cell_type":"total isolation","proximity":1180.3,"opportunity":5102.8,"population":312}},{"type":"Feature","id":770,"geometry":{"type":"Polygon","coordinates":[[[-122.4113,47.64651],[-122.41367,47.6463],[-122.41493,47.64749],[-122.41384,47.64889],[-122.41147,47.6491],[-122.41021,47.64792],[-122.4113,47.64651]]]},"properties":{"zone":3,"cell_type":"total isolation","proximity":1508.2,"opportunity":2969.8,"population":267}},{"type":"Feature","id":771,"geometry":{"type":"Polygon","coordinates":[[[-122.40579,47.67589],[-122.40786,47.6757],[-122.40892,47.6767],[-122.40798,47.67792],[-122.40591,47.6781],[-122.40485,47.67711],[-122.40579,47.67589]]]},"properties":{"zone":3,"cell_type":"total isolation","proximity":1689.9,"opportunity":928.1,"population":141}},{"type":"Feature","id":772,"geometry":{"type":"Polygon","coordinates":[[[-122.31739,47.59029],[-122.3196,47.5901],[-122.32075,47.59118],[-122.31974,47.59249],[-122.31753,47.59268],[-122.31638,47.5916],[-122.31739,47.59029]]]},"properties":{"zone":0,"cell_type":"inclusion","proximity":3649.4,"opportunity":9198.2,"population":189}},{"type":"Feature","id":773,"geometry":{"type":"Polygon","coordinates":[[[-122.38707,47.63443],[-122.38923,47.63424],[-122.39036,47.6353],[-122.38937,47.63658],[-122.38721,47.63677],[-122.38608,47.63572],[-122.38707,47.63443]]]},"properties":{"zone":3,"cell_type":"total isolation","proximity":2236.7,"opportunity":5562.2,"population":174}},{"type":"Feature","id":774,"geometry":{"type":"Polygon","coordinates":[[[-122.37377,47.66979],[-122.37637,47.66956],[-122.37776,47.67087],[-122.37657,47.67241],[-122.37398,47.67264],[-122.37258,47.67133],[-122.37377,47.66979]]]},"properties":{"zone":0,"cell_type":"inclusion","proximity":3625.5,"opportunity":8950.7,"population":589}},{"type":"Feature","id":775,"geometry":{"type":"Polygon","coordinates":[[[-122.27335,47.52219],[-122.27571,47.52198],[-122.27696,47.52316],[-122.27587,47.52456],[-122.27351,47.52477],[-122.27227,47.52359],[-122.27335,47.52219]]]},"properties":{"zone":3,"cell_type":"total isolation","proximity":830.5,"opportunity":6540.5,"population":260}},{"type":"Feature","id":776,"geometry":{"type":"Polygon","coordinates":[[[-122.28448,47.72963],[-122.28651,47.72945],[-122.28755,47.73042],[-122.28663,47.73162],[-122.2846,47.73179],[-122.28356,47.73082],[-122.28448,47.72963]]]},"properties":{"zone":3,"cell_type":"total isolation","proximity":907.1,"opportunity":3340.2,"population":129}},{"type":"Feature","id":777,"geometry":{"type":"Polygon","coordinates":[[[-122.27324,47.68452],[-122.27559,47.68431],[-122.27684,47.68548],[-122.27576,47.68687],[-122.27341,47.68708],[-122.27216,47.68591],[-122.27324,47.68452]]]},"properties":{"zone":3,"cell_type":"total isolation","proximity":1986.1,"opportunity":101.3,"population":254}},{"type":"Feature","id":778,"geometry":{"type":"Polygon","coordinates":[[[-122.31257,47.631],[-122.31465,47.63082],[-122.31573,47.63183],[-122.31478,47.63306],[-122.3127,47.63324],[-122.31162,47.63223],[-122.31257,47.631]]]},"properties":{"zone":0,"cell_type":"inclusion","proximity":4192.8,"opportunity":8409.5,"population":145}},{"type":"Feature","id":779,"geometry":{"type":"Polygon","coordinates":[[[-122.33531,47.7241],[-122.33674,47.72397],[-122.3374,47.72459],[-122.33675,47.72541],[-122.33532,47.72554],[-122.33467,47.72492],[-122.33531,47.7241]]]},"properties":{"zone":3,"cell_type":"total isolation","proximity":1776.4,"opportunity":6709,"population":37}},{"type":"Feature","id":780,"geometry":{"type":"Polygon","coordinates":[[[-122.247,47.68379],[-122.247,47.68379],[-122.24693,47.6838],[-122.24693,47.6838],[-122.247,47.68379]]]},"properties":{"zone":3,"cell_type":"total isolation","proximity":1071.1,"opportunity":2908.5,"population":0}},{"type":"Feature","id":781,"geometry":{"type":"Polygon","coordinates":[[[-122.33842,47.66589],[-122.34076,47.66568],[-122.342,47.66685],[-122.34093,47.66823],[-122.33859,47.66844],[-122.33735,47.66728],[-122.33842,47.66589]]]},"properties":{"zone":0,"cell_type":"inclusion","proximity":4482.6,"opportunity":9150.4,"population":249}},{"type":"Feature","id":782,"geometry":{"type":"Polygon","coordinates":[[[-122.36562,47.65951],[-122.36744,47.65935],[-122.36835,47.6602],[-122.36752,47.66126],[-122.3657,47.66142],[-122.36479,47.66057],[-122.36562,47.65951]]]},"properties":{"zone":0,"cell_type":"inclusion","proximity":3980.8,"opportunity":9696.8,"population":84}},{"type":"Feature","id":783,"geometry":{"type":"Polygon","coordinates":[[[-122.36293,47.62774],[-122.36545,47.62752],[-122.3668,47.62878],[-122.36564,47.63028],[-122.36313,47.6305],[-122.36178,47.62923],[-122.36293,47.62774]]]},"properties":{"zone":1,"cell_type":"spatial isolation","proximity":3752.9,"opportunity":7823.1,"population":360}},{"type":"Feature","id":784,"geometry":{"type":"Polygon","coordinates":[[[-122.30656,47.65993],[-122.30915,47.6597],[-122.31055,47.66101],[-122.30936,47.66255],[-122.30677,47.66278],[-122.30537,47.66147],[-122.30656,47.65993]]]},"properties":{"zone":0,"cell_type":"inclusion","proximity":4632.3,"opportunity":11886.3,"population":1793}},{"type":"Feature","id":785,"geometry":{"type":"Polygon","coordinates":[[[-122.282,47.53567],[-122.28459,47.53544],[-122.28599,47.53676],[-122.28479,47.5383],[-122.2822,47.53853],[-122.28081,47.53721],[-122.282,47.53567]]]},"properties":{"zone":3,"cell_type":"total isolation","proximity":1189.7,"opportunity":6723,"population":453}},{"type":"Feature","id":786,"geometry":{"type":"Polygon","coordinates":[[[-122.33919,47.72507],[-122.34081,47.72493],[-122.34159,47.72566],[-122.34086,47.7266],[-122.33924,47.72675],[-122.33846,47.72602],[-122.33919,47.72507]]]},"properties":{"zone":3,"cell_type":"total isolation","proximity":1751.9,"opportunity":5907,"population":56}},{"type":"Feature","id":787,"geometry":{"type":"Polygon","coordinates":[[[-122.28095,47.57199],[-122.28306,47.57181],[-122.28415,47.57283],[-122.28319,47.57408],[-122.28108,47.57426],[-122.27999,47.57324],[-122.28095,47.57199]]]},"properties":{"zone":3,"cell_type":"total isolation","proximity":1719.9,"opportunity":5203.1,"population":154}},{"type":"Feature","id":788,"geometry":{"type":"Polygon","coordinates":[[[-122.33858,47.61551],[-122.34112,47.61529],[-122.34249,47.61657],[-122.34132,47.61808],[-122.33877,47.61831],[-122.33741,47.61702],[-122.33858,47.61551]]]},"properties":{"zone":0,"cell_type":"inclusion","proximity":5881.5,"opportunity":13240.1,"population":380}},{"type":"Feature","id":789,"geometry":{"type":"Polygon","coordinates":[[[-122.33626,47.56541],[-122.33626,47.56541],[-122.3362,47.56541],[-122.3362,47.56541],[-122.33626,47.56541]]]},"properties":{"zone":3,"cell_type":"total isolation","proximity":1575.1,"opportunity":894.3,"population":1}},{"type":"Feature","id":790,"geometry":{"type":"Polygon","coordinates":[[[-122.31313,47.69533],[-122.31553,47.69512],[-122.31682,47.69632],[-122.31571,47.69775],[-122.3133,47.69796],[-122.31202,47.69676],[-122.31313,47.69533]]]},"properties":{"zone":1,"cell_type":"spatial isolation","proximity":3201.6,"opportunity":7736.7,"population":287}},{"type":"Feature","id":791,"geometry":{"type":"Polygon","coordinates":[[[-122.40007,47.65459],[-122.4026,47.65437],[-122.40396,47.65564],[-122.4028,47.65714],[-122.40027,47.65737],[-122.39891,47.65609],[-122.40007,47.65459]]]},"properties":{"zone":3,"cell_type":"total isolation","proximity":2055.1,"opportunity":5364,"population":369}},{"type":"Feature","id":792,"geometry":{"type":"Polygon","coordinates":[[[-122.33772,47.65725],[-122.34021,47.65703],[-122.34154,47.65828],[-122.3404,47.65976],[-122.33791,47.65998],[-122.33657,47.65873],[-122.33772,47.65725]]]},"properties":{"zone":0,"cell_type":"inclusion","proximity":4561.2,"opportunity":10506.2,"population":341}},{"type":"Feature","id":793,"geometry":{"type":"Polygon","coordinates":[[[-122.28143,47.68954],[-122.28378,47.68933],[-122.28503,47.6905],[-122.28395,47.6919],[-122.28159,47.6921],[-122.28034,47.69093],[-122.28143,47.68954]]]},"properties":{"zone":3,"cell_type":"total isolation","proximity":2102.9,"opportunity":5871.5,"population":256}},{"type":"Feature","id":794,"geometry":{"type":"Polygon","coordinates":[[[-122.28426,47.72676],[-122.28632,47.72658],[-122.28738,47.72757],[-122.28644,47.72879],[-122.28438,47.72897],[-122.28332,47.72797],[-122.28426,47.72676]]]},"properties":{"zone":3,"cell_type":"total isolation","proximity":1180,"opportunity":5790.7,"population":138}},{"type":"Feature","id":795,"geometry":{"type":"Polygon","coordinates":[[[-122.3996,47.69664],[-122.40146,47.69648],[-122.4024,47.69735],[-122.40155,47.69845],[-122.39969,47.69861],[-122.39876,47.69774],[-122.3996,47.69664]]]},"properties":{"zone":3,"cell_type":"total isolation","proximity":1244.6,"opportunity":718.8,"population":92}},{"type":"Feature","id":796,"geometry":{"type":"Polygon","coordinates":[[[-122.34294,47.72857],[-122.34534,47.72836],[-122.34661,47.72955],[-122.34551,47.73097],[-122.34311,47.73118],[-122.34184,47.72999],[-122.34294,47.72857]]]},"properties":{"zone":3,"cell_type":"total isolation","proximity":1566.6,"opportunity":6231.3,"population":278}},{"type":"Feature","id":797,"geometry":{"type":"Polygon","coordinates":[[[-122.34791,47.69072],[-122.3505,47.6905],[-122.3519,47.69181],[-122.35071,47.69335],[-122.34812,47.69358],[-122.34672,47.69226],[-122.34791,47.69072]]]},"properties":{"zone":0,"cell_type":"inclusion","proximity":3525.6,"opportunity":9158,"population":495}},{"type":"Feature","id":798,"geometry":{"type":"Polygon","coordinates":[[[-122.30844,47.56326],[-122.30915,47.5632],[-122.30934,47.56338],[-122.30904,47.56377],[-122.30834,47.56383],[-122.30814,47.56365],[-122.30844,47.56326]]]},"properties":{"zone":3,"cell_type":"total isolation","proximity":1774.1,"opportunity":7647.1,"population":8}},{"type":"Feature","id":799,"geometry":{"type":"Polygon","coordinates":[[[-122.37493,47.68416],[-122.37732,47.68395],[-122.37859,47.68514],[-122.3775,47.68656],[-122.3751,47.68677],[-122.37383,47.68558],[-122.37493,47.68416]]]},"properties":{"zone":0,"cell_type":"inclusion","proximity":3023.8,"opportunity":8032.8,"population":277}},{"type":"Feature","id":800,"geometry":{"type":"Polygon","coordinates":[[[-122.31629,47.68501],[-122.3187,47.6848],[-122.31999,47.686],[-122.31888,47.68743],[-122.31647,47.68764],[-122.31518,47.68644],[-122.31629,47.68501]]]},"properties":{"zone":0,"cell_type":"inclusion","proximity":3883.2,"opportunity":9551.9,"population":288}},{"type":"Feature","id":801,"geometry":{"type":"Polygon","coordinates":[[[-122.26382,47.55319],[-122.26621,47.55298],[-122.26749,47.55418],[-122.26639,47.5556],[-122.26399,47.55581],[-122.26272,47.55461],[-122.26382,47.55319]]]},"properties":{"zone":3,"cell_type":"total isolation","proximity":1047.8,"opportunity":4874.8,"population":280}},{"type":"Feature","id":802,"geometry":{"type":"Polygon","coordinates":[[[-122.39892,47.63758],[-122.40128,47.63737],[-122.40252,47.63854],[-122.40145,47.63993],[-122.39909,47.64014],[-122.39785,47.63897],[-122.39892,47.63758]]]},"properties":{"zone":3,"cell_type":"total isolation","proximity":2021.3,"opportunity":5512.3,"population":256}},{"type":"Feature","id":803,"geometry":{"type":"Polygon","coordinates":[[[-122.29061,47.59706],[-122.29264,47.59688],[-122.29367,47.59786],[-122.29275,47.59905],[-122.29073,47.59923],[-122.28969,47.59825],[-122.29061,47.59706]]]},"properties":{"zone":1,"cell_type":"spatial isolation","proximity":2892.4,"opportunity":7497.5,"population":129}},{"type":"Feature","id":804,"geometry":{"type":"Polygon","coordinates":[[[-122.32063,47.63325],[-122.32257,47.63308],[-122.32356,47.63401],[-122.32267,47.63515],[-122.32073,47.63532],[-122.31975,47.63439],[-122.32063,47.63325]]]},"properties":{"zone":0,"cell_type":"inclusion","proximity":4301.3,"opportunity":8616.9,"population":108}},{"type":"Feature","id":805,"geometry":{"type":"Polygon","coordinates":[[[-122.28976,47.5163],[-122.28976,47.5163],[-122.2897,47.5163],[-122.2897,47.5163],[-122.28976,47.5163]]]},"properties":{"zone":3,"cell_type":"total isolation","proximity":300,"opportunity":16.3,"population":1}},{"type":"Feature","id":806,"geometry":{"type":"Polygon","coordinates":[[[-122.39517,47.69249],[-122.39743,47.69229],[-122.39862,47.6934],[-122.39759,47.69474],[-122.39532,47.69494],[-122.39413,47.69383],[-122.39517,47.69249]]]},"properties":{"zone":3,"cell_type":"total isolation","proximity":1696.5,"opportunity":5563.9,"population":212}},{"type":"Feature","id":807,"geometry":{"type":"Polygon","coordinates":[[[-122.31484,47.55062],[-122.31648,47.55048],[-122.31728,47.55123],[-122.31653,47.55219],[-122.31489,47.55233],[-122.3141,47.55159],[-122.31484,47.55062]]]},"properties":{"zone":3,"cell_type":"total isolation","proximity":1525.7,"opportunity":6511.7,"population":58}},{"type":"Feature","id":808,"geometry":{"type":"Polygon","coordinates":[[[-122.38388,47.63677],[-122.38503,47.63667],[-122.38551,47.63712],[-122.385,47.63778],[-122.38385,47.63788],[-122.38337,47.63743],[-122.38388,47.63677]]]},"properties":{"zone":3,"cell_type":"total isolation","proximity":2462.2,"opportunity":5329.1,"population":21}},{"type":"Feature","id":809,"geometry":{"type":"Polygon","coordinates":[[[-122.38175,47.67196],[-122.38435,47.67173],[-122.38575,47.67304],[-122.38455,47.67458],[-122.38196,47.67481],[-122.38056,47.6735],[-122.38175,47.67196]]]},"properties":{"zone":0,"cell_type":"inclusion","proximity":3225.8,"opportunity":8184.6,"population":581}},{"type":"Feature","id":810,"geometry":{"type":"Polygon","coordinates":[[[-122.28128,47.52433],[-122.2837,47.52412],[-122.28499,47.52534],[-122.28388,47.52678],[-122.28146,47.52699],[-122.28016,47.52577],[-122.28128,47.52433]]]},"properties":{"zone":3,"cell_type":"total isolation","proximity":847.3,"opportunity":5066.9,"population":298}},{"type":"Feature","id":811,"geometry":{"type":"Polygon","coordinates":[[[-122.29214,47.73148],[-122.29474,47.73125],[-122.29614,47.73256],[-122.29494,47.7341],[-122.29235,47.73433],[-122.29095,47.73302],[-122.29214,47.73148]]]},"properties":{"zone":3,"cell_type":"total isolation","proximity":1145.5,"opportunity":6182.4,"population":986}},{"type":"Feature","id":812,"geometry":{"type":"Polygon","coordinates":[[[-122.29004,47.53791],[-122.29251,47.53769],[-122.29384,47.53894],[-122.2927,47.54041],[-122.29022,47.54063],[-122.2889,47.53938],[-122.29004,47.53791]]]},"properties":{"zone":3,"cell_type":"total isolation","proximity":1210.8,"opportunity":6099.3,"population":332}},{"type":"Feature","id":813,"geometry":{"type":"Polygon","coordinates":[[[-122.28127,47.68674],[-122.28354,47.68654],[-122.28473,47.68766],[-122.28369,47.689],[-122.28142,47.6892],[-122.28023,47.68808],[-122.28127,47.68674]]]},"properties":{"zone":3,"cell_type":"total isolation","proximity":2167.5,"opportunity":5017.8,"population":214}},{"type":"Feature","id":814,"geometry":{"type":"Polygon","coordinates":[[[-122.3043,47.62854],[-122.30689,47.62832],[-122.30829,47.62963],[-122.3071,47.63117],[-122.3045,47.6314],[-122.30311,47.63009],[-122.3043,47.62854]]]},"properties":{"zone":0,"cell_type":"inclusion","proximity":4026.3,"opportunity":8002.8,"population":424}},{"type":"Feature","id":815,"geometry":{"type":"Polygon","coordinates":[[[-122.32248,47.71473],[-122.32466,47.71454],[-122.3258,47.7156],[-122.3248,47.71689],[-122.32262,47.71708],[-122.32148,47.71602],[-122.32248,47.71473]]]},"properties":{"zone":2,"cell_type":"social isolation","proximity":2391.4,"opportunity":8188.4,"population":178}},{"type":"Feature","id":816,"geometry":{"type":"Polygon","coordinates":[[[-122.33184,47.68364],[-122.33426,47.68342],[-122.33555,47.68463],[-122.33444,47.68607],[-122.33202,47.68628],[-122.33072,47.68507],[-122.33184,47.68364]]]},"properties":{"zone":0,"cell_type":"inclusion","proximity":3935.9,"opportunity":9179.2,"population":296}},{"type":"Feature","id":817,"geometry":{"type":"Polygon","coordinates":[[[-122.2941,47.59501],[-122.29663,47.59478],[-122.29799,47.59606],[-122.29683,47.59757],[-122.2943,47.59779],[-122.29293,47.59651],[-122.2941,47.59501]]]},"properties":{"zone":0,"cell_type":"inclusion","proximity":2996.3,"opportunity":8327.7,"population":373}},{"type":"Feature","id":818,"geometry":{"type":"Polygon","coordinates":[[[-122.36144,47.66089],[-122.36395,47.66067],[-122.36529,47.66193],[-122.36414,47.66342],[-122.36163,47.66364],[-122.36028,47.66238],[-122.36144,47.66089]]]},"properties":{"zone":0,"cell_type":"inclusion","proximity":4055.3,"opportunity":9920.6,"population":355}},{"type":"Feature","id":819,"geometry":{"type":"Polygon","coordinates":[[[-122.30763,47.67157],[-122.3098,47.67138],[-122.31092,47.67244],[-122.30993,47.67372],[-122.30776,47.67391],[-122.30664,47.67285],[-122.30763,47.67157]]]},"properties":{"zone":0,"cell_type":"inclusion","proximity":3941.3,"opportunity":9820.4,"population":173}},{"type":"Feature","id":820,"geometry":{"type":"Polygon","coordinates":[[[-122.27403,47.53349],[-122.27662,47.53326],[-122.27802,47.53458],[-122.27682,47.53612],[-122.27424,47.53635],[-122.27284,47.53503],[-122.27403,47.53349]]]},"properties":{"zone":3,"cell_type":"total isolation","proximity":1044.8,"opportunity":5433.9,"population":438}},{"type":"Feature","id":821,"geometry":{"type":"Polygon","coordinates":[[[-122.41344,47.65911],[-122.41344,47.65911],[-122.41337,47.65911],[-122.41337,47.65911],[-122.41344,47.65911]]]},"properties":{"zone":3,"cell_type":"total isolation","proximity":1406.3,"opportunity":2956.5,"population":0}},{"type":"Feature","id":822,"geometry":{"type":"Polygon","coordinates":[[[-122.28023,47.72298],[-122.28201,47.72283],[-122.28289,47.72365],[-122.28208,47.72469],[-122.2803,47.72485],[-122.27942,47.72403],[-122.28023,47.72298]]]},"properties":{"zone":3,"cell_type":"total isolation","proximity":1087.7,"opportunity":4795.1,"population":77}},{"type":"Feature","id":823,"geometry":{"type":"Polygon","coordinates":[[[-122.29769,47.69681],[-122.29989,47.69662],[-122.30105,47.6977],[-122.30004,47.699],[-122.29783,47.6992],[-122.29667,47.69811],[-122.29769,47.69681]]]},"properties":{"zone":3,"cell_type":"total isolation","proximity":2685.9,"opportunity":5295.2,"population":188}},{"type":"Feature","id":824,"geometry":{"type":"Polygon","coordinates":[[[-122.35726,47.71011],[-122.35964,47.7099],[-122.36091,47.71108],[-122.35982,47.71249],[-122.35743,47.7127],[-122.35617,47.71152],[-122.35726,47.71011]]]},"properties":{"zone":3,"cell_type":"total isolation","proximity":2181.1,"opportunity":6700.9,"population":272}},{"type":"Feature","id":825,"geometry":{"type":"Polygon","coordinates":[[[-122.33248,47.56718],[-122.33248,47.56718],[-122.33242,47.56718],[-122.33242,47.56718],[-122.33248,47.56718]]]},"properties":{"zone":3,"cell_type":"total isolation","proximity":1901.6,"opportunity":7244.9,"population":0}},{"type":"Feature","id":826,"geometry":{"type":"Polygon","coordinates":[[[-122.29593,47.72971],[-122.29853,47.72949],[-122.29993,47.7308],[-122.29873,47.73233],[-122.29614,47.73256],[-122.29474,47.73125],[-122.29593,47.72971]]]},"properties":{"zone":3,"cell_type":"total isolation","proximity":1265.8,"opportunity":5637.4,"population":491}},{"type":"Feature","id":827,"geometry":{"type":"Polygon","coordinates":[[[-122.38781,47.64575],[-122.39013,47.64555],[-122.39136,47.6467],[-122.3903,47.64808],[-122.38797,47.64829],[-122.38674,47.64713],[-122.38781,47.64575]]]},"properties":{"zone":3,"cell_type":"total isolation","proximity":2502.3,"opportunity":6133.8,"population":243}},{"type":"Feature","id":828,"geometry":{"type":"Polygon","coordinates":[[[-122.34564,47.65936],[-122.34823,47.65913],[-122.34963,47.66044],[-122.34843,47.66198],[-122.34584,47.66221],[-122.34444,47.6609],[-122.34564,47.65936]]]},"properties":{"zone":0,"cell_type":"inclusion","proximity":4645.6,"opportunity":11676.1,"population":694}},{"type":"Feature","id":829,"geometry":{"type":"Polygon","coordinates":[[[-122.28942,47.69172],[-122.29176,47.69151],[-122.293,47.69267],[-122.29192,47.69406],[-122.28958,47.69426],[-122.28834,47.6931],[-122.28942,47.69172]]]},"properties":{"zone":3,"cell_type":"total isolation","proximity":2448.8,"opportunity":6964.6,"population":249}},{"type":"Feature","id":830,"geometry":{"type":"Polygon","coordinates":[[[-122.38679,47.68729],[-122.38938,47.68706],[-122.39078,47.68837],[-122.38959,47.68991],[-122.38699,47.69014],[-122.38559,47.68883],[-122.38679,47.68729]]]},"properties":{"zone":2,"cell_type":"social isolation","proximity":2393,"opportunity":8112.6,"population":437}},{"type":"Feature","id":831,"geometry":{"type":"Polygon","coordinates":[[[-122.43274,47.66131],[-122.43361,47.66124],[-122.43392,47.66152],[-122.43354,47.66201],[-122.43267,47.66209],[-122.43236,47.6618],[-122.43274,47.66131]]]},"properties":{"zone":3,"cell_type":"total isolation","proximity":733.8,"opportunity":22.8,"population":12}},{"type":"Feature","id":832,"geometry":{"type":"Polygon","coordinates":[[[-122.31392,47.65354],[-122.31651,47.65331],[-122.31791,47.65462],[-122.31672,47.65616],[-122.31413,47.65639],[-122.31273,47.65508],[-122.31392,47.65354]]]},"properties":{"zone":0,"cell_type":"inclusion","proximity":4861.1,"opportunity":11920.1,"population":2032}},{"type":"Feature","id":833,"geometry":{"type":"Polygon","coordinates":[[[-122.33993,47.68856],[-122.34252,47.68833],[-122.34392,47.68964],[-122.34273,47.69118],[-122.34014,47.69141],[-122.33874,47.6901],[-122.33993,47.68856]]]},"properties":{"zone":0,"cell_type":"inclusion","proximity":3720.3,"opportunity":10392,"population":533}},{"type":"Feature","id":834,"geometry":{"type":"Polygon","coordinates":[[[-122.31545,47.5645],[-122.31781,47.56429],[-122.31907,47.56547],[-122.31798,47.56688],[-122.31562,47.56709],[-122.31436,47.5659],[-122.31545,47.5645]]]},"properties":{"zone":3,"cell_type":"total isolation","proximity":1967.2,"opportunity":7173.8,"population":265}},{"type":"Feature","id":835,"geometry":{"type":"Polygon","coordinates":[[[-122.30225,47.6],[-122.30484,47.59978],[-122.30623,47.60109],[-122.30504,47.60263],[-122.30245,47.60286],[-122.30105,47.60154],[-122.30225,47.6]]]},"properties":{"zone":0,"cell_type":"inclusion","proximity":3924.3,"opportunity":8846.5,"population":641}},{"type":"Feature","id":836,"geometry":{"type":"Polygon","coordinates":[[[-122.37103,47.68582],[-122.37362,47.68559],[-122.37502,47.6869],[-122.37383,47.68844],[-122.37124,47.68867],[-122.36984,47.68736],[-122.37103,47.68582]]]},"properties":{"zone":0,"cell_type":"inclusion","proximity":3118.2,"opportunity":8058.9,"population":439}},{"type":"Feature","id":837,"geometry":{"type":"Polygon","coordinates":[[[-122.37191,47.64413],[-122.3745,47.6439],[-122.37589,47.64521],[-122.3747,47.64675],[-122.37211,47.64698],[-122.37071,47.64567],[-122.37191,47.64413]]]},"properties":{"zone":0,"cell_type":"inclusion","proximity":3188.9,"opportunity":8775.6,"population":486}},{"type":"Feature","id":838,"geometry":{"type":"Polygon","coordinates":[[[-122.31559,47.67638],[-122.31815,47.67615],[-122.31952,47.67744],[-122.31835,47.67896],[-122.31579,47.67918],[-122.31442,47.67789],[-122.31559,47.67638]]]},"properties":{"zone":0,"cell_type":"inclusion","proximity":4217.4,"opportunity":11791.9,"population":388}},{"type":"Feature","id":839,"geometry":{"type":"Polygon","coordinates":[[[-122.28372,47.5586],[-122.28617,47.55839],[-122.28748,47.55962],[-122.28635,47.56108],[-122.2839,47.56129],[-122.28259,47.56006],[-122.28372,47.5586]]]},"properties":{"zone":3,"cell_type":"total isolation","proximity":1725.7,"opportunity":6983.6,"population":315}},{"type":"Feature","id":840,"geometry":{"type":"Polygon","coordinates":[[[-122.37089,47.73083],[-122.37258,47.73069],[-122.3734,47.73145],[-122.37264,47.73244],[-122.37095,47.73259],[-122.37012,47.73182],[-122.37089,47.73083]]]},"properties":{"zone":3,"cell_type":"total isolation","proximity":717.4,"opportunity":14.4,"population":64}},{"type":"Feature","id":841,"geometry":{"type":"Polygon","coordinates":[[[-122.40686,47.6397],[-122.40928,47.63948],[-122.41058,47.6407],[-122.40947,47.64214],[-122.40704,47.64235],[-122.40574,47.64114],[-122.40686,47.6397]]]},"properties":{"zone":3,"cell_type":"total isolation","proximity":1670.7,"opportunity":4956.8,"population":299}},{"type":"Feature","id":842,"geometry":{"type":"Polygon","coordinates":[[[-122.2677,47.49554],[-122.26976,47.49536],[-122.27082,47.49635],[-122.26988,47.49757],[-122.26782,47.49775],[-122.26677,47.49675],[-122.2677,47.49554]]]},"properties":{"zone":3,"cell_type":"total isolation","proximity":259.4,"opportunity":2145.6,"population":138}},{"type":"Feature","id":843,"geometry":{"type":"Polygon","coordinates":[[[-122.32589,47.65679],[-122.32848,47.65657],[-122.32988,47.65788],[-122.32869,47.65942],[-122.3261,47.65965],[-122.3247,47.65833],[-122.32589,47.65679]]]},"properties":{"zone":0,"cell_type":"inclusion","proximity":4563.9,"opportunity":9763.8,"population":523}},{"type":"Feature","id":844,"geometry":{"type":"Polygon","coordinates":[[[-122.36557,47.71523],[-122.36775,47.71504],[-122.36889,47.7161],[-122.36789,47.71739],[-122.36571,47.71758],[-122.36457,47.71652],[-122.36557,47.71523]]]},"properties":{"zone":3,"cell_type":"total isolation","proximity":1591.3,"opportunity":4149.2,"population":178}},{"type":"Feature","id":845,"geometry":{"type":"Polygon","coordinates":[[[-122.37597,47.63468],[-122.377,47.63459],[-122.3774,47.63496],[-122.37695,47.63555],[-122.37592,47.63564],[-122.37552,47.63526],[-122.37597,47.63468]]]},"properties":{"zone":0,"cell_type":"inclusion","proximity":3320.6,"opportunity":10064.6,"population":16}},{"type":"Feature","id":846,"geometry":{"type":"Polygon","coordinates":[[[-122.39738,47.67066],[-122.39983,47.67044],[-122.40115,47.67167],[-122.40002,47.67313],[-122.39756,47.67334],[-122.39625,47.67211],[-122.39738,47.67066]]]},"properties":{"zone":3,"cell_type":"total isolation","proximity":2427.2,"opportunity":6559.6,"population":317}},{"type":"Feature","id":847,"geometry":{"type":"Polygon","coordinates":[[[-122.26894,47.51537],[-122.27132,47.51516],[-122.27259,47.51635],[-122.27149,47.51777],[-122.26911,47.51797],[-122.26785,47.51678],[-122.26894,47.51537]]]},"properties":{"zone":3,"cell_type":"total isolation","proximity":679.5,"opportunity":4637.5,"population":273}},{"type":"Feature","id":848,"geometry":{"type":"Polygon","coordinates":[[[-122.26877,47.67766],[-122.27124,47.67745],[-122.27256,47.67869],[-122.27142,47.68015],[-122.26895,47.68037],[-122.26763,47.67913],[-122.26877,47.67766]]]},"properties":{"zone":3,"cell_type":"total isolation","proximity":1970.4,"opportunity":7109.1,"population":325}},{"type":"Feature","id":849,"geometry":{"type":"Polygon","coordinates":[[[-122.23763,47.50984],[-122.2394,47.50968],[-122.24028,47.51051],[-122.23947,47.51156],[-122.2377,47.51171],[-122.23682,47.51088],[-122.23763,47.50984]]]},"properties":{"zone":3,"cell_type":"total isolation","proximity":274.1,"opportunity":10.6,"population":77}},{"type":"Feature","id":850,"geometry":{"type":"Polygon","coordinates":[[[-122.28997,47.63905],[-122.29152,47.63892],[-122.29226,47.63961],[-122.29156,47.64051],[-122.29001,47.64065],[-122.28927,47.63996],[-122.28997,47.63905]]]},"properties":{"zone":3,"cell_type":"total isolation","proximity":1811.6,"opportunity":120.8,"population":48}},{"type":"Feature","id":851,"geometry":{"type":"Polygon","coordinates":[[[-122.33048,47.7169],[-122.33264,47.71671],[-122.33377,47.71777],[-122.33278,47.71904],[-122.33061,47.71923],[-122.32949,47.71818],[-122.33048,47.7169]]]},"properties":{"zone":3,"cell_type":"total isolation","proximity":2146.2,"opportunity":6787.1,"population":172}},{"type":"Feature","id":852,"geometry":{"type":"Polygon","coordinates":[[[-122.31951,47.67473],[-122.32184,47.67453],[-122.32307,47.67569],[-122.322,47.67707],[-122.31967,47.67727],[-122.31844,47.67611],[-122.31951,47.67473]]]},"properties":{"zone":0,"cell_type":"inclusion","proximity":4458.2,"opportunity":11891.6,"population":244}},{"type":"Feature","id":853,"geometry":{"type":"Polygon","coordinates":[[[-122.29358,47.58653],[-122.29595,47.58632],[-122.29721,47.58751],[-122.29612,47.58891],[-122.29375,47.58912],[-122.29249,47.58794],[-122.29358,47.58653]]]},"properties":{"zone":3,"cell_type":"total isolation","proximity":2640.5,"opportunity":7621,"population":265}},{"type":"Feature","id":854,"geometry":{"type":"Polygon","coordinates":[[[-122.35849,47.62091],[-122.36108,47.62068],[-122.36248,47.62199],[-122.36128,47.62353],[-122.3587,47.62376],[-122.3573,47.62245],[-122.35849,47.62091]]]},"properties":{"zone":0,"cell_type":"inclusion","proximity":4456.2,"opportunity":10857.5,"population":533}},{"type":"Feature","id":855,"geometry":{"type":"Polygon","coordinates":[[[-122.3036,47.6731],[-122.30619,47.67288],[-122.30759,47.67419],[-122.30639,47.67573],[-122.3038,47.67595],[-122.3024,47.67464],[-122.3036,47.6731]]]},"properties":{"zone":0,"cell_type":"inclusion","proximity":3815.6,"opportunity":10376.8,"population":495}},{"type":"Feature","id":856,"geometry":{"type":"Polygon","coordinates":[[[-122.26323,47.54464],[-122.26559,47.54444],[-122.26683,47.54561],[-122.26575,47.54701],[-122.2634,47.54721],[-122.26215,47.54604],[-122.26323,47.54464]]]},"properties":{"zone":3,"cell_type":"total isolation","proximity":999.1,"opportunity":4931.5,"population":257}},{"type":"Feature","id":857,"geometry":{"type":"Polygon","coordinates":[[[-122.32679,47.61508],[-122.32938,47.61485],[-122.33078,47.61617],[-122.32959,47.61771],[-122.327,47.61794],[-122.3256,47.61662],[-122.32679,47.61508]]]},"properties":{"zone":0,"cell_type":"inclusion","proximity":5987.6,"opportunity":12601.9,"population":1070}},{"type":"Feature","id":858,"geometry":{"type":"Polygon","coordinates":[[[-122.35655,47.70147],[-122.35909,47.70125],[-122.36045,47.70252],[-122.35929,47.70403],[-122.35675,47.70426],[-122.35538,47.70298],[-122.35655,47.70147]]]},"properties":{"zone":2,"cell_type":"social isolation","proximity":2682.5,"opportunity":7994,"population":376}},{"type":"Feature","id":859,"geometry":{"type":"Polygon","coordinates":[[[-122.39592,47.6507],[-122.39837,47.65048],[-122.39968,47.65171],[-122.39855,47.65316],[-122.39611,47.65338],[-122.3948,47.65215],[-122.39592,47.6507]]]},"properties":{"zone":3,"cell_type":"total isolation","proximity":2164.3,"opportunity":4687,"population":312}},{"type":"Feature","id":860,"geometry":{"type":"Polygon","coordinates":[[[-122.32613,47.58491],[-122.32602,47.58505],[-122.32571,47.58508],[-122.32582,47.58494],[-122.32613,47.58491]]]},"properties":{"zone":0,"cell_type":"inclusion","proximity":3256.4,"opportunity":9777.8,"population":4}},{"type":"Feature","id":861,"geometry":{"type":"Polygon","coordinates":[[[-122.30292,47.71501],[-122.30511,47.71482],[-122.30625,47.71589],[-122.30525,47.71718],[-122.30306,47.71737],[-122.30192,47.7163],[-122.30292,47.71501]]]},"properties":{"zone":3,"cell_type":"total isolation","proximity":2109.4,"opportunity":7113.4,"population":179}},{"type":"Feature","id":862,"geometry":{"type":"Polygon","coordinates":[[[-122.3237,47.72916],[-122.32556,47.72899],[-122.32649,47.72987],[-122.32564,47.73095],[-122.32378,47.73112],[-122.32285,47.73025],[-122.3237,47.72916]]]},"properties":{"zone":3,"cell_type":"total isolation","proximity":1494,"opportunity":2895.8,"population":91}},{"type":"Feature","id":863,"geometry":{"type":"Polygon","coordinates":[[[-122.33325,47.65041],[-122.33584,47.65018],[-122.33724,47.65149],[-122.33605,47.65303],[-122.33346,47.65326],[-122.33206,47.65195],[-122.33325,47.65041]]]},"properties":{"zone":0,"cell_type":"inclusion","proximity":4286.6,"opportunity":10126.3,"population":489}},{"type":"Feature","id":864,"geometry":{"type":"Polygon","coordinates":[[[-122.27846,47.70272],[-122.28081,47.70251],[-122.28205,47.70367],[-122.28097,47.70506],[-122.27863,47.70526],[-122.27739,47.7041],[-122.27846,47.70272]]]},"properties":{"zone":3,"cell_type":"total isolation","proximity":1671.3,"opportunity":5099.6,"population":250}},{"type":"Feature","id":865,"geometry":{"type":"Polygon","coordinates":[[[-122.39483,47.68951],[-122.39732,47.68929],[-122.39865,47.69054],[-122.39751,47.69202],[-122.39502,47.69224],[-122.39368,47.69099],[-122.39483,47.68951]]]},"properties":{"zone":3,"cell_type":"total isolation","proximity":1963.4,"opportunity":7312.2,"population":341}},{"type":"Feature","id":866,"geometry":{"type":"Polygon","coordinates":[[[-122.2711,47.6559],[-122.27362,47.65568],[-122.27497,47.65695],[-122.27381,47.65844],[-122.27129,47.65866],[-122.26994,47.6574],[-122.2711,47.6559]]]},"properties":{"zone":3,"cell_type":"total isolation","proximity":2082,"opportunity":5802.6,"population":359}},{"type":"Feature","id":867,"geometry":{"type":"Polygon","coordinates":[[[-122.30178,47.64481],[-122.30396,47.64462],[-122.3051,47.64569],[-122.3041,47.64697],[-122.30192,47.64716],[-122.30078,47.6461],[-122.30178,47.64481]]]},"properties":{"zone":0,"cell_type":"inclusion","proximity":3917,"opportunity":11145.9,"population":178}},{"type":"Feature","id":868,"geometry":{"type":"Polygon","coordinates":[[[-122.32993,47.70047],[-122.33091,47.70038],[-122.33127,47.70073],[-122.33085,47.70128],[-122.32987,47.70137],[-122.3295,47.70102],[-122.32993,47.70047]]]},"properties":{"zone":0,"cell_type":"inclusion","proximity":2988.8,"opportunity":10753.4,"population":14}},{"type":"Feature","id":869,"geometry":{"type":"Polygon","coordinates":[[[-122.30306,47.55551],[-122.30546,47.5553],[-122.30673,47.5565],[-122.30563,47.55792],[-122.30324,47.55813],[-122.30197,47.55693],[-122.30306,47.55551]]]},"properties":{"zone":3,"cell_type":"total isolation","proximity":1721.4,"opportunity":7144.9,"population":278}},{"type":"Feature","id":870,"geometry":{"type":"Polygon","coordinates":[[[-122.30307,47.61143],[-122.30565,47.6112],[-122.30704,47.61251],[-122.30586,47.61404],[-122.30328,47.61427],[-122.30189,47.61296],[-122.30307,47.61143]]]},"properties":{"zone":0,"cell_type":"inclusion","proximity":4470.2,"opportunity":9186.1,"population":411}},{"type":"Feature","id":871,"geometry":{"type":"Polygon","coordinates":[[[-122.36307,47.68368],[-122.36562,47.68345],[-122.36699,47.68474],[-122.36582,47.68625],[-122.36327,47.68647],[-122.3619,47.68519],[-122.36307,47.68368]]]},"properties":{"zone":0,"cell_type":"inclusion","proximity":3376.3,"opportunity":8223.4,"population":384}},{"type":"Feature","id":872,"geometry":{"type":"Polygon","coordinates":[[[-122.36816,47.64593],[-122.37069,47.64571],[-122.37204,47.64698],[-122.37088,47.64848],[-122.36836,47.64871],[-122.367,47.64743],[-122.36816,47.64593]]]},"properties":{"zone":0,"cell_type":"inclusion","proximity":3316.8,"opportunity":8255.9,"population":366}},{"type":"Feature","id":873,"geometry":{"type":"Polygon","coordinates":[[[-122.31182,47.67816],[-122.31435,47.67794],[-122.3157,47.67921],[-122.31454,47.68071],[-122.31202,47.68093],[-122.31066,47.67966],[-122.31182,47.67816]]]},"properties":{"zone":0,"cell_type":"inclusion","proximity":4078,"opportunity":11466.5,"population":364}},{"type":"Feature","id":874,"geometry":{"type":"Polygon","coordinates":[[[-122.27133,47.54961],[-122.27381,47.54939],[-122.27514,47.55064],[-122.274,47.55212],[-122.27152,47.55233],[-122.27019,47.55108],[-122.27133,47.54961]]]},"properties":{"zone":3,"cell_type":"total isolation","proximity":1279,"opportunity":5025.9,"population":336}},{"type":"Feature","id":875,"geometry":{"type":"Polygon","coordinates":[[[-122.36674,47.72696],[-122.36834,47.72681],[-122.36911,47.72753],[-122.36838,47.72846],[-122.36678,47.7286],[-122.36602,47.72789],[-122.36674,47.72696]]]},"properties":{"zone":3,"cell_type":"total isolation","proximity":1129.1,"opportunity":3623.8,"population":53}},{"type":"Feature","id":876,"geometry":{"type":"Polygon","coordinates":[[[-122.33365,47.58962],[-122.33461,47.58954],[-122.33497,47.58988],[-122.33455,47.59042],[-122.33359,47.59051],[-122.33323,47.59017],[-122.33365,47.58962]]]},"properties":{"zone":0,"cell_type":"inclusion","proximity":3654.1,"opportunity":9708.9,"population":14}},{"type":"Feature","id":877,"geometry":{"type":"Polygon","coordinates":[[[-122.39084,47.63266],[-122.39302,47.63247],[-122.39415,47.63353],[-122.39316,47.63482],[-122.39098,47.63501],[-122.38985,47.63395],[-122.39084,47.63266]]]},"properties":{"zone":2,"cell_type":"social isolation","proximity":2395.3,"opportunity":8749,"population":177}},{"type":"Feature","id":878,"geometry":{"type":"Polygon","coordinates":[[[-122.3066,47.54553],[-122.30835,47.54538],[-122.30922,47.54619],[-122.30842,47.54722],[-122.30667,47.54737],[-122.30581,47.54656],[-122.3066,47.54553]]]},"properties":{"zone":3,"cell_type":"total isolation","proximity":1412.9,"opportunity":5610.3,"population":73}},{"type":"Feature","id":879,"geometry":{"type":"Polygon","coordinates":[[[-122.353,47.65297],[-122.35559,47.65274],[-122.35699,47.65406],[-122.35579,47.6556],[-122.3532,47.65582],[-122.3518,47.65451],[-122.353,47.65297]]]},"properties":{"zone":0,"cell_type":"inclusion","proximity":4347,"opportunity":10201.8,"population":698}},{"type":"Feature","id":880,"geometry":{"type":"Polygon","coordinates":[[[-122.27728,47.62978],[-122.27938,47.62959],[-122.28046,47.63061],[-122.2795,47.63185],[-122.2774,47.63204],[-122.27632,47.63102],[-122.27728,47.62978]]]},"properties":{"zone":3,"cell_type":"total isolation","proximity":2317.1,"opportunity":4954.4,"population":151}},{"type":"Feature","id":881,"geometry":{"type":"Polygon","coordinates":[[[-122.34637,47.71586],[-122.34796,47.71572],[-122.34872,47.71643],[-122.348,47.71735],[-122.34641,47.71749],[-122.34565,47.71678],[-122.34637,47.71586]]]},"properties":{"zone":3,"cell_type":"total isolation","proximity":2183.3,"opportunity":6402.5,"population":52}},{"type":"Feature","id":882,"geometry":{"type":"Polygon","coordinates":[[[-122.26134,47.68133],[-122.26356,47.68114],[-122.26473,47.68223],[-122.26371,47.68355],[-122.26148,47.68374],[-122.26031,47.68265],[-122.26134,47.68133]]]},"properties":{"zone":3,"cell_type":"total isolation","proximity":1694.9,"opportunity":7812,"population":197}},{"type":"Feature","id":883,"geometry":{"type":"Polygon","coordinates":[[[-122.32754,47.67696],[-122.32978,47.67676],[-122.33095,47.67786],[-122.32993,47.67918],[-122.32769,47.67938],[-122.32652,47.67828],[-122.32754,47.67696]]]},"properties":{"zone":0,"cell_type":"inclusion","proximity":4294,"opportunity":9832.3,"population":199}},{"type":"Feature","id":884,"geometry":{"type":"Polygon","coordinates":[[[-122.2898,47.5883],[-122.29217,47.58809],[-122.29343,47.58927],[-122.29234,47.59068],[-122.28997,47.59089],[-122.28871,47.58971],[-122.2898,47.5883]]]},"properties":{"zone":3,"cell_type":"total isolation","proximity":2455.4,"opportunity":7466.8,"population":266}},{"type":"Feature","id":885,"geometry":{"type":"Polygon","coordinates":[[[-122.4037,47.65002],[-122.40613,47.6498],[-122.40744,47.65102],[-122.40632,47.65247],[-122.40388,47.65268],[-122.40258,47.65147],[-122.4037,47.65002]]]},"properties":{"zone":3,"cell_type":"total isolation","proximity":1763.7,"opportunity":3116,"population":305}},{"type":"Feature","id":886,"geometry":{"type":"Polygon","coordinates":[[[-122.29561,47.67093],[-122.29821,47.67071],[-122.29961,47.67202],[-122.29841,47.67356],[-122.29582,47.67378],[-122.29442,47.67247],[-122.29561,47.67093]]]},"properties":{"zone":0,"cell_type":"inclusion","proximity":3515.1,"opportunity":8503.8,"population":455}},{"type":"Feature","id":887,"geometry":{"type":"Polygon","coordinates":[[[-122.27107,47.54669],[-122.27366,47.54646],[-122.27505,47.54778],[-122.27386,47.54932],[-122.27127,47.54955],[-122.26987,47.54823],[-122.27107,47.54669]]]},"properties":{"zone":3,"cell_type":"total isolation","proximity":1225.3,"opportunity":4649.9,"population":435}},{"type":"Feature","id":888,"geometry":{"type":"Polygon","coordinates":[[[-122.26052,47.66992],[-122.26275,47.66973],[-122.26391,47.67082],[-122.26289,47.67214],[-122.26067,47.67233],[-122.2595,47.67124],[-122.26052,47.66992]]]},"properties":{"zone":3,"cell_type":"total isolation","proximity":1564.5,"opportunity":4657.6,"population":195}},{"type":"Feature","id":889,"geometry":{"type":"Polygon","coordinates":[[[-122.35273,47.70321],[-122.35532,47.70298],[-122.35672,47.70429],[-122.35553,47.70583],[-122.35294,47.70606],[-122.35154,47.70475],[-122.35273,47.70321]]]},"properties":{"zone":2,"cell_type":"social isolation","proximity":2819.5,"opportunity":8596.1,"population":509}},{"type":"Feature","id":890,"geometry":{"type":"Polygon","coordinates":[[[-122.34049,47.57211],[-122.34092,47.57207],[-122.34093,47.57209],[-122.34077,47.5723],[-122.34034,47.57234],[-122.34033,47.57233],[-122.34049,47.57211]]]},"properties":{"zone":3,"cell_type":"total isolation","proximity":2169.2,"opportunity":7335.8,"population":5}},{"type":"Feature","id":891,"geometry":{"type":"Polygon","coordinates":[[[-122.31217,47.57473],[-122.31473,47.5745],[-122.3161,47.5758],[-122.31493,47.57732],[-122.31237,47.57754],[-122.311,47.57625],[-122.31217,47.57473]]]},"properties":{"zone":2,"cell_type":"social isolation","proximity":2574.9,"opportunity":8801.9,"population":392}},{"type":"Feature","id":892,"geometry":{"type":"Polygon","coordinates":[[[-122.36392,47.69509],[-122.36644,47.69487],[-122.3678,47.69614],[-122.36664,47.69764],[-122.36411,47.69786],[-122.36275,47.69659],[-122.36392,47.69509]]]},"properties":{"zone":2,"cell_type":"social isolation","proximity":2873.1,"opportunity":7973.1,"population":367}},{"type":"Feature","id":893,"geometry":{"type":"Polygon","coordinates":[[[-122.30226,47.70641],[-122.30453,47.70621],[-122.30573,47.70733],[-122.30468,47.70867],[-122.30241,47.70887],[-122.30121,47.70775],[-122.30226,47.70641]]]},"properties":{"zone":3,"cell_type":"total isolation","proximity":2440.2,"opportunity":7756,"population":216}},{"type":"Feature","id":894,"geometry":{"type":"Polygon","coordinates":[[[-122.32031,47.73131],[-122.32148,47.73121],[-122.32197,47.73167],[-122.32145,47.73233],[-122.32028,47.73244],[-122.31979,47.73198],[-122.32031,47.73131]]]},"properties":{"zone":3,"cell_type":"total isolation","proximity":1312.7,"opportunity":61.5,"population":22}},{"type":"Feature","id":895,"geometry":{"type":"Polygon","coordinates":[[[-122.32193,47.54398],[-122.32402,47.54379],[-122.3251,47.54481],[-122.32414,47.54604],[-122.32206,47.54623],[-122.32098,47.54521],[-122.32193,47.54398]]]},"properties":{"zone":3,"cell_type":"total isolation","proximity":1194.6,"opportunity":4130.4,"population":148}},{"type":"Feature","id":896,"geometry":{"type":"Polygon","coordinates":[[[-122.2879,47.72485],[-122.29022,47.72464],[-122.29145,47.72579],[-122.29038,47.72717],[-122.28806,47.72737],[-122.28683,47.72622],[-122.2879,47.72485]]]},"properties":{"zone":3,"cell_type":"total isolation","proximity":1347.2,"opportunity":6229.6,"population":240}},{"type":"Feature","id":897,"geometry":{"type":"Polygon","coordinates":[[[-122.28753,47.65539],[-122.28853,47.65531],[-122.28892,47.65567],[-122.28848,47.65623],[-122.28748,47.65632],[-122.2871,47.65596],[-122.28753,47.65539]]]},"properties":{"zone":3,"cell_type":"total isolation","proximity":2862.3,"opportunity":6769.6,"population":15}},{"type":"Feature","id":898,"geometry":{"type":"Polygon","coordinates":[[[-122.32775,47.73295],[-122.32986,47.73276],[-122.33095,47.73378],[-122.32999,47.73503],[-122.32788,47.73521],[-122.32679,47.73419],[-122.32775,47.73295]]]},"properties":{"zone":3,"cell_type":"total isolation","proximity":1359.5,"opportunity":2874.8,"population":152}},{"type":"Feature","id":899,"geometry":{"type":"Polygon","coordinates":[[[-122.33711,47.70186],[-122.33947,47.70165],[-122.34072,47.70282],[-122.33964,47.70422],[-122.33727,47.70443],[-122.33602,47.70326],[-122.33711,47.70186]]]},"properties":{"zone":0,"cell_type":"inclusion","proximity":2999.9,"opportunity":8671.2,"population":259}},{"type":"Feature","id":900,"geometry":{"type":"Polygon","coordinates":[[[-122.2993,47.6132],[-122.30186,47.61298],[-122.30324,47.61428],[-122.30206,47.6158],[-122.2995,47.61603],[-122.29812,47.61473],[-122.2993,47.6132]]]},"properties":{"zone":0,"cell_type":"inclusion","proximity":4169.5,"opportunity":8841.5,"population":397}},{"type":"Feature","id":901,"geometry":{"type":"Polygon","coordinates":[[[-122.36046,47.64404],[-122.36251,47.64386],[-122.36356,47.64484],[-122.36262,47.64605],[-122.36058,47.64623],[-122.35953,47.64524],[-122.36046,47.64404]]]},"properties":{"zone":0,"cell_type":"inclusion","proximity":3718.1,"opportunity":8375.7,"population":134}},{"type":"Feature","id":902,"geometry":{"type":"Polygon","coordinates":[[[-122.30543,47.6961],[-122.30769,47.6959],[-122.30888,47.69701],[-122.30784,47.69835],[-122.30559,47.69855],[-122.3044,47.69743],[-122.30543,47.6961]]]},"properties":{"zone":1,"cell_type":"spatial isolation","proximity":3089.2,"opportunity":6896,"population":209}},{"type":"Feature","id":903,"geometry":{"type":"Polygon","coordinates":[[[-122.27928,47.55177],[-122.2818,47.55155],[-122.28315,47.55282],[-122.28199,47.55431],[-122.27948,47.55453],[-122.27813,47.55326],[-122.27928,47.55177]]]},"properties":{"zone":3,"cell_type":"total isolation","proximity":1553.1,"opportunity":6080.5,"population":360}},{"type":"Feature","id":904,"geometry":{"type":"Polygon","coordinates":[[[-122.36295,47.72872],[-122.36456,47.72858],[-122.36533,47.7293],[-122.3646,47.73023],[-122.363,47.73038],[-122.36223,47.72966],[-122.36295,47.72872]]]},"properties":{"zone":3,"cell_type":"total isolation","proximity":1041.4,"opportunity":3619.8,"population":54}},{"type":"Feature","id":905,"geometry":{"type":"Polygon","coordinates":[[[-122.32177,47.59973],[-122.32436,47.5995],[-122.32576,47.60081],[-122.32457,47.60235],[-122.32198,47.60258],[-122.32058,47.60127],[-122.32177,47.59973]]]},"properties":{"zone":0,"cell_type":"inclusion","proximity":5187.9,"opportunity":12289.8,"population":663}},{"type":"Feature","id":906,"geometry":{"type":"Polygon","coordinates":[[[-122.33125,47.55004],[-122.33125,47.55004],[-122.33118,47.55004],[-122.33118,47.55004],[-122.33125,47.55004]]]},"properties":{"zone":3,"cell_type":"total isolation","proximity":1401.3,"opportunity":6897.6,"population":2}},{"type":"Feature","id":907,"geometry":{"type":"Polygon","coordinates":[[[-122.39879,47.63479],[-122.40102,47.63459],[-122.40219,47.63569],[-122.40117,47.63701],[-122.39894,47.63721],[-122.39776,47.63611],[-122.39879,47.63479]]]},"properties":{"zone":3,"cell_type":"total isolation","proximity":2048.1,"opportunity":5446.4,"population":199}},{"type":"Feature","id":908,"geometry":{"type":"Polygon","coordinates":[[[-122.38554,47.67019],[-122.38813,47.66996],[-122.38953,47.67127],[-122.38834,47.67281],[-122.38575,47.67304],[-122.38435,47.67173],[-122.38554,47.67019]]]},"properties":{"zone":0,"cell_type":"inclusion","proximity":3139.6,"opportunity":8255.7,"population":788}},{"type":"Feature","id":909,"geometry":{"type":"Polygon","coordinates":[[[-122.29221,47.62251],[-122.29466,47.62229],[-122.29597,47.62353],[-122.29484,47.62498],[-122.29239,47.6252],[-122.29108,47.62397],[-122.29221,47.62251]]]},"properties":{"zone":0,"cell_type":"inclusion","proximity":3708,"opportunity":9088.8,"population":316}},{"type":"Feature","id":910,"geometry":{"type":"Polygon","coordinates":[[[-122.42163,47.66412],[-122.42163,47.66412],[-122.42156,47.66413],[-122.42156,47.66413],[-122.42163,47.66412]]]},"properties":{"zone":3,"cell_type":"total isolation","proximity":1123.7,"opportunity":78.7,"population":0}},{"type":"Feature","id":911,"geometry":{"type":"Polygon","coordinates":[[[-122.28509,47.685],[-122.28731,47.6848],[-122.28847,47.68589],[-122.28745,47.6872],[-122.28523,47.6874],[-122.28407,47.68631],[-122.28509,47.685]]]},"properties":{"zone":3,"cell_type":"total isolation","proximity":2439.6,"opportunity":6786.1,"population":193}},{"type":"Feature","id":912,"geometry":{"type":"Polygon","coordinates":[[[-122.28542,47.63211],[-122.28724,47.63195],[-122.28814,47.6328],[-122.28731,47.63387],[-122.2855,47.63402],[-122.28459,47.63318],[-122.28542,47.63211]]]},"properties":{"zone":3,"cell_type":"total isolation","proximity":2588,"opportunity":4953,"population":83}},{"type":"Feature","id":913,"geometry":{"type":"Polygon","coordinates":[[[-122.3501,47.61303],[-122.35269,47.6128],[-122.35409,47.61412],[-122.35289,47.61566],[-122.35031,47.61588],[-122.34891,47.61457],[-122.3501,47.61303]]]},"properties":{"zone":0,"cell_type":"inclusion","proximity":5039.8,"opportunity":11312.8,"population":1620}},{"type":"Feature","id":914,"geometry":{"type":"Polygon","coordinates":[[[-122.27701,47.56829],[-122.27869,47.56814],[-122.27951,47.56891],[-122.27875,47.56989],[-122.27707,47.57004],[-122.27625,47.56927],[-122.27701,47.56829]]]},"properties":{"zone":3,"cell_type":"total isolation","proximity":1426.1,"opportunity":4670.5,"population":63}},{"type":"Feature","id":915,"geometry":{"type":"Polygon","coordinates":[[[-122.25877,47.6842],[-122.25877,47.6842],[-122.2587,47.68421],[-122.2587,47.68421],[-122.25877,47.6842]]]},"properties":{"zone":3,"cell_type":"total isolation","proximity":1493.8,"opportunity":6058.3,"population":0}},{"type":"Feature","id":916,"geometry":{"type":"Polygon","coordinates":[[[-122.34396,47.67642],[-122.34471,47.67635],[-122.34494,47.67656],[-122.34462,47.67698],[-122.34386,47.67705],[-122.34363,47.67683],[-122.34396,47.67642]]]},"properties":{"zone":0,"cell_type":"inclusion","proximity":3986.4,"opportunity":8890.7,"population":9}},{"type":"Feature","id":917,"geometry":{"type":"Polygon","coordinates":[[[-122.3098,47.5938],[-122.31206,47.5936],[-122.31325,47.59471],[-122.31221,47.59605],[-122.30995,47.59625],[-122.30876,47.59514],[-122.3098,47.5938]]]},"properties":{"zone":0,"cell_type":"inclusion","proximity":4045.5,"opportunity":9692.4,"population":212}},{"type":"Feature","id":918,"geometry":{"type":"Polygon","coordinates":[[[-122.41178,47.65228],[-122.41404,47.65208],[-122.41523,47.65319],[-122.4142,47.65453],[-122.41193,47.65474],[-122.41074,47.65362],[-122.41178,47.65228]]]},"properties":{"zone":3,"cell_type":"total isolation","proximity":1539.9,"opportunity":2993.9,"population":213}},{"type":"Feature","id":919,"geometry":{"type":"Polygon","coordinates":[[[-122.3184,47.6072],[-122.32099,47.60698],[-122.32239,47.60829],[-122.3212,47.60983],[-122.31861,47.61006],[-122.31721,47.60874],[-122.3184,47.6072]]]},"properties":{"zone":0,"cell_type":"inclusion","proximity":5490.4,"opportunity":10943.2,"population":525}},{"type":"Feature","id":920,"geometry":{"type":"Polygon","coordinates":[[[-122.31117,47.66957],[-122.31376,47.66934],[-122.31516,47.67065],[-122.31396,47.67219],[-122.31137,47.67242],[-122.30997,47.67111],[-122.31117,47.66957]]]},"properties":{"zone":0,"cell_type":"inclusion","proximity":4426.8,"opportunity":11511.8,"population":709}},{"type":"Feature","id":921,"geometry":{"type":"Polygon","coordinates":[[[-122.28569,47.58178],[-122.28756,47.58161],[-122.28851,47.5825],[-122.28765,47.58361],[-122.28578,47.58377],[-122.28483,47.58288],[-122.28569,47.58178]]]},"properties":{"zone":3,"cell_type":"total isolation","proximity":2067,"opportunity":5364.2,"population":95}},{"type":"Feature","id":922,"geometry":{"type":"Polygon","coordinates":[[[-122.38012,47.64652],[-122.3823,47.64633],[-122.38345,47.6474],[-122.38245,47.64869],[-122.38026,47.64888],[-122.37912,47.64781],[-122.38012,47.64652]]]},"properties":{"zone":0,"cell_type":"inclusion","proximity":2908,"opportunity":8387.6,"population":181}},{"type":"Feature","id":923,"geometry":{"type":"Polygon","coordinates":[[[-122.37368,47.70957],[-122.37458,47.70949],[-122.37489,47.70978],[-122.3745,47.71029],[-122.37361,47.71036],[-122.37329,47.71007],[-122.37368,47.70957]]]},"properties":{"zone":3,"cell_type":"total isolation","proximity":1657.8,"opportunity":134,"population":12}},{"type":"Feature","id":924,"geometry":{"type":"Polygon","coordinates":[[[-122.2822,47.53853],[-122.28479,47.5383],[-122.28619,47.53962],[-122.285,47.54116],[-122.28241,47.54138],[-122.28101,47.54007],[-122.2822,47.53853]]]},"properties":{"zone":3,"cell_type":"total isolation","proximity":1260.8,"opportunity":6968.9,"population":458}},{"type":"Feature","id":925,"geometry":{"type":"Polygon","coordinates":[[[-122.32118,47.5779],[-122.32196,47.57784],[-122.3222,47.57806],[-122.32187,47.57849],[-122.32109,47.57856],[-122.32085,47.57833],[-122.32118,47.5779]]]},"properties":{"zone":2,"cell_type":"social isolation","proximity":2626.1,"opportunity":10175.1,"population":10}},{"type":"Feature","id":926,"geometry":{"type":"Polygon","coordinates":[[[-122.31413,47.65639],[-122.31672,47.65616],[-122.31812,47.65748],[-122.31693,47.65902],[-122.31433,47.65924],[-122.31294,47.65793],[-122.31413,47.65639]]]},"properties":{"zone":0,"cell_type":"inclusion","proximity":4938,"opportunity":12638.1,"population":1320}},{"type":"Feature","id":927,"geometry":{"type":"Polygon","coordinates":[[[-122.29828,47.708],[-122.30088,47.70777],[-122.30228,47.70908],[-122.30108,47.71062],[-122.29849,47.71085],[-122.29709,47.70954],[-122.29828,47.708]]]},"properties":{"zone":3,"cell_type":"total isolation","proximity":2301.5,"opportunity":7357.3,"population":425}},{"type":"Feature","id":928,"geometry":{"type":"Polygon","coordinates":[[[-122.3115,47.72835],[-122.31409,47.72812],[-122.31549,47.72943],[-122.3143,47.73097],[-122.3117,47.7312],[-122.3103,47.72989],[-122.3115,47.72835]]]},"properties":{"zone":3,"cell_type":"total isolation","proximity":1501.2,"opportunity":6867.8,"population":439}},{"type":"Feature","id":929,"geometry":{"type":"Polygon","coordinates":[[[-122.38637,47.68159],[-122.38896,47.68136],[-122.39036,47.68267],[-122.38917,47.68421],[-122.38658,47.68444],[-122.38518,47.68313],[-122.38637,47.68159]]]},"properties":{"zone":2,"cell_type":"social isolation","proximity":2638.2,"opportunity":8177.2,"population":541}},{"type":"Feature","id":930,"geometry":{"type":"Polygon","coordinates":[[[-122.2873,47.71631],[-122.2896,47.71611],[-122.29081,47.71724],[-122.28975,47.7186],[-122.28745,47.71881],[-122.28624,47.71767],[-122.2873,47.71631]]]},"properties":{"zone":3,"cell_type":"total isolation","proximity":1681.9,"opportunity":6412.8,"population":228}},{"type":"Feature","id":931,"geometry":{"type":"Polygon","coordinates":[[[-122.29377,47.53344],[-122.29597,47.53325],[-122.29712,47.53433],[-122.29611,47.53563],[-122.29391,47.53583],[-122.29276,47.53474],[-122.29377,47.53344]]]},"properties":{"zone":3,"cell_type":"total isolation","proximity":973.9,"opportunity":4696.9,"population":187}},{"type":"Feature","id":932,"geometry":{"type":"Polygon","coordinates":[[[-122.32469,47.69288],[-122.3271,47.69267],[-122.32839,47.69387],[-122.32728,47.6953],[-122.32486,47.69551],[-122.32358,47.69431],[-122.32469,47.69288]]]},"properties":{"zone":0,"cell_type":"inclusion","proximity":3423.9,"opportunity":8789.1,"population":290}},{"type":"Feature","id":933,"geometry":{"type":"Polygon","coordinates":[[[-122.29295,47.57529],[-122.29499,47.57511],[-122.29604,47.5761],[-122.29511,47.57731],[-122.29307,47.57749],[-122.29202,47.5765],[-122.29295,47.57529]]]},"properties":{"zone":2,"cell_type":"social isolation","proximity":2279,"opportunity":8037.8,"population":134}},{"type":"Feature","id":934,"geometry":{"type":"Polygon","coordinates":[[[-122.29131,47.61102],[-122.2939,47.61079],[-122.2953,47.6121],[-122.2941,47.61364],[-122.29151,47.61387],[-122.29012,47.61256],[-122.29131,47.61102]]]},"properties":{"zone":0,"cell_type":"inclusion","proximity":3463.7,"opportunity":7973.5,"population":443}},{"type":"Feature","id":935,"geometry":{"type":"Polygon","coordinates":[[[-122.29296,47.68706],[-122.29537,47.68684],[-122.29666,47.68805],[-122.29555,47.68948],[-122.29313,47.68969],[-122.29185,47.68849],[-122.29296,47.68706]]]},"properties":{"zone":3,"cell_type":"total isolation","proximity":2745,"opportunity":7089,"population":291}},{"type":"Feature","id":936,"geometry":{"type":"Polygon","coordinates":[[[-122.26851,47.56294],[-122.27075,47.56274],[-122.27192,47.56385],[-122.2709,47.56518],[-122.26866,47.56537],[-122.26748,47.56427],[-122.26851,47.56294]]]},"properties":{"zone":3,"cell_type":"total isolation","proximity":1237,"opportunity":4873.3,"population":203}},{"type":"Feature","id":937,"geometry":{"type":"Polygon","coordinates":[[[-122.41111,47.63838],[-122.41273,47.63824],[-122.4135,47.63897],[-122.41277,47.63991],[-122.41116,47.64006],[-122.41038,47.63933],[-122.41111,47.63838]]]},"properties":{"zone":3,"cell_type":"total isolation","proximity":1458.6,"opportunity":4714.9,"population":55}},{"type":"Feature","id":938,"geometry":{"type":"Polygon","coordinates":[[[-122.26111,47.51598],[-122.26361,47.51576],[-122.26495,47.51702],[-122.2638,47.51851],[-122.2613,47.51873],[-122.25996,47.51747],[-122.26111,47.51598]]]},"properties":{"zone":3,"cell_type":"total isolation","proximity":617,"opportunity":4242.9,"population":350}},{"type":"Feature","id":939,"geometry":{"type":"Polygon","coordinates":[[[-122.35439,47.726],[-122.35698,47.72578],[-122.35838,47.72709],[-122.35719,47.72862],[-122.3546,47.72885],[-122.3532,47.72754],[-122.35439,47.726]]]},"properties":{"zone":3,"cell_type":"total isolation","proximity":1522.6,"opportunity":7064.3,"population":694}},{"type":"Feature","id":940,"geometry":{"type":"Polygon","coordinates":[[[-122.32975,47.6019],[-122.33234,47.60167],[-122.33373,47.60298],[-122.33254,47.60452],[-122.32995,47.60475],[-122.32856,47.60344],[-122.32975,47.6019]]]},"properties":{"zone":0,"cell_type":"inclusion","proximity":5461.4,"opportunity":14361.3,"population":825}},{"type":"Feature","id":941,"geometry":{"type":"Polygon","coordinates":[[[-122.31981,47.56064],[-122.32082,47.56055],[-122.3212,47.56092],[-122.32076,47.56149],[-122.31976,47.56157],[-122.31937,47.56121],[-122.31981,47.56064]]]},"properties":{"zone":3,"cell_type":"total isolation","proximity":1646,"opportunity":6447.7,"population":15}},{"type":"Feature","id":942,"geometry":{"type":"Polygon","coordinates":[[[-122.30321,47.53954],[-122.30317,47.53959],[-122.30302,47.5396],[-122.30306,47.53955],[-122.30321,47.53954]]]},"properties":{"zone":3,"cell_type":"total isolation","proximity":901.4,"opportunity":5103.4,"population":3}},{"type":"Feature","id":943,"geometry":{"type":"Polygon","coordinates":[[[-122.31943,47.62147],[-122.32202,47.62125],[-122.32342,47.62256],[-122.32223,47.6241],[-122.31964,47.62433],[-122.31824,47.62301],[-122.31943,47.62147]]]},"properties":{"zone":0,"cell_type":"inclusion","proximity":5294,"opportunity":13241.7,"population":1053}},{"type":"Feature","id":944,"geometry":{"type":"Polygon","coordinates":[[[-122.28439,47.67636],[-122.28675,47.67616],[-122.288,47.67733],[-122.28692,47.67873],[-122.28456,47.67893],[-122.28331,47.67776],[-122.28439,47.67636]]]},"properties":{"zone":3,"cell_type":"total isolation","proximity":2686.5,"opportunity":7844.1,"population":259}},{"type":"Feature","id":945,"geometry":{"type":"Polygon","coordinates":[[[-122.36981,47.66078],[-122.37129,47.66065],[-122.37198,47.6613],[-122.37131,47.66216],[-122.36983,47.66229],[-122.36914,47.66164],[-122.36981,47.66078]]]},"properties":{"zone":0,"cell_type":"inclusion","proximity":3894,"opportunity":9245.6,"population":41}},{"type":"Feature","id":946,"geometry":{"type":"Polygon","coordinates":[[[-122.33425,47.71513],[-122.33643,47.71493],[-122.33757,47.716],[-122.33657,47.71729],[-122.33439,47.71748],[-122.33325,47.71641],[-122.33425,47.71513]]]},"properties":{"zone":3,"cell_type":"total isolation","proximity":2268.3,"opportunity":7210.4,"population":178}},{"type":"Feature","id":947,"geometry":{"type":"Polygon","coordinates":[[[-122.29733,47.58473],[-122.29975,47.58452],[-122.30104,47.58574],[-122.29993,47.58717],[-122.29751,47.58739],[-122.29622,47.58617],[-122.29733,47.58473]]]},"properties":{"zone":3,"cell_type":"total isolation","proximity":2790.8,"opportunity":7719.1,"population":296}},{"type":"Feature","id":948,"geometry":{"type":"Polygon","coordinates":[[[-122.32638,47.60937],[-122.32897,47.60915],[-122.33037,47.61046],[-122.32917,47.612],[-122.32658,47.61223],[-122.32519,47.61092],[-122.32638,47.60937]]]},"properties":{"zone":0,"cell_type":"inclusion","proximity":5879.9,"opportunity":12422.6,"population":1340}},{"type":"Feature","id":949,"geometry":{"type":"Polygon","coordinates":[[[-122.31935,47.67193],[-122.32159,47.67174],[-122.32277,47.67284],[-122.32174,47.67416],[-122.3195,47.67436],[-122.31833,47.67326],[-122.31935,47.67193]]]},"properties":{"zone":0,"cell_type":"inclusion","proximity":4458.3,"opportunity":10933.6,"population":202}},{"type":"Feature","id":950,"geometry":{"type":"Polygon","coordinates":[[[-122.39553,47.64502],[-122.39794,47.6448],[-122.39922,47.64601],[-122.39812,47.64744],[-122.39571,47.64765],[-122.39442,47.64645],[-122.39553,47.64502]]]},"properties":{"zone":3,"cell_type":"total isolation","proximity":2177.2,"opportunity":5299.5,"population":289}},{"type":"Feature","id":951,"geometry":{"type":"Polygon","coordinates":[[[-122.36041,47.69978],[-122.36281,47.69957],[-122.36409,47.70076],[-122.36299,47.70219],[-122.36059,47.7024],[-122.35931,47.7012],[-122.36041,47.69978]]]},"properties":{"zone":2,"cell_type":"social isolation","proximity":2712,"opportunity":8123.9,"population":284}},{"type":"Feature","id":952,"geometry":{"type":"Polygon","coordinates":[[[-122.33709,47.57683],[-122.33709,47.57683],[-122.33702,47.57684],[-122.33702,47.57684],[-122.33709,47.57683]]]},"properties":{"zone":3,"cell_type":"total isolation","proximity":2373.9,"opportunity":7793.6,"population":1}},{"type":"Feature","id":953,"geometry":{"type":"Polygon","coordinates":[[[-122.31842,47.71358],[-122.32072,47.71338],[-122.32193,47.71451],[-122.32087,47.71587],[-122.31858,47.71607],[-122.31736,47.71494],[-122.31842,47.71358]]]},"properties":{"zone":3,"cell_type":"total isolation","proximity":2404.5,"opportunity":7353.2,"population":227}},{"type":"Feature","id":954,"geometry":{"type":"Polygon","coordinates":[[[-122.28107,47.62536],[-122.2828,47.62521],[-122.28366,47.62601],[-122.28287,47.62703],[-122.28113,47.62718],[-122.28028,47.62638],[-122.28107,47.62536]]]},"properties":{"zone":3,"cell_type":"total isolation","proximity":2319,"opportunity":4943.4,"population":71}},{"type":"Feature","id":955,"geometry":{"type":"Polygon","coordinates":[[[-122.38274,47.68351],[-122.38507,47.6833],[-122.3863,47.68445],[-122.38523,47.68583],[-122.3829,47.68604],[-122.38167,47.68489],[-122.38274,47.68351]]]},"properties":{"zone":3,"cell_type":"total isolation","proximity":2715.7,"opportunity":7112.6,"population":244}},{"type":"Feature","id":956,"geometry":{"type":"Polygon","coordinates":[[[-122.30118,47.63892],[-122.30369,47.6387],[-122.30504,47.63996],[-122.30388,47.64145],[-122.30137,47.64168],[-122.30002,47.64041],[-122.30118,47.63892]]]},"properties":{"zone":0,"cell_type":"inclusion","proximity":3848.8,"opportunity":9900.3,"population":357}},{"type":"Feature","id":957,"geometry":{"type":"Polygon","coordinates":[[[-122.29401,47.70134],[-122.29638,47.70113],[-122.29763,47.70231],[-122.29655,47.70371],[-122.29418,47.70392],[-122.29293,47.70274],[-122.29401,47.70134]]]},"properties":{"zone":3,"cell_type":"total isolation","proximity":2267.9,"opportunity":5731.1,"population":261}},{"type":"Feature","id":958,"geometry":{"type":"Polygon","coordinates":[[[-122.28359,47.71816],[-122.28575,47.71797],[-122.28687,47.71902],[-122.28588,47.72029],[-122.28372,47.72048],[-122.2826,47.71943],[-122.28359,47.71816]]]},"properties":{"zone":3,"cell_type":"total isolation","proximity":1490.5,"opportunity":6435.2,"population":170}},{"type":"Feature","id":959,"geometry":{"type":"Polygon","coordinates":[[[-122.36979,47.66607],[-122.37201,47.66587],[-122.37317,47.66696],[-122.37216,47.66827],[-122.36994,47.66847],[-122.36878,47.66738],[-122.36979,47.66607]]]},"properties":{"zone":0,"cell_type":"inclusion","proximity":3860.8,"opportunity":9694.4,"population":193}},{"type":"Feature","id":960,"geometry":{"type":"Polygon","coordinates":[[[-122.28561,47.53108],[-122.28814,47.53085],[-122.2895,47.53213],[-122.28834,47.53364],[-122.2858,47.53386],[-122.28444,47.53258],[-122.28561,47.53108]]]},"properties":{"zone":3,"cell_type":"total isolation","proximity":977.5,"opportunity":5039,"population":373}},{"type":"Feature","id":961,"geometry":{"type":"Polygon","coordinates":[[[-122.3509,47.67758],[-122.35344,47.67736],[-122.35481,47.67864],[-122.35364,47.68015],[-122.3511,47.68037],[-122.34973,47.67909],[-122.3509,47.67758]]]},"properties":{"zone":0,"cell_type":"inclusion","proximity":3846.9,"opportunity":9446.4,"population":378}},{"type":"Feature","id":962,"geometry":{"type":"Polygon","coordinates":[[[-122.30103,47.58023],[-122.30324,47.58003],[-122.3044,47.58112],[-122.30339,47.58243],[-122.30117,47.58263],[-122.30002,47.58154],[-122.30103,47.58023]]]},"properties":{"zone":2,"cell_type":"social isolation","proximity":2707.1,"opportunity":8237.9,"population":191}},{"type":"Feature","id":963,"geometry":{"type":"Polygon","coordinates":[[[-122.29207,47.56647],[-122.29457,47.56625],[-122.29591,47.56751],[-122.29476,47.569],[-122.29226,47.56921],[-122.29092,47.56795],[-122.29207,47.56647]]]},"properties":{"zone":3,"cell_type":"total isolation","proximity":1972.9,"opportunity":6297.4,"population":349}},{"type":"Feature","id":964,"geometry":{"type":"Polygon","coordinates":[[[-122.30685,47.60965],[-122.30944,47.60943],[-122.31084,47.61074],[-122.30965,47.61228],[-122.30706,47.61251],[-122.30566,47.61119],[-122.30685,47.60965]]]},"properties":{"zone":0,"cell_type":"inclusion","proximity":4629,"opportunity":9105,"population":717}},{"type":"Feature","id":965,"geometry":{"type":"Polygon","coordinates":[[[-122.40911,47.66837],[-122.41126,47.66818],[-122.41238,47.66923],[-122.41139,47.6705],[-122.40924,47.67069],[-122.40812,47.66964],[-122.40911,47.66837]]]},"properties":{"zone":3,"cell_type":"total isolation","proximity":1426.7,"opportunity":1750.7,"population":168}},{"type":"Feature","id":966,"geometry":{"type":"Polygon","coordinates":[[[-122.30095,47.68923],[-122.30335,47.68902],[-122.30463,47.69022],[-122.30352,47.69164],[-122.30112,47.69185],[-122.29985,47.69066],[-122.30095,47.68923]]]},"properties":{"zone":0,"cell_type":"inclusion","proximity":3178.2,"opportunity":8145.1,"population":282}},{"type":"Feature","id":967,"geometry":{"type":"Polygon","coordinates":[[[-122.37776,47.66291],[-122.37929,47.66278],[-122.38002,47.66346],[-122.37932,47.66435],[-122.37779,47.66449],[-122.37707,47.66381],[-122.37776,47.66291]]]},"properties":{"zone":0,"cell_type":"inclusion","proximity":3653.7,"opportunity":9678.5,"population":46}},{"type":"Feature","id":968,"geometry":{"type":"Polygon","coordinates":[[[-122.27728,47.51524],[-122.27868,47.51512],[-122.27931,47.51572],[-122.27869,47.51653],[-122.27729,47.51666],[-122.27665,47.51605],[-122.27728,47.51524]]]},"properties":{"zone":3,"cell_type":"total isolation","proximity":615,"opportunity":4708.1,"population":35}},{"type":"Feature","id":969,"geometry":{"type":"Polygon","coordinates":[[[-122.37055,47.72521],[-122.37211,47.72507],[-122.37285,47.72576],[-122.37215,47.72668],[-122.37058,47.72681],[-122.36984,47.72612],[-122.37055,47.72521]]]},"properties":{"zone":3,"cell_type":"total isolation","proximity":1163.9,"opportunity":21.3,"population":49}},{"type":"Feature","id":970,"geometry":{"type":"Polygon","coordinates":[[[-122.31794,47.59347],[-122.31956,47.59333],[-122.32034,47.59406],[-122.31961,47.59501],[-122.31798,47.59516],[-122.3172,47.59442],[-122.31794,47.59347]]]},"properties":{"zone":0,"cell_type":"inclusion","proximity":3837.2,"opportunity":9141.8,"population":56}},{"type":"Feature","id":971,"geometry":{"type":"Polygon","coordinates":[[[-122.32829,47.56323],[-122.32829,47.56323],[-122.32823,47.56324],[-122.32823,47.56324],[-122.32829,47.56323]]]},"properties":{"zone":3,"cell_type":"total isolation","proximity":1675.3,"opportunity":6831.7,"population":2}},{"type":"Feature","id":972,"geometry":{"type":"Polygon","coordinates":[[[-122.29532,47.55621],[-122.29768,47.556],[-122.29893,47.55718],[-122.29784,47.55858],[-122.29548,47.55879],[-122.29423,47.55761],[-122.29532,47.55621]]]},"properties":{"zone":3,"cell_type":"total isolation","proximity":1701.7,"opportunity":6518.2,"population":261}},{"type":"Feature","id":973,"geometry":{"type":"Polygon","coordinates":[[[-122.31565,47.62324],[-122.31824,47.62301],[-122.31964,47.62433],[-122.31845,47.62587],[-122.31585,47.62609],[-122.31446,47.62478],[-122.31565,47.62324]]]},"properties":{"zone":0,"cell_type":"inclusion","proximity":4936.2,"opportunity":11356,"population":874}},{"type":"Feature","id":974,"geometry":{"type":"Polygon","coordinates":[[[-122.33867,47.66878],[-122.34094,47.66858],[-122.34214,47.6697],[-122.3411,47.67105],[-122.33882,47.67125],[-122.33763,47.67013],[-122.33867,47.66878]]]},"properties":{"zone":0,"cell_type":"inclusion","proximity":4411.3,"opportunity":8464.5,"population":216}},{"type":"Feature","id":975,"geometry":{"type":"Polygon","coordinates":[[[-122.28058,47.67811],[-122.28298,47.6779],[-122.28425,47.67909],[-122.28315,47.68051],[-122.28076,47.68072],[-122.27948,47.67953],[-122.28058,47.67811]]]},"properties":{"zone":3,"cell_type":"total isolation","proximity":2431.6,"opportunity":7259.5,"population":279}},{"type":"Feature","id":976,"geometry":{"type":"Polygon","coordinates":[[[-122.36854,47.6516],[-122.37113,47.65137],[-122.37253,47.65268],[-122.37134,47.65422],[-122.36875,47.65445],[-122.36735,47.65314],[-122.36854,47.6516]]]},"properties":{"zone":1,"cell_type":"spatial isolation","proximity":3329.7,"opportunity":7839.6,"population":453}},{"type":"Feature","id":977,"geometry":{"type":"Polygon","coordinates":[[[-122.33125,47.67511],[-122.33362,47.6749],[-122.33489,47.67608],[-122.3338,47.67749],[-122.33142,47.6777],[-122.33015,47.67652],[-122.33125,47.67511]]]},"properties":{"zone":0,"cell_type":"inclusion","proximity":4213.1,"opportunity":8834.6,"population":269}},{"type":"Feature","id":978,"geometry":{"type":"Polygon","coordinates":[[[-122.30541,47.58701],[-122.30765,47.58681],[-122.30883,47.58792],[-122.3078,47.58925],[-122.30556,47.58945],[-122.30438,47.58834],[-122.30541,47.58701]]]},"properties":{"zone":0,"cell_type":"inclusion","proximity":3263,"opportunity":8204.1,"population":205}},{"type":"Feature","id":979,"geometry":{"type":"Polygon","coordinates":[[[-122.34192,47.60801],[-122.34451,47.60778],[-122.3459,47.60909],[-122.34471,47.61063],[-122.34212,47.61086],[-122.34072,47.60955],[-122.34192,47.60801]]]},"properties":{"zone":0,"cell_type":"inclusion","proximity":5267.5,"opportunity":12092.8,"population":653}},{"type":"Feature","id":980,"geometry":{"type":"Polygon","coordinates":[[[-122.30677,47.66278],[-122.30936,47.66255],[-122.31076,47.66386],[-122.30956,47.6654],[-122.30697,47.66563],[-122.30557,47.66432],[-122.30677,47.66278]]]},"properties":{"zone":0,"cell_type":"inclusion","proximity":4519,"opportunity":11050.1,"population":1729}},{"type":"Feature","id":981,"geometry":{"type":"Polygon","coordinates":[[[-122.27485,47.54492],[-122.27744,47.54469],[-122.27883,47.54601],[-122.27764,47.54755],[-122.27505,47.54778],[-122.27366,47.54646],[-122.27485,47.54492]]]},"properties":{"zone":3,"cell_type":"total isolation","proximity":1332.4,"opportunity":5675.7,"population":620}},{"type":"Feature","id":982,"geometry":{"type":"Polygon","coordinates":[[[-122.40353,47.6472],[-122.4059,47.64699],[-122.40716,47.64817],[-122.40607,47.64958],[-122.4037,47.64979],[-122.40244,47.64861],[-122.40353,47.6472]]]},"properties":{"zone":3,"cell_type":"total isolation","proximity":1829.7,"opportunity":3255.8,"population":268}},{"type":"Feature","id":983,"geometry":{"type":"Polygon","coordinates":[[[-122.25079,47.68203],[-122.25079,47.68203],[-122.25072,47.68203],[-122.25072,47.68203],[-122.25079,47.68203]]]},"properties":{"zone":3,"cell_type":"total isolation","proximity":1183.4,"opportunity":3027.7,"population":0}},{"type":"Feature","id":984,"geometry":{"type":"Polygon","coordinates":[[[-122.34109,47.64978],[-122.34357,47.64956],[-122.34491,47.65081],[-122.34376,47.65229],[-122.34128,47.65251],[-122.33994,47.65126],[-122.34109,47.64978]]]},"properties":{"zone":0,"cell_type":"inclusion","proximity":4464.5,"opportunity":10513.1,"population":338}},{"type":"Feature","id":985,"geometry":{"type":"Polygon","coordinates":[[[-122.36854,47.70208],[-122.37069,47.70189],[-122.37181,47.70294],[-122.37083,47.70421],[-122.36868,47.7044],[-122.36756,47.70335],[-122.36854,47.70208]]]},"properties":{"zone":3,"cell_type":"total isolation","proximity":2261.8,"opportunity":6543.8,"population":168}},{"type":"Feature","id":986,"geometry":{"type":"Polygon","coordinates":[[[-122.30603,47.70463],[-122.30833,47.70443],[-122.30954,47.70556],[-122.30849,47.70692],[-122.30619,47.70712],[-122.30497,47.70599],[-122.30603,47.70463]]]},"properties":{"zone":2,"cell_type":"social isolation","proximity":2664.5,"opportunity":7930.8,"population":228}},{"type":"Feature","id":987,"geometry":{"type":"Polygon","coordinates":[[[-122.28058,47.61692],[-122.2821,47.61679],[-122.28281,47.61746],[-122.28213,47.61834],[-122.28061,47.61848],[-122.2799,47.6178],[-122.28058,47.61692]]]},"properties":{"zone":3,"cell_type":"total isolation","proximity":2630.2,"opportunity":6041,"population":45}},{"type":"Feature","id":988,"geometry":{"type":"Polygon","coordinates":[[[-122.29755,47.64083],[-122.2998,47.64063],[-122.30098,47.64174],[-122.29995,47.64308],[-122.29769,47.64327],[-122.29651,47.64216],[-122.29755,47.64083]]]},"properties":{"zone":0,"cell_type":"inclusion","proximity":3540.7,"opportunity":9740.8,"population":207}},{"type":"Feature","id":989,"geometry":{"type":"Polygon","coordinates":[[[-122.29031,47.70318],[-122.29253,47.70299],[-122.2937,47.70408],[-122.29268,47.7054],[-122.29045,47.70559],[-122.28928,47.7045],[-122.29031,47.70318]]]},"properties":{"zone":3,"cell_type":"total isolation","proximity":2175.7,"opportunity":7195.7,"population":196}},{"type":"Feature","id":990,"geometry":{"type":"Polygon","coordinates":[[[-122.37821,47.6766],[-122.38075,47.67638],[-122.38212,47.67766],[-122.38095,47.67917],[-122.37841,47.6794],[-122.37704,47.67811],[-122.37821,47.6766]]]},"properties":{"zone":1,"cell_type":"spatial isolation","proximity":3187.6,"opportunity":7613.3,"population":380}},{"type":"Feature","id":991,"geometry":{"type":"Polygon","coordinates":[[[-122.33075,47.71982],[-122.33279,47.71964],[-122.33384,47.72062],[-122.33291,47.72183],[-122.33087,47.72201],[-122.32982,47.72102],[-122.33075,47.71982]]]},"properties":{"zone":3,"cell_type":"total isolation","proximity":1922.5,"opportunity":5689.8,"population":133}},{"type":"Feature","id":992,"geometry":{"type":"Polygon","coordinates":[[[-122.34801,47.63767],[-122.35053,47.63744],[-122.35189,47.63871],[-122.35073,47.64021],[-122.34821,47.64043],[-122.34685,47.63916],[-122.34801,47.63767]]]},"properties":{"zone":0,"cell_type":"inclusion","proximity":4352.8,"opportunity":10011.2,"population":364}},{"type":"Feature","id":993,"geometry":{"type":"Polygon","coordinates":[[[-122.31346,47.63451],[-122.31437,47.63443],[-122.3147,47.63474],[-122.3143,47.63526],[-122.31339,47.63534],[-122.31306,47.63503],[-122.31346,47.63451]]]},"properties":{"zone":0,"cell_type":"inclusion","proximity":3875.8,"opportunity":7986,"population":13}},{"type":"Feature","id":994,"geometry":{"type":"Polygon","coordinates":[[[-122.3431,47.73137],[-122.34558,47.73115],[-122.34691,47.73239],[-122.34577,47.73386],[-122.34329,47.73408],[-122.34196,47.73284],[-122.3431,47.73137]]]},"properties":{"zone":3,"cell_type":"total isolation","proximity":1467.2,"opportunity":6904.8,"population":332}},{"type":"Feature","id":995,"geometry":{"type":"Polygon","coordinates":[[[-122.34115,47.70034],[-122.34306,47.70018],[-122.34403,47.70108],[-122.34316,47.7022],[-122.34125,47.70237],[-122.34028,47.70147],[-122.34115,47.70034]]]},"properties":{"zone":0,"cell_type":"inclusion","proximity":3153,"opportunity":9353.7,"population":101}},{"type":"Feature","id":996,"geometry":{"type":"Polygon","coordinates":[[[-122.28824,47.56818],[-122.29083,47.56796],[-122.29222,47.56927],[-122.29103,47.57081],[-122.28844,47.57104],[-122.28704,47.56973],[-122.28824,47.56818]]]},"properties":{"zone":3,"cell_type":"total isolation","proximity":1955,"opportunity":6945.9,"population":572}},{"type":"Feature","id":997,"geometry":{"type":"Polygon","coordinates":[[[-122.31483,47.61183],[-122.31742,47.6116],[-122.31881,47.61291],[-122.31762,47.61445],[-122.31503,47.61468],[-122.31363,47.61337],[-122.31483,47.61183]]]},"properties":{"zone":0,"cell_type":"inclusion","proximity":5503.6,"opportunity":12007.9,"population":640}},{"type":"Feature","id":998,"geometry":{"type":"Polygon","coordinates":[[[-122.32363,47.62541],[-122.32622,47.62518],[-122.32761,47.6265],[-122.32642,47.62804],[-122.32383,47.62827],[-122.32243,47.62695],[-122.32363,47.62541]]]},"properties":{"zone":0,"cell_type":"inclusion","proximity":5051.8,"opportunity":9926.2,"population":1187}},{"type":"Feature","id":999,"geometry":{"type":"Polygon","coordinates":[[[-122.31654,47.6879],[-122.31888,47.6877],[-122.32012,47.68886],[-122.31905,47.69024],[-122.3167,47.69045],[-122.31546,47.68929],[-122.31654,47.6879]]]},"properties":{"zone":0,"cell_type":"inclusion","proximity":3681,"opportunity":9446.1,"population":249}},{"type":"Feature","id":1000,"geometry":{"type":"Polygon","coordinates":[[[-122.28334,47.60619],[-122.28557,47.606],[-122.28673,47.60709],[-122.28571,47.60841],[-122.28348,47.60861],[-122.28232,47.60751],[-122.28334,47.60619]]]},"properties":{"zone":3,"cell_type":"total isolation","proximity":2611.3,"opportunity":6085.4,"population":197}},{"type":"Feature","id":1001,"geometry":{"type":"Polygon","coordinates":[[[-122.38594,47.66527],[-122.38713,47.66516],[-122.38763,47.66564],[-122.3871,47.66632],[-122.38591,47.66643],[-122.38541,47.66595],[-122.38594,47.66527]]]},"properties":{"zone":0,"cell_type":"inclusion","proximity":3091.8,"opportunity":7941.7,"population":23}},{"type":"Feature","id":1002,"geometry":{"type":"Polygon","coordinates":[[[-122.28474,47.51694],[-122.287,47.51674],[-122.28819,47.51786],[-122.28716,47.5192],[-122.28489,47.5194],[-122.28371,47.51828],[-122.28474,47.51694]]]},"properties":{"zone":3,"cell_type":"total isolation","proximity":632.6,"opportunity":4810.8,"population":212}},{"type":"Feature","id":1003,"geometry":{"type":"Polygon","coordinates":[[[-122.31458,47.55303],[-122.31703,47.55281],[-122.31833,47.55404],[-122.31721,47.5555],[-122.31476,47.55571],[-122.31345,47.55448],[-122.31458,47.55303]]]},"properties":{"zone":3,"cell_type":"total isolation","proximity":1655.4,"opportunity":6706.8,"population":314}},{"type":"Feature","id":1004,"geometry":{"type":"Polygon","coordinates":[[[-122.2531,47.51109],[-122.25532,47.5109],[-122.25649,47.512],[-122.25547,47.51332],[-122.25324,47.51351],[-122.25208,47.51241],[-122.2531,47.51109]]]},"properties":{"zone":3,"cell_type":"total isolation","proximity":442,"opportunity":2942,"population":197}},{"type":"Feature","id":1005,"geometry":{"type":"Polygon","coordinates":[[[-122.28282,47.5471],[-122.28541,47.54687],[-122.2868,47.54819],[-122.28561,47.54973],[-122.28302,47.54996],[-122.28163,47.54864],[-122.28282,47.5471]]]},"properties":{"zone":3,"cell_type":"total isolation","proximity":1432.1,"opportunity":5247.7,"population":488}},{"type":"Feature","id":1006,"geometry":{"type":"Polygon","coordinates":[[[-122.30767,47.62107],[-122.31026,47.62084],[-122.31166,47.62216],[-122.31047,47.6237],[-122.30788,47.62392],[-122.30648,47.62261],[-122.30767,47.62107]]]},"properties":{"zone":0,"cell_type":"inclusion","proximity":4649.8,"opportunity":10495.5,"population":661}},{"type":"Feature","id":1007,"geometry":{"type":"Polygon","coordinates":[[[-122.32567,47.70708],[-122.32817,47.70686],[-122.32951,47.70812],[-122.32836,47.7096],[-122.32586,47.70982],[-122.32452,47.70857],[-122.32567,47.70708]]]},"properties":{"zone":0,"cell_type":"inclusion","proximity":2896.2,"opportunity":9562,"population":348}},{"type":"Feature","id":1008,"geometry":{"type":"Polygon","coordinates":[[[-122.41589,47.65083],[-122.41758,47.65068],[-122.41841,47.65145],[-122.41764,47.65244],[-122.41595,47.65259],[-122.41512,47.65182],[-122.41589,47.65083]]]},"properties":{"zone":3,"cell_type":"total isolation","proximity":1369.3,"opportunity":2832.1,"population":65}},{"type":"Feature","id":1009,"geometry":{"type":"Polygon","coordinates":[[[-122.29946,47.72239],[-122.3018,47.72219],[-122.30303,47.72334],[-122.30196,47.72472],[-122.29962,47.72493],[-122.29839,47.72377],[-122.29946,47.72239]]]},"properties":{"zone":3,"cell_type":"total isolation","proximity":1663.2,"opportunity":6350.4,"population":245}},{"type":"Feature","id":1010,"geometry":{"type":"Polygon","coordinates":[[[-122.27424,47.53635],[-122.27682,47.53612],[-122.27822,47.53744],[-122.27703,47.53898],[-122.27444,47.53921],[-122.27304,47.53789],[-122.27424,47.53635]]]},"properties":{"zone":3,"cell_type":"total isolation","proximity":1107.4,"opportunity":6637,"population":470}},{"type":"Feature","id":1011,"geometry":{"type":"Polygon","coordinates":[[[-122.39116,47.63827],[-122.39351,47.63806],[-122.39475,47.63923],[-122.39367,47.64062],[-122.39133,47.64083],[-122.39008,47.63966],[-122.39116,47.63827]]]},"properties":{"zone":2,"cell_type":"social isolation","proximity":2221.8,"opportunity":8220.9,"population":254}},{"type":"Feature","id":1012,"geometry":{"type":"Polygon","coordinates":[[[-122.34901,47.65189],[-122.3516,47.65166],[-122.353,47.65297],[-122.3518,47.65451],[-122.34921,47.65474],[-122.34781,47.65343],[-122.34901,47.65189]]]},"properties":{"zone":0,"cell_type":"inclusion","proximity":4553,"opportunity":10644.3,"population":687}},{"type":"Feature","id":1013,"geometry":{"type":"Polygon","coordinates":[[[-122.2642,47.50289],[-122.26649,47.50269],[-122.26769,47.50383],[-122.26664,47.50519],[-122.26435,47.50539],[-122.26315,47.50425],[-122.2642,47.50289]]]},"properties":{"zone":3,"cell_type":"total isolation","proximity":361.3,"opportunity":3463.1,"population":225}},{"type":"Feature","id":1014,"geometry":{"type":"Polygon","coordinates":[[[-122.31399,47.70677],[-122.31633,47.70656],[-122.31757,47.70773],[-122.3165,47.70911],[-122.31415,47.70932],[-122.31291,47.70816],[-122.31399,47.70677]]]},"properties":{"zone":2,"cell_type":"social isolation","proximity":2722.5,"opportunity":8525.8,"population":250}},{"type":"Feature","id":1015,"geometry":{"type":"Polygon","coordinates":[[[-122.39015,47.67982],[-122.39274,47.67959],[-122.39414,47.6809],[-122.39295,47.68244],[-122.39036,47.68267],[-122.38896,47.68136],[-122.39015,47.67982]]]},"properties":{"zone":3,"cell_type":"total isolation","proximity":2479.5,"opportunity":6342.1,"population":445}},{"type":"Feature","id":1016,"geometry":{"type":"Polygon","coordinates":[[[-122.31737,47.64614],[-122.31983,47.64592],[-122.32115,47.64716],[-122.32002,47.64862],[-122.31756,47.64884],[-122.31624,47.6476],[-122.31737,47.64614]]]},"properties":{"zone":0,"cell_type":"inclusion","proximity":4150.5,"opportunity":8726.4,"population":321}},{"type":"Feature","id":1017,"geometry":{"type":"Polygon","coordinates":[[[-122.28227,47.70097],[-122.28458,47.70076],[-122.28581,47.70191],[-122.28474,47.70328],[-122.28243,47.70348],[-122.28121,47.70233],[-122.28227,47.70097]]]},"properties":{"zone":3,"cell_type":"total isolation","proximity":1809.9,"opportunity":4674.8,"population":235}},{"type":"Feature","id":1018,"geometry":{"type":"Polygon","coordinates":[[[-122.3744,47.67835],[-122.37699,47.67812],[-122.37839,47.67943],[-122.3772,47.68097],[-122.37461,47.6812],[-122.37321,47.67989],[-122.3744,47.67835]]]},"properties":{"zone":0,"cell_type":"inclusion","proximity":3260.5,"opportunity":8029.3,"population":491}},{"type":"Feature","id":1019,"geometry":{"type":"Polygon","coordinates":[[[-122.27208,47.66747],[-122.27432,47.66728],[-122.27549,47.66838],[-122.27446,47.6697],[-122.27223,47.66989],[-122.27106,47.66879],[-122.27208,47.66747]]]},"properties":{"zone":3,"cell_type":"total isolation","proximity":2336.2,"opportunity":7195.9,"population":200}},{"type":"Feature","id":1020,"geometry":{"type":"Polygon","coordinates":[[[-122.37571,47.63708],[-122.37755,47.63691],[-122.37846,47.63777],[-122.37763,47.63885],[-122.37579,47.63902],[-122.37487,47.63816],[-122.37571,47.63708]]]},"properties":{"zone":0,"cell_type":"inclusion","proximity":3240,"opportunity":9907.8,"population":87}},{"type":"Feature","id":1021,"geometry":{"type":"Polygon","coordinates":[[[-122.34014,47.69141],[-122.34273,47.69118],[-122.34413,47.69249],[-122.34294,47.69403],[-122.34034,47.69426],[-122.33894,47.69295],[-122.34014,47.69141]]]},"properties":{"zone":0,"cell_type":"inclusion","proximity":3561.4,"opportunity":9946.1,"population":827}},{"type":"Feature","id":1022,"geometry":{"type":"Polygon","coordinates":[[[-122.30817,47.57362],[-122.31076,47.5734],[-122.31215,47.57471],[-122.31096,47.57625],[-122.30837,47.57648],[-122.30698,47.57516],[-122.30817,47.57362]]]},"properties":{"zone":2,"cell_type":"social isolation","proximity":2501.8,"opportunity":8690.7,"population":423}},{"type":"Feature","id":1023,"geometry":{"type":"Polygon","coordinates":[[[-122.30245,47.60286],[-122.30504,47.60263],[-122.30644,47.60394],[-122.30525,47.60549],[-122.30266,47.60571],[-122.30126,47.6044],[-122.30245,47.60286]]]},"properties":{"zone":0,"cell_type":"inclusion","proximity":3998.4,"opportunity":8703.4,"population":509}},{"type":"Feature","id":1024,"geometry":{"type":"Polygon","coordinates":[[[-122.28387,47.56142],[-122.28641,47.5612],[-122.28776,47.56247],[-122.2866,47.56398],[-122.28407,47.5642],[-122.28271,47.56292],[-122.28387,47.56142]]]},"properties":{"zone":3,"cell_type":"total isolation","proximity":1762,"opportunity":6717.8,"population":372}},{"type":"Feature","id":1025,"geometry":{"type":"Polygon","coordinates":[[[-122.28784,47.67161],[-122.29043,47.67139],[-122.29183,47.6727],[-122.29063,47.67424],[-122.28804,47.67447],[-122.28664,47.67315],[-122.28784,47.67161]]]},"properties":{"zone":0,"cell_type":"inclusion","proximity":2978.6,"opportunity":8040.9,"population":440}},{"type":"Feature","id":1026,"geometry":{"type":"Polygon","coordinates":[[[-122.37852,47.62641],[-122.38095,47.6262],[-122.38225,47.62742],[-122.38113,47.62886],[-122.3787,47.62907],[-122.37741,47.62786],[-122.37852,47.62641]]]},"properties":{"zone":3,"cell_type":"total isolation","proximity":2841.8,"opportunity":6962.6,"population":301}},{"type":"Feature","id":1027,"geometry":{"type":"Polygon","coordinates":[[[-122.40098,47.66341],[-122.40303,47.66323],[-122.40408,47.66422],[-122.40314,47.66543],[-122.4011,47.66561],[-122.40005,47.66462],[-122.40098,47.66341]]]},"properties":{"zone":3,"cell_type":"total isolation","proximity":2102.5,"opportunity":5395.4,"population":135}},{"type":"Feature","id":1028,"geometry":{"type":"Polygon","coordinates":[[[-122.3657,47.718],[-122.36802,47.7178],[-122.36924,47.71895],[-122.36818,47.72032],[-122.36586,47.72053],[-122.36463,47.71938],[-122.3657,47.718]]]},"properties":{"zone":3,"cell_type":"total isolation","proximity":1499.2,"opportunity":4176.3,"population":239}},{"type":"Feature","id":1029,"geometry":{"type":"Polygon","coordinates":[[[-122.33353,47.60013],[-122.33612,47.5999],[-122.33752,47.60121],[-122.33632,47.60275],[-122.33373,47.60298],[-122.33234,47.60167],[-122.33353,47.60013]]]},"properties":{"zone":0,"cell_type":"inclusion","proximity":5204.2,"opportunity":13886.5,"population":517}},{"type":"Feature","id":1030,"geometry":{"type":"Polygon","coordinates":[[[-122.27219,47.67023],[-122.27459,47.67002],[-122.27587,47.67122],[-122.27476,47.67264],[-122.27236,47.67285],[-122.27109,47.67165],[-122.27219,47.67023]]]},"properties":{"zone":3,"cell_type":"total isolation","proximity":2232.8,"opportunity":7456.7,"population":282}},{"type":"Feature","id":1031,"geometry":{"type":"Polygon","coordinates":[[[-122.29093,47.54941],[-122.29328,47.5492],[-122.29453,47.55038],[-122.29345,47.55177],[-122.29109,47.55198],[-122.28985,47.55081],[-122.29093,47.54941]]]},"properties":{"zone":3,"cell_type":"total isolation","proximity":1549.3,"opportunity":6118.5,"population":257}},{"type":"Feature","id":1032,"geometry":{"type":"Polygon","coordinates":[[[-122.2972,47.63253],[-122.29899,47.63237],[-122.29988,47.63321],[-122.29906,47.63426],[-122.29727,47.63442],[-122.29638,47.63358],[-122.2972,47.63253]]]},"properties":{"zone":0,"cell_type":"inclusion","proximity":3545.1,"opportunity":8418,"population":80}},{"type":"Feature","id":1033,"geometry":{"type":"Polygon","coordinates":[[[-122.33389,47.70948],[-122.33598,47.70929],[-122.33707,47.7103],[-122.33611,47.71154],[-122.33401,47.71172],[-122.33293,47.71071],[-122.33389,47.70948]]]},"properties":{"zone":2,"cell_type":"social isolation","proximity":2670.7,"opportunity":8712.8,"population":149}},{"type":"Feature","id":1034,"geometry":{"type":"Polygon","coordinates":[[[-122.32279,47.66718],[-122.32527,47.66696],[-122.3266,47.66821],[-122.32546,47.66968],[-122.32298,47.66989],[-122.32166,47.66865],[-122.32279,47.66718]]]},"properties":{"zone":0,"cell_type":"inclusion","proximity":4364.7,"opportunity":8597.5,"population":331}},{"type":"Feature","id":1035,"geometry":{"type":"Polygon","coordinates":[[[-122.29731,47.57939],[-122.29907,47.57924],[-122.29993,47.58006],[-122.29914,47.58109],[-122.29738,47.58125],[-122.29651,47.58043],[-122.29731,47.57939]]]},"properties":{"zone":2,"cell_type":"social isolation","proximity":2544.6,"opportunity":8166.1,"population":74}},{"type":"Feature","id":1036,"geometry":{"type":"Polygon","coordinates":[[[-122.35826,47.67119],[-122.3608,47.67097],[-122.36216,47.67225],[-122.361,47.67376],[-122.35846,47.67398],[-122.35709,47.6727],[-122.35826,47.67119]]]},"properties":{"zone":0,"cell_type":"inclusion","proximity":3860,"opportunity":9278.1,"population":378}},{"type":"Feature","id":1037,"geometry":{"type":"Polygon","coordinates":[[[-122.41764,47.66304],[-122.41764,47.66304],[-122.41757,47.66304],[-122.41757,47.66304],[-122.41764,47.66304]]]},"properties":{"zone":3,"cell_type":"total isolation","proximity":1376.9,"opportunity":1816.6,"population":2}},{"type":"Feature","id":1038,"geometry":{"type":"Polygon","coordinates":[[[-122.33028,47.60772],[-122.33266,47.60751],[-122.33393,47.6087],[-122.33284,47.61012],[-122.33045,47.61033],[-122.32918,47.60914],[-122.33028,47.60772]]]},"properties":{"zone":0,"cell_type":"inclusion","proximity":5821.2,"opportunity":13593,"population":275}},{"type":"Feature","id":1039,"geometry":{"type":"Polygon","coordinates":[[[-122.35999,47.69407],[-122.3624,47.69386],[-122.36369,47.69506],[-122.36258,47.69649],[-122.36017,47.6967],[-122.35889,47.6955],[-122.35999,47.69407]]]},"properties":{"zone":0,"cell_type":"inclusion","proximity":3025.2,"opportunity":7942.7,"population":287}},{"type":"Feature","id":1040,"geometry":{"type":"Polygon","coordinates":[[[-122.32691,47.72153],[-122.32905,47.72135],[-122.33016,47.72239],[-122.32918,47.72365],[-122.32704,47.72384],[-122.32593,47.7228],[-122.32691,47.72153]]]},"properties":{"zone":3,"cell_type":"total isolation","proximity":1961.6,"opportunity":6181.3,"population":163}},{"type":"Feature","id":1041,"geometry":{"type":"Polygon","coordinates":[[[-122.27045,47.53812],[-122.27304,47.53789],[-122.27444,47.53921],[-122.27325,47.54075],[-122.27066,47.54097],[-122.26926,47.53966],[-122.27045,47.53812]]]},"properties":{"zone":3,"cell_type":"total isolation","proximity":1086.1,"opportunity":5269.9,"population":508}},{"type":"Feature","id":1042,"geometry":{"type":"Polygon","coordinates":[[[-122.39823,47.68207],[-122.40066,47.68186],[-122.40195,47.68307],[-122.40084,47.68451],[-122.39841,47.68473],[-122.39711,47.68352],[-122.39823,47.68207]]]},"properties":{"zone":3,"cell_type":"total isolation","proximity":1971.2,"opportunity":5626,"population":300}},{"type":"Feature","id":1043,"geometry":{"type":"Polygon","coordinates":[[[-122.30497,47.63716],[-122.30747,47.63694],[-122.30881,47.6382],[-122.30766,47.63968],[-122.30516,47.6399],[-122.30382,47.63864],[-122.30497,47.63716]]]},"properties":{"zone":0,"cell_type":"inclusion","proximity":3835.2,"opportunity":8545.6,"population":348}},{"type":"Feature","id":1044,"geometry":{"type":"Polygon","coordinates":[[[-122.24043,47.49914],[-122.24284,47.49893],[-122.24412,47.50014],[-122.24301,47.50157],[-122.24061,47.50178],[-122.23933,47.50057],[-122.24043,47.49914]]]},"properties":{"zone":3,"cell_type":"total isolation","proximity":209.4,"opportunity":2421.5,"population":287}},{"type":"Feature","id":1045,"geometry":{"type":"Polygon","coordinates":[[[-122.36642,47.67618],[-122.36901,47.67595],[-122.37041,47.67726],[-122.36922,47.6788],[-122.36662,47.67903],[-122.36522,47.67772],[-122.36642,47.67618]]]},"properties":{"zone":0,"cell_type":"inclusion","proximity":3502.8,"opportunity":8914.5,"population":431}},{"type":"Feature","id":1046,"geometry":{"type":"Polygon","coordinates":[[[-122.27128,47.65873],[-122.27384,47.65851],[-122.27521,47.6598],[-122.27404,47.66132],[-122.27148,47.66154],[-122.2701,47.66025],[-122.27128,47.65873]]]},"properties":{"zone":3,"cell_type":"total isolation","proximity":2175.9,"opportunity":6025.9,"population":390}},{"type":"Feature","id":1047,"geometry":{"type":"Polygon","coordinates":[[[-122.37149,47.63842],[-122.37408,47.63819],[-122.37548,47.63951],[-122.37429,47.64105],[-122.3717,47.64127],[-122.3703,47.63996],[-122.37149,47.63842]]]},"properties":{"zone":0,"cell_type":"inclusion","proximity":3252.1,"opportunity":8755.3,"population":596}},{"type":"Feature","id":1048,"geometry":{"type":"Polygon","coordinates":[[[-122.33651,47.69333],[-122.33883,47.69312],[-122.34006,47.69427],[-122.339,47.69565],[-122.33667,47.69586],[-122.33544,47.6947],[-122.33651,47.69333]]]},"properties":{"zone":0,"cell_type":"inclusion","proximity":3488.6,"opportunity":9996.1,"population":241}},{"type":"Feature","id":1049,"geometry":{"type":"Polygon","coordinates":[[[-122.29589,47.56473],[-122.29832,47.56452],[-122.29963,47.56574],[-122.29851,47.56719],[-122.29607,47.56741],[-122.29476,47.56618],[-122.29589,47.56473]]]},"properties":{"zone":3,"cell_type":"total isolation","proximity":1954.8,"opportunity":6947.6,"population":308}},{"type":"Feature","id":1050,"geometry":{"type":"Polygon","coordinates":[[[-122.33979,47.6326],[-122.34238,47.63238],[-122.34378,47.63369],[-122.34258,47.63523],[-122.33999,47.63546],[-122.3386,47.63415],[-122.33979,47.6326]]]},"properties":{"zone":0,"cell_type":"inclusion","proximity":4614.3,"opportunity":11809.2,"population":470}},{"type":"Feature","id":1051,"geometry":{"type":"Polygon","coordinates":[[[-122.30463,47.68736],[-122.30721,47.68714],[-122.30861,47.68844],[-122.30742,47.68998],[-122.30483,47.69021],[-122.30344,47.6889],[-122.30463,47.68736]]]},"properties":{"zone":0,"cell_type":"inclusion","proximity":3375.8,"opportunity":8163.8,"population":414}},{"type":"Feature","id":1052,"geometry":{"type":"Polygon","coordinates":[[[-122.2802,47.56329],[-122.28255,47.56308],[-122.28379,47.56425],[-122.28271,47.56565],[-122.28036,47.56585],[-122.27912,47.56468],[-122.2802,47.56329]]]},"properties":{"zone":3,"cell_type":"total isolation","proximity":1539.9,"opportunity":5063,"population":255}},{"type":"Feature","id":1053,"geometry":{"type":"Polygon","coordinates":[[[-122.33405,47.59266],[-122.33468,47.59261],[-122.33483,47.59275],[-122.33457,47.59309],[-122.33393,47.59315],[-122.33378,47.59301],[-122.33405,47.59266]]]},"properties":{"zone":0,"cell_type":"inclusion","proximity":3970.8,"opportunity":10376.9,"population":7}},{"type":"Feature","id":1054,"geometry":{"type":"Polygon","coordinates":[[[-122.33207,47.56146],[-122.33207,47.56146],[-122.33201,47.56147],[-122.33201,47.56147],[-122.33207,47.56146]]]},"properties":{"zone":3,"cell_type":"total isolation","proximity":1468,"opportunity":6644.2,"population":0}},{"type":"Feature","id":1055,"geometry":{"type":"Polygon","coordinates":[[[-122.24863,47.5042],[-122.25099,47.504],[-122.25224,47.50518],[-122.25116,47.50659],[-122.24879,47.50679],[-122.24754,47.50561],[-122.24863,47.5042]]]},"properties":{"zone":3,"cell_type":"total isolation","proximity":313.3,"opportunity":2475.6,"population":263}},{"type":"Feature","id":1056,"geometry":{"type":"Polygon","coordinates":[[[-122.30645,47.54804],[-122.30881,47.54784],[-122.31006,47.54902],[-122.30898,47.55042],[-122.30662,47.55062],[-122.30537,47.54945],[-122.30645,47.54804]]]},"properties":{"zone":3,"cell_type":"total isolation","proximity":1299.6,"opportunity":5130.8,"population":260}},{"type":"Feature","id":1057,"geometry":{"type":"Polygon","coordinates":[[[-122.30525,47.63477],[-122.30692,47.63462],[-122.30773,47.63538],[-122.30697,47.63636],[-122.3053,47.63651],[-122.30449,47.63575],[-122.30525,47.63477]]]},"properties":{"zone":0,"cell_type":"inclusion","proximity":3953.5,"opportunity":8311.5,"population":62}},{"type":"Feature","id":1058,"geometry":{"type":"Polygon","coordinates":[[[-122.34939,47.70805],[-122.35158,47.70786],[-122.35273,47.70893],[-122.35172,47.71022],[-122.34953,47.71042],[-122.34838,47.70935],[-122.34939,47.70805]]]},"properties":{"zone":3,"cell_type":"total isolation","proximity":2535.6,"opportunity":7555.1,"population":183}},{"type":"Feature","id":1059,"geometry":{"type":"Polygon","coordinates":[[[-122.33071,47.66929],[-122.3333,47.66906],[-122.3347,47.67037],[-122.33351,47.67191],[-122.33091,47.67214],[-122.32952,47.67083],[-122.33071,47.66929]]]},"properties":{"zone":0,"cell_type":"inclusion","proximity":4166.4,"opportunity":8729.1,"population":467}},{"type":"Feature","id":1060,"geometry":{"type":"Polygon","coordinates":[[[-122.29307,47.58072],[-122.29561,47.5805],[-122.29698,47.58179],[-122.29581,47.5833],[-122.29326,47.58352],[-122.29189,47.58224],[-122.29307,47.58072]]]},"properties":{"zone":3,"cell_type":"total isolation","proximity":2400.9,"opportunity":7485.2,"population":384}},{"type":"Feature","id":1061,"geometry":{"type":"Polygon","coordinates":[[[-122.34588,47.66225],[-122.34841,47.66203],[-122.34976,47.6633],[-122.3486,47.6648],[-122.34608,47.66502],[-122.34472,47.66375],[-122.34588,47.66225]]]},"properties":{"zone":0,"cell_type":"inclusion","proximity":4521,"opportunity":11215.1,"population":364}},{"type":"Feature","id":1062,"geometry":{"type":"Polygon","coordinates":[[[-122.35533,47.63124],[-122.35792,47.63101],[-122.35932,47.63232],[-122.35813,47.63386],[-122.35554,47.63409],[-122.35414,47.63278],[-122.35533,47.63124]]]},"properties":{"zone":0,"cell_type":"inclusion","proximity":4182.8,"opportunity":8992,"population":662}},{"type":"Feature","id":1063,"geometry":{"type":"Polygon","coordinates":[[[-122.29899,47.66346],[-122.30158,47.66323],[-122.30298,47.66455],[-122.30179,47.66609],[-122.29919,47.66631],[-122.2978,47.665],[-122.29899,47.66346]]]},"properties":{"zone":0,"cell_type":"inclusion","proximity":3948.2,"opportunity":8485.7,"population":534}},{"type":"Feature","id":1064,"geometry":{"type":"Polygon","coordinates":[[[-122.33098,47.61902],[-122.33357,47.61879],[-122.33497,47.62011],[-122.33378,47.62165],[-122.33119,47.62188],[-122.32979,47.62056],[-122.33098,47.61902]]]},"properties":{"zone":0,"cell_type":"inclusion","proximity":5754.2,"opportunity":12561.6,"population":791}},{"type":"Feature","id":1065,"geometry":{"type":"Polygon","coordinates":[[[-122.35613,47.69576],[-122.35868,47.69554],[-122.36005,47.69682],[-122.35888,47.69834],[-122.35633,47.69856],[-122.35495,47.69728],[-122.35613,47.69576]]]},"properties":{"zone":1,"cell_type":"spatial isolation","proximity":2905.3,"opportunity":7392.1,"population":387}},{"type":"Feature","id":1066,"geometry":{"type":"Polygon","coordinates":[[[-122.31581,47.56751],[-122.3179,47.56732],[-122.31899,47.56834],[-122.31803,47.56958],[-122.31594,47.56976],[-122.31485,47.56875],[-122.31581,47.56751]]]},"properties":{"zone":3,"cell_type":"total isolation","proximity":1872,"opportunity":6960.1,"population":150}},{"type":"Feature","id":1067,"geometry":{"type":"Polygon","coordinates":[[[-122.30566,47.69897],[-122.30789,47.69877],[-122.30906,47.69987],[-122.30804,47.70118],[-122.3058,47.70138],[-122.30463,47.70028],[-122.30566,47.69897]]]},"properties":{"zone":1,"cell_type":"spatial isolation","proximity":2953.2,"opportunity":7203.7,"population":198}},{"type":"Feature","id":1068,"geometry":{"type":"Polygon","coordinates":[[[-122.32317,47.72334],[-122.32523,47.72316],[-122.32629,47.72416],[-122.32535,47.72537],[-122.32329,47.72555],[-122.32222,47.72456],[-122.32317,47.72334]]]},"properties":{"zone":3,"cell_type":"total isolation","proximity":1946.4,"opportunity":6014.8,"population":139}},{"type":"Feature","id":1069,"geometry":{"type":"Polygon","coordinates":[[[-122.26051,47.67257],[-122.2631,47.67234],[-122.2645,47.67366],[-122.26331,47.6752],[-122.26072,47.67542],[-122.25932,47.67411],[-122.26051,47.67257]]]},"properties":{"zone":3,"cell_type":"total isolation","proximity":1702,"opportunity":7568.7,"population":637}},{"type":"Feature","id":1070,"geometry":{"type":"Polygon","coordinates":[[[-122.25239,47.50242],[-122.25479,47.50221],[-122.25606,47.50341],[-122.25496,47.50484],[-122.25256,47.50505],[-122.25128,47.50384],[-122.25239,47.50242]]]},"properties":{"zone":3,"cell_type":"total isolation","proximity":325.5,"opportunity":3996.4,"population":283}},{"type":"Feature","id":1071,"geometry":{"type":"Polygon","coordinates":[[[-122.29112,47.71723],[-122.29371,47.717],[-122.29511,47.71831],[-122.29392,47.71985],[-122.29132,47.72008],[-122.28992,47.71877],[-122.29112,47.71723]]]},"properties":{"zone":3,"cell_type":"total isolation","proximity":1806.3,"opportunity":7610.8,"population":714}},{"type":"Feature","id":1072,"geometry":{"type":"Polygon","coordinates":[[[-122.38747,47.69325],[-122.3896,47.69306],[-122.39071,47.6941],[-122.38974,47.69536],[-122.3876,47.69555],[-122.38649,47.69451],[-122.38747,47.69325]]]},"properties":{"zone":3,"cell_type":"total isolation","proximity":2127.8,"opportunity":6211.7,"population":162}},{"type":"Feature","id":1073,"geometry":{"type":"Polygon","coordinates":[[[-122.31307,47.63944],[-122.31536,47.63924],[-122.31657,47.64038],[-122.31552,47.64173],[-122.31322,47.64194],[-122.31202,47.6408],[-122.31307,47.63944]]]},"properties":{"zone":0,"cell_type":"inclusion","proximity":3879.9,"opportunity":8190.9,"population":226}},{"type":"Feature","id":1074,"geometry":{"type":"Polygon","coordinates":[[[-122.331,47.72536],[-122.33332,47.72516],[-122.33455,47.72631],[-122.33349,47.72768],[-122.33117,47.72788],[-122.32994,47.72674],[-122.331,47.72536]]]},"properties":{"zone":3,"cell_type":"total isolation","proximity":1722.9,"opportunity":6660.5,"population":238}},{"type":"Feature","id":1075,"geometry":{"type":"Polygon","coordinates":[[[-122.35548,47.68719],[-122.35807,47.68696],[-122.35947,47.68827],[-122.35828,47.68981],[-122.35569,47.69004],[-122.35429,47.68873],[-122.35548,47.68719]]]},"properties":{"zone":0,"cell_type":"inclusion","proximity":3522.5,"opportunity":8369.2,"population":482}},{"type":"Feature","id":1076,"geometry":{"type":"Polygon","coordinates":[[[-122.26792,47.66091],[-122.26975,47.66075],[-122.27066,47.6616],[-122.26983,47.66268],[-122.268,47.66284],[-122.26708,47.66198],[-122.26792,47.66091]]]},"properties":{"zone":3,"cell_type":"total isolation","proximity":1986.7,"opportunity":5809.2,"population":86}},{"type":"Feature","id":1077,"geometry":{"type":"Polygon","coordinates":[[[-122.36351,47.63626],[-122.3661,47.63603],[-122.3675,47.63734],[-122.36631,47.63888],[-122.36372,47.63911],[-122.36232,47.6378],[-122.36351,47.63626]]]},"properties":{"zone":1,"cell_type":"spatial isolation","proximity":3567.4,"opportunity":7672.5,"population":506}},{"type":"Feature","id":1078,"geometry":{"type":"Polygon","coordinates":[[[-122.3052,47.56814],[-122.3052,47.56814],[-122.30513,47.56814],[-122.30513,47.56814],[-122.3052,47.56814]]]},"properties":{"zone":3,"cell_type":"total isolation","proximity":1901.2,"opportunity":7062.7,"population":1}},{"type":"Feature","id":1079,"geometry":{"type":"Polygon","coordinates":[[[-122.33985,47.6247],[-122.34127,47.62458],[-122.34192,47.62519],[-122.34128,47.62601],[-122.33987,47.62614],[-122.33922,47.62553],[-122.33985,47.6247]]]},"properties":{"zone":0,"cell_type":"inclusion","proximity":5380,"opportunity":11550,"population":36}},{"type":"Feature","id":1080,"geometry":{"type":"Polygon","coordinates":[[[-122.2722,47.56108],[-122.2746,47.56087],[-122.27587,47.56207],[-122.27477,47.5635],[-122.27237,47.56371],[-122.27109,47.56251],[-122.2722,47.56108]]]},"properties":{"zone":3,"cell_type":"total isolation","proximity":1309.8,"opportunity":4885.3,"population":283}},{"type":"Feature","id":1081,"geometry":{"type":"Polygon","coordinates":[[[-122.26215,47.52763],[-122.26426,47.52744],[-122.26536,47.52848],[-122.26439,47.52973],[-122.26227,47.52991],[-122.26118,47.52888],[-122.26215,47.52763]]]},"properties":{"zone":3,"cell_type":"total isolation","proximity":673.2,"opportunity":3137.9,"population":157}},{"type":"Feature","id":1082,"geometry":{"type":"Polygon","coordinates":[[[-122.33005,47.59422],[-122.33106,47.59413],[-122.33146,47.5945],[-122.33101,47.59508],[-122.32999,47.59517],[-122.3296,47.59479],[-122.33005,47.59422]]]},"properties":{"zone":0,"cell_type":"inclusion","proximity":3446.7,"opportunity":9622.3,"population":16}},{"type":"Feature","id":1083,"geometry":{"type":"Polygon","coordinates":[[[-122.38996,47.67699],[-122.39252,47.67676],[-122.3939,47.67805],[-122.39272,47.67957],[-122.39017,47.6798],[-122.38879,47.67851],[-122.38996,47.67699]]]},"properties":{"zone":3,"cell_type":"total isolation","proximity":2440.9,"opportunity":6490.2,"population":391}},{"type":"Feature","id":1084,"geometry":{"type":"Polygon","coordinates":[[[-122.33068,47.55222],[-122.33214,47.55209],[-122.33282,47.55273],[-122.33216,47.55358],[-122.3307,47.55371],[-122.33002,47.55307],[-122.33068,47.55222]]]},"properties":{"zone":3,"cell_type":"total isolation","proximity":1497.5,"opportunity":6906.2,"population":40}},{"type":"Feature","id":1085,"geometry":{"type":"Polygon","coordinates":[[[-122.2883,47.67736],[-122.2908,47.67714],[-122.29215,47.67841],[-122.291,47.6799],[-122.28849,47.68012],[-122.28714,47.67885],[-122.2883,47.67736]]]},"properties":{"zone":3,"cell_type":"total isolation","proximity":2842.5,"opportunity":7729.2,"population":353}},{"type":"Feature","id":1086,"geometry":{"type":"Polygon","coordinates":[[[-122.29259,47.62554],[-122.29474,47.62535],[-122.29585,47.6264],[-122.29487,47.62766],[-122.29273,47.62785],[-122.29161,47.6268],[-122.29259,47.62554]]]},"properties":{"zone":1,"cell_type":"spatial isolation","proximity":3588.9,"opportunity":7602,"population":165}},{"type":"Feature","id":1087,"geometry":{"type":"Polygon","coordinates":[[[-122.34769,47.66923],[-122.34769,47.66923],[-122.34762,47.66923],[-122.34762,47.66923],[-122.34769,47.66923]]]},"properties":{"zone":0,"cell_type":"inclusion","proximity":4304.5,"opportunity":8431,"population":2}},{"type":"Feature","id":1088,"geometry":{"type":"Polygon","coordinates":[[[-122.31298,47.58613],[-122.31557,47.58591],[-122.31696,47.58722],[-122.31577,47.58876],[-122.31318,47.58899],[-122.31178,47.58767],[-122.31298,47.58613]]]},"properties":{"zone":0,"cell_type":"inclusion","proximity":3297.1,"opportunity":8979.6,"population":677}},{"type":"Feature","id":1089,"geometry":{"type":"Polygon","coordinates":[[[-122.35382,47.66438],[-122.35641,47.66415],[-122.35781,47.66546],[-122.35662,47.667],[-122.35403,47.66723],[-122.35263,47.66592],[-122.35382,47.66438]]]},"properties":{"zone":0,"cell_type":"inclusion","proximity":4274.8,"opportunity":10010,"population":479}},{"type":"Feature","id":1090,"geometry":{"type":"Polygon","coordinates":[[[-122.27796,47.64106],[-122.28029,47.64085],[-122.28153,47.64201],[-122.28046,47.6434],[-122.27812,47.6436],[-122.27688,47.64244],[-122.27796,47.64106]]]},"properties":{"zone":3,"cell_type":"total isolation","proximity":1589.9,"opportunity":4947.2,"population":247}},{"type":"Feature","id":1091,"geometry":{"type":"Polygon","coordinates":[[[-122.31454,47.6621],[-122.31713,47.66187],[-122.31853,47.66318],[-122.31734,47.66472],[-122.31475,47.66495],[-122.31335,47.66364],[-122.31454,47.6621]]]},"properties":{"zone":0,"cell_type":"inclusion","proximity":4862.4,"opportunity":12195.1,"population":1059}},{"type":"Feature","id":1092,"geometry":{"type":"Polygon","coordinates":[[[-122.26245,47.53058],[-122.2644,47.53041],[-122.26539,47.53134],[-122.2645,47.53249],[-122.26255,47.53266],[-122.26156,47.53173],[-122.26245,47.53058]]]},"properties":{"zone":3,"cell_type":"total isolation","proximity":799.7,"opportunity":3495.6,"population":111}},{"type":"Feature","id":1093,"geometry":{"type":"Polygon","coordinates":[[[-122.28867,47.57392],[-122.29121,47.5737],[-122.29258,47.57499],[-122.29141,47.5765],[-122.28887,47.57672],[-122.2875,47.57544],[-122.28867,47.57392]]]},"properties":{"zone":3,"cell_type":"total isolation","proximity":2099.8,"opportunity":7008.4,"population":380}},{"type":"Feature","id":1094,"geometry":{"type":"Polygon","coordinates":[[[-122.40561,47.66246],[-122.4062,47.66241],[-122.40632,47.66252],[-122.40607,47.66284],[-122.40549,47.66289],[-122.40537,47.66278],[-122.40561,47.66246]]]},"properties":{"zone":3,"cell_type":"total isolation","proximity":1767.1,"opportunity":5194.1,"population":6}},{"type":"Feature","id":1095,"geometry":{"type":"Polygon","coordinates":[[[-122.3272,47.62079],[-122.32979,47.62056],[-122.33119,47.62188],[-122.33,47.62342],[-122.32741,47.62364],[-122.32601,47.62233],[-122.3272,47.62079]]]},"properties":{"zone":0,"cell_type":"inclusion","proximity":5203.3,"opportunity":10112.5,"population":864}},{"type":"Feature","id":1096,"geometry":{"type":"Polygon","coordinates":[[[-122.37632,47.7014],[-122.37846,47.70121],[-122.37958,47.70225],[-122.3786,47.70352],[-122.37646,47.70371],[-122.37534,47.70266],[-122.37632,47.7014]]]},"properties":{"zone":3,"cell_type":"total isolation","proximity":2129.9,"opportunity":5599.1,"population":164}},{"type":"Feature","id":1097,"geometry":{"type":"Polygon","coordinates":[[[-122.32452,47.57039],[-122.32535,47.57032],[-122.32563,47.57058],[-122.32527,47.57105],[-122.32443,47.57112],[-122.32416,47.57086],[-122.32452,47.57039]]]},"properties":{"zone":3,"cell_type":"total isolation","proximity":2129.2,"opportunity":7162,"population":11}},{"type":"Feature","id":1098,"geometry":{"type":"Polygon","coordinates":[[[-122.30185,47.70071],[-122.30412,47.70051],[-122.30531,47.70163],[-122.30427,47.70297],[-122.302,47.70317],[-122.30081,47.70205],[-122.30185,47.70071]]]},"properties":{"zone":3,"cell_type":"total isolation","proximity":2677.5,"opportunity":6659,"population":214}},{"type":"Feature","id":1099,"geometry":{"type":"Polygon","coordinates":[[[-122.31492,47.72093],[-122.31743,47.72071],[-122.31878,47.72197],[-122.31762,47.72346],[-122.31511,47.72368],[-122.31377,47.72242],[-122.31492,47.72093]]]},"properties":{"zone":3,"cell_type":"total isolation","proximity":1887.8,"opportunity":6596.2,"population":352}},{"type":"Feature","id":1100,"geometry":{"type":"Polygon","coordinates":[[[-122.38038,47.64942],[-122.38247,47.64924],[-122.38356,47.65025],[-122.3826,47.65149],[-122.38051,47.65167],[-122.37942,47.65066],[-122.38038,47.64942]]]},"properties":{"zone":3,"cell_type":"total isolation","proximity":2774.2,"opportunity":7881.2,"population":149}},{"type":"Feature","id":1101,"geometry":{"type":"Polygon","coordinates":[[[-122.32631,47.6625],[-122.3289,47.66227],[-122.3303,47.66358],[-122.3291,47.66512],[-122.32651,47.66535],[-122.32511,47.66404],[-122.32631,47.6625]]]},"properties":{"zone":0,"cell_type":"inclusion","proximity":4526.4,"opportunity":9752.8,"population":567}},{"type":"Feature","id":1102,"geometry":{"type":"Polygon","coordinates":[[[-122.29079,47.70896],[-122.29289,47.70877],[-122.29398,47.70979],[-122.29301,47.71103],[-122.29091,47.71121],[-122.28983,47.71019],[-122.29079,47.70896]]]},"properties":{"zone":3,"cell_type":"total isolation","proximity":2029,"opportunity":6867.5,"population":150}},{"type":"Feature","id":1103,"geometry":{"type":"Polygon","coordinates":[[[-122.32798,47.68533],[-122.33053,47.68511],[-122.33191,47.6864],[-122.33073,47.68791],[-122.32818,47.68814],[-122.3268,47.68685],[-122.32798,47.68533]]]},"properties":{"zone":1,"cell_type":"spatial isolation","proximity":3946.2,"opportunity":7477.4,"population":388}},{"type":"Feature","id":1104,"geometry":{"type":"Polygon","coordinates":[[[-122.29478,47.60364],[-122.2972,47.60343],[-122.29848,47.60463],[-122.29737,47.60607],[-122.29496,47.60628],[-122.29367,47.60507],[-122.29478,47.60364]]]},"properties":{"zone":0,"cell_type":"inclusion","proximity":3362.7,"opportunity":8566.4,"population":291}},{"type":"Feature","id":1105,"geometry":{"type":"Polygon","coordinates":[[[-122.36346,47.68935],[-122.36605,47.68912],[-122.36745,47.69044],[-122.36626,47.69197],[-122.36367,47.6922],[-122.36227,47.69089],[-122.36346,47.68935]]]},"properties":{"zone":0,"cell_type":"inclusion","proximity":3170.3,"opportunity":9169.6,"population":506}},{"type":"Feature","id":1106,"geometry":{"type":"Polygon","coordinates":[[[-122.28748,47.66596],[-122.28998,47.66574],[-122.29132,47.667],[-122.29017,47.66848],[-122.28767,47.6687],[-122.28633,47.66744],[-122.28748,47.66596]]]},"properties":{"zone":0,"cell_type":"inclusion","proximity":3176.9,"opportunity":8268.4,"population":347}},{"type":"Feature","id":1107,"geometry":{"type":"Polygon","coordinates":[[[-122.35271,47.64739],[-122.35508,47.64718],[-122.35634,47.64836],[-122.35525,47.64977],[-122.35288,47.64998],[-122.35162,47.6488],[-122.35271,47.64739]]]},"properties":{"zone":0,"cell_type":"inclusion","proximity":4144.4,"opportunity":10739.8,"population":265}},{"type":"Feature","id":1108,"geometry":{"type":"Polygon","coordinates":[[[-122.29631,47.67957],[-122.29876,47.67935],[-122.30007,47.68058],[-122.29895,47.68203],[-122.29649,47.68225],[-122.29519,47.68102],[-122.29631,47.67957]]]},"properties":{"zone":0,"cell_type":"inclusion","proximity":3246.1,"opportunity":8069.3,"population":313}},{"type":"Feature","id":1109,"geometry":{"type":"Polygon","coordinates":[[[-122.33648,47.62687],[-122.33719,47.62681],[-122.33738,47.62699],[-122.33708,47.62738],[-122.33638,47.62744],[-122.33618,47.62726],[-122.33648,47.62687]]]},"properties":{"zone":0,"cell_type":"inclusion","proximity":5291.6,"opportunity":10660.5,"population":8}},{"type":"Feature","id":1110,"geometry":{"type":"Polygon","coordinates":[[[-122.35778,47.71856],[-122.36034,47.71834],[-122.36171,47.71962],[-122.36054,47.72114],[-122.35798,47.72136],[-122.35661,47.72008],[-122.35778,47.71856]]]},"properties":{"zone":3,"cell_type":"total isolation","proximity":1773.6,"opportunity":6771.3,"population":387}},{"type":"Feature","id":1111,"geometry":{"type":"Polygon","coordinates":[[[-122.38974,47.67412],[-122.39233,47.67389],[-122.39373,47.6752],[-122.39253,47.67674],[-122.38994,47.67697],[-122.38854,47.67566],[-122.38974,47.67412]]]},"properties":{"zone":3,"cell_type":"total isolation","proximity":2717.3,"opportunity":7249.1,"population":458}},{"type":"Feature","id":1112,"geometry":{"type":"Polygon","coordinates":[[[-122.32555,47.58733],[-122.32673,47.58723],[-122.32723,47.58769],[-122.3267,47.58837],[-122.32553,47.58848],[-122.32503,47.58801],[-122.32555,47.58733]]]},"properties":{"zone":0,"cell_type":"inclusion","proximity":3542.3,"opportunity":10379.7,"population":22}},{"type":"Feature","id":1113,"geometry":{"type":"Polygon","coordinates":[[[-122.26133,47.51885],[-122.2638,47.51864],[-122.26513,47.51988],[-122.26399,47.52136],[-122.26151,47.52157],[-122.26019,47.52032],[-122.26133,47.51885]]]},"properties":{"zone":3,"cell_type":"total isolation","proximity":676.8,"opportunity":4958.5,"population":331}},{"type":"Feature","id":1114,"geometry":{"type":"Polygon","coordinates":[[[-122.32714,47.55422],[-122.32819,47.55413],[-122.32861,47.55452],[-122.32814,47.55512],[-122.32709,47.55521],[-122.32668,47.55482],[-122.32714,47.55422]]]},"properties":{"zone":3,"cell_type":"total isolation","proximity":1545.6,"opportunity":6968.4,"population":17}},{"type":"Feature","id":1115,"geometry":{"type":"Polygon","coordinates":[[[-122.28763,47.66876],[-122.29022,47.66854],[-122.29162,47.66985],[-122.29043,47.67139],[-122.28784,47.67161],[-122.28644,47.6703],[-122.28763,47.66876]]]},"properties":{"zone":1,"cell_type":"spatial isolation","proximity":3078.2,"opportunity":7883.6,"population":445}},{"type":"Feature","id":1116,"geometry":{"type":"Polygon","coordinates":[[[-122.29472,47.54765],[-122.29705,47.54745],[-122.29828,47.54861],[-122.29721,47.54999],[-122.29488,47.5502],[-122.29365,47.54904],[-122.29472,47.54765]]]},"properties":{"zone":3,"cell_type":"total isolation","proximity":1478,"opportunity":4983.7,"population":244}},{"type":"Feature","id":1117,"geometry":{"type":"Polygon","coordinates":[[[-122.3378,47.70783],[-122.33968,47.70767],[-122.34062,47.70855],[-122.33976,47.70965],[-122.33789,47.70981],[-122.33695,47.70893],[-122.3378,47.70783]]]},"properties":{"zone":3,"cell_type":"total isolation","proximity":2651.8,"opportunity":7444.2,"population":94}},{"type":"Feature","id":1118,"geometry":{"type":"Polygon","coordinates":[[[-122.3009,47.57745],[-122.30298,47.57726],[-122.30406,47.57827],[-122.3031,47.5795],[-122.30102,47.57969],[-122.29995,47.57868],[-122.3009,47.57745]]]},"properties":{"zone":2,"cell_type":"social isolation","proximity":2533.4,"opportunity":8035.8,"population":146}},{"type":"Feature","id":1119,"geometry":{"type":"Polygon","coordinates":[[[-122.36976,47.66339],[-122.37168,47.66322],[-122.37265,47.66412],[-122.37177,47.66525],[-122.36986,47.66542],[-122.36889,47.66451],[-122.36976,47.66339]]]},"properties":{"zone":0,"cell_type":"inclusion","proximity":3919.9,"opportunity":10044.8,"population":103}},{"type":"Feature","id":1120,"geometry":{"type":"Polygon","coordinates":[[[-122.35093,47.62445],[-122.35352,47.62422],[-122.35491,47.62553],[-122.35372,47.62707],[-122.35113,47.6273],[-122.34973,47.62599],[-122.35093,47.62445]]]},"properties":{"zone":0,"cell_type":"inclusion","proximity":4712.4,"opportunity":10685.4,"population":732}},{"type":"Feature","id":1121,"geometry":{"type":"Polygon","coordinates":[[[-122.39567,47.69827],[-122.39779,47.69808],[-122.39889,47.69911],[-122.39792,47.70036],[-122.3958,47.70055],[-122.3947,47.69952],[-122.39567,47.69827]]]},"properties":{"zone":3,"cell_type":"total isolation","proximity":1428.9,"opportunity":4201.4,"population":158}},{"type":"Feature","id":1122,"geometry":{"type":"Polygon","coordinates":[[[-122.32252,47.66427],[-122.32511,47.66404],[-122.32651,47.66535],[-122.32532,47.66689],[-122.32273,47.66712],[-122.32133,47.66581],[-122.32252,47.66427]]]},"properties":{"zone":0,"cell_type":"inclusion","proximity":4565.2,"opportunity":9452.7,"population":417}},{"type":"Feature","id":1123,"geometry":{"type":"Polygon","coordinates":[[[-122.285,47.5758],[-122.28735,47.57559],[-122.2886,47.57677],[-122.28752,47.57816],[-122.28517,47.57837],[-122.28392,47.57719],[-122.285,47.5758]]]},"properties":{"zone":3,"cell_type":"total isolation","proximity":1949.3,"opportunity":5561.2,"population":255}},{"type":"Feature","id":1124,"geometry":{"type":"Polygon","coordinates":[[[-122.42142,47.66127],[-122.42142,47.66127],[-122.42135,47.66127],[-122.42135,47.66127],[-122.42142,47.66127]]]},"properties":{"zone":3,"cell_type":"total isolation","proximity":1222,"opportunity":1740.7,"population":0}},{"type":"Feature","id":1125,"geometry":{"type":"Polygon","coordinates":[[[-122.31923,47.61862],[-122.32182,47.61839],[-122.32321,47.6197],[-122.32202,47.62125],[-122.31943,47.62147],[-122.31803,47.62016],[-122.31923,47.61862]]]},"properties":{"zone":0,"cell_type":"inclusion","proximity":5631.5,"opportunity":15078.3,"population":796}},{"type":"Feature","id":1126,"geometry":{"type":"Polygon","coordinates":[[[-122.36373,47.69226],[-122.36622,47.69204],[-122.36755,47.69329],[-122.36641,47.69477],[-122.36392,47.69499],[-122.36259,47.69374],[-122.36373,47.69226]]]},"properties":{"zone":0,"cell_type":"inclusion","proximity":2995.3,"opportunity":8825.1,"population":338}},{"type":"Feature","id":1127,"geometry":{"type":"Polygon","coordinates":[[[-122.34046,47.56935],[-122.34046,47.56935],[-122.34039,47.56936],[-122.34039,47.56936],[-122.34046,47.56935]]]},"properties":{"zone":3,"cell_type":"total isolation","proximity":1986,"opportunity":6448.3,"population":1}},{"type":"Feature","id":1128,"geometry":{"type":"Polygon","coordinates":[[[-122.32182,47.70614],[-122.32407,47.70594],[-122.32525,47.70705],[-122.32422,47.70838],[-122.32197,47.70858],[-122.32079,47.70747],[-122.32182,47.70614]]]},"properties":{"zone":0,"cell_type":"inclusion","proximity":2957.1,"opportunity":10154.4,"population":205}},{"type":"Feature","id":1129,"geometry":{"type":"Polygon","coordinates":[[[-122.30402,47.73197],[-122.30645,47.73176],[-122.30774,47.73297],[-122.30662,47.73441],[-122.3042,47.73462],[-122.3029,47.73341],[-122.30402,47.73197]]]},"properties":{"zone":3,"cell_type":"total isolation","proximity":1233.4,"opportunity":4974.5,"population":298}},{"type":"Feature","id":1130,"geometry":{"type":"Polygon","coordinates":[[[-122.28412,47.61757],[-122.28641,47.61737],[-122.28762,47.61851],[-122.28657,47.61987],[-122.28427,47.62007],[-122.28307,47.61893],[-122.28412,47.61757]]]},"properties":{"zone":1,"cell_type":"spatial isolation","proximity":3004.4,"opportunity":7254.3,"population":226}},{"type":"Feature","id":1131,"geometry":{"type":"Polygon","coordinates":[[[-122.37684,47.65142],[-122.37852,47.65127],[-122.37934,47.65204],[-122.37858,47.65303],[-122.3769,47.65318],[-122.37608,47.65241],[-122.37684,47.65142]]]},"properties":{"zone":0,"cell_type":"inclusion","proximity":2937.2,"opportunity":8270.1,"population":63}},{"type":"Feature","id":1132,"geometry":{"type":"Polygon","coordinates":[[[-122.32569,47.65394],[-122.32828,47.65371],[-122.32968,47.65503],[-122.32848,47.65657],[-122.32589,47.65679],[-122.32449,47.65548],[-122.32569,47.65394]]]},"properties":{"zone":0,"cell_type":"inclusion","proximity":4585,"opportunity":9435.3,"population":607}},{"type":"Feature","id":1133,"geometry":{"type":"Polygon","coordinates":[[[-122.29737,47.69385],[-122.29977,47.69364],[-122.30104,47.69484],[-122.29994,47.69626],[-122.29754,47.69647],[-122.29627,47.69527],[-122.29737,47.69385]]]},"properties":{"zone":3,"cell_type":"total isolation","proximity":2764.5,"opportunity":6065.3,"population":279}},{"type":"Feature","id":1134,"geometry":{"type":"Polygon","coordinates":[[[-122.28687,47.7106],[-122.2892,47.71039],[-122.29042,47.71154],[-122.28936,47.71292],[-122.28703,47.71312],[-122.2858,47.71197],[-122.28687,47.7106]]]},"properties":{"zone":3,"cell_type":"total isolation","proximity":1836.1,"opportunity":6878.5,"population":240}},{"type":"Feature","id":1135,"geometry":{"type":"Polygon","coordinates":[[[-122.28944,47.52403],[-122.29118,47.52388],[-122.29204,47.52469],[-122.29125,47.52572],[-122.2895,47.52587],[-122.28864,47.52506],[-122.28944,47.52403]]]},"properties":{"zone":3,"cell_type":"total isolation","proximity":795.7,"opportunity":4981.7,"population":73}},{"type":"Feature","id":1136,"geometry":{"type":"Polygon","coordinates":[[[-122.37554,47.6927],[-122.37795,47.69249],[-122.37924,47.69369],[-122.37813,47.69512],[-122.37572,47.69533],[-122.37443,47.69413],[-122.37554,47.6927]]]},"properties":{"zone":2,"cell_type":"social isolation","proximity":2708.2,"opportunity":8912.6,"population":290}},{"type":"Feature","id":1137,"geometry":{"type":"Polygon","coordinates":[[[-122.34708,47.73244],[-122.34958,47.73222],[-122.35093,47.73347],[-122.34978,47.73496],[-122.34727,47.73518],[-122.34592,47.73392],[-122.34708,47.73244]]]},"properties":{"zone":3,"cell_type":"total isolation","proximity":1351.4,"opportunity":6022,"population":351}},{"type":"Feature","id":1138,"geometry":{"type":"Polygon","coordinates":[[[-122.29559,47.55913],[-122.29783,47.55893],[-122.29901,47.56004],[-122.29798,47.56137],[-122.29574,47.56157],[-122.29456,47.56046],[-122.29559,47.55913]]]},"properties":{"zone":3,"cell_type":"total isolation","proximity":1779.1,"opportunity":7330.6,"population":205}},{"type":"Feature","id":1139,"geometry":{"type":"Polygon","coordinates":[[[-122.31022,47.60218],[-122.31281,47.60195],[-122.31421,47.60326],[-122.31302,47.6048],[-122.31043,47.60503],[-122.30903,47.60372],[-122.31022,47.60218]]]},"properties":{"zone":0,"cell_type":"inclusion","proximity":4555.8,"opportunity":8754,"population":685}},{"type":"Feature","id":1140,"geometry":{"type":"Polygon","coordinates":[[[-122.35108,47.6804],[-122.35367,47.68018],[-122.35507,47.68149],[-122.35387,47.68303],[-122.35128,47.68326],[-122.34988,47.68194],[-122.35108,47.6804]]]},"properties":{"zone":0,"cell_type":"inclusion","proximity":3802.4,"opportunity":8717.9,"population":420}},{"type":"Feature","id":1141,"geometry":{"type":"Polygon","coordinates":[[[-122.27511,47.65701],[-122.27759,47.65679],[-122.27892,47.65804],[-122.27778,47.65951],[-122.2753,47.65973],[-122.27397,47.65848],[-122.27511,47.65701]]]},"properties":{"zone":3,"cell_type":"total isolation","proximity":2397.9,"opportunity":6197.6,"population":333}},{"type":"Feature","id":1142,"geometry":{"type":"Polygon","coordinates":[[[-122.36062,47.64949],[-122.36311,47.64927],[-122.36444,47.65052],[-122.3633,47.652],[-122.36081,47.65222],[-122.35947,47.65097],[-122.36062,47.64949]]]},"properties":{"zone":0,"cell_type":"inclusion","proximity":3641.9,"opportunity":8679.5,"population":341}},{"type":"Feature","id":1143,"geometry":{"type":"Polygon","coordinates":[[[-122.3043,47.68175],[-122.30674,47.68153],[-122.30804,47.68275],[-122.30692,47.68419],[-122.30448,47.68441],[-122.30318,47.68319],[-122.3043,47.68175]]]},"properties":{"zone":0,"cell_type":"inclusion","proximity":3523.8,"opportunity":9595.8,"population":303}},{"type":"Feature","id":1144,"geometry":{"type":"Polygon","coordinates":[[[-122.40707,47.64256],[-122.40949,47.64234],[-122.41078,47.64355],[-122.40967,47.64498],[-122.40725,47.6452],[-122.40596,47.64399],[-122.40707,47.64256]]]},"properties":{"zone":3,"cell_type":"total isolation","proximity":1659.8,"opportunity":4937.6,"population":293}},{"type":"Feature","id":1145,"geometry":{"type":"Polygon","coordinates":[[[-122.41516,47.64218],[-122.41703,47.64201],[-122.41796,47.64289],[-122.41712,47.64399],[-122.41525,47.64415],[-122.41431,47.64327],[-122.41516,47.64218]]]},"properties":{"zone":3,"cell_type":"total isolation","proximity":1310.2,"opportunity":2816.5,"population":93}},{"type":"Feature","id":1146,"geometry":{"type":"Polygon","coordinates":[[[-122.4019,47.67755],[-122.40416,47.67735],[-122.40534,47.67846],[-122.40431,47.6798],[-122.40205,47.68],[-122.40087,47.67889],[-122.4019,47.67755]]]},"properties":{"zone":3,"cell_type":"total isolation","proximity":1882.1,"opportunity":896.1,"population":209}},{"type":"Feature","id":1147,"geometry":{"type":"Polygon","coordinates":[[[-122.37389,47.71772],[-122.3755,47.71758],[-122.37627,47.7183],[-122.37554,47.71923],[-122.37394,47.71937],[-122.37317,47.71865],[-122.37389,47.71772]]]},"properties":{"zone":3,"cell_type":"total isolation","proximity":1298.9,"opportunity":17.3,"population":53}},{"type":"Feature","id":1148,"geometry":{"type":"Polygon","coordinates":[[[-122.32153,47.58621],[-122.32277,47.5861],[-122.3233,47.58661],[-122.32275,47.58732],[-122.32151,47.58743],[-122.32098,47.58692],[-122.32153,47.58621]]]},"properties":{"zone":0,"cell_type":"inclusion","proximity":3357.3,"opportunity":10204.3,"population":25}},{"type":"Feature","id":1149,"geometry":{"type":"Polygon","coordinates":[[[-122.38595,47.67589],[-122.38854,47.67566],[-122.38994,47.67697],[-122.38875,47.67851],[-122.38616,47.67874],[-122.38476,47.67743],[-122.38595,47.67589]]]},"properties":{"zone":3,"cell_type":"total isolation","proximity":2870.2,"opportunity":7893,"population":638}},{"type":"Feature","id":1150,"geometry":{"type":"Polygon","coordinates":[[[-122.29665,47.68254],[-122.29888,47.68235],[-122.30004,47.68344],[-122.29902,47.68476],[-122.29679,47.68496],[-122.29562,47.68386],[-122.29665,47.68254]]]},"properties":{"zone":1,"cell_type":"spatial isolation","proximity":3066.3,"opportunity":7767.2,"population":197}},{"type":"Feature","id":1151,"geometry":{"type":"Polygon","coordinates":[[[-122.28389,47.67057],[-122.28641,47.67035],[-122.28776,47.67162],[-122.2866,47.67311],[-122.28408,47.67333],[-122.28273,47.67206],[-122.28389,47.67057]]]},"properties":{"zone":3,"cell_type":"total isolation","proximity":2800.2,"opportunity":7896,"population":360}},{"type":"Feature","id":1152,"geometry":{"type":"Polygon","coordinates":[[[-122.30874,47.63272],[-122.31091,47.63253],[-122.31204,47.63359],[-122.31105,47.63488],[-122.30887,47.63507],[-122.30774,47.634],[-122.30874,47.63272]]]},"properties":{"zone":0,"cell_type":"inclusion","proximity":3971.7,"opportunity":8061.6,"population":176}},{"type":"Feature","id":1153,"geometry":{"type":"Polygon","coordinates":[[[-122.33859,47.71919],[-122.34053,47.71902],[-122.34152,47.71994],[-122.34063,47.72109],[-122.33869,47.72126],[-122.3377,47.72033],[-122.33859,47.71919]]]},"properties":{"zone":3,"cell_type":"total isolation","proximity":2051.1,"opportunity":7441.9,"population":109}},{"type":"Feature","id":1154,"geometry":{"type":"Polygon","coordinates":[[[-122.3345,47.66752],[-122.33708,47.66729],[-122.33848,47.6686],[-122.33729,47.67014],[-122.3347,47.67036],[-122.33331,47.66906],[-122.3345,47.66752]]]},"properties":{"zone":0,"cell_type":"inclusion","proximity":4368.4,"opportunity":8992.1,"population":414}},{"type":"Feature","id":1155,"geometry":{"type":"Polygon","coordinates":[[[-122.30867,47.57942],[-122.3111,47.57921],[-122.3124,47.58043],[-122.31128,47.58187],[-122.30885,47.58209],[-122.30755,47.58087],[-122.30867,47.57942]]]},"properties":{"zone":2,"cell_type":"social isolation","proximity":2751.1,"opportunity":9430.8,"population":301}},{"type":"Feature","id":1156,"geometry":{"type":"Polygon","coordinates":[[[-122.36724,47.62382],[-122.3685,47.62371],[-122.36904,47.62423],[-122.36848,47.62495],[-122.36723,47.62506],[-122.36668,47.62455],[-122.36724,47.62382]]]},"properties":{"zone":0,"cell_type":"inclusion","proximity":3295.8,"opportunity":8785.1,"population":26}},{"type":"Feature","id":1157,"geometry":{"type":"Polygon","coordinates":[[[-122.31032,47.65548],[-122.3126,47.65528],[-122.31381,47.65641],[-122.31276,47.65776],[-122.31047,47.65796],[-122.30927,47.65683],[-122.31032,47.65548]]]},"properties":{"zone":0,"cell_type":"inclusion","proximity":4788.2,"opportunity":12441,"population":222}},{"type":"Feature","id":1158,"geometry":{"type":"Polygon","coordinates":[[[-122.2784,47.53761],[-122.28068,47.53741],[-122.28188,47.53854],[-122.28084,47.5399],[-122.27855,47.5401],[-122.27735,47.53896],[-122.2784,47.53761]]]},"properties":{"zone":3,"cell_type":"total isolation","proximity":1184.7,"opportunity":6972.8,"population":223}},{"type":"Feature","id":1159,"geometry":{"type":"Polygon","coordinates":[[[-122.42903,47.66315],[-122.42979,47.66308],[-122.43001,47.6633],[-122.42969,47.66371],[-122.42894,47.66378],[-122.42871,47.66357],[-122.42903,47.66315]]]},"properties":{"zone":3,"cell_type":"total isolation","proximity":645.8,"opportunity":23.5,"population":9}},{"type":"Feature","id":1160,"geometry":{"type":"Polygon","coordinates":[[[-122.33477,47.61725],[-122.33736,47.61703],[-122.33875,47.61834],[-122.33756,47.61988],[-122.33497,47.62011],[-122.33357,47.61879],[-122.33477,47.61725]]]},"properties":{"zone":0,"cell_type":"inclusion","proximity":6015.9,"opportunity":13186,"population":848}},{"type":"Feature","id":1161,"geometry":{"type":"Polygon","coordinates":[[[-122.37171,47.69442],[-122.37421,47.6942],[-122.37555,47.69545],[-122.3744,47.69694],[-122.3719,47.69716],[-122.37056,47.6959],[-122.37171,47.69442]]]},"properties":{"zone":2,"cell_type":"social isolation","proximity":2731.9,"opportunity":8151.8,"population":345}},{"type":"Feature","id":1162,"geometry":{"type":"Polygon","coordinates":[[[-122.30937,47.69713],[-122.31173,47.69692],[-122.31298,47.69809],[-122.3119,47.69949],[-122.30953,47.6997],[-122.30828,47.69852],[-122.30937,47.69713]]]},"properties":{"zone":1,"cell_type":"spatial isolation","proximity":3016.2,"opportunity":6489.6,"population":261}},{"type":"Feature","id":1163,"geometry":{"type":"Polygon","coordinates":[[[-122.28376,47.60925],[-122.28562,47.60909],[-122.28655,47.60997],[-122.2857,47.61106],[-122.28384,47.61122],[-122.28291,47.61035],[-122.28376,47.60925]]]},"properties":{"zone":3,"cell_type":"total isolation","proximity":2764.2,"opportunity":6688.3,"population":91}},{"type":"Feature","id":1164,"geometry":{"type":"Polygon","coordinates":[[[-122.3963,47.65637],[-122.39881,47.65615],[-122.40016,47.65741],[-122.39901,47.6589],[-122.3965,47.65912],[-122.39515,47.65786],[-122.3963,47.65637]]]},"properties":{"zone":3,"cell_type":"total isolation","proximity":2236.5,"opportunity":5504.4,"population":354}},{"type":"Feature","id":1165,"geometry":{"type":"Polygon","coordinates":[[[-122.3219,47.65571],[-122.32449,47.65548],[-122.32589,47.65679],[-122.3247,47.65833],[-122.32211,47.65856],[-122.32071,47.65725],[-122.3219,47.65571]]]},"properties":{"zone":0,"cell_type":"inclusion","proximity":4723.4,"opportunity":10030.7,"population":496}},{"type":"Feature","id":1166,"geometry":{"type":"Polygon","coordinates":[[[-122.26794,47.50109],[-122.27029,47.50089],[-122.27153,47.50206],[-122.27046,47.50345],[-122.26811,47.50366],[-122.26686,47.50249],[-122.26794,47.50109]]]},"properties":{"zone":3,"cell_type":"total isolation","proximity":361.8,"opportunity":3345.2,"population":255}},{"type":"Feature","id":1167,"geometry":{"type":"Polygon","coordinates":[[[-122.2937,47.69574],[-122.29589,47.69554],[-122.29704,47.69662],[-122.29603,47.69791],[-122.29384,47.6981],[-122.2927,47.69703],[-122.2937,47.69574]]]},"properties":{"zone":3,"cell_type":"total isolation","proximity":2538.4,"opportunity":7069.8,"population":181}},{"type":"Feature","id":1168,"geometry":{"type":"Polygon","coordinates":[[[-122.3464,47.72384],[-122.349,47.72361],[-122.3504,47.72492],[-122.3492,47.72646],[-122.34661,47.72669],[-122.34521,47.72538],[-122.3464,47.72384]]]},"properties":{"zone":3,"cell_type":"total isolation","proximity":1800.8,"opportunity":7143.9,"population":544}},{"type":"Feature","id":1169,"geometry":{"type":"Polygon","coordinates":[[[-122.35297,47.65029],[-122.35525,47.65009],[-122.35646,47.65122],[-122.35541,47.65257],[-122.35312,47.65278],[-122.35192,47.65165],[-122.35297,47.65029]]]},"properties":{"zone":0,"cell_type":"inclusion","proximity":4364.3,"opportunity":11055,"population":223}},{"type":"Feature","id":1170,"geometry":{"type":"Polygon","coordinates":[[[-122.34418,47.69254],[-122.34669,47.69232],[-122.34803,47.69358],[-122.34688,47.69507],[-122.34437,47.69529],[-122.34302,47.69403],[-122.34418,47.69254]]]},"properties":{"zone":0,"cell_type":"inclusion","proximity":3531.2,"opportunity":9763.1,"population":353}},{"type":"Feature","id":1171,"geometry":{"type":"Polygon","coordinates":[[[-122.29179,47.56088],[-122.29407,47.56068],[-122.29527,47.56181],[-122.29422,47.56316],[-122.29194,47.56336],[-122.29074,47.56223],[-122.29179,47.56088]]]},"properties":{"zone":3,"cell_type":"total isolation","proximity":1846.1,"opportunity":7586.5,"population":220}},{"type":"Feature","id":1172,"geometry":{"type":"Polygon","coordinates":[[[-122.3182,47.60435],[-122.32079,47.60412],[-122.32218,47.60543],[-122.32099,47.60698],[-122.3184,47.6072],[-122.317,47.60589],[-122.3182,47.60435]]]},"properties":{"zone":0,"cell_type":"inclusion","proximity":5247.4,"opportunity":10934.1,"population":1643}},{"type":"Feature","id":1173,"geometry":{"type":"Polygon","coordinates":[[[-122.28327,47.65935],[-122.28544,47.65916],[-122.28658,47.66023],[-122.28558,47.66151],[-122.28341,47.6617],[-122.28227,47.66064],[-122.28327,47.65935]]]},"properties":{"zone":0,"cell_type":"inclusion","proximity":3038.3,"opportunity":9573.1,"population":176}},{"type":"Feature","id":1174,"geometry":{"type":"Polygon","coordinates":[[[-122.34827,47.64056],[-122.3507,47.64035],[-122.35201,47.64157],[-122.35089,47.64302],[-122.34845,47.64323],[-122.34715,47.64201],[-122.34827,47.64056]]]},"properties":{"zone":0,"cell_type":"inclusion","proximity":4344.8,"opportunity":10608.8,"population":305}},{"type":"Feature","id":1175,"geometry":{"type":"Polygon","coordinates":[[[-122.31986,47.68038],[-122.32229,47.68016],[-122.32359,47.68138],[-122.32247,47.68283],[-122.32004,47.68304],[-122.31874,47.68182],[-122.31986,47.68038]]]},"properties":{"zone":0,"cell_type":"inclusion","proximity":4143.9,"opportunity":10672.4,"population":304}},{"type":"Feature","id":1176,"geometry":{"type":"Polygon","coordinates":[[[-122.41117,47.64375],[-122.4134,47.64355],[-122.41456,47.64464],[-122.41354,47.64596],[-122.41132,47.64615],[-122.41016,47.64506],[-122.41117,47.64375]]]},"properties":{"zone":3,"cell_type":"total isolation","proximity":1541.6,"opportunity":2997.9,"population":195}},{"type":"Feature","id":1177,"geometry":{"type":"Polygon","coordinates":[[[-122.28666,47.59866],[-122.28898,47.59846],[-122.29021,47.59961],[-122.28914,47.60099],[-122.28682,47.60119],[-122.28559,47.60004],[-122.28666,47.59866]]]},"properties":{"zone":3,"cell_type":"total isolation","proximity":2624.3,"opportunity":5133.3,"population":241}},{"type":"Feature","id":1178,"geometry":{"type":"Polygon","coordinates":[[[-122.31671,47.63488],[-122.31889,47.63469],[-122.32003,47.63576],[-122.31903,47.63705],[-122.31685,47.63725],[-122.31571,47.63618],[-122.31671,47.63488]]]},"properties":{"zone":0,"cell_type":"inclusion","proximity":4300.4,"opportunity":8606.8,"population":181}},{"type":"Feature","id":1179,"geometry":{"type":"Polygon","coordinates":[[[-122.3181,47.54569],[-122.32028,47.5455],[-122.32142,47.54657],[-122.32042,47.54787],[-122.31824,47.54806],[-122.3171,47.54699],[-122.3181,47.54569]]]},"properties":{"zone":3,"cell_type":"total isolation","proximity":1411.7,"opportunity":6642.9,"population":181}},{"type":"Feature","id":1180,"geometry":{"type":"Polygon","coordinates":[[[-122.38069,47.63904],[-122.38069,47.63904],[-122.38062,47.63905],[-122.38062,47.63905],[-122.38069,47.63904]]]},"properties":{"zone":2,"cell_type":"social isolation","proximity":2738.4,"opportunity":9121.7,"population":1}},{"type":"Feature","id":1181,"geometry":{"type":"Polygon","coordinates":[[[-122.37797,47.67373],[-122.38056,47.6735],[-122.38196,47.67481],[-122.38077,47.67635],[-122.37818,47.67658],[-122.37678,47.67527],[-122.37797,47.67373]]]},"properties":{"zone":1,"cell_type":"spatial isolation","proximity":3299.3,"opportunity":7891.6,"population":438}},{"type":"Feature","id":1182,"geometry":{"type":"Polygon","coordinates":[[[-122.27747,47.52607],[-122.27995,47.52585],[-122.28127,47.5271],[-122.28013,47.52858],[-122.27765,47.52879],[-122.27632,47.52754],[-122.27747,47.52607]]]},"properties":{"zone":3,"cell_type":"total isolation","proximity":899.3,"opportunity":5244,"population":335}},{"type":"Feature","id":1183,"geometry":{"type":"Polygon","coordinates":[[[-122.28626,47.53968],[-122.28873,47.53947],[-122.29005,47.54071],[-122.28891,47.54218],[-122.28644,47.5424],[-122.28512,47.54115],[-122.28626,47.53968]]]},"properties":{"zone":3,"cell_type":"total isolation","proximity":1090.6,"opportunity":5478.3,"population":328}},{"type":"Feature","id":1184,"geometry":{"type":"Polygon","coordinates":[[[-122.27788,47.68889],[-122.27947,47.68875],[-122.28022,47.68946],[-122.27951,47.69038],[-122.27792,47.69052],[-122.27717,47.68981],[-122.27788,47.68889]]]},"properties":{"zone":3,"cell_type":"total isolation","proximity":1739.9,"opportunity":1599.1,"population":51}},{"type":"Feature","id":1185,"geometry":{"type":"Polygon","coordinates":[[[-122.25321,47.51387],[-122.25559,47.51366],[-122.25685,47.51485],[-122.25576,47.51626],[-122.25338,47.51647],[-122.25212,47.51528],[-122.25321,47.51387]]]},"properties":{"zone":3,"cell_type":"total isolation","proximity":479.9,"opportunity":2817,"population":270}},{"type":"Feature","id":1186,"geometry":{"type":"Polygon","coordinates":[[[-122.30791,47.62395],[-122.31045,47.62373],[-122.31181,47.62501],[-122.31064,47.62652],[-122.3081,47.62675],[-122.30674,47.62546],[-122.30791,47.62395]]]},"properties":{"zone":0,"cell_type":"inclusion","proximity":4465.3,"opportunity":9530.2,"population":379}},{"type":"Feature","id":1187,"geometry":{"type":"Polygon","coordinates":[[[-122.35507,47.68149],[-122.35766,47.68126],[-122.35906,47.68257],[-122.35787,47.68411],[-122.35527,47.68434],[-122.35387,47.68303],[-122.35507,47.68149]]]},"properties":{"zone":0,"cell_type":"inclusion","proximity":3686.2,"opportunity":9849.2,"population":458}},{"type":"Feature","id":1188,"geometry":{"type":"Polygon","coordinates":[[[-122.3346,47.72076],[-122.33689,47.72056],[-122.3381,47.72169],[-122.33705,47.72305],[-122.33476,47.72325],[-122.33355,47.72212],[-122.3346,47.72076]]]},"properties":{"zone":3,"cell_type":"total isolation","proximity":1947.8,"opportunity":6906.8,"population":226}},{"type":"Feature","id":1189,"geometry":{"type":"Polygon","coordinates":[[[-122.2977,47.59041],[-122.30019,47.59019],[-122.30152,47.59144],[-122.30038,47.59292],[-122.29789,47.59314],[-122.29656,47.59189],[-122.2977,47.59041]]]},"properties":{"zone":0,"cell_type":"inclusion","proximity":3054.5,"opportunity":8748.5,"population":337}},{"type":"Feature","id":1190,"geometry":{"type":"Polygon","coordinates":[[[-122.35768,47.66268],[-122.36015,47.66246],[-122.36147,47.6637],[-122.36033,47.66517],[-122.35787,47.66538],[-122.35654,47.66414],[-122.35768,47.66268]]]},"properties":{"zone":0,"cell_type":"inclusion","proximity":4225.8,"opportunity":10378.8,"population":325}},{"type":"Feature","id":1191,"geometry":{"type":"Polygon","coordinates":[[[-122.27761,47.52886],[-122.2802,47.52864],[-122.28159,47.52995],[-122.2804,47.5315],[-122.27781,47.53172],[-122.27642,47.53041],[-122.27761,47.52886]]]},"properties":{"zone":3,"cell_type":"total isolation","proximity":961.5,"opportunity":4812.1,"population":506}},{"type":"Feature","id":1192,"geometry":{"type":"Polygon","coordinates":[[[-122.41627,47.65384],[-122.41767,47.65372],[-122.41831,47.65432],[-122.41768,47.65513],[-122.41628,47.65525],[-122.41564,47.65466],[-122.41627,47.65384]]]},"properties":{"zone":3,"cell_type":"total isolation","proximity":1330.5,"opportunity":2860.4,"population":35}},{"type":"Feature","id":1193,"geometry":{"type":"Polygon","coordinates":[[[-122.34317,47.61983],[-122.34503,47.61967],[-122.34596,47.62054],[-122.34511,47.62164],[-122.34326,47.6218],[-122.34233,47.62093],[-122.34317,47.61983]]]},"properties":{"zone":0,"cell_type":"inclusion","proximity":5584.5,"opportunity":13537.8,"population":91}},{"type":"Feature","id":1194,"geometry":{"type":"Polygon","coordinates":[[[-122.36106,47.7057],[-122.36306,47.70552],[-122.36409,47.70648],[-122.36318,47.70766],[-122.36117,47.70784],[-122.36014,47.70688],[-122.36106,47.7057]]]},"properties":{"zone":3,"cell_type":"total isolation","proximity":2339.2,"opportunity":7224,"population":124}},{"type":"Feature","id":1195,"geometry":{"type":"Polygon","coordinates":[[[-122.32871,47.56895],[-122.32871,47.56895],[-122.32864,47.56895],[-122.32864,47.56895],[-122.32871,47.56895]]]},"properties":{"zone":2,"cell_type":"social isolation","proximity":2116.1,"opportunity":8036.2,"population":3}},{"type":"Feature","id":1196,"geometry":{"type":"Polygon","coordinates":[[[-122.31722,47.69916],[-122.31981,47.69894],[-122.32121,47.70025],[-122.32002,47.70179],[-122.31742,47.70201],[-122.31602,47.7007],[-122.31722,47.69916]]]},"properties":{"zone":0,"cell_type":"inclusion","proximity":3130,"opportunity":8942.8,"population":436}},{"type":"Feature","id":1197,"geometry":{"type":"Polygon","coordinates":[[[-122.29971,47.72528],[-122.30197,47.72509],[-122.30316,47.7262],[-122.30212,47.72753],[-122.29986,47.72773],[-122.29867,47.72662],[-122.29971,47.72528]]]},"properties":{"zone":3,"cell_type":"total isolation","proximity":1520.3,"opportunity":5842.7,"population":210}},{"type":"Feature","id":1198,"geometry":{"type":"Polygon","coordinates":[[[-122.38387,47.64738],[-122.38646,47.64715],[-122.38786,47.64846],[-122.38667,47.65],[-122.38408,47.65023],[-122.38268,47.64892],[-122.38387,47.64738]]]},"properties":{"zone":2,"cell_type":"social isolation","proximity":2750.3,"opportunity":7957,"population":484}},{"type":"Feature","id":1199,"geometry":{"type":"Polygon","coordinates":[[[-122.34187,47.66115],[-122.34443,47.66092],[-122.34581,47.66221],[-122.34463,47.66374],[-122.34207,47.66396],[-122.34069,47.66267],[-122.34187,47.66115]]]},"properties":{"zone":0,"cell_type":"inclusion","proximity":4639.6,"opportunity":11828.5,"population":394}},{"type":"Feature","id":1200,"geometry":{"type":"Polygon","coordinates":[[[-122.28772,47.55971],[-122.29014,47.55949],[-122.29144,47.56071],[-122.29032,47.56215],[-122.2879,47.56237],[-122.2866,47.56115],[-122.28772,47.55971]]]},"properties":{"zone":3,"cell_type":"total isolation","proximity":1823.2,"opportunity":7522,"population":299}},{"type":"Feature","id":1201,"geometry":{"type":"Polygon","coordinates":[[[-122.28561,47.69346],[-122.28799,47.69325],[-122.28926,47.69444],[-122.28816,47.69585],[-122.28578,47.69606],[-122.28451,47.69487],[-122.28561,47.69346]]]},"properties":{"zone":3,"cell_type":"total isolation","proximity":2202.2,"opportunity":6940.1,"population":272}},{"type":"Feature","id":1202,"geometry":{"type":"Polygon","coordinates":[[[-122.32837,47.68837],[-122.3306,47.68817],[-122.33177,47.68926],[-122.33075,47.69058],[-122.32852,47.69077],[-122.32735,47.68968],[-122.32837,47.68837]]]},"properties":{"zone":1,"cell_type":"spatial isolation","proximity":3624.7,"opportunity":6894.9,"population":196}},{"type":"Feature","id":1203,"geometry":{"type":"Polygon","coordinates":[[[-122.39924,47.69365],[-122.40136,47.69346],[-122.40247,47.69449],[-122.4015,47.69574],[-122.39937,47.69593],[-122.39827,47.6949],[-122.39924,47.69365]]]},"properties":{"zone":3,"cell_type":"total isolation","proximity":1568.9,"opportunity":5082.2,"population":159}},{"type":"Feature","id":1204,"geometry":{"type":"Polygon","coordinates":[[[-122.3429,47.72588],[-122.34501,47.72569],[-122.3461,47.72671],[-122.34514,47.72796],[-122.34303,47.72815],[-122.34193,47.72712],[-122.3429,47.72588]]]},"properties":{"zone":3,"cell_type":"total isolation","proximity":1728.1,"opportunity":7468.8,"population":154}},{"type":"Feature","id":1205,"geometry":{"type":"Polygon","coordinates":[[[-122.34361,47.68404],[-122.34602,47.68383],[-122.3473,47.68503],[-122.3462,47.68646],[-122.34379,47.68667],[-122.34251,47.68547],[-122.34361,47.68404]]]},"properties":{"zone":0,"cell_type":"inclusion","proximity":3919.5,"opportunity":10246.1,"population":286}},{"type":"Feature","id":1206,"geometry":{"type":"Polygon","coordinates":[[[-122.31162,47.56622],[-122.31407,47.56601],[-122.31538,47.56724],[-122.31425,47.56869],[-122.3118,47.56891],[-122.31049,47.56768],[-122.31162,47.56622]]]},"properties":{"zone":3,"cell_type":"total isolation","proximity":2128.7,"opportunity":7894.4,"population":314}},{"type":"Feature","id":1207,"geometry":{"type":"Polygon","coordinates":[[[-122.30586,47.59541],[-122.30839,47.59519],[-122.30975,47.59647],[-122.30858,47.59797],[-122.30605,47.59819],[-122.3047,47.59692],[-122.30586,47.59541]]]},"properties":{"zone":0,"cell_type":"inclusion","proximity":3916.8,"opportunity":9122.9,"population":370}},{"type":"Feature","id":1208,"geometry":{"type":"Polygon","coordinates":[[[-122.36725,47.68758],[-122.36984,47.68736],[-122.37124,47.68867],[-122.37005,47.69021],[-122.36745,47.69044],[-122.36605,47.68912],[-122.36725,47.68758]]]},"properties":{"zone":0,"cell_type":"inclusion","proximity":3139.6,"opportunity":8407.1,"population":470}},{"type":"Feature","id":1209,"geometry":{"type":"Polygon","coordinates":[[[-122.28721,47.5539],[-122.2898,47.55368],[-122.2912,47.55499],[-122.29001,47.55653],[-122.28742,47.55676],[-122.28602,47.55544],[-122.28721,47.5539]]]},"properties":{"zone":3,"cell_type":"total isolation","proximity":1674.7,"opportunity":6854.3,"population":530}},{"type":"Feature","id":1210,"geometry":{"type":"Polygon","coordinates":[[[-122.40312,47.64151],[-122.40548,47.6413],[-122.40673,47.64247],[-122.40565,47.64387],[-122.40329,47.64408],[-122.40204,47.64291],[-122.40312,47.64151]]]},"properties":{"zone":3,"cell_type":"total isolation","proximity":1853.8,"opportunity":5218.9,"population":259}},{"type":"Feature","id":1211,"geometry":{"type":"Polygon","coordinates":[[[-122.32445,47.63683],[-122.32704,47.6366],[-122.32844,47.63791],[-122.32725,47.63945],[-122.32466,47.63968],[-122.32326,47.63837],[-122.32445,47.63683]]]},"properties":{"zone":0,"cell_type":"inclusion","proximity":4348.6,"opportunity":9084.5,"population":1151}},{"type":"Feature","id":1212,"geometry":{"type":"Polygon","coordinates":[[[-122.36965,47.7111],[-122.37097,47.71098],[-122.37156,47.71153],[-122.37097,47.71229],[-122.36965,47.71241],[-122.36906,47.71186],[-122.36965,47.7111]]]},"properties":{"zone":3,"cell_type":"total isolation","proximity":1701.8,"opportunity":134.7,"population":30}},{"type":"Feature","id":1213,"geometry":{"type":"Polygon","coordinates":[[[-122.37886,47.6294],[-122.38106,47.6292],[-122.38221,47.63028],[-122.38121,47.63158],[-122.37901,47.63178],[-122.37786,47.6307],[-122.37886,47.6294]]]},"properties":{"zone":0,"cell_type":"inclusion","proximity":2946.2,"opportunity":9211,"population":186}},{"type":"Feature","id":1214,"geometry":{"type":"Polygon","coordinates":[[[-122.3936,47.67243],[-122.39605,47.67221],[-122.39736,47.67344],[-122.39624,47.67489],[-122.39378,47.67511],[-122.39247,47.67388],[-122.3936,47.67243]]]},"properties":{"zone":3,"cell_type":"total isolation","proximity":2588.3,"opportunity":6776.4,"population":315}},{"type":"Feature","id":1215,"geometry":{"type":"Polygon","coordinates":[[[-122.26505,47.51702],[-122.26763,47.5168],[-122.26902,47.51811],[-122.26783,47.51965],[-122.26525,47.51987],[-122.26386,47.51856],[-122.26505,47.51702]]]},"properties":{"zone":3,"cell_type":"total isolation","proximity":647.5,"opportunity":4273.7,"population":414}},{"type":"Feature","id":1216,"geometry":{"type":"Polygon","coordinates":[[[-122.29416,47.54179],[-122.29675,47.54157],[-122.29814,47.54288],[-122.29695,47.54442],[-122.29436,47.54465],[-122.29297,47.54334],[-122.29416,47.54179]]]},"properties":{"zone":3,"cell_type":"total isolation","proximity":1320.9,"opportunity":5431.7,"population":820}},{"type":"Feature","id":1217,"geometry":{"type":"Polygon","coordinates":[[[-122.26491,47.67936],[-122.2675,47.67913],[-122.2689,47.68045],[-122.26771,47.68198],[-122.26512,47.68221],[-122.26372,47.6809],[-122.26491,47.67936]]]},"properties":{"zone":3,"cell_type":"total isolation","proximity":1824.8,"opportunity":7548.5,"population":482}},{"type":"Feature","id":1218,"geometry":{"type":"Polygon","coordinates":[[[-122.29421,47.63506],[-122.29463,47.63503],[-122.29465,47.63504],[-122.29448,47.63526],[-122.29406,47.6353],[-122.29404,47.63528],[-122.29421,47.63506]]]},"properties":{"zone":1,"cell_type":"spatial isolation","proximity":3105,"opportunity":5851.1,"population":5}},{"type":"Feature","id":1219,"geometry":{"type":"Polygon","coordinates":[[[-122.30416,47.62575],[-122.30664,47.62554],[-122.30797,47.62678],[-122.30683,47.62826],[-122.30435,47.62847],[-122.30302,47.62723],[-122.30416,47.62575]]]},"properties":{"zone":0,"cell_type":"inclusion","proximity":4150.6,"opportunity":8968,"population":334}},{"type":"Feature","id":1220,"geometry":{"type":"Polygon","coordinates":[[[-122.32671,47.71869],[-122.32884,47.71851],[-122.32994,47.71954],[-122.32897,47.72079],[-122.32684,47.72098],[-122.32574,47.71995],[-122.32671,47.71869]]]},"properties":{"zone":3,"cell_type":"total isolation","proximity":2057.8,"opportunity":7384.3,"population":158}},{"type":"Feature","id":1221,"geometry":{"type":"Polygon","coordinates":[[[-122.24832,47.49858],[-122.25051,47.49839],[-122.25165,47.49947],[-122.25065,47.50077],[-122.24846,47.50096],[-122.24732,47.49988],[-122.24832,47.49858]]]},"properties":{"zone":3,"cell_type":"total isolation","proximity":267.2,"opportunity":2561.2,"population":182}},{"type":"Feature","id":1222,"geometry":{"type":"Polygon","coordinates":[[[-122.26561,47.68534],[-122.2677,47.68516],[-122.26879,47.68617],[-122.26783,47.68741],[-122.26573,47.68759],[-122.26465,47.68658],[-122.26561,47.68534]]]},"properties":{"zone":3,"cell_type":"total isolation","proximity":1553,"opportunity":7406.2,"population":149}},{"type":"Feature","id":1223,"geometry":{"type":"Polygon","coordinates":[[[-122.33203,47.68116],[-122.33377,47.68101],[-122.33463,47.68182],[-122.33384,47.68284],[-122.33209,47.68299],[-122.33123,47.68219],[-122.33203,47.68116]]]},"properties":{"zone":0,"cell_type":"inclusion","proximity":3957.5,"opportunity":8638.4,"population":72}},{"type":"Feature","id":1224,"geometry":{"type":"Polygon","coordinates":[[[-122.35476,47.62273],[-122.35726,47.62251],[-122.35859,47.62377],[-122.35745,47.62525],[-122.35495,47.62547],[-122.35362,47.62421],[-122.35476,47.62273]]]},"properties":{"zone":0,"cell_type":"inclusion","proximity":4705.1,"opportunity":11604.3,"population":344}},{"type":"Feature","id":1225,"geometry":{"type":"Polygon","coordinates":[[[-122.29981,47.67487],[-122.3024,47.67464],[-122.3038,47.67595],[-122.30261,47.67749],[-122.30002,47.67772],[-122.29862,47.67641],[-122.29981,47.67487]]]},"properties":{"zone":0,"cell_type":"inclusion","proximity":3626.7,"opportunity":11813,"population":527}},{"type":"Feature","id":1226,"geometry":{"type":"Polygon","coordinates":[[[-122.27389,47.53069],[-122.27637,47.53048],[-122.2777,47.53173],[-122.27656,47.5332],[-122.27408,47.53342],[-122.27275,47.53217],[-122.27389,47.53069]]]},"properties":{"zone":3,"cell_type":"total isolation","proximity":980.7,"opportunity":4989.2,"population":335}},{"type":"Feature","id":1227,"geometry":{"type":"Polygon","coordinates":[[[-122.33037,47.61046],[-122.33296,47.61023],[-122.33435,47.61155],[-122.33316,47.61309],[-122.33057,47.61331],[-122.32917,47.612],[-122.33037,47.61046]]]},"properties":{"zone":0,"cell_type":"inclusion","proximity":5986.3,"opportunity":13358.6,"population":667}},{"type":"Feature","id":1228,"geometry":{"type":"Polygon","coordinates":[[[-122.32953,47.58037],[-122.32953,47.58037],[-122.32946,47.58037],[-122.32946,47.58037],[-122.32953,47.58037]]]},"properties":{"zone":2,"cell_type":"social isolation","proximity":2767.7,"opportunity":10429.5,"population":3}},{"type":"Feature","id":1229,"geometry":{"type":"Polygon","coordinates":[[[-122.30643,47.71032],[-122.30875,47.71012],[-122.30997,47.71126],[-122.30891,47.71263],[-122.30659,47.71284],[-122.30536,47.71169],[-122.30643,47.71032]]]},"properties":{"zone":2,"cell_type":"social isolation","proximity":2397.1,"opportunity":7955.5,"population":237}},{"type":"Feature","id":1230,"geometry":{"type":"Polygon","coordinates":[[[-122.39194,47.64962],[-122.39438,47.64941],[-122.39568,47.65063],[-122.39456,47.65208],[-122.39212,47.65229],[-122.39082,47.65107],[-122.39194,47.64962]]]},"properties":{"zone":3,"cell_type":"total isolation","proximity":2316.5,"opportunity":6100.7,"population":307}},{"type":"Feature","id":1231,"geometry":{"type":"Polygon","coordinates":[[[-122.3295,47.6522],[-122.33204,47.65198],[-122.3334,47.65326],[-122.33224,47.65477],[-122.3297,47.65499],[-122.32833,47.65371],[-122.3295,47.6522]]]},"properties":{"zone":0,"cell_type":"inclusion","proximity":4282.8,"opportunity":8738.8,"population":376}},{"type":"Feature","id":1232,"geometry":{"type":"Polygon","coordinates":[[[-122.27477,47.70457],[-122.27695,47.70438],[-122.27809,47.70545],[-122.27709,47.70673],[-122.27491,47.70692],[-122.27377,47.70586],[-122.27477,47.70457]]]},"properties":{"zone":3,"cell_type":"total isolation","proximity":1503.3,"opportunity":5226.7,"population":178}},{"type":"Feature","id":1233,"geometry":{"type":"Polygon","coordinates":[[[-122.39107,47.69131],[-122.39351,47.69109],[-122.39481,47.69231],[-122.3937,47.69376],[-122.39126,47.69397],[-122.38996,47.69275],[-122.39107,47.69131]]]},"properties":{"zone":3,"cell_type":"total isolation","proximity":1949.8,"opportunity":6059.1,"population":305}},{"type":"Feature","id":1234,"geometry":{"type":"Polygon","coordinates":[[[-122.31515,47.652],[-122.31515,47.652],[-122.31508,47.652],[-122.31508,47.652],[-122.31515,47.652]]]},"properties":{"zone":0,"cell_type":"inclusion","proximity":4522,"opportunity":10719.7,"population":3}},{"type":"Feature","id":1235,"geometry":{"type":"Polygon","coordinates":[[[-122.33984,47.68582],[-122.34223,47.68561],[-122.34351,47.6868],[-122.34241,47.68822],[-122.34001,47.68843],[-122.33873,47.68724],[-122.33984,47.68582]]]},"properties":{"zone":0,"cell_type":"inclusion","proximity":3912.3,"opportunity":9774.5,"population":281}},{"type":"Feature","id":1236,"geometry":{"type":"Polygon","coordinates":[[[-122.29927,47.55726],[-122.30169,47.55705],[-122.30297,47.55826],[-122.30186,47.5597],[-122.29945,47.55991],[-122.29816,47.5587],[-122.29927,47.55726]]]},"properties":{"zone":3,"cell_type":"total isolation","proximity":1727.6,"opportunity":6699.1,"population":293}},{"type":"Feature","id":1237,"geometry":{"type":"Polygon","coordinates":[[[-122.36662,47.67903],[-122.36922,47.6788],[-122.37061,47.68011],[-122.36942,47.68165],[-122.36683,47.68188],[-122.36543,47.68057],[-122.36662,47.67903]]]},"properties":{"zone":0,"cell_type":"inclusion","proximity":3372.2,"opportunity":8800.3,"population":437}},{"type":"Feature","id":1238,"geometry":{"type":"Polygon","coordinates":[[[-122.37971,47.69395],[-122.38182,47.69377],[-122.3829,47.69479],[-122.38194,47.69603],[-122.37984,47.69621],[-122.37875,47.69519],[-122.37971,47.69395]]]},"properties":{"zone":3,"cell_type":"total isolation","proximity":2431.4,"opportunity":7178.7,"population":152}},{"type":"Feature","id":1239,"geometry":{"type":"Polygon","coordinates":[[[-122.36434,47.64767],[-122.36693,47.64744],[-122.36833,47.64875],[-122.36714,47.65029],[-122.36455,47.65052],[-122.36315,47.64921],[-122.36434,47.64767]]]},"properties":{"zone":1,"cell_type":"spatial isolation","proximity":3394.9,"opportunity":7850.9,"population":816}},{"type":"Feature","id":1240,"geometry":{"type":"Polygon","coordinates":[[[-122.308,47.67989],[-122.31059,47.67966],[-122.31199,47.68097],[-122.3108,47.68251],[-122.3082,47.68274],[-122.30681,47.68143],[-122.308,47.67989]]]},"properties":{"zone":0,"cell_type":"inclusion","proximity":3780.5,"opportunity":9585.7,"population":471}},{"type":"Feature","id":1241,"geometry":{"type":"Polygon","coordinates":[[[-122.2836,47.55584],[-122.2859,47.55564],[-122.2871,47.55677],[-122.28605,47.55813],[-122.28376,47.55833],[-122.28255,47.5572],[-122.2836,47.55584]]]},"properties":{"zone":3,"cell_type":"total isolation","proximity":1700.8,"opportunity":6911.6,"population":226}},{"type":"Feature","id":1242,"geometry":{"type":"Polygon","coordinates":[[[-122.33999,47.63546],[-122.34258,47.63523],[-122.34398,47.63654],[-122.34279,47.63808],[-122.3402,47.63831],[-122.3388,47.637],[-122.33999,47.63546]]]},"properties":{"zone":0,"cell_type":"inclusion","proximity":4422,"opportunity":11375.8,"population":464}},{"type":"Feature","id":1243,"geometry":{"type":"Polygon","coordinates":[[[-122.28103,47.51078],[-122.28212,47.51069],[-122.28257,47.51111],[-122.28209,47.51174],[-122.28099,47.51183],[-122.28054,47.51141],[-122.28103,47.51078]]]},"properties":{"zone":3,"cell_type":"total isolation","proximity":448.3,"opportunity":12.2,"population":19}},{"type":"Feature","id":1244,"geometry":{"type":"Polygon","coordinates":[[[-122.33771,47.5854],[-122.33771,47.5854],[-122.33764,47.5854],[-122.33764,47.5854],[-122.33771,47.5854]]]},"properties":{"zone":3,"cell_type":"total isolation","proximity":2802.5,"opportunity":6951.3,"population":0}},{"type":"Feature","id":1245,"geometry":{"type":"Polygon","coordinates":[[[-122.33516,47.55378],[-122.33577,47.55373],[-122.33591,47.55386],[-122.33565,47.55419],[-122.33504,47.55424],[-122.3349,47.55411],[-122.33516,47.55378]]]},"properties":{"zone":3,"cell_type":"total isolation","proximity":1472,"opportunity":6724.2,"population":7}},{"type":"Feature","id":1246,"geometry":{"type":"Polygon","coordinates":[[[-122.37629,47.63226],[-122.37629,47.63226],[-122.37622,47.63226],[-122.37622,47.63226],[-122.37629,47.63226]]]},"properties":{"zone":0,"cell_type":"inclusion","proximity":3301.6,"opportunity":10206.6,"population":1}},{"type":"Feature","id":1247,"geometry":{"type":"Polygon","coordinates":[[[-122.40161,47.67463],[-122.404,47.67441],[-122.40528,47.6756],[-122.40418,47.67702],[-122.40179,47.67723],[-122.40052,47.67604],[-122.40161,47.67463]]]},"properties":{"zone":3,"cell_type":"total isolation","proximity":2010.1,"opportunity":4995.6,"population":277}},{"type":"Feature","id":1248,"geometry":{"type":"Polygon","coordinates":[[[-122.27314,47.51933],[-122.2755,47.51912],[-122.27675,47.5203],[-122.27567,47.5217],[-122.27331,47.52191],[-122.27206,47.52073],[-122.27314,47.51933]]]},"properties":{"zone":3,"cell_type":"total isolation","proximity":749.6,"opportunity":5257.9,"population":262}},{"type":"Feature","id":1249,"geometry":{"type":"Polygon","coordinates":[[[-122.27309,47.68172],[-122.27535,47.68152],[-122.27653,47.68263],[-122.2755,47.68397],[-122.27324,47.68416],[-122.27206,47.68305],[-122.27309,47.68172]]]},"properties":{"zone":3,"cell_type":"total isolation","proximity":2005.4,"opportunity":6604.3,"population":208}},{"type":"Feature","id":1250,"geometry":{"type":"Polygon","coordinates":[[[-122.34925,47.65477],[-122.35178,47.65455],[-122.35314,47.65583],[-122.35198,47.65733],[-122.34944,47.65755],[-122.34808,47.65628],[-122.34925,47.65477]]]},"properties":{"zone":0,"cell_type":"inclusion","proximity":4538.1,"opportunity":10070.6,"population":372}},{"type":"Feature","id":1251,"geometry":{"type":"Polygon","coordinates":[[[-122.28943,47.5187],[-122.29049,47.51861],[-122.29091,47.51901],[-122.29044,47.51961],[-122.28938,47.51971],[-122.28896,47.51931],[-122.28943,47.5187]]]},"properties":{"zone":3,"cell_type":"total isolation","proximity":329.7,"opportunity":17,"population":17}},{"type":"Feature","id":1252,"geometry":{"type":"Polygon","coordinates":[[[-122.28948,47.63592],[-122.29153,47.63574],[-122.29258,47.63673],[-122.29164,47.63794],[-122.2896,47.63812],[-122.28854,47.63713],[-122.28948,47.63592]]]},"properties":{"zone":3,"cell_type":"total isolation","proximity":2071.5,"opportunity":4975.9,"population":135}},{"type":"Feature","id":1253,"geometry":{"type":"Polygon","coordinates":[[[-122.29092,47.71174],[-122.29315,47.71154],[-122.29431,47.71263],[-122.29329,47.71394],[-122.29107,47.71414],[-122.28991,47.71305],[-122.29092,47.71174]]]},"properties":{"zone":3,"cell_type":"total isolation","proximity":1962.4,"opportunity":7107.4,"population":194}},{"type":"Feature","id":1254,"geometry":{"type":"Polygon","coordinates":[[[-122.28951,47.69446],[-122.29205,47.69423],[-122.29341,47.69551],[-122.29224,47.69702],[-122.2897,47.69724],[-122.28834,47.69596],[-122.28951,47.69446]]]},"properties":{"zone":3,"cell_type":"total isolation","proximity":2405.1,"opportunity":7014.8,"population":377}},{"type":"Feature","id":1255,"geometry":{"type":"Polygon","coordinates":[[[-122.34234,47.71739],[-122.34435,47.71721],[-122.34537,47.71817],[-122.34446,47.71935],[-122.34245,47.71953],[-122.34142,47.71857],[-122.34234,47.71739]]]},"properties":{"zone":3,"cell_type":"total isolation","proximity":1974.9,"opportunity":7545.8,"population":124}},{"type":"Feature","id":1256,"geometry":{"type":"Polygon","coordinates":[[[-122.32355,47.67852],[-122.32614,47.6783],[-122.32754,47.67961],[-122.32635,47.68115],[-122.32376,47.68138],[-122.32236,47.68006],[-122.32355,47.67852]]]},"properties":{"zone":0,"cell_type":"inclusion","proximity":4374.8,"opportunity":10749.6,"population":559}},{"type":"Feature","id":1257,"geometry":{"type":"Polygon","coordinates":[[[-122.28634,47.59038],[-122.28815,47.59022],[-122.28906,47.59107],[-122.28823,47.59214],[-122.28642,47.5923],[-122.28551,47.59145],[-122.28634,47.59038]]]},"properties":{"zone":3,"cell_type":"total isolation","proximity":2232.7,"opportunity":4987.9,"population":83}},{"type":"Feature","id":1258,"geometry":{"type":"Polygon","coordinates":[[[-122.29919,47.66631],[-122.30179,47.66609],[-122.30319,47.6674],[-122.30199,47.66894],[-122.2994,47.66917],[-122.298,47.66785],[-122.29919,47.66631]]]},"properties":{"zone":0,"cell_type":"inclusion","proximity":4000.8,"opportunity":8648.3,"population":657}},{"type":"Feature","id":1259,"geometry":{"type":"Polygon","coordinates":[[[-122.26743,47.54859],[-122.26977,47.54839],[-122.27102,47.54956],[-122.26994,47.55095],[-122.26759,47.55116],[-122.26635,47.54999],[-122.26743,47.54859]]]},"properties":{"zone":3,"cell_type":"total isolation","proximity":1136,"opportunity":4815.7,"population":254}},{"type":"Feature","id":1260,"geometry":{"type":"Polygon","coordinates":[[[-122.26438,47.66557],[-122.26613,47.66542],[-122.267,47.66623],[-122.2662,47.66725],[-122.26445,47.66741],[-122.26358,47.6666],[-122.26438,47.66557]]]},"properties":{"zone":3,"cell_type":"total isolation","proximity":1710.9,"opportunity":5479.5,"population":73}},{"type":"Feature","id":1261,"geometry":{"type":"Polygon","coordinates":[[[-122.34906,47.70509],[-122.35146,47.70488],[-122.35273,47.70607],[-122.35163,47.70749],[-122.34924,47.7077],[-122.34797,47.70651],[-122.34906,47.70509]]]},"properties":{"zone":2,"cell_type":"social isolation","proximity":2803.5,"opportunity":9045,"population":277}},{"type":"Feature","id":1262,"geometry":{"type":"Polygon","coordinates":[[[-122.32575,47.58214],[-122.32575,47.58214],[-122.32568,47.58214],[-122.32568,47.58214],[-122.32575,47.58214]]]},"properties":{"zone":0,"cell_type":"inclusion","proximity":2906.6,"opportunity":9621.3,"population":1}},{"type":"Feature","id":1263,"geometry":{"type":"Polygon","coordinates":[[[-122.31602,47.73259],[-122.31806,47.73241],[-122.31911,47.73339],[-122.31818,47.73459],[-122.31613,47.73477],[-122.31508,47.73379],[-122.31602,47.73259]]]},"properties":{"zone":3,"cell_type":"total isolation","proximity":1201.3,"opportunity":4230.3,"population":134}},{"type":"Feature","id":1264,"geometry":{"type":"Polygon","coordinates":[[[-122.33745,47.65434],[-122.34004,47.65411],[-122.34144,47.65543],[-122.34025,47.65697],[-122.33766,47.65719],[-122.33626,47.65588],[-122.33745,47.65434]]]},"properties":{"zone":0,"cell_type":"inclusion","proximity":4596.9,"opportunity":10296.6,"population":420}},{"type":"Feature","id":1265,"geometry":{"type":"Polygon","coordinates":[[[-122.29132,47.72008],[-122.29392,47.71985],[-122.29532,47.72116],[-122.29412,47.7227],[-122.29153,47.72293],[-122.29013,47.72162],[-122.29132,47.72008]]]},"properties":{"zone":3,"cell_type":"total isolation","proximity":1715.3,"opportunity":7074.6,"population":885}},{"type":"Feature","id":1266,"geometry":{"type":"Polygon","coordinates":[[[-122.28274,47.70673],[-122.28495,47.70654],[-122.2861,47.70761],[-122.28509,47.70892],[-122.28288,47.70911],[-122.28173,47.70803],[-122.28274,47.70673]]]},"properties":{"zone":3,"cell_type":"total isolation","proximity":1718.6,"opportunity":5121.2,"population":186}},{"type":"Feature","id":1267,"geometry":{"type":"Polygon","coordinates":[[[-122.33319,47.7035],[-122.33578,47.70327],[-122.33718,47.70458],[-122.33598,47.70612],[-122.33339,47.70635],[-122.33199,47.70504],[-122.33319,47.7035]]]},"properties":{"zone":0,"cell_type":"inclusion","proximity":2941.5,"opportunity":9751.9,"population":581}},{"type":"Feature","id":1268,"geometry":{"type":"Polygon","coordinates":[[[-122.30737,47.55956],[-122.30956,47.55937],[-122.31071,47.56045],[-122.30971,47.56175],[-122.30751,47.56194],[-122.30636,47.56086],[-122.30737,47.55956]]]},"properties":{"zone":3,"cell_type":"total isolation","proximity":1858.9,"opportunity":6424,"population":185}},{"type":"Feature","id":1269,"geometry":{"type":"Polygon","coordinates":[[[-122.29559,47.61504],[-122.29803,47.61483],[-122.29933,47.61605],[-122.29821,47.6175],[-122.29577,47.61771],[-122.29446,47.61649],[-122.29559,47.61504]]]},"properties":{"zone":0,"cell_type":"inclusion","proximity":3883.3,"opportunity":9074.4,"population":309}},{"type":"Feature","id":1270,"geometry":{"type":"Polygon","coordinates":[[[-122.31791,47.65462],[-122.3205,47.6544],[-122.3219,47.65571],[-122.32071,47.65725],[-122.31812,47.65748],[-122.31672,47.65616],[-122.31791,47.65462]]]},"properties":{"zone":0,"cell_type":"inclusion","proximity":4990.3,"opportunity":11820,"population":1242}},{"type":"Feature","id":1271,"geometry":{"type":"Polygon","coordinates":[[[-122.36284,47.6808],[-122.36543,47.68057],[-122.36683,47.68188],[-122.36564,47.68342],[-122.36305,47.68365],[-122.36165,47.68234],[-122.36284,47.6808]]]},"properties":{"zone":0,"cell_type":"inclusion","proximity":3441.7,"opportunity":8740.3,"population":535}},{"type":"Feature","id":1272,"geometry":{"type":"Polygon","coordinates":[[[-122.25342,47.67391],[-122.25483,47.67379],[-122.25547,47.67439],[-122.25484,47.67521],[-122.25343,47.67533],[-122.25279,47.67473],[-122.25342,47.67391]]]},"properties":{"zone":3,"cell_type":"total isolation","proximity":1370.8,"opportunity":4673.3,"population":35}},{"type":"Feature","id":1273,"geometry":{"type":"Polygon","coordinates":[[[-122.36375,47.63914],[-122.36629,47.63891],[-122.36765,47.64019],[-122.36649,47.6417],[-122.36395,47.64193],[-122.36259,47.64065],[-122.36375,47.63914]]]},"properties":{"zone":1,"cell_type":"spatial isolation","proximity":3488.6,"opportunity":7818.4,"population":376}},{"type":"Feature","id":1274,"geometry":{"type":"Polygon","coordinates":[[[-122.30883,47.69131],[-122.31141,47.69108],[-122.31279,47.69238],[-122.31161,47.69391],[-122.30904,47.69413],[-122.30765,47.69283],[-122.30883,47.69131]]]},"properties":{"zone":0,"cell_type":"inclusion","proximity":3259.8,"opportunity":8179.8,"population":403}},{"type":"Feature","id":1275,"geometry":{"type":"Polygon","coordinates":[[[-122.27548,47.55351],[-122.27804,47.55329],[-122.27941,47.55458],[-122.27823,47.5561],[-122.27568,47.55633],[-122.2743,47.55503],[-122.27548,47.55351]]]},"properties":{"zone":3,"cell_type":"total isolation","proximity":1409,"opportunity":5108.2,"population":392}},{"type":"Feature","id":1276,"geometry":{"type":"Polygon","coordinates":[[[-122.3588,47.73014],[-122.36103,47.72994],[-122.3622,47.73103],[-122.36118,47.73235],[-122.35895,47.73255],[-122.35778,47.73145],[-122.3588,47.73014]]]},"properties":{"zone":3,"cell_type":"total isolation","proximity":1234.7,"opportunity":4728.4,"population":196}},{"type":"Feature","id":1277,"geometry":{"type":"Polygon","coordinates":[[[-122.3337,47.58701],[-122.33423,47.58696],[-122.33431,47.58704],[-122.33409,47.58732],[-122.33356,47.58737],[-122.33348,47.58729],[-122.3337,47.58701]]]},"properties":{"zone":0,"cell_type":"inclusion","proximity":3371.6,"opportunity":9190.9,"population":6}},{"type":"Feature","id":1278,"geometry":{"type":"Polygon","coordinates":[[[-122.39491,47.63647],[-122.3973,47.63626],[-122.39857,47.63745],[-122.39748,47.63887],[-122.39509,47.63908],[-122.39382,47.63789],[-122.39491,47.63647]]]},"properties":{"zone":3,"cell_type":"total isolation","proximity":2196.6,"opportunity":7565.1,"population":276}},{"type":"Feature","id":1279,"geometry":{"type":"Polygon","coordinates":[[[-122.29571,47.61781],[-122.2983,47.61758],[-122.29969,47.6189],[-122.2985,47.62044],[-122.29591,47.62066],[-122.29451,47.61935],[-122.29571,47.61781]]]},"properties":{"zone":0,"cell_type":"inclusion","proximity":4027.5,"opportunity":8977.7,"population":465}},{"type":"Feature","id":1280,"geometry":{"type":"Polygon","coordinates":[[[-122.28845,47.68017],[-122.29104,47.67994],[-122.29244,47.68125],[-122.29125,47.68279],[-122.28866,47.68302],[-122.28726,47.68171],[-122.28845,47.68017]]]},"properties":{"zone":3,"cell_type":"total isolation","proximity":2467,"opportunity":7371.9,"population":431}},{"type":"Feature","id":1281,"geometry":{"type":"Polygon","coordinates":[[[-122.35724,47.65695],[-122.35975,47.65673],[-122.3611,47.65799],[-122.35995,47.65949],[-122.35743,47.65971],[-122.35608,47.65844],[-122.35724,47.65695]]]},"properties":{"zone":0,"cell_type":"inclusion","proximity":4142.5,"opportunity":9294.9,"population":359}},{"type":"Feature","id":1282,"geometry":{"type":"Polygon","coordinates":[[[-122.28127,47.63352],[-122.28371,47.63331],[-122.28502,47.63454],[-122.2839,47.63599],[-122.28145,47.6362],[-122.28015,47.63497],[-122.28127,47.63352]]]},"properties":{"zone":3,"cell_type":"total isolation","proximity":2323.5,"opportunity":4972.8,"population":310}},{"type":"Feature","id":1283,"geometry":{"type":"Polygon","coordinates":[[[-122.34632,47.6148],[-122.34891,47.61457],[-122.35031,47.61588],[-122.34911,47.61743],[-122.34652,47.61765],[-122.34513,47.61634],[-122.34632,47.6148]]]},"properties":{"zone":0,"cell_type":"inclusion","proximity":5432.3,"opportunity":13500.6,"population":2352}},{"type":"Feature","id":1284,"geometry":{"type":"Polygon","coordinates":[[[-122.35011,47.71935],[-122.35249,47.71914],[-122.35375,47.72032],[-122.35266,47.72172],[-122.35028,47.72193],[-122.34902,47.72075],[-122.35011,47.71935]]]},"properties":{"zone":3,"cell_type":"total isolation","proximity":1946.4,"opportunity":7175.8,"population":268}},{"type":"Feature","id":1285,"geometry":{"type":"Polygon","coordinates":[[[-122.25498,47.68597],[-122.25498,47.68597],[-122.25491,47.68597],[-122.25491,47.68597],[-122.25498,47.68597]]]},"properties":{"zone":3,"cell_type":"total isolation","proximity":1363,"opportunity":351.6,"population":0}},{"type":"Feature","id":1286,"geometry":{"type":"Polygon","coordinates":[[[-122.381,47.65267],[-122.38239,47.65255],[-122.38301,47.65314],[-122.38239,47.65394],[-122.38101,47.65406],[-122.38038,47.65348],[-122.381,47.65267]]]},"properties":{"zone":0,"cell_type":"inclusion","proximity":2932.1,"opportunity":8500.8,"population":34}},{"type":"Feature","id":1287,"geometry":{"type":"Polygon","coordinates":[[[-122.31318,47.58899],[-122.31577,47.58876],[-122.31717,47.59007],[-122.31598,47.59162],[-122.31339,47.59184],[-122.31199,47.59053],[-122.31318,47.58899]]]},"properties":{"zone":0,"cell_type":"inclusion","proximity":3567.3,"opportunity":8975,"population":753}},{"type":"Feature","id":1288,"geometry":{"type":"Polygon","coordinates":[[[-122.40924,47.65517],[-122.40924,47.65517],[-122.40917,47.65518],[-122.40917,47.65518],[-122.40924,47.65517]]]},"properties":{"zone":3,"cell_type":"total isolation","proximity":1659.7,"opportunity":3724.5,"population":2}},{"type":"Feature","id":1289,"geometry":{"type":"Polygon","coordinates":[[[-122.29541,47.66808],[-122.298,47.66785],[-122.2994,47.66917],[-122.29821,47.67071],[-122.29561,47.67093],[-122.29422,47.66962],[-122.29541,47.66808]]]},"properties":{"zone":0,"cell_type":"inclusion","proximity":3633.3,"opportunity":8102.9,"population":437}},{"type":"Feature","id":1290,"geometry":{"type":"Polygon","coordinates":[[[-122.28811,47.61867],[-122.2904,47.61847],[-122.2916,47.61959],[-122.29055,47.62094],[-122.28827,47.62114],[-122.28707,47.62002],[-122.28811,47.61867]]]},"properties":{"zone":1,"cell_type":"spatial isolation","proximity":3029.9,"opportunity":7086.6,"population":220}},{"type":"Feature","id":1291,"geometry":{"type":"Polygon","coordinates":[[[-122.38346,47.64167],[-122.38605,47.64144],[-122.38744,47.64275],[-122.38625,47.64429],[-122.38366,47.64452],[-122.38227,47.64321],[-122.38346,47.64167]]]},"properties":{"zone":3,"cell_type":"total isolation","proximity":2658.4,"opportunity":6416.7,"population":517}},{"type":"Feature","id":1292,"geometry":{"type":"Polygon","coordinates":[[[-122.37651,47.70423],[-122.37869,47.70404],[-122.37982,47.7051],[-122.37882,47.70638],[-122.37665,47.70658],[-122.37552,47.70552],[-122.37651,47.70423]]]},"properties":{"zone":3,"cell_type":"total isolation","proximity":1914,"opportunity":154.3,"population":175}},{"type":"Feature","id":1293,"geometry":{"type":"Polygon","coordinates":[[[-122.31662,47.57892],[-122.31874,47.57873],[-122.31984,47.57976],[-122.31887,47.58102],[-122.31675,47.5812],[-122.31565,47.58017],[-122.31662,47.57892]]]},"properties":{"zone":2,"cell_type":"social isolation","proximity":2749.1,"opportunity":9162.6,"population":158}},{"type":"Feature","id":1294,"geometry":{"type":"Polygon","coordinates":[[[-122.2947,47.70997],[-122.29694,47.70977],[-122.29811,47.71087],[-122.29709,47.71219],[-122.29485,47.71238],[-122.29368,47.71128],[-122.2947,47.70997]]]},"properties":{"zone":3,"cell_type":"total isolation","proximity":2176.7,"opportunity":7266.2,"population":199}},{"type":"Feature","id":1295,"geometry":{"type":"Polygon","coordinates":[[[-122.31528,47.72393],[-122.31752,47.72373],[-122.3187,47.72483],[-122.31767,47.72615],[-122.31543,47.72635],[-122.31426,47.72525],[-122.31528,47.72393]]]},"properties":{"zone":3,"cell_type":"total isolation","proximity":1667.9,"opportunity":5048.9,"population":201}},{"type":"Feature","id":1296,"geometry":{"type":"Polygon","coordinates":[[[-122.32155,47.54094],[-122.32395,47.54073],[-122.32522,47.54194],[-122.32412,47.54336],[-122.32172,47.54357],[-122.32044,47.54237],[-122.32155,47.54094]]]},"properties":{"zone":3,"cell_type":"total isolation","proximity":1246.8,"opportunity":6501.9,"population":284}},{"type":"Feature","id":1297,"geometry":{"type":"Polygon","coordinates":[[[-122.28985,47.53508],[-122.29229,47.53486],[-122.29359,47.53609],[-122.29247,47.53753],[-122.29003,47.53775],[-122.28873,47.53652],[-122.28985,47.53508]]]},"properties":{"zone":3,"cell_type":"total isolation","proximity":1125.3,"opportunity":5559,"population":306}},{"type":"Feature","id":1298,"geometry":{"type":"Polygon","coordinates":[[[-122.29096,47.65859],[-122.29328,47.65838],[-122.29451,47.65954],[-122.29345,47.66091],[-122.29112,47.66112],[-122.28989,47.65996],[-122.29096,47.65859]]]},"properties":{"zone":0,"cell_type":"inclusion","proximity":3631.5,"opportunity":11032.1,"population":242}},{"type":"Feature","id":1299,"geometry":{"type":"Polygon","coordinates":[[[-122.32093,47.69467],[-122.32329,47.69447],[-122.32455,47.69564],[-122.32346,47.69704],[-122.3211,47.69725],[-122.31984,47.69607],[-122.32093,47.69467]]]},"properties":{"zone":0,"cell_type":"inclusion","proximity":3421.7,"opportunity":9247.2,"population":262}},{"type":"Feature","id":1300,"geometry":{"type":"Polygon","coordinates":[[[-122.29634,47.57049],[-122.2987,47.57028],[-122.29996,47.57146],[-122.29887,47.57286],[-122.29651,47.57307],[-122.29525,47.57189],[-122.29634,47.57049]]]},"properties":{"zone":3,"cell_type":"total isolation","proximity":2178,"opportunity":7836.4,"population":263}},{"type":"Feature","id":1301,"geometry":{"type":"Polygon","coordinates":[[[-122.29489,47.60639],[-122.29748,47.60617],[-122.29887,47.60748],[-122.29768,47.60902],[-122.29509,47.60925],[-122.29369,47.60793],[-122.29489,47.60639]]]},"properties":{"zone":0,"cell_type":"inclusion","proximity":3603,"opportunity":8520.8,"population":464}},{"type":"Feature","id":1302,"geometry":{"type":"Polygon","coordinates":[[[-122.32121,47.70025],[-122.3238,47.70002],[-122.3252,47.70133],[-122.32401,47.70287],[-122.32142,47.7031],[-122.32002,47.70179],[-122.32121,47.70025]]]},"properties":{"zone":0,"cell_type":"inclusion","proximity":3144.7,"opportunity":10797.8,"population":684}},{"type":"Feature","id":1303,"geometry":{"type":"Polygon","coordinates":[[[-122.35995,47.64089],[-122.36252,47.64066],[-122.3639,47.64196],[-122.36272,47.64349],[-122.36016,47.64372],[-122.35877,47.64242],[-122.35995,47.64089]]]},"properties":{"zone":0,"cell_type":"inclusion","proximity":3710.7,"opportunity":9122,"population":401}},{"type":"Feature","id":1304,"geometry":{"type":"Polygon","coordinates":[[[-122.30503,47.69306],[-122.30763,47.69283],[-122.30903,47.69415],[-122.30783,47.69569],[-122.30524,47.69591],[-122.30384,47.6946],[-122.30503,47.69306]]]},"properties":{"zone":0,"cell_type":"inclusion","proximity":3215.4,"opportunity":8478.2,"population":486}},{"type":"Feature","id":1305,"geometry":{"type":"Polygon","coordinates":[[[-122.26519,47.51184],[-122.26682,47.5117],[-122.26761,47.51244],[-122.26687,47.5134],[-122.26524,47.51354],[-122.26445,47.5128],[-122.26519,47.51184]]]},"properties":{"zone":3,"cell_type":"total isolation","proximity":531.4,"opportunity":4262.9,"population":57}},{"type":"Feature","id":1306,"geometry":{"type":"Polygon","coordinates":[[[-122.35818,47.7216],[-122.36041,47.7214],[-122.36157,47.72249],[-122.36055,47.7238],[-122.35833,47.724],[-122.35717,47.72291],[-122.35818,47.7216]]]},"properties":{"zone":3,"cell_type":"total isolation","proximity":1634.8,"opportunity":6344.8,"population":194}},{"type":"Feature","id":1307,"geometry":{"type":"Polygon","coordinates":[[[-122.32597,47.60367],[-122.32856,47.60344],[-122.32995,47.60475],[-122.32876,47.60629],[-122.32617,47.60652],[-122.32477,47.60521],[-122.32597,47.60367]]]},"properties":{"zone":0,"cell_type":"inclusion","proximity":5570.8,"opportunity":13012.6,"population":1196}},{"type":"Feature","id":1308,"geometry":{"type":"Polygon","coordinates":[[[-122.33026,47.5465],[-122.33173,47.54637],[-122.33242,47.54701],[-122.33176,47.54787],[-122.33028,47.548],[-122.3296,47.54736],[-122.33026,47.5465]]]},"properties":{"zone":3,"cell_type":"total isolation","proximity":1324.7,"opportunity":6937.9,"population":41}},{"type":"Feature","id":1309,"geometry":{"type":"Polygon","coordinates":[[[-122.29798,47.54007],[-122.3005,47.53985],[-122.30185,47.54112],[-122.30069,47.54261],[-122.29817,47.54284],[-122.29682,47.54156],[-122.29798,47.54007]]]},"properties":{"zone":3,"cell_type":"total isolation","proximity":1217.9,"opportunity":5504.5,"population":361}},{"type":"Feature","id":1310,"geometry":{"type":"Polygon","coordinates":[[[-122.37391,47.65667],[-122.37449,47.65661],[-122.3746,47.65672],[-122.37436,47.65703],[-122.37378,47.65708],[-122.37367,47.65697],[-122.37391,47.65667]]]},"properties":{"zone":1,"cell_type":"spatial isolation","proximity":3096.5,"opportunity":7778.9,"population":6}},{"type":"Feature","id":1311,"geometry":{"type":"Polygon","coordinates":[[[-122.35429,47.61697],[-122.35688,47.61674],[-122.35828,47.61805],[-122.35709,47.61959],[-122.3545,47.61982],[-122.3531,47.61851],[-122.35429,47.61697]]]},"properties":{"zone":0,"cell_type":"inclusion","proximity":4886.4,"opportunity":11463.9,"population":859}},{"type":"Feature","id":1312,"geometry":{"type":"Polygon","coordinates":[[[-122.33817,47.71083],[-122.33977,47.71069],[-122.34054,47.71141],[-122.33982,47.71235],[-122.33821,47.71249],[-122.33744,47.71177],[-122.33817,47.71083]]]},"properties":{"zone":3,"cell_type":"total isolation","proximity":2532.9,"opportunity":7725.7,"population":54}},{"type":"Feature","id":1313,"geometry":{"type":"Polygon","coordinates":[[[-122.34708,47.67932],[-122.34968,47.67909],[-122.35108,47.6804],[-122.34988,47.68194],[-122.34729,47.68217],[-122.34589,47.68086],[-122.34708,47.67932]]]},"properties":{"zone":0,"cell_type":"inclusion","proximity":3899,"opportunity":9379.2,"population":485}},{"type":"Feature","id":1314,"geometry":{"type":"Polygon","coordinates":[[[-122.31013,47.59146],[-122.31147,47.59134],[-122.31206,47.59191],[-122.31147,47.59268],[-122.31013,47.5928],[-122.30953,47.59223],[-122.31013,47.59146]]]},"properties":{"zone":0,"cell_type":"inclusion","proximity":3599.4,"opportunity":8879.4,"population":31}},{"type":"Feature","id":1315,"geometry":{"type":"Polygon","coordinates":[[[-122.3226,47.61114],[-122.32519,47.61092],[-122.32658,47.61223],[-122.32539,47.61377],[-122.3228,47.614],[-122.3214,47.61268],[-122.3226,47.61114]]]},"properties":{"zone":0,"cell_type":"inclusion","proximity":5808.2,"opportunity":12025.1,"population":1803}},{"type":"Feature","id":1316,"geometry":{"type":"Polygon","coordinates":[[[-122.31536,47.6735],[-122.31796,47.67328],[-122.31935,47.67459],[-122.31816,47.67613],[-122.31557,47.67636],[-122.31417,47.67504],[-122.31536,47.6735]]]},"properties":{"zone":0,"cell_type":"inclusion","proximity":4401.7,"opportunity":12179.6,"population":487}},{"type":"Feature","id":1317,"geometry":{"type":"Polygon","coordinates":[[[-122.26316,47.54191],[-122.26529,47.54172],[-122.26639,47.54276],[-122.26542,47.54402],[-122.26329,47.54421],[-122.26218,47.54317],[-122.26316,47.54191]]]},"properties":{"zone":3,"cell_type":"total isolation","proximity":978.2,"opportunity":5227.9,"population":161}},{"type":"Feature","id":1318,"geometry":{"type":"Polygon","coordinates":[[[-122.34444,47.57044],[-122.34444,47.57044],[-122.34438,47.57044],[-122.34438,47.57044],[-122.34444,47.57044]]]},"properties":{"zone":3,"cell_type":"total isolation","proximity":1808.4,"opportunity":4048.5,"population":1}},{"type":"Feature","id":1319,"geometry":{"type":"Polygon","coordinates":[[[-122.38013,47.64388],[-122.38194,47.64372],[-122.38283,47.64456],[-122.38201,47.64562],[-122.38021,47.64578],[-122.37932,47.64494],[-122.38013,47.64388]]]},"properties":{"zone":3,"cell_type":"total isolation","proximity":2829.6,"opportunity":6640.9,"population":81}},{"type":"Feature","id":1320,"geometry":{"type":"Polygon","coordinates":[[[-122.37266,47.70594],[-122.37495,47.70573],[-122.37616,47.70686],[-122.37511,47.70822],[-122.37282,47.70842],[-122.37161,47.70729],[-122.37266,47.70594]]]},"properties":{"zone":3,"cell_type":"total isolation","proximity":1862.5,"opportunity":146.3,"population":224}},{"type":"Feature","id":1321,"geometry":{"type":"Polygon","coordinates":[[[-122.33331,47.5786],[-122.33331,47.5786],[-122.33324,47.57861],[-122.33324,47.57861],[-122.33331,47.5786]]]},"properties":{"zone":2,"cell_type":"social isolation","proximity":2568.5,"opportunity":8719,"population":1}},{"type":"Feature","id":1322,"geometry":{"type":"Polygon","coordinates":[[[-122.31906,47.61314],[-122.32123,47.61295],[-122.32236,47.61402],[-122.32137,47.6153],[-122.31919,47.6155],[-122.31806,47.61443],[-122.31906,47.61314]]]},"properties":{"zone":0,"cell_type":"inclusion","proximity":5775.4,"opportunity":12423.6,"population":177}},{"type":"Feature","id":1323,"geometry":{"type":"Polygon","coordinates":[[[-122.32183,47.7088],[-122.32442,47.70857],[-122.32582,47.70988],[-122.32463,47.71142],[-122.32203,47.71165],[-122.32063,47.71034],[-122.32183,47.7088]]]},"properties":{"zone":2,"cell_type":"social isolation","proximity":2806.4,"opportunity":10052.6,"population":602}},{"type":"Feature","id":1324,"geometry":{"type":"Polygon","coordinates":[[[-122.31139,47.72559],[-122.31381,47.72538],[-122.31511,47.72659],[-122.31399,47.72803],[-122.31157,47.72824],[-122.31027,47.72703],[-122.31139,47.72559]]]},"properties":{"zone":3,"cell_type":"total isolation","proximity":1676.9,"opportunity":6872.8,"population":296}},{"type":"Feature","id":1325,"geometry":{"type":"Polygon","coordinates":[[[-122.28443,47.62053],[-122.28654,47.62035],[-122.28763,47.62137],[-122.28666,47.62261],[-122.28456,47.6228],[-122.28347,47.62178],[-122.28443,47.62053]]]},"properties":{"zone":1,"cell_type":"spatial isolation","proximity":2982.6,"opportunity":7032.7,"population":153}},{"type":"Feature","id":1326,"geometry":{"type":"Polygon","coordinates":[[[-122.37881,47.68514],[-122.38139,47.68491],[-122.38278,47.68621],[-122.3816,47.68774],[-122.37902,47.68797],[-122.37763,47.68667],[-122.37881,47.68514]]]},"properties":{"zone":3,"cell_type":"total isolation","proximity":2859.1,"opportunity":7699.7,"population":409}},{"type":"Feature","id":1327,"geometry":{"type":"Polygon","coordinates":[[[-122.28008,47.72019],[-122.28176,47.72004],[-122.28258,47.72081],[-122.28182,47.72179],[-122.28013,47.72194],[-122.27931,47.72117],[-122.28008,47.72019]]]},"properties":{"zone":3,"cell_type":"total isolation","proximity":1199.9,"opportunity":4988.3,"population":63}},{"type":"Feature","id":1328,"geometry":{"type":"Polygon","coordinates":[[[-122.28966,47.52691],[-122.29138,47.52675],[-122.29222,47.52755],[-122.29144,47.52856],[-122.28972,47.52871],[-122.28888,47.52791],[-122.28966,47.52691]]]},"properties":{"zone":3,"cell_type":"total isolation","proximity":864.3,"opportunity":5134.5,"population":69}},{"type":"Feature","id":1329,"geometry":{"type":"Polygon","coordinates":[[[-122.35445,47.67293],[-122.35704,47.67271],[-122.35844,47.67402],[-122.35724,47.67556],[-122.35465,47.67579],[-122.35325,47.67447],[-122.35445,47.67293]]]},"properties":{"zone":0,"cell_type":"inclusion","proximity":3945.4,"opportunity":9621.7,"population":455}},{"type":"Feature","id":1330,"geometry":{"type":"Polygon","coordinates":[[[-122.34025,47.56649],[-122.34025,47.56649],[-122.34018,47.5665],[-122.34018,47.5665],[-122.34025,47.56649]]]},"properties":{"zone":3,"cell_type":"total isolation","proximity":1771.6,"opportunity":4058.2,"population":1}},{"type":"Feature","id":1331,"geometry":{"type":"Polygon","coordinates":[[[-122.32943,47.69733],[-122.33091,47.6972],[-122.3316,47.69785],[-122.33093,47.69871],[-122.32945,47.69884],[-122.32876,47.6982],[-122.32943,47.69733]]]},"properties":{"zone":0,"cell_type":"inclusion","proximity":3191.6,"opportunity":9663,"population":42}},{"type":"Feature","id":1332,"geometry":{"type":"Polygon","coordinates":[[[-122.2911,47.60816],[-122.29369,47.60793],[-122.29509,47.60925],[-122.2939,47.61079],[-122.29131,47.61102],[-122.28991,47.6097],[-122.2911,47.60816]]]},"properties":{"zone":0,"cell_type":"inclusion","proximity":3338.4,"opportunity":8149.1,"population":421}},{"type":"Feature","id":1333,"geometry":{"type":"Polygon","coordinates":[[[-122.2972,47.69104],[-122.29954,47.69083],[-122.30077,47.69199],[-122.2997,47.69337],[-122.29736,47.69358],[-122.29613,47.69242],[-122.2972,47.69104]]]},"properties":{"zone":3,"cell_type":"total isolation","proximity":2700.3,"opportunity":6263.3,"population":246}},{"type":"Feature","id":1334,"geometry":{"type":"Polygon","coordinates":[[[-122.2728,47.56698],[-122.27487,47.5668],[-122.27594,47.5678],[-122.27499,47.56903],[-122.27292,47.56921],[-122.27185,47.5682],[-122.2728,47.56698]]]},"properties":{"zone":3,"cell_type":"total isolation","proximity":1324.5,"opportunity":4866.1,"population":143}},{"type":"Feature","id":1335,"geometry":{"type":"Polygon","coordinates":[[[-122.26104,47.51325],[-122.26331,47.51306],[-122.26449,47.51418],[-122.26346,47.51552],[-122.26119,47.51572],[-122.26001,47.5146],[-122.26104,47.51325]]]},"properties":{"zone":3,"cell_type":"total isolation","proximity":552.6,"opportunity":4245.1,"population":213}},{"type":"Feature","id":1336,"geometry":{"type":"Polygon","coordinates":[[[-122.35418,47.72316],[-122.35678,47.72293],[-122.35818,47.72424],[-122.35698,47.72578],[-122.35439,47.726],[-122.35299,47.72469],[-122.35418,47.72316]]]},"properties":{"zone":3,"cell_type":"total isolation","proximity":1674.1,"opportunity":7065.7,"population":551}},{"type":"Feature","id":1337,"geometry":{"type":"Polygon","coordinates":[[[-122.31414,47.59522],[-122.31579,47.59508],[-122.31659,47.59583],[-122.31584,47.5968],[-122.31419,47.59694],[-122.31339,47.59619],[-122.31414,47.59522]]]},"properties":{"zone":0,"cell_type":"inclusion","proximity":4137.4,"opportunity":9929.4,"population":59}},{"type":"Feature","id":1338,"geometry":{"type":"Polygon","coordinates":[[[-122.32451,47.565],[-122.32451,47.565],[-122.32445,47.56501],[-122.32445,47.56501],[-122.32451,47.565]]]},"properties":{"zone":3,"cell_type":"total isolation","proximity":1898.2,"opportunity":6898.5,"population":0}},{"type":"Feature","id":1339,"geometry":{"type":"Polygon","coordinates":[[[-122.39115,47.63031],[-122.39244,47.63019],[-122.393,47.63072],[-122.39243,47.63146],[-122.39115,47.63158],[-122.39058,47.63105],[-122.39115,47.63031]]]},"properties":{"zone":3,"cell_type":"total isolation","proximity":2161.3,"opportunity":7509,"population":27}},{"type":"Feature","id":1340,"geometry":{"type":"Polygon","coordinates":[[[-122.29886,47.55155],[-122.30127,47.55134],[-122.30256,47.55255],[-122.30145,47.55398],[-122.29904,47.5542],[-122.29775,47.55299],[-122.29886,47.55155]]]},"properties":{"zone":3,"cell_type":"total isolation","proximity":1513.5,"opportunity":5430,"population":291}},{"type":"Feature","id":1341,"geometry":{"type":"Polygon","coordinates":[[[-122.31187,47.62501],[-122.31446,47.62478],[-122.31585,47.62609],[-122.31466,47.62764],[-122.31207,47.62786],[-122.31067,47.62655],[-122.31187,47.62501]]]},"properties":{"zone":0,"cell_type":"inclusion","proximity":4475.4,"opportunity":9422.1,"population":534}},{"type":"Feature","id":1342,"geometry":{"type":"Polygon","coordinates":[[[-122.27684,47.67992],[-122.27916,47.67971],[-122.28039,47.68086],[-122.27932,47.68224],[-122.277,47.68244],[-122.27577,47.68129],[-122.27684,47.67992]]]},"properties":{"zone":3,"cell_type":"total isolation","proximity":2198.7,"opportunity":6724.8,"population":239}},{"type":"Feature","id":1343,"geometry":{"type":"Polygon","coordinates":[[[-122.28896,47.57686],[-122.29136,47.57665],[-122.29264,47.57785],[-122.29154,47.57928],[-122.28913,47.57949],[-122.28786,47.57829],[-122.28896,47.57686]]]},"properties":{"zone":3,"cell_type":"total isolation","proximity":2168.8,"opportunity":6967,"population":284}},{"type":"Feature","id":1344,"geometry":{"type":"Polygon","coordinates":[[[-122.33476,47.67043],[-122.33724,47.67021],[-122.33857,47.67146],[-122.33743,47.67293],[-122.33495,47.67315],[-122.33362,47.6719],[-122.33476,47.67043]]]},"properties":{"zone":0,"cell_type":"inclusion","proximity":4298.4,"opportunity":8259.3,"population":333}},{"type":"Feature","id":1345,"geometry":{"type":"Polygon","coordinates":[[[-122.30168,47.58883],[-122.30383,47.58864],[-122.30495,47.58969],[-122.30397,47.59096],[-122.30181,47.59115],[-122.3007,47.5901],[-122.30168,47.58883]]]},"properties":{"zone":0,"cell_type":"inclusion","proximity":3218.1,"opportunity":9134.5,"population":168}},{"type":"Feature","id":1346,"geometry":{"type":"Polygon","coordinates":[[[-122.33814,47.60978],[-122.34072,47.60955],[-122.34212,47.61086],[-122.34093,47.6124],[-122.33834,47.61263],[-122.33694,47.61132],[-122.33814,47.60978]]]},"properties":{"zone":0,"cell_type":"inclusion","proximity":5753.5,"opportunity":14396,"population":855}},{"type":"Feature","id":1347,"geometry":{"type":"Polygon","coordinates":[[[-122.30298,47.66455],[-122.30557,47.66432],[-122.30697,47.66563],[-122.30578,47.66717],[-122.30319,47.6674],[-122.30179,47.66609],[-122.30298,47.66455]]]},"properties":{"zone":0,"cell_type":"inclusion","proximity":4189.6,"opportunity":8957.6,"population":968}},{"type":"Feature","id":1348,"geometry":{"type":"Polygon","coordinates":[[[-122.27848,47.54035],[-122.28097,47.54013],[-122.28231,47.54139],[-122.28116,47.54287],[-122.27867,47.54309],[-122.27733,47.54183],[-122.27848,47.54035]]]},"properties":{"zone":3,"cell_type":"total isolation","proximity":1230.3,"opportunity":6658.6,"population":344}},{"type":"Feature","id":1349,"geometry":{"type":"Polygon","coordinates":[[[-122.39965,47.64888],[-122.40219,47.64865],[-122.40356,47.64994],[-122.40239,47.65145],[-122.39985,47.65167],[-122.39848,47.65039],[-122.39965,47.64888]]]},"properties":{"zone":3,"cell_type":"total isolation","proximity":1981.5,"opportunity":3751.3,"population":381}},{"type":"Feature","id":1350,"geometry":{"type":"Polygon","coordinates":[[[-122.25437,47.67741],[-122.25437,47.67741],[-122.2543,47.67742],[-122.2543,47.67742],[-122.25437,47.67741]]]},"properties":{"zone":3,"cell_type":"total isolation","proximity":1507.6,"opportunity":4902.5,"population":0}},{"type":"Feature","id":1351,"geometry":{"type":"Polygon","coordinates":[[[-122.3647,47.7038],[-122.36695,47.7036],[-122.36813,47.7047],[-122.3671,47.70603],[-122.36485,47.70623],[-122.36367,47.70513],[-122.3647,47.7038]]]},"properties":{"zone":3,"cell_type":"total isolation","proximity":2235.1,"opportunity":6977.1,"population":204}},{"type":"Feature","id":1352,"geometry":{"type":"Polygon","coordinates":[[[-122.34128,47.58077],[-122.34128,47.58077],[-122.34122,47.58078],[-122.34122,47.58078],[-122.34128,47.58077]]]},"properties":{"zone":3,"cell_type":"total isolation","proximity":2445.9,"opportunity":4102.5,"population":0}},{"type":"Feature","id":1353,"geometry":{"type":"Polygon","coordinates":[[[-122.31805,47.71058],[-122.32062,47.71035],[-122.32201,47.71165],[-122.32083,47.71317],[-122.31826,47.7134],[-122.31687,47.7121],[-122.31805,47.71058]]]},"properties":{"zone":2,"cell_type":"social isolation","proximity":2605.3,"opportunity":8058.1,"population":400}},{"type":"Feature","id":1354,"geometry":{"type":"Polygon","coordinates":[[[-122.31475,47.66495],[-122.31734,47.66472],[-122.31874,47.66603],[-122.31754,47.66757],[-122.31495,47.6678],[-122.31355,47.66649],[-122.31475,47.66495]]]},"properties":{"zone":0,"cell_type":"inclusion","proximity":4766.2,"opportunity":11038.2,"population":778}},{"type":"Feature","id":1355,"geometry":{"type":"Polygon","coordinates":[[[-122.2866,47.70503],[-122.28869,47.70485],[-122.28976,47.70585],[-122.28881,47.70708],[-122.28672,47.70727],[-122.28565,47.70626],[-122.2866,47.70503]]]},"properties":{"zone":3,"cell_type":"total isolation","proximity":1938.7,"opportunity":5998.8,"population":146}},{"type":"Feature","id":1356,"geometry":{"type":"Polygon","coordinates":[[[-122.28545,47.52826],[-122.2879,47.52805],[-122.28921,47.52928],[-122.28808,47.53074],[-122.28563,47.53095],[-122.28433,47.52972],[-122.28545,47.52826]]]},"properties":{"zone":3,"cell_type":"total isolation","proximity":943.2,"opportunity":4928.4,"population":315}},{"type":"Feature","id":1357,"geometry":{"type":"Polygon","coordinates":[[[-122.35157,47.63302],[-122.35412,47.6328],[-122.3555,47.63409],[-122.35432,47.63561],[-122.35177,47.63583],[-122.35039,47.63454],[-122.35157,47.63302]]]},"properties":{"zone":0,"cell_type":"inclusion","proximity":4260.5,"opportunity":8987.1,"population":391}},{"type":"Feature","id":1358,"geometry":{"type":"Polygon","coordinates":[[[-122.34434,47.69535],[-122.34692,47.69512],[-122.34832,47.69643],[-122.34713,47.69796],[-122.34454,47.69819],[-122.34315,47.69688],[-122.34434,47.69535]]]},"properties":{"zone":0,"cell_type":"inclusion","proximity":3357.4,"opportunity":9395,"population":414}},{"type":"Feature","id":1359,"geometry":{"type":"Polygon","coordinates":[[[-122.28447,47.56997],[-122.28703,47.56975],[-122.2884,47.57104],[-122.28723,47.57256],[-122.28467,47.57279],[-122.2833,47.57149],[-122.28447,47.56997]]]},"properties":{"zone":3,"cell_type":"total isolation","proximity":1854.1,"opportunity":5954.8,"population":391}},{"type":"Feature","id":1360,"geometry":{"type":"Polygon","coordinates":[[[-122.31104,47.61359],[-122.31363,47.61337],[-122.31503,47.61468],[-122.31384,47.61622],[-122.31125,47.61645],[-122.30985,47.61513],[-122.31104,47.61359]]]},"properties":{"zone":0,"cell_type":"inclusion","proximity":5223.4,"opportunity":11535.9,"population":1220}},{"type":"Feature","id":1361,"geometry":{"type":"Polygon","coordinates":[[[-122.31984,47.62718],[-122.32243,47.62695],[-122.32383,47.62827],[-122.32264,47.62981],[-122.32005,47.63003],[-122.31865,47.62872],[-122.31984,47.62718]]]},"properties":{"zone":0,"cell_type":"inclusion","proximity":4823,"opportunity":9747,"population":532}},{"type":"Feature","id":1362,"geometry":{"type":"Polygon","coordinates":[[[-122.31289,47.6898],[-122.31499,47.68962],[-122.31608,47.69064],[-122.31512,47.69187],[-122.31302,47.69206],[-122.31193,47.69104],[-122.31289,47.6898]]]},"properties":{"zone":0,"cell_type":"inclusion","proximity":3478.4,"opportunity":8502.4,"population":150}},{"type":"Feature","id":1363,"geometry":{"type":"Polygon","coordinates":[[[-122.28689,47.60154],[-122.28916,47.60134],[-122.29036,47.60247],[-122.28932,47.60381],[-122.28704,47.60401],[-122.28585,47.60289],[-122.28689,47.60154]]]},"properties":{"zone":3,"cell_type":"total isolation","proximity":2392.4,"opportunity":4520.1,"population":216}},{"type":"Feature","id":1364,"geometry":{"type":"Polygon","coordinates":[[[-122.38134,47.66625],[-122.38393,47.66603],[-122.38533,47.66734],[-122.38414,47.66888],[-122.38155,47.66911],[-122.38015,47.66779],[-122.38134,47.66625]]]},"properties":{"zone":0,"cell_type":"inclusion","proximity":3446.8,"opportunity":9174.3,"population":609}},{"type":"Feature","id":1365,"geometry":{"type":"Polygon","coordinates":[[[-122.2812,47.51894],[-122.28305,47.51877],[-122.28398,47.51965],[-122.28314,47.52074],[-122.28129,47.5209],[-122.28036,47.52003],[-122.2812,47.51894]]]},"properties":{"zone":3,"cell_type":"total isolation","proximity":709.5,"opportunity":5230.9,"population":90}},{"type":"Feature","id":1366,"geometry":{"type":"Polygon","coordinates":[[[-122.32157,47.59687],[-122.32416,47.59664],[-122.32555,47.59796],[-122.32436,47.5995],[-122.32177,47.59973],[-122.32038,47.59841],[-122.32157,47.59687]]]},"properties":{"zone":0,"cell_type":"inclusion","proximity":4757.7,"opportunity":12563.4,"population":739}},{"type":"Feature","id":1367,"geometry":{"type":"Polygon","coordinates":[[[-122.31088,47.55487],[-122.31319,47.55467],[-122.31441,47.55582],[-122.31335,47.55719],[-122.31104,47.55739],[-122.30982,47.55625],[-122.31088,47.55487]]]},"properties":{"zone":3,"cell_type":"total isolation","proximity":1688.8,"opportunity":7119.4,"population":236}},{"type":"Feature","id":1368,"geometry":{"type":"Polygon","coordinates":[[[-122.25653,47.50633],[-122.259,47.50611],[-122.26032,47.50736],[-122.25918,47.50883],[-122.25672,47.50904],[-122.2554,47.5078],[-122.25653,47.50633]]]},"properties":{"zone":3,"cell_type":"total isolation","proximity":407.8,"opportunity":4154.5,"population":327}},{"type":"Feature","id":1369,"geometry":{"type":"Polygon","coordinates":[[[-122.2952,47.55344],[-122.29741,47.55325],[-122.29856,47.55433],[-122.29755,47.55564],[-122.29535,47.55583],[-122.29419,47.55474],[-122.2952,47.55344]]]},"properties":{"zone":3,"cell_type":"total isolation","proximity":1630.9,"opportunity":6176.8,"population":188}},{"type":"Feature","id":1370,"geometry":{"type":"Polygon","coordinates":[[[-122.31125,47.61645],[-122.31384,47.61622],[-122.31524,47.61753],[-122.31405,47.61907],[-122.31145,47.6193],[-122.31006,47.61799],[-122.31125,47.61645]]]},"properties":{"zone":0,"cell_type":"inclusion","proximity":5188.8,"opportunity":11791.7,"population":761}},{"type":"Feature","id":1371,"geometry":{"type":"Polygon","coordinates":[[[-122.36129,47.65545],[-122.36334,47.65527],[-122.36439,47.65625],[-122.36345,47.65745],[-122.36141,47.65764],[-122.36036,47.65665],[-122.36129,47.65545]]]},"properties":{"zone":0,"cell_type":"inclusion","proximity":4008.4,"opportunity":9506,"population":134}},{"type":"Feature","id":1372,"geometry":{"type":"Polygon","coordinates":[[[-122.34611,47.61195],[-122.3487,47.61172],[-122.3501,47.61303],[-122.34891,47.61457],[-122.34632,47.6148],[-122.34492,47.61349],[-122.34611,47.61195]]]},"properties":{"zone":0,"cell_type":"inclusion","proximity":5337.3,"opportunity":12856.9,"population":1238}},{"type":"Feature","id":1373,"geometry":{"type":"Polygon","coordinates":[[[-122.31096,47.66672],[-122.31355,47.66649],[-122.31495,47.6678],[-122.31376,47.66934],[-122.31117,47.66957],[-122.30977,47.66826],[-122.31096,47.66672]]]},"properties":{"zone":0,"cell_type":"inclusion","proximity":4544,"opportunity":11009.6,"population":1059}},{"type":"Feature","id":1374,"geometry":{"type":"Polygon","coordinates":[[[-122.34321,47.62518],[-122.34571,47.62496],[-122.34705,47.62622],[-122.3459,47.62771],[-122.3434,47.62793],[-122.34206,47.62667],[-122.34321,47.62518]]]},"properties":{"zone":0,"cell_type":"inclusion","proximity":4937.4,"opportunity":10890.6,"population":350}},{"type":"Feature","id":1375,"geometry":{"type":"Polygon","coordinates":[[[-122.30306,47.71779],[-122.30536,47.71759],[-122.30658,47.71873],[-122.30552,47.72009],[-122.30322,47.72029],[-122.302,47.71916],[-122.30306,47.71779]]]},"properties":{"zone":3,"cell_type":"total isolation","proximity":1991.5,"opportunity":7012.5,"population":230}},{"type":"Feature","id":1376,"geometry":{"type":"Polygon","coordinates":[[[-122.38729,47.63995],[-122.38979,47.63973],[-122.39113,47.64099],[-122.38998,47.64247],[-122.38748,47.64269],[-122.38614,47.64144],[-122.38729,47.63995]]]},"properties":{"zone":3,"cell_type":"total isolation","proximity":2342.5,"opportunity":6259.8,"population":347}},{"type":"Feature","id":1377,"geometry":{"type":"Polygon","coordinates":[[[-122.25058,47.67918],[-122.25058,47.67918],[-122.25051,47.67918],[-122.25051,47.67918],[-122.25058,47.67918]]]},"properties":{"zone":3,"cell_type":"total isolation","proximity":1283.5,"opportunity":3025.4,"population":0}},{"type":"Feature","id":1378,"geometry":{"type":"Polygon","coordinates":[[[-122.34522,47.65366],[-122.34781,47.65343],[-122.34921,47.65474],[-122.34802,47.65628],[-122.34543,47.65651],[-122.34403,47.6552],[-122.34522,47.65366]]]},"properties":{"zone":0,"cell_type":"inclusion","proximity":4622.3,"opportunity":10563.7,"population":678}},{"type":"Feature","id":1379,"geometry":{"type":"Polygon","coordinates":[[[-122.26032,47.50457],[-122.26277,47.50436],[-122.26408,47.50559],[-122.26295,47.50705],[-122.26051,47.50726],[-122.2592,47.50603],[-122.26032,47.50457]]]},"properties":{"zone":3,"cell_type":"total isolation","proximity":396.1,"opportunity":2434.8,"population":314}},{"type":"Feature","id":1380,"geometry":{"type":"Polygon","coordinates":[[[-122.31017,47.70851],[-122.31257,47.7083],[-122.31384,47.70949],[-122.31274,47.71091],[-122.31034,47.71112],[-122.30907,47.70993],[-122.31017,47.70851]]]},"properties":{"zone":2,"cell_type":"social isolation","proximity":2514.7,"opportunity":7987.7,"population":277}},{"type":"Feature","id":1381,"geometry":{"type":"Polygon","coordinates":[[[-122.4027,47.68627],[-122.40466,47.68609],[-122.40566,47.68703],[-122.40477,47.68818],[-122.4028,47.68836],[-122.4018,47.68742],[-122.4027,47.68627]]]},"properties":{"zone":3,"cell_type":"total isolation","proximity":1526.6,"opportunity":4844.2,"population":114}},{"type":"Feature","id":1382,"geometry":{"type":"Polygon","coordinates":[[[-122.32131,47.64187],[-122.32315,47.64171],[-122.32407,47.64257],[-122.32323,47.64365],[-122.32139,47.64381],[-122.32047,47.64295],[-122.32131,47.64187]]]},"properties":{"zone":0,"cell_type":"inclusion","proximity":4321.3,"opportunity":8865.4,"population":88}},{"type":"Feature","id":1383,"geometry":{"type":"Polygon","coordinates":[[[-122.28581,47.6963],[-122.2882,47.69609],[-122.28947,47.69729],[-122.28837,47.6987],[-122.28598,47.69891],[-122.28471,47.69772],[-122.28581,47.6963]]]},"properties":{"zone":3,"cell_type":"total isolation","proximity":2156.7,"opportunity":6736.5,"population":277}},{"type":"Feature","id":1384,"geometry":{"type":"Polygon","coordinates":[[[-122.37061,47.68011],[-122.37321,47.67989],[-122.37461,47.6812],[-122.37341,47.68274],[-122.37082,47.68297],[-122.36942,47.68165],[-122.37061,47.68011]]]},"properties":{"zone":1,"cell_type":"spatial isolation","proximity":3290.9,"opportunity":7028.7,"population":445}},{"type":"Feature","id":1385,"geometry":{"type":"Polygon","coordinates":[[[-122.27553,47.66272],[-122.27799,47.66251],[-122.27931,47.66374],[-122.27818,47.66521],[-122.27571,47.66542],[-122.27439,47.66419],[-122.27553,47.66272]]]},"properties":{"zone":3,"cell_type":"total isolation","proximity":2401.4,"opportunity":6698.2,"population":323}},{"type":"Feature","id":1386,"geometry":{"type":"Polygon","coordinates":[[[-122.31181,47.56906],[-122.31428,47.56884],[-122.31561,47.57009],[-122.31447,47.57156],[-122.312,47.57178],[-122.31067,47.57053],[-122.31181,47.56906]]]},"properties":{"zone":3,"cell_type":"total isolation","proximity":2284.6,"opportunity":7814.1,"population":332}},{"type":"Feature","id":1387,"geometry":{"type":"Polygon","coordinates":[[[-122.29886,47.60481],[-122.30112,47.60461],[-122.30231,47.60573],[-122.30127,47.60707],[-122.29901,47.60727],[-122.29782,47.60615],[-122.29886,47.60481]]]},"properties":{"zone":0,"cell_type":"inclusion","proximity":3791.8,"opportunity":8459.8,"population":213}},{"type":"Feature","id":1388,"geometry":{"type":"Polygon","coordinates":[[[-122.32884,47.63034],[-122.32968,47.63026],[-122.32995,47.63052],[-122.32959,47.63099],[-122.32876,47.63106],[-122.32849,47.6308],[-122.32884,47.63034]]]},"properties":{"zone":0,"cell_type":"inclusion","proximity":4659.1,"opportunity":10402.7,"population":11}},{"type":"Feature","id":1389,"geometry":{"type":"Polygon","coordinates":[[[-122.32063,47.69173],[-122.32315,47.69151],[-122.32451,47.69278],[-122.32335,47.69428],[-122.32083,47.6945],[-122.31947,47.69323],[-122.32063,47.69173]]]},"properties":{"zone":0,"cell_type":"inclusion","proximity":3492.4,"opportunity":8294.5,"population":364}},{"type":"Feature","id":1390,"geometry":{"type":"Polygon","coordinates":[[[-122.37374,47.66446],[-122.37567,47.66429],[-122.37665,47.66521],[-122.37577,47.66634],[-122.37384,47.66651],[-122.37287,47.6656],[-122.37374,47.66446]]]},"properties":{"zone":0,"cell_type":"inclusion","proximity":3798.5,"opportunity":9197.7,"population":106}},{"type":"Feature","id":1391,"geometry":{"type":"Polygon","coordinates":[[[-122.28325,47.60345],[-122.28528,47.60327],[-122.28632,47.60425],[-122.28539,47.60545],[-122.28336,47.60562],[-122.28232,47.60464],[-122.28325,47.60345]]]},"properties":{"zone":3,"cell_type":"total isolation","proximity":2540.2,"opportunity":5059.6,"population":131}},{"type":"Feature","id":1392,"geometry":{"type":"Polygon","coordinates":[[[-122.39729,47.66527],[-122.39918,47.6651],[-122.40013,47.666],[-122.39927,47.66711],[-122.39738,47.66728],[-122.39643,47.66638],[-122.39729,47.66527]]]},"properties":{"zone":3,"cell_type":"total isolation","proximity":2483.3,"opportunity":7316.9,"population":98}},{"type":"Feature","id":1393,"geometry":{"type":"Polygon","coordinates":[[[-122.26874,47.50984],[-122.27077,47.50967],[-122.27181,47.51065],[-122.27088,47.51185],[-122.26885,47.51203],[-122.26781,47.51105],[-122.26874,47.50984]]]},"properties":{"zone":3,"cell_type":"total isolation","proximity":524,"opportunity":3596.5,"population":132}},{"type":"Feature","id":1394,"geometry":{"type":"Polygon","coordinates":[[[-122.36191,47.71977],[-122.36423,47.71957],[-122.36545,47.72071],[-122.36439,47.72209],[-122.36208,47.72229],[-122.36085,47.72114],[-122.36191,47.71977]]]},"properties":{"zone":3,"cell_type":"total isolation","proximity":1566.8,"opportunity":4396.5,"population":236}},{"type":"Feature","id":1395,"geometry":{"type":"Polygon","coordinates":[[[-122.31958,47.55776],[-122.32063,47.55766],[-122.32105,47.55806],[-122.32059,47.55866],[-122.31953,47.55875],[-122.31912,47.55836],[-122.31958,47.55776]]]},"properties":{"zone":3,"cell_type":"total isolation","proximity":1609,"opportunity":6473.9,"population":17}},{"type":"Feature","id":1396,"geometry":{"type":"Polygon","coordinates":[[[-122.26841,47.67201],[-122.2708,47.6718],[-122.27206,47.67299],[-122.27097,47.6744],[-122.26858,47.67461],[-122.26732,47.67342],[-122.26841,47.67201]]]},"properties":{"zone":3,"cell_type":"total isolation","proximity":2059.8,"opportunity":7423,"population":272}},{"type":"Feature","id":1397,"geometry":{"type":"Polygon","coordinates":[[[-122.25281,47.50815],[-122.25518,47.50794],[-122.25644,47.50913],[-122.25535,47.51054],[-122.25298,47.51075],[-122.25172,47.50956],[-122.25281,47.50815]]]},"properties":{"zone":3,"cell_type":"total isolation","proximity":403.5,"opportunity":3413.5,"population":268}},{"type":"Feature","id":1398,"geometry":{"type":"Polygon","coordinates":[[[-122.28713,47.55116],[-122.28951,47.55096],[-122.29077,47.55214],[-122.28968,47.55356],[-122.2873,47.55376],[-122.28604,47.55258],[-122.28713,47.55116]]]},"properties":{"zone":3,"cell_type":"total isolation","proximity":1622.9,"opportunity":6730.4,"population":270}},{"type":"Feature","id":1399,"geometry":{"type":"Polygon","coordinates":[[[-122.30747,47.61822],[-122.31006,47.61799],[-122.31145,47.6193],[-122.31026,47.62084],[-122.30767,47.62107],[-122.30627,47.61976],[-122.30747,47.61822]]]},"properties":{"zone":0,"cell_type":"inclusion","proximity":4851.2,"opportunity":10679.4,"population":964}},{"type":"Feature","id":1400,"geometry":{"type":"Polygon","coordinates":[[[-122.32988,47.71103],[-122.33235,47.71082],[-122.33367,47.71205],[-122.33254,47.71352],[-122.33007,47.71373],[-122.32875,47.7125],[-122.32988,47.71103]]]},"properties":{"zone":3,"cell_type":"total isolation","proximity":2416.7,"opportunity":7593,"population":325}},{"type":"Feature","id":1401,"geometry":{"type":"Polygon","coordinates":[[[-122.36182,47.66656],[-122.36439,47.66633],[-122.36577,47.66763],[-122.36459,47.66916],[-122.36202,47.66938],[-122.36063,47.66808],[-122.36182,47.66656]]]},"properties":{"zone":0,"cell_type":"inclusion","proximity":3995.4,"opportunity":10213.4,"population":403}},{"type":"Feature","id":1402,"geometry":{"type":"Polygon","coordinates":[[[-122.33421,47.60344],[-122.33599,47.60328],[-122.33687,47.60411],[-122.33606,47.60515],[-122.33428,47.60531],[-122.3334,47.60448],[-122.33421,47.60344]]]},"properties":{"zone":0,"cell_type":"inclusion","proximity":5505.4,"opportunity":14327,"population":78}},{"type":"Feature","id":1403,"geometry":{"type":"Polygon","coordinates":[[[-122.26674,47.53995],[-122.26921,47.53974],[-122.27053,47.54098],[-122.2694,47.54245],[-122.26693,47.54266],[-122.26561,47.54142],[-122.26674,47.53995]]]},"properties":{"zone":3,"cell_type":"total isolation","proximity":1030,"opportunity":4553.7,"population":327}},{"type":"Feature","id":1404,"geometry":{"type":"Polygon","coordinates":[[[-122.39529,47.64214],[-122.39775,47.64192],[-122.39906,47.64315],[-122.39793,47.64461],[-122.39548,47.64483],[-122.39416,47.6436],[-122.39529,47.64214]]]},"properties":{"zone":3,"cell_type":"total isolation","proximity":2157.3,"opportunity":6147.4,"population":318}},{"type":"Feature","id":1405,"geometry":{"type":"Polygon","coordinates":[[[-122.34675,47.67104],[-122.34885,47.67086],[-122.34994,47.67188],[-122.34898,47.67312],[-122.34688,47.6733],[-122.34579,47.67228],[-122.34675,47.67104]]]},"properties":{"zone":0,"cell_type":"inclusion","proximity":4228.2,"opportunity":9220.1,"population":151}},{"type":"Feature","id":1406,"geometry":{"type":"Polygon","coordinates":[[[-122.26842,47.50688],[-122.27065,47.50668],[-122.27182,47.50778],[-122.27079,47.50911],[-122.26856,47.5093],[-122.2674,47.5082],[-122.26842,47.50688]]]},"properties":{"zone":3,"cell_type":"total isolation","proximity":458.1,"opportunity":3459.7,"population":199}},{"type":"Feature","id":1407,"geometry":{"type":"Polygon","coordinates":[[[-122.33358,47.64542],[-122.3349,47.6453],[-122.33549,47.64585],[-122.3349,47.64661],[-122.33358,47.64673],[-122.33299,47.64618],[-122.33358,47.64542]]]},"properties":{"zone":0,"cell_type":"inclusion","proximity":3848.5,"opportunity":8169.9,"population":29}},{"type":"Feature","id":1408,"geometry":{"type":"Polygon","coordinates":[[[-122.27936,47.71419],[-122.28157,47.714],[-122.28273,47.71508],[-122.28172,47.71639],[-122.2795,47.71658],[-122.27834,47.7155],[-122.27936,47.71419]]]},"properties":{"zone":3,"cell_type":"total isolation","proximity":1262.5,"opportunity":5256.2,"population":191}},{"type":"Feature","id":1409,"geometry":{"type":"Polygon","coordinates":[[[-122.39447,47.68387],[-122.39686,47.68366],[-122.39812,47.68484],[-122.39703,47.68626],[-122.39465,47.68647],[-122.39338,47.68528],[-122.39447,47.68387]]]},"properties":{"zone":3,"cell_type":"total isolation","proximity":2129.8,"opportunity":5897.1,"population":273}},{"type":"Feature","id":1410,"geometry":{"type":"Polygon","coordinates":[[[-122.31728,47.6434],[-122.31954,47.6432],[-122.32073,47.64432],[-122.31969,47.64565],[-122.31744,47.64585],[-122.31625,47.64474],[-122.31728,47.6434]]]},"properties":{"zone":0,"cell_type":"inclusion","proximity":4197.2,"opportunity":8486.5,"population":209}},{"type":"Feature","id":1411,"geometry":{"type":"Polygon","coordinates":[[[-122.28207,47.69812],[-122.28437,47.69792],[-122.28559,47.69906],[-122.28453,47.70042],[-122.28223,47.70062],[-122.28101,47.69948],[-122.28207,47.69812]]]},"properties":{"zone":3,"cell_type":"total isolation","proximity":1884.7,"opportunity":4931.4,"population":230}},{"type":"Feature","id":1412,"geometry":{"type":"Polygon","coordinates":[[[-122.36999,47.67156],[-122.37258,47.67133],[-122.37398,47.67264],[-122.37279,47.67418],[-122.3702,47.67441],[-122.3688,47.6731],[-122.36999,47.67156]]]},"properties":{"zone":0,"cell_type":"inclusion","proximity":3650.3,"opportunity":9309.7,"population":497}},{"type":"Feature","id":1413,"geometry":{"type":"Polygon","coordinates":[[[-122.36773,47.64021],[-122.37028,47.63999],[-122.37166,47.64128],[-122.37049,47.6428],[-122.36793,47.64302],[-122.36656,47.64173],[-122.36773,47.64021]]]},"properties":{"zone":0,"cell_type":"inclusion","proximity":3341,"opportunity":8293,"population":390}},{"type":"Feature","id":1414,"geometry":{"type":"Polygon","coordinates":[[[-122.33287,47.69524],[-122.33494,47.69505],[-122.33601,47.69605],[-122.33506,47.69728],[-122.33299,47.69746],[-122.33192,47.69646],[-122.33287,47.69524]]]},"properties":{"zone":0,"cell_type":"inclusion","proximity":3377,"opportunity":9622.7,"population":142}},{"type":"Feature","id":1415,"geometry":{"type":"Polygon","coordinates":[[[-122.30797,47.57078],[-122.31054,47.57055],[-122.31193,47.57186],[-122.31075,47.57339],[-122.30817,47.57361],[-122.30679,47.57231],[-122.30797,47.57078]]]},"properties":{"zone":3,"cell_type":"total isolation","proximity":2334.7,"opportunity":7560,"population":405}},{"type":"Feature","id":1416,"geometry":{"type":"Polygon","coordinates":[[[-122.30675,47.6069],[-122.30916,47.60669],[-122.31043,47.60789],[-122.30933,47.60932],[-122.30693,47.60953],[-122.30565,47.60833],[-122.30675,47.6069]]]},"properties":{"zone":0,"cell_type":"inclusion","proximity":4529.2,"opportunity":9078.7,"population":283}},{"type":"Feature","id":1417,"geometry":{"type":"Polygon","coordinates":[[[-122.34336,47.62798],[-122.34595,47.62775],[-122.34735,47.62907],[-122.34616,47.63061],[-122.34357,47.63084],[-122.34217,47.62952],[-122.34336,47.62798]]]},"properties":{"zone":0,"cell_type":"inclusion","proximity":4662.6,"opportunity":11519.1,"population":1100}},{"type":"Feature","id":1418,"geometry":{"type":"Polygon","coordinates":[[[-122.3082,47.68274],[-122.3108,47.68251],[-122.3122,47.68383],[-122.311,47.68537],[-122.30841,47.68559],[-122.30701,47.68428],[-122.3082,47.68274]]]},"properties":{"zone":0,"cell_type":"inclusion","proximity":3631,"opportunity":9109.4,"population":424}},{"type":"Feature","id":1419,"geometry":{"type":"Polygon","coordinates":[[[-122.27682,47.56544],[-122.27848,47.5653],[-122.27928,47.56606],[-122.27853,47.56702],[-122.27687,47.56717],[-122.27607,47.56641],[-122.27682,47.56544]]]},"properties":{"zone":3,"cell_type":"total isolation","proximity":1454.7,"opportunity":5012.4,"population":60}},{"type":"Feature","id":1420,"geometry":{"type":"Polygon","coordinates":[[[-122.27728,47.51259],[-122.27832,47.5125],[-122.27873,47.51288],[-122.27827,47.51347],[-122.27724,47.51356],[-122.27683,47.51318],[-122.27728,47.51259]]]},"properties":{"zone":3,"cell_type":"total isolation","proximity":542.4,"opportunity":4244.4,"population":17}},{"type":"Feature","id":1421,"geometry":{"type":"Polygon","coordinates":[[[-122.37003,47.72206],[-122.37212,47.72188],[-122.3732,47.72289],[-122.37225,47.72412],[-122.37016,47.7243],[-122.36908,47.7233],[-122.37003,47.72206]]]},"properties":{"zone":3,"cell_type":"total isolation","proximity":1247.7,"opportunity":13.3,"population":147}},{"type":"Feature","id":1422,"geometry":{"type":"Polygon","coordinates":[[[-122.34202,47.70913],[-122.34351,47.709],[-122.3442,47.70965],[-122.34353,47.71051],[-122.34205,47.71064],[-122.34135,47.70999],[-122.34202,47.70913]]]},"properties":{"zone":2,"cell_type":"social isolation","proximity":2641.5,"opportunity":7997.2,"population":42}},{"type":"Feature","id":1423,"geometry":{"type":"Polygon","coordinates":[[[-122.29334,47.62892],[-122.29455,47.62881],[-122.29506,47.6293],[-122.29453,47.62999],[-122.29332,47.63009],[-122.29281,47.62961],[-122.29334,47.62892]]]},"properties":{"zone":1,"cell_type":"spatial isolation","proximity":3425.6,"opportunity":7276.7,"population":23}},{"type":"Feature","id":1424,"geometry":{"type":"Polygon","coordinates":[[[-122.29863,47.54867],[-122.30109,47.54845],[-122.30241,47.54969],[-122.30127,47.55115],[-122.29881,47.55137],[-122.2975,47.55013],[-122.29863,47.54867]]]},"properties":{"zone":3,"cell_type":"total isolation","proximity":1533.2,"opportunity":5709.3,"population":322}},{"type":"Feature","id":1425,"geometry":{"type":"Polygon","coordinates":[[[-122.27641,47.6742],[-122.27877,47.67399],[-122.28001,47.67516],[-122.27893,47.67655],[-122.27658,47.67676],[-122.27533,47.67559],[-122.27641,47.6742]]]},"properties":{"zone":3,"cell_type":"total isolation","proximity":2338.1,"opportunity":7400.6,"population":255}},{"type":"Feature","id":1426,"geometry":{"type":"Polygon","coordinates":[[[-122.30262,47.54976],[-122.30507,47.54955],[-122.30638,47.55078],[-122.30525,47.55224],[-122.3028,47.55245],[-122.30149,47.55122],[-122.30262,47.54976]]]},"properties":{"zone":3,"cell_type":"total isolation","proximity":1486.3,"opportunity":5432.3,"population":316}},{"type":"Feature","id":1427,"geometry":{"type":"Polygon","coordinates":[[[-122.30093,47.63602],[-122.30352,47.63579],[-122.30492,47.63711],[-122.30372,47.63865],[-122.30113,47.63887],[-122.29973,47.63756],[-122.30093,47.63602]]]},"properties":{"zone":0,"cell_type":"inclusion","proximity":3835.9,"opportunity":9061.8,"population":422}},{"type":"Feature","id":1428,"geometry":{"type":"Polygon","coordinates":[[[-122.34593,47.71013],[-122.34756,47.70999],[-122.34835,47.71072],[-122.34761,47.71168],[-122.34598,47.71182],[-122.34519,47.71108],[-122.34593,47.71013]]]},"properties":{"zone":3,"cell_type":"total isolation","proximity":2477.5,"opportunity":7659.6,"population":57}},{"type":"Feature","id":1429,"geometry":{"type":"Polygon","coordinates":[[[-122.32699,47.67111],[-122.32947,47.67089],[-122.3308,47.67214],[-122.32966,47.67362],[-122.32717,47.67384],[-122.32584,47.67259],[-122.32699,47.67111]]]},"properties":{"zone":0,"cell_type":"inclusion","proximity":4193.6,"opportunity":8258.5,"population":337}},{"type":"Feature","id":1430,"geometry":{"type":"Polygon","coordinates":[[[-122.28933,47.58253],[-122.2918,47.58231],[-122.29313,47.58356],[-122.29199,47.58503],[-122.28951,47.58525],[-122.28819,47.584],[-122.28933,47.58253]]]},"properties":{"zone":3,"cell_type":"total isolation","proximity":2295.7,"opportunity":6515.8,"population":331}},{"type":"Feature","id":1431,"geometry":{"type":"Polygon","coordinates":[[[-122.35803,47.66833],[-122.3606,47.6681],[-122.36199,47.6694],[-122.36081,47.67093],[-122.35824,47.67115],[-122.35685,47.66985],[-122.35803,47.66833]]]},"properties":{"zone":0,"cell_type":"inclusion","proximity":3961.6,"opportunity":9918.7,"population":403}},{"type":"Feature","id":1432,"geometry":{"type":"Polygon","coordinates":[[[-122.3589,47.62661],[-122.36149,47.62638],[-122.36289,47.6277],[-122.3617,47.62924],[-122.35911,47.62947],[-122.35771,47.62815],[-122.3589,47.62661]]]},"properties":{"zone":0,"cell_type":"inclusion","proximity":4117.3,"opportunity":10290.4,"population":782}},{"type":"Feature","id":1433,"geometry":{"type":"Polygon","coordinates":[[[-122.38457,47.70382],[-122.38626,47.70367],[-122.38708,47.70444],[-122.38632,47.70542],[-122.38463,47.70557],[-122.38381,47.7048],[-122.38457,47.70382]]]},"properties":{"zone":3,"cell_type":"total isolation","proximity":1620.5,"opportunity":24.4,"population":64}},{"type":"Feature","id":1434,"geometry":{"type":"Polygon","coordinates":[[[-122.30257,47.65884],[-122.30516,47.65861],[-122.30656,47.65993],[-122.30537,47.66147],[-122.30277,47.66169],[-122.30138,47.66038],[-122.30257,47.65884]]]},"properties":{"zone":0,"cell_type":"inclusion","proximity":4343.9,"opportunity":11095.9,"population":2162}},{"type":"Feature","id":1435,"geometry":{"type":"Polygon","coordinates":[[[-122.409,47.66562],[-122.41098,47.66544],[-122.41198,47.66638],[-122.41108,47.66755],[-122.40911,47.66772],[-122.4081,47.66678],[-122.409,47.66562]]]},"properties":{"zone":3,"cell_type":"total isolation","proximity":1632.2,"opportunity":4429.1,"population":116}},{"type":"Feature","id":1436,"geometry":{"type":"Polygon","coordinates":[[[-122.35236,47.69755],[-122.35488,47.69732],[-122.35624,47.69859],[-122.35508,47.70009],[-122.35255,47.70031],[-122.3512,47.69904],[-122.35236,47.69755]]]},"properties":{"zone":1,"cell_type":"spatial isolation","proximity":3033.1,"opportunity":7712.5,"population":363}},{"type":"Feature","id":1437,"geometry":{"type":"Polygon","coordinates":[[[-122.31987,47.72558],[-122.32109,47.72547],[-122.32162,47.72597],[-122.32108,47.72667],[-122.31985,47.72678],[-122.31932,47.72628],[-122.31987,47.72558]]]},"properties":{"zone":3,"cell_type":"total isolation","proximity":1795.4,"opportunity":4980.5,"population":24}},{"type":"Feature","id":1438,"geometry":{"type":"Polygon","coordinates":[[[-122.3844,47.65318],[-122.3868,47.65297],[-122.38808,47.65417],[-122.38698,47.6556],[-122.38458,47.65581],[-122.3833,47.65461],[-122.3844,47.65318]]]},"properties":{"zone":3,"cell_type":"total isolation","proximity":2598.2,"opportunity":6175.1,"population":284}},{"type":"Feature","id":1439,"geometry":{"type":"Polygon","coordinates":[[[-122.25703,47.67463],[-122.25909,47.67446],[-122.26015,47.67545],[-122.25921,47.67666],[-122.25715,47.67684],[-122.25609,47.67585],[-122.25703,47.67463]]]},"properties":{"zone":3,"cell_type":"total isolation","proximity":1694.6,"opportunity":7047.9,"population":138}},{"type":"Feature","id":1440,"geometry":{"type":"Polygon","coordinates":[[[-122.34142,47.64745],[-122.34298,47.64731],[-122.34371,47.64801],[-122.34301,47.64891],[-122.34146,47.64905],[-122.34072,47.64836],[-122.34142,47.64745]]]},"properties":{"zone":0,"cell_type":"inclusion","proximity":4311.1,"opportunity":10502.3,"population":48}},{"type":"Feature","id":1441,"geometry":{"type":"Polygon","coordinates":[[[-122.35932,47.73329],[-122.36101,47.73314],[-122.36184,47.73391],[-122.36107,47.7349],[-122.35938,47.73505],[-122.35856,47.73428],[-122.35932,47.73329]]]},"properties":{"zone":3,"cell_type":"total isolation","proximity":1141.6,"opportunity":4742.7,"population":64}},{"type":"Feature","id":1442,"geometry":{"type":"Polygon","coordinates":[[[-122.29487,47.71278],[-122.29717,47.71257],[-122.29839,47.71371],[-122.29733,47.71507],[-122.29503,47.71528],[-122.29381,47.71414],[-122.29487,47.71278]]]},"properties":{"zone":3,"cell_type":"total isolation","proximity":2080.4,"opportunity":7277,"population":230}},{"type":"Feature","id":1443,"geometry":{"type":"Polygon","coordinates":[[[-122.3836,47.69494],[-122.38588,47.69474],[-122.38708,47.69586],[-122.38603,47.6972],[-122.38376,47.69741],[-122.38256,47.69628],[-122.3836,47.69494]]]},"properties":{"zone":3,"cell_type":"total isolation","proximity":2130.4,"opportunity":6173.6,"population":217}},{"type":"Feature","id":1444,"geometry":{"type":"Polygon","coordinates":[[[-122.30961,47.64152],[-122.31135,47.64137],[-122.3122,47.64217],[-122.31141,47.64319],[-122.30967,47.64334],[-122.30882,47.64254],[-122.30961,47.64152]]]},"properties":{"zone":1,"cell_type":"spatial isolation","proximity":3568.3,"opportunity":7074.1,"population":71}},{"type":"Feature","id":1445,"geometry":{"type":"Polygon","coordinates":[[[-122.32726,47.72717],[-122.32951,47.72697],[-122.33069,47.72808],[-122.32966,47.72941],[-122.32741,47.7296],[-122.32623,47.7285],[-122.32726,47.72717]]]},"properties":{"zone":3,"cell_type":"total isolation","proximity":1671.1,"opportunity":3852.7,"population":205}},{"type":"Feature","id":1446,"geometry":{"type":"Polygon","coordinates":[[[-122.36621,47.67333],[-122.3688,47.6731],[-122.3702,47.67441],[-122.36901,47.67595],[-122.36642,47.67618],[-122.36502,47.67487],[-122.36621,47.67333]]]},"properties":{"zone":0,"cell_type":"inclusion","proximity":3628.4,"opportunity":8961.4,"population":421}},{"type":"Feature","id":1447,"geometry":{"type":"Polygon","coordinates":[[[-122.36717,47.63171],[-122.36962,47.6315],[-122.37093,47.63272],[-122.3698,47.63418],[-122.36735,47.63439],[-122.36604,47.63317],[-122.36717,47.63171]]]},"properties":{"zone":0,"cell_type":"inclusion","proximity":3504.3,"opportunity":9508.6,"population":313}},{"type":"Feature","id":1448,"geometry":{"type":"Polygon","coordinates":[[[-122.30054,47.56912],[-122.30218,47.56898],[-122.30298,47.56973],[-122.30223,47.57069],[-122.30059,47.57083],[-122.2998,47.57009],[-122.30054,47.56912]]]},"properties":{"zone":3,"cell_type":"total isolation","proximity":1926.2,"opportunity":7023.2,"population":58}},{"type":"Feature","id":1449,"geometry":{"type":"Polygon","coordinates":[[[-122.27575,47.55643],[-122.27819,47.55622],[-122.27949,47.55745],[-122.27837,47.5589],[-122.27593,47.55911],[-122.27463,47.55788],[-122.27575,47.55643]]]},"properties":{"zone":3,"cell_type":"total isolation","proximity":1426,"opportunity":5078.4,"population":307}},{"type":"Feature","id":1450,"geometry":{"type":"Polygon","coordinates":[[[-122.39251,47.65813],[-122.39504,47.65791],[-122.39639,47.65918],[-122.39523,47.66068],[-122.39271,47.6609],[-122.39136,47.65963],[-122.39251,47.65813]]]},"properties":{"zone":3,"cell_type":"total isolation","proximity":2248.1,"opportunity":5481.1,"population":365}},{"type":"Feature","id":1451,"geometry":{"type":"Polygon","coordinates":[[[-122.26568,47.52296],[-122.26787,47.52277],[-122.26901,47.52385],[-122.26801,47.52514],[-122.26582,47.52533],[-122.26468,47.52426],[-122.26568,47.52296]]]},"properties":{"zone":3,"cell_type":"total isolation","proximity":736.1,"opportunity":4806,"population":182}},{"type":"Feature","id":1452,"geometry":{"type":"Polygon","coordinates":[[[-122.32535,47.5951],[-122.32794,47.59487],[-122.32934,47.59619],[-122.32814,47.59773],[-122.32555,47.59796],[-122.32416,47.59664],[-122.32535,47.5951]]]},"properties":{"zone":0,"cell_type":"inclusion","proximity":4474.5,"opportunity":12132,"population":500}},{"type":"Feature","id":1453,"geometry":{"type":"Polygon","coordinates":[[[-122.29189,47.67276],[-122.29438,47.67254],[-122.29571,47.67379],[-122.29457,47.67527],[-122.29208,47.67548],[-122.29074,47.67423],[-122.29189,47.67276]]]},"properties":{"zone":0,"cell_type":"inclusion","proximity":3169.2,"opportunity":8139.4,"population":339}},{"type":"Feature","id":1454,"geometry":{"type":"Polygon","coordinates":[[[-122.31051,47.55186],[-122.3131,47.55164],[-122.31449,47.55295],[-122.3133,47.55449],[-122.31072,47.55471],[-122.30932,47.5534],[-122.31051,47.55186]]]},"properties":{"zone":3,"cell_type":"total isolation","proximity":1640.1,"opportunity":7074.3,"population":416}},{"type":"Feature","id":1455,"geometry":{"type":"Polygon","coordinates":[[[-122.28871,47.62721],[-122.29102,47.62701],[-122.29224,47.62815],[-122.29118,47.62952],[-122.28887,47.62972],[-122.28766,47.62858],[-122.28871,47.62721]]]},"properties":{"zone":1,"cell_type":"spatial isolation","proximity":3332.2,"opportunity":7154.8,"population":232}},{"type":"Feature","id":1456,"geometry":{"type":"Polygon","coordinates":[[[-122.35335,47.71176],[-122.35595,47.71153],[-122.35735,47.71284],[-122.35615,47.71438],[-122.35356,47.71461],[-122.35216,47.7133],[-122.35335,47.71176]]]},"properties":{"zone":3,"cell_type":"total isolation","proximity":2144,"opportunity":6681.7,"population":537}},{"type":"Feature","id":1457,"geometry":{"type":"Polygon","coordinates":[[[-122.27991,47.6695],[-122.28241,47.66928],[-122.28375,47.67053],[-122.2826,47.67201],[-122.2801,47.67223],[-122.27876,47.67098],[-122.27991,47.6695]]]},"properties":{"zone":3,"cell_type":"total isolation","proximity":2627.2,"opportunity":7621.6,"population":345}},{"type":"Feature","id":1458,"geometry":{"type":"Polygon","coordinates":[[[-122.34391,47.67099],[-122.34391,47.67099],[-122.34384,47.671],[-122.34384,47.671],[-122.34391,47.67099]]]},"properties":{"zone":0,"cell_type":"inclusion","proximity":4309.6,"opportunity":8681.8,"population":2}},{"type":"Feature","id":1459,"geometry":{"type":"Polygon","coordinates":[[[-122.31689,47.58184],[-122.3189,47.58166],[-122.31992,47.58262],[-122.31901,47.58381],[-122.317,47.58398],[-122.31598,47.58302],[-122.31689,47.58184]]]},"properties":{"zone":1,"cell_type":"spatial isolation","proximity":2949.4,"opportunity":7612.2,"population":124}},{"type":"Feature","id":1460,"geometry":{"type":"Polygon","coordinates":[[[-122.35119,47.66725],[-122.35181,47.6672],[-122.35195,47.66733],[-122.35169,47.66767],[-122.35107,47.66772],[-122.35093,47.66759],[-122.35119,47.66725]]]},"properties":{"zone":0,"cell_type":"inclusion","proximity":4234.9,"opportunity":9510.2,"population":7}},{"type":"Feature","id":1461,"geometry":{"type":"Polygon","coordinates":[[[-122.28157,47.63647],[-122.28385,47.63627],[-122.28505,47.6374],[-122.28401,47.63875],[-122.28172,47.63895],[-122.28052,47.63782],[-122.28157,47.63647]]]},"properties":{"zone":3,"cell_type":"total isolation","proximity":2015.2,"opportunity":4981.2,"population":221}},{"type":"Feature","id":1462,"geometry":{"type":"Polygon","coordinates":[[[-122.35512,47.62838],[-122.35771,47.62815],[-122.35911,47.62947],[-122.35792,47.63101],[-122.35533,47.63124],[-122.35393,47.62992],[-122.35512,47.62838]]]},"properties":{"zone":0,"cell_type":"inclusion","proximity":4278.7,"opportunity":9454.4,"population":1010}},{"type":"Feature","id":1463,"geometry":{"type":"Polygon","coordinates":[[[-122.29917,47.66098],[-122.3011,47.66081],[-122.30208,47.66173],[-122.3012,47.66287],[-122.29926,47.66304],[-122.29828,47.66212],[-122.29917,47.66098]]]},"properties":{"zone":0,"cell_type":"inclusion","proximity":4118.7,"opportunity":9776.7,"population":107}},{"type":"Feature","id":1464,"geometry":{"type":"Polygon","coordinates":[[[-122.32342,47.62256],[-122.32601,47.62233],[-122.32741,47.62364],[-122.32622,47.62518],[-122.32363,47.62541],[-122.32223,47.6241],[-122.32342,47.62256]]]},"properties":{"zone":0,"cell_type":"inclusion","proximity":5179.3,"opportunity":11267.1,"population":1575}},{"type":"Feature","id":1465,"geometry":{"type":"Polygon","coordinates":[[[-122.37986,47.69675],[-122.38206,47.69655],[-122.38322,47.69763],[-122.38221,47.69893],[-122.38001,47.69913],[-122.37886,47.69805],[-122.37986,47.69675]]]},"properties":{"zone":3,"cell_type":"total isolation","proximity":2055.5,"opportunity":5603.3,"population":186}},{"type":"Feature","id":1466,"geometry":{"type":"Polygon","coordinates":[[[-122.32115,47.57248],[-122.32115,47.57248],[-122.32108,47.57249],[-122.32108,47.57249],[-122.32115,47.57248]]]},"properties":{"zone":3,"cell_type":"total isolation","proximity":2355.9,"opportunity":7654.7,"population":2}},{"type":"Feature","id":1467,"geometry":{"type":"Polygon","coordinates":[[[-122.29808,47.7025],[-122.30031,47.7023],[-122.30148,47.7034],[-122.30046,47.70472],[-122.29823,47.70491],[-122.29706,47.70382],[-122.29808,47.7025]]]},"properties":{"zone":3,"cell_type":"total isolation","proximity":2491.4,"opportunity":5637.8,"population":198}},{"type":"Feature","id":1468,"geometry":{"type":"Polygon","coordinates":[[[-122.31848,47.71629],[-122.32103,47.71607],[-122.32239,47.71735],[-122.32122,47.71886],[-122.31868,47.71908],[-122.31731,47.7178],[-122.31848,47.71629]]]},"properties":{"zone":3,"cell_type":"total isolation","proximity":2230,"opportunity":7351,"population":379}},{"type":"Feature","id":1469,"geometry":{"type":"Polygon","coordinates":[[[-122.26492,47.67671],[-122.26715,47.67652],[-122.26831,47.67761],[-122.26729,47.67893],[-122.26507,47.67912],[-122.2639,47.67803],[-122.26492,47.67671]]]},"properties":{"zone":3,"cell_type":"total isolation","proximity":1925.9,"opportunity":7472.2,"population":195}},{"type":"Feature","id":1470,"geometry":{"type":"Polygon","coordinates":[[[-122.32992,47.65792],[-122.33245,47.65769],[-122.3338,47.65897],[-122.33264,47.66046],[-122.33012,47.66069],[-122.32876,47.65941],[-122.32992,47.65792]]]},"properties":{"zone":0,"cell_type":"inclusion","proximity":4495,"opportunity":9731.9,"population":365}},{"type":"Feature","id":1471,"geometry":{"type":"Polygon","coordinates":[[[-122.27368,47.69025],[-122.27598,47.69005],[-122.27719,47.69119],[-122.27613,47.69254],[-122.27384,47.69275],[-122.27263,47.69161],[-122.27368,47.69025]]]},"properties":{"zone":3,"cell_type":"total isolation","proximity":1421.1,"opportunity":4863.2,"population":227}},{"type":"Feature","id":1472,"geometry":{"type":"Polygon","coordinates":[[[-122.3916,47.69711],[-122.39385,47.69692],[-122.39503,47.69802],[-122.394,47.69935],[-122.39175,47.69955],[-122.39057,47.69844],[-122.3916,47.69711]]]},"properties":{"zone":3,"cell_type":"total isolation","proximity":1679,"opportunity":4773.8,"population":206}},{"type":"Feature","id":1473,"geometry":{"type":"Polygon","coordinates":[[[-122.33514,47.72924],[-122.33757,47.72902],[-122.33886,47.73023],[-122.33775,47.73167],[-122.33532,47.73189],[-122.33403,47.73067],[-122.33514,47.72924]]]},"properties":{"zone":3,"cell_type":"total isolation","proximity":1532.5,"opportunity":5899,"population":298}},{"type":"Feature","id":1474,"geometry":{"type":"Polygon","coordinates":[[[-122.33185,47.55566],[-122.33173,47.55582],[-122.33141,47.55585],[-122.33153,47.55569],[-122.33185,47.55566]]]},"properties":{"zone":3,"cell_type":"total isolation","proximity":1564.3,"opportunity":6908.2,"population":4}},{"type":"Feature","id":1475,"geometry":{"type":"Polygon","coordinates":[[[-122.32428,47.68718],[-122.32668,47.68697],[-122.32796,47.68817],[-122.32686,47.68959],[-122.32446,47.68981],[-122.32318,47.68861],[-122.32428,47.68718]]]},"properties":{"zone":1,"cell_type":"spatial isolation","proximity":3725.4,"opportunity":7152,"population":284}},{"type":"Feature","id":1476,"geometry":{"type":"Polygon","coordinates":[[[-122.29826,47.59892],[-122.30085,47.59869],[-122.30225,47.6],[-122.30105,47.60154],[-122.29846,47.60177],[-122.29707,47.60046],[-122.29826,47.59892]]]},"properties":{"zone":0,"cell_type":"inclusion","proximity":3555.4,"opportunity":8856.4,"population":454}},{"type":"Feature","id":1477,"geometry":{"type":"Polygon","coordinates":[[[-122.35984,47.69127],[-122.36216,47.69107],[-122.36338,47.69222],[-122.36232,47.69359],[-122.36,47.69379],[-122.35878,47.69265],[-122.35984,47.69127]]]},"properties":{"zone":0,"cell_type":"inclusion","proximity":3175.4,"opportunity":8304.8,"population":238}},{"type":"Feature","id":1478,"geometry":{"type":"Polygon","coordinates":[[[-122.2912,47.66147],[-122.29346,47.66128],[-122.29465,47.66239],[-122.29362,47.66373],[-122.29135,47.66393],[-122.29016,47.66281],[-122.2912,47.66147]]]},"properties":{"zone":0,"cell_type":"inclusion","proximity":3607.3,"opportunity":10574.6,"population":213}},{"type":"Feature","id":1479,"geometry":{"type":"Polygon","coordinates":[[[-122.36333,47.63343],[-122.36587,47.63321],[-122.36724,47.63449],[-122.36607,47.636],[-122.36353,47.63622],[-122.36217,47.63494],[-122.36333,47.63343]]]},"properties":{"zone":1,"cell_type":"spatial isolation","proximity":3633.5,"opportunity":7438.4,"population":380}},{"type":"Feature","id":1480,"geometry":{"type":"Polygon","coordinates":[[[-122.36162,47.71419],[-122.36373,47.71401],[-122.36482,47.71503],[-122.36385,47.71627],[-122.36175,47.71645],[-122.36066,47.71544],[-122.36162,47.71419]]]},"properties":{"zone":3,"cell_type":"total isolation","proximity":1861.7,"opportunity":4215.3,"population":152}},{"type":"Feature","id":1481,"geometry":{"type":"Polygon","coordinates":[[[-122.27202,47.55825],[-122.27438,47.55804],[-122.27563,47.55922],[-122.27454,47.56062],[-122.27218,47.56083],[-122.27093,47.55965],[-122.27202,47.55825]]]},"properties":{"zone":3,"cell_type":"total isolation","proximity":1300.4,"opportunity":5022.7,"population":261}},{"type":"Feature","id":1482,"geometry":{"type":"Polygon","coordinates":[[[-122.3239,47.55643],[-122.3239,47.55643],[-122.32383,47.55644],[-122.32383,47.55644],[-122.3239,47.55643]]]},"properties":{"zone":3,"cell_type":"total isolation","proximity":1441.1,"opportunity":6398.9,"population":2}},{"type":"Feature","id":1483,"geometry":{"type":"Polygon","coordinates":[[[-122.29817,47.5429],[-122.30072,47.54268],[-122.30209,47.54397],[-122.30092,47.54549],[-122.29837,47.54571],[-122.29699,47.54442],[-122.29817,47.5429]]]},"properties":{"zone":3,"cell_type":"total isolation","proximity":1384.1,"opportunity":5743.3,"population":388}},{"type":"Feature","id":1484,"geometry":{"type":"Polygon","coordinates":[[[-122.29715,47.62983],[-122.29867,47.6297],[-122.29938,47.63037],[-122.2987,47.63125],[-122.29718,47.63138],[-122.29647,47.63071],[-122.29715,47.62983]]]},"properties":{"zone":1,"cell_type":"spatial isolation","proximity":3385.4,"opportunity":6906.2,"population":44}},{"type":"Feature","id":1485,"geometry":{"type":"Polygon","coordinates":[[[-122.34107,47.70292],[-122.34348,47.7027],[-122.34476,47.7039],[-122.34365,47.70533],[-122.34125,47.70554],[-122.33997,47.70434],[-122.34107,47.70292]]]},"properties":{"zone":0,"cell_type":"inclusion","proximity":3005.5,"opportunity":9756.9,"population":285}},{"type":"Feature","id":1486,"geometry":{"type":"Polygon","coordinates":[[[-122.35048,47.67188],[-122.35303,47.67165],[-122.35439,47.67294],[-122.35322,47.67445],[-122.35068,47.67467],[-122.34931,47.67339],[-122.35048,47.67188]]]},"properties":{"zone":0,"cell_type":"inclusion","proximity":4047,"opportunity":9750.9,"population":379}},{"type":"Feature","id":1487,"geometry":{"type":"Polygon","coordinates":[[[-122.31277,47.58328],[-122.31536,47.58305],[-122.31676,47.58436],[-122.31557,47.58591],[-122.31298,47.58613],[-122.31158,47.58482],[-122.31277,47.58328]]]},"properties":{"zone":0,"cell_type":"inclusion","proximity":3071.5,"opportunity":8890.9,"population":474}},{"type":"Feature","id":1488,"geometry":{"type":"Polygon","coordinates":[[[-122.36559,47.66478],[-122.36818,47.66455],[-122.36958,47.66586],[-122.36839,47.6674],[-122.36579,47.66763],[-122.36439,47.66632],[-122.36559,47.66478]]]},"properties":{"zone":0,"cell_type":"inclusion","proximity":3926.7,"opportunity":9552.8,"population":547}},{"type":"Feature","id":1489,"geometry":{"type":"Polygon","coordinates":[[[-122.2776,47.63806],[-122.2802,47.63784],[-122.28159,47.63915],[-122.2804,47.64069],[-122.27781,47.64092],[-122.27641,47.6396],[-122.2776,47.63806]]]},"properties":{"zone":3,"cell_type":"total isolation","proximity":1816.5,"opportunity":4962.1,"population":491}},{"type":"Feature","id":1490,"geometry":{"type":"Polygon","coordinates":[[[-122.34714,47.62621],[-122.34973,47.62599],[-122.35113,47.6273],[-122.34994,47.62884],[-122.34735,47.62907],[-122.34595,47.62775],[-122.34714,47.62621]]]},"properties":{"zone":0,"cell_type":"inclusion","proximity":4751.9,"opportunity":10521,"population":896}},{"type":"Feature","id":1491,"geometry":{"type":"Polygon","coordinates":[[[-122.392,47.70015],[-122.39392,47.69998],[-122.39489,47.70089],[-122.39402,47.70202],[-122.3921,47.70219],[-122.39113,47.70128],[-122.392,47.70015]]]},"properties":{"zone":3,"cell_type":"total isolation","proximity":1540.8,"opportunity":600.8,"population":104}},{"type":"Feature","id":1492,"geometry":{"type":"Polygon","coordinates":[[[-122.31878,47.66608],[-122.3213,47.66586],[-122.32265,47.66712],[-122.32149,47.66861],[-122.31897,47.66884],[-122.31762,47.66757],[-122.31878,47.66608]]]},"properties":{"zone":0,"cell_type":"inclusion","proximity":4646.7,"opportunity":9507.9,"population":358}},{"type":"Feature","id":1493,"geometry":{"type":"Polygon","coordinates":[[[-122.26628,47.53418],[-122.26885,47.53395],[-122.27023,47.53526],[-122.26905,47.53679],[-122.26648,47.53701],[-122.26509,47.53571],[-122.26628,47.53418]]]},"properties":{"zone":3,"cell_type":"total isolation","proximity":956.8,"opportunity":5020.6,"population":404}},{"type":"Feature","id":1494,"geometry":{"type":"Polygon","coordinates":[[[-122.3228,47.614],[-122.32539,47.61377],[-122.32679,47.61508],[-122.3256,47.61662],[-122.32301,47.61685],[-122.32161,47.61554],[-122.3228,47.614]]]},"properties":{"zone":0,"cell_type":"inclusion","proximity":5837.7,"opportunity":12508,"population":1231}},{"type":"Feature","id":1495,"geometry":{"type":"Polygon","coordinates":[[[-122.37608,47.69851],[-122.37828,47.69832],[-122.37944,47.6994],[-122.37843,47.7007],[-122.37622,47.7009],[-122.37506,47.69982],[-122.37608,47.69851]]]},"properties":{"zone":3,"cell_type":"total isolation","proximity":2299.1,"opportunity":6198.3,"population":189}},{"type":"Feature","id":1496,"geometry":{"type":"Polygon","coordinates":[[[-122.33669,47.57111],[-122.33668,47.57112],[-122.3366,47.57113],[-122.33661,47.57112],[-122.33669,47.57111]]]},"properties":{"zone":3,"cell_type":"total isolation","proximity":2125.5,"opportunity":7665.6,"population":3}},{"type":"Feature","id":1497,"geometry":{"type":"Polygon","coordinates":[[[-122.32548,47.7016],[-122.32759,47.70141],[-122.32869,47.70244],[-122.32772,47.70369],[-122.32561,47.70387],[-122.32451,47.70285],[-122.32548,47.7016]]]},"properties":{"zone":0,"cell_type":"inclusion","proximity":3069.8,"opportunity":11510.3,"population":155}},{"type":"Feature","id":1498,"geometry":{"type":"Polygon","coordinates":[[[-122.31467,47.71803],[-122.31726,47.7178],[-122.31866,47.71911],[-122.31747,47.72065],[-122.31487,47.72088],[-122.31347,47.71957],[-122.31467,47.71803]]]},"properties":{"zone":3,"cell_type":"total isolation","proximity":2114.2,"opportunity":7327.1,"population":547}},{"type":"Feature","id":1499,"geometry":{"type":"Polygon","coordinates":[[[-122.31827,47.53249],[-122.31827,47.53249],[-122.3182,47.5325],[-122.3182,47.5325],[-122.31827,47.53249]]]},"properties":{"zone":3,"cell_type":"total isolation","proximity":656.8,"opportunity":3949.1,"population":2}},{"type":"Feature","id":1500,"geometry":{"type":"Polygon","coordinates":[[[-122.28756,47.61282],[-122.29009,47.6126],[-122.29144,47.61387],[-122.29028,47.61537],[-122.28776,47.61559],[-122.2864,47.61432],[-122.28756,47.61282]]]},"properties":{"zone":0,"cell_type":"inclusion","proximity":3179.7,"opportunity":7928.4,"population":366}},{"type":"Feature","id":1501,"geometry":{"type":"Polygon","coordinates":[[[-122.37253,47.65268],[-122.37512,47.65245],[-122.37652,47.65377],[-122.37533,47.65531],[-122.37274,47.65554],[-122.37134,47.65422],[-122.37253,47.65268]]]},"properties":{"zone":0,"cell_type":"inclusion","proximity":3322.4,"opportunity":8273.2,"population":552}},{"type":"Feature","id":1502,"geometry":{"type":"Polygon","coordinates":[[[-122.28307,47.71235],[-122.28542,47.71214],[-122.28666,47.71331],[-122.28558,47.7147],[-122.28323,47.7149],[-122.28199,47.71374],[-122.28307,47.71235]]]},"properties":{"zone":3,"cell_type":"total isolation","proximity":1568.3,"opportunity":5462.4,"population":253}},{"type":"Feature","id":1503,"geometry":{"type":"Polygon","coordinates":[[[-122.37901,47.68798],[-122.3816,47.68775],[-122.383,47.68906],[-122.38181,47.6906],[-122.37922,47.69083],[-122.37782,47.68952],[-122.37901,47.68798]]]},"properties":{"zone":2,"cell_type":"social isolation","proximity":2728.4,"opportunity":8531.4,"population":476}},{"type":"Feature","id":1504,"geometry":{"type":"Polygon","coordinates":[[[-122.35064,47.72781],[-122.35317,47.72758],[-122.35453,47.72886],[-122.35337,47.73036],[-122.35084,47.73058],[-122.34948,47.72931],[-122.35064,47.72781]]]},"properties":{"zone":3,"cell_type":"total isolation","proximity":1461.4,"opportunity":5696.8,"population":369}},{"type":"Feature","id":1505,"geometry":{"type":"Polygon","coordinates":[[[-122.34339,47.55887],[-122.34391,47.55882],[-122.34398,47.55889],[-122.34377,47.55916],[-122.34326,47.55921],[-122.34318,47.55914],[-122.34339,47.55887]]]},"properties":{"zone":3,"cell_type":"total isolation","proximity":1361.8,"opportunity":884,"population":6}},{"type":"Feature","id":1506,"geometry":{"type":"Polygon","coordinates":[[[-122.33235,47.68944],[-122.3346,47.68924],[-122.33578,47.69034],[-122.33475,47.69167],[-122.3325,47.69187],[-122.33132,47.69077],[-122.33235,47.68944]]]},"properties":{"zone":0,"cell_type":"inclusion","proximity":3644,"opportunity":9783.8,"population":205}},{"type":"Feature","id":1507,"geometry":{"type":"Polygon","coordinates":[[[-122.29448,47.60068],[-122.29707,47.60046],[-122.29846,47.60177],[-122.29727,47.60331],[-122.29468,47.60354],[-122.29328,47.60222],[-122.29448,47.60068]]]},"properties":{"zone":0,"cell_type":"inclusion","proximity":3358.4,"opportunity":8668.9,"population":525}},{"type":"Feature","id":1508,"geometry":{"type":"Polygon","coordinates":[[[-122.34729,47.68217],[-122.34988,47.68194],[-122.35128,47.68326],[-122.35009,47.6848],[-122.3475,47.68502],[-122.3461,47.68371],[-122.34729,47.68217]]]},"properties":{"zone":0,"cell_type":"inclusion","proximity":3808.6,"opportunity":9235.7,"population":546}},{"type":"Feature","id":1509,"geometry":{"type":"Polygon","coordinates":[[[-122.28722,47.66306],[-122.28981,47.66283],[-122.29121,47.66414],[-122.29002,47.66568],[-122.28743,47.66591],[-122.28603,47.6646],[-122.28722,47.66306]]]},"properties":{"zone":0,"cell_type":"inclusion","proximity":3215.7,"opportunity":7909.5,"population":426}},{"type":"Feature","id":1510,"geometry":{"type":"Polygon","coordinates":[[[-122.35703,47.65145],[-122.35919,47.65126],[-122.36031,47.65231],[-122.35932,47.65358],[-122.35717,47.65377],[-122.35605,47.65272],[-122.35703,47.65145]]]},"properties":{"zone":0,"cell_type":"inclusion","proximity":4129.9,"opportunity":10254.9,"population":169}},{"type":"Feature","id":1511,"geometry":{"type":"Polygon","coordinates":[[[-122.30058,47.68357],[-122.30291,47.68336],[-122.30415,47.68452],[-122.30308,47.6859],[-122.30074,47.68611],[-122.2995,47.68495],[-122.30058,47.68357]]]},"properties":{"zone":0,"cell_type":"inclusion","proximity":3281.6,"opportunity":8857.1,"population":247}},{"type":"Feature","id":1512,"geometry":{"type":"Polygon","coordinates":[[[-122.38196,47.67481],[-122.38455,47.67458],[-122.38595,47.67589],[-122.38476,47.67743],[-122.38217,47.67766],[-122.38077,47.67635],[-122.38196,47.67481]]]},"properties":{"zone":1,"cell_type":"spatial isolation","proximity":3092.7,"opportunity":7875.6,"population":432}},{"type":"Feature","id":1513,"geometry":{"type":"Polygon","coordinates":[[[-122.3577,47.71583],[-122.36004,47.71562],[-122.36129,47.71678],[-122.36021,47.71817],[-122.35786,47.71838],[-122.35662,47.71722],[-122.3577,47.71583]]]},"properties":{"zone":3,"cell_type":"total isolation","proximity":1877.7,"opportunity":6609.2,"population":252}},{"type":"Feature","id":1514,"geometry":{"type":"Polygon","coordinates":[[[-122.31696,47.58722],[-122.31955,47.58699],[-122.32095,47.58831],[-122.31976,47.58985],[-122.31717,47.59007],[-122.31577,47.58876],[-122.31696,47.58722]]]},"properties":{"zone":0,"cell_type":"inclusion","proximity":3309.6,"opportunity":8945.4,"population":742}},{"type":"Feature","id":1515,"geometry":{"type":"Polygon","coordinates":[[[-122.38217,47.67766],[-122.38476,47.67743],[-122.38616,47.67874],[-122.38497,47.68028],[-122.38238,47.68051],[-122.38098,47.6792],[-122.38217,47.67766]]]},"properties":{"zone":1,"cell_type":"spatial isolation","proximity":2965.2,"opportunity":7712.5,"population":420}},{"type":"Feature","id":1516,"geometry":{"type":"Polygon","coordinates":[[[-122.28013,47.67236],[-122.2826,47.67215],[-122.28392,47.67339],[-122.28279,47.67485],[-122.28032,47.67507],[-122.279,47.67383],[-122.28013,47.67236]]]},"properties":{"zone":3,"cell_type":"total isolation","proximity":2508.9,"opportunity":7642.8,"population":325}},{"type":"Feature","id":1517,"geometry":{"type":"Polygon","coordinates":[[[-122.3123,47.62808],[-122.3145,47.62789],[-122.31565,47.62897],[-122.31464,47.63027],[-122.31244,47.63047],[-122.31129,47.62938],[-122.3123,47.62808]]]},"properties":{"zone":0,"cell_type":"inclusion","proximity":4387.9,"opportunity":8252.9,"population":188}},{"type":"Feature","id":1518,"geometry":{"type":"Polygon","coordinates":[[[-122.33807,47.6629],[-122.34066,47.66267],[-122.34206,47.66398],[-122.34087,47.66552],[-122.33828,47.66575],[-122.33688,47.66444],[-122.33807,47.6629]]]},"properties":{"zone":0,"cell_type":"inclusion","proximity":4580.2,"opportunity":10088.2,"population":427}},{"type":"Feature","id":1519,"geometry":{"type":"Polygon","coordinates":[[[-122.30481,47.58112],[-122.30738,47.58089],[-122.30876,47.58219],[-122.30758,47.58372],[-122.30501,47.58394],[-122.30363,47.58264],[-122.30481,47.58112]]]},"properties":{"zone":2,"cell_type":"social isolation","proximity":2835.1,"opportunity":8705.2,"population":401}},{"type":"Feature","id":1520,"geometry":{"type":"Polygon","coordinates":[[[-122.3737,47.66707],[-122.37606,47.66687],[-122.37731,47.66804],[-122.37623,47.66943],[-122.37387,47.66964],[-122.37262,47.66847],[-122.3737,47.66707]]]},"properties":{"zone":0,"cell_type":"inclusion","proximity":3736,"opportunity":9266.6,"population":257}},{"type":"Feature","id":1521,"geometry":{"type":"Polygon","coordinates":[[[-122.36268,47.62484],[-122.36527,47.62462],[-122.36667,47.62593],[-122.36548,47.62747],[-122.36289,47.6277],[-122.36149,47.62638],[-122.36268,47.62484]]]},"properties":{"zone":0,"cell_type":"inclusion","proximity":3966.8,"opportunity":9334.6,"population":973}},{"type":"Feature","id":1522,"geometry":{"type":"Polygon","coordinates":[[[-122.30654,47.65725],[-122.30881,47.65705],[-122.31001,47.65818],[-122.30897,47.65952],[-122.30669,47.65972],[-122.3055,47.6586],[-122.30654,47.65725]]]},"properties":{"zone":0,"cell_type":"inclusion","proximity":4666.7,"opportunity":12001.9,"population":217}},{"type":"Feature","id":1523,"geometry":{"type":"Polygon","coordinates":[[[-122.2818,47.53281],[-122.28438,47.53258],[-122.28578,47.5339],[-122.28459,47.53544],[-122.282,47.53567],[-122.2806,47.53435],[-122.2818,47.53281]]]},"properties":{"zone":3,"cell_type":"total isolation","proximity":1081.9,"opportunity":5249,"population":667}},{"type":"Feature","id":1524,"geometry":{"type":"Polygon","coordinates":[[[-122.28067,47.56906],[-122.28291,47.56887],[-122.28408,47.56997],[-122.28306,47.5713],[-122.28082,47.57149],[-122.27965,47.57039],[-122.28067,47.56906]]]},"properties":{"zone":3,"cell_type":"total isolation","proximity":1648.6,"opportunity":5327.2,"population":202}},{"type":"Feature","id":1525,"geometry":{"type":"Polygon","coordinates":[[[-122.3193,47.61603],[-122.32141,47.61585],[-122.3225,47.61688],[-122.32154,47.61812],[-122.31943,47.61831],[-122.31833,47.61728],[-122.3193,47.61603]]]},"properties":{"zone":0,"cell_type":"inclusion","proximity":5669.2,"opportunity":13434.5,"population":155}},{"type":"Feature","id":1526,"geometry":{"type":"Polygon","coordinates":[[[-122.36794,47.69621],[-122.37041,47.69599],[-122.37173,47.69722],[-122.3706,47.69869],[-122.36813,47.6989],[-122.36681,47.69767],[-122.36794,47.69621]]]},"properties":{"zone":3,"cell_type":"total isolation","proximity":2672.2,"opportunity":7853.7,"population":324}},{"type":"Feature","id":1527,"geometry":{"type":"Polygon","coordinates":[[[-122.32158,47.70326],[-122.32389,47.70305],[-122.32511,47.7042],[-122.32405,47.70556],[-122.32174,47.70576],[-122.32052,47.70462],[-122.32158,47.70326]]]},"properties":{"zone":0,"cell_type":"inclusion","proximity":3014,"opportunity":10797.9,"population":232}},{"type":"Feature","id":1528,"geometry":{"type":"Polygon","coordinates":[[[-122.39992,47.65179],[-122.40235,47.65158],[-122.40365,47.65279],[-122.40254,47.65424],[-122.4001,47.65445],[-122.3988,47.65324],[-122.39992,47.65179]]]},"properties":{"zone":3,"cell_type":"total isolation","proximity":2032.2,"opportunity":4204.4,"population":303}},{"type":"Feature","id":1529,"geometry":{"type":"Polygon","coordinates":[[[-122.31812,47.65748],[-122.32071,47.65725],[-122.32211,47.65856],[-122.32092,47.6601],[-122.31832,47.66033],[-122.31693,47.65902],[-122.31812,47.65748]]]},"properties":{"zone":0,"cell_type":"inclusion","proximity":4915.4,"opportunity":12123.7,"population":1829}},{"type":"Feature","id":1530,"geometry":{"type":"Polygon","coordinates":[[[-122.28987,47.69745],[-122.29214,47.69725],[-122.29334,47.69838],[-122.2923,47.69972],[-122.29002,47.69992],[-122.28882,47.6988],[-122.28987,47.69745]]]},"properties":{"zone":3,"cell_type":"total isolation","proximity":2303.9,"opportunity":7033.6,"population":218}},{"type":"Feature","id":1531,"geometry":{"type":"Polygon","coordinates":[[[-122.2841,47.72395],[-122.28609,47.72377],[-122.2871,47.72473],[-122.2862,47.7259],[-122.2842,47.72607],[-122.28319,47.72512],[-122.2841,47.72395]]]},"properties":{"zone":3,"cell_type":"total isolation","proximity":1271.1,"opportunity":6040.4,"population":120}},{"type":"Feature","id":1532,"geometry":{"type":"Polygon","coordinates":[[[-122.28925,47.52119],[-122.29097,47.52104],[-122.29181,47.52183],[-122.29103,47.52284],[-122.28931,47.523],[-122.28846,47.5222],[-122.28925,47.52119]]]},"properties":{"zone":3,"cell_type":"total isolation","proximity":695.2,"opportunity":4440.3,"population":69}},{"type":"Feature","id":1533,"geometry":{"type":"Polygon","coordinates":[[[-122.34771,47.68787],[-122.3503,47.68765],[-122.3517,47.68896],[-122.3505,47.6905],[-122.34791,47.69072],[-122.34651,47.68941],[-122.34771,47.68787]]]},"properties":{"zone":0,"cell_type":"inclusion","proximity":3688.6,"opportunity":9531.3,"population":631}},{"type":"Feature","id":1534,"geometry":{"type":"Polygon","coordinates":[[[-122.28794,47.56259],[-122.29033,47.56238],[-122.2916,47.56357],[-122.2905,47.56499],[-122.28812,47.5652],[-122.28685,47.564],[-122.28794,47.56259]]]},"properties":{"zone":3,"cell_type":"total isolation","proximity":1885.8,"opportunity":6929.7,"population":276}},{"type":"Feature","id":1535,"geometry":{"type":"Polygon","coordinates":[[[-122.31441,47.60612],[-122.317,47.60589],[-122.3184,47.6072],[-122.31721,47.60874],[-122.31462,47.60897],[-122.31322,47.60766],[-122.31441,47.60612]]]},"properties":{"zone":0,"cell_type":"inclusion","proximity":5093.3,"opportunity":9865,"population":555}},{"type":"Feature","id":1536,"geometry":{"type":"Polygon","coordinates":[[[-122.35532,47.68439],[-122.35783,47.68417],[-122.35917,47.68542],[-122.35802,47.68691],[-122.35552,47.68713],[-122.35417,47.68587],[-122.35532,47.68439]]]},"properties":{"zone":0,"cell_type":"inclusion","proximity":3596.2,"opportunity":9359.2,"population":350}},{"type":"Feature","id":1537,"geometry":{"type":"Polygon","coordinates":[[[-122.27951,47.66114],[-122.28164,47.66095],[-122.28275,47.66199],[-122.28177,47.66326],[-122.27964,47.66344],[-122.27853,47.6624],[-122.27951,47.66114]]]},"properties":{"zone":3,"cell_type":"total isolation","proximity":2700.1,"opportunity":7257.1,"population":163}},{"type":"Feature","id":1538,"geometry":{"type":"Polygon","coordinates":[[[-122.34452,47.64237],[-122.3469,47.64216],[-122.34816,47.64334],[-122.34707,47.64475],[-122.34469,47.64496],[-122.34343,47.64378],[-122.34452,47.64237]]]},"properties":{"zone":0,"cell_type":"inclusion","proximity":4371.1,"opportunity":10334.2,"population":268}},{"type":"Feature","id":1539,"geometry":{"type":"Polygon","coordinates":[[[-122.31614,47.68221],[-122.31846,47.68201],[-122.31968,47.68316],[-122.31862,47.68453],[-122.3163,47.68473],[-122.31508,47.68358],[-122.31614,47.68221]]]},"properties":{"zone":0,"cell_type":"inclusion","proximity":4007.3,"opportunity":10329.9,"population":238}},{"type":"Feature","id":1540,"geometry":{"type":"Polygon","coordinates":[[[-122.26371,47.55042],[-122.26595,47.55023],[-122.26712,47.55133],[-122.26609,47.55266],[-122.26385,47.55285],[-122.26268,47.55175],[-122.26371,47.55042]]]},"properties":{"zone":3,"cell_type":"total isolation","proximity":1051,"opportunity":4948.1,"population":202}},{"type":"Feature","id":1541,"geometry":{"type":"Polygon","coordinates":[[[-122.40737,47.64549],[-122.40963,47.64529],[-122.41083,47.64641],[-122.40979,47.64775],[-122.40752,47.64795],[-122.40633,47.64684],[-122.40737,47.64549]]]},"properties":{"zone":3,"cell_type":"total isolation","proximity":1595.8,"opportunity":2974.8,"population":214}},{"type":"Feature","id":1542,"geometry":{"type":"Polygon","coordinates":[[[-122.29014,47.59394],[-122.29263,47.59372],[-122.29396,47.59498],[-122.29282,47.59646],[-122.29032,47.59668],[-122.28899,47.59542],[-122.29014,47.59394]]]},"properties":{"zone":3,"cell_type":"total isolation","proximity":2691.5,"opportunity":7351.4,"population":343}},{"type":"Feature","id":1543,"geometry":{"type":"Polygon","coordinates":[[[-122.32604,47.59046],[-122.32673,47.59039],[-122.32693,47.59057],[-122.32663,47.59096],[-122.32593,47.59102],[-122.32574,47.59084],[-122.32604,47.59046]]]},"properties":{"zone":0,"cell_type":"inclusion","proximity":3847,"opportunity":12275.9,"population":8}},{"type":"Feature","id":1544,"geometry":{"type":"Polygon","coordinates":[[[-122.31467,47.5478],[-122.31625,47.54767],[-122.317,47.54837],[-122.31629,47.54929],[-122.31471,47.54943],[-122.31396,47.54873],[-122.31467,47.5478]]]},"properties":{"zone":3,"cell_type":"total isolation","proximity":1502.6,"opportunity":6758.9,"population":51}},{"type":"Feature","id":1545,"geometry":{"type":"Polygon","coordinates":[[[-122.35751,47.71299],[-122.35982,47.71279],[-122.36105,47.71393],[-122.35999,47.71531],[-122.35767,47.71551],[-122.35644,47.71436],[-122.35751,47.71299]]]},"properties":{"zone":3,"cell_type":"total isolation","proximity":2026.8,"opportunity":6616.8,"population":237}},{"type":"Feature","id":1546,"geometry":{"type":"Polygon","coordinates":[[[-122.38426,47.63442],[-122.38426,47.63442],[-122.3842,47.63443],[-122.3842,47.63443],[-122.38426,47.63442]]]},"properties":{"zone":2,"cell_type":"social isolation","proximity":2567.5,"opportunity":8909,"population":0}},{"type":"Feature","id":1547,"geometry":{"type":"Polygon","coordinates":[[[-122.33944,47.62696],[-122.34192,47.62674],[-122.34325,47.62799],[-122.34211,47.62946],[-122.33963,47.62968],[-122.3383,47.62843],[-122.33944,47.62696]]]},"properties":{"zone":0,"cell_type":"inclusion","proximity":5053.8,"opportunity":10967,"population":334}},{"type":"Feature","id":1548,"geometry":{"type":"Polygon","coordinates":[[[-122.38155,47.66911],[-122.38414,47.66888],[-122.38554,47.67019],[-122.38435,47.67173],[-122.38175,47.67196],[-122.38036,47.67065],[-122.38155,47.66911]]]},"properties":{"zone":0,"cell_type":"inclusion","proximity":3379.8,"opportunity":8956.3,"population":673}},{"type":"Feature","id":1549,"geometry":{"type":"Polygon","coordinates":[[[-122.28117,47.52156],[-122.28343,47.52136],[-122.28462,47.52248],[-122.28358,47.52383],[-122.28132,47.52403],[-122.28013,47.52291],[-122.28117,47.52156]]]},"properties":{"zone":3,"cell_type":"total isolation","proximity":790.1,"opportunity":6523.3,"population":214}},{"type":"Feature","id":1550,"geometry":{"type":"Polygon","coordinates":[[[-122.29194,47.72863],[-122.29453,47.7284],[-122.29593,47.72971],[-122.29474,47.73125],[-122.29214,47.73148],[-122.29074,47.73017],[-122.29194,47.72863]]]},"properties":{"zone":3,"cell_type":"total isolation","proximity":1268.6,"opportunity":6324.7,"population":756}},{"type":"Feature","id":1551,"geometry":{"type":"Polygon","coordinates":[[[-122.28101,47.68383],[-122.28337,47.68363],[-122.28463,47.6848],[-122.28354,47.6862],[-122.28118,47.6864],[-122.27993,47.68523],[-122.28101,47.68383]]]},"properties":{"zone":3,"cell_type":"total isolation","proximity":2257.9,"opportunity":5724.2,"population":259}},{"type":"Feature","id":1552,"geometry":{"type":"Polygon","coordinates":[[[-122.33084,47.72256],[-122.33309,47.72236],[-122.33426,47.72346],[-122.33323,47.72479],[-122.33099,47.72498],[-122.32981,47.72388],[-122.33084,47.72256]]]},"properties":{"zone":3,"cell_type":"total isolation","proximity":1895.1,"opportunity":6655.5,"population":202}},{"type":"Feature","id":1553,"geometry":{"type":"Polygon","coordinates":[[[-122.29386,47.59212],[-122.29645,47.59189],[-122.29785,47.59321],[-122.29666,47.59475],[-122.29407,47.59497],[-122.29267,47.59366],[-122.29386,47.59212]]]},"properties":{"zone":2,"cell_type":"social isolation","proximity":2860.5,"opportunity":7995.3,"population":625}},{"type":"Feature","id":1554,"geometry":{"type":"Polygon","coordinates":[[[-122.36123,47.65804],[-122.36374,47.65782],[-122.36508,47.65908],[-122.36393,47.66057],[-122.36142,47.66079],[-122.36008,47.65953],[-122.36123,47.65804]]]},"properties":{"zone":0,"cell_type":"inclusion","proximity":4003.2,"opportunity":9417.7,"population":352}},{"type":"Feature","id":1555,"geometry":{"type":"Polygon","coordinates":[[[-122.37156,47.62788],[-122.3726,47.62779],[-122.37302,47.62817],[-122.37256,47.62877],[-122.37151,47.62886],[-122.3711,47.62847],[-122.37156,47.62788]]]},"properties":{"zone":0,"cell_type":"inclusion","proximity":3443.3,"opportunity":10249.4,"population":17}},{"type":"Feature","id":1556,"geometry":{"type":"Polygon","coordinates":[[[-122.31433,47.65924],[-122.31693,47.65902],[-122.31832,47.66033],[-122.31713,47.66187],[-122.31454,47.6621],[-122.31314,47.66078],[-122.31433,47.65924]]]},"properties":{"zone":0,"cell_type":"inclusion","proximity":4834.1,"opportunity":13528.5,"population":524}},{"type":"Feature","id":1557,"geometry":{"type":"Polygon","coordinates":[[[-122.33916,47.62138],[-122.34141,47.62118],[-122.34259,47.62229],[-122.34156,47.62363],[-122.33931,47.62383],[-122.33813,47.62272],[-122.33916,47.62138]]]},"properties":{"zone":0,"cell_type":"inclusion","proximity":5602.1,"opportunity":12388.9,"population":208}},{"type":"Feature","id":1558,"geometry":{"type":"Polygon","coordinates":[[[-122.35699,47.7072],[-122.35948,47.70698],[-122.36082,47.70823],[-122.35967,47.7097],[-122.35718,47.70992],[-122.35585,47.70867],[-122.35699,47.7072]]]},"properties":{"zone":3,"cell_type":"total isolation","proximity":2382.1,"opportunity":7354.1,"population":340}},{"type":"Feature","id":1559,"geometry":{"type":"Polygon","coordinates":[[[-122.33228,47.56432],[-122.33228,47.56432],[-122.33221,47.56433],[-122.33221,47.56433],[-122.33228,47.56432]]]},"properties":{"zone":3,"cell_type":"total isolation","proximity":1625.8,"opportunity":6651,"population":0}},{"type":"Feature","id":1560,"geometry":{"type":"Polygon","coordinates":[[[-122.31351,47.701],[-122.31597,47.70079],[-122.31728,47.70202],[-122.31615,47.70348],[-122.31369,47.7037],[-122.31237,47.70246],[-122.31351,47.701]]]},"properties":{"zone":0,"cell_type":"inclusion","proximity":2945,"opportunity":8643.9,"population":320}},{"type":"Feature","id":1561,"geometry":{"type":"Polygon","coordinates":[[[-122.29576,47.7269],[-122.29829,47.72668],[-122.29965,47.72795],[-122.29849,47.72945],[-122.29596,47.72967],[-122.2946,47.7284],[-122.29576,47.7269]]]},"properties":{"zone":3,"cell_type":"total isolation","proximity":1413.3,"opportunity":6207.1,"population":369}},{"type":"Feature","id":1562,"geometry":{"type":"Polygon","coordinates":[[[-122.39623,47.65365],[-122.3985,47.65345],[-122.3997,47.65457],[-122.39866,47.65592],[-122.39639,47.65612],[-122.39519,47.655],[-122.39623,47.65365]]]},"properties":{"zone":3,"cell_type":"total isolation","proximity":2151.2,"opportunity":5069.8,"population":216}},{"type":"Feature","id":1563,"geometry":{"type":"Polygon","coordinates":[[[-122.34543,47.65651],[-122.34802,47.65628],[-122.34942,47.65759],[-122.34823,47.65913],[-122.34564,47.65936],[-122.34424,47.65805],[-122.34543,47.65651]]]},"properties":{"zone":0,"cell_type":"inclusion","proximity":4592.9,"opportunity":10792.7,"population":525}},{"type":"Feature","id":1564,"geometry":{"type":"Polygon","coordinates":[[[-122.26781,47.4983],[-122.27004,47.4981],[-122.2712,47.49921],[-122.27018,47.50053],[-122.26795,47.50072],[-122.26679,47.49962],[-122.26781,47.4983]]]},"properties":{"zone":3,"cell_type":"total isolation","proximity":308.9,"opportunity":3345.4,"population":198}},{"type":"Feature","id":1565,"geometry":{"type":"Polygon","coordinates":[[[-122.28926,47.68891],[-122.29152,47.68871],[-122.29271,47.68983],[-122.29167,47.69116],[-122.28941,47.69136],[-122.28822,47.69025],[-122.28926,47.68891]]]},"properties":{"zone":3,"cell_type":"total isolation","proximity":2550.2,"opportunity":7017.7,"population":212}},{"type":"Feature","id":1566,"geometry":{"type":"Polygon","coordinates":[[[-122.28057,47.72597],[-122.28211,47.72583],[-122.28284,47.72651],[-122.28215,47.72741],[-122.2806,47.72755],[-122.27987,47.72686],[-122.28057,47.72597]]]},"properties":{"zone":3,"cell_type":"total isolation","proximity":954.2,"opportunity":4.9,"population":47}},{"type":"Feature","id":1567,"geometry":{"type":"Polygon","coordinates":[[[-122.39543,47.69539],[-122.3976,47.6952],[-122.39873,47.69626],[-122.39774,47.69754],[-122.39557,47.69773],[-122.39444,47.69667],[-122.39543,47.69539]]]},"properties":{"zone":3,"cell_type":"total isolation","proximity":1553.8,"opportunity":4788,"population":174}},{"type":"Feature","id":1568,"geometry":{"type":"Polygon","coordinates":[[[-122.33902,47.72756],[-122.34129,47.72736],[-122.34248,47.72847],[-122.34144,47.72981],[-122.33918,47.73001],[-122.33799,47.7289],[-122.33902,47.72756]]]},"properties":{"zone":3,"cell_type":"total isolation","proximity":1634.8,"opportunity":5912.2,"population":211}},{"type":"Feature","id":1569,"geometry":{"type":"Polygon","coordinates":[[[-122.31528,47.56168],[-122.31758,47.56148],[-122.3188,47.56262],[-122.31774,47.56399],[-122.31544,47.56419],[-122.31422,47.56304],[-122.31528,47.56168]]]},"properties":{"zone":3,"cell_type":"total isolation","proximity":1865.1,"opportunity":7074.4,"population":231}},{"type":"Feature","id":1570,"geometry":{"type":"Polygon","coordinates":[[[-122.30206,47.59716],[-122.30462,47.59694],[-122.306,47.59824],[-122.30482,47.59976],[-122.30226,47.59999],[-122.30087,47.59869],[-122.30206,47.59716]]]},"properties":{"zone":0,"cell_type":"inclusion","proximity":3758.4,"opportunity":9025.5,"population":400}},{"type":"Feature","id":1571,"geometry":{"type":"Polygon","coordinates":[[[-122.37097,47.6831],[-122.37331,47.6829],[-122.37455,47.68406],[-122.37348,47.68545],[-122.37113,47.68566],[-122.36989,47.68449],[-122.37097,47.6831]]]},"properties":{"zone":1,"cell_type":"spatial isolation","proximity":3133.5,"opportunity":7516,"population":252}},{"type":"Feature","id":1572,"geometry":{"type":"Polygon","coordinates":[[[-122.3524,47.64444],[-122.35495,47.64422],[-122.35631,47.6455],[-122.35514,47.64701],[-122.3526,47.64724],[-122.35123,47.64595],[-122.3524,47.64444]]]},"properties":{"zone":0,"cell_type":"inclusion","proximity":4236,"opportunity":10039.2,"population":381}},{"type":"Feature","id":1573,"geometry":{"type":"Polygon","coordinates":[[[-122.32418,47.68444],[-122.3264,47.68424],[-122.32756,47.68533],[-122.32654,47.68664],[-122.32433,47.68683],[-122.32317,47.68575],[-122.32418,47.68444]]]},"properties":{"zone":0,"cell_type":"inclusion","proximity":3897.6,"opportunity":8216.9,"population":192}},{"type":"Feature","id":1574,"geometry":{"type":"Polygon","coordinates":[[[-122.40683,47.63702],[-122.40894,47.63684],[-122.41004,47.63786],[-122.40907,47.63911],[-122.40696,47.6393],[-122.40587,47.63827],[-122.40683,47.63702]]]},"properties":{"zone":3,"cell_type":"total isolation","proximity":1698.9,"opportunity":4954.7,"population":155}},{"type":"Feature","id":1575,"geometry":{"type":"Polygon","coordinates":[[[-122.28636,47.59571],[-122.28884,47.5955],[-122.29017,47.59675],[-122.28903,47.59822],[-122.28655,47.59844],[-122.28522,47.59719],[-122.28636,47.59571]]]},"properties":{"zone":3,"cell_type":"total isolation","proximity":2534.1,"opportunity":6875.1,"population":337}},{"type":"Feature","id":1576,"geometry":{"type":"Polygon","coordinates":[[[-122.32067,47.63859],[-122.32326,47.63837],[-122.32466,47.63968],[-122.32346,47.64122],[-122.32087,47.64145],[-122.31947,47.64013],[-122.32067,47.63859]]]},"properties":{"zone":0,"cell_type":"inclusion","proximity":4215.2,"opportunity":8461.5,"population":432}},{"type":"Feature","id":1577,"geometry":{"type":"Polygon","coordinates":[[[-122.36555,47.71257],[-122.36741,47.7124],[-122.36833,47.71327],[-122.36749,47.71436],[-122.36564,47.71452],[-122.36471,47.71365],[-122.36555,47.71257]]]},"properties":{"zone":3,"cell_type":"total isolation","proximity":1703,"opportunity":4254.6,"population":90}},{"type":"Feature","id":1578,"geometry":{"type":"Polygon","coordinates":[[[-122.32249,47.54983],[-122.32433,47.54967],[-122.32525,47.55053],[-122.32441,47.55162],[-122.32257,47.55178],[-122.32165,47.55091],[-122.32249,47.54983]]]},"properties":{"zone":3,"cell_type":"total isolation","proximity":1515.7,"opportunity":7038,"population":88}},{"type":"Feature","id":1579,"geometry":{"type":"Polygon","coordinates":[[[-122.37776,47.67087],[-122.38036,47.67065],[-122.38175,47.67196],[-122.38056,47.6735],[-122.37797,47.67373],[-122.37657,47.67241],[-122.37776,47.67087]]]},"properties":{"zone":0,"cell_type":"inclusion","proximity":3464.5,"opportunity":8403.5,"population":806}},{"type":"Feature","id":1580,"geometry":{"type":"Polygon","coordinates":[[[-122.27745,47.52339],[-122.27961,47.5232],[-122.28074,47.52426],[-122.27974,47.52554],[-122.27758,47.52573],[-122.27645,47.52467],[-122.27745,47.52339]]]},"properties":{"zone":3,"cell_type":"total isolation","proximity":872.4,"opportunity":6612.9,"population":174}},{"type":"Feature","id":1581,"geometry":{"type":"Polygon","coordinates":[[[-122.28828,47.73052],[-122.29065,47.73032],[-122.2919,47.73149],[-122.29082,47.73289],[-122.28845,47.7331],[-122.2872,47.73192],[-122.28828,47.73052]]]},"properties":{"zone":3,"cell_type":"total isolation","proximity":1128.8,"opportunity":6091.7,"population":261}},{"type":"Feature","id":1582,"geometry":{"type":"Polygon","coordinates":[[[-122.29038,47.54356],[-122.29297,47.54334],[-122.29436,47.54465],[-122.29317,47.54619],[-122.29058,47.54642],[-122.28919,47.5451],[-122.29038,47.54356]]]},"properties":{"zone":3,"cell_type":"total isolation","proximity":1400.2,"opportunity":5113.2,"population":436}},{"type":"Feature","id":1583,"geometry":{"type":"Polygon","coordinates":[[[-122.27744,47.68581],[-122.27943,47.68564],[-122.28044,47.68658],[-122.27954,47.68775],[-122.27755,47.68793],[-122.27654,47.68698],[-122.27744,47.68581]]]},"properties":{"zone":3,"cell_type":"total isolation","proximity":2127.1,"opportunity":4386.2,"population":118}},{"type":"Feature","id":1584,"geometry":{"type":"Polygon","coordinates":[[[-122.30039,47.62754],[-122.30284,47.62732],[-122.30415,47.62855],[-122.30302,47.63001],[-122.30057,47.63022],[-122.29927,47.62899],[-122.30039,47.62754]]]},"properties":{"zone":0,"cell_type":"inclusion","proximity":4006,"opportunity":9574.1,"population":313}},{"type":"Feature","id":1585,"geometry":{"type":"Polygon","coordinates":[[[-122.33035,47.71414],[-122.33237,47.71396],[-122.3334,47.71493],[-122.33248,47.71611],[-122.33047,47.71629],[-122.32943,47.71532],[-122.33035,47.71414]]]},"properties":{"zone":3,"cell_type":"total isolation","proximity":2326.2,"opportunity":7207.8,"population":126}},{"type":"Feature","id":1586,"geometry":{"type":"Polygon","coordinates":[[[-122.32778,47.68249],[-122.33032,47.68227],[-122.33168,47.68355],[-122.33051,47.68505],[-122.32798,47.68527],[-122.32662,47.684],[-122.32778,47.68249]]]},"properties":{"zone":0,"cell_type":"inclusion","proximity":4032.7,"opportunity":8822.4,"population":373}},{"type":"Feature","id":1587,"geometry":{"type":"Polygon","coordinates":[[[-122.30203,47.59448],[-122.30429,47.59428],[-122.30548,47.5954],[-122.30444,47.59674],[-122.30218,47.59694],[-122.30099,47.59582],[-122.30203,47.59448]]]},"properties":{"zone":0,"cell_type":"inclusion","proximity":3515.8,"opportunity":8983.8,"population":213}},{"type":"Feature","id":1588,"geometry":{"type":"Polygon","coordinates":[[[-122.35847,47.61824],[-122.36073,47.61804],[-122.36192,47.61915],[-122.36089,47.62049],[-122.35862,47.62069],[-122.35743,47.61958],[-122.35847,47.61824]]]},"properties":{"zone":0,"cell_type":"inclusion","proximity":4479.4,"opportunity":10946.1,"population":212}},{"type":"Feature","id":1589,"geometry":{"type":"Polygon","coordinates":[[[-122.30387,47.67071],[-122.30564,47.67056],[-122.30651,47.67138],[-122.30571,47.67241],[-122.30394,47.67257],[-122.30307,47.67175],[-122.30387,47.67071]]]},"properties":{"zone":0,"cell_type":"inclusion","proximity":3649.7,"opportunity":8588,"population":75}},{"type":"Feature","id":1590,"geometry":{"type":"Polygon","coordinates":[[[-122.27005,47.5324],[-122.27263,47.53217],[-122.27403,47.53349],[-122.27284,47.53503],[-122.27025,47.53526],[-122.26885,47.53394],[-122.27005,47.5324]]]},"properties":{"zone":3,"cell_type":"total isolation","proximity":949.8,"opportunity":5123.5,"population":515}},{"type":"Feature","id":1591,"geometry":{"type":"Polygon","coordinates":[[[-122.42121,47.65842],[-122.42121,47.65842],[-122.42114,47.65842],[-122.42114,47.65842],[-122.42121,47.65842]]]},"properties":{"zone":3,"cell_type":"total isolation","proximity":1210.4,"opportunity":2296.2,"population":0}},{"type":"Feature","id":1592,"geometry":{"type":"Polygon","coordinates":[[[-122.32658,47.61223],[-122.32917,47.612],[-122.33057,47.61331],[-122.32938,47.61485],[-122.32679,47.61508],[-122.32539,47.61377],[-122.32658,47.61223]]]},"properties":{"zone":0,"cell_type":"inclusion","proximity":6041.8,"opportunity":12532,"population":1528}},{"type":"Feature","id":1593,"geometry":{"type":"Polygon","coordinates":[[[-122.36561,47.70997],[-122.36701,47.70985],[-122.36765,47.71045],[-122.36702,47.71126],[-122.36562,47.71138],[-122.36498,47.71078],[-122.36561,47.70997]]]},"properties":{"zone":3,"cell_type":"total isolation","proximity":1814.6,"opportunity":4256,"population":35}},{"type":"Feature","id":1594,"geometry":{"type":"Polygon","coordinates":[[[-122.30258,47.71203],[-122.305,47.71182],[-122.30629,47.71302],[-122.30518,47.71445],[-122.30276,47.71467],[-122.30148,47.71346],[-122.30258,47.71203]]]},"properties":{"zone":3,"cell_type":"total isolation","proximity":2227.5,"opportunity":7272,"population":290}},{"type":"Feature","id":1595,"geometry":{"type":"Polygon","coordinates":[[[-122.30382,47.72913],[-122.30623,47.72892],[-122.30751,47.73012],[-122.30641,47.73155],[-122.304,47.73176],[-122.30271,47.73056],[-122.30382,47.72913]]]},"properties":{"zone":3,"cell_type":"total isolation","proximity":1358.5,"opportunity":4957.3,"population":287}},{"type":"Feature","id":1596,"geometry":{"type":"Polygon","coordinates":[[[-122.38807,47.65131],[-122.39066,47.65108],[-122.39206,47.65239],[-122.39087,47.65393],[-122.38828,47.65416],[-122.38688,47.65285],[-122.38807,47.65131]]]},"properties":{"zone":3,"cell_type":"total isolation","proximity":2372,"opportunity":5463.5,"population":981}},{"type":"Feature","id":1597,"geometry":{"type":"Polygon","coordinates":[[[-122.34165,47.65828],[-122.34424,47.65805],[-122.34564,47.65936],[-122.34444,47.6609],[-122.34185,47.66113],[-122.34045,47.65982],[-122.34165,47.65828]]]},"properties":{"zone":0,"cell_type":"inclusion","proximity":4617.1,"opportunity":11348.1,"population":817}},{"type":"Feature","id":1598,"geometry":{"type":"Polygon","coordinates":[[[-122.28535,47.69055],[-122.28783,47.69034],[-122.28915,47.69158],[-122.28801,47.69305],[-122.28553,47.69327],[-122.28421,47.69202],[-122.28535,47.69055]]]},"properties":{"zone":3,"cell_type":"total isolation","proximity":2272.8,"opportunity":6508.8,"population":332}},{"type":"Feature","id":1599,"geometry":{"type":"Polygon","coordinates":[[[-122.39461,47.68665],[-122.39712,47.68643],[-122.39846,47.68769],[-122.39731,47.68918],[-122.3948,47.6894],[-122.39345,47.68814],[-122.39461,47.68665]]]},"properties":{"zone":3,"cell_type":"total isolation","proximity":2029.5,"opportunity":5887.2,"population":355}},{"type":"Feature","id":1600,"geometry":{"type":"Polygon","coordinates":[[[-122.28714,47.66032],[-122.28952,47.66011],[-122.29079,47.6613],[-122.28969,47.66272],[-122.28731,47.66292],[-122.28604,47.66173],[-122.28714,47.66032]]]},"properties":{"zone":0,"cell_type":"inclusion","proximity":3417.4,"opportunity":11108.9,"population":274}},{"type":"Feature","id":1601,"geometry":{"type":"Polygon","coordinates":[[[-122.33595,47.68749],[-122.33852,47.68727],[-122.3399,47.68856],[-122.33872,47.69008],[-122.33616,47.69031],[-122.33477,47.68901],[-122.33595,47.68749]]]},"properties":{"zone":0,"cell_type":"inclusion","proximity":3796.8,"opportunity":10460.6,"population":397}},{"type":"Feature","id":1602,"geometry":{"type":"Polygon","coordinates":[[[-122.31155,47.5635],[-122.31376,47.5633],[-122.31492,47.56439],[-122.31391,47.56571],[-122.31169,47.5659],[-122.31053,47.56481],[-122.31155,47.5635]]]},"properties":{"zone":3,"cell_type":"total isolation","proximity":2019.6,"opportunity":7709.1,"population":193}},{"type":"Feature","id":1603,"geometry":{"type":"Polygon","coordinates":[[[-122.31002,47.59932],[-122.31261,47.59909],[-122.314,47.60041],[-122.31281,47.60195],[-122.31022,47.60218],[-122.30882,47.60086],[-122.31002,47.59932]]]},"properties":{"zone":0,"cell_type":"inclusion","proximity":4451.7,"opportunity":9936.2,"population":575}},{"type":"Feature","id":1604,"geometry":{"type":"Polygon","coordinates":[[[-122.36797,47.64309],[-122.37047,47.64287],[-122.37181,47.64413],[-122.37066,47.64562],[-122.36816,47.64584],[-122.36682,47.64458],[-122.36797,47.64309]]]},"properties":{"zone":0,"cell_type":"inclusion","proximity":3271.3,"opportunity":8425.8,"population":348}},{"type":"Feature","id":1605,"geometry":{"type":"Polygon","coordinates":[[[-122.31179,47.67547],[-122.31402,47.67528],[-122.31519,47.67637],[-122.31417,47.6777],[-122.31193,47.67789],[-122.31076,47.67679],[-122.31179,47.67547]]]},"properties":{"zone":0,"cell_type":"inclusion","proximity":4213,"opportunity":12350.9,"population":200}},{"type":"Feature","id":1606,"geometry":{"type":"Polygon","coordinates":[[[-122.27974,47.55753],[-122.28217,47.55731],[-122.28347,47.55853],[-122.28235,47.55998],[-122.27992,47.56019],[-122.27863,47.55897],[-122.27974,47.55753]]]},"properties":{"zone":3,"cell_type":"total isolation","proximity":1595.7,"opportunity":5986.5,"population":302}},{"type":"Feature","id":1607,"geometry":{"type":"Polygon","coordinates":[[[-122.40295,47.63869],[-122.40524,47.63849],[-122.40644,47.63962],[-122.4054,47.64098],[-122.40311,47.64118],[-122.4019,47.64005],[-122.40295,47.63869]]]},"properties":{"zone":3,"cell_type":"total isolation","proximity":1839.7,"opportunity":5233.3,"population":224}},{"type":"Feature","id":1608,"geometry":{"type":"Polygon","coordinates":[[[-122.37361,47.7148],[-122.37534,47.71464],[-122.3762,47.71544],[-122.37541,47.71646],[-122.37367,47.71661],[-122.37282,47.71581],[-122.37361,47.7148]]]},"properties":{"zone":3,"cell_type":"total isolation","proximity":1331.7,"opportunity":125.3,"population":70}},{"type":"Feature","id":1609,"geometry":{"type":"Polygon","coordinates":[[[-122.37126,47.63289],[-122.37353,47.63269],[-122.37473,47.63382],[-122.37369,47.63516],[-122.37141,47.63537],[-122.37022,47.63424],[-122.37126,47.63289]]]},"properties":{"zone":1,"cell_type":"spatial isolation","proximity":3259.2,"opportunity":7146.9,"population":218}},{"type":"Feature","id":1610,"geometry":{"type":"Polygon","coordinates":[[[-122.39781,47.67638],[-122.40024,47.67616],[-122.40153,47.67737],[-122.40042,47.67881],[-122.39799,47.67902],[-122.3967,47.67781],[-122.39781,47.67638]]]},"properties":{"zone":3,"cell_type":"total isolation","proximity":2178.8,"opportunity":5573.5,"population":296}},{"type":"Feature","id":1611,"geometry":{"type":"Polygon","coordinates":[[[-122.26931,47.52104],[-122.27176,47.52083],[-122.27308,47.52206],[-122.27195,47.52353],[-122.26949,47.52374],[-122.26817,47.5225],[-122.26931,47.52104]]]},"properties":{"zone":3,"cell_type":"total isolation","proximity":773.9,"opportunity":5094.8,"population":321}},{"type":"Feature","id":1612,"geometry":{"type":"Polygon","coordinates":[[[-122.30753,47.54342],[-122.30741,47.54358],[-122.30708,47.54361],[-122.3072,47.54345],[-122.30753,47.54342]]]},"properties":{"zone":3,"cell_type":"total isolation","proximity":1142.8,"opportunity":4764.9,"population":4}},{"type":"Feature","id":1613,"geometry":{"type":"Polygon","coordinates":[[[-122.26987,47.68403],[-122.27115,47.68392],[-122.27171,47.68445],[-122.27114,47.68519],[-122.26986,47.6853],[-122.2693,47.68477],[-122.26987,47.68403]]]},"properties":{"zone":3,"cell_type":"total isolation","proximity":1816.6,"opportunity":4725,"population":27}},{"type":"Feature","id":1614,"geometry":{"type":"Polygon","coordinates":[[[-122.24523,47.50901],[-122.24728,47.50883],[-122.24833,47.50982],[-122.2474,47.51103],[-122.24535,47.51121],[-122.2443,47.51022],[-122.24523,47.50901]]]},"properties":{"zone":3,"cell_type":"total isolation","proximity":339.5,"opportunity":2477,"population":136}},{"type":"Feature","id":1615,"geometry":{"type":"Polygon","coordinates":[[[-122.28579,47.63778],[-122.28767,47.63762],[-122.28862,47.6385],[-122.28776,47.63961],[-122.28588,47.63977],[-122.28494,47.63889],[-122.28579,47.63778]]]},"properties":{"zone":3,"cell_type":"total isolation","proximity":1985.1,"opportunity":4932.4,"population":95}},{"type":"Feature","id":1616,"geometry":{"type":"Polygon","coordinates":[[[-122.35577,47.69012],[-122.35822,47.6899],[-122.35953,47.69113],[-122.35841,47.69258],[-122.35595,47.6928],[-122.35464,47.69157],[-122.35577,47.69012]]]},"properties":{"zone":0,"cell_type":"inclusion","proximity":3389.8,"opportunity":8481.7,"population":313}},{"type":"Feature","id":1617,"geometry":{"type":"Polygon","coordinates":[[[-122.32642,47.71576],[-122.32869,47.71556],[-122.32988,47.71668],[-122.32884,47.71802],[-122.32657,47.71822],[-122.32538,47.7171],[-122.32642,47.71576]]]},"properties":{"zone":3,"cell_type":"total isolation","proximity":2122.1,"opportunity":7224.6,"population":213}},{"type":"Feature","id":1618,"geometry":{"type":"Polygon","coordinates":[[[-122.27008,47.68954],[-122.27171,47.6894],[-122.27249,47.69013],[-122.27175,47.69108],[-122.27012,47.69123],[-122.26934,47.69049],[-122.27008,47.68954]]]},"properties":{"zone":3,"cell_type":"total isolation","proximity":1221.3,"opportunity":4528.7,"population":56}},{"type":"Feature","id":1619,"geometry":{"type":"Polygon","coordinates":[[[-122.32719,47.67396],[-122.32968,47.67374],[-122.33102,47.67499],[-122.32987,47.67647],[-122.32738,47.67669],[-122.32604,47.67544],[-122.32719,47.67396]]]},"properties":{"zone":0,"cell_type":"inclusion","proximity":4276.2,"opportunity":9705.2,"population":342}},{"type":"Feature","id":1620,"geometry":{"type":"Polygon","coordinates":[[[-122.2943,47.59785],[-122.29684,47.59763],[-122.29821,47.59892],[-122.29704,47.60043],[-122.29449,47.60066],[-122.29313,47.59937],[-122.2943,47.59785]]]},"properties":{"zone":0,"cell_type":"inclusion","proximity":3247.1,"opportunity":8804.3,"population":383}},{"type":"Feature","id":1621,"geometry":{"type":"Polygon","coordinates":[[[-122.28973,47.58558],[-122.29186,47.58539],[-122.29297,47.58643],[-122.29199,47.58769],[-122.28986,47.58788],[-122.28876,47.58684],[-122.28973,47.58558]]]},"properties":{"zone":3,"cell_type":"total isolation","proximity":2300.2,"opportunity":6933.5,"population":161}},{"type":"Feature","id":1622,"geometry":{"type":"Polygon","coordinates":[[[-122.37778,47.7134],[-122.37885,47.7133],[-122.37928,47.7137],[-122.37881,47.71432],[-122.37773,47.71441],[-122.3773,47.71401],[-122.37778,47.7134]]]},"properties":{"zone":3,"cell_type":"total isolation","proximity":1473.2,"opportunity":135.9,"population":18}},{"type":"Feature","id":1623,"geometry":{"type":"Polygon","coordinates":[[[-122.27086,47.54383],[-122.27345,47.54361],[-122.27485,47.54492],[-122.27366,47.54646],[-122.27107,47.54669],[-122.26967,47.54537],[-122.27086,47.54383]]]},"properties":{"zone":3,"cell_type":"total isolation","proximity":1155.2,"opportunity":4627.8,"population":579}},{"type":"Feature","id":1624,"geometry":{"type":"Polygon","coordinates":[[[-122.26055,47.6673],[-122.26238,47.66714],[-122.26328,47.66799],[-122.26245,47.66906],[-122.26063,47.66922],[-122.25972,47.66837],[-122.26055,47.6673]]]},"properties":{"zone":3,"cell_type":"total isolation","proximity":1634.9,"opportunity":4571.8,"population":85}},{"type":"Feature","id":1625,"geometry":{"type":"Polygon","coordinates":[[[-122.33456,47.6144],[-122.33715,47.61417],[-122.33855,47.61548],[-122.33736,47.61703],[-122.33477,47.61725],[-122.33337,47.61594],[-122.33456,47.6144]]]},"properties":{"zone":0,"cell_type":"inclusion","proximity":5990.6,"opportunity":13331.5,"population":859}},{"type":"Feature","id":1626,"geometry":{"type":"Polygon","coordinates":[[[-122.35254,47.70037],[-122.35511,47.70015],[-122.35649,47.70144],[-122.35531,47.70296],[-122.35274,47.70319],[-122.35136,47.7019],[-122.35254,47.70037]]]},"properties":{"zone":0,"cell_type":"inclusion","proximity":2930.7,"opportunity":7978.5,"population":395}},{"type":"Feature","id":1627,"geometry":{"type":"Polygon","coordinates":[[[-122.32154,47.58356],[-122.32241,47.58348],[-122.32271,47.58377],[-122.32233,47.58426],[-122.32146,47.58433],[-122.32116,47.58405],[-122.32154,47.58356]]]},"properties":{"zone":0,"cell_type":"inclusion","proximity":3071.5,"opportunity":9847.1,"population":12}},{"type":"Feature","id":1628,"geometry":{"type":"Polygon","coordinates":[[[-122.31047,47.7141],[-122.31306,47.71387],[-122.31446,47.71518],[-122.31327,47.71672],[-122.31067,47.71695],[-122.30927,47.71564],[-122.31047,47.7141]]]},"properties":{"zone":3,"cell_type":"total isolation","proximity":2355,"opportunity":7442.2,"population":456}},{"type":"Feature","id":1629,"geometry":{"type":"Polygon","coordinates":[[[-122.33367,47.65611],[-122.33626,47.65588],[-122.33766,47.65719],[-122.33646,47.65873],[-122.33387,47.65896],[-122.33247,47.65765],[-122.33367,47.65611]]]},"properties":{"zone":0,"cell_type":"inclusion","proximity":4497,"opportunity":9430.8,"population":451}},{"type":"Feature","id":1630,"geometry":{"type":"Polygon","coordinates":[[[-122.28762,47.72193],[-122.29007,47.72172],[-122.29137,47.72294],[-122.29025,47.72438],[-122.2878,47.7246],[-122.2865,47.72338],[-122.28762,47.72193]]]},"properties":{"zone":3,"cell_type":"total isolation","proximity":1504,"opportunity":6847.9,"population":306}},{"type":"Feature","id":1631,"geometry":{"type":"Polygon","coordinates":[[[-122.33195,47.68639],[-122.33454,47.68617],[-122.33594,47.68748],[-122.33475,47.68902],[-122.33215,47.68924],[-122.33075,47.68793],[-122.33195,47.68639]]]},"properties":{"zone":0,"cell_type":"inclusion","proximity":3824.4,"opportunity":8651.3,"population":433}},{"type":"Feature","id":1632,"geometry":{"type":"Polygon","coordinates":[[[-122.27888,47.70843],[-122.28121,47.70822],[-122.28244,47.70937],[-122.28137,47.71075],[-122.27905,47.71095],[-122.27782,47.7098],[-122.27888,47.70843]]]},"properties":{"zone":3,"cell_type":"total isolation","proximity":1567.2,"opportunity":6470.7,"population":240}},{"type":"Feature","id":1633,"geometry":{"type":"Polygon","coordinates":[[[-122.39078,47.68838],[-122.39337,47.68815],[-122.39476,47.68945],[-122.39357,47.69099],[-122.39099,47.69122],[-122.38959,47.68991],[-122.39078,47.68838]]]},"properties":{"zone":3,"cell_type":"total isolation","proximity":2152.9,"opportunity":7351.8,"population":415}},{"type":"Feature","id":1634,"geometry":{"type":"Polygon","coordinates":[[[-122.33685,47.69896],[-122.3393,47.69874],[-122.34061,47.69997],[-122.33948,47.70142],[-122.33703,47.70164],[-122.33572,47.70041],[-122.33685,47.69896]]]},"properties":{"zone":0,"cell_type":"inclusion","proximity":3149.1,"opportunity":9240.4,"population":314}},{"type":"Feature","id":1635,"geometry":{"type":"Polygon","coordinates":[[[-122.30398,47.56171],[-122.3055,47.56158],[-122.30622,47.56225],[-122.30553,47.56314],[-122.30401,47.56327],[-122.3033,47.5626],[-122.30398,47.56171]]]},"properties":{"zone":3,"cell_type":"total isolation","proximity":1625.8,"opportunity":6107.4,"population":45}},{"type":"Feature","id":1636,"geometry":{"type":"Polygon","coordinates":[[[-122.29908,47.61033],[-122.30167,47.61011],[-122.30307,47.61142],[-122.30188,47.61296],[-122.29928,47.61319],[-122.29789,47.61188],[-122.29908,47.61033]]]},"properties":{"zone":0,"cell_type":"inclusion","proximity":4047.6,"opportunity":8818,"population":474}},{"type":"Feature","id":1637,"geometry":{"type":"Polygon","coordinates":[[[-122.35906,47.68257],[-122.36165,47.68234],[-122.36305,47.68365],[-122.36186,47.68519],[-122.35926,47.68542],[-122.35787,47.68411],[-122.35906,47.68257]]]},"properties":{"zone":1,"cell_type":"spatial isolation","proximity":3541.2,"opportunity":7265.3,"population":424}},{"type":"Feature","id":1638,"geometry":{"type":"Polygon","coordinates":[[[-122.27916,47.54899],[-122.28153,47.54878],[-122.28279,47.54997],[-122.2817,47.55137],[-122.27933,47.55158],[-122.27808,47.5504],[-122.27916,47.54899]]]},"properties":{"zone":3,"cell_type":"total isolation","proximity":1456.9,"opportunity":4966.6,"population":266}},{"type":"Feature","id":1639,"geometry":{"type":"Polygon","coordinates":[[[-122.34419,47.6394],[-122.34678,47.63917],[-122.34818,47.64048],[-122.34699,47.64202],[-122.3444,47.64225],[-122.343,47.64094],[-122.34419,47.6394]]]},"properties":{"zone":0,"cell_type":"inclusion","proximity":4357.1,"opportunity":11532,"population":596}},{"type":"Feature","id":1640,"geometry":{"type":"Polygon","coordinates":[[[-122.36242,47.72556],[-122.36458,47.72537],[-122.36571,47.72642],[-122.36472,47.7277],[-122.36256,47.72789],[-122.36143,47.72684],[-122.36242,47.72556]]]},"properties":{"zone":3,"cell_type":"total isolation","proximity":1291.7,"opportunity":4063,"population":172}},{"type":"Feature","id":1641,"geometry":{"type":"Polygon","coordinates":[[[-122.33015,47.58893],[-122.33015,47.58893],[-122.33008,47.58894],[-122.33008,47.58894],[-122.33015,47.58893]]]},"properties":{"zone":0,"cell_type":"inclusion","proximity":3557.1,"opportunity":10306.7,"population":0}},{"type":"Feature","id":1642,"geometry":{"type":"Polygon","coordinates":[[[-122.39925,47.63259],[-122.40033,47.63249],[-122.40076,47.6329],[-122.40029,47.63351],[-122.39921,47.63361],[-122.39877,47.6332],[-122.39925,47.63259]]]},"properties":{"zone":3,"cell_type":"total isolation","proximity":1818.5,"opportunity":5338.5,"population":18}},{"type":"Feature","id":1643,"geometry":{"type":"Polygon","coordinates":[[[-122.38564,47.66763],[-122.3877,47.66745],[-122.38876,47.66845],[-122.38782,47.66966],[-122.38576,47.66984],[-122.3847,47.66885],[-122.38564,47.66763]]]},"properties":{"zone":0,"cell_type":"inclusion","proximity":3297.4,"opportunity":9233,"population":139}},{"type":"Feature","id":1644,"geometry":{"type":"Polygon","coordinates":[[[-122.31449,47.54497],[-122.31603,47.54483],[-122.31676,47.54552],[-122.31606,47.54642],[-122.31452,47.54655],[-122.31379,47.54587],[-122.31449,47.54497]]]},"properties":{"zone":3,"cell_type":"total isolation","proximity":1412.1,"opportunity":6711.1,"population":47}},{"type":"Feature","id":1645,"geometry":{"type":"Polygon","coordinates":[[[-122.29198,47.61963],[-122.29447,47.61942],[-122.29581,47.62067],[-122.29466,47.62215],[-122.29217,47.62237],[-122.29084,47.62111],[-122.29198,47.61963]]]},"properties":{"zone":0,"cell_type":"inclusion","proximity":3659.5,"opportunity":8306.9,"population":341}},{"type":"Feature","id":1646,"geometry":{"type":"Polygon","coordinates":[[[-122.28467,47.68194],[-122.28726,47.68171],[-122.28866,47.68302],[-122.28746,47.68456],[-122.28487,47.68479],[-122.28347,47.68348],[-122.28467,47.68194]]]},"properties":{"zone":3,"cell_type":"total isolation","proximity":2534.7,"opportunity":7293.3,"population":430}},{"type":"Feature","id":1647,"geometry":{"type":"Polygon","coordinates":[[[-122.35341,47.65868],[-122.356,47.65845],[-122.3574,47.65976],[-122.35621,47.6613],[-122.35362,47.66153],[-122.35222,47.66022],[-122.35341,47.65868]]]},"properties":{"zone":0,"cell_type":"inclusion","proximity":4356,"opportunity":10365.2,"population":744}},{"type":"Feature","id":1648,"geometry":{"type":"Polygon","coordinates":[[[-122.28503,47.62907],[-122.28717,47.62889],[-122.28828,47.62993],[-122.2873,47.6312],[-122.28516,47.63138],[-122.28405,47.63034],[-122.28503,47.62907]]]},"properties":{"zone":1,"cell_type":"spatial isolation","proximity":2932.2,"opportunity":6011.8,"population":164}},{"type":"Feature","id":1649,"geometry":{"type":"Polygon","coordinates":[[[-122.33123,47.72824],[-122.33351,47.72804],[-122.33471,47.72916],[-122.33367,47.73051],[-122.33139,47.73071],[-122.33019,47.72958],[-122.33123,47.72824]]]},"properties":{"zone":3,"cell_type":"total isolation","proximity":1574.5,"opportunity":6354.2,"population":219}},{"type":"Feature","id":1650,"geometry":{"type":"Polygon","coordinates":[[[-122.34625,47.72104],[-122.34875,47.72082],[-122.35009,47.72208],[-122.34894,47.72356],[-122.34644,47.72378],[-122.3451,47.72253],[-122.34625,47.72104]]]},"properties":{"zone":3,"cell_type":"total isolation","proximity":1957.4,"opportunity":7282.3,"population":347}},{"type":"Feature","id":1651,"geometry":{"type":"Polygon","coordinates":[[[-122.25857,47.68135],[-122.25857,47.68135],[-122.2585,47.68136],[-122.2585,47.68136],[-122.25857,47.68135]]]},"properties":{"zone":3,"cell_type":"total isolation","proximity":1614.7,"opportunity":7045.3,"population":0}},{"type":"Feature","id":1652,"geometry":{"type":"Polygon","coordinates":[[[-122.32335,47.67567],[-122.32594,47.67544],[-122.32734,47.67676],[-122.32614,47.6783],[-122.32355,47.67852],[-122.32215,47.67721],[-122.32335,47.67567]]]},"properties":{"zone":0,"cell_type":"inclusion","proximity":4285.4,"opportunity":10655.5,"population":918}},{"type":"Feature","id":1653,"geometry":{"type":"Polygon","coordinates":[[[-122.41153,47.64939],[-122.41386,47.64918],[-122.4151,47.65034],[-122.41403,47.65172],[-122.41169,47.65193],[-122.41046,47.65077],[-122.41153,47.64939]]]},"properties":{"zone":3,"cell_type":"total isolation","proximity":1531.2,"opportunity":2981.1,"population":246}},{"type":"Feature","id":1654,"geometry":{"type":"Polygon","coordinates":[[[-122.29168,47.6699],[-122.29417,47.66969],[-122.29551,47.67094],[-122.29436,47.67242],[-122.29187,47.67263],[-122.29054,47.67138],[-122.29168,47.6699]]]},"properties":{"zone":0,"cell_type":"inclusion","proximity":3283.9,"opportunity":8013.9,"population":341}},{"type":"Feature","id":1655,"geometry":{"type":"Polygon","coordinates":[[[-122.26728,47.5458],[-122.26952,47.5456],[-122.2707,47.54671],[-122.26967,47.54803],[-122.26743,47.54823],[-122.26626,47.54712],[-122.26728,47.5458]]]},"properties":{"zone":3,"cell_type":"total isolation","proximity":1064.5,"opportunity":4465.6,"population":203}},{"type":"Feature","id":1656,"geometry":{"type":"Polygon","coordinates":[[[-122.26826,47.66921],[-122.27055,47.66901],[-122.27176,47.67014],[-122.27071,47.67149],[-122.26842,47.67169],[-122.26721,47.67056],[-122.26826,47.66921]]]},"properties":{"zone":3,"cell_type":"total isolation","proximity":2082.7,"opportunity":7574.3,"population":224}},{"type":"Feature","id":1657,"geometry":{"type":"Polygon","coordinates":[[[-122.3207,47.57479],[-122.32195,47.57468],[-122.32248,47.57518],[-122.32193,47.5759],[-122.32069,47.57601],[-122.32015,47.5755],[-122.3207,47.57479]]]},"properties":{"zone":2,"cell_type":"social isolation","proximity":2463.5,"opportunity":9794.9,"population":25}},{"type":"Feature","id":1658,"geometry":{"type":"Polygon","coordinates":[[[-122.29815,47.70522],[-122.30062,47.705],[-122.30193,47.70624],[-122.3008,47.7077],[-122.29834,47.70791],[-122.29702,47.70668],[-122.29815,47.70522]]]},"properties":{"zone":3,"cell_type":"total isolation","proximity":2273.1,"opportunity":6073.1,"population":320}},{"type":"Feature","id":1659,"geometry":{"type":"Polygon","coordinates":[[[-122.31783,47.54278],[-122.32012,47.54258],[-122.32133,47.54371],[-122.32028,47.54507],[-122.31799,47.54527],[-122.31678,47.54414],[-122.31783,47.54278]]]},"properties":{"zone":3,"cell_type":"total isolation","proximity":1325.5,"opportunity":6656.4,"population":225}},{"type":"Feature","id":1660,"geometry":{"type":"Polygon","coordinates":[[[-122.29561,47.7241],[-122.29805,47.72388],[-122.29936,47.7251],[-122.29824,47.72655],[-122.29579,47.72677],[-122.29448,47.72554],[-122.29561,47.7241]]]},"properties":{"zone":3,"cell_type":"total isolation","proximity":1556.3,"opportunity":6343.3,"population":310}},{"type":"Feature","id":1661,"geometry":{"type":"Polygon","coordinates":[[[-122.29381,47.53082],[-122.29559,47.53067],[-122.29647,47.53149],[-122.29566,47.53254],[-122.29389,47.53269],[-122.29301,47.53186],[-122.29381,47.53082]]]},"properties":{"zone":3,"cell_type":"total isolation","proximity":858.7,"opportunity":3851.2,"population":77}},{"type":"Feature","id":1662,"geometry":{"type":"Polygon","coordinates":[[[-122.30596,47.64607],[-122.30782,47.64591],[-122.30875,47.64679],[-122.3079,47.64788],[-122.30604,47.64804],[-122.30511,47.64717],[-122.30596,47.64607]]]},"properties":{"zone":0,"cell_type":"inclusion","proximity":3637,"opportunity":10617.2,"population":92}},{"type":"Feature","id":1663,"geometry":{"type":"Polygon","coordinates":[[[-122.33329,47.70095],[-122.33535,47.70077],[-122.3364,47.70176],[-122.33546,47.70297],[-122.33341,47.70315],[-122.33236,47.70216],[-122.33329,47.70095]]]},"properties":{"zone":0,"cell_type":"inclusion","proximity":3088.4,"opportunity":9425.7,"population":136}},{"type":"Feature","id":1664,"geometry":{"type":"Polygon","coordinates":[[[-122.29243,47.57213],[-122.29502,47.5719],[-122.29641,47.57322],[-122.29522,47.57476],[-122.29263,47.57499],[-122.29123,47.57367],[-122.29243,47.57213]]]},"properties":{"zone":2,"cell_type":"social isolation","proximity":2203.6,"opportunity":8015.3,"population":580}},{"type":"Feature","id":1665,"geometry":{"type":"Polygon","coordinates":[[[-122.35629,47.64277],[-122.35865,47.64256],[-122.35991,47.64374],[-122.35883,47.64515],[-122.35646,47.64536],[-122.3552,47.64418],[-122.35629,47.64277]]]},"properties":{"zone":0,"cell_type":"inclusion","proximity":3953.1,"opportunity":8568,"population":265}},{"type":"Feature","id":1666,"geometry":{"type":"Polygon","coordinates":[[[-122.30127,47.69485],[-122.30382,47.69463],[-122.3052,47.69591],[-122.30402,47.69743],[-122.30147,47.69765],[-122.3001,47.69637],[-122.30127,47.69485]]]},"properties":{"zone":3,"cell_type":"total isolation","proximity":2863.1,"opportunity":6650.8,"population":385}},{"type":"Feature","id":1667,"geometry":{"type":"Polygon","coordinates":[[[-122.38755,47.69598],[-122.3899,47.69577],[-122.39114,47.69694],[-122.39007,47.69832],[-122.38772,47.69853],[-122.38648,47.69737],[-122.38755,47.69598]]]},"properties":{"zone":3,"cell_type":"total isolation","proximity":1861.9,"opportunity":5679.8,"population":251}},{"type":"Feature","id":1668,"geometry":{"type":"Polygon","coordinates":[[[-122.27533,47.55071],[-122.27779,47.5505],[-122.2791,47.55173],[-122.27797,47.55319],[-122.27552,47.55341],[-122.2742,47.55217],[-122.27533,47.55071]]]},"properties":{"zone":3,"cell_type":"total isolation","proximity":1420.7,"opportunity":5576.2,"population":319}},{"type":"Feature","id":1669,"geometry":{"type":"Polygon","coordinates":[[[-122.32954,47.59904],[-122.33213,47.59881],[-122.33353,47.60013],[-122.33234,47.60167],[-122.32975,47.6019],[-122.32835,47.60058],[-122.32954,47.59904]]]},"properties":{"zone":0,"cell_type":"inclusion","proximity":5100,"opportunity":13679.3,"population":983}},{"type":"Feature","id":1670,"geometry":{"type":"Polygon","coordinates":[[[-122.32726,47.54895],[-122.32726,47.54895],[-122.3272,47.54896],[-122.3272,47.54896],[-122.32726,47.54895]]]},"properties":{"zone":3,"cell_type":"total isolation","proximity":1378.8,"opportunity":6894.1,"population":1}},{"type":"Feature","id":1671,"geometry":{"type":"Polygon","coordinates":[[[-122.39479,47.6337],[-122.39704,47.6335],[-122.39822,47.63461],[-122.39719,47.63594],[-122.39494,47.63614],[-122.39376,47.63503],[-122.39479,47.6337]]]},"properties":{"zone":3,"cell_type":"total isolation","proximity":2189.5,"opportunity":7603.7,"population":206}},{"type":"Feature","id":1672,"geometry":{"type":"Polygon","coordinates":[[[-122.39331,47.6695],[-122.3959,47.66927],[-122.3973,47.67058],[-122.39611,47.67212],[-122.39352,47.67235],[-122.39212,47.67104],[-122.39331,47.6695]]]},"properties":{"zone":3,"cell_type":"total isolation","proximity":2727.2,"opportunity":7324.2,"population":543}},{"type":"Feature","id":1673,"geometry":{"type":"Polygon","coordinates":[[[-122.29997,47.62182],[-122.30244,47.6216],[-122.30376,47.62284],[-122.30263,47.62431],[-122.30016,47.62453],[-122.29884,47.62329],[-122.29997,47.62182]]]},"properties":{"zone":0,"cell_type":"inclusion","proximity":4213.9,"opportunity":9987.2,"population":326}},{"type":"Feature","id":1674,"geometry":{"type":"Polygon","coordinates":[[[-122.29278,47.68423],[-122.29515,47.68402],[-122.29641,47.6852],[-122.29532,47.68661],[-122.29294,47.68682],[-122.29168,47.68563],[-122.29278,47.68423]]]},"properties":{"zone":3,"cell_type":"total isolation","proximity":2842.6,"opportunity":7458.5,"population":267}},{"type":"Feature","id":1675,"geometry":{"type":"Polygon","coordinates":[[[-122.28115,47.63075],[-122.28345,47.63055],[-122.28466,47.63169],[-122.28361,47.63305],[-122.28131,47.63325],[-122.2801,47.63211],[-122.28115,47.63075]]]},"properties":{"zone":3,"cell_type":"total isolation","proximity":2541.6,"opportunity":4949,"population":228}},{"type":"Feature","id":1676,"geometry":{"type":"Polygon","coordinates":[[[-122.35051,47.61874],[-122.3531,47.61851],[-122.3545,47.61982],[-122.35331,47.62136],[-122.35072,47.62159],[-122.34932,47.62028],[-122.35051,47.61874]]]},"properties":{"zone":0,"cell_type":"inclusion","proximity":5151.9,"opportunity":11552.8,"population":482}},{"type":"Feature","id":1677,"geometry":{"type":"Polygon","coordinates":[[[-122.33428,47.7125],[-122.33606,47.71235],[-122.33694,47.71317],[-122.33613,47.71421],[-122.33435,47.71437],[-122.33347,47.71354],[-122.33428,47.7125]]]},"properties":{"zone":3,"cell_type":"total isolation","proximity":2382.7,"opportunity":7731.2,"population":77}},{"type":"Feature","id":1678,"geometry":{"type":"Polygon","coordinates":[[[-122.3433,47.68109],[-122.34589,47.68086],[-122.34729,47.68217],[-122.3461,47.68371],[-122.34351,47.68394],[-122.34211,47.68263],[-122.3433,47.68109]]]},"properties":{"zone":0,"cell_type":"inclusion","proximity":3985.3,"opportunity":10125.7,"population":510}},{"type":"Feature","id":1679,"geometry":{"type":"Polygon","coordinates":[[[-122.30562,47.59253],[-122.3082,47.5923],[-122.3096,47.59361],[-122.30841,47.59515],[-122.30583,47.59537],[-122.30443,47.59407],[-122.30562,47.59253]]]},"properties":{"zone":0,"cell_type":"inclusion","proximity":3714.5,"opportunity":8770.5,"population":413}},{"type":"Feature","id":1680,"geometry":{"type":"Polygon","coordinates":[[[-122.40769,47.65111],[-122.41012,47.65089],[-122.41141,47.6521],[-122.4103,47.65355],[-122.40787,47.65376],[-122.40658,47.65255],[-122.40769,47.65111]]]},"properties":{"zone":3,"cell_type":"total isolation","proximity":1651.1,"opportunity":3118.7,"population":299}},{"type":"Feature","id":1681,"geometry":{"type":"Polygon","coordinates":[[[-122.32617,47.60652],[-122.32876,47.60629],[-122.33016,47.60761],[-122.32897,47.60915],[-122.32638,47.60937],[-122.32498,47.60806],[-122.32617,47.60652]]]},"properties":{"zone":0,"cell_type":"inclusion","proximity":5771.5,"opportunity":12691.3,"population":1864}},{"type":"Feature","id":1682,"geometry":{"type":"Polygon","coordinates":[[[-122.27428,47.69614],[-122.27625,47.69596],[-122.27725,47.6969],[-122.27635,47.69806],[-122.27438,47.69824],[-122.27338,47.6973],[-122.27428,47.69614]]]},"properties":{"zone":3,"cell_type":"total isolation","proximity":1638.5,"opportunity":6191.9,"population":115}},{"type":"Feature","id":1683,"geometry":{"type":"Polygon","coordinates":[[[-122.28286,47.7095],[-122.28521,47.70929],[-122.28646,47.71046],[-122.28538,47.71185],[-122.28303,47.71205],[-122.28178,47.71089],[-122.28286,47.7095]]]},"properties":{"zone":3,"cell_type":"total isolation","proximity":1658.5,"opportunity":5415.1,"population":253}},{"type":"Feature","id":1684,"geometry":{"type":"Polygon","coordinates":[[[-122.31902,47.66896],[-122.32148,47.66874],[-122.3228,47.66998],[-122.32167,47.67144],[-122.3192,47.67166],[-122.31788,47.67042],[-122.31902,47.66896]]]},"properties":{"zone":0,"cell_type":"inclusion","proximity":4479.4,"opportunity":10098.5,"population":324}},{"type":"Feature","id":1685,"geometry":{"type":"Polygon","coordinates":[[[-122.25937,47.54367],[-122.26152,47.54348],[-122.26263,47.54453],[-122.26165,47.5458],[-122.2595,47.54599],[-122.25838,47.54494],[-122.25937,47.54367]]]},"properties":{"zone":3,"cell_type":"total isolation","proximity":903.3,"opportunity":4429,"population":168}},{"type":"Feature","id":1686,"geometry":{"type":"Polygon","coordinates":[[[-122.37625,47.64555],[-122.37823,47.64538],[-122.37924,47.64632],[-122.37834,47.64749],[-122.37636,47.64767],[-122.37535,47.64672],[-122.37625,47.64555]]]},"properties":{"zone":0,"cell_type":"inclusion","proximity":2949.9,"opportunity":8717.3,"population":118}},{"type":"Feature","id":1687,"geometry":{"type":"Polygon","coordinates":[[[-122.36909,47.70791],[-122.37101,47.70774],[-122.37198,47.70865],[-122.37111,47.70978],[-122.36919,47.70995],[-122.36822,47.70904],[-122.36909,47.70791]]]},"properties":{"zone":3,"cell_type":"total isolation","proximity":1703.9,"opportunity":114.8,"population":103}},{"type":"Feature","id":1688,"geometry":{"type":"Polygon","coordinates":[[[-122.31636,47.57601],[-122.31857,47.57582],[-122.31972,47.5769],[-122.31871,47.57821],[-122.31651,47.5784],[-122.31535,47.57732],[-122.31636,47.57601]]]},"properties":{"zone":3,"cell_type":"total isolation","proximity":2516.1,"opportunity":7530.5,"population":189}},{"type":"Feature","id":1689,"geometry":{"type":"Polygon","coordinates":[[[-122.25979,47.54939],[-122.26191,47.54921],[-122.26302,47.55025],[-122.26204,47.55151],[-122.25992,47.55169],[-122.25881,47.55065],[-122.25979,47.54939]]]},"properties":{"zone":3,"cell_type":"total isolation","proximity":971.8,"opportunity":4889.3,"population":160}},{"type":"Feature","id":1690,"geometry":{"type":"Polygon","coordinates":[[[-122.30769,47.72745],[-122.30996,47.72725],[-122.31115,47.72836],[-122.31011,47.7297],[-122.30785,47.7299],[-122.30666,47.72879],[-122.30769,47.72745]]]},"properties":{"zone":3,"cell_type":"total isolation","proximity":1474.7,"opportunity":4422.9,"population":212}},{"type":"Feature","id":1691,"geometry":{"type":"Polygon","coordinates":[[[-122.38238,47.68051],[-122.38497,47.68028],[-122.38637,47.68159],[-122.38518,47.68313],[-122.38259,47.68336],[-122.38119,47.68205],[-122.38238,47.68051]]]},"properties":{"zone":3,"cell_type":"total isolation","proximity":2863.3,"opportunity":6865.1,"population":477}},{"type":"Feature","id":1692,"geometry":{"type":"Polygon","coordinates":[[[-122.27458,47.70173],[-122.27674,47.70154],[-122.27787,47.7026],[-122.27688,47.70387],[-122.27471,47.70406],[-122.27358,47.70301],[-122.27458,47.70173]]]},"properties":{"zone":3,"cell_type":"total isolation","proximity":1487.3,"opportunity":6302.5,"population":172}},{"type":"Feature","id":1693,"geometry":{"type":"Polygon","coordinates":[[[-122.28326,47.71519],[-122.28563,47.71498],[-122.28689,47.71616],[-122.2858,47.71756],[-122.28343,47.71777],[-122.28217,47.71659],[-122.28326,47.71519]]]},"properties":{"zone":3,"cell_type":"total isolation","proximity":1516.4,"opportunity":6060.8,"population":265}},{"type":"Feature","id":1694,"geometry":{"type":"Polygon","coordinates":[[[-122.35073,47.67477],[-122.3532,47.67455],[-122.35452,47.67579],[-122.35339,47.67726],[-122.35092,47.67747],[-122.3496,47.67624],[-122.35073,47.67477]]]},"properties":{"zone":0,"cell_type":"inclusion","proximity":3978.6,"opportunity":10204.3,"population":325}},{"type":"Feature","id":1695,"geometry":{"type":"Polygon","coordinates":[[[-122.34382,47.56187],[-122.34382,47.56187],[-122.34376,47.56187],[-122.34376,47.56187],[-122.34382,47.56187]]]},"properties":{"zone":3,"cell_type":"total isolation","proximity":1380.9,"opportunity":881.1,"population":1}},{"type":"Feature","id":1696,"geometry":{"type":"Polygon","coordinates":[[[-122.32524,47.69871],[-122.32741,47.69852],[-122.32854,47.69958],[-122.32755,47.70087],[-122.32538,47.70106],[-122.32424,47.7],[-122.32524,47.69871]]]},"properties":{"zone":0,"cell_type":"inclusion","proximity":3065.8,"opportunity":10947.9,"population":175}},{"type":"Feature","id":1697,"geometry":{"type":"Polygon","coordinates":[[[-122.30062,47.57451],[-122.30283,47.57432],[-122.30399,47.57541],[-122.30298,47.57672],[-122.30076,47.57692],[-122.2996,47.57583],[-122.30062,47.57451]]]},"properties":{"zone":3,"cell_type":"total isolation","proximity":2387.9,"opportunity":7431.2,"population":194}},{"type":"Feature","id":1698,"geometry":{"type":"Polygon","coordinates":[[[-122.28739,47.61],[-122.28986,47.60978],[-122.29117,47.61102],[-122.29004,47.61248],[-122.28758,47.6127],[-122.28626,47.61146],[-122.28739,47.61]]]},"properties":{"zone":0,"cell_type":"inclusion","proximity":3056.7,"opportunity":8098.3,"population":322}},{"type":"Feature","id":1699,"geometry":{"type":"Polygon","coordinates":[[[-122.30089,47.68652],[-122.30304,47.68633],[-122.30416,47.68738],[-122.30317,47.68865],[-122.30102,47.68884],[-122.2999,47.68779],[-122.30089,47.68652]]]},"properties":{"zone":1,"cell_type":"spatial isolation","proximity":3243.1,"opportunity":7849.1,"population":168}},{"type":"Feature","id":1700,"geometry":{"type":"Polygon","coordinates":[[[-122.33038,47.66366],[-122.33283,47.66345],[-122.33413,47.66467],[-122.33301,47.66613],[-122.33056,47.66634],[-122.32926,47.66511],[-122.33038,47.66366]]]},"properties":{"zone":0,"cell_type":"inclusion","proximity":4476.3,"opportunity":10138.4,"population":311}},{"type":"Feature","id":1701,"geometry":{"type":"Polygon","coordinates":[[[-122.25716,47.51492],[-122.2596,47.5147],[-122.26091,47.51594],[-122.25978,47.51739],[-122.25734,47.51761],[-122.25603,47.51637],[-122.25716,47.51492]]]},"properties":{"zone":3,"cell_type":"total isolation","proximity":550,"opportunity":3480.4,"population":314}},{"type":"Feature","id":1702,"geometry":{"type":"Polygon","coordinates":[[[-122.26101,47.6757],[-122.2631,47.67552],[-122.26418,47.67653],[-122.26322,47.67777],[-122.26113,47.67795],[-122.26005,47.67694],[-122.26101,47.6757]]]},"properties":{"zone":3,"cell_type":"total isolation","proximity":1808,"opportunity":7640,"population":148}},{"type":"Feature","id":1703,"geometry":{"type":"Polygon","coordinates":[[[-122.35056,47.72508],[-122.35287,47.72488],[-122.35409,47.72602],[-122.35303,47.72739],[-122.35072,47.72759],[-122.3495,47.72645],[-122.35056,47.72508]]]},"properties":{"zone":3,"cell_type":"total isolation","proximity":1643.6,"opportunity":6782.1,"population":234}},{"type":"Feature","id":1704,"geometry":{"type":"Polygon","coordinates":[[[-122.32576,47.60081],[-122.32835,47.60058],[-122.32975,47.6019],[-122.32856,47.60344],[-122.32597,47.60367],[-122.32457,47.60235],[-122.32576,47.60081]]]},"properties":{"zone":0,"cell_type":"inclusion","proximity":5235.7,"opportunity":12962.9,"population":1830}},{"type":"Feature","id":1705,"geometry":{"type":"Polygon","coordinates":[[[-122.32809,47.56038],[-122.32809,47.56038],[-122.32802,47.56038],[-122.32802,47.56038],[-122.32809,47.56038]]]},"properties":{"zone":3,"cell_type":"total isolation","proximity":1541.8,"opportunity":6806.2,"population":2}},{"type":"Feature","id":1706,"geometry":{"type":"Polygon","coordinates":[[[-122.38745,47.63215],[-122.3886,47.63205],[-122.38907,47.6325],[-122.38857,47.63316],[-122.38742,47.63326],[-122.38695,47.63281],[-122.38745,47.63215]]]},"properties":{"zone":2,"cell_type":"social isolation","proximity":2551.6,"opportunity":8554,"population":21}},{"type":"Feature","id":1707,"geometry":{"type":"Polygon","coordinates":[[[-122.31544,47.62039],[-122.31803,47.62016],[-122.31943,47.62147],[-122.31824,47.62301],[-122.31565,47.62324],[-122.31425,47.62193],[-122.31544,47.62039]]]},"properties":{"zone":0,"cell_type":"inclusion","proximity":5181.9,"opportunity":12083.1,"population":1273}},{"type":"Feature","id":1708,"geometry":{"type":"Polygon","coordinates":[[[-122.28041,47.67529],[-122.28275,47.67509],[-122.28399,47.67625],[-122.28291,47.67763],[-122.28058,47.67783],[-122.27934,47.67667],[-122.28041,47.67529]]]},"properties":{"zone":3,"cell_type":"total isolation","proximity":2528.8,"opportunity":7694.4,"population":247}},{"type":"Feature","id":1709,"geometry":{"type":"Polygon","coordinates":[[[-122.27487,47.64882],[-122.27671,47.64865],[-122.27762,47.64951],[-122.27679,47.65059],[-122.27495,47.65075],[-122.27404,47.64989],[-122.27487,47.64882]]]},"properties":{"zone":3,"cell_type":"total isolation","proximity":1822.7,"opportunity":54.2,"population":86}},{"type":"Feature","id":1710,"geometry":{"type":"Polygon","coordinates":[[[-122.34205,47.71446],[-122.3442,47.71427],[-122.34531,47.71532],[-122.34433,47.71658],[-122.34218,47.71677],[-122.34107,47.71573],[-122.34205,47.71446]]]},"properties":{"zone":3,"cell_type":"total isolation","proximity":2138.5,"opportunity":7473.6,"population":165}},{"type":"Feature","id":1711,"geometry":{"type":"Polygon","coordinates":[[[-122.33094,47.67216],[-122.33349,47.67193],[-122.33487,47.67322],[-122.33369,47.67474],[-122.33114,47.67496],[-122.32976,47.67368],[-122.33094,47.67216]]]},"properties":{"zone":0,"cell_type":"inclusion","proximity":4110.2,"opportunity":8567.6,"population":389}},{"type":"Feature","id":1712,"geometry":{"type":"Polygon","coordinates":[[[-122.30526,47.58421],[-122.3074,47.58402],[-122.30852,47.58507],[-122.30754,47.58634],[-122.30539,47.58652],[-122.30428,47.58548],[-122.30526,47.58421]]]},"properties":{"zone":0,"cell_type":"inclusion","proximity":2996.4,"opportunity":7962.7,"population":165}},{"type":"Feature","id":1713,"geometry":{"type":"Polygon","coordinates":[[[-122.32239,47.60829],[-122.32498,47.60806],[-122.32638,47.60937],[-122.32519,47.61092],[-122.3226,47.61114],[-122.3212,47.60983],[-122.32239,47.60829]]]},"properties":{"zone":0,"cell_type":"inclusion","proximity":5792.9,"opportunity":11696.8,"population":674}},{"type":"Feature","id":1714,"geometry":{"type":"Polygon","coordinates":[[[-122.31516,47.67065],[-122.31775,47.67042],[-122.31915,47.67174],[-122.31796,47.67328],[-122.31536,47.6735],[-122.31396,47.67219],[-122.31516,47.67065]]]},"properties":{"zone":0,"cell_type":"inclusion","proximity":4498.9,"opportunity":11227.4,"population":596}},{"type":"Feature","id":1715,"geometry":{"type":"Polygon","coordinates":[[[-122.27469,47.54211],[-122.2772,47.54189],[-122.27855,47.54316],[-122.27739,47.54465],[-122.27488,47.54487],[-122.27353,47.5436],[-122.27469,47.54211]]]},"properties":{"zone":3,"cell_type":"total isolation","proximity":1224.3,"opportunity":5265.6,"population":359}},{"type":"Feature","id":1716,"geometry":{"type":"Polygon","coordinates":[[[-122.40337,47.6444],[-122.40566,47.6442],[-122.40686,47.64533],[-122.40581,47.64668],[-122.40353,47.64689],[-122.40232,47.64575],[-122.40337,47.6444]]]},"properties":{"zone":3,"cell_type":"total isolation","proximity":1840.7,"opportunity":5073.3,"population":224}},{"type":"Feature","id":1717,"geometry":{"type":"Polygon","coordinates":[[[-122.32163,47.65014],[-122.32398,47.64994],[-122.32522,47.6511],[-122.32415,47.65249],[-122.3218,47.6527],[-122.32056,47.65153],[-122.32163,47.65014]]]},"properties":{"zone":0,"cell_type":"inclusion","proximity":4382.5,"opportunity":9561.9,"population":252}},{"type":"Feature","id":1718,"geometry":{"type":"Polygon","coordinates":[[[-122.37232,47.64983],[-122.37491,47.6496],[-122.37631,47.65091],[-122.37512,47.65245],[-122.37253,47.65268],[-122.37113,47.65137],[-122.37232,47.64983]]]},"properties":{"zone":0,"cell_type":"inclusion","proximity":3247.7,"opportunity":8514,"population":515}},{"type":"Feature","id":1719,"geometry":{"type":"Polygon","coordinates":[[[-122.36811,47.69902],[-122.37065,47.69879],[-122.37201,47.70007],[-122.37085,47.70158],[-122.36831,47.7018],[-122.36694,47.70052],[-122.36811,47.69902]]]},"properties":{"zone":3,"cell_type":"total isolation","proximity":2511.6,"opportunity":7556.9,"population":375}},{"type":"Feature","id":1720,"geometry":{"type":"Polygon","coordinates":[[[-122.3375,47.58254],[-122.3375,47.58254],[-122.33744,47.58255],[-122.33744,47.58255],[-122.3375,47.58254]]]},"properties":{"zone":3,"cell_type":"total isolation","proximity":2298.8,"opportunity":7790.6,"population":1}},{"type":"Feature","id":1721,"geometry":{"type":"Polygon","coordinates":[[[-122.3143,47.71238],[-122.31681,47.71215],[-122.31816,47.71342],[-122.31701,47.71491],[-122.31449,47.71513],[-122.31314,47.71387],[-122.3143,47.71238]]]},"properties":{"zone":3,"cell_type":"total isolation","proximity":2467.9,"opportunity":7426.9,"population":357}},{"type":"Feature","id":1722,"geometry":{"type":"Polygon","coordinates":[[[-122.2885,47.62435],[-122.29082,47.62415],[-122.29205,47.6253],[-122.29098,47.62668],[-122.28866,47.62688],[-122.28743,47.62573],[-122.2885,47.62435]]]},"properties":{"zone":1,"cell_type":"spatial isolation","proximity":3293.7,"opportunity":7183.5,"population":240}},{"type":"Feature","id":1723,"geometry":{"type":"Polygon","coordinates":[[[-122.29736,47.638],[-122.29958,47.63781],[-122.30073,47.63889],[-122.29972,47.6402],[-122.29751,47.64039],[-122.29635,47.63931],[-122.29736,47.638]]]},"properties":{"zone":0,"cell_type":"inclusion","proximity":3481.1,"opportunity":8928.8,"population":191}},{"type":"Feature","id":1724,"geometry":{"type":"Polygon","coordinates":[[[-122.28996,47.7002],[-122.29243,47.69998],[-122.29375,47.70122],[-122.29262,47.70268],[-122.29014,47.7029],[-122.28882,47.70166],[-122.28996,47.7002]]]},"properties":{"zone":3,"cell_type":"total isolation","proximity":2255.2,"opportunity":7150.9,"population":327}},{"type":"Feature","id":1725,"geometry":{"type":"Polygon","coordinates":[[[-122.28159,47.52995],[-122.28418,47.52973],[-122.28558,47.53104],[-122.28438,47.53258],[-122.2818,47.53281],[-122.2804,47.5315],[-122.28159,47.52995]]]},"properties":{"zone":3,"cell_type":"total isolation","proximity":1022,"opportunity":4977.5,"population":552}},{"type":"Feature","id":1726,"geometry":{"type":"Polygon","coordinates":[[[-122.35864,47.67687],[-122.36123,47.67664],[-122.36263,47.67795],[-122.36144,47.67949],[-122.35885,47.67972],[-122.35745,47.67841],[-122.35864,47.67687]]]},"properties":{"zone":1,"cell_type":"spatial isolation","proximity":3682.3,"opportunity":7158.4,"population":489}},{"type":"Feature","id":1727,"geometry":{"type":"Polygon","coordinates":[[[-122.28301,47.65379],[-122.28493,47.65362],[-122.2859,47.65453],[-122.28502,47.65566],[-122.2831,47.65583],[-122.28213,47.65492],[-122.28301,47.65379]]]},"properties":{"zone":3,"cell_type":"total isolation","proximity":2639.9,"opportunity":6418.1,"population":103}},{"type":"Feature","id":1728,"geometry":{"type":"Polygon","coordinates":[[[-122.34776,47.63477],[-122.35035,47.63455],[-122.35175,47.63586],[-122.35056,47.6374],[-122.34797,47.63763],[-122.34657,47.63631],[-122.34776,47.63477]]]},"properties":{"zone":0,"cell_type":"inclusion","proximity":4392.6,"opportunity":9876.6,"population":470}},{"type":"Feature","id":1729,"geometry":{"type":"Polygon","coordinates":[[[-122.34059,47.69715],[-122.34311,47.69693],[-122.34446,47.6982],[-122.34331,47.69969],[-122.34079,47.69991],[-122.33944,47.69865],[-122.34059,47.69715]]]},"properties":{"zone":0,"cell_type":"inclusion","proximity":3254.8,"opportunity":9330.9,"population":359}},{"type":"Feature","id":1730,"geometry":{"type":"Polygon","coordinates":[[[-122.2883,47.56558],[-122.29043,47.5654],[-122.29154,47.56644],[-122.29056,47.5677],[-122.28843,47.56789],[-122.28732,47.56685],[-122.2883,47.56558]]]},"properties":{"zone":3,"cell_type":"total isolation","proximity":1932.9,"opportunity":6517.6,"population":163}},{"type":"Feature","id":1731,"geometry":{"type":"Polygon","coordinates":[[[-122.31462,47.60897],[-122.31721,47.60874],[-122.31861,47.61006],[-122.31742,47.6116],[-122.31483,47.61183],[-122.31343,47.61051],[-122.31462,47.60897]]]},"properties":{"zone":0,"cell_type":"inclusion","proximity":5307.4,"opportunity":10429.9,"population":672}},{"type":"Feature","id":1732,"geometry":{"type":"Polygon","coordinates":[[[-122.29696,47.68816],[-122.29935,47.68795],[-122.30062,47.68914],[-122.29953,47.69055],[-122.29714,47.69076],[-122.29586,47.68957],[-122.29696,47.68816]]]},"properties":{"zone":1,"cell_type":"spatial isolation","proximity":2969.9,"opportunity":7586.6,"population":276}},{"type":"Feature","id":1733,"geometry":{"type":"Polygon","coordinates":[[[-122.3145,47.71522],[-122.31702,47.715],[-122.31838,47.71627],[-122.31722,47.71777],[-122.31469,47.71799],[-122.31334,47.71672],[-122.3145,47.71522]]]},"properties":{"zone":3,"cell_type":"total isolation","proximity":2276.1,"opportunity":7242.5,"population":365}},{"type":"Feature","id":1734,"geometry":{"type":"Polygon","coordinates":[[[-122.30578,47.70174],[-122.30815,47.70153],[-122.30942,47.70271],[-122.30832,47.70412],[-122.30595,47.70432],[-122.30469,47.70314],[-122.30578,47.70174]]]},"properties":{"zone":3,"cell_type":"total isolation","proximity":2774.5,"opportunity":6694.8,"population":267}},{"type":"Feature","id":1735,"geometry":{"type":"Polygon","coordinates":[[[-122.28474,47.51427],[-122.28666,47.5141],[-122.28763,47.51502],[-122.28675,47.51615],[-122.28483,47.51632],[-122.28386,47.5154],[-122.28474,47.51427]]]},"properties":{"zone":3,"cell_type":"total isolation","proximity":540.9,"opportunity":3243.1,"population":105}},{"type":"Feature","id":1736,"geometry":{"type":"Polygon","coordinates":[[[-122.31797,47.59882],[-122.32024,47.59862],[-122.32144,47.59974],[-122.3204,47.60109],[-122.31812,47.60129],[-122.31693,47.60016],[-122.31797,47.59882]]]},"properties":{"zone":0,"cell_type":"inclusion","proximity":4924.4,"opportunity":11281.4,"population":217}},{"type":"Feature","id":1737,"geometry":{"type":"Polygon","coordinates":[[[-122.32382,47.56175],[-122.32479,47.56166],[-122.32515,47.562],[-122.32473,47.56255],[-122.32376,47.56264],[-122.3234,47.5623],[-122.32382,47.56175]]]},"properties":{"zone":3,"cell_type":"total isolation","proximity":1776,"opportunity":6809.5,"population":14}},{"type":"Feature","id":1738,"geometry":{"type":"Polygon","coordinates":[[[-122.29127,47.55506],[-122.29374,47.55484],[-122.29506,47.55608],[-122.29392,47.55756],[-122.29145,47.55777],[-122.29013,47.55653],[-122.29127,47.55506]]]},"properties":{"zone":3,"cell_type":"total isolation","proximity":1597.2,"opportunity":6685.2,"population":330}},{"type":"Feature","id":1739,"geometry":{"type":"Polygon","coordinates":[[[-122.36455,47.65052],[-122.36714,47.65029],[-122.36854,47.6516],[-122.36735,47.65314],[-122.36476,47.65337],[-122.36336,47.65206],[-122.36455,47.65052]]]},"properties":{"zone":1,"cell_type":"spatial isolation","proximity":3020,"opportunity":7156.4,"population":482}},{"type":"Feature","id":1740,"geometry":{"type":"Polygon","coordinates":[[[-122.30142,47.58592],[-122.30367,47.58572],[-122.30485,47.58683],[-122.30382,47.58817],[-122.30157,47.58836],[-122.30038,47.58725],[-122.30142,47.58592]]]},"properties":{"zone":0,"cell_type":"inclusion","proximity":3091.2,"opportunity":9358.5,"population":209}},{"type":"Feature","id":1741,"geometry":{"type":"Polygon","coordinates":[[[-122.41562,47.64792],[-122.41742,47.64776],[-122.41831,47.6486],[-122.4175,47.64965],[-122.4157,47.64981],[-122.4148,47.64897],[-122.41562,47.64792]]]},"properties":{"zone":3,"cell_type":"total isolation","proximity":1274.4,"opportunity":2565.2,"population":81}},{"type":"Feature","id":1742,"geometry":{"type":"Polygon","coordinates":[[[-122.34233,47.61372],[-122.34492,47.61349],[-122.34632,47.6148],[-122.34513,47.61634],[-122.34254,47.61657],[-122.34114,47.61526],[-122.34233,47.61372]]]},"properties":{"zone":0,"cell_type":"inclusion","proximity":5673.2,"opportunity":14030.8,"population":1187}},{"type":"Feature","id":1743,"geometry":{"type":"Polygon","coordinates":[[[-122.30718,47.66848],[-122.30977,47.66826],[-122.31117,47.66957],[-122.30997,47.67111],[-122.30738,47.67134],[-122.30598,47.67002],[-122.30718,47.66848]]]},"properties":{"zone":0,"cell_type":"inclusion","proximity":4242.1,"opportunity":9738.1,"population":544}},{"type":"Feature","id":1744,"geometry":{"type":"Polygon","coordinates":[[[-122.29916,47.71945],[-122.30166,47.71924],[-122.30299,47.72049],[-122.30184,47.72196],[-122.29935,47.72218],[-122.29802,47.72093],[-122.29916,47.71945]]]},"properties":{"zone":3,"cell_type":"total isolation","proximity":1851.7,"opportunity":7049,"population":340}},{"type":"Feature","id":1745,"geometry":{"type":"Polygon","coordinates":[[[-122.28264,47.54427],[-122.28518,47.54405],[-122.28654,47.54533],[-122.28538,47.54684],[-122.28284,47.54706],[-122.28148,47.54578],[-122.28264,47.54427]]]},"properties":{"zone":3,"cell_type":"total isolation","proximity":1408.2,"opportunity":6200.5,"population":377}},{"type":"Feature","id":1746,"geometry":{"type":"Polygon","coordinates":[[[-122.39963,47.64621],[-122.40184,47.64601],[-122.403,47.6471],[-122.40199,47.64841],[-122.39978,47.64861],[-122.39862,47.64752],[-122.39963,47.64621]]]},"properties":{"zone":3,"cell_type":"total isolation","proximity":2029.8,"opportunity":5121.1,"population":192}},{"type":"Feature","id":1747,"geometry":{"type":"Polygon","coordinates":[[[-122.24679,47.68094],[-122.24679,47.68094],[-122.24672,47.68095],[-122.24672,47.68095],[-122.24679,47.68094]]]},"properties":{"zone":3,"cell_type":"total isolation","proximity":1142.6,"opportunity":2978.3,"population":0}},{"type":"Feature","id":1748,"geometry":{"type":"Polygon","coordinates":[[[-122.31605,47.57039],[-122.31809,47.57021],[-122.31914,47.5712],[-122.31821,47.57241],[-122.31616,47.57259],[-122.31511,47.5716],[-122.31605,47.57039]]]},"properties":{"zone":3,"cell_type":"total isolation","proximity":2112.8,"opportunity":7640.9,"population":135}},{"type":"Feature","id":1749,"geometry":{"type":"Polygon","coordinates":[[[-122.3488,47.64904],[-122.35139,47.64881],[-122.35279,47.65012],[-122.3516,47.65166],[-122.34901,47.65189],[-122.34761,47.65058],[-122.3488,47.64904]]]},"properties":{"zone":0,"cell_type":"inclusion","proximity":4668.5,"opportunity":11394.9,"population":418}},{"type":"Feature","id":1750,"geometry":{"type":"Polygon","coordinates":[[[-122.37583,47.69563],[-122.3781,47.69543],[-122.37929,47.69655],[-122.37826,47.69789],[-122.37599,47.69809],[-122.37479,47.69697],[-122.37583,47.69563]]]},"properties":{"zone":3,"cell_type":"total isolation","proximity":2488.9,"opportunity":7652.1,"population":214}},{"type":"Feature","id":1751,"geometry":{"type":"Polygon","coordinates":[[[-122.36442,47.70087],[-122.3668,47.70067],[-122.36806,47.70185],[-122.36697,47.70325],[-122.36459,47.70346],[-122.36333,47.70228],[-122.36442,47.70087]]]},"properties":{"zone":3,"cell_type":"total isolation","proximity":2531.7,"opportunity":7802.9,"population":268}},{"type":"Feature","id":1752,"geometry":{"type":"Polygon","coordinates":[[[-122.33119,47.62188],[-122.33378,47.62165],[-122.33518,47.62296],[-122.33399,47.6245],[-122.3314,47.62473],[-122.33,47.62342],[-122.33119,47.62188]]]},"properties":{"zone":0,"cell_type":"inclusion","proximity":5546.1,"opportunity":10976.2,"population":856}},{"type":"Feature","id":1753,"geometry":{"type":"Polygon","coordinates":[[[-122.31384,47.70398],[-122.31608,47.70378],[-122.31726,47.70488],[-122.31623,47.70621],[-122.31399,47.70641],[-122.31281,47.7053],[-122.31384,47.70398]]]},"properties":{"zone":2,"cell_type":"social isolation","proximity":2789.5,"opportunity":8166.1,"population":204}},{"type":"Feature","id":1754,"geometry":{"type":"Polygon","coordinates":[[[-122.3991,47.68821],[-122.40075,47.68806],[-122.40155,47.68881],[-122.4008,47.68978],[-122.39915,47.68992],[-122.39835,47.68918],[-122.3991,47.68821]]]},"properties":{"zone":3,"cell_type":"total isolation","proximity":1735.2,"opportunity":5605.5,"population":59}},{"type":"Feature","id":1755,"geometry":{"type":"Polygon","coordinates":[[[-122.3743,47.6756],[-122.3767,47.67539],[-122.37798,47.67659],[-122.37688,47.67801],[-122.37448,47.67823],[-122.37319,47.67703],[-122.3743,47.6756]]]},"properties":{"zone":0,"cell_type":"inclusion","proximity":3285.9,"opportunity":8023.7,"population":285}},{"type":"Feature","id":1756,"geometry":{"type":"Polygon","coordinates":[[[-122.27179,47.66454],[-122.27417,47.66433],[-122.27543,47.66552],[-122.27434,47.66692],[-122.27196,47.66713],[-122.2707,47.66595],[-122.27179,47.66454]]]},"properties":{"zone":3,"cell_type":"total isolation","proximity":2243.8,"opportunity":6644.6,"population":267}},{"type":"Feature","id":1757,"geometry":{"type":"Polygon","coordinates":[[[-122.35582,47.63702],[-122.35827,47.6368],[-122.35958,47.63803],[-122.35846,47.63949],[-122.35601,47.6397],[-122.3547,47.63847],[-122.35582,47.63702]]]},"properties":{"zone":0,"cell_type":"inclusion","proximity":4024.5,"opportunity":9270.6,"population":313}},{"type":"Feature","id":1758,"geometry":{"type":"Polygon","coordinates":[[[-122.33908,47.73026],[-122.3416,47.73004],[-122.34296,47.73131],[-122.3418,47.73281],[-122.33927,47.73303],[-122.33792,47.73176],[-122.33908,47.73026]]]},"properties":{"zone":3,"cell_type":"total isolation","proximity":1508.5,"opportunity":5432.1,"population":363}},{"type":"Feature","id":1759,"geometry":{"type":"Polygon","coordinates":[[[-122.34862,47.69936],[-122.35106,47.69915],[-122.35236,47.70037],[-122.35124,47.70181],[-122.3488,47.70203],[-122.3475,47.70081],[-122.34862,47.69936]]]},"properties":{"zone":0,"cell_type":"inclusion","proximity":3061.6,"opportunity":8808.1,"population":304}},{"type":"Feature","id":1760,"geometry":{"type":"Polygon","coordinates":[[[-122.31084,47.61074],[-122.31343,47.61051],[-122.31483,47.61183],[-122.31363,47.61337],[-122.31104,47.61359],[-122.30965,47.61228],[-122.31084,47.61074]]]},"properties":{"zone":0,"cell_type":"inclusion","proximity":5096.4,"opportunity":11084.6,"population":874}},{"type":"Feature","id":1761,"geometry":{"type":"Polygon","coordinates":[[[-122.32404,47.63112],[-122.32663,47.63089],[-122.32803,47.6322],[-122.32683,47.63374],[-122.32424,47.63397],[-122.32285,47.63266],[-122.32404,47.63112]]]},"properties":{"zone":0,"cell_type":"inclusion","proximity":4507.1,"opportunity":8899.5,"population":650}},{"type":"Feature","id":1762,"geometry":{"type":"Polygon","coordinates":[[[-122.31693,47.69358],[-122.31931,47.69337],[-122.32057,47.69456],[-122.31948,47.69597],[-122.3171,47.69618],[-122.31584,47.69499],[-122.31693,47.69358]]]},"properties":{"zone":0,"cell_type":"inclusion","proximity":3388.9,"opportunity":9887.6,"population":270}},{"type":"Feature","id":1763,"geometry":{"type":"Polygon","coordinates":[[[-122.38159,47.66384],[-122.38339,47.66368],[-122.38429,47.66453],[-122.38347,47.66559],[-122.38167,47.66575],[-122.38077,47.6649],[-122.38159,47.66384]]]},"properties":{"zone":0,"cell_type":"inclusion","proximity":3462.9,"opportunity":8681.5,"population":82}},{"type":"Feature","id":1764,"geometry":{"type":"Polygon","coordinates":[[[-122.28087,47.51596],[-122.28294,47.51577],[-122.284,47.51678],[-122.28306,47.518],[-122.28099,47.51818],[-122.27993,47.51718],[-122.28087,47.51596]]]},"properties":{"zone":3,"cell_type":"total isolation","proximity":641.6,"opportunity":5007.6,"population":142}},{"type":"Feature","id":1765,"geometry":{"type":"Polygon","coordinates":[[[-122.33358,47.59752],[-122.33573,47.59734],[-122.33684,47.59838],[-122.33586,47.59965],[-122.33371,47.59984],[-122.3326,47.59879],[-122.33358,47.59752]]]},"properties":{"zone":0,"cell_type":"inclusion","proximity":4790.9,"opportunity":13195.9,"population":166}},{"type":"Feature","id":1766,"geometry":{"type":"Polygon","coordinates":[[[-122.31498,47.55873],[-122.31744,47.55851],[-122.31876,47.55975],[-122.31763,47.56122],[-122.31516,47.56144],[-122.31384,47.5602],[-122.31498,47.55873]]]},"properties":{"zone":3,"cell_type":"total isolation","proximity":1803.9,"opportunity":6833.5,"population":327}},{"type":"Feature","id":1767,"geometry":{"type":"Polygon","coordinates":[[[-122.24909,47.50998],[-122.25135,47.50978],[-122.25254,47.5109],[-122.25151,47.51225],[-122.24924,47.51244],[-122.24805,47.51132],[-122.24909,47.50998]]]},"properties":{"zone":3,"cell_type":"total isolation","proximity":384.4,"opportunity":2546.4,"population":213}},{"type":"Feature","id":1768,"geometry":{"type":"Polygon","coordinates":[[[-122.29065,47.54649],[-122.29312,47.54627],[-122.29444,47.54751],[-122.29331,47.54898],[-122.29084,47.5492],[-122.28952,47.54796],[-122.29065,47.54649]]]},"properties":{"zone":3,"cell_type":"total isolation","proximity":1471.2,"opportunity":5275.6,"population":328}},{"type":"Feature","id":1769,"geometry":{"type":"Polygon","coordinates":[[[-122.40498,47.65655],[-122.40593,47.65647],[-122.40629,47.6568],[-122.40587,47.65734],[-122.40492,47.65742],[-122.40456,47.65709],[-122.40498,47.65655]]]},"properties":{"zone":3,"cell_type":"total isolation","proximity":1871,"opportunity":5611,"population":14}},{"type":"Feature","id":1770,"geometry":{"type":"Polygon","coordinates":[[[-122.3037,47.62],[-122.30626,47.61977],[-122.30765,47.62107],[-122.30647,47.6226],[-122.3039,47.62282],[-122.30251,47.62152],[-122.3037,47.62]]]},"properties":{"zone":0,"cell_type":"inclusion","proximity":4475.9,"opportunity":10670.2,"population":401}},{"type":"Feature","id":1771,"geometry":{"type":"Polygon","coordinates":[[[-122.33339,47.70635],[-122.33598,47.70612],[-122.33738,47.70743],[-122.33619,47.70897],[-122.3336,47.7092],[-122.3322,47.70789],[-122.33339,47.70635]]]},"properties":{"zone":2,"cell_type":"social isolation","proximity":2859.4,"opportunity":9506.7,"population":552}},{"type":"Feature","id":1772,"geometry":{"type":"Polygon","coordinates":[[[-122.3417,47.58648],[-122.3417,47.58648],[-122.34163,47.58649],[-122.34163,47.58649],[-122.3417,47.58648]]]},"properties":{"zone":3,"cell_type":"total isolation","proximity":2072.4,"opportunity":22.4,"population":2}},{"type":"Feature","id":1773,"geometry":{"type":"Polygon","coordinates":[[[-122.28139,47.57507],[-122.2831,47.57492],[-122.28393,47.57571],[-122.28316,47.57671],[-122.28145,47.57686],[-122.28062,47.57607],[-122.28139,47.57507]]]},"properties":{"zone":3,"cell_type":"total isolation","proximity":1611.9,"opportunity":4852.1,"population":67}},{"type":"Feature","id":1774,"geometry":{"type":"Polygon","coordinates":[[[-122.32995,47.60475],[-122.33254,47.60452],[-122.33394,47.60584],[-122.33275,47.60738],[-122.33016,47.60761],[-122.32876,47.60629],[-122.32995,47.60475]]]},"properties":{"zone":0,"cell_type":"inclusion","proximity":5749.1,"opportunity":14018.3,"population":424}},{"type":"Feature","id":1775,"geometry":{"type":"Polygon","coordinates":[[[-122.30737,47.72183],[-122.30949,47.72165],[-122.31058,47.72267],[-122.30961,47.72392],[-122.3075,47.72411],[-122.3064,47.72308],[-122.30737,47.72183]]]},"properties":{"zone":3,"cell_type":"total isolation","proximity":1837.4,"opportunity":6555.8,"population":156}},{"type":"Feature","id":1776,"geometry":{"type":"Polygon","coordinates":[[[-122.27025,47.53526],[-122.27284,47.53503],[-122.27424,47.53635],[-122.27304,47.53789],[-122.27045,47.53812],[-122.26906,47.5368],[-122.27025,47.53526]]]},"properties":{"zone":3,"cell_type":"total isolation","proximity":1001,"opportunity":5243.1,"population":716}},{"type":"Feature","id":1777,"geometry":{"type":"Polygon","coordinates":[[[-122.39157,47.64396],[-122.39393,47.64375],[-122.39518,47.64493],[-122.3941,47.64633],[-122.39174,47.64654],[-122.39048,47.64536],[-122.39157,47.64396]]]},"properties":{"zone":3,"cell_type":"total isolation","proximity":2299.6,"opportunity":6391.6,"population":262}},{"type":"Feature","id":1778,"geometry":{"type":"Polygon","coordinates":[[[-122.34502,47.65081],[-122.34761,47.65058],[-122.34901,47.65189],[-122.34781,47.65343],[-122.34522,47.65366],[-122.34382,47.65235],[-122.34502,47.65081]]]},"properties":{"zone":0,"cell_type":"inclusion","proximity":4675.8,"opportunity":11352.8,"population":737}},{"type":"Feature","id":1779,"geometry":{"type":"Polygon","coordinates":[[[-122.26484,47.50884],[-122.26672,47.50867],[-122.26767,47.50957],[-122.26681,47.51068],[-122.26493,47.51084],[-122.26398,47.50995],[-122.26484,47.50884]]]},"properties":{"zone":3,"cell_type":"total isolation","proximity":475.5,"opportunity":3600.9,"population":97}},{"type":"Feature","id":1780,"geometry":{"type":"Polygon","coordinates":[[[-122.3331,47.57574],[-122.3331,47.57574],[-122.33304,47.57575],[-122.33304,47.57575],[-122.3331,47.57574]]]},"properties":{"zone":2,"cell_type":"social isolation","proximity":2393.5,"opportunity":7923.1,"population":0}},{"type":"Feature","id":1781,"geometry":{"type":"Polygon","coordinates":[[[-122.31008,47.70577],[-122.31228,47.70557],[-122.31343,47.70665],[-122.31242,47.70795],[-122.31022,47.70815],[-122.30906,47.70707],[-122.31008,47.70577]]]},"properties":{"zone":2,"cell_type":"social isolation","proximity":2714.9,"opportunity":8090,"population":187}},{"type":"Feature","id":1782,"geometry":{"type":"Polygon","coordinates":[[[-122.39798,47.67918],[-122.40048,47.67896],[-122.40182,47.68022],[-122.40067,47.6817],[-122.39817,47.68193],[-122.39683,47.68067],[-122.39798,47.67918]]]},"properties":{"zone":3,"cell_type":"total isolation","proximity":2059.3,"opportunity":5195.3,"population":348}},{"type":"Feature","id":1783,"geometry":{"type":"Polygon","coordinates":[[[-122.2662,47.53145],[-122.26855,47.53124],[-122.26979,47.53241],[-122.26871,47.53381],[-122.26637,47.53401],[-122.26513,47.53284],[-122.2662,47.53145]]]},"properties":{"zone":3,"cell_type":"total isolation","proximity":864.2,"opportunity":4733.8,"population":253}},{"type":"Feature","id":1784,"geometry":{"type":"Polygon","coordinates":[[[-122.27822,47.69983],[-122.28063,47.69962],[-122.28191,47.70082],[-122.2808,47.70224],[-122.2784,47.70245],[-122.27712,47.70125],[-122.27822,47.69983]]]},"properties":{"zone":3,"cell_type":"total isolation","proximity":1682.7,"opportunity":5084.7,"population":283}},{"type":"Feature","id":1785,"geometry":{"type":"Polygon","coordinates":[[[-122.27974,47.66668],[-122.28218,47.66646],[-122.28348,47.66768],[-122.28236,47.66913],[-122.27992,47.66934],[-122.27862,47.66812],[-122.27974,47.66668]]]},"properties":{"zone":3,"cell_type":"total isolation","proximity":2699.5,"opportunity":7248.7,"population":306}},{"type":"Feature","id":1786,"geometry":{"type":"Polygon","coordinates":[[[-122.37128,47.63557],[-122.37387,47.63534],[-122.37527,47.63665],[-122.37408,47.63819],[-122.37149,47.63842],[-122.37009,47.63711],[-122.37128,47.63557]]]},"properties":{"zone":0,"cell_type":"inclusion","proximity":3283.8,"opportunity":8589.1,"population":563}},{"type":"Feature","id":1787,"geometry":{"type":"Polygon","coordinates":[[[-122.33619,47.69037],[-122.33871,47.69015],[-122.34006,47.69141],[-122.3389,47.69291],[-122.33638,47.69313],[-122.33503,47.69186],[-122.33619,47.69037]]]},"properties":{"zone":0,"cell_type":"inclusion","proximity":3481.2,"opportunity":9523.1,"population":361}},{"type":"Feature","id":1788,"geometry":{"type":"Polygon","coordinates":[[[-122.30418,47.57254],[-122.30677,47.57231],[-122.30817,47.57362],[-122.30698,47.57516],[-122.30439,47.57539],[-122.30299,47.57408],[-122.30418,47.57254]]]},"properties":{"zone":3,"cell_type":"total isolation","proximity":2380.6,"opportunity":7403.9,"population":427}},{"type":"Feature","id":1789,"geometry":{"type":"Polygon","coordinates":[[[-122.3029,47.6086],[-122.30543,47.60838],[-122.30678,47.60966],[-122.30562,47.61116],[-122.30309,47.61138],[-122.30174,47.6101],[-122.3029,47.6086]]]},"properties":{"zone":0,"cell_type":"inclusion","proximity":4297.9,"opportunity":8814.2,"population":367}},{"type":"Feature","id":1790,"geometry":{"type":"Polygon","coordinates":[[[-122.33976,47.62992],[-122.34205,47.62972],[-122.34325,47.63085],[-122.3422,47.63221],[-122.33991,47.63241],[-122.33871,47.63128],[-122.33976,47.62992]]]},"properties":{"zone":0,"cell_type":"inclusion","proximity":4842.1,"opportunity":11975.4,"population":225}},{"type":"Feature","id":1791,"geometry":{"type":"Polygon","coordinates":[[[-122.30452,47.6846],[-122.30694,47.68439],[-122.30823,47.6856],[-122.30712,47.68704],[-122.3047,47.68725],[-122.30341,47.68604],[-122.30452,47.6846]]]},"properties":{"zone":0,"cell_type":"inclusion","proximity":3423.3,"opportunity":8925.5,"population":294}},{"type":"Feature","id":1792,"geometry":{"type":"Polygon","coordinates":[[[-122.2801,47.56053],[-122.28227,47.56034],[-122.2834,47.5614],[-122.2824,47.56269],[-122.28023,47.56288],[-122.27911,47.56182],[-122.2801,47.56053]]]},"properties":{"zone":3,"cell_type":"total isolation","proximity":1592.7,"opportunity":5807.6,"population":175}},{"type":"Feature","id":1793,"geometry":{"type":"Polygon","coordinates":[[[-122.40125,47.66898],[-122.40355,47.66878],[-122.40475,47.66991],[-122.4037,47.67126],[-122.40141,47.67147],[-122.40021,47.67034],[-122.40125,47.66898]]]},"properties":{"zone":3,"cell_type":"total isolation","proximity":2238.6,"opportunity":6306.7,"population":225}},{"type":"Feature","id":1794,"geometry":{"type":"Polygon","coordinates":[[[-122.27293,47.5138],[-122.27495,47.51363],[-122.27598,47.5146],[-122.27506,47.51579],[-122.27305,47.51597],[-122.27201,47.515],[-122.27293,47.5138]]]},"properties":{"zone":3,"cell_type":"total isolation","proximity":599,"opportunity":4602.5,"population":128}},{"type":"Feature","id":1795,"geometry":{"type":"Polygon","coordinates":[[[-122.36626,47.72384],[-122.36833,47.72366],[-122.3694,47.72466],[-122.36845,47.72588],[-122.36638,47.72606],[-122.36531,47.72506],[-122.36626,47.72384]]]},"properties":{"zone":3,"cell_type":"total isolation","proximity":1263.2,"opportunity":3627.5,"population":142}},{"type":"Feature","id":1796,"geometry":{"type":"Polygon","coordinates":[[[-122.27268,47.67601],[-122.27494,47.67581],[-122.27613,47.67693],[-122.27509,47.67827],[-122.27283,47.67847],[-122.27164,47.67735],[-122.27268,47.67601]]]},"properties":{"zone":3,"cell_type":"total isolation","proximity":2095.4,"opportunity":7172,"population":213}},{"type":"Feature","id":1797,"geometry":{"type":"Polygon","coordinates":[[[-122.2485,47.50142],[-122.25073,47.50122],[-122.2519,47.50233],[-122.25088,47.50365],[-122.24864,47.50385],[-122.24747,47.50274],[-122.2485,47.50142]]]},"properties":{"zone":3,"cell_type":"total isolation","proximity":297.7,"opportunity":3998.8,"population":201}},{"type":"Feature","id":1798,"geometry":{"type":"Polygon","coordinates":[[[-122.28681,47.54819],[-122.28939,47.54797],[-122.29078,47.54928],[-122.28959,47.55081],[-122.28701,47.55104],[-122.28562,47.54973],[-122.28681,47.54819]]]},"properties":{"zone":3,"cell_type":"total isolation","proximity":1497.6,"opportunity":6377.1,"population":409}},{"type":"Feature","id":1799,"geometry":{"type":"Polygon","coordinates":[[[-122.30467,47.63155],[-122.30698,47.63135],[-122.3082,47.6325],[-122.30714,47.63387],[-122.30483,47.63407],[-122.3036,47.63292],[-122.30467,47.63155]]]},"properties":{"zone":0,"cell_type":"inclusion","proximity":3894.5,"opportunity":8331.5,"population":236}},{"type":"Feature","id":1800,"geometry":{"type":"Polygon","coordinates":[[[-122.32965,47.70815],[-122.33217,47.70793],[-122.33352,47.7092],[-122.33236,47.7107],[-122.32984,47.71092],[-122.32849,47.70965],[-122.32965,47.70815]]]},"properties":{"zone":2,"cell_type":"social isolation","proximity":2614.2,"opportunity":8499.9,"population":362}},{"type":"Feature","id":1801,"geometry":{"type":"Polygon","coordinates":[[[-122.3305,47.66643],[-122.33309,47.66621],[-122.33449,47.66752],[-122.3333,47.66906],[-122.33071,47.66929],[-122.32931,47.66797],[-122.3305,47.66643]]]},"properties":{"zone":0,"cell_type":"inclusion","proximity":4314,"opportunity":9417.8,"population":464}},{"type":"Feature","id":1802,"geometry":{"type":"Polygon","coordinates":[[[-122.29284,47.57784],[-122.29543,47.57761],[-122.29682,47.57893],[-122.29563,47.58047],[-122.29304,47.5807],[-122.29164,47.57938],[-122.29284,47.57784]]]},"properties":{"zone":3,"cell_type":"total isolation","proximity":2322.8,"opportunity":7576.8,"population":462}},{"type":"Feature","id":1803,"geometry":{"type":"Polygon","coordinates":[[[-122.35424,47.67008],[-122.35683,47.66985],[-122.35823,47.67117],[-122.35704,47.67271],[-122.35445,47.67293],[-122.35305,47.67162],[-122.35424,47.67008]]]},"properties":{"zone":0,"cell_type":"inclusion","proximity":4063.2,"opportunity":9859.4,"population":497}},{"type":"Feature","id":1804,"geometry":{"type":"Polygon","coordinates":[[[-122.2774,47.63521],[-122.27999,47.63498],[-122.28139,47.6363],[-122.2802,47.63784],[-122.2776,47.63806],[-122.27621,47.63675],[-122.2774,47.63521]]]},"properties":{"zone":3,"cell_type":"total isolation","proximity":2058.4,"opportunity":4965.8,"population":422}},{"type":"Feature","id":1805,"geometry":{"type":"Polygon","coordinates":[[[-122.28633,47.64096],[-122.28764,47.64085],[-122.28821,47.64139],[-122.28763,47.64214],[-122.28633,47.64225],[-122.28575,47.64171],[-122.28633,47.64096]]]},"properties":{"zone":3,"cell_type":"total isolation","proximity":1705.6,"opportunity":114.8,"population":29}},{"type":"Feature","id":1806,"geometry":{"type":"Polygon","coordinates":[[[-122.38081,47.70561],[-122.38246,47.70546],[-122.38326,47.70621],[-122.38251,47.70717],[-122.38086,47.70732],[-122.38006,47.70657],[-122.38081,47.70561]]]},"properties":{"zone":3,"cell_type":"total isolation","proximity":1734.2,"opportunity":34.5,"population":59}},{"type":"Feature","id":1807,"geometry":{"type":"Polygon","coordinates":[[[-122.4132,47.6616],[-122.4141,47.66152],[-122.41441,47.66182],[-122.41402,47.66232],[-122.41313,47.6624],[-122.41281,47.6621],[-122.4132,47.6616]]]},"properties":{"zone":3,"cell_type":"total isolation","proximity":1419.2,"opportunity":2921.6,"population":12}},{"type":"Feature","id":1808,"geometry":{"type":"Polygon","coordinates":[[[-122.33793,47.60692],[-122.34052,47.60669],[-122.34192,47.60801],[-122.34072,47.60955],[-122.33814,47.60978],[-122.33674,47.60846],[-122.33793,47.60692]]]},"properties":{"zone":0,"cell_type":"inclusion","proximity":5652.9,"opportunity":14344.7,"population":1373}},{"type":"Feature","id":1809,"geometry":{"type":"Polygon","coordinates":[[[-122.35593,47.69292],[-122.35846,47.6927],[-122.35982,47.69397],[-122.35866,47.69548],[-122.35613,47.6957],[-122.35477,47.69443],[-122.35593,47.69292]]]},"properties":{"zone":0,"cell_type":"inclusion","proximity":3212,"opportunity":8170.7,"population":369}},{"type":"Feature","id":1810,"geometry":{"type":"Polygon","coordinates":[[[-122.32298,47.72052],[-122.32501,47.72034],[-122.32604,47.72131],[-122.32512,47.7225],[-122.3231,47.72268],[-122.32206,47.72171],[-122.32298,47.72052]]]},"properties":{"zone":3,"cell_type":"total isolation","proximity":2094,"opportunity":6787.2,"population":128}},{"type":"Feature","id":1811,"geometry":{"type":"Polygon","coordinates":[[[-122.33704,47.64864],[-122.33963,47.64841],[-122.34103,47.64972],[-122.33983,47.65126],[-122.33724,47.65149],[-122.33584,47.65018],[-122.33704,47.64864]]]},"properties":{"zone":0,"cell_type":"inclusion","proximity":4291.5,"opportunity":10516.4,"population":430}},{"type":"Feature","id":1812,"geometry":{"type":"Polygon","coordinates":[[[-122.29091,47.71438],[-122.29351,47.71415],[-122.29491,47.71546],[-122.29371,47.717],[-122.29112,47.71723],[-122.28972,47.71592],[-122.29091,47.71438]]]},"properties":{"zone":3,"cell_type":"total isolation","proximity":1896.5,"opportunity":7792.8,"population":565}},{"type":"Feature","id":1813,"geometry":{"type":"Polygon","coordinates":[[[-122.39418,47.68094],[-122.39671,47.68071],[-122.39806,47.68199],[-122.3969,47.68349],[-122.39438,47.68371],[-122.39302,47.68244],[-122.39418,47.68094]]]},"properties":{"zone":3,"cell_type":"total isolation","proximity":2223,"opportunity":5762.2,"population":367}},{"type":"Feature","id":1814,"geometry":{"type":"Polygon","coordinates":[[[-122.31283,47.63656],[-122.31518,47.63635],[-122.31642,47.63752],[-122.31534,47.63891],[-122.313,47.63912],[-122.31175,47.63795],[-122.31283,47.63656]]]},"properties":{"zone":0,"cell_type":"inclusion","proximity":3941.3,"opportunity":7943.4,"population":254}},{"type":"Feature","id":1815,"geometry":{"type":"Polygon","coordinates":[[[-122.36243,47.6751],[-122.36502,47.67487],[-122.36642,47.67618],[-122.36522,47.67772],[-122.36263,47.67795],[-122.36123,47.67664],[-122.36243,47.6751]]]},"properties":{"zone":0,"cell_type":"inclusion","proximity":3645.7,"opportunity":9069.2,"population":420}},{"type":"Feature","id":1816,"geometry":{"type":"Polygon","coordinates":[[[-122.26774,47.65808],[-122.26952,47.65792],[-122.27041,47.65875],[-122.2696,47.6598],[-122.26781,47.65996],[-122.26693,47.65913],[-122.26774,47.65808]]]},"properties":{"zone":3,"cell_type":"total isolation","proximity":1881.8,"opportunity":5796.6,"population":78}},{"type":"Feature","id":1817,"geometry":{"type":"Polygon","coordinates":[[[-122.305,47.56528],[-122.305,47.56528],[-122.30493,47.56529],[-122.30493,47.56529],[-122.305,47.56528]]]},"properties":{"zone":3,"cell_type":"total isolation","proximity":1674.5,"opportunity":5938.6,"population":1}},{"type":"Feature","id":1818,"geometry":{"type":"Polygon","coordinates":[[[-122.34651,47.6655],[-122.34831,47.66534],[-122.34921,47.66619],[-122.34839,47.66725],[-122.34658,47.66741],[-122.34568,47.66657],[-122.34651,47.6655]]]},"properties":{"zone":0,"cell_type":"inclusion","proximity":4273.9,"opportunity":10091.4,"population":82}},{"type":"Feature","id":1819,"geometry":{"type":"Polygon","coordinates":[[[-122.34756,47.63192],[-122.35015,47.63169],[-122.35155,47.633],[-122.35035,47.63455],[-122.34776,47.63477],[-122.34637,47.63346],[-122.34756,47.63192]]]},"properties":{"zone":0,"cell_type":"inclusion","proximity":4485,"opportunity":10608.8,"population":463}},{"type":"Feature","id":1820,"geometry":{"type":"Polygon","coordinates":[[[-122.31251,47.68678],[-122.31492,47.68657],[-122.3162,47.68777],[-122.3151,47.6892],[-122.31268,47.68941],[-122.3114,47.68821],[-122.31251,47.68678]]]},"properties":{"zone":0,"cell_type":"inclusion","proximity":3681.3,"opportunity":9336.4,"population":289}},{"type":"Feature","id":1821,"geometry":{"type":"Polygon","coordinates":[[[-122.38956,47.6607],[-122.39066,47.6606],[-122.39111,47.66102],[-122.39063,47.66165],[-122.38952,47.66175],[-122.38907,47.66133],[-122.38956,47.6607]]]},"properties":{"zone":3,"cell_type":"total isolation","proximity":2253.1,"opportunity":5460.1,"population":19}},{"type":"Feature","id":1822,"geometry":{"type":"Polygon","coordinates":[[[-122.31256,47.58042],[-122.31515,47.58019],[-122.31655,47.58151],[-122.31536,47.58305],[-122.31277,47.58328],[-122.31137,47.58196],[-122.31256,47.58042]]]},"properties":{"zone":0,"cell_type":"inclusion","proximity":2937.1,"opportunity":9325.3,"population":712}},{"type":"Feature","id":1823,"geometry":{"type":"Polygon","coordinates":[[[-122.26193,47.52475],[-122.26407,47.52456],[-122.26519,47.52562],[-122.26421,47.52689],[-122.26206,47.52708],[-122.26094,47.52602],[-122.26193,47.52475]]]},"properties":{"zone":3,"cell_type":"total isolation","proximity":746.6,"opportunity":3842.6,"population":168}},{"type":"Feature","id":1824,"geometry":{"type":"Polygon","coordinates":[[[-122.32963,47.59116],[-122.33101,47.59104],[-122.33163,47.59163],[-122.33101,47.59242],[-122.32964,47.59255],[-122.32901,47.59196],[-122.32963,47.59116]]]},"properties":{"zone":0,"cell_type":"inclusion","proximity":3860,"opportunity":11926.3,"population":34}},{"type":"Feature","id":1825,"geometry":{"type":"Polygon","coordinates":[[[-122.33961,47.56064],[-122.34013,47.56059],[-122.3402,47.56066],[-122.33999,47.56093],[-122.33948,47.56098],[-122.3394,47.56091],[-122.33961,47.56064]]]},"properties":{"zone":3,"cell_type":"total isolation","proximity":1530.7,"opportunity":820.5,"population":6}},{"type":"Feature","id":1826,"geometry":{"type":"Polygon","coordinates":[[[-122.28806,47.67448],[-122.29063,47.67425],[-122.29201,47.67555],[-122.29083,47.67708],[-122.28826,47.6773],[-122.28687,47.676],[-122.28806,47.67448]]]},"properties":{"zone":0,"cell_type":"inclusion","proximity":2967.1,"opportunity":8014.3,"population":401}},{"type":"Feature","id":1827,"geometry":{"type":"Polygon","coordinates":[[[-122.24484,47.5033],[-122.24687,47.50312],[-122.24791,47.50411],[-122.24698,47.50531],[-122.24495,47.50548],[-122.24391,47.5045],[-122.24484,47.5033]]]},"properties":{"zone":3,"cell_type":"total isolation","proximity":284,"opportunity":2426.2,"population":131}},{"type":"Feature","id":1828,"geometry":{"type":"Polygon","coordinates":[[[-122.30679,47.55369],[-122.30927,47.55347],[-122.3106,47.55472],[-122.30946,47.5562],[-122.30698,47.55642],[-122.30565,47.55517],[-122.30679,47.55369]]]},"properties":{"zone":3,"cell_type":"total isolation","proximity":1476.4,"opportunity":5359.7,"population":335}},{"type":"Feature","id":1829,"geometry":{"type":"Polygon","coordinates":[[[-122.30083,47.63327],[-122.30324,47.63306],[-122.30452,47.63426],[-122.30341,47.63569],[-122.301,47.6359],[-122.29972,47.6347],[-122.30083,47.63327]]]},"properties":{"zone":0,"cell_type":"inclusion","proximity":3820.4,"opportunity":9130.7,"population":289}},{"type":"Feature","id":1830,"geometry":{"type":"Polygon","coordinates":[[[-122.34981,47.71376],[-122.35199,47.71357],[-122.35312,47.71463],[-122.35212,47.71591],[-122.34995,47.7161],[-122.34882,47.71504],[-122.34981,47.71376]]]},"properties":{"zone":3,"cell_type":"total isolation","proximity":2186.7,"opportunity":6790.8,"population":174}},{"type":"Feature","id":1831,"geometry":{"type":"Polygon","coordinates":[[[-122.32676,47.66824],[-122.32928,47.66802],[-122.33063,47.66929],[-122.32947,47.67078],[-122.32695,47.67101],[-122.3256,47.66974],[-122.32676,47.66824]]]},"properties":{"zone":0,"cell_type":"inclusion","proximity":4290.5,"opportunity":8181.5,"population":362}},{"type":"Feature","id":1832,"geometry":{"type":"Polygon","coordinates":[[[-122.35362,47.66153],[-122.35621,47.6613],[-122.35761,47.66261],[-122.35641,47.66415],[-122.35382,47.66438],[-122.35242,47.66307],[-122.35362,47.66153]]]},"properties":{"zone":0,"cell_type":"inclusion","proximity":4357.6,"opportunity":10459,"population":580}},{"type":"Feature","id":1833,"geometry":{"type":"Polygon","coordinates":[[[-122.35134,47.63015],[-122.35393,47.62992],[-122.35533,47.63124],[-122.35414,47.63278],[-122.35155,47.633],[-122.35015,47.63169],[-122.35134,47.63015]]]},"properties":{"zone":0,"cell_type":"inclusion","proximity":4340.5,"opportunity":9336.6,"population":466}},{"type":"Feature","id":1834,"geometry":{"type":"Polygon","coordinates":[[[-122.35138,47.67009],[-122.35203,47.67003],[-122.35219,47.67018],[-122.35191,47.67053],[-122.35127,47.67059],[-122.35111,47.67044],[-122.35138,47.67009]]]},"properties":{"zone":0,"cell_type":"inclusion","proximity":4085,"opportunity":9402.3,"population":7}},{"type":"Feature","id":1835,"geometry":{"type":"Polygon","coordinates":[[[-122.29518,47.66255],[-122.29746,47.66235],[-122.29866,47.66348],[-122.29762,47.66483],[-122.29533,47.66503],[-122.29413,47.6639],[-122.29518,47.66255]]]},"properties":{"zone":0,"cell_type":"inclusion","proximity":3775.8,"opportunity":10582.4,"population":220}},{"type":"Feature","id":1836,"geometry":{"type":"Polygon","coordinates":[[[-122.327,47.61794],[-122.32959,47.61771],[-122.33098,47.61902],[-122.32979,47.62056],[-122.3272,47.62079],[-122.3258,47.61948],[-122.327,47.61794]]]},"properties":{"zone":0,"cell_type":"inclusion","proximity":5827,"opportunity":12726.3,"population":993}},{"type":"Feature","id":1837,"geometry":{"type":"Polygon","coordinates":[[[-122.32379,47.56703],[-122.32552,47.56688],[-122.32636,47.56768],[-122.32558,47.56869],[-122.32386,47.56884],[-122.32301,47.56805],[-122.32379,47.56703]]]},"properties":{"zone":3,"cell_type":"total isolation","proximity":2007.4,"opportunity":7174.5,"population":69}},{"type":"Feature","id":1838,"geometry":{"type":"Polygon","coordinates":[[[-122.30176,47.69798],[-122.30382,47.6978],[-122.30489,47.69879],[-122.30394,47.7],[-122.30188,47.70019],[-122.30082,47.69919],[-122.30176,47.69798]]]},"properties":{"zone":3,"cell_type":"total isolation","proximity":2725.7,"opportunity":5814.5,"population":139}},{"type":"Feature","id":1839,"geometry":{"type":"Polygon","coordinates":[[[-122.38867,47.65719],[-122.39094,47.65699],[-122.39213,47.65811],[-122.3911,47.65945],[-122.38883,47.65965],[-122.38764,47.65854],[-122.38867,47.65719]]]},"properties":{"zone":3,"cell_type":"total isolation","proximity":2402.6,"opportunity":5810.7,"population":214}},{"type":"Feature","id":1840,"geometry":{"type":"Polygon","coordinates":[[[-122.26111,47.67846],[-122.26337,47.67826],[-122.26456,47.67938],[-122.26352,47.68071],[-122.26126,47.68091],[-122.26007,47.6798],[-122.26111,47.67846]]]},"properties":{"zone":3,"cell_type":"total isolation","proximity":1802.5,"opportunity":7782.3,"population":211}},{"type":"Feature","id":1841,"geometry":{"type":"Polygon","coordinates":[[[-122.3261,47.65965],[-122.32869,47.65942],[-122.33009,47.66073],[-122.3289,47.66227],[-122.32631,47.6625],[-122.32491,47.66119],[-122.3261,47.65965]]]},"properties":{"zone":0,"cell_type":"inclusion","proximity":4593.8,"opportunity":10271.4,"population":428}},{"type":"Feature","id":1842,"geometry":{"type":"Polygon","coordinates":[[[-122.26023,47.50181],[-122.26249,47.50162],[-122.26368,47.50274],[-122.26264,47.50409],[-122.26038,47.50428],[-122.25919,47.50316],[-122.26023,47.50181]]]},"properties":{"zone":3,"cell_type":"total isolation","proximity":330.7,"opportunity":2421.4,"population":215}},{"type":"Feature","id":1843,"geometry":{"type":"Polygon","coordinates":[[[-122.29908,47.71672],[-122.30136,47.71652],[-122.30257,47.71765],[-122.30152,47.719],[-122.29923,47.7192],[-122.29803,47.71807],[-122.29908,47.71672]]]},"properties":{"zone":3,"cell_type":"total isolation","proximity":1942.2,"opportunity":7536.8,"population":222}},{"type":"Feature","id":1844,"geometry":{"type":"Polygon","coordinates":[[[-122.27,47.69212],[-122.27211,47.69194],[-122.27321,47.69296],[-122.27224,47.69421],[-122.27013,47.69439],[-122.26903,47.69337],[-122.27,47.69212]]]},"properties":{"zone":3,"cell_type":"total isolation","proximity":1513.5,"opportunity":7558.8,"population":155}},{"type":"Feature","id":1845,"geometry":{"type":"Polygon","coordinates":[[[-122.38774,47.6988],[-122.39013,47.69859],[-122.3914,47.69978],[-122.3903,47.7012],[-122.38791,47.70141],[-122.38664,47.70022],[-122.38774,47.6988]]]},"properties":{"zone":3,"cell_type":"total isolation","proximity":1720.6,"opportunity":4733.1,"population":277}},{"type":"Feature","id":1846,"geometry":{"type":"Polygon","coordinates":[[[-122.30908,47.63836],[-122.31137,47.63816],[-122.31258,47.63929],[-122.31153,47.64065],[-122.30924,47.64085],[-122.30803,47.63972],[-122.30908,47.63836]]]},"properties":{"zone":1,"cell_type":"spatial isolation","proximity":3875,"opportunity":7717.2,"population":224}},{"type":"Feature","id":1847,"geometry":{"type":"Polygon","coordinates":[[[-122.33138,47.73103],[-122.33376,47.73082],[-122.33503,47.732],[-122.33393,47.73341],[-122.33155,47.73362],[-122.33029,47.73244],[-122.33138,47.73103]]]},"properties":{"zone":3,"cell_type":"total isolation","proximity":1403.3,"opportunity":4128.2,"population":269}},{"type":"Feature","id":1848,"geometry":{"type":"Polygon","coordinates":[[[-122.36326,47.68651],[-122.36584,47.68628],[-122.36724,47.68759],[-122.36605,47.68912],[-122.36347,47.68935],[-122.36207,47.68804],[-122.36326,47.68651]]]},"properties":{"zone":0,"cell_type":"inclusion","proximity":3281.1,"opportunity":8768.6,"population":412}},{"type":"Feature","id":1849,"geometry":{"type":"Polygon","coordinates":[[[-122.3596,47.63525],[-122.36206,47.63503],[-122.36337,47.63626],[-122.36224,47.63772],[-122.35979,47.63794],[-122.35848,47.63671],[-122.3596,47.63525]]]},"properties":{"zone":1,"cell_type":"spatial isolation","proximity":3870.5,"opportunity":7593.2,"population":315}},{"type":"Feature","id":1850,"geometry":{"type":"Polygon","coordinates":[[[-122.30006,47.566],[-122.30218,47.56582],[-122.30327,47.56685],[-122.3023,47.5681],[-122.30019,47.56829],[-122.29909,47.56725],[-122.30006,47.566]]]},"properties":{"zone":3,"cell_type":"total isolation","proximity":1926.1,"opportunity":7057.3,"population":157}},{"type":"Feature","id":1851,"geometry":{"type":"Polygon","coordinates":[[[-122.33593,47.62368],[-122.33723,47.62357],[-122.33781,47.62411],[-122.33723,47.62487],[-122.33592,47.62498],[-122.33534,47.62444],[-122.33593,47.62368]]]},"properties":{"zone":0,"cell_type":"inclusion","proximity":5568.9,"opportunity":11317.7,"population":29}},{"type":"Feature","id":1852,"geometry":{"type":"Polygon","coordinates":[[[-122.34954,47.71085],[-122.35183,47.71064],[-122.35303,47.71177],[-122.35198,47.71313],[-122.3497,47.71333],[-122.34849,47.7122],[-122.34954,47.71085]]]},"properties":{"zone":3,"cell_type":"total isolation","proximity":2295.3,"opportunity":7802.7,"population":223}},{"type":"Feature","id":1853,"geometry":{"type":"Polygon","coordinates":[[[-122.26827,47.56005],[-122.27057,47.55985],[-122.27177,47.56099],[-122.27072,47.56235],[-122.26843,47.56255],[-122.26722,47.56141],[-122.26827,47.56005]]]},"properties":{"zone":3,"cell_type":"total isolation","proximity":1185.4,"opportunity":4874.7,"population":225}},{"type":"Feature","id":1854,"geometry":{"type":"Polygon","coordinates":[[[-122.2964,47.62644],[-122.29886,47.62623],[-122.30018,47.62747],[-122.29904,47.62893],[-122.29658,47.62914],[-122.29526,47.62791],[-122.2964,47.62644]]]},"properties":{"zone":0,"cell_type":"inclusion","proximity":3806.3,"opportunity":8140.9,"population":322}},{"type":"Feature","id":1855,"geometry":{"type":"Polygon","coordinates":[[[-122.3066,47.55084],[-122.30906,47.55063],[-122.31038,47.55187],[-122.30924,47.55333],[-122.30678,47.55355],[-122.30547,47.55231],[-122.3066,47.55084]]]},"properties":{"zone":3,"cell_type":"total isolation","proximity":1531.1,"opportunity":5372.6,"population":322}},{"type":"Feature","id":1856,"geometry":{"type":"Polygon","coordinates":[[[-122.3969,47.66225],[-122.3991,47.66205],[-122.40025,47.66313],[-122.39924,47.66443],[-122.39704,47.66462],[-122.39589,47.66355],[-122.3969,47.66225]]]},"properties":{"zone":3,"cell_type":"total isolation","proximity":2272.5,"opportunity":6474,"population":186}},{"type":"Feature","id":1857,"geometry":{"type":"Polygon","coordinates":[[[-122.26964,47.52668],[-122.27223,47.52646],[-122.27362,47.52777],[-122.27243,47.52932],[-122.26984,47.52954],[-122.26845,47.52823],[-122.26964,47.52668]]]},"properties":{"zone":3,"cell_type":"total isolation","proximity":854.4,"opportunity":4983.5,"population":599}},{"type":"Feature","id":1858,"geometry":{"type":"Polygon","coordinates":[[[-122.3273,47.55171],[-122.32772,47.55168],[-122.32774,47.55169],[-122.32757,47.55191],[-122.32715,47.55195],[-122.32713,47.55193],[-122.3273,47.55171]]]},"properties":{"zone":3,"cell_type":"total isolation","proximity":1502,"opportunity":6998.1,"population":5}},{"type":"Feature","id":1859,"geometry":{"type":"Polygon","coordinates":[[[-122.29609,47.6767],[-122.29857,47.67648],[-122.2999,47.67773],[-122.29876,47.6792],[-122.29628,47.67941],[-122.29495,47.67817],[-122.29609,47.6767]]]},"properties":{"zone":0,"cell_type":"inclusion","proximity":3325.4,"opportunity":8418.6,"population":332}},{"type":"Feature","id":1860,"geometry":{"type":"Polygon","coordinates":[[[-122.29438,47.54466],[-122.29694,47.54444],[-122.29833,47.54574],[-122.29715,47.54727],[-122.29458,47.54749],[-122.29319,47.54619],[-122.29438,47.54466]]]},"properties":{"zone":3,"cell_type":"total isolation","proximity":1428.3,"opportunity":5560.4,"population":402}},{"type":"Feature","id":1861,"geometry":{"type":"Polygon","coordinates":[[[-122.29418,47.6323],[-122.29418,47.6323],[-122.29411,47.63231],[-122.29411,47.63231],[-122.29418,47.6323]]]},"properties":{"zone":1,"cell_type":"spatial isolation","proximity":3149.3,"opportunity":5851.4,"population":2}},{"type":"Feature","id":1862,"geometry":{"type":"Polygon","coordinates":[[[-122.33735,47.70474],[-122.33965,47.70454],[-122.34086,47.70568],[-122.33981,47.70704],[-122.33751,47.70724],[-122.33629,47.7061],[-122.33735,47.70474]]]},"properties":{"zone":2,"cell_type":"social isolation","proximity":2862,"opportunity":8465.6,"population":228}},{"type":"Feature","id":1863,"geometry":{"type":"Polygon","coordinates":[[[-122.34689,47.67383],[-122.3491,47.67364],[-122.35026,47.67472],[-122.34925,47.67603],[-122.34704,47.67622],[-122.34588,47.67514],[-122.34689,47.67383]]]},"properties":{"zone":0,"cell_type":"inclusion","proximity":4124,"opportunity":10562.3,"population":191}},{"type":"Feature","id":1864,"geometry":{"type":"Polygon","coordinates":[[[-122.30902,47.58507],[-122.31156,47.58485],[-122.31293,47.58614],[-122.31176,47.58765],[-122.30921,47.58787],[-122.30785,47.58658],[-122.30902,47.58507]]]},"properties":{"zone":0,"cell_type":"inclusion","proximity":3099.4,"opportunity":8287.4,"population":381}},{"type":"Feature","id":1865,"geometry":{"type":"Polygon","coordinates":[[[-122.34983,47.6633],[-122.35242,47.66307],[-122.35382,47.66438],[-122.35263,47.66592],[-122.35004,47.66615],[-122.34864,47.66484],[-122.34983,47.6633]]]},"properties":{"zone":0,"cell_type":"inclusion","proximity":4443.9,"opportunity":10533.3,"population":435}},{"type":"Feature","id":1866,"geometry":{"type":"Polygon","coordinates":[[[-122.35215,47.6229],[-122.35215,47.6229],[-122.35208,47.62291],[-122.35208,47.62291],[-122.35215,47.6229]]]},"properties":{"zone":0,"cell_type":"inclusion","proximity":4915.9,"opportunity":11196.6,"population":0}},{"type":"Feature","id":1867,"geometry":{"type":"Polygon","coordinates":[[[-122.32232,47.66141],[-122.32491,47.66119],[-122.32631,47.6625],[-122.32511,47.66404],[-122.32252,47.66427],[-122.32112,47.66295],[-122.32232,47.66141]]]},"properties":{"zone":0,"cell_type":"inclusion","proximity":4679.3,"opportunity":10856.2,"population":487}},{"type":"Feature","id":1868,"geometry":{"type":"Polygon","coordinates":[[[-122.26281,47.53625],[-122.26484,47.53607],[-122.26588,47.53705],[-122.26495,47.53825],[-122.26292,47.53843],[-122.26188,47.53745],[-122.26281,47.53625]]]},"properties":{"zone":3,"cell_type":"total isolation","proximity":895.6,"opportunity":4567.7,"population":131}},{"type":"Feature","id":1869,"geometry":{"type":"Polygon","coordinates":[[[-122.28475,47.5729],[-122.28718,47.57268],[-122.28848,47.57391],[-122.28736,47.57535],[-122.28493,47.57556],[-122.28363,47.57434],[-122.28475,47.5729]]]},"properties":{"zone":3,"cell_type":"total isolation","proximity":1880.5,"opportunity":5834.7,"population":303}},{"type":"Feature","id":1870,"geometry":{"type":"Polygon","coordinates":[[[-122.4007,47.6605],[-122.40287,47.6603],[-122.40399,47.66136],[-122.403,47.66264],[-122.40084,47.66283],[-122.39971,47.66178],[-122.4007,47.6605]]]},"properties":{"zone":3,"cell_type":"total isolation","proximity":1927,"opportunity":5342.6,"population":173}},{"type":"Feature","id":1871,"geometry":{"type":"Polygon","coordinates":[[[-122.37226,47.70025],[-122.37452,47.70005],[-122.37571,47.70117],[-122.37468,47.7025],[-122.37241,47.7027],[-122.37122,47.70159],[-122.37226,47.70025]]]},"properties":{"zone":3,"cell_type":"total isolation","proximity":2323.3,"opportunity":6578.9,"population":212}},{"type":"Feature","id":1872,"geometry":{"type":"Polygon","coordinates":[[[-122.32094,47.56963],[-122.32094,47.56963],[-122.32087,47.56963],[-122.32087,47.56963],[-122.32094,47.56963]]]},"properties":{"zone":3,"cell_type":"total isolation","proximity":2095.9,"opportunity":7101.7,"population":2}},{"type":"Feature","id":1873,"geometry":{"type":"Polygon","coordinates":[[[-122.31096,47.71987],[-122.31342,47.71966],[-122.31473,47.72089],[-122.3136,47.72234],[-122.31114,47.72256],[-122.30983,47.72133],[-122.31096,47.71987]]]},"properties":{"zone":3,"cell_type":"total isolation","proximity":2006.6,"opportunity":7341.7,"population":316}},{"type":"Feature","id":1874,"geometry":{"type":"Polygon","coordinates":[[[-122.28384,47.61465],[-122.28626,47.61443],[-122.28755,47.61565],[-122.28644,47.61708],[-122.28402,47.61729],[-122.28273,47.61608],[-122.28384,47.61465]]]},"properties":{"zone":1,"cell_type":"spatial isolation","proximity":2930.2,"opportunity":6899.4,"population":295}},{"type":"Feature","id":1875,"geometry":{"type":"Polygon","coordinates":[[[-122.37656,47.6485],[-122.37837,47.64834],[-122.37927,47.64918],[-122.37844,47.65025],[-122.37664,47.65041],[-122.37574,47.64956],[-122.37656,47.6485]]]},"properties":{"zone":0,"cell_type":"inclusion","proximity":3240.4,"opportunity":9153.1,"population":82}},{"type":"Feature","id":1876,"geometry":{"type":"Polygon","coordinates":[[[-122.33412,47.66185],[-122.33664,47.66163],[-122.338,47.6629],[-122.33684,47.6644],[-122.33431,47.66462],[-122.33296,47.66335],[-122.33412,47.66185]]]},"properties":{"zone":0,"cell_type":"inclusion","proximity":4454.2,"opportunity":10538.8,"population":367}},{"type":"Feature","id":1877,"geometry":{"type":"Polygon","coordinates":[[[-122.28665,47.70773],[-122.289,47.70753],[-122.29025,47.70869],[-122.28917,47.71008],[-122.28682,47.71029],[-122.28557,47.70912],[-122.28665,47.70773]]]},"properties":{"zone":3,"cell_type":"total isolation","proximity":1890.4,"opportunity":6759.4,"population":253}},{"type":"Feature","id":1878,"geometry":{"type":"Polygon","coordinates":[[[-122.27818,47.69448],[-122.27996,47.69433],[-122.28083,47.69515],[-122.28003,47.69619],[-122.27825,47.69634],[-122.27738,47.69552],[-122.27818,47.69448]]]},"properties":{"zone":3,"cell_type":"total isolation","proximity":1695.3,"opportunity":4984.3,"population":76}},{"type":"Feature","id":1879,"geometry":{"type":"Polygon","coordinates":[[[-122.37531,47.68982],[-122.37777,47.6896],[-122.37908,47.69084],[-122.37795,47.6923],[-122.37549,47.69251],[-122.37418,47.69128],[-122.37531,47.68982]]]},"properties":{"zone":2,"cell_type":"social isolation","proximity":2869.5,"opportunity":9458.8,"population":320}},{"type":"Feature","id":1880,"geometry":{"type":"Polygon","coordinates":[[[-122.30243,47.65605],[-122.30491,47.65584],[-122.30623,47.65708],[-122.30509,47.65855],[-122.30262,47.65877],[-122.30129,47.65752],[-122.30243,47.65605]]]},"properties":{"zone":0,"cell_type":"inclusion","proximity":4286.1,"opportunity":10472.5,"population":331}},{"type":"Feature","id":1881,"geometry":{"type":"Polygon","coordinates":[[[-122.34682,47.72954],[-122.34941,47.72931],[-122.35081,47.73062],[-122.34962,47.73216],[-122.34702,47.73239],[-122.34562,47.73108],[-122.34682,47.72954]]]},"properties":{"zone":3,"cell_type":"total isolation","proximity":1459.5,"opportunity":5910.8,"population":517}},{"type":"Feature","id":1882,"geometry":{"type":"Polygon","coordinates":[[[-122.32857,47.6912],[-122.33082,47.691],[-122.332,47.69211],[-122.33097,47.69344],[-122.32872,47.69364],[-122.32753,47.69253],[-122.32857,47.6912]]]},"properties":{"zone":0,"cell_type":"inclusion","proximity":3299.4,"opportunity":8831.6,"population":206}},{"type":"Feature","id":1883,"geometry":{"type":"Polygon","coordinates":[[[-122.29076,47.60252],[-122.29323,47.6023],[-122.29456,47.60354],[-122.29342,47.60501],[-122.29095,47.60523],[-122.28962,47.60399],[-122.29076,47.60252]]]},"properties":{"zone":0,"cell_type":"inclusion","proximity":3072.9,"opportunity":8122.9,"population":329}},{"type":"Feature","id":1884,"geometry":{"type":"Polygon","coordinates":[[[-122.35947,47.68827],[-122.36206,47.68804],[-122.36346,47.68935],[-122.36227,47.69089],[-122.35968,47.69112],[-122.35828,47.68981],[-122.35947,47.68827]]]},"properties":{"zone":0,"cell_type":"inclusion","proximity":3370.9,"opportunity":8319.5,"population":420}},{"type":"Feature","id":1885,"geometry":{"type":"Polygon","coordinates":[[[-122.28344,47.66482],[-122.28603,47.6646],[-122.28743,47.66591],[-122.28623,47.66745],[-122.28364,47.66768],[-122.28224,47.66636],[-122.28344,47.66482]]]},"properties":{"zone":0,"cell_type":"inclusion","proximity":2978.9,"opportunity":8741.3,"population":433}},{"type":"Feature","id":1886,"geometry":{"type":"Polygon","coordinates":[[[-122.36035,47.64658],[-122.36294,47.64635],[-122.36434,47.64767],[-122.36315,47.64921],[-122.36056,47.64943],[-122.35916,47.64812],[-122.36035,47.64658]]]},"properties":{"zone":1,"cell_type":"spatial isolation","proximity":3696,"opportunity":7854.2,"population":647}},{"type":"Feature","id":1887,"geometry":{"type":"Polygon","coordinates":[[[-122.29235,47.67851],[-122.29475,47.6783],[-122.29603,47.6795],[-122.29492,47.68092],[-122.29252,47.68113],[-122.29125,47.67993],[-122.29235,47.67851]]]},"properties":{"zone":1,"cell_type":"spatial isolation","proximity":3001.6,"opportunity":7717.3,"population":281}},{"type":"Feature","id":1888,"geometry":{"type":"Polygon","coordinates":[[[-122.30403,47.67883],[-122.30658,47.6786],[-122.30796,47.67989],[-122.30678,47.68141],[-122.30423,47.68163],[-122.30286,47.68034],[-122.30403,47.67883]]]},"properties":{"zone":0,"cell_type":"inclusion","proximity":3616.8,"opportunity":9408.9,"population":386}},{"type":"Feature","id":1889,"geometry":{"type":"Polygon","coordinates":[[[-122.35377,47.71746],[-122.35636,47.71723],[-122.35775,47.71854],[-122.35656,47.72007],[-122.35398,47.7203],[-122.35258,47.719],[-122.35377,47.71746]]]},"properties":{"zone":3,"cell_type":"total isolation","proximity":1925.7,"opportunity":6852.7,"population":413}},{"type":"Feature","id":1890,"geometry":{"type":"Polygon","coordinates":[[[-122.38575,47.67304],[-122.38834,47.67281],[-122.38974,47.67412],[-122.38854,47.67566],[-122.38595,47.67589],[-122.38455,47.67458],[-122.38575,47.67304]]]},"properties":{"zone":0,"cell_type":"inclusion","proximity":2997.1,"opportunity":7939.1,"population":494}},{"type":"Feature","id":1891,"geometry":{"type":"Polygon","coordinates":[[[-122.25749,47.5179],[-122.25971,47.51771],[-122.26088,47.51881],[-122.25986,47.52012],[-122.25763,47.52032],[-122.25647,47.51922],[-122.25749,47.5179]]]},"properties":{"zone":3,"cell_type":"total isolation","proximity":560.5,"opportunity":3475.3,"population":196}},{"type":"Feature","id":1892,"geometry":{"type":"Polygon","coordinates":[[[-122.28368,47.66771],[-122.28621,47.66749],[-122.28756,47.66877],[-122.2864,47.67026],[-122.28387,47.67049],[-122.28252,47.66921],[-122.28368,47.66771]]]},"properties":{"zone":0,"cell_type":"inclusion","proximity":2918.8,"opportunity":8409.2,"population":366}},{"type":"Feature","id":1893,"geometry":{"type":"Polygon","coordinates":[[[-122.30247,47.54696],[-122.30483,47.54675],[-122.30607,47.54793],[-122.30499,47.54933],[-122.30264,47.54953],[-122.30139,47.54836],[-122.30247,47.54696]]]},"properties":{"zone":3,"cell_type":"total isolation","proximity":1385.5,"opportunity":5203.9,"population":259}},{"type":"Feature","id":1894,"geometry":{"type":"Polygon","coordinates":[[[-122.30829,47.62963],[-122.31088,47.6294],[-122.31228,47.63072],[-122.31108,47.63226],[-122.30849,47.63248],[-122.3071,47.63117],[-122.30829,47.62963]]]},"properties":{"zone":0,"cell_type":"inclusion","proximity":4152,"opportunity":8162.6,"population":425}},{"type":"Feature","id":1895,"geometry":{"type":"Polygon","coordinates":[[[-122.34539,47.70696],[-122.34759,47.70677],[-122.34874,47.70785],[-122.34773,47.70914],[-122.34553,47.70934],[-122.34439,47.70826],[-122.34539,47.70696]]]},"properties":{"zone":2,"cell_type":"social isolation","proximity":2738.7,"opportunity":8145.2,"population":185}},{"type":"Feature","id":1896,"geometry":{"type":"Polygon","coordinates":[[[-122.33429,47.66467],[-122.33688,47.66444],[-122.33828,47.66575],[-122.33708,47.66729],[-122.33449,47.66752],[-122.33309,47.66621],[-122.33429,47.66467]]]},"properties":{"zone":0,"cell_type":"inclusion","proximity":4469.8,"opportunity":9464.7,"population":562}},{"type":"Feature","id":1897,"geometry":{"type":"Polygon","coordinates":[[[-122.3084,47.57651],[-122.31094,47.57629],[-122.3123,47.57757],[-122.31114,47.57908],[-122.3086,47.5793],[-122.30724,47.57802],[-122.3084,47.57651]]]},"properties":{"zone":2,"cell_type":"social isolation","proximity":2656.8,"opportunity":9514.3,"population":377}},{"type":"Feature","id":1898,"geometry":{"type":"Polygon","coordinates":[[[-122.36978,47.66871],[-122.37238,47.66848],[-122.37377,47.66979],[-122.37258,47.67133],[-122.36999,47.67156],[-122.36859,47.67025],[-122.36978,47.66871]]]},"properties":{"zone":0,"cell_type":"inclusion","proximity":3778.1,"opportunity":9529.6,"population":461}},{"type":"Feature","id":1899,"geometry":{"type":"Polygon","coordinates":[[[-122.34701,47.62343],[-122.34948,47.62321],[-122.3508,47.62445],[-122.34966,47.62592],[-122.3472,47.62613],[-122.34588,47.6249],[-122.34701,47.62343]]]},"properties":{"zone":0,"cell_type":"inclusion","proximity":5120,"opportunity":11147.4,"population":325}},{"type":"Feature","id":1900,"geometry":{"type":"Polygon","coordinates":[[[-122.31861,47.66326],[-122.32106,47.66305],[-122.32237,47.66427],[-122.32125,47.66573],[-122.3188,47.66594],[-122.31749,47.66471],[-122.31861,47.66326]]]},"properties":{"zone":0,"cell_type":"inclusion","proximity":4792.2,"opportunity":11085.9,"population":313}},{"type":"Feature","id":1901,"geometry":{"type":"Polygon","coordinates":[[[-122.2781,47.53466],[-122.28054,47.53445],[-122.28185,47.53568],[-122.28072,47.53713],[-122.27828,47.53734],[-122.27698,47.53611],[-122.2781,47.53466]]]},"properties":{"zone":3,"cell_type":"total isolation","proximity":1130.5,"opportunity":6702.8,"population":311}},{"type":"Feature","id":1902,"geometry":{"type":"Polygon","coordinates":[[[-122.42879,47.66027],[-122.4296,47.6602],[-122.42986,47.66044],[-122.42951,47.66089],[-122.4287,47.66096],[-122.42844,47.66072],[-122.42879,47.66027]]]},"properties":{"zone":3,"cell_type":"total isolation","proximity":898.8,"opportunity":40.5,"population":10}},{"type":"Feature","id":1903,"geometry":{"type":"Polygon","coordinates":[[[-122.31524,47.61753],[-122.31783,47.61731],[-122.31923,47.61862],[-122.31803,47.62016],[-122.31544,47.62039],[-122.31405,47.61907],[-122.31524,47.61753]]]},"properties":{"zone":0,"cell_type":"inclusion","proximity":5450.5,"opportunity":12947.4,"population":1134}},{"type":"Feature","id":1904,"geometry":{"type":"Polygon","coordinates":[[[-122.37148,47.69155],[-122.37402,47.69132],[-122.37538,47.6926],[-122.37422,47.69411],[-122.37167,47.69433],[-122.37031,47.69305],[-122.37148,47.69155]]]},"properties":{"zone":2,"cell_type":"social isolation","proximity":2846.8,"opportunity":8511,"population":378}},{"type":"Feature","id":1905,"geometry":{"type":"Polygon","coordinates":[[[-122.34109,47.57496],[-122.34095,47.57514],[-122.34058,47.57517],[-122.34072,47.57499],[-122.34109,47.57496]]]},"properties":{"zone":3,"cell_type":"total isolation","proximity":2241.5,"opportunity":7625.2,"population":4}},{"type":"Feature","id":1906,"geometry":{"type":"Polygon","coordinates":[[[-122.31763,47.70486],[-122.32022,47.70464],[-122.32162,47.70595],[-122.32043,47.70749],[-122.31783,47.70771],[-122.31644,47.7064],[-122.31763,47.70486]]]},"properties":{"zone":2,"cell_type":"social isolation","proximity":2844.6,"opportunity":8588.9,"population":480}},{"type":"Feature","id":1907,"geometry":{"type":"Polygon","coordinates":[[[-122.32332,47.55329],[-122.32409,47.55322],[-122.32433,47.55345],[-122.324,47.55388],[-122.32322,47.55394],[-122.32298,47.55372],[-122.32332,47.55329]]]},"properties":{"zone":3,"cell_type":"total isolation","proximity":1596.9,"opportunity":6987,"population":10}},{"type":"Feature","id":1908,"geometry":{"type":"Polygon","coordinates":[[[-122.31174,47.73123],[-122.31427,47.73101],[-122.31563,47.73228],[-122.31447,47.73378],[-122.31193,47.73401],[-122.31057,47.73273],[-122.31174,47.73123]]]},"properties":{"zone":3,"cell_type":"total isolation","proximity":1354.1,"opportunity":6869.1,"population":371}},{"type":"Feature","id":1909,"geometry":{"type":"Polygon","coordinates":[[[-122.29181,47.61681],[-122.29425,47.61659],[-122.29555,47.61782],[-122.29443,47.61927],[-122.29199,47.61948],[-122.29068,47.61826],[-122.29181,47.61681]]]},"properties":{"zone":1,"cell_type":"spatial isolation","proximity":3602.1,"opportunity":7749.2,"population":307}},{"type":"Feature","id":1910,"geometry":{"type":"Polygon","coordinates":[[[-122.25664,47.6716],[-122.25903,47.67139],[-122.2603,47.67258],[-122.2592,47.67399],[-122.25681,47.6742],[-122.25554,47.67301],[-122.25664,47.6716]]]},"properties":{"zone":3,"cell_type":"total isolation","proximity":1635.5,"opportunity":7019.5,"population":274}},{"type":"Feature","id":1911,"geometry":{"type":"Polygon","coordinates":[[[-122.32231,47.65345],[-122.32385,47.65331],[-122.32458,47.65399],[-122.32388,47.65489],[-122.32234,47.65503],[-122.32162,47.65434],[-122.32231,47.65345]]]},"properties":{"zone":0,"cell_type":"inclusion","proximity":4605.9,"opportunity":9340.6,"population":47}},{"type":"Feature","id":1912,"geometry":{"type":"Polygon","coordinates":[[[-122.29339,47.69278],[-122.29577,47.69257],[-122.29703,47.69375],[-122.29594,47.69516],[-122.29356,47.69537],[-122.29229,47.69419],[-122.29339,47.69278]]]},"properties":{"zone":3,"cell_type":"total isolation","proximity":2634.8,"opportunity":7037.5,"population":270}},{"type":"Feature","id":1913,"geometry":{"type":"Polygon","coordinates":[[[-122.2851,47.52261],[-122.28745,47.5224],[-122.28869,47.52357],[-122.28761,47.52496],[-122.28527,47.52517],[-122.28403,47.524],[-122.2851,47.52261]]]},"properties":{"zone":3,"cell_type":"total isolation","proximity":780,"opportunity":5212.3,"population":253}},{"type":"Feature","id":1914,"geometry":{"type":"Polygon","coordinates":[[[-122.38336,47.69205],[-122.3857,47.69184],[-122.38694,47.693],[-122.38586,47.69439],[-122.38352,47.6946],[-122.38228,47.69344],[-122.38336,47.69205]]]},"properties":{"zone":3,"cell_type":"total isolation","proximity":2322,"opportunity":6668.8,"population":249}},{"type":"Feature","id":1915,"geometry":{"type":"Polygon","coordinates":[[[-122.35492,47.73181],[-122.35732,47.7316],[-122.35859,47.73279],[-122.35749,47.73421],[-122.35509,47.73442],[-122.35382,47.73323],[-122.35492,47.73181]]]},"properties":{"zone":3,"cell_type":"total isolation","proximity":1247.7,"opportunity":6442.3,"population":279}},{"type":"Feature","id":1916,"geometry":{"type":"Polygon","coordinates":[[[-122.34392,47.68965],[-122.34651,47.68942],[-122.34791,47.69073],[-122.34672,47.69226],[-122.34413,47.69249],[-122.34273,47.69118],[-122.34392,47.68965]]]},"properties":{"zone":0,"cell_type":"inclusion","proximity":3699.7,"opportunity":10901.5,"population":415}},{"type":"Feature","id":1917,"geometry":{"type":"Polygon","coordinates":[[[-122.29153,47.55797],[-122.2939,47.55777],[-122.29515,47.55895],[-122.29407,47.56035],[-122.2917,47.56056],[-122.29045,47.55938],[-122.29153,47.55797]]]},"properties":{"zone":3,"cell_type":"total isolation","proximity":1791.6,"opportunity":7682.7,"population":264}},{"type":"Feature","id":1918,"geometry":{"type":"Polygon","coordinates":[[[-122.31799,47.60149],[-122.32058,47.60127],[-122.32198,47.60258],[-122.32079,47.60412],[-122.3182,47.60435],[-122.3168,47.60303],[-122.31799,47.60149]]]},"properties":{"zone":0,"cell_type":"inclusion","proximity":5120.9,"opportunity":11726.1,"population":964}},{"type":"Feature","id":1919,"geometry":{"type":"Polygon","coordinates":[[[-122.35154,47.68615],[-122.35405,47.68593],[-122.35539,47.68719],[-122.35424,47.68868],[-122.35173,47.6889],[-122.35039,47.68764],[-122.35154,47.68615]]]},"properties":{"zone":0,"cell_type":"inclusion","proximity":3659.9,"opportunity":9019.2,"population":351}},{"type":"Feature","id":1920,"geometry":{"type":"Polygon","coordinates":[[[-122.28292,47.65636],[-122.28534,47.65615],[-122.28664,47.65736],[-122.28552,47.6588],[-122.2831,47.65901],[-122.2818,47.6578],[-122.28292,47.65636]]]},"properties":{"zone":3,"cell_type":"total isolation","proximity":2772.4,"opportunity":6660.6,"population":297}},{"type":"Feature","id":1921,"geometry":{"type":"Polygon","coordinates":[[[-122.35673,47.6485],[-122.35905,47.6483],[-122.36028,47.64945],[-122.35921,47.65083],[-122.35689,47.65103],[-122.35566,47.64988],[-122.35673,47.6485]]]},"properties":{"zone":0,"cell_type":"inclusion","proximity":3913.9,"opportunity":10664.4,"population":241}},{"type":"Feature","id":1922,"geometry":{"type":"Polygon","coordinates":[[[-122.30026,47.68061],[-122.30278,47.68039],[-122.30414,47.68166],[-122.30298,47.68316],[-122.30046,47.68338],[-122.2991,47.68211],[-122.30026,47.68061]]]},"properties":{"zone":0,"cell_type":"inclusion","proximity":3391.1,"opportunity":9460.5,"population":362}},{"type":"Feature","id":1923,"geometry":{"type":"Polygon","coordinates":[[[-122.26,47.55226],[-122.26211,47.55207],[-122.26321,47.55311],[-122.26224,47.55436],[-122.26012,47.55454],[-122.25903,47.55351],[-122.26,47.55226]]]},"properties":{"zone":3,"cell_type":"total isolation","proximity":919.7,"opportunity":4417.7,"population":157}},{"type":"Feature","id":1924,"geometry":{"type":"Polygon","coordinates":[[[-122.41099,47.64092],[-122.41317,47.64072],[-122.41431,47.64179],[-122.41331,47.64308],[-122.41113,47.64328],[-122.40999,47.64221],[-122.41099,47.64092]]]},"properties":{"zone":3,"cell_type":"total isolation","proximity":1510,"opportunity":4915.3,"population":181}},{"type":"Feature","id":1925,"geometry":{"type":"Polygon","coordinates":[[[-122.3335,47.59479],[-122.33543,47.59462],[-122.33641,47.59554],[-122.33553,47.59668],[-122.3336,47.59685],[-122.33261,47.59593],[-122.3335,47.59479]]]},"properties":{"zone":0,"cell_type":"inclusion","proximity":4357.6,"opportunity":11119,"population":108}},{"type":"Feature","id":1926,"geometry":{"type":"Polygon","coordinates":[[[-122.32486,47.64253],[-122.32745,47.6423],[-122.32885,47.64362],[-122.32766,47.64516],[-122.32507,47.64538],[-122.32367,47.64407],[-122.32486,47.64253]]]},"properties":{"zone":0,"cell_type":"inclusion","proximity":4177,"opportunity":9037.1,"population":527}},{"type":"Feature","id":1927,"geometry":{"type":"Polygon","coordinates":[[[-122.32225,47.59222],[-122.32296,47.59216],[-122.32315,47.59234],[-122.32285,47.59273],[-122.32215,47.59279],[-122.32196,47.59261],[-122.32225,47.59222]]]},"properties":{"zone":0,"cell_type":"inclusion","proximity":4012.3,"opportunity":11619.4,"population":8}},{"type":"Feature","id":1928,"geometry":{"type":"Polygon","coordinates":[[[-122.38048,47.63619],[-122.38048,47.63619],[-122.38042,47.6362],[-122.38042,47.6362],[-122.38048,47.63619]]]},"properties":{"zone":2,"cell_type":"social isolation","proximity":2770.2,"opportunity":9672.1,"population":1}},{"type":"Feature","id":1929,"geometry":{"type":"Polygon","coordinates":[[[-122.26594,47.52854],[-122.26838,47.52832],[-122.26968,47.52955],[-122.26856,47.531],[-122.26612,47.53121],[-122.26482,47.52999],[-122.26594,47.52854]]]},"properties":{"zone":3,"cell_type":"total isolation","proximity":849.1,"opportunity":4694,"population":307}},{"type":"Feature","id":1930,"geometry":{"type":"Polygon","coordinates":[[[-122.31677,47.63229],[-122.31849,47.63214],[-122.31934,47.63293],[-122.31856,47.63394],[-122.31683,47.63409],[-122.31599,47.6333],[-122.31677,47.63229]]]},"properties":{"zone":1,"cell_type":"spatial isolation","proximity":3641.9,"opportunity":7491.4,"population":69}},{"type":"Feature","id":1931,"geometry":{"type":"Polygon","coordinates":[[[-122.33456,47.71808],[-122.33657,47.7179],[-122.33759,47.71886],[-122.33667,47.72004],[-122.33467,47.72021],[-122.33365,47.71925],[-122.33456,47.71808]]]},"properties":{"zone":3,"cell_type":"total isolation","proximity":1952.3,"opportunity":6846.2,"population":123}},{"type":"Feature","id":1932,"geometry":{"type":"Polygon","coordinates":[[[-122.25099,47.68488],[-122.25099,47.68488],[-122.25092,47.68489],[-122.25092,47.68489],[-122.25099,47.68488]]]},"properties":{"zone":3,"cell_type":"total isolation","proximity":1061.7,"opportunity":2945.4,"population":0}},{"type":"Feature","id":1933,"geometry":{"type":"Polygon","coordinates":[[[-122.30464,47.5783],[-122.30714,47.57808],[-122.30849,47.57934],[-122.30734,47.58083],[-122.30483,47.58105],[-122.30349,47.57978],[-122.30464,47.5783]]]},"properties":{"zone":2,"cell_type":"social isolation","proximity":2654,"opportunity":9187.1,"population":351}},{"type":"Feature","id":1934,"geometry":{"type":"Polygon","coordinates":[[[-122.3574,47.65976],[-122.35999,47.65953],[-122.36139,47.66084],[-122.3602,47.66238],[-122.35761,47.66261],[-122.35621,47.6613],[-122.3574,47.65976]]]},"properties":{"zone":0,"cell_type":"inclusion","proximity":4149,"opportunity":9973.9,"population":466}},{"type":"Feature","id":1935,"geometry":{"type":"Polygon","coordinates":[[[-122.36699,47.62889],[-122.36939,47.62868],[-122.37066,47.62987],[-122.36956,47.63129],[-122.36717,47.6315],[-122.3659,47.63031],[-122.36699,47.62889]]]},"properties":{"zone":0,"cell_type":"inclusion","proximity":3539.2,"opportunity":9495.6,"population":278}},{"type":"Feature","id":1936,"geometry":{"type":"Polygon","coordinates":[[[-122.31055,47.66101],[-122.31314,47.66078],[-122.31454,47.6621],[-122.31335,47.66364],[-122.31076,47.66386],[-122.30936,47.66255],[-122.31055,47.66101]]]},"properties":{"zone":0,"cell_type":"inclusion","proximity":4783.8,"opportunity":12292.2,"population":1231}},{"type":"Feature","id":1937,"geometry":{"type":"Polygon","coordinates":[[[-122.28599,47.53676],[-122.28857,47.53653],[-122.28997,47.53785],[-122.28878,47.53939],[-122.28619,47.53962],[-122.28479,47.5383],[-122.28599,47.53676]]]},"properties":{"zone":3,"cell_type":"total isolation","proximity":1177.8,"opportunity":5779.6,"population":502}},{"type":"Feature","id":1938,"geometry":{"type":"Polygon","coordinates":[[[-122.42507,47.6621],[-122.42578,47.66204],[-122.42597,47.66222],[-122.42567,47.6626],[-122.42497,47.66267],[-122.42477,47.66249],[-122.42507,47.6621]]]},"properties":{"zone":3,"cell_type":"total isolation","proximity":947.7,"opportunity":46.1,"population":8}},{"type":"Feature","id":1939,"geometry":{"type":"Polygon","coordinates":[[[-122.34254,47.61657],[-122.34513,47.61634],[-122.34652,47.61765],[-122.34533,47.61919],[-122.34274,47.61942],[-122.34134,47.61811],[-122.34254,47.61657]]]},"properties":{"zone":0,"cell_type":"inclusion","proximity":5662.6,"opportunity":14027.9,"population":1028}},{"type":"Feature","id":1940,"geometry":{"type":"Polygon","coordinates":[[[-122.36788,47.6935],[-122.3701,47.6933],[-122.37126,47.69439],[-122.37024,47.6957],[-122.36803,47.69589],[-122.36687,47.69481],[-122.36788,47.6935]]]},"properties":{"zone":2,"cell_type":"social isolation","proximity":2866.7,"opportunity":8402.1,"population":192}},{"type":"Feature","id":1941,"geometry":{"type":"Polygon","coordinates":[[[-122.3285,47.56609],[-122.3285,47.56609],[-122.32843,47.5661],[-122.32843,47.5661],[-122.3285,47.56609]]]},"properties":{"zone":3,"cell_type":"total isolation","proximity":1909.9,"opportunity":7060.3,"population":2}},{"type":"Feature","id":1942,"geometry":{"type":"Polygon","coordinates":[[[-122.31702,47.69633],[-122.31959,47.6961],[-122.32098,47.6974],[-122.3198,47.69892],[-122.31723,47.69915],[-122.31584,47.69785],[-122.31702,47.69633]]]},"properties":{"zone":0,"cell_type":"inclusion","proximity":3259.5,"opportunity":10209.7,"population":402}},{"type":"Feature","id":1943,"geometry":{"type":"Polygon","coordinates":[[[-122.39244,47.65541],[-122.39473,47.65521],[-122.39594,47.65634],[-122.39489,47.6577],[-122.3926,47.6579],[-122.39139,47.65677],[-122.39244,47.65541]]]},"properties":{"zone":3,"cell_type":"total isolation","proximity":2213.1,"opportunity":5388.6,"population":224}},{"type":"Feature","id":1944,"geometry":{"type":"Polygon","coordinates":[[[-122.26405,47.50009],[-122.26624,47.4999],[-122.26738,47.50098],[-122.26638,47.50227],[-122.26419,47.50246],[-122.26305,47.50139],[-122.26405,47.50009]]]},"properties":{"zone":3,"cell_type":"total isolation","proximity":317,"opportunity":3346.5,"population":181}},{"type":"Feature","id":1945,"geometry":{"type":"Polygon","coordinates":[[[-122.39456,47.665],[-122.39441,47.66519],[-122.39403,47.66522],[-122.39417,47.66503],[-122.39456,47.665]]]},"properties":{"zone":3,"cell_type":"total isolation","proximity":2440.4,"opportunity":7313.5,"population":4}},{"type":"Feature","id":1946,"geometry":{"type":"Polygon","coordinates":[[[-122.39931,47.69106],[-122.40096,47.69091],[-122.40176,47.69166],[-122.40101,47.69263],[-122.39936,47.69277],[-122.39856,47.69203],[-122.39931,47.69106]]]},"properties":{"zone":3,"cell_type":"total isolation","proximity":1669.1,"opportunity":5291.5,"population":59}},{"type":"Feature","id":1947,"geometry":{"type":"Polygon","coordinates":[[[-122.34282,47.72315],[-122.34471,47.72298],[-122.34567,47.72388],[-122.3448,47.72499],[-122.34291,47.72516],[-122.34196,47.72426],[-122.34282,47.72315]]]},"properties":{"zone":3,"cell_type":"total isolation","proximity":1901.1,"opportunity":7369.8,"population":98}},{"type":"Feature","id":1948,"geometry":{"type":"Polygon","coordinates":[[[-122.3519,47.69181],[-122.3545,47.69158],[-122.3559,47.69289],[-122.3547,47.69443],[-122.35211,47.69466],[-122.35071,47.69335],[-122.3519,47.69181]]]},"properties":{"zone":0,"cell_type":"inclusion","proximity":3299,"opportunity":8430,"population":463}},{"type":"Feature","id":1949,"geometry":{"type":"Polygon","coordinates":[[[-122.31421,47.60326],[-122.3168,47.60303],[-122.3182,47.60435],[-122.317,47.60589],[-122.31441,47.60612],[-122.31302,47.6048],[-122.31421,47.60326]]]},"properties":{"zone":0,"cell_type":"inclusion","proximity":4877.4,"opportunity":9360.7,"population":440}},{"type":"Feature","id":1950,"geometry":{"type":"Polygon","coordinates":[[[-122.36705,47.68475],[-122.36962,47.68452],[-122.371,47.68582],[-122.36982,47.68734],[-122.36726,47.68757],[-122.36587,47.68627],[-122.36705,47.68475]]]},"properties":{"zone":0,"cell_type":"inclusion","proximity":3227.2,"opportunity":8357.9,"population":399}},{"type":"Feature","id":1951,"geometry":{"type":"Polygon","coordinates":[[[-122.27921,47.6582],[-122.28151,47.658],[-122.28272,47.65913],[-122.28166,47.6605],[-122.27936,47.6607],[-122.27815,47.65956],[-122.27921,47.6582]]]},"properties":{"zone":3,"cell_type":"total isolation","proximity":2641.3,"opportunity":7004.1,"population":228}},{"type":"Feature","id":1952,"geometry":{"type":"Polygon","coordinates":[[[-122.32018,47.68599],[-122.32277,47.68577],[-122.32417,47.68708],[-122.32298,47.68862],[-122.32038,47.68884],[-122.31899,47.68753],[-122.32018,47.68599]]]},"properties":{"zone":0,"cell_type":"inclusion","proximity":3820.1,"opportunity":9529.1,"population":517}},{"type":"Feature","id":1953,"geometry":{"type":"Polygon","coordinates":[[[-122.26782,47.5543],[-122.27019,47.55409],[-122.27144,47.55527],[-122.27036,47.55668],[-122.26799,47.55688],[-122.26673,47.5557],[-122.26782,47.5543]]]},"properties":{"zone":3,"cell_type":"total isolation","proximity":1161.1,"opportunity":4911.5,"population":265}},{"type":"Feature","id":1954,"geometry":{"type":"Polygon","coordinates":[[[-122.32434,47.63406],[-122.32677,47.63385],[-122.32806,47.63507],[-122.32695,47.63651],[-122.32452,47.63672],[-122.32322,47.6355],[-122.32434,47.63406]]]},"properties":{"zone":0,"cell_type":"inclusion","proximity":4467.9,"opportunity":9194.2,"population":300}},{"type":"Feature","id":1955,"geometry":{"type":"Polygon","coordinates":[[[-122.33827,47.59104],[-122.33817,47.59116],[-122.33791,47.59118],[-122.338,47.59106],[-122.33827,47.59104]]]},"properties":{"zone":1,"cell_type":"spatial isolation","proximity":3088.2,"opportunity":7687,"population":4}},{"type":"Feature","id":1956,"geometry":{"type":"Polygon","coordinates":[[[-122.31929,47.55216],[-122.32013,47.55209],[-122.32041,47.55235],[-122.32005,47.55282],[-122.31921,47.5529],[-122.31893,47.55263],[-122.31929,47.55216]]]},"properties":{"zone":3,"cell_type":"total isolation","proximity":1665,"opportunity":6681.6,"population":11}},{"type":"Feature","id":1957,"geometry":{"type":"Polygon","coordinates":[[[-122.38703,47.63705],[-122.38962,47.63682],[-122.39102,47.63813],[-122.38983,47.63967],[-122.38724,47.6399],[-122.38584,47.63859],[-122.38703,47.63705]]]},"properties":{"zone":3,"cell_type":"total isolation","proximity":2383,"opportunity":6745.2,"population":586}},{"type":"Feature","id":1958,"geometry":{"type":"Polygon","coordinates":[[[-122.27177,47.55535],[-122.2742,47.55514],[-122.27549,47.55636],[-122.27438,47.5578],[-122.27195,47.55801],[-122.27066,47.55679],[-122.27177,47.55535]]]},"properties":{"zone":3,"cell_type":"total isolation","proximity":1273.1,"opportunity":5065,"population":298}},{"type":"Feature","id":1959,"geometry":{"type":"Polygon","coordinates":[[[-122.37398,47.67264],[-122.37657,47.67241],[-122.37797,47.67373],[-122.37678,47.67527],[-122.37419,47.67549],[-122.37279,47.67418],[-122.37398,47.67264]]]},"properties":{"zone":0,"cell_type":"inclusion","proximity":3512.4,"opportunity":8266,"population":749}},{"type":"Feature","id":1960,"geometry":{"type":"Polygon","coordinates":[[[-122.27354,47.52503],[-122.27592,47.52482],[-122.27719,47.52602],[-122.27609,47.52743],[-122.27371,47.52764],[-122.27244,47.52645],[-122.27354,47.52503]]]},"properties":{"zone":3,"cell_type":"total isolation","proximity":874.9,"opportunity":5228.2,"population":274}},{"type":"Feature","id":1961,"geometry":{"type":"Polygon","coordinates":[[[-122.28483,47.73261],[-122.28662,47.73245],[-122.28751,47.73328],[-122.2867,47.73434],[-122.2849,47.73449],[-122.28401,47.73366],[-122.28483,47.73261]]]},"properties":{"zone":3,"cell_type":"total isolation","proximity":937.9,"opportunity":5520.3,"population":79}},{"type":"Feature","id":1962,"geometry":{"type":"Polygon","coordinates":[[[-122.29395,47.53894],[-122.29654,47.53871],[-122.29794,47.54002],[-122.29675,47.54157],[-122.29416,47.54179],[-122.29276,47.54048],[-122.29395,47.53894]]]},"properties":{"zone":3,"cell_type":"total isolation","proximity":1237.5,"opportunity":5763.8,"population":496}},{"type":"Feature","id":1963,"geometry":{"type":"Polygon","coordinates":[[[-122.27358,47.6875],[-122.2757,47.68732],[-122.27679,47.68834],[-122.27582,47.68959],[-122.27371,47.68978],[-122.27261,47.68875],[-122.27358,47.6875]]]},"properties":{"zone":3,"cell_type":"total isolation","proximity":1323.6,"opportunity":4601.1,"population":155}},{"type":"Feature","id":1964,"geometry":{"type":"Polygon","coordinates":[[[-122.30389,47.62284],[-122.30648,47.62261],[-122.30788,47.62392],[-122.30668,47.62546],[-122.30409,47.62569],[-122.3027,47.62438],[-122.30389,47.62284]]]},"properties":{"zone":0,"cell_type":"inclusion","proximity":4310.6,"opportunity":9724.1,"population":515}},{"type":"Feature","id":1965,"geometry":{"type":"Polygon","coordinates":[[[-122.33228,47.67876],[-122.33324,47.67867],[-122.3336,47.67901],[-122.33318,47.67955],[-122.33222,47.67963],[-122.33186,47.6793],[-122.33228,47.67876]]]},"properties":{"zone":0,"cell_type":"inclusion","proximity":4152.9,"opportunity":9037,"population":14}},{"type":"Feature","id":1966,"geometry":{"type":"Polygon","coordinates":[[[-122.29805,47.59606],[-122.30064,47.59583],[-122.30204,47.59715],[-122.30085,47.59869],[-122.29826,47.59892],[-122.29686,47.5976],[-122.29805,47.59606]]]},"properties":{"zone":0,"cell_type":"inclusion","proximity":3400,"opportunity":8697.2,"population":474}},{"type":"Feature","id":1967,"geometry":{"type":"Polygon","coordinates":[[[-122.36586,47.66239],[-122.36763,47.66223],[-122.3685,47.66305],[-122.3677,47.66409],[-122.36593,47.66424],[-122.36506,47.66342],[-122.36586,47.66239]]]},"properties":{"zone":0,"cell_type":"inclusion","proximity":3992.3,"opportunity":9520.5,"population":75}},{"type":"Feature","id":1968,"geometry":{"type":"Polygon","coordinates":[[[-122.3545,47.61982],[-122.35709,47.61959],[-122.35849,47.62091],[-122.3573,47.62245],[-122.35471,47.62268],[-122.35331,47.62136],[-122.3545,47.61982]]]},"properties":{"zone":0,"cell_type":"inclusion","proximity":4845.3,"opportunity":11307.5,"population":477}},{"type":"Feature","id":1969,"geometry":{"type":"Polygon","coordinates":[[[-122.29961,47.67202],[-122.3022,47.67179],[-122.3036,47.6731],[-122.3024,47.67464],[-122.29981,47.67487],[-122.29841,47.67356],[-122.29961,47.67202]]]},"properties":{"zone":0,"cell_type":"inclusion","proximity":3682.8,"opportunity":8714.1,"population":499}},{"type":"Feature","id":1970,"geometry":{"type":"Polygon","coordinates":[[[-122.27362,47.52777],[-122.27621,47.52755],[-122.27761,47.52886],[-122.27642,47.53041],[-122.27383,47.53063],[-122.27243,47.52932],[-122.27362,47.52777]]]},"properties":{"zone":3,"cell_type":"total isolation","proximity":893.9,"opportunity":4984.1,"population":442}},{"type":"Feature","id":1971,"geometry":{"type":"Polygon","coordinates":[[[-122.41691,47.65976],[-122.41793,47.65967],[-122.41833,47.66004],[-122.41788,47.66062],[-122.41686,47.66071],[-122.41646,47.66034],[-122.41691,47.65976]]]},"properties":{"zone":3,"cell_type":"total isolation","proximity":1348.9,"opportunity":2602.5,"population":16}},{"type":"Feature","id":1972,"geometry":{"type":"Polygon","coordinates":[[[-122.33881,47.6184],[-122.3413,47.61818],[-122.34263,47.61943],[-122.34149,47.62091],[-122.339,47.62112],[-122.33767,47.61987],[-122.33881,47.6184]]]},"properties":{"zone":0,"cell_type":"inclusion","proximity":5815,"opportunity":12728.4,"population":339}},{"type":"Feature","id":1973,"geometry":{"type":"Polygon","coordinates":[[[-122.36137,47.7113],[-122.36355,47.71111],[-122.36469,47.71217],[-122.36369,47.71346],[-122.36151,47.71366],[-122.36037,47.71259],[-122.36137,47.7113]]]},"properties":{"zone":3,"cell_type":"total isolation","proximity":1771.1,"opportunity":4203.5,"population":180}},{"type":"Feature","id":1974,"geometry":{"type":"Polygon","coordinates":[[[-122.33647,47.56826],[-122.33647,47.56826],[-122.3364,47.56827],[-122.3364,47.56827],[-122.33647,47.56826]]]},"properties":{"zone":3,"cell_type":"total isolation","proximity":1893.8,"opportunity":7355.6,"population":2}},{"type":"Feature","id":1975,"geometry":{"type":"Polygon","coordinates":[[[-122.31328,47.69813],[-122.31578,47.69791],[-122.31712,47.69917],[-122.31597,47.70065],[-122.31347,47.70087],[-122.31212,47.69962],[-122.31328,47.69813]]]},"properties":{"zone":1,"cell_type":"spatial isolation","proximity":3071.7,"opportunity":7544.9,"population":350}},{"type":"Feature","id":1976,"geometry":{"type":"Polygon","coordinates":[[[-122.30008,47.73094],[-122.30241,47.73074],[-122.30365,47.73189],[-122.30258,47.73327],[-122.30024,47.73348],[-122.29901,47.73232],[-122.30008,47.73094]]]},"properties":{"zone":3,"cell_type":"total isolation","proximity":1240.3,"opportunity":5489.1,"population":245}},{"type":"Feature","id":1977,"geometry":{"type":"Polygon","coordinates":[[[-122.39176,47.6468],[-122.39415,47.64659],[-122.39542,47.64778],[-122.39433,47.6492],[-122.39193,47.64941],[-122.39066,47.64822],[-122.39176,47.6468]]]},"properties":{"zone":3,"cell_type":"total isolation","proximity":2348.3,"opportunity":6547.4,"population":279}},{"type":"Feature","id":1978,"geometry":{"type":"Polygon","coordinates":[[[-122.33794,47.66012],[-122.3404,47.6599],[-122.34172,47.66114],[-122.34059,47.6626],[-122.33812,47.66282],[-122.33681,47.66158],[-122.33794,47.66012]]]},"properties":{"zone":0,"cell_type":"inclusion","proximity":4656.4,"opportunity":11826.5,"population":322}},{"type":"Feature","id":1979,"geometry":{"type":"Polygon","coordinates":[[[-122.28187,47.69262],[-122.28381,47.69245],[-122.2848,47.69337],[-122.28391,47.69452],[-122.28197,47.69469],[-122.28099,47.69376],[-122.28187,47.69262]]]},"properties":{"zone":3,"cell_type":"total isolation","proximity":1938,"opportunity":4714,"population":108}},{"type":"Feature","id":1980,"geometry":{"type":"Polygon","coordinates":[[[-122.3323,47.6256],[-122.33334,47.62551],[-122.33375,47.62589],[-122.33329,47.62648],[-122.33225,47.62658],[-122.33184,47.62619],[-122.3323,47.6256]]]},"properties":{"zone":0,"cell_type":"inclusion","proximity":5237.2,"opportunity":10856,"population":17}},{"type":"Feature","id":1981,"geometry":{"type":"Polygon","coordinates":[[[-122.33961,47.68295],[-122.34204,47.68274],[-122.34333,47.68395],[-122.34222,47.68539],[-122.33979,47.6856],[-122.3385,47.68439],[-122.33961,47.68295]]]},"properties":{"zone":0,"cell_type":"inclusion","proximity":3959,"opportunity":9641.1,"population":299}},{"type":"Feature","id":1982,"geometry":{"type":"Polygon","coordinates":[[[-122.30872,47.56618],[-122.3093,47.56613],[-122.30942,47.56624],[-122.30918,47.56656],[-122.30859,47.56661],[-122.30847,47.5665],[-122.30872,47.56618]]]},"properties":{"zone":3,"cell_type":"total isolation","proximity":1993.2,"opportunity":7217.3,"population":6}},{"type":"Feature","id":1983,"geometry":{"type":"Polygon","coordinates":[[[-122.30623,47.60109],[-122.30882,47.60086],[-122.31022,47.60218],[-122.30903,47.60372],[-122.30644,47.60394],[-122.30504,47.60263],[-122.30623,47.60109]]]},"properties":{"zone":0,"cell_type":"inclusion","proximity":4230,"opportunity":8971,"population":810}},{"type":"Feature","id":1984,"geometry":{"type":"Polygon","coordinates":[[[-122.37514,47.68702],[-122.37752,47.68681],[-122.37879,47.68799],[-122.3777,47.6894],[-122.37532,47.68961],[-122.37405,47.68843],[-122.37514,47.68702]]]},"properties":{"zone":0,"cell_type":"inclusion","proximity":2942.4,"opportunity":9068.7,"population":271}},{"type":"Feature","id":1985,"geometry":{"type":"Polygon","coordinates":[[[-122.3644,47.64507],[-122.36653,47.64488],[-122.36764,47.64592],[-122.36667,47.64718],[-122.36453,47.64737],[-122.36342,47.64633],[-122.3644,47.64507]]]},"properties":{"zone":1,"cell_type":"spatial isolation","proximity":3084,"opportunity":7495.6,"population":162}},{"type":"Feature","id":1986,"geometry":{"type":"Polygon","coordinates":[[[-122.30779,47.67704],[-122.31039,47.67681],[-122.31178,47.67812],[-122.31059,47.67966],[-122.308,47.67989],[-122.3066,47.67858],[-122.30779,47.67704]]]},"properties":{"zone":0,"cell_type":"inclusion","proximity":3888.7,"opportunity":10849.5,"population":448}},{"type":"Feature","id":1987,"geometry":{"type":"Polygon","coordinates":[[[-122.28331,47.55289],[-122.28576,47.55268],[-122.28706,47.55391],[-122.28594,47.55536],[-122.28349,47.55558],[-122.28219,47.55435],[-122.28331,47.55289]]]},"properties":{"zone":3,"cell_type":"total isolation","proximity":1575.5,"opportunity":6376.7,"population":311}},{"type":"Feature","id":1988,"geometry":{"type":"Polygon","coordinates":[[[-122.39926,47.64055],[-122.40139,47.64036],[-122.40251,47.6414],[-122.40153,47.64266],[-122.39939,47.64285],[-122.39828,47.64181],[-122.39926,47.64055]]]},"properties":{"zone":3,"cell_type":"total isolation","proximity":2028.1,"opportunity":5511.4,"population":164}},{"type":"Feature","id":1989,"geometry":{"type":"Polygon","coordinates":[[[-122.32056,47.63583],[-122.32298,47.63562],[-122.32428,47.63683],[-122.32316,47.63827],[-122.32074,47.63849],[-122.31944,47.63727],[-122.32056,47.63583]]]},"properties":{"zone":0,"cell_type":"inclusion","proximity":4262.9,"opportunity":8750.8,"population":299}},{"type":"Feature","id":1990,"geometry":{"type":"Polygon","coordinates":[[[-122.36954,47.71629],[-122.37176,47.71609],[-122.37292,47.71718],[-122.37191,47.7185],[-122.36969,47.71869],[-122.36852,47.7176],[-122.36954,47.71629]]]},"properties":{"zone":3,"cell_type":"total isolation","proximity":1396.3,"opportunity":85.3,"population":194}},{"type":"Feature","id":1991,"geometry":{"type":"Polygon","coordinates":[[[-122.33486,47.55084],[-122.33563,47.55077],[-122.33586,47.55099],[-122.33554,47.55142],[-122.33477,47.55149],[-122.33454,47.55126],[-122.33486,47.55084]]]},"properties":{"zone":3,"cell_type":"total isolation","proximity":1404.2,"opportunity":6738.7,"population":9}},{"type":"Feature","id":1992,"geometry":{"type":"Polygon","coordinates":[[[-122.40136,47.67173],[-122.40383,47.67151],[-122.40515,47.67275],[-122.40401,47.67421],[-122.40155,47.67443],[-122.40023,47.6732],[-122.40136,47.67173]]]},"properties":{"zone":3,"cell_type":"total isolation","proximity":2122.6,"opportunity":5071.6,"population":324}},{"type":"Feature","id":1993,"geometry":{"type":"Polygon","coordinates":[[[-122.27289,47.51642],[-122.27534,47.5162],[-122.27665,47.51744],[-122.27552,47.5189],[-122.27307,47.51911],[-122.27176,47.51788],[-122.27289,47.51642]]]},"properties":{"zone":3,"cell_type":"total isolation","proximity":672.7,"opportunity":4768.8,"population":316}},{"type":"Feature","id":1994,"geometry":{"type":"Polygon","coordinates":[[[-122.29017,47.5407],[-122.29276,47.54048],[-122.29416,47.54179],[-122.29297,47.54334],[-122.29038,47.54356],[-122.28898,47.54225],[-122.29017,47.5407]]]},"properties":{"zone":3,"cell_type":"total isolation","proximity":1287.3,"opportunity":5157.7,"population":651}},{"type":"Feature","id":1995,"geometry":{"type":"Polygon","coordinates":[[[-122.2728,47.67879],[-122.2752,47.67858],[-122.27648,47.67977],[-122.27538,47.6812],[-122.27298,47.68141],[-122.2717,47.68021],[-122.2728,47.67879]]]},"properties":{"zone":3,"cell_type":"total isolation","proximity":2083.7,"opportunity":6796.3,"population":282}},{"type":"Feature","id":1996,"geometry":{"type":"Polygon","coordinates":[[[-122.28922,47.63301],[-122.29137,47.63282],[-122.29248,47.63387],[-122.2915,47.63514],[-122.28935,47.63533],[-122.28823,47.63428],[-122.28922,47.63301]]]},"properties":{"zone":3,"cell_type":"total isolation","proximity":2351.2,"opportunity":4988.2,"population":167}},{"type":"Feature","id":1997,"geometry":{"type":"Polygon","coordinates":[[[-122.3227,47.71759],[-122.32486,47.7174],[-122.32598,47.71845],[-122.32499,47.71972],[-122.32284,47.71991],[-122.32172,47.71886],[-122.3227,47.71759]]]},"properties":{"zone":3,"cell_type":"total isolation","proximity":2221.8,"opportunity":7313.4,"population":168}},{"type":"Feature","id":1998,"geometry":{"type":"Polygon","coordinates":[[[-122.28605,47.58745],[-122.28801,47.58728],[-122.289,47.58821],[-122.28811,47.58936],[-122.28615,47.58953],[-122.28516,47.5886],[-122.28605,47.58745]]]},"properties":{"zone":3,"cell_type":"total isolation","proximity":2152.5,"opportunity":5060.7,"population":111}},{"type":"Feature","id":1999,"geometry":{"type":"Polygon","coordinates":[[[-122.36248,47.62199],[-122.36507,47.62176],[-122.36646,47.62307],[-122.36527,47.62462],[-122.36268,47.62484],[-122.36128,47.62353],[-122.36248,47.62199]]]},"properties":{"zone":0,"cell_type":"inclusion","proximity":4148.6,"opportunity":9233.3,"population":669}},{"type":"Feature","id":2000,"geometry":{"type":"Polygon","coordinates":[[[-122.3076,47.6742],[-122.31017,47.67398],[-122.31155,47.67527],[-122.31037,47.6768],[-122.3078,47.67702],[-122.30642,47.67573],[-122.3076,47.6742]]]},"properties":{"zone":0,"cell_type":"inclusion","proximity":4036.7,"opportunity":11617.8,"population":398}},{"type":"Feature","id":2001,"geometry":{"type":"Polygon","coordinates":[[[-122.33078,47.61617],[-122.33337,47.61594],[-122.33477,47.61725],[-122.33357,47.61879],[-122.33098,47.61902],[-122.32959,47.61771],[-122.33078,47.61617]]]},"properties":{"zone":0,"cell_type":"inclusion","proximity":6011.2,"opportunity":13028.7,"population":511}},{"type":"Feature","id":2002,"geometry":{"type":"Polygon","coordinates":[[[-122.3488,47.70218],[-122.35129,47.70196],[-122.35263,47.70321],[-122.35148,47.70469],[-122.34899,47.70491],[-122.34765,47.70366],[-122.3488,47.70218]]]},"properties":{"zone":0,"cell_type":"inclusion","proximity":2948.7,"opportunity":8928.7,"population":344}},{"type":"Feature","id":2003,"geometry":{"type":"Polygon","coordinates":[[[-122.30687,47.71605],[-122.30914,47.71585],[-122.31032,47.71697],[-122.30929,47.7183],[-122.30702,47.7185],[-122.30583,47.71739],[-122.30687,47.71605]]]},"properties":{"zone":3,"cell_type":"total isolation","proximity":2058.6,"opportunity":7198.4,"population":211}},{"type":"Feature","id":2004,"geometry":{"type":"Polygon","coordinates":[[[-122.31596,47.72988],[-122.31775,47.72972],[-122.31863,47.73055],[-122.31782,47.7316],[-122.31603,47.73176],[-122.31515,47.73093],[-122.31596,47.72988]]]},"properties":{"zone":3,"cell_type":"total isolation","proximity":1279,"opportunity":4198.3,"population":78}},{"type":"Feature","id":2005,"geometry":{"type":"Polygon","coordinates":[[[-122.38786,47.64846],[-122.39045,47.64823],[-122.39185,47.64954],[-122.39066,47.65108],[-122.38807,47.65131],[-122.38667,47.65],[-122.38786,47.64846]]]},"properties":{"zone":3,"cell_type":"total isolation","proximity":2451.5,"opportunity":6167.4,"population":504}},{"type":"Feature","id":2006,"geometry":{"type":"Polygon","coordinates":[[[-122.33724,47.65149],[-122.33983,47.65126],[-122.34123,47.65257],[-122.34004,47.65411],[-122.33745,47.65434],[-122.33605,47.65303],[-122.33724,47.65149]]]},"properties":{"zone":0,"cell_type":"inclusion","proximity":4394.7,"opportunity":10362.5,"population":490}},{"type":"Feature","id":2007,"geometry":{"type":"Polygon","coordinates":[[[-122.28253,47.70387],[-122.28475,47.70368],[-122.2859,47.70476],[-122.28489,47.70607],[-122.28268,47.70626],[-122.28152,47.70518],[-122.28253,47.70387]]]},"properties":{"zone":3,"cell_type":"total isolation","proximity":1784.7,"opportunity":5245.1,"population":190}},{"type":"Feature","id":2008,"geometry":{"type":"Polygon","coordinates":[[[-122.3871,47.69025],[-122.38951,47.69004],[-122.39079,47.69123],[-122.38968,47.69266],[-122.38728,47.69287],[-122.386,47.69167],[-122.3871,47.69025]]]},"properties":{"zone":3,"cell_type":"total isolation","proximity":2240.9,"opportunity":7624.9,"population":283}},{"type":"Feature","id":2009,"geometry":{"type":"Polygon","coordinates":[[[-122.30705,47.55659],[-122.30944,47.55638],[-122.31072,47.55758],[-122.30962,47.55901],[-122.30722,47.55922],[-122.30595,47.55802],[-122.30705,47.55659]]]},"properties":{"zone":3,"cell_type":"total isolation","proximity":1682,"opportunity":6019.5,"population":281}},{"type":"Feature","id":2010,"geometry":{"type":"Polygon","coordinates":[[[-122.2962,47.5677],[-122.29845,47.5675],[-122.29963,47.56861],[-122.2986,47.56994],[-122.29635,47.57014],[-122.29517,47.56903],[-122.2962,47.5677]]]},"properties":{"zone":3,"cell_type":"total isolation","proximity":2055.3,"opportunity":6928.9,"population":205}},{"type":"Feature","id":2011,"geometry":{"type":"Polygon","coordinates":[[[-122.29531,47.61212],[-122.29788,47.61189],[-122.29926,47.61319],[-122.29808,47.61472],[-122.29551,47.61494],[-122.29413,47.61364],[-122.29531,47.61212]]]},"properties":{"zone":0,"cell_type":"inclusion","proximity":3821.4,"opportunity":8501.3,"population":400}},{"type":"Feature","id":2012,"geometry":{"type":"Polygon","coordinates":[[[-122.36263,47.67795],[-122.36522,47.67772],[-122.36662,47.67903],[-122.36543,47.68057],[-122.36284,47.6808],[-122.36144,47.67949],[-122.36263,47.67795]]]},"properties":{"zone":0,"cell_type":"inclusion","proximity":3524.4,"opportunity":9012.1,"population":466}},{"type":"Feature","id":2013,"geometry":{"type":"Polygon","coordinates":[[[-122.37211,47.64698],[-122.3747,47.64675],[-122.3761,47.64806],[-122.37491,47.6496],[-122.37232,47.64983],[-122.37092,47.64852],[-122.37211,47.64698]]]},"properties":{"zone":0,"cell_type":"inclusion","proximity":3279.1,"opportunity":8906.9,"population":433}},{"type":"Feature","id":2014,"geometry":{"type":"Polygon","coordinates":[[[-122.31579,47.67922],[-122.31836,47.67899],[-122.31975,47.68029],[-122.31856,47.68182],[-122.31599,47.68205],[-122.3146,47.68075],[-122.31579,47.67922]]]},"properties":{"zone":0,"cell_type":"inclusion","proximity":4164.4,"opportunity":11185.7,"population":406}},{"type":"Feature","id":2015,"geometry":{"type":"Polygon","coordinates":[[[-122.35856,47.72726],[-122.36085,47.72706],[-122.36205,47.72818],[-122.361,47.72953],[-122.35872,47.72973],[-122.35752,47.72861],[-122.35856,47.72726]]]},"properties":{"zone":3,"cell_type":"total isolation","proximity":1361.4,"opportunity":5205.5,"population":220}},{"type":"Feature","id":2016,"geometry":{"type":"Polygon","coordinates":[[[-122.33325,47.58392],[-122.33419,47.58384],[-122.33455,47.58417],[-122.33413,47.5847],[-122.33318,47.58479],[-122.33283,47.58446],[-122.33325,47.58392]]]},"properties":{"zone":0,"cell_type":"inclusion","proximity":3052.2,"opportunity":8590.2,"population":14}},{"type":"Feature","id":2017,"geometry":{"type":"Polygon","coordinates":[[[-122.39756,47.67348],[-122.40006,47.67326],[-122.4014,47.67452],[-122.40025,47.676],[-122.39775,47.67622],[-122.39641,47.67497],[-122.39756,47.67348]]]},"properties":{"zone":3,"cell_type":"total isolation","proximity":2295.7,"opportunity":5770.1,"population":346}},{"type":"Feature","id":2018,"geometry":{"type":"Polygon","coordinates":[[[-122.26905,47.51814],[-122.27159,47.51791],[-122.27296,47.5192],[-122.27179,47.52071],[-122.26925,47.52094],[-122.26789,47.51965],[-122.26905,47.51814]]]},"properties":{"zone":3,"cell_type":"total isolation","proximity":734.3,"opportunity":5045.5,"population":380}},{"type":"Feature","id":2019,"geometry":{"type":"Polygon","coordinates":[[[-122.31085,47.54687],[-122.31215,47.54676],[-122.31273,47.5473],[-122.31214,47.54805],[-122.31084,47.54817],[-122.31027,47.54762],[-122.31085,47.54687]]]},"properties":{"zone":3,"cell_type":"total isolation","proximity":1450.7,"opportunity":6603.5,"population":29}},{"type":"Feature","id":2020,"geometry":{"type":"Polygon","coordinates":[[[-122.269,47.68054],[-122.27142,47.68033],[-122.27271,47.68154],[-122.2716,47.68297],[-122.26918,47.68319],[-122.26789,47.68198],[-122.269,47.68054]]]},"properties":{"zone":3,"cell_type":"total isolation","proximity":1886.5,"opportunity":6696.8,"population":294}},{"type":"Feature","id":2021,"geometry":{"type":"Polygon","coordinates":[[[-122.35701,47.65408],[-122.35956,47.65385],[-122.36093,47.65514],[-122.35976,47.65665],[-122.35721,47.65688],[-122.35584,47.65559],[-122.35701,47.65408]]]},"properties":{"zone":0,"cell_type":"inclusion","proximity":4097.1,"opportunity":9449.1,"population":384}},{"type":"Feature","id":2022,"geometry":{"type":"Polygon","coordinates":[[[-122.34994,47.71653],[-122.35225,47.71633],[-122.35347,47.71747],[-122.35241,47.71884],[-122.3501,47.71904],[-122.34888,47.7179],[-122.34994,47.71653]]]},"properties":{"zone":3,"cell_type":"total isolation","proximity":2051.9,"opportunity":6940.5,"population":235}},{"type":"Feature","id":2023,"geometry":{"type":"Polygon","coordinates":[[[-122.25478,47.68311],[-122.25478,47.68311],[-122.25471,47.68312],[-122.25471,47.68312],[-122.25478,47.68311]]]},"properties":{"zone":3,"cell_type":"total isolation","proximity":1363.7,"opportunity":6502.8,"population":0}},{"type":"Feature","id":2024,"geometry":{"type":"Polygon","coordinates":[[[-122.31956,47.67744],[-122.32215,47.67721],[-122.32355,47.67852],[-122.32236,47.68006],[-122.31977,47.68029],[-122.31837,47.67898],[-122.31956,47.67744]]]},"properties":{"zone":0,"cell_type":"inclusion","proximity":4290.1,"opportunity":10943.4,"population":488}},{"type":"Feature","id":2025,"geometry":{"type":"Polygon","coordinates":[[[-122.2939,47.58949],[-122.29607,47.5893],[-122.29721,47.59037],[-122.29621,47.59166],[-122.29403,47.59185],[-122.2929,47.59078],[-122.2939,47.58949]]]},"properties":{"zone":2,"cell_type":"social isolation","proximity":2747.2,"opportunity":8294.4,"population":178}},{"type":"Feature","id":2026,"geometry":{"type":"Polygon","coordinates":[[[-122.2952,47.66523],[-122.2978,47.665],[-122.29919,47.66631],[-122.298,47.66785],[-122.29541,47.66808],[-122.29401,47.66677],[-122.2952,47.66523]]]},"properties":{"zone":0,"cell_type":"inclusion","proximity":3640.7,"opportunity":8186,"population":550}},{"type":"Feature","id":2027,"geometry":{"type":"Polygon","coordinates":[[[-122.26361,47.54767],[-122.26566,47.54749],[-122.26671,47.54848],[-122.26578,47.54969],[-122.26373,47.54987],[-122.26268,47.54888],[-122.26361,47.54767]]]},"properties":{"zone":3,"cell_type":"total isolation","proximity":970.1,"opportunity":3998,"population":136}},{"type":"Feature","id":2028,"geometry":{"type":"Polygon","coordinates":[[[-122.26438,47.67088],[-122.26684,47.67066],[-122.26815,47.6719],[-122.26702,47.67335],[-122.26456,47.67357],[-122.26325,47.67234],[-122.26438,47.67088]]]},"properties":{"zone":3,"cell_type":"total isolation","proximity":1928.7,"opportunity":7503.9,"population":318}},{"type":"Feature","id":2029,"geometry":{"type":"Polygon","coordinates":[[[-122.35674,47.7043],[-122.35931,47.70407],[-122.3607,47.70537],[-122.35951,47.7069],[-122.35694,47.70713],[-122.35555,47.70583],[-122.35674,47.7043]]]},"properties":{"zone":2,"cell_type":"social isolation","proximity":2583.9,"opportunity":7935.1,"population":403}},{"type":"Feature","id":2030,"geometry":{"type":"Polygon","coordinates":[[[-122.2946,47.70721],[-122.29666,47.70703],[-122.29772,47.70802],[-122.29678,47.70924],[-122.29472,47.70942],[-122.29366,47.70843],[-122.2946,47.70721]]]},"properties":{"zone":3,"cell_type":"total isolation","proximity":2219.5,"opportunity":5934.5,"population":137}},{"type":"Feature","id":2031,"geometry":{"type":"Polygon","coordinates":[[[-122.36311,47.63057],[-122.36568,47.63034],[-122.36706,47.63164],[-122.36588,47.63316],[-122.36332,47.63338],[-122.36194,47.63209],[-122.36311,47.63057]]]},"properties":{"zone":1,"cell_type":"spatial isolation","proximity":3669.5,"opportunity":7349.4,"population":396}},{"type":"Feature","id":2032,"geometry":{"type":"Polygon","coordinates":[[[-122.32411,47.73221],[-122.32561,47.73208],[-122.32631,47.73273],[-122.32564,47.7336],[-122.32414,47.73373],[-122.32344,47.73308],[-122.32411,47.73221]]]},"properties":{"zone":3,"cell_type":"total isolation","proximity":1152,"opportunity":2912.7,"population":43}},{"type":"Feature","id":2033,"geometry":{"type":"Polygon","coordinates":[[[-122.27169,47.66178],[-122.2739,47.66159],[-122.27505,47.66267],[-122.27404,47.66398],[-122.27183,47.66417],[-122.27067,47.66309],[-122.27169,47.66178]]]},"properties":{"zone":3,"cell_type":"total isolation","proximity":2119.4,"opportunity":5920,"population":189}},{"type":"Feature","id":2034,"geometry":{"type":"Polygon","coordinates":[[[-122.32182,47.53855],[-122.3234,47.53841],[-122.32415,47.53912],[-122.32344,47.54004],[-122.32186,47.54018],[-122.32111,47.53947],[-122.32182,47.53855]]]},"properties":{"zone":3,"cell_type":"total isolation","proximity":1140.2,"opportunity":6521.2,"population":51}},{"type":"Feature","id":2035,"geometry":{"type":"Polygon","coordinates":[[[-122.33346,47.65326],[-122.33605,47.65303],[-122.33745,47.65434],[-122.33626,47.65588],[-122.33367,47.65611],[-122.33227,47.6548],[-122.33346,47.65326]]]},"properties":{"zone":0,"cell_type":"inclusion","proximity":4421.2,"opportunity":10127.4,"population":488}},{"type":"Feature","id":2036,"geometry":{"type":"Polygon","coordinates":[[[-122.29181,47.72586],[-122.29427,47.72564],[-122.29558,47.72687],[-122.29445,47.72833],[-122.292,47.72854],[-122.29068,47.72731],[-122.29181,47.72586]]]},"properties":{"zone":3,"cell_type":"total isolation","proximity":1425.7,"opportunity":6501.3,"population":317}},{"type":"Feature","id":2037,"geometry":{"type":"Polygon","coordinates":[[[-122.27868,47.70557],[-122.28101,47.70537],[-122.28224,47.70652],[-122.28117,47.7079],[-122.27884,47.70811],[-122.27761,47.70695],[-122.27868,47.70557]]]},"properties":{"zone":3,"cell_type":"total isolation","proximity":1574.6,"opportunity":5277.4,"population":243}},{"type":"Feature","id":2038,"geometry":{"type":"Polygon","coordinates":[[[-122.2896,47.53217],[-122.29212,47.53195],[-122.29347,47.53322],[-122.29231,47.53472],[-122.28979,47.53495],[-122.28844,47.53367],[-122.2896,47.53217]]]},"properties":{"zone":3,"cell_type":"total isolation","proximity":973.3,"opportunity":4842.5,"population":365}},{"type":"Feature","id":2039,"geometry":{"type":"Polygon","coordinates":[[[-122.32923,47.70245],[-122.33176,47.70223],[-122.33312,47.7035],[-122.33195,47.705],[-122.32943,47.70522],[-122.32807,47.70395],[-122.32923,47.70245]]]},"properties":{"zone":2,"cell_type":"social isolation","proximity":2593.1,"opportunity":8262.5,"population":367}},{"type":"Feature","id":2040,"geometry":{"type":"Polygon","coordinates":[[[-122.30322,47.55832],[-122.3057,47.5581],[-122.30702,47.55935],[-122.30588,47.56082],[-122.30341,47.56104],[-122.30208,47.55979],[-122.30322,47.55832]]]},"properties":{"zone":3,"cell_type":"total isolation","proximity":1884.2,"opportunity":7689,"population":333}},{"type":"Feature","id":2041,"geometry":{"type":"Polygon","coordinates":[[[-122.30327,47.61428],[-122.30586,47.61405],[-122.30726,47.61536],[-122.30607,47.6169],[-122.30348,47.61713],[-122.30208,47.61582],[-122.30327,47.61428]]]},"properties":{"zone":0,"cell_type":"inclusion","proximity":4550,"opportunity":9186.5,"population":419}},{"type":"Feature","id":2042,"geometry":{"type":"Polygon","coordinates":[[[-122.35973,47.63802],[-122.36232,47.6378],[-122.36372,47.63911],[-122.36253,47.64065],[-122.35994,47.64088],[-122.35854,47.63957],[-122.35973,47.63802]]]},"properties":{"zone":0,"cell_type":"inclusion","proximity":3816.8,"opportunity":9012.7,"population":498}},{"type":"Feature","id":2043,"geometry":{"type":"Polygon","coordinates":[[[-122.30483,47.69021],[-122.30742,47.68998],[-122.30882,47.69129],[-122.30763,47.69283],[-122.30503,47.69306],[-122.30364,47.69175],[-122.30483,47.69021]]]},"properties":{"zone":0,"cell_type":"inclusion","proximity":3326.5,"opportunity":8577.2,"population":586}},{"type":"Feature","id":2044,"geometry":{"type":"Polygon","coordinates":[[[-122.27154,47.55247],[-122.27402,47.55225],[-122.27534,47.5535],[-122.2742,47.55497],[-122.27173,47.55519],[-122.2704,47.55394],[-122.27154,47.55247]]]},"properties":{"zone":3,"cell_type":"total isolation","proximity":1278.8,"opportunity":5184.9,"population":332}},{"type":"Feature","id":2045,"geometry":{"type":"Polygon","coordinates":[[[-122.36726,47.73011],[-122.36832,47.73001],[-122.36874,47.73041],[-122.36828,47.73101],[-122.36722,47.7311],[-122.36679,47.73071],[-122.36726,47.73011]]]},"properties":{"zone":3,"cell_type":"total isolation","proximity":844.1,"opportunity":19.3,"population":17}},{"type":"Feature","id":2046,"geometry":{"type":"Polygon","coordinates":[[[-122.33092,47.54429],[-122.33087,47.54436],[-122.33069,47.54437],[-122.33074,47.5443],[-122.33092,47.54429]]]},"properties":{"zone":3,"cell_type":"total isolation","proximity":1271.3,"opportunity":6947,"population":4}},{"type":"Feature","id":2047,"geometry":{"type":"Polygon","coordinates":[[[-122.39083,47.6353],[-122.39338,47.63507],[-122.39476,47.63636],[-122.39359,47.63788],[-122.39103,47.63811],[-122.38966,47.63682],[-122.39083,47.6353]]]},"properties":{"zone":2,"cell_type":"social isolation","proximity":2294.8,"opportunity":8274.4,"population":389}},{"type":"Feature","id":2048,"geometry":{"type":"Polygon","coordinates":[[[-122.38953,47.67127],[-122.39212,47.67104],[-122.39352,47.67235],[-122.39233,47.67389],[-122.38974,47.67412],[-122.38834,47.67281],[-122.38953,47.67127]]]},"properties":{"zone":3,"cell_type":"total isolation","proximity":2879.3,"opportunity":7692.1,"population":680}},{"type":"Feature","id":2049,"geometry":{"type":"Polygon","coordinates":[[[-122.29616,47.62356],[-122.29867,47.62334],[-122.30002,47.62461],[-122.29887,47.6261],[-122.29636,47.62632],[-122.29501,47.62506],[-122.29616,47.62356]]]},"properties":{"zone":0,"cell_type":"inclusion","proximity":3954.1,"opportunity":9104.9,"population":354}},{"type":"Feature","id":2050,"geometry":{"type":"Polygon","coordinates":[[[-122.29823,47.53765],[-122.29997,47.53749],[-122.30082,47.5383],[-122.30003,47.53932],[-122.2983,47.53947],[-122.29744,47.53867],[-122.29823,47.53765]]]},"properties":{"zone":3,"cell_type":"total isolation","proximity":1204.5,"opportunity":5529.9,"population":71}},{"type":"Feature","id":2051,"geometry":{"type":"Polygon","coordinates":[[[-122.28898,47.68599],[-122.29137,47.68578],[-122.29264,47.68697],[-122.29154,47.68838],[-122.28915,47.68859],[-122.28788,47.6874],[-122.28898,47.68599]]]},"properties":{"zone":3,"cell_type":"total isolation","proximity":2647.4,"opportunity":7078.5,"population":274}},{"type":"Feature","id":2052,"geometry":{"type":"Polygon","coordinates":[[[-122.3532,47.65582],[-122.35579,47.6556],[-122.35719,47.65691],[-122.356,47.65845],[-122.35341,47.65868],[-122.35201,47.65736],[-122.3532,47.65582]]]},"properties":{"zone":0,"cell_type":"inclusion","proximity":4326.8,"opportunity":9963.8,"population":486}},{"type":"Feature","id":2053,"geometry":{"type":"Polygon","coordinates":[[[-122.2772,47.63236],[-122.27979,47.63213],[-122.28118,47.63344],[-122.27999,47.63498],[-122.2774,47.63521],[-122.276,47.6339],[-122.2772,47.63236]]]},"properties":{"zone":3,"cell_type":"total isolation","proximity":2208.2,"opportunity":4960.9,"population":443}},{"type":"Feature","id":2054,"geometry":{"type":"Polygon","coordinates":[[[-122.35413,47.61416],[-122.35664,47.61394],[-122.35799,47.6152],[-122.35684,47.6167],[-122.35433,47.61692],[-122.35298,47.61565],[-122.35413,47.61416]]]},"properties":{"zone":0,"cell_type":"inclusion","proximity":4628.8,"opportunity":10568,"population":356}},{"type":"Feature","id":2055,"geometry":{"type":"Polygon","coordinates":[[[-122.34663,47.71876],[-122.34812,47.71863],[-122.34881,47.71928],[-122.34815,47.72014],[-122.34666,47.72027],[-122.34597,47.71963],[-122.34663,47.71876]]]},"properties":{"zone":3,"cell_type":"total isolation","proximity":2077.1,"opportunity":7582.1,"population":42}},{"type":"Feature","id":2056,"geometry":{"type":"Polygon","coordinates":[[[-122.26203,47.68466],[-122.26341,47.68454],[-122.26404,47.68512],[-122.26342,47.68592],[-122.26204,47.68604],[-122.26142,47.68546],[-122.26203,47.68466]]]},"properties":{"zone":3,"cell_type":"total isolation","proximity":1538.8,"opportunity":7453.5,"population":33}},{"type":"Feature","id":2057,"geometry":{"type":"Polygon","coordinates":[[[-122.34691,47.6765],[-122.34945,47.67628],[-122.35081,47.67756],[-122.34964,47.67906],[-122.34711,47.67928],[-122.34575,47.67801],[-122.34691,47.6765]]]},"properties":{"zone":0,"cell_type":"inclusion","proximity":3956.2,"opportunity":10360.1,"population":373}},{"type":"Feature","id":2058,"geometry":{"type":"Polygon","coordinates":[[[-122.30919,47.5879],[-122.31178,47.58767],[-122.31318,47.58899],[-122.31199,47.59053],[-122.3094,47.59076],[-122.308,47.58944],[-122.30919,47.5879]]]},"properties":{"zone":0,"cell_type":"inclusion","proximity":3326.4,"opportunity":8078.9,"population":543}},{"type":"Feature","id":2059,"geometry":{"type":"Polygon","coordinates":[[[-122.40416,47.65312],[-122.40616,47.65294],[-122.40718,47.6539],[-122.40627,47.65508],[-122.40427,47.65525],[-122.40325,47.6543],[-122.40416,47.65312]]]},"properties":{"zone":3,"cell_type":"total isolation","proximity":1856.8,"opportunity":4772.1,"population":123}},{"type":"Feature","id":2060,"geometry":{"type":"Polygon","coordinates":[[[-122.26288,47.53898],[-122.26514,47.53878],[-122.26633,47.5399],[-122.26529,47.54124],[-122.26303,47.54144],[-122.26184,47.54032],[-122.26288,47.53898]]]},"properties":{"zone":3,"cell_type":"total isolation","proximity":933.3,"opportunity":4894.3,"population":214}},{"type":"Feature","id":2061,"geometry":{"type":"Polygon","coordinates":[[[-122.38025,47.64134],[-122.3815,47.64123],[-122.38205,47.64174],[-122.38149,47.64246],[-122.38023,47.64257],[-122.37969,47.64206],[-122.38025,47.64134]]]},"properties":{"zone":2,"cell_type":"social isolation","proximity":2769.5,"opportunity":8955,"population":26}},{"type":"Feature","id":2062,"geometry":{"type":"Polygon","coordinates":[[[-122.37246,47.7031],[-122.37473,47.7029],[-122.37593,47.70401],[-122.37489,47.70536],[-122.37262,47.70556],[-122.37142,47.70444],[-122.37246,47.7031]]]},"properties":{"zone":3,"cell_type":"total isolation","proximity":2050.7,"opportunity":5085,"population":215}},{"type":"Feature","id":2063,"geometry":{"type":"Polygon","coordinates":[[[-122.31236,47.57757],[-122.31495,47.57734],[-122.31634,47.57865],[-122.31515,47.58019],[-122.31257,47.58042],[-122.31117,47.57911],[-122.31236,47.57757]]]},"properties":{"zone":2,"cell_type":"social isolation","proximity":2736.3,"opportunity":9496.7,"population":419}},{"type":"Feature","id":2064,"geometry":{"type":"Polygon","coordinates":[[[-122.30243,47.70923],[-122.30476,47.70903],[-122.30599,47.71018],[-122.30492,47.71155],[-122.30259,47.71176],[-122.30136,47.71061],[-122.30243,47.70923]]]},"properties":{"zone":3,"cell_type":"total isolation","proximity":2339.1,"opportunity":7862.7,"population":241}},{"type":"Feature","id":2065,"geometry":{"type":"Polygon","coordinates":[[[-122.31126,47.72282],[-122.31355,47.72261],[-122.31476,47.72375],[-122.31371,47.7251],[-122.31142,47.7253],[-122.31021,47.72417],[-122.31126,47.72282]]]},"properties":{"zone":3,"cell_type":"total isolation","proximity":1831.7,"opportunity":7217.3,"population":225}},{"type":"Feature","id":2066,"geometry":{"type":"Polygon","coordinates":[[[-122.37869,47.68236],[-122.38112,47.68215],[-122.38243,47.68337],[-122.38131,47.68481],[-122.37887,47.68503],[-122.37757,47.68381],[-122.37869,47.68236]]]},"properties":{"zone":1,"cell_type":"spatial isolation","proximity":2948.2,"opportunity":7670.3,"population":305}},{"type":"Feature","id":2067,"geometry":{"type":"Polygon","coordinates":[[[-122.27958,47.71706],[-122.28176,47.71687],[-122.2829,47.71793],[-122.2819,47.71922],[-122.27972,47.71941],[-122.27858,47.71835],[-122.27958,47.71706]]]},"properties":{"zone":3,"cell_type":"total isolation","proximity":1306.4,"opportunity":5317.6,"population":178}},{"type":"Feature","id":2068,"geometry":{"type":"Polygon","coordinates":[[[-122.299,47.5356],[-122.29897,47.53564],[-122.29886,47.53565],[-122.29888,47.53562],[-122.299,47.5356]]]},"properties":{"zone":3,"cell_type":"total isolation","proximity":717.8,"opportunity":4510.7,"population":3}},{"type":"Feature","id":2069,"geometry":{"type":"Polygon","coordinates":[[[-122.28704,47.65757],[-122.28924,47.65738],[-122.2904,47.65846],[-122.28939,47.65976],[-122.28718,47.65996],[-122.28603,47.65887],[-122.28704,47.65757]]]},"properties":{"zone":0,"cell_type":"inclusion","proximity":3222.1,"opportunity":7924.2,"population":188}},{"type":"Feature","id":2070,"geometry":{"type":"Polygon","coordinates":[[[-122.34004,47.56364],[-122.34004,47.56364],[-122.33998,47.56364],[-122.33998,47.56364],[-122.34004,47.56364]]]},"properties":{"zone":3,"cell_type":"total isolation","proximity":1595.9,"opportunity":895.5,"population":0}},{"type":"Feature","id":2071,"geometry":{"type":"Polygon","coordinates":[[[-122.32892,47.6942],[-122.33092,47.69402],[-122.33194,47.69498],[-122.33103,47.69615],[-122.32903,47.69633],[-122.32801,47.69537],[-122.32892,47.6942]]]},"properties":{"zone":0,"cell_type":"inclusion","proximity":3290.3,"opportunity":10440.1,"population":121}},{"type":"Feature","id":2072,"geometry":{"type":"Polygon","coordinates":[[[-122.29766,47.57708],[-122.29846,47.57701],[-122.29872,47.57725],[-122.29837,47.5777],[-122.29757,47.57777],[-122.29731,47.57752],[-122.29766,47.57708]]]},"properties":{"zone":2,"cell_type":"social isolation","proximity":2479.8,"opportunity":9663.8,"population":10}},{"type":"Feature","id":2073,"geometry":{"type":"Polygon","coordinates":[[[-122.2909,47.60531],[-122.29349,47.60508],[-122.29489,47.60639],[-122.29369,47.60793],[-122.2911,47.60816],[-122.28971,47.60685],[-122.2909,47.60531]]]},"properties":{"zone":0,"cell_type":"inclusion","proximity":3218.3,"opportunity":8094.7,"population":461}},{"type":"Feature","id":2074,"geometry":{"type":"Polygon","coordinates":[[[-122.27244,47.56397],[-122.27478,47.56377],[-122.27601,47.56493],[-122.27494,47.56632],[-122.2726,47.56652],[-122.27136,47.56536],[-122.27244,47.56397]]]},"properties":{"zone":3,"cell_type":"total isolation","proximity":1331.1,"opportunity":4873.5,"population":249}},{"type":"Feature","id":2075,"geometry":{"type":"Polygon","coordinates":[[[-122.26083,47.51038],[-122.26311,47.51018],[-122.26431,47.51132],[-122.26327,47.51267],[-122.26098,47.51287],[-122.25978,47.51174],[-122.26083,47.51038]]]},"properties":{"zone":3,"cell_type":"total isolation","proximity":524,"opportunity":4230.1,"population":223}},{"type":"Feature","id":2076,"geometry":{"type":"Polygon","coordinates":[[[-122.35398,47.72031],[-122.35657,47.72008],[-122.35797,47.72139],[-122.35678,47.72293],[-122.35418,47.72316],[-122.35278,47.72185],[-122.35398,47.72031]]]},"properties":{"zone":3,"cell_type":"total isolation","proximity":1813.6,"opportunity":7055,"population":834}},{"type":"Feature","id":2077,"geometry":{"type":"Polygon","coordinates":[[[-122.32198,47.60258],[-122.32457,47.60235],[-122.32597,47.60367],[-122.32477,47.60521],[-122.32218,47.60543],[-122.32079,47.60412],[-122.32198,47.60258]]]},"properties":{"zone":0,"cell_type":"inclusion","proximity":5287.8,"opportunity":11632.1,"population":848}},{"type":"Feature","id":2078,"geometry":{"type":"Polygon","coordinates":[[[-122.31166,47.62216],[-122.31425,47.62193],[-122.31565,47.62324],[-122.31446,47.62478],[-122.31187,47.62501],[-122.31047,47.6237],[-122.31166,47.62216]]]},"properties":{"zone":0,"cell_type":"inclusion","proximity":4781.4,"opportunity":11497.5,"population":994}},{"type":"Feature","id":2079,"geometry":{"type":"Polygon","coordinates":[[[-122.30713,47.54066],[-122.30713,47.54066],[-122.30707,47.54066],[-122.30707,47.54066],[-122.30713,47.54066]]]},"properties":{"zone":3,"cell_type":"total isolation","proximity":1004.7,"opportunity":4696.7,"population":0}},{"type":"Feature","id":2080,"geometry":{"type":"Polygon","coordinates":[[[-122.2766,47.67703],[-122.27898,47.67682],[-122.28025,47.67801],[-122.27915,47.67942],[-122.27677,47.67963],[-122.27551,47.67844],[-122.2766,47.67703]]]},"properties":{"zone":3,"cell_type":"total isolation","proximity":2286.4,"opportunity":7231.4,"population":270}},{"type":"Feature","id":2081,"geometry":{"type":"Polygon","coordinates":[[[-122.33495,47.7264],[-122.33735,47.72619],[-122.33863,47.72739],[-122.33753,47.72881],[-122.33512,47.72902],[-122.33384,47.72782],[-122.33495,47.7264]]]},"properties":{"zone":3,"cell_type":"total isolation","proximity":1656.4,"opportunity":6674.3,"population":283}},{"type":"Feature","id":2082,"geometry":{"type":"Polygon","coordinates":[[[-122.37477,47.66246],[-122.37465,47.66261],[-122.37433,47.66264],[-122.37445,47.66249],[-122.37477,47.66246]]]},"properties":{"zone":0,"cell_type":"inclusion","proximity":3751.2,"opportunity":9502.3,"population":4}},{"type":"Feature","id":2083,"geometry":{"type":"Polygon","coordinates":[[[-122.30524,47.64007],[-122.30763,47.63987],[-122.30889,47.64105],[-122.3078,47.64247],[-122.30541,47.64268],[-122.30415,47.64149],[-122.30524,47.64007]]]},"properties":{"zone":0,"cell_type":"inclusion","proximity":3826,"opportunity":9755.3,"population":273}},{"type":"Feature","id":2084,"geometry":{"type":"Polygon","coordinates":[[[-122.35031,47.61588],[-122.35289,47.61566],[-122.35429,47.61697],[-122.3531,47.61851],[-122.35051,47.61874],[-122.34911,47.61743],[-122.35031,47.61588]]]},"properties":{"zone":0,"cell_type":"inclusion","proximity":5166.6,"opportunity":11938.9,"population":1883}},{"type":"Feature","id":2085,"geometry":{"type":"Polygon","coordinates":[[[-122.33822,47.71619],[-122.34044,47.716],[-122.3416,47.71708],[-122.34058,47.71839],[-122.33837,47.71858],[-122.33721,47.7175],[-122.33822,47.71619]]]},"properties":{"zone":3,"cell_type":"total isolation","proximity":2035,"opportunity":7020.6,"population":191}},{"type":"Feature","id":2086,"geometry":{"type":"Polygon","coordinates":[[[-122.34347,47.6786],[-122.34542,47.67842],[-122.34641,47.67935],[-122.34552,47.6805],[-122.34357,47.68068],[-122.34257,47.67975],[-122.34347,47.6786]]]},"properties":{"zone":0,"cell_type":"inclusion","proximity":3962.7,"opportunity":9393.1,"population":111}},{"type":"Feature","id":2087,"geometry":{"type":"Polygon","coordinates":[[[-122.31917,47.6106],[-122.3208,47.61045],[-122.32158,47.61119],[-122.32084,47.61214],[-122.31922,47.61229],[-122.31843,47.61155],[-122.31917,47.6106]]]},"properties":{"zone":0,"cell_type":"inclusion","proximity":5669.9,"opportunity":12189.2,"population":57}},{"type":"Feature","id":2088,"geometry":{"type":"Polygon","coordinates":[[[-122.31145,47.67249],[-122.31391,47.67228],[-122.31522,47.67351],[-122.31409,47.67497],[-122.31163,47.67519],[-122.31032,47.67395],[-122.31145,47.67249]]]},"properties":{"zone":0,"cell_type":"inclusion","proximity":4281.4,"opportunity":11105.5,"population":318}},{"type":"Feature","id":2089,"geometry":{"type":"Polygon","coordinates":[[[-122.25982,47.54145],[-122.26084,47.54136],[-122.26123,47.54173],[-122.26078,47.54231],[-122.25977,47.5424],[-122.25938,47.54203],[-122.25982,47.54145]]]},"properties":{"zone":3,"cell_type":"total isolation","proximity":848.7,"opportunity":3982,"population":16}},{"type":"Feature","id":2090,"geometry":{"type":"Polygon","coordinates":[[[-122.28633,47.58506],[-122.28745,47.58496],[-122.28792,47.58539],[-122.28742,47.58604],[-122.2863,47.58614],[-122.28583,47.5857],[-122.28633,47.58506]]]},"properties":{"zone":3,"cell_type":"total isolation","proximity":2068.5,"opportunity":5218.7,"population":20}},{"type":"Feature","id":2091,"geometry":{"type":"Polygon","coordinates":[[[-122.32513,47.64544],[-122.32761,47.64523],[-122.32894,47.64647],[-122.3278,47.64795],[-122.32532,47.64817],[-122.32399,47.64692],[-122.32513,47.64544]]]},"properties":{"zone":0,"cell_type":"inclusion","proximity":4101.2,"opportunity":8494.4,"population":336}},{"type":"Feature","id":2092,"geometry":{"type":"Polygon","coordinates":[[[-122.3413,47.57781],[-122.34116,47.578],[-122.34078,47.57803],[-122.34093,47.57784],[-122.3413,47.57781]]]},"properties":{"zone":3,"cell_type":"total isolation","proximity":2239.6,"opportunity":6176.3,"population":4}},{"type":"Feature","id":2093,"geometry":{"type":"Polygon","coordinates":[[[-122.31783,47.70771],[-122.32043,47.70749],[-122.32183,47.7088],[-122.32063,47.71034],[-122.31804,47.71057],[-122.31664,47.70925],[-122.31783,47.70771]]]},"properties":{"zone":2,"cell_type":"social isolation","proximity":2833.5,"opportunity":8821.7,"population":572}},{"type":"Feature","id":2094,"geometry":{"type":"Polygon","coordinates":[[[-122.28487,47.62627],[-122.28693,47.62609],[-122.28798,47.62708],[-122.28704,47.62829],[-122.28499,47.62847],[-122.28394,47.62748],[-122.28487,47.62627]]]},"properties":{"zone":3,"cell_type":"total isolation","proximity":2824.6,"opportunity":6035.4,"population":136}},{"type":"Feature","id":2095,"geometry":{"type":"Polygon","coordinates":[[[-122.38681,47.68467],[-122.389,47.68447],[-122.39015,47.68554],[-122.38914,47.68684],[-122.38695,47.68703],[-122.38581,47.68596],[-122.38681,47.68467]]]},"properties":{"zone":3,"cell_type":"total isolation","proximity":2508.3,"opportunity":7389.5,"population":182}},{"type":"Feature","id":2096,"geometry":{"type":"Polygon","coordinates":[[[-122.29447,47.64063],[-122.29515,47.64057],[-122.29532,47.64074],[-122.29504,47.6411],[-122.29436,47.64116],[-122.29419,47.641],[-122.29447,47.64063]]]},"properties":{"zone":1,"cell_type":"spatial isolation","proximity":3184.7,"opportunity":7534.5,"population":8}},{"type":"Feature","id":2097,"geometry":{"type":"Polygon","coordinates":[[[-122.28627,47.70206],[-122.28857,47.70186],[-122.28978,47.70299],[-122.28873,47.70435],[-122.28643,47.70456],[-122.28521,47.70342],[-122.28627,47.70206]]]},"properties":{"zone":3,"cell_type":"total isolation","proximity":2025,"opportunity":6430.6,"population":229}},{"type":"Feature","id":2098,"geometry":{"type":"Polygon","coordinates":[[[-122.28735,47.71902],[-122.28991,47.7188],[-122.29128,47.72008],[-122.29011,47.7216],[-122.28755,47.72182],[-122.28618,47.72053],[-122.28735,47.71902]]]},"properties":{"zone":3,"cell_type":"total isolation","proximity":1569.6,"opportunity":6444.3,"population":386}},{"type":"Feature","id":2099,"geometry":{"type":"Polygon","coordinates":[[[-122.28524,47.5254],[-122.2877,47.52519],[-122.28901,47.52642],[-122.28788,47.52788],[-122.28543,47.5281],[-122.28411,47.52686],[-122.28524,47.5254]]]},"properties":{"zone":3,"cell_type":"total isolation","proximity":839.9,"opportunity":5205.5,"population":319}},{"type":"Feature","id":2100,"geometry":{"type":"Polygon","coordinates":[[[-122.39149,47.69435],[-122.39358,47.69417],[-122.39466,47.69518],[-122.3937,47.69641],[-122.39161,47.6966],[-122.39053,47.69559],[-122.39149,47.69435]]]},"properties":{"zone":3,"cell_type":"total isolation","proximity":1780.5,"opportunity":5749.2,"population":148}},{"type":"Feature","id":2101,"geometry":{"type":"Polygon","coordinates":[[[-122.35486,47.67864],[-122.35745,47.67841],[-122.35885,47.67972],[-122.35766,47.68126],[-122.35507,47.68149],[-122.35367,47.68018],[-122.35486,47.67864]]]},"properties":{"zone":0,"cell_type":"inclusion","proximity":3743.1,"opportunity":9701.9,"population":465}},{"type":"Feature","id":2102,"geometry":{"type":"Polygon","coordinates":[[[-122.32481,47.69565],[-122.32736,47.69543],[-122.32874,47.69671],[-122.32756,47.69823],[-122.32501,47.69845],[-122.32364,47.69717],[-122.32481,47.69565]]]},"properties":{"zone":0,"cell_type":"inclusion","proximity":3091.2,"opportunity":8691.5,"population":386}},{"type":"Feature","id":2103,"geometry":{"type":"Polygon","coordinates":[[[-122.28432,47.56716],[-122.28679,47.56694],[-122.28811,47.56819],[-122.28698,47.56966],[-122.2845,47.56988],[-122.28318,47.56863],[-122.28432,47.56716]]]},"properties":{"zone":3,"cell_type":"total isolation","proximity":1664.6,"opportunity":5434.1,"population":330}},{"type":"Feature","id":2104,"geometry":{"type":"Polygon","coordinates":[[[-122.41343,47.66977],[-122.41501,47.66963],[-122.41576,47.67034],[-122.41505,47.67125],[-122.41347,47.67139],[-122.41272,47.67069],[-122.41343,47.66977]]]},"properties":{"zone":3,"cell_type":"total isolation","proximity":1326.1,"opportunity":1760.7,"population":51}},{"type":"Feature","id":2105,"geometry":{"type":"Polygon","coordinates":[[[-122.29314,47.68989],[-122.29559,47.68967],[-122.2969,47.6909],[-122.29577,47.69235],[-122.29332,47.69257],[-122.29202,47.69134],[-122.29314,47.68989]]]},"properties":{"zone":3,"cell_type":"total isolation","proximity":2701.7,"opportunity":7037.9,"population":312}},{"type":"Feature","id":2106,"geometry":{"type":"Polygon","coordinates":[[[-122.26886,47.56594],[-122.27085,47.56576],[-122.27186,47.56672],[-122.27095,47.56789],[-122.26897,47.56806],[-122.26795,47.56711],[-122.26886,47.56594]]]},"properties":{"zone":3,"cell_type":"total isolation","proximity":1222.2,"opportunity":4866.7,"population":120}},{"type":"Feature","id":2107,"geometry":{"type":"Polygon","coordinates":[[[-122.32163,47.59427],[-122.32376,47.59409],[-122.32486,47.59513],[-122.32389,47.59638],[-122.32176,47.59657],[-122.32065,47.59553],[-122.32163,47.59427]]]},"properties":{"zone":0,"cell_type":"inclusion","proximity":4344.3,"opportunity":10449.9,"population":161}},{"type":"Feature","id":2108,"geometry":{"type":"Polygon","coordinates":[[[-122.31945,47.56295],[-122.32143,47.56277],[-122.32244,47.56372],[-122.32154,47.56489],[-122.31956,47.56506],[-122.31855,47.56412],[-122.31945,47.56295]]]},"properties":{"zone":3,"cell_type":"total isolation","proximity":1723.8,"opportunity":6584.9,"population":118}},{"type":"Feature","id":2109,"geometry":{"type":"Polygon","coordinates":[[[-122.29504,47.55063],[-122.29717,47.55044],[-122.29827,47.55148],[-122.2973,47.55273],[-122.29517,47.55292],[-122.29407,47.55188],[-122.29504,47.55063]]]},"properties":{"zone":3,"cell_type":"total isolation","proximity":1540.6,"opportunity":5144.7,"population":159}},{"type":"Feature","id":2110,"geometry":{"type":"Polygon","coordinates":[[[-122.31964,47.62433],[-122.32223,47.6241],[-122.32363,47.62541],[-122.32243,47.62695],[-122.31984,47.62718],[-122.31845,47.62587],[-122.31964,47.62433]]]},"properties":{"zone":0,"cell_type":"inclusion","proximity":5037.9,"opportunity":11644.2,"population":933}},{"type":"Feature","id":2111,"geometry":{"type":"Polygon","coordinates":[[[-122.2845,47.67912],[-122.28702,47.6789],[-122.28838,47.68017],[-122.28722,47.68167],[-122.2847,47.68189],[-122.28334,47.68062],[-122.2845,47.67912]]]},"properties":{"zone":3,"cell_type":"total isolation","proximity":2593.6,"opportunity":7427.9,"population":362}},{"type":"Feature","id":2112,"geometry":{"type":"Polygon","coordinates":[[[-122.33655,47.67738],[-122.33655,47.67738],[-122.33648,47.67739],[-122.33648,47.67739],[-122.33655,47.67738]]]},"properties":{"zone":1,"cell_type":"spatial isolation","proximity":4084.9,"opportunity":405.6,"population":0}},{"type":"Feature","id":2113,"geometry":{"type":"Polygon","coordinates":[[[-122.29761,47.58766],[-122.29991,47.58745],[-122.30112,47.5886],[-122.30007,47.58996],[-122.29776,47.59016],[-122.29655,47.58902],[-122.29761,47.58766]]]},"properties":{"zone":0,"cell_type":"inclusion","proximity":2898.3,"opportunity":8867.3,"population":231}},{"type":"Feature","id":2114,"geometry":{"type":"Polygon","coordinates":[[[-122.31076,47.66386],[-122.31335,47.66364],[-122.31475,47.66495],[-122.31355,47.66649],[-122.31096,47.66672],[-122.30956,47.6654],[-122.31076,47.66386]]]},"properties":{"zone":0,"cell_type":"inclusion","proximity":4694.5,"opportunity":12107,"population":1091}},{"type":"Feature","id":2115,"geometry":{"type":"Polygon","coordinates":[[[-122.2789,47.54607],[-122.28137,47.54586],[-122.2827,47.5471],[-122.28156,47.54858],[-122.27908,47.54879],[-122.27776,47.54755],[-122.2789,47.54607]]]},"properties":{"zone":3,"cell_type":"total isolation","proximity":1391.4,"opportunity":5160.5,"population":333}},{"type":"Feature","id":2116,"geometry":{"type":"Polygon","coordinates":[[[-122.29519,47.71839],[-122.29765,47.71817],[-122.29897,47.7194],[-122.29783,47.72086],[-122.29537,47.72108],[-122.29406,47.71985],[-122.29519,47.71839]]]},"properties":{"zone":3,"cell_type":"total isolation","proximity":1894.9,"opportunity":7683.7,"population":320}},{"type":"Feature","id":2117,"geometry":{"type":"Polygon","coordinates":[[[-122.39567,47.64781],[-122.39819,47.64758],[-122.39955,47.64885],[-122.39839,47.65036],[-122.39587,47.65058],[-122.39451,47.64931],[-122.39567,47.64781]]]},"properties":{"zone":3,"cell_type":"total isolation","proximity":2120.1,"opportunity":4983.8,"population":366}},{"type":"Feature","id":2118,"geometry":{"type":"Polygon","coordinates":[[[-122.25038,47.67632],[-122.25038,47.67632],[-122.25031,47.67633],[-122.25031,47.67633],[-122.25038,47.67632]]]},"properties":{"zone":3,"cell_type":"total isolation","proximity":1357.7,"opportunity":4517.6,"population":0}},{"type":"Feature","id":2119,"geometry":{"type":"Polygon","coordinates":[[[-122.36058,47.70259],[-122.36305,47.70237],[-122.36438,47.70361],[-122.36324,47.70508],[-122.36077,47.7053],[-122.35944,47.70406],[-122.36058,47.70259]]]},"properties":{"zone":2,"cell_type":"social isolation","proximity":2614.6,"opportunity":8121.8,"population":329}},{"type":"Feature","id":2120,"geometry":{"type":"Polygon","coordinates":[[[-122.3373,47.57969],[-122.3373,47.57969],[-122.33723,47.57969],[-122.33723,47.57969],[-122.3373,47.57969]]]},"properties":{"zone":2,"cell_type":"social isolation","proximity":2539.5,"opportunity":8712.8,"population":1}},{"type":"Feature","id":2121,"geometry":{"type":"Polygon","coordinates":[[[-122.30139,47.64178],[-122.30389,47.64156],[-122.30523,47.64282],[-122.30408,47.6443],[-122.30158,47.64452],[-122.30024,47.64326],[-122.30139,47.64178]]]},"properties":{"zone":0,"cell_type":"inclusion","proximity":3922.4,"opportunity":10524.7,"population":346}},{"type":"Feature","id":2122,"geometry":{"type":"Polygon","coordinates":[[[-122.29452,47.70448],[-122.29637,47.70432],[-122.29729,47.70518],[-122.29645,47.70627],[-122.2946,47.70643],[-122.29368,47.70556],[-122.29452,47.70448]]]},"properties":{"zone":3,"cell_type":"total isolation","proximity":2311.6,"opportunity":6436.8,"population":89}},{"type":"Feature","id":2123,"geometry":{"type":"Polygon","coordinates":[[[-122.37041,47.67726],[-122.373,47.67703],[-122.3744,47.67835],[-122.37321,47.67989],[-122.37061,47.68011],[-122.36922,47.6788],[-122.37041,47.67726]]]},"properties":{"zone":1,"cell_type":"spatial isolation","proximity":3393.8,"opportunity":7526.2,"population":459}},{"type":"Feature","id":2124,"geometry":{"type":"Polygon","coordinates":[[[-122.35205,47.6388],[-122.35449,47.63858],[-122.35579,47.6398],[-122.35467,47.64125],[-122.35223,47.64146],[-122.35093,47.64024],[-122.35205,47.6388]]]},"properties":{"zone":0,"cell_type":"inclusion","proximity":4133.8,"opportunity":9331.5,"population":305}},{"type":"Feature","id":2125,"geometry":{"type":"Polygon","coordinates":[[[-122.33531,47.73205],[-122.3378,47.73183],[-122.33913,47.73308],[-122.33799,47.73455],[-122.3355,47.73477],[-122.33417,47.73353],[-122.33531,47.73205]]]},"properties":{"zone":3,"cell_type":"total isolation","proximity":1385.4,"opportunity":5283.8,"population":335}},{"type":"Feature","id":2126,"geometry":{"type":"Polygon","coordinates":[[[-122.34478,47.70108],[-122.34732,47.70085],[-122.34868,47.70213],[-122.34751,47.70363],[-122.34498,47.70386],[-122.34362,47.70258],[-122.34478,47.70108]]]},"properties":{"zone":0,"cell_type":"inclusion","proximity":3086.6,"opportunity":9189.2,"population":371}},{"type":"Feature","id":2127,"geometry":{"type":"Polygon","coordinates":[[[-122.29222,47.56927],[-122.29481,47.56905],[-122.29621,47.57036],[-122.29502,47.5719],[-122.29243,47.57213],[-122.29103,47.57081],[-122.29222,47.56927]]]},"properties":{"zone":3,"cell_type":"total isolation","proximity":2071.7,"opportunity":7444,"population":479}},{"type":"Feature","id":2128,"geometry":{"type":"Polygon","coordinates":[[[-122.30706,47.61251],[-122.30965,47.61228],[-122.31104,47.61359],[-122.30985,47.61513],[-122.30726,47.61536],[-122.30586,47.61405],[-122.30706,47.61251]]]},"properties":{"zone":0,"cell_type":"inclusion","proximity":4791,"opportunity":9712.4,"population":531}},{"type":"Feature","id":2129,"geometry":{"type":"Polygon","coordinates":[[[-122.32791,47.62678],[-122.32999,47.6266],[-122.33107,47.62761],[-122.33012,47.62884],[-122.32803,47.62902],[-122.32696,47.62801],[-122.32791,47.62678]]]},"properties":{"zone":0,"cell_type":"inclusion","proximity":5026.3,"opportunity":9225.1,"population":146}},{"type":"Feature","id":2130,"geometry":{"type":"Polygon","coordinates":[[[-122.32038,47.68884],[-122.32298,47.68862],[-122.32438,47.68993],[-122.32318,47.69147],[-122.32059,47.6917],[-122.31919,47.69038],[-122.32038,47.68884]]]},"properties":{"zone":0,"cell_type":"inclusion","proximity":3624.3,"opportunity":9341,"population":437}},{"type":"Feature","id":2131,"geometry":{"type":"Polygon","coordinates":[[[-122.37735,47.66517],[-122.37994,47.66494],[-122.38134,47.66625],[-122.38015,47.66779],[-122.37756,47.66802],[-122.37616,47.66671],[-122.37735,47.66517]]]},"properties":{"zone":0,"cell_type":"inclusion","proximity":3613.4,"opportunity":9178.7,"population":667}},{"type":"Feature","id":2132,"geometry":{"type":"Polygon","coordinates":[[[-122.27731,47.51794],[-122.279,47.51779],[-122.27983,47.51857],[-122.27906,47.51956],[-122.27737,47.51971],[-122.27655,47.51893],[-122.27731,47.51794]]]},"properties":{"zone":3,"cell_type":"total isolation","proximity":648.7,"opportunity":5041.6,"population":65}},{"type":"Feature","id":2133,"geometry":{"type":"Polygon","coordinates":[[[-122.3708,47.7281],[-122.37229,47.72797],[-122.37298,47.72862],[-122.37231,47.72948],[-122.37082,47.72961],[-122.37013,47.72896],[-122.3708,47.7281]]]},"properties":{"zone":3,"cell_type":"total isolation","proximity":830,"opportunity":14.3,"population":42}},{"type":"Feature","id":2134,"geometry":{"type":"Polygon","coordinates":[[[-122.31783,47.59603],[-122.31999,47.59584],[-122.32111,47.59689],[-122.32012,47.59817],[-122.31797,47.59836],[-122.31685,47.5973],[-122.31783,47.59603]]]},"properties":{"zone":0,"cell_type":"inclusion","proximity":4513.5,"opportunity":10608.8,"population":169}},{"type":"Feature","id":2135,"geometry":{"type":"Polygon","coordinates":[[[-122.31898,47.55452],[-122.32071,47.55436],[-122.32156,47.55517],[-122.32078,47.55618],[-122.31904,47.55634],[-122.31819,47.55553],[-122.31898,47.55452]]]},"properties":{"zone":3,"cell_type":"total isolation","proximity":1624.9,"opportunity":6615.6,"population":71}},{"type":"Feature","id":2136,"geometry":{"type":"Polygon","coordinates":[[[-122.25638,47.50351],[-122.25876,47.50331],[-122.26003,47.5045],[-122.25893,47.50592],[-122.25655,47.50613],[-122.25528,47.50493],[-122.25638,47.50351]]]},"properties":{"zone":3,"cell_type":"total isolation","proximity":345.7,"opportunity":2619.2,"population":276}},{"type":"Feature","id":2137,"geometry":{"type":"Polygon","coordinates":[[[-122.33694,47.64589],[-122.33934,47.64568],[-122.34062,47.64688],[-122.33952,47.6483],[-122.33712,47.64851],[-122.33584,47.64732],[-122.33694,47.64589]]]},"properties":{"zone":0,"cell_type":"inclusion","proximity":4086.3,"opportunity":10042.9,"population":283}},{"type":"Feature","id":2138,"geometry":{"type":"Polygon","coordinates":[[[-122.26462,47.67376],[-122.26702,47.67355],[-122.26829,47.67475],[-122.26719,47.67617],[-122.26479,47.67638],[-122.26351,47.67519],[-122.26462,47.67376]]]},"properties":{"zone":3,"cell_type":"total isolation","proximity":1887.3,"opportunity":7591.3,"population":281}},{"type":"Feature","id":2139,"geometry":{"type":"Polygon","coordinates":[[[-122.2526,47.50529],[-122.25498,47.50508],[-122.25624,47.50627],[-122.25515,47.50768],[-122.25277,47.50789],[-122.25151,47.5067],[-122.2526,47.50529]]]},"properties":{"zone":3,"cell_type":"total isolation","proximity":374.1,"opportunity":4156.2,"population":271}},{"type":"Feature","id":2140,"geometry":{"type":"Polygon","coordinates":[[[-122.30726,47.61536],[-122.30985,47.61513],[-122.31125,47.61645],[-122.31006,47.61799],[-122.30747,47.61822],[-122.30607,47.6169],[-122.30726,47.61536]]]},"properties":{"zone":0,"cell_type":"inclusion","proximity":4939.3,"opportunity":11216.8,"population":906}},{"type":"Feature","id":2141,"geometry":{"type":"Polygon","coordinates":[[[-122.36938,47.65506],[-122.37088,47.65493],[-122.37158,47.65559],[-122.37091,47.65646],[-122.36941,47.6566],[-122.36871,47.65594],[-122.36938,47.65506]]]},"properties":{"zone":1,"cell_type":"spatial isolation","proximity":3074,"opportunity":7471.8,"population":43}},{"type":"Feature","id":2142,"geometry":{"type":"Polygon","coordinates":[[[-122.34212,47.61086],[-122.34471,47.61063],[-122.34611,47.61195],[-122.34492,47.61349],[-122.34233,47.61372],[-122.34093,47.6124],[-122.34212,47.61086]]]},"properties":{"zone":0,"cell_type":"inclusion","proximity":5624,"opportunity":13658.9,"population":1637}},{"type":"Feature","id":2143,"geometry":{"type":"Polygon","coordinates":[[[-122.30697,47.66563],[-122.30956,47.6654],[-122.31096,47.66672],[-122.30977,47.66826],[-122.30718,47.66848],[-122.30578,47.66717],[-122.30697,47.66563]]]},"properties":{"zone":0,"cell_type":"inclusion","proximity":4408.9,"opportunity":9439,"population":737}},{"type":"Feature","id":2144,"geometry":{"type":"Polygon","coordinates":[[[-122.30352,47.72354],[-122.30574,47.72334],[-122.3069,47.72443],[-122.30589,47.72574],[-122.30366,47.72594],[-122.3025,47.72485],[-122.30352,47.72354]]]},"properties":{"zone":3,"cell_type":"total isolation","proximity":1635.1,"opportunity":5355.6,"population":193}},{"type":"Feature","id":2145,"geometry":{"type":"Polygon","coordinates":[[[-122.26647,47.53703],[-122.26906,47.5368],[-122.27045,47.53812],[-122.26926,47.53966],[-122.26667,47.53988],[-122.26528,47.53857],[-122.26647,47.53703]]]},"properties":{"zone":3,"cell_type":"total isolation","proximity":1019.8,"opportunity":5282.5,"population":461}},{"type":"Feature","id":2146,"geometry":{"type":"Polygon","coordinates":[[[-122.39517,47.63937],[-122.39748,47.63916],[-122.3987,47.64031],[-122.39764,47.64168],[-122.39533,47.64189],[-122.3941,47.64074],[-122.39517,47.63937]]]},"properties":{"zone":3,"cell_type":"total isolation","proximity":2165.3,"opportunity":6166.8,"population":237}},{"type":"Feature","id":2147,"geometry":{"type":"Polygon","coordinates":[[[-122.34123,47.65257],[-122.34382,47.65235],[-122.34522,47.65366],[-122.34403,47.6552],[-122.34144,47.65543],[-122.34004,47.65411],[-122.34123,47.65257]]]},"properties":{"zone":0,"cell_type":"inclusion","proximity":4567.9,"opportunity":10407.6,"population":419}},{"type":"Feature","id":2148,"geometry":{"type":"Polygon","coordinates":[[[-122.26819,47.50399],[-122.27046,47.50379],[-122.27166,47.50492],[-122.27062,47.50627],[-122.26834,47.50647],[-122.26714,47.50534],[-122.26819,47.50399]]]},"properties":{"zone":3,"cell_type":"total isolation","proximity":401.7,"opportunity":3343.4,"population":220}},{"type":"Feature","id":2149,"geometry":{"type":"Polygon","coordinates":[[[-122.30623,47.70748],[-122.30854,47.70727],[-122.30975,47.70841],[-122.30869,47.70978],[-122.30639,47.70998],[-122.30517,47.70884],[-122.30623,47.70748]]]},"properties":{"zone":2,"cell_type":"social isolation","proximity":2558.8,"opportunity":8670.1,"population":231}},{"type":"Feature","id":2150,"geometry":{"type":"Polygon","coordinates":[[[-122.27911,47.7113],[-122.2814,47.7111],[-122.2826,47.71223],[-122.28155,47.71358],[-122.27927,47.71378],[-122.27806,47.71265],[-122.27911,47.7113]]]},"properties":{"zone":3,"cell_type":"total isolation","proximity":1501.6,"opportunity":5689,"population":222}},{"type":"Feature","id":2151,"geometry":{"type":"Polygon","coordinates":[[[-122.28082,47.61981],[-122.28228,47.61968],[-122.28296,47.62032],[-122.2823,47.62117],[-122.28084,47.62129],[-122.28016,47.62066],[-122.28082,47.61981]]]},"properties":{"zone":3,"cell_type":"total isolation","proximity":2625.1,"opportunity":4859.2,"population":40}},{"type":"Feature","id":2152,"geometry":{"type":"Polygon","coordinates":[[[-122.31705,47.64052],[-122.31935,47.64032],[-122.32057,47.64146],[-122.31951,47.64283],[-122.31721,47.64303],[-122.31599,47.64189],[-122.31705,47.64052]]]},"properties":{"zone":0,"cell_type":"inclusion","proximity":4172,"opportunity":8339.6,"population":231}},{"type":"Feature","id":2153,"geometry":{"type":"Polygon","coordinates":[[[-122.38584,47.65988],[-122.38648,47.65982],[-122.38663,47.65996],[-122.38636,47.66031],[-122.38573,47.66036],[-122.38558,47.66022],[-122.38584,47.65988]]]},"properties":{"zone":3,"cell_type":"total isolation","proximity":2349.9,"opportunity":5563.7,"population":7}},{"type":"Feature","id":2154,"geometry":{"type":"Polygon","coordinates":[[[-122.28186,47.69526],[-122.28417,47.69506],[-122.2854,47.69621],[-122.28433,47.69758],[-122.28202,47.69778],[-122.2808,47.69663],[-122.28186,47.69526]]]},"properties":{"zone":3,"cell_type":"total isolation","proximity":1950.9,"opportunity":5096.4,"population":235}},{"type":"Feature","id":2155,"geometry":{"type":"Polygon","coordinates":[[[-122.37839,47.67943],[-122.38098,47.6792],[-122.38238,47.68051],[-122.38119,47.68205],[-122.3786,47.68228],[-122.3772,47.68097],[-122.37839,47.67943]]]},"properties":{"zone":1,"cell_type":"spatial isolation","proximity":3056.9,"opportunity":7581.1,"population":437}},{"type":"Feature","id":2156,"geometry":{"type":"Polygon","coordinates":[[[-122.27595,47.66844],[-122.27839,47.66823],[-122.2797,47.66945],[-122.27857,47.6709],[-122.27613,47.67111],[-122.27483,47.66989],[-122.27595,47.66844]]]},"properties":{"zone":3,"cell_type":"total isolation","proximity":2529,"opportunity":7721.1,"population":308}},{"type":"Feature","id":2157,"geometry":{"type":"Polygon","coordinates":[[[-122.3675,47.63734],[-122.37009,47.63711],[-122.37149,47.63842],[-122.3703,47.63996],[-122.36771,47.64019],[-122.36631,47.63888],[-122.3675,47.63734]]]},"properties":{"zone":1,"cell_type":"spatial isolation","proximity":3393.9,"opportunity":7652.6,"population":565}},{"type":"Feature","id":2158,"geometry":{"type":"Polygon","coordinates":[[[-122.33241,47.69215],[-122.33491,47.69193],[-122.33626,47.69318],[-122.33511,47.69467],[-122.3326,47.69489],[-122.33126,47.69363],[-122.33241,47.69215]]]},"properties":{"zone":0,"cell_type":"inclusion","proximity":3496.7,"opportunity":9572.2,"population":348}},{"type":"Feature","id":2159,"geometry":{"type":"Polygon","coordinates":[[[-122.30887,47.56898],[-122.30955,47.56892],[-122.30973,47.56909],[-122.30944,47.56947],[-122.30876,47.56953],[-122.30858,47.56936],[-122.30887,47.56898]]]},"properties":{"zone":3,"cell_type":"total isolation","proximity":2164.2,"opportunity":7114.5,"population":8}},{"type":"Feature","id":2160,"geometry":{"type":"Polygon","coordinates":[[[-122.30644,47.60394],[-122.30903,47.60372],[-122.31043,47.60503],[-122.30923,47.60657],[-122.30664,47.6068],[-122.30525,47.60549],[-122.30644,47.60394]]]},"properties":{"zone":0,"cell_type":"inclusion","proximity":4315.3,"opportunity":9427.7,"population":506}},{"type":"Feature","id":2161,"geometry":{"type":"Polygon","coordinates":[[[-122.32403,47.62846],[-122.32628,47.62826],[-122.32746,47.62937],[-122.32643,47.6307],[-122.32418,47.6309],[-122.323,47.62979],[-122.32403,47.62846]]]},"properties":{"zone":0,"cell_type":"inclusion","proximity":4830.7,"opportunity":8361.9,"population":206}},{"type":"Feature","id":2162,"geometry":{"type":"Polygon","coordinates":[[[-122.31667,47.69068],[-122.31914,47.69046],[-122.32046,47.6917],[-122.31933,47.69317],[-122.31686,47.69338],[-122.31553,47.69215],[-122.31667,47.69068]]]},"properties":{"zone":0,"cell_type":"inclusion","proximity":3505,"opportunity":9427.9,"population":327}},{"type":"Feature","id":2163,"geometry":{"type":"Polygon","coordinates":[[[-122.27658,47.56255],[-122.2783,47.5624],[-122.27914,47.5632],[-122.27836,47.5642],[-122.27664,47.56435],[-122.2758,47.56356],[-122.27658,47.56255]]]},"properties":{"zone":3,"cell_type":"total isolation","proximity":1496.1,"opportunity":5078.1,"population":68}},{"type":"Feature","id":2164,"geometry":{"type":"Polygon","coordinates":[[[-122.4051,47.66462],[-122.40692,47.66446],[-122.40783,47.66531],[-122.40701,47.66638],[-122.40518,47.66654],[-122.40427,47.66569],[-122.4051,47.66462]]]},"properties":{"zone":3,"cell_type":"total isolation","proximity":1668.5,"opportunity":2778,"population":85}},{"type":"Feature","id":2165,"geometry":{"type":"Polygon","coordinates":[[[-122.27699,47.50964],[-122.27818,47.50953],[-122.27869,47.51001],[-122.27816,47.5107],[-122.27696,47.51081],[-122.27645,47.51033],[-122.27699,47.50964]]]},"properties":{"zone":3,"cell_type":"total isolation","proximity":462.8,"opportunity":2152.8,"population":23}},{"type":"Feature","id":2166,"geometry":{"type":"Polygon","coordinates":[[[-122.36978,47.71917],[-122.37194,47.71898],[-122.37307,47.72004],[-122.37208,47.72131],[-122.36992,47.7215],[-122.36879,47.72045],[-122.36978,47.71917]]]},"properties":{"zone":3,"cell_type":"total isolation","proximity":1362.7,"opportunity":21.6,"population":171}},{"type":"Feature","id":2167,"geometry":{"type":"Polygon","coordinates":[[[-122.33846,47.60212],[-122.33943,47.60204],[-122.3398,47.60238],[-122.33937,47.60293],[-122.3384,47.60302],[-122.33803,47.60267],[-122.33846,47.60212]]]},"properties":{"zone":0,"cell_type":"inclusion","proximity":5051.8,"opportunity":12917.6,"population":14}},{"type":"Feature","id":2168,"geometry":{"type":"Polygon","coordinates":[[[-122.32699,47.72427],[-122.32934,47.72406],[-122.33059,47.72522],[-122.32951,47.72661],[-122.32716,47.72682],[-122.32592,47.72566],[-122.32699,47.72427]]]},"properties":{"zone":3,"cell_type":"total isolation","proximity":1826.5,"opportunity":5798.9,"population":252}},{"type":"Feature","id":2169,"geometry":{"type":"Polygon","coordinates":[[[-122.29783,47.69961],[-122.30014,47.6994],[-122.30136,47.70054],[-122.3003,47.70191],[-122.29799,47.70211],[-122.29678,47.70097],[-122.29783,47.69961]]]},"properties":{"zone":3,"cell_type":"total isolation","proximity":2594.6,"opportunity":6088.1,"population":231}},{"type":"Feature","id":2170,"geometry":{"type":"Polygon","coordinates":[[[-122.3148,47.5559],[-122.31722,47.55569],[-122.31851,47.5569],[-122.3174,47.55834],[-122.31498,47.55855],[-122.31369,47.55734],[-122.3148,47.5559]]]},"properties":{"zone":3,"cell_type":"total isolation","proximity":1712.6,"opportunity":6947.7,"population":294}},{"type":"Feature","id":2171,"geometry":{"type":"Polygon","coordinates":[[[-122.27616,47.6713],[-122.27859,47.67109],[-122.27989,47.6723],[-122.27877,47.67374],[-122.27634,47.67396],[-122.27505,47.67274],[-122.27616,47.6713]]]},"properties":{"zone":3,"cell_type":"total isolation","proximity":2442.1,"opportunity":7660.3,"population":299}},{"type":"Feature","id":2172,"geometry":{"type":"Polygon","coordinates":[[[-122.28302,47.54996],[-122.28561,47.54973],[-122.287,47.55105],[-122.28581,47.55258],[-122.28323,47.55281],[-122.28183,47.5515],[-122.28302,47.54996]]]},"properties":{"zone":3,"cell_type":"total isolation","proximity":1527,"opportunity":6446.5,"population":417}},{"type":"Feature","id":2173,"geometry":{"type":"Polygon","coordinates":[[[-122.32582,47.70988],[-122.32841,47.70965],[-122.32981,47.71096],[-122.32862,47.7125],[-122.32603,47.71273],[-122.32463,47.71142],[-122.32582,47.70988]]]},"properties":{"zone":2,"cell_type":"social isolation","proximity":2601.1,"opportunity":8698.3,"population":740}},{"type":"Feature","id":2174,"geometry":{"type":"Polygon","coordinates":[[[-122.28921,47.57976],[-122.29153,47.57956],[-122.29275,47.58071],[-122.29169,47.58209],[-122.28937,47.58229],[-122.28815,47.58114],[-122.28921,47.57976]]]},"properties":{"zone":3,"cell_type":"total isolation","proximity":2206.3,"opportunity":6746.5,"population":238}},{"type":"Feature","id":2175,"geometry":{"type":"Polygon","coordinates":[[[-122.35786,47.66551],[-122.36037,47.66528],[-122.36172,47.66655],[-122.36057,47.66804],[-122.35805,47.66826],[-122.3567,47.667],[-122.35786,47.66551]]]},"properties":{"zone":0,"cell_type":"inclusion","proximity":4100,"opportunity":9988.5,"population":358}},{"type":"Feature","id":2176,"geometry":{"type":"Polygon","coordinates":[[[-122.38408,47.70069],[-122.38626,47.7005],[-122.38739,47.70156],[-122.38639,47.70285],[-122.38422,47.70304],[-122.38308,47.70198],[-122.38408,47.70069]]]},"properties":{"zone":3,"cell_type":"total isolation","proximity":1758.9,"opportunity":92.8,"population":177}},{"type":"Feature","id":2177,"geometry":{"type":"Polygon","coordinates":[[[-122.33454,47.60907],[-122.33646,47.6089],[-122.33743,47.60981],[-122.33656,47.61094],[-122.33463,47.61111],[-122.33366,47.6102],[-122.33454,47.60907]]]},"properties":{"zone":0,"cell_type":"inclusion","proximity":5894.2,"opportunity":14773.6,"population":105}},{"type":"Feature","id":2178,"geometry":{"type":"Polygon","coordinates":[[[-122.35211,47.69466],[-122.3547,47.69443],[-122.3561,47.69574],[-122.35491,47.69728],[-122.35232,47.69751],[-122.35092,47.6962],[-122.35211,47.69466]]]},"properties":{"zone":0,"cell_type":"inclusion","proximity":3228.2,"opportunity":7920.6,"population":427}},{"type":"Feature","id":2179,"geometry":{"type":"Polygon","coordinates":[[[-122.3192,47.72229],[-122.32122,47.72211],[-122.32225,47.72308],[-122.32133,47.72426],[-122.31931,47.72444],[-122.31828,47.72347],[-122.3192,47.72229]]]},"properties":{"zone":3,"cell_type":"total isolation","proximity":1952.3,"opportunity":6238.2,"population":125}},{"type":"Feature","id":2180,"geometry":{"type":"Polygon","coordinates":[[[-122.27444,47.53921],[-122.27703,47.53898],[-122.27842,47.5403],[-122.27723,47.54184],[-122.27464,47.54206],[-122.27325,47.54075],[-122.27444,47.53921]]]},"properties":{"zone":3,"cell_type":"total isolation","proximity":1165.4,"opportunity":5398.7,"population":446}},{"type":"Feature","id":2181,"geometry":{"type":"Polygon","coordinates":[[[-122.39138,47.64114],[-122.3937,47.64093],[-122.39493,47.64208],[-122.39386,47.64345],[-122.39155,47.64366],[-122.39032,47.64251],[-122.39138,47.64114]]]},"properties":{"zone":3,"cell_type":"total isolation","proximity":2256.9,"opportunity":7586,"population":238}},{"type":"Feature","id":2182,"geometry":{"type":"Polygon","coordinates":[[[-122.26437,47.50572],[-122.26671,47.50552],[-122.26795,47.50669],[-122.26688,47.50808],[-122.26453,47.50828],[-122.26329,47.50711],[-122.26437,47.50572]]]},"properties":{"zone":3,"cell_type":"total isolation","proximity":426.5,"opportunity":3470.5,"population":253}},{"type":"Feature","id":2183,"geometry":{"type":"Polygon","coordinates":[[[-122.32644,47.53752],[-122.32644,47.53752],[-122.32637,47.53753],[-122.32637,47.53753],[-122.32644,47.53752]]]},"properties":{"zone":3,"cell_type":"total isolation","proximity":946.1,"opportunity":4658.9,"population":1}},{"type":"Feature","id":2184,"geometry":{"type":"Polygon","coordinates":[[[-122.39039,47.6827],[-122.39293,47.68248],[-122.39429,47.68376],[-122.39313,47.68526],[-122.39059,47.68549],[-122.38923,47.68421],[-122.39039,47.6827]]]},"properties":{"zone":3,"cell_type":"total isolation","proximity":2354.3,"opportunity":6432.1,"population":373}},{"type":"Feature","id":2185,"geometry":{"type":"Polygon","coordinates":[[[-122.36019,47.69692],[-122.36262,47.6967],[-122.36391,47.69791],[-122.36279,47.69935],[-122.36037,47.69956],[-122.35908,47.69835],[-122.36019,47.69692]]]},"properties":{"zone":1,"cell_type":"spatial isolation","proximity":2892.5,"opportunity":7738.1,"population":295}},{"type":"Feature","id":2186,"geometry":{"type":"Polygon","coordinates":[[[-122.366,47.67048],[-122.36859,47.67025],[-122.36999,47.67156],[-122.3688,47.6731],[-122.36621,47.67333],[-122.36481,47.67202],[-122.366,47.67048]]]},"properties":{"zone":0,"cell_type":"inclusion","proximity":3763,"opportunity":9511.7,"population":497}},{"type":"Feature","id":2187,"geometry":{"type":"Polygon","coordinates":[[[-122.32321,47.6197],[-122.3258,47.61948],[-122.3272,47.62079],[-122.32601,47.62233],[-122.32342,47.62256],[-122.32202,47.62125],[-122.32321,47.6197]]]},"properties":{"zone":0,"cell_type":"inclusion","proximity":5483,"opportunity":12595.7,"population":1771}},{"type":"Feature","id":2188,"geometry":{"type":"Polygon","coordinates":[[[-122.37564,47.63966],[-122.37795,47.63946],[-122.37917,47.6406],[-122.37811,47.64197],[-122.3758,47.64218],[-122.37458,47.64103],[-122.37564,47.63966]]]},"properties":{"zone":0,"cell_type":"inclusion","proximity":3218.3,"opportunity":9629.9,"population":235}},{"type":"Feature","id":2189,"geometry":{"type":"Polygon","coordinates":[[[-122.34034,47.69426],[-122.34294,47.69403],[-122.34433,47.69534],[-122.34314,47.69688],[-122.34055,47.69711],[-122.33915,47.6958],[-122.34034,47.69426]]]},"properties":{"zone":0,"cell_type":"inclusion","proximity":3439.7,"opportunity":9969.2,"population":531}},{"type":"Feature","id":2190,"geometry":{"type":"Polygon","coordinates":[[[-122.30266,47.60571],[-122.30525,47.60549],[-122.30664,47.6068],[-122.30545,47.60834],[-122.30286,47.60857],[-122.30146,47.60725],[-122.30266,47.60571]]]},"properties":{"zone":0,"cell_type":"inclusion","proximity":4131.4,"opportunity":8660.3,"population":587}},{"type":"Feature","id":2191,"geometry":{"type":"Polygon","coordinates":[[[-122.41778,47.66854],[-122.41838,47.66849],[-122.41852,47.66861],[-122.41826,47.66894],[-122.41766,47.669],[-122.41752,47.66887],[-122.41778,47.66854]]]},"properties":{"zone":3,"cell_type":"total isolation","proximity":1253.1,"opportunity":1774.1,"population":7}},{"type":"Feature","id":2192,"geometry":{"type":"Polygon","coordinates":[[[-122.34378,47.63369],[-122.34637,47.63346],[-122.34776,47.63477],[-122.34657,47.63631],[-122.34398,47.63654],[-122.34258,47.63523],[-122.34378,47.63369]]]},"properties":{"zone":0,"cell_type":"inclusion","proximity":4182.8,"opportunity":10914.6,"population":570}},{"type":"Feature","id":2193,"geometry":{"type":"Polygon","coordinates":[[[-122.30866,47.68849],[-122.31117,47.68827],[-122.31252,47.68953],[-122.31136,47.69102],[-122.30886,47.69124],[-122.30751,47.68998],[-122.30866,47.68849]]]},"properties":{"zone":0,"cell_type":"inclusion","proximity":3499.1,"opportunity":8525.4,"population":352}},{"type":"Feature","id":2194,"geometry":{"type":"Polygon","coordinates":[[[-122.28413,47.56432],[-122.28658,47.5641],[-122.28788,47.56534],[-122.28676,47.56679],[-122.28431,47.56701],[-122.283,47.56577],[-122.28413,47.56432]]]},"properties":{"zone":3,"cell_type":"total isolation","proximity":1746.6,"opportunity":5848.7,"population":314}},{"type":"Feature","id":2195,"geometry":{"type":"Polygon","coordinates":[[[-122.27262,47.51084],[-122.27482,47.51065],[-122.27597,47.51173],[-122.27496,47.51304],[-122.27277,47.51323],[-122.27162,47.51215],[-122.27262,47.51084]]]},"properties":{"zone":3,"cell_type":"total isolation","proximity":472.5,"opportunity":3462.1,"population":187}},{"type":"Feature","id":2196,"geometry":{"type":"Polygon","coordinates":[[[-122.36591,47.72086],[-122.36822,47.72066],[-122.36943,47.7218],[-122.36838,47.72316],[-122.36607,47.72336],[-122.36486,47.72223],[-122.36591,47.72086]]]},"properties":{"zone":3,"cell_type":"total isolation","proximity":1384.6,"opportunity":3855.4,"population":230}},{"type":"Feature","id":2197,"geometry":{"type":"Polygon","coordinates":[[[-122.32563,47.59272],[-122.32738,47.59257],[-122.32824,47.59338],[-122.32745,47.5944],[-122.3257,47.59455],[-122.32484,47.59375],[-122.32563,47.59272]]]},"properties":{"zone":0,"cell_type":"inclusion","proximity":4223.9,"opportunity":12124.5,"population":73}},{"type":"Feature","id":2198,"geometry":{"type":"Polygon","coordinates":[[[-122.33606,47.56255],[-122.33606,47.56255],[-122.33599,47.56256],[-122.33599,47.56256],[-122.33606,47.56255]]]},"properties":{"zone":3,"cell_type":"total isolation","proximity":1615.4,"opportunity":3524.6,"population":0}},{"type":"Feature","id":2199,"geometry":{"type":"Polygon","coordinates":[[[-122.27241,47.6731],[-122.27478,47.67289],[-122.27605,47.67407],[-122.27495,47.67548],[-122.27258,47.67569],[-122.27131,47.6745],[-122.27241,47.6731]]]},"properties":{"zone":3,"cell_type":"total isolation","proximity":2159.5,"opportunity":7338,"population":268}},{"type":"Feature","id":2200,"geometry":{"type":"Polygon","coordinates":[[[-122.31046,47.54916],[-122.31278,47.54895],[-122.314,47.55011],[-122.31294,47.55148],[-122.31062,47.55168],[-122.3094,47.55053],[-122.31046,47.54916]]]},"properties":{"zone":3,"cell_type":"total isolation","proximity":1538.2,"opportunity":6703.2,"population":239}},{"type":"Feature","id":2201,"geometry":{"type":"Polygon","coordinates":[[[-122.29723,47.63522],[-122.29932,47.63503],[-122.3004,47.63604],[-122.29944,47.63728],[-122.29735,47.63746],[-122.29628,47.63645],[-122.29723,47.63522]]]},"properties":{"zone":1,"cell_type":"spatial isolation","proximity":3287.5,"opportunity":6357.9,"population":147}},{"type":"Feature","id":2202,"geometry":{"type":"Polygon","coordinates":[[[-122.35315,47.70891],[-122.35574,47.70868],[-122.35714,47.70999],[-122.35595,47.71153],[-122.35335,47.71176],[-122.35195,47.71045],[-122.35315,47.70891]]]},"properties":{"zone":3,"cell_type":"total isolation","proximity":2375.7,"opportunity":7093.4,"population":490}},{"type":"Feature","id":2203,"geometry":{"type":"Polygon","coordinates":[[[-122.32293,47.66997],[-122.32553,47.66974],[-122.32692,47.67105],[-122.32573,47.67259],[-122.32314,47.67282],[-122.32174,47.67151],[-122.32293,47.66997]]]},"properties":{"zone":0,"cell_type":"inclusion","proximity":4241.5,"opportunity":9194.2,"population":472}},{"type":"Feature","id":2204,"geometry":{"type":"Polygon","coordinates":[[[-122.29746,47.5822],[-122.29931,47.58204],[-122.30023,47.58291],[-122.29939,47.58399],[-122.29754,47.58416],[-122.29662,47.58329],[-122.29746,47.5822]]]},"properties":{"zone":2,"cell_type":"social isolation","proximity":2674.3,"opportunity":8743.9,"population":89}},{"type":"Feature","id":2205,"geometry":{"type":"Polygon","coordinates":[[[-122.35491,47.62553],[-122.3575,47.6253],[-122.3589,47.62661],[-122.35771,47.62815],[-122.35512,47.62838],[-122.35372,47.62707],[-122.35491,47.62553]]]},"properties":{"zone":0,"cell_type":"inclusion","proximity":4401.5,"opportunity":10398.9,"population":1306}},{"type":"Feature","id":2206,"geometry":{"type":"Polygon","coordinates":[[[-122.29942,47.65857],[-122.30057,47.65847],[-122.30105,47.65891],[-122.30054,47.65957],[-122.29939,47.65967],[-122.29891,47.65922],[-122.29942,47.65857]]]},"properties":{"zone":0,"cell_type":"inclusion","proximity":4129.3,"opportunity":9372.3,"population":21}},{"type":"Feature","id":2207,"geometry":{"type":"Polygon","coordinates":[[[-122.29101,47.64263],[-122.29101,47.64263],[-122.29094,47.64264],[-122.29094,47.64264],[-122.29101,47.64263]]]},"properties":{"zone":3,"cell_type":"total isolation","proximity":2689,"opportunity":5307.3,"population":1}}]}