{"type":"FeatureCollection","features":[{"type":"Feature","id":0,"geometry":{"type":"Polygon","coordinates":[[[18.09625,59.30369],[18.09912,59.30448],[18.102,59.30382],[18.10201,59.30236],[18.09914,59.30157],[18.09626,59.30224],[18.09625,59.30369]]]},"properties":{"zone":1,"cell_type":"spatial isolation","proximity":3393.4,"opportunity":9123.8,"population":1503}},{"type":"Feature","id":1,"geometry":{"type":"Polygon","coordinates":[[[18.042,59.28279],[18.04469,59.28354],[18.04739,59.28292],[18.0474,59.28157],[18.04471,59.28083],[18.04201,59.28145],[18.042,59.28279]]]},"properties":{"zone":1,"cell_type":"spatial isolation","proximity":2969.9,"opportunity":8387.7,"population":403}},{"type":"Feature","id":2,"geometry":{"type":"Polygon","coordinates":[[[17.90011,59.37346],[17.90284,59.37422],[17.90557,59.37359],[17.90559,59.37223],[17.90286,59.37148],[17.90012,59.3721],[17.90011,59.37346]]]},"properties":{"zone":3,"cell_type":"total isolation","proximity":1441.2,"opportunity":6374.8,"population":427}},{"type":"Feature","id":3,"geometry":{"type":"Polygon","coordinates":[[[17.90333,59.41902],[17.90521,59.41954],[17.90704,59.41912],[17.90705,59.41832],[17.90516,59.4178],[17.90334,59.41822],[17.90333,59.41902]]]},"properties":{"zone":3,"cell_type":"total isolation","proximity":520.9,"opportunity":4885.8,"population":70}},{"type":"Feature","id":4,"geometry":{"type":"Polygon","coordinates":[[[17.98546,59.34217],[17.98668,59.34251],[17.98778,59.34226],[17.98779,59.34189],[17.98657,59.34155],[17.98546,59.3418],[17.98546,59.34217]]]},"properties":{"zone":3,"cell_type":"total isolation","proximity":2332.3,"opportunity":6692.2,"population":17}},{"type":"Feature","id":5,"geometry":{"type":"Polygon","coordinates":[[[17.81923,59.3847],[17.8221,59.38549],[17.82499,59.38484],[17.82501,59.38338],[17.82214,59.38259],[17.81925,59.38325],[17.81923,59.3847]]]},"properties":{"zone":3,"cell_type":"total isolation","proximity":795.3,"opportunity":3239.9,"population":722}},{"type":"Feature","id":6,"geometry":{"type":"Polygon","coordinates":[[[17.91937,59.34718],[17.92047,59.34748],[17.92144,59.34726],[17.92145,59.34697],[17.92035,59.34667],[17.91937,59.34689],[17.91937,59.34718]]]},"properties":{"zone":3,"cell_type":"total isolation","proximity":1687.7,"opportunity":6616.5,"population":13}},{"type":"Feature","id":7,"geometry":{"type":"Polygon","coordinates":[[[18.00752,59.26461],[18.01038,59.2654],[18.01326,59.26473],[18.01327,59.26328],[18.01041,59.26248],[18.00753,59.26315],[18.00752,59.26461]]]},"properties":{"zone":3,"cell_type":"total isolation","proximity":1610,"opportunity":7285.2,"population":626}},{"type":"Feature","id":8,"geometry":{"type":"Polygon","coordinates":[[[18.05637,59.26785],[18.05919,59.26863],[18.06202,59.26798],[18.06203,59.26655],[18.05921,59.26577],[18.05638,59.26643],[18.05637,59.26785]]]},"properties":{"zone":3,"cell_type":"total isolation","proximity":2180.2,"opportunity":7765,"population":524}},{"type":"Feature","id":9,"geometry":{"type":"Polygon","coordinates":[[[18.11786,59.24918],[18.1197,59.24969],[18.12148,59.24928],[18.12149,59.24849],[18.11964,59.24799],[18.11786,59.2484],[18.11786,59.24918]]]},"properties":{"zone":3,"cell_type":"total isolation","proximity":1253.5,"opportunity":6083.6,"population":64}},{"type":"Feature","id":10,"geometry":{"type":"Polygon","coordinates":[[[18.0879,59.27946],[18.0907,59.28023],[18.0935,59.27958],[18.09351,59.27817],[18.09072,59.2774],[18.08792,59.27805],[18.0879,59.27946]]]},"properties":{"zone":0,"cell_type":"inclusion","proximity":3250.5,"opportunity":10829.8,"population":494}},{"type":"Feature","id":11,"geometry":{"type":"Polygon","coordinates":[[[18.15115,59.26043],[18.15127,59.26046],[18.15127,59.26046],[18.15115,59.26043]]]},"properties":{"zone":3,"cell_type":"total isolation","proximity":950.9,"opportunity":5385.6,"population":0}},{"type":"Feature","id":12,"geometry":{"type":"Polygon","coordinates":[[[17.92392,59.29112],[17.92678,59.29192],[17.92967,59.29125],[17.92968,59.2898],[17.92682,59.28901],[17.92394,59.28967],[17.92392,59.29112]]]},"properties":{"zone":3,"cell_type":"total isolation","proximity":1267.9,"opportunity":6914.9,"population":716}},{"type":"Feature","id":13,"geometry":{"type":"Polygon","coordinates":[[[17.98468,59.27276],[17.98733,59.27349],[17.98997,59.27289],[17.98998,59.27157],[17.98734,59.27084],[17.9847,59.27145],[17.98468,59.27276]]]},"properties":{"zone":3,"cell_type":"total isolation","proximity":1721.9,"opportunity":7053.3,"population":360}},{"type":"Feature","id":14,"geometry":{"type":"Polygon","coordinates":[[[18.05563,59.34647],[18.0585,59.34726],[18.06138,59.34659],[18.06139,59.34514],[18.05852,59.34435],[18.05564,59.34501],[18.05563,59.34647]]]},"properties":{"zone":0,"cell_type":"inclusion","proximity":6178.1,"opportunity":13786.9,"population":1702}},{"type":"Feature","id":15,"geometry":{"type":"Polygon","coordinates":[[[17.91722,59.3739],[17.92009,59.3747],[17.92298,59.37403],[17.92299,59.37258],[17.92013,59.37179],[17.91724,59.37245],[17.91722,59.3739]]]},"properties":{"zone":3,"cell_type":"total isolation","proximity":1289.5,"opportunity":6227.3,"population":654}},{"type":"Feature","id":16,"geometry":{"type":"Polygon","coordinates":[[[17.88012,59.3534],[17.88293,59.35418],[17.88575,59.35353],[17.88577,59.35211],[17.88296,59.35134],[17.88014,59.35198],[17.88012,59.3534]]]},"properties":{"zone":3,"cell_type":"total isolation","proximity":1062.7,"opportunity":7979.9,"population":511}},{"type":"Feature","id":17,"geometry":{"type":"Polygon","coordinates":[[[18.12539,59.26932],[18.12813,59.27008],[18.13088,59.26944],[18.13089,59.26806],[18.12815,59.26731],[18.1254,59.26795],[18.12539,59.26932]]]},"properties":{"zone":3,"cell_type":"total isolation","proximity":1657.7,"opportunity":8452,"population":444}},{"type":"Feature","id":18,"geometry":{"type":"Polygon","coordinates":[[[17.90262,59.39318],[17.90548,59.39398],[17.90835,59.39332],[17.90837,59.39187],[17.90551,59.39108],[17.90263,59.39174],[17.90262,59.39318]]]},"properties":{"zone":3,"cell_type":"total isolation","proximity":1148.4,"opportunity":7276.2,"population":568}},{"type":"Feature","id":19,"geometry":{"type":"Polygon","coordinates":[[[17.97848,59.29455],[17.98135,59.29534],[17.98423,59.29467],[17.98425,59.29322],[17.98138,59.29243],[17.9785,59.29309],[17.97848,59.29455]]]},"properties":{"zone":2,"cell_type":"social isolation","proximity":2462.8,"opportunity":10389.4,"population":673}},{"type":"Feature","id":20,"geometry":{"type":"Polygon","coordinates":[[[17.86537,59.38141],[17.8682,59.38219],[17.87104,59.38154],[17.87106,59.38012],[17.86823,59.37933],[17.86539,59.37998],[17.86537,59.38141]]]},"properties":{"zone":3,"cell_type":"total isolation","proximity":1263.3,"opportunity":5925.7,"population":532}},{"type":"Feature","id":21,"geometry":{"type":"Polygon","coordinates":[[[18.00401,59.34093],[18.00677,59.34169],[18.00953,59.34105],[18.00955,59.33967],[18.00679,59.33891],[18.00402,59.33954],[18.00401,59.34093]]]},"properties":{"zone":0,"cell_type":"inclusion","proximity":3829.1,"opportunity":11454.4,"population":457}},{"type":"Feature","id":22,"geometry":{"type":"Polygon","coordinates":[[[18.07984,59.3292],[18.0817,59.32971],[18.08349,59.32929],[18.0835,59.3285],[18.08164,59.32799],[18.07985,59.32841],[18.07984,59.3292]]]},"properties":{"zone":0,"cell_type":"inclusion","proximity":5148.2,"opportunity":12579.3,"population":66}},{"type":"Feature","id":23,"geometry":{"type":"Polygon","coordinates":[[[17.93772,59.36774],[17.94032,59.36845],[17.94291,59.36786],[17.94292,59.36659],[17.94033,59.36587],[17.93774,59.36646],[17.93772,59.36774]]]},"properties":{"zone":3,"cell_type":"total isolation","proximity":1075.8,"opportunity":4131.1,"population":322}},{"type":"Feature","id":24,"geometry":{"type":"Polygon","coordinates":[[[18.12532,59.2737],[18.1281,59.27447],[18.13088,59.27382],[18.13089,59.27242],[18.12811,59.27166],[18.12533,59.2723],[18.12532,59.2737]]]},"properties":{"zone":3,"cell_type":"total isolation","proximity":1895.1,"opportunity":8222.7,"population":478}},{"type":"Feature","id":25,"geometry":{"type":"Polygon","coordinates":[[[18.02773,59.28027],[18.03035,59.28099],[18.03297,59.28039],[18.03298,59.27909],[18.03036,59.27837],[18.02774,59.27897],[18.02773,59.28027]]]},"properties":{"zone":3,"cell_type":"total isolation","proximity":2665.2,"opportunity":8252.7,"population":342}},{"type":"Feature","id":26,"geometry":{"type":"Polygon","coordinates":[[[18.08153,59.34485],[18.0844,59.34564],[18.08729,59.34498],[18.0873,59.34352],[18.08443,59.34273],[18.08155,59.3434],[18.08153,59.34485]]]},"properties":{"zone":0,"cell_type":"inclusion","proximity":5476.7,"opportunity":13356.1,"population":1029}},{"type":"Feature","id":27,"geometry":{"type":"Polygon","coordinates":[[[18.06469,59.29646],[18.06756,59.29725],[18.07044,59.29658],[18.07045,59.29513],[18.06758,59.29433],[18.0647,59.295],[18.06469,59.29646]]]},"properties":{"zone":0,"cell_type":"inclusion","proximity":4261.3,"opportunity":11641.2,"population":668}},{"type":"Feature","id":28,"geometry":{"type":"Polygon","coordinates":[[[17.94338,59.31702],[17.94383,59.31715],[17.94413,59.31708],[17.94367,59.31696],[17.94338,59.31702]]]},"properties":{"zone":3,"cell_type":"total isolation","proximity":1251.4,"opportunity":5473.4,"population":4}},{"type":"Feature","id":29,"geometry":{"type":"Polygon","coordinates":[[[18.02727,59.30219],[18.03014,59.30298],[18.03302,59.30231],[18.03303,59.30086],[18.03017,59.30007],[18.02729,59.30073],[18.02727,59.30219]]]},"properties":{"zone":0,"cell_type":"inclusion","proximity":4187.3,"opportunity":12769.2,"population":788}},{"type":"Feature","id":30,"geometry":{"type":"Polygon","coordinates":[[[18.0824,59.23709],[18.08252,59.23713],[18.08252,59.23713],[18.0824,59.23709]]]},"properties":{"zone":3,"cell_type":"total isolation","proximity":1125.1,"opportunity":5955.3,"population":1}},{"type":"Feature","id":31,"geometry":{"type":"Polygon","coordinates":[[[18.0562,59.35935],[18.05841,59.35996],[18.06058,59.35946],[18.06059,59.35843],[18.05838,59.35783],[18.0562,59.35833],[18.0562,59.35935]]]},"properties":{"zone":0,"cell_type":"inclusion","proximity":3786.2,"opportunity":10310.4,"population":141}},{"type":"Feature","id":32,"geometry":{"type":"Polygon","coordinates":[[[17.9344,59.40039],[17.93707,59.40113],[17.93975,59.40051],[17.93976,59.39919],[17.93709,59.39845],[17.93442,59.39907],[17.9344,59.40039]]]},"properties":{"zone":3,"cell_type":"total isolation","proximity":1081.7,"opportunity":7031.3,"population":378}},{"type":"Feature","id":33,"geometry":{"type":"Polygon","coordinates":[[[17.96735,59.30724],[17.96974,59.3079],[17.97211,59.30735],[17.97212,59.30621],[17.96973,59.30555],[17.96736,59.3061],[17.96735,59.30724]]]},"properties":{"zone":3,"cell_type":"total isolation","proximity":2228.6,"opportunity":9124.2,"population":207}},{"type":"Feature","id":34,"geometry":{"type":"Polygon","coordinates":[[[17.87139,59.40318],[17.87371,59.40382],[17.876,59.40329],[17.87602,59.4022],[17.87369,59.40156],[17.8714,59.40208],[17.87139,59.40318]]]},"properties":{"zone":3,"cell_type":"total isolation","proximity":714.9,"opportunity":2,"population":178}},{"type":"Feature","id":35,"geometry":{"type":"Polygon","coordinates":[[[18.07269,59.36574],[18.07281,59.36577],[18.07281,59.36577],[18.07269,59.36574]]]},"properties":{"zone":3,"cell_type":"total isolation","proximity":2542.6,"opportunity":5120.5,"population":1}},{"type":"Feature","id":36,"geometry":{"type":"Polygon","coordinates":[[[17.80559,59.36894],[17.80795,59.3696],[17.81029,59.36906],[17.8103,59.36794],[17.80794,59.36729],[17.8056,59.36782],[17.80559,59.36894]]]},"properties":{"zone":3,"cell_type":"total isolation","proximity":606,"opportunity":2032.8,"population":194}},{"type":"Feature","id":37,"geometry":{"type":"Polygon","coordinates":[[[18.04023,59.24971],[18.04215,59.25024],[18.04401,59.24981],[18.04402,59.24897],[18.0421,59.24844],[18.04024,59.24887],[18.04023,59.24971]]]},"properties":{"zone":3,"cell_type":"total isolation","proximity":1296.6,"opportunity":4763.5,"population":76}},{"type":"Feature","id":38,"geometry":{"type":"Polygon","coordinates":[[[18.05019,59.31143],[18.05305,59.31222],[18.05594,59.31155],[18.05595,59.3101],[18.05308,59.30931],[18.0502,59.30997],[18.05019,59.31143]]]},"properties":{"zone":0,"cell_type":"inclusion","proximity":5132.2,"opportunity":12145.7,"population":1440}},{"type":"Feature","id":39,"geometry":{"type":"Polygon","coordinates":[[[17.85124,59.37014],[17.85395,59.37089],[17.85668,59.37027],[17.8567,59.36892],[17.85398,59.36816],[17.85125,59.36879],[17.85124,59.37014]]]},"properties":{"zone":3,"cell_type":"total isolation","proximity":1283.9,"opportunity":6637.8,"population":419}},{"type":"Feature","id":40,"geometry":{"type":"Polygon","coordinates":[[[17.98971,59.321],[17.99258,59.32179],[17.99546,59.32113],[17.99548,59.31968],[17.99261,59.31888],[17.98973,59.31955],[17.98971,59.321]]]},"properties":{"zone":1,"cell_type":"spatial isolation","proximity":3100.7,"opportunity":8340.8,"population":968}},{"type":"Feature","id":41,"geometry":{"type":"Polygon","coordinates":[[[18.09045,59.36018],[18.09293,59.36086],[18.09538,59.3603],[18.09539,59.3591],[18.09292,59.35842],[18.09046,59.35899],[18.09045,59.36018]]]},"properties":{"zone":0,"cell_type":"inclusion","proximity":3212.7,"opportunity":9598.6,"population":247}},{"type":"Feature","id":42,"geometry":{"type":"Polygon","coordinates":[[[17.94362,59.3939],[17.9458,59.3945],[17.94795,59.39401],[17.94796,59.393],[17.94578,59.3924],[17.94363,59.39289],[17.94362,59.3939]]]},"properties":{"zone":3,"cell_type":"total isolation","proximity":945.3,"opportunity":3685.6,"population":133}},{"type":"Feature","id":43,"geometry":{"type":"Polygon","coordinates":[[[17.9817,59.32715],[17.98392,59.32776],[17.98609,59.32726],[17.9861,59.32624],[17.98389,59.32563],[17.98172,59.32613],[17.9817,59.32715]]]},"properties":{"zone":2,"cell_type":"social isolation","proximity":2813.2,"opportunity":9484,"population":141}},{"type":"Feature","id":44,"geometry":{"type":"Polygon","coordinates":[[[18.0645,59.31829],[18.06737,59.31908],[18.07025,59.31841],[18.07026,59.31696],[18.0674,59.31617],[18.06451,59.31683],[18.0645,59.31829]]]},"properties":{"zone":0,"cell_type":"inclusion","proximity":6310.9,"opportunity":14532.8,"population":3001}},{"type":"Feature","id":45,"geometry":{"type":"Polygon","coordinates":[[[17.90845,59.39764],[17.91119,59.39839],[17.91394,59.39777],[17.91395,59.3964],[17.91121,59.39564],[17.90846,59.39627],[17.90845,59.39764]]]},"properties":{"zone":3,"cell_type":"total isolation","proximity":1076,"opportunity":6472,"population":438}},{"type":"Feature","id":46,"geometry":{"type":"Polygon","coordinates":[[[17.8861,59.35781],[17.88864,59.35851],[17.89118,59.35793],[17.89119,59.35669],[17.88865,59.35599],[17.88611,59.35657],[17.8861,59.35781]]]},"properties":{"zone":3,"cell_type":"total isolation","proximity":1600.9,"opportunity":6602.3,"population":288}},{"type":"Feature","id":47,"geometry":{"type":"Polygon","coordinates":[[[17.95814,59.3355],[17.9608,59.33624],[17.96347,59.33563],[17.96349,59.3343],[17.96082,59.33357],[17.95815,59.33418],[17.95814,59.3355]]]},"properties":{"zone":2,"cell_type":"social isolation","proximity":2347.7,"opportunity":10263.1,"population":377}},{"type":"Feature","id":48,"geometry":{"type":"Polygon","coordinates":[[[17.94004,59.40924],[17.94274,59.40998],[17.94543,59.40937],[17.94545,59.40803],[17.94275,59.40729],[17.94006,59.40791],[17.94004,59.40924]]]},"properties":{"zone":3,"cell_type":"total isolation","proximity":912.6,"opportunity":6774.8,"population":394}},{"type":"Feature","id":49,"geometry":{"type":"Polygon","coordinates":[[[18.01632,59.2582],[18.01906,59.25896],[18.02181,59.25833],[18.02183,59.25695],[18.01908,59.25619],[18.01633,59.25683],[18.01632,59.2582]]]},"properties":{"zone":3,"cell_type":"total isolation","proximity":1606.3,"opportunity":7110.5,"population":448}},{"type":"Feature","id":50,"geometry":{"type":"Polygon","coordinates":[[[18.09285,59.36399],[18.09297,59.36403],[18.09297,59.36403],[18.09285,59.36399]]]},"properties":{"zone":3,"cell_type":"total isolation","proximity":2373.8,"opportunity":6312.5,"population":1}},{"type":"Feature","id":51,"geometry":{"type":"Polygon","coordinates":[[[18.05063,59.27644],[18.05337,59.2772],[18.05611,59.27657],[18.05613,59.27519],[18.05339,59.27444],[18.05064,59.27507],[18.05063,59.27644]]]},"properties":{"zone":2,"cell_type":"social isolation","proximity":2796.5,"opportunity":9749.3,"population":441}},{"type":"Feature","id":52,"geometry":{"type":"Polygon","coordinates":[[[18.0535,59.30047],[18.05604,59.30117],[18.05857,59.30059],[18.05858,59.29934],[18.05604,59.29864],[18.05351,59.29923],[18.0535,59.30047]]]},"properties":{"zone":0,"cell_type":"inclusion","proximity":3872.4,"opportunity":10359.3,"population":287}},{"type":"Feature","id":53,"geometry":{"type":"Polygon","coordinates":[[[17.95607,59.28079],[17.95852,59.28147],[17.96096,59.28091],[17.96097,59.27973],[17.95852,59.27905],[17.95608,59.27961],[17.95607,59.28079]]]},"properties":{"zone":3,"cell_type":"total isolation","proximity":1589.5,"opportunity":7471.9,"population":239}},{"type":"Feature","id":54,"geometry":{"type":"Polygon","coordinates":[[[17.88432,59.28131],[17.88669,59.28196],[17.88904,59.28142],[17.88906,59.28029],[17.88669,59.27963],[17.88433,59.28017],[17.88432,59.28131]]]},"properties":{"zone":3,"cell_type":"total isolation","proximity":519,"opportunity":3917.5,"population":201}},{"type":"Feature","id":55,"geometry":{"type":"Polygon","coordinates":[[[17.90975,59.28421],[17.9125,59.28497],[17.91526,59.28433],[17.91527,59.28295],[17.91252,59.28219],[17.90977,59.28283],[17.90975,59.28421]]]},"properties":{"zone":3,"cell_type":"total isolation","proximity":963.6,"opportunity":6920,"population":452}},{"type":"Feature","id":56,"geometry":{"type":"Polygon","coordinates":[[[18.08468,59.31218],[18.08755,59.31297],[18.09043,59.3123],[18.09044,59.31085],[18.08758,59.31006],[18.08469,59.31072],[18.08468,59.31218]]]},"properties":{"zone":0,"cell_type":"inclusion","proximity":4904,"opportunity":11579.7,"population":831}},{"type":"Feature","id":57,"geometry":{"type":"Polygon","coordinates":[[[17.9555,59.32449],[17.95805,59.32519],[17.96059,59.32461],[17.9606,59.32336],[17.95805,59.32266],[17.95552,59.32324],[17.9555,59.32449]]]},"properties":{"zone":3,"cell_type":"total isolation","proximity":1888.1,"opportunity":7275.2,"population":291}},{"type":"Feature","id":58,"geometry":{"type":"Polygon","coordinates":[[[17.90928,59.42343],[17.91093,59.42389],[17.9125,59.42353],[17.91251,59.42288],[17.91086,59.42243],[17.90929,59.42279],[17.90928,59.42343]]]},"properties":{"zone":3,"cell_type":"total isolation","proximity":471.2,"opportunity":4145.3,"population":42}},{"type":"Feature","id":59,"geometry":{"type":"Polygon","coordinates":[[[17.80776,59.38441],[17.8106,59.3852],[17.81344,59.38455],[17.81346,59.38312],[17.81063,59.38234],[17.80778,59.38298],[17.80776,59.38441]]]},"properties":{"zone":3,"cell_type":"total isolation","proximity":710.8,"opportunity":3368.8,"population":537}},{"type":"Feature","id":60,"geometry":{"type":"Polygon","coordinates":[[[18.09947,59.26225],[18.10233,59.26303],[18.10519,59.26237],[18.10521,59.26092],[18.10235,59.26013],[18.09948,59.2608],[18.09947,59.26225]]]},"properties":{"zone":3,"cell_type":"total isolation","proximity":2016.7,"opportunity":8767.8,"population":566}},{"type":"Feature","id":61,"geometry":{"type":"Polygon","coordinates":[[[17.95291,59.28735],[17.95557,59.28808],[17.95823,59.28747],[17.95825,59.28615],[17.95558,59.28541],[17.95292,59.28602],[17.95291,59.28735]]]},"properties":{"zone":3,"cell_type":"total isolation","proximity":1672,"opportunity":7530.5,"population":376}},{"type":"Feature","id":62,"geometry":{"type":"Polygon","coordinates":[[[18.05395,59.32646],[18.05583,59.32698],[18.05766,59.32656],[18.05766,59.32575],[18.05578,59.32523],[18.05396,59.32565],[18.05395,59.32646]]]},"properties":{"zone":0,"cell_type":"inclusion","proximity":6051,"opportunity":13505.7,"population":70}},{"type":"Feature","id":63,"geometry":{"type":"Polygon","coordinates":[[[17.91973,59.41968],[17.92245,59.42043],[17.92519,59.41981],[17.9252,59.41845],[17.92248,59.4177],[17.91974,59.41832],[17.91973,59.41968]]]},"properties":{"zone":3,"cell_type":"total isolation","proximity":520.5,"opportunity":4562.2,"population":426}},{"type":"Feature","id":64,"geometry":{"type":"Polygon","coordinates":[[[17.99346,59.33603],[17.99534,59.33655],[17.99716,59.33613],[17.99717,59.33533],[17.99529,59.33481],[17.99347,59.33522],[17.99346,59.33603]]]},"properties":{"zone":0,"cell_type":"inclusion","proximity":3322.8,"opportunity":10860.4,"population":69}},{"type":"Feature","id":65,"geometry":{"type":"Polygon","coordinates":[[[17.82811,59.37832],[17.83083,59.37907],[17.83355,59.37845],[17.83357,59.37709],[17.83085,59.37634],[17.82813,59.37696],[17.82811,59.37832]]]},"properties":{"zone":3,"cell_type":"total isolation","proximity":986.5,"opportunity":4101.6,"population":419}},{"type":"Feature","id":66,"geometry":{"type":"Polygon","coordinates":[[[17.9061,59.35614],[17.90879,59.35689],[17.91149,59.35627],[17.91151,59.35493],[17.90881,59.35418],[17.90612,59.3548],[17.9061,59.35614]]]},"properties":{"zone":3,"cell_type":"total isolation","proximity":1712.5,"opportunity":6070.3,"population":397}},{"type":"Feature","id":67,"geometry":{"type":"Polygon","coordinates":[[[18.08273,59.253],[18.08518,59.25368],[18.08762,59.25312],[18.08763,59.25193],[18.08517,59.25125],[18.08274,59.25182],[18.08273,59.253]]]},"properties":{"zone":3,"cell_type":"total isolation","proximity":1925.5,"opportunity":7725.6,"population":240}},{"type":"Feature","id":68,"geometry":{"type":"Polygon","coordinates":[[[17.92835,59.41771],[17.93112,59.41848],[17.9339,59.41784],[17.93391,59.41646],[17.93114,59.41569],[17.92836,59.41633],[17.92835,59.41771]]]},"properties":{"zone":3,"cell_type":"total isolation","proximity":589.6,"opportunity":4216.4,"population":466}},{"type":"Feature","id":69,"geometry":{"type":"Polygon","coordinates":[[[18.09367,59.28394],[18.09641,59.28469],[18.09915,59.28406],[18.09917,59.28268],[18.09642,59.28193],[18.09368,59.28256],[18.09367,59.28394]]]},"properties":{"zone":0,"cell_type":"inclusion","proximity":3104.7,"opportunity":10660.7,"population":441}},{"type":"Feature","id":70,"geometry":{"type":"Polygon","coordinates":[[[17.99065,59.27718],[17.99304,59.27784],[17.9954,59.2773],[17.99542,59.27615],[17.99303,59.27549],[17.99066,59.27604],[17.99065,59.27718]]]},"properties":{"zone":3,"cell_type":"total isolation","proximity":1979.5,"opportunity":7557.6,"population":207}},{"type":"Feature","id":71,"geometry":{"type":"Polygon","coordinates":[[[18.04134,59.33524],[18.04421,59.33603],[18.04709,59.33537],[18.04711,59.33392],[18.04424,59.33313],[18.04136,59.33379],[18.04134,59.33524]]]},"properties":{"zone":0,"cell_type":"inclusion","proximity":6155.9,"opportunity":12602.7,"population":1353}},{"type":"Feature","id":72,"geometry":{"type":"Polygon","coordinates":[[[17.87481,59.37051],[17.87699,59.37111],[17.87914,59.37062],[17.87915,59.36962],[17.87697,59.36902],[17.87482,59.36951],[17.87481,59.37051]]]},"properties":{"zone":3,"cell_type":"total isolation","proximity":1496.9,"opportunity":6051,"population":131}},{"type":"Feature","id":73,"geometry":{"type":"Polygon","coordinates":[[[18.03274,59.33287],[18.0356,59.33366],[18.03849,59.333],[18.0385,59.33154],[18.03563,59.33075],[18.03275,59.33142],[18.03274,59.33287]]]},"properties":{"zone":0,"cell_type":"inclusion","proximity":5855.7,"opportunity":14052.5,"population":1687}},{"type":"Feature","id":74,"geometry":{"type":"Polygon","coordinates":[[[18.06403,59.24996],[18.06515,59.25027],[18.06615,59.25004],[18.06616,59.24973],[18.06504,59.24942],[18.06404,59.24965],[18.06403,59.24996]]]},"properties":{"zone":3,"cell_type":"total isolation","proximity":1600.1,"opportunity":4895.9,"population":14}},{"type":"Feature","id":75,"geometry":{"type":"Polygon","coordinates":[[[17.90587,59.38228],[17.90849,59.383],[17.91111,59.38241],[17.91113,59.38111],[17.90851,59.38039],[17.90588,59.38099],[17.90587,59.38228]]]},"properties":{"zone":3,"cell_type":"total isolation","proximity":1097.6,"opportunity":6129.4,"population":340}},{"type":"Feature","id":76,"geometry":{"type":"Polygon","coordinates":[[[18.13437,59.26285],[18.13681,59.26353],[18.13923,59.26296],[18.13924,59.26179],[18.1368,59.26112],[18.13438,59.26168],[18.13437,59.26285]]]},"properties":{"zone":3,"cell_type":"total isolation","proximity":1308.6,"opportunity":7974.5,"population":231}},{"type":"Feature","id":77,"geometry":{"type":"Polygon","coordinates":[[[17.98749,59.28809],[17.99005,59.2888],[17.9926,59.28821],[17.99261,59.28696],[17.99005,59.28625],[17.9875,59.28684],[17.98749,59.28809]]]},"properties":{"zone":3,"cell_type":"total isolation","proximity":2270.3,"opportunity":8366.3,"population":297}},{"type":"Feature","id":78,"geometry":{"type":"Polygon","coordinates":[[[18.16475,59.24987],[18.16569,59.25013],[18.16649,59.24994],[18.16649,59.24976],[18.16555,59.2495],[18.16475,59.24968],[18.16475,59.24987]]]},"properties":{"zone":3,"cell_type":"total isolation","proximity":491.9,"opportunity":5208.2,"population":9}},{"type":"Feature","id":79,"geometry":{"type":"Polygon","coordinates":[[[17.87119,59.38587],[17.8739,59.38662],[17.87662,59.386],[17.87664,59.38465],[17.87393,59.3839],[17.87121,59.38452],[17.87119,59.38587]]]},"properties":{"zone":3,"cell_type":"total isolation","proximity":1171,"opportunity":6425.6,"population":411}},{"type":"Feature","id":80,"geometry":{"type":"Polygon","coordinates":[[[17.97855,59.29888],[17.98131,59.29964],[17.98408,59.29901],[17.98409,59.29762],[17.98133,59.29686],[17.97856,59.29749],[17.97855,59.29888]]]},"properties":{"zone":3,"cell_type":"total isolation","proximity":2588.3,"opportunity":8751.9,"population":462}},{"type":"Feature","id":81,"geometry":{"type":"Polygon","coordinates":[[[18.06237,59.27662],[18.06487,59.27731],[18.06736,59.27673],[18.06737,59.27552],[18.06487,59.27483],[18.06238,59.2754],[18.06237,59.27662]]]},"properties":{"zone":0,"cell_type":"inclusion","proximity":2975.6,"opportunity":10020,"population":263}},{"type":"Feature","id":82,"geometry":{"type":"Polygon","coordinates":[[[17.92993,59.32598],[17.93217,59.3266],[17.93437,59.3261],[17.93438,59.32506],[17.93215,59.32444],[17.92994,59.32495],[17.92993,59.32598]]]},"properties":{"zone":3,"cell_type":"total isolation","proximity":1355,"opportunity":5358.4,"population":148}},{"type":"Feature","id":83,"geometry":{"type":"Polygon","coordinates":[[[17.79926,59.38634],[17.80194,59.38708],[17.80462,59.38647],[17.80464,59.38514],[17.80196,59.3844],[17.79928,59.38501],[17.79926,59.38634]]]},"properties":{"zone":3,"cell_type":"total isolation","proximity":592.3,"opportunity":3734.5,"population":385}},{"type":"Feature","id":84,"geometry":{"type":"Polygon","coordinates":[[[18.03617,59.27398],[18.03902,59.27477],[18.04189,59.2741],[18.0419,59.27266],[18.03905,59.27187],[18.03618,59.27253],[18.03617,59.27398]]]},"properties":{"zone":3,"cell_type":"total isolation","proximity":2488.6,"opportunity":7389.2,"population":562}},{"type":"Feature","id":85,"geometry":{"type":"Polygon","coordinates":[[[18.09022,59.33849],[18.09309,59.33928],[18.09597,59.33862],[18.09598,59.33716],[18.09311,59.33637],[18.09023,59.33704],[18.09022,59.33849]]]},"properties":{"zone":0,"cell_type":"inclusion","proximity":5092.9,"opportunity":12371.4,"population":1315}},{"type":"Feature","id":86,"geometry":{"type":"Polygon","coordinates":[[[18.12776,59.34143],[18.13047,59.34217],[18.13319,59.34155],[18.1332,59.34019],[18.13048,59.33945],[18.12777,59.34008],[18.12776,59.34143]]]},"properties":{"zone":3,"cell_type":"total isolation","proximity":2272.3,"opportunity":5351.4,"population":414}},{"type":"Feature","id":87,"geometry":{"type":"Polygon","coordinates":[[[17.90874,59.37149],[17.91149,59.37225],[17.91425,59.37162],[17.91426,59.37024],[17.91151,59.36948],[17.90876,59.37011],[17.90874,59.37149]]]},"properties":{"zone":3,"cell_type":"total isolation","proximity":1468.8,"opportunity":4119.2,"population":445}},{"type":"Feature","id":88,"geometry":{"type":"Polygon","coordinates":[[[17.95791,59.34427],[17.96071,59.34504],[17.96351,59.3444],[17.96352,59.34299],[17.96073,59.34222],[17.95793,59.34286],[17.95791,59.34427]]]},"properties":{"zone":3,"cell_type":"total isolation","proximity":2194.7,"opportunity":8263.2,"population":493}},{"type":"Feature","id":89,"geometry":{"type":"Polygon","coordinates":[[[18.07066,59.30087],[18.07328,59.30159],[18.07589,59.30099],[18.0759,59.2997],[18.07328,59.29898],[18.07068,59.29958],[18.07066,59.30087]]]},"properties":{"zone":0,"cell_type":"inclusion","proximity":4448.3,"opportunity":12706.5,"population":336}},{"type":"Feature","id":90,"geometry":{"type":"Polygon","coordinates":[[[17.9527,59.29176],[17.95552,59.29254],[17.95834,59.29189],[17.95836,59.29047],[17.95554,59.28969],[17.95271,59.29034],[17.9527,59.29176]]]},"properties":{"zone":3,"cell_type":"total isolation","proximity":1885.4,"opportunity":7683.7,"population":521}},{"type":"Feature","id":91,"geometry":{"type":"Polygon","coordinates":[[[17.95527,59.32891],[17.958,59.32966],[17.96073,59.32904],[17.96074,59.32767],[17.95802,59.32692],[17.95528,59.32755],[17.95527,59.32891]]]},"properties":{"zone":3,"cell_type":"total isolation","proximity":2184.3,"opportunity":8041.7,"population":430}},{"type":"Feature","id":92,"geometry":{"type":"Polygon","coordinates":[[[17.8812,59.27478],[17.88389,59.27553],[17.88657,59.27491],[17.88659,59.27357],[17.88391,59.27283],[17.88122,59.27345],[17.8812,59.27478]]]},"properties":{"zone":3,"cell_type":"total isolation","proximity":446.6,"opportunity":6168.7,"population":392}},{"type":"Feature","id":93,"geometry":{"type":"Polygon","coordinates":[[[17.91513,59.33231],[17.9177,59.33302],[17.92027,59.33243],[17.92029,59.33117],[17.91771,59.33045],[17.91514,59.33104],[17.91513,59.33231]]]},"properties":{"zone":3,"cell_type":"total isolation","proximity":1415,"opportunity":7423.7,"population":310}},{"type":"Feature","id":94,"geometry":{"type":"Polygon","coordinates":[[[17.83955,59.37861],[17.84233,59.37938],[17.84512,59.37874],[17.84514,59.37735],[17.84236,59.37658],[17.83957,59.37721],[17.83955,59.37861]]]},"properties":{"zone":3,"cell_type":"total isolation","proximity":1072.1,"opportunity":4498.8,"population":479}},{"type":"Feature","id":95,"geometry":{"type":"Polygon","coordinates":[[[18.05566,59.34211],[18.05853,59.3429],[18.06142,59.34223],[18.06143,59.34078],[18.05856,59.33999],[18.05568,59.34065],[18.05566,59.34211]]]},"properties":{"zone":0,"cell_type":"inclusion","proximity":6564.7,"opportunity":16215,"population":1576}},{"type":"Feature","id":96,"geometry":{"type":"Polygon","coordinates":[[[18.00147,59.29506],[18.00434,59.29585],[18.00722,59.29519],[18.00723,59.29373],[18.00437,59.29294],[18.00149,59.2936],[18.00147,59.29506]]]},"properties":{"zone":0,"cell_type":"inclusion","proximity":3240.1,"opportunity":9720.4,"population":952}},{"type":"Feature","id":97,"geometry":{"type":"Polygon","coordinates":[[[17.90684,59.27762],[17.9097,59.27842],[17.91258,59.27776],[17.9126,59.2763],[17.90973,59.2755],[17.90685,59.27617],[17.90684,59.27762]]]},"properties":{"zone":3,"cell_type":"total isolation","proximity":825.6,"opportunity":7337.3,"population":679}},{"type":"Feature","id":98,"geometry":{"type":"Polygon","coordinates":[[[17.81085,59.37357],[17.81362,59.37433],[17.8164,59.3737],[17.81642,59.37231],[17.81365,59.37154],[17.81087,59.37218],[17.81085,59.37357]]]},"properties":{"zone":3,"cell_type":"total isolation","proximity":738.8,"opportunity":4236,"population":468}},{"type":"Feature","id":99,"geometry":{"type":"Polygon","coordinates":[[[18.07634,59.34891],[18.07864,59.34954],[18.0809,59.34902],[18.08091,59.34794],[18.07862,59.34731],[18.07635,59.34783],[18.07634,59.34891]]]},"properties":{"zone":0,"cell_type":"inclusion","proximity":5222.4,"opportunity":11496.3,"population":168}},{"type":"Feature","id":100,"geometry":{"type":"Polygon","coordinates":[[[17.94861,59.3986],[17.95148,59.39939],[17.95437,59.39873],[17.95439,59.39728],[17.95152,59.39649],[17.94863,59.39715],[17.94861,59.3986]]]},"properties":{"zone":3,"cell_type":"total isolation","proximity":997.4,"opportunity":6260.7,"population":584}},{"type":"Feature","id":101,"geometry":{"type":"Polygon","coordinates":[[[18.03018,59.30006],[18.03303,59.30085],[18.0359,59.30019],[18.03592,59.29874],[18.03306,59.29795],[18.03019,59.29861],[18.03018,59.30006]]]},"properties":{"zone":0,"cell_type":"inclusion","proximity":3935.6,"opportunity":13264.1,"population":566}},{"type":"Feature","id":102,"geometry":{"type":"Polygon","coordinates":[[[18.07631,59.28795],[18.07913,59.28873],[18.08196,59.28808],[18.08197,59.28665],[18.07915,59.28588],[18.07632,59.28653],[18.07631,59.28795]]]},"properties":{"zone":0,"cell_type":"inclusion","proximity":3656.2,"opportunity":9729,"population":521}},{"type":"Feature","id":103,"geometry":{"type":"Polygon","coordinates":[[[18.02156,59.31511],[18.02427,59.31586],[18.02699,59.31523],[18.027,59.31388],[18.02429,59.31313],[18.02157,59.31376],[18.02156,59.31511]]]},"properties":{"zone":0,"cell_type":"inclusion","proximity":4382.6,"opportunity":12335.6,"population":414}},{"type":"Feature","id":104,"geometry":{"type":"Polygon","coordinates":[[[17.96836,59.26774],[17.97017,59.26825],[17.97193,59.26784],[17.97193,59.26708],[17.97012,59.26658],[17.96837,59.26698],[17.96836,59.26774]]]},"properties":{"zone":3,"cell_type":"total isolation","proximity":1269.5,"opportunity":5793.1,"population":61}},{"type":"Feature","id":105,"geometry":{"type":"Polygon","coordinates":[[[18.10184,59.33871],[18.1046,59.33946],[18.10736,59.33883],[18.10737,59.33744],[18.10461,59.33669],[18.10185,59.33732],[18.10184,59.33871]]]},"properties":{"zone":0,"cell_type":"inclusion","proximity":4286,"opportunity":10360,"population":457}},{"type":"Feature","id":106,"geometry":{"type":"Polygon","coordinates":[[[17.89865,59.40554],[17.89965,59.40581],[17.90051,59.40562],[17.90052,59.4054],[17.89952,59.40512],[17.89865,59.40532],[17.89865,59.40554]]]},"properties":{"zone":3,"cell_type":"total isolation","proximity":769.6,"opportunity":3268.4,"population":10}},{"type":"Feature","id":107,"geometry":{"type":"Polygon","coordinates":[[[17.89499,59.35141],[17.89736,59.35206],[17.8997,59.35153],[17.89971,59.35041],[17.89735,59.34975],[17.89501,59.35029],[17.89499,59.35141]]]},"properties":{"zone":3,"cell_type":"total isolation","proximity":1636.3,"opportunity":6976,"population":195}},{"type":"Feature","id":108,"geometry":{"type":"Polygon","coordinates":[[[18.04038,59.28889],[18.04181,59.28928],[18.04315,59.28897],[18.04316,59.28846],[18.04172,59.28806],[18.04038,59.28837],[18.04038,59.28889]]]},"properties":{"zone":1,"cell_type":"spatial isolation","proximity":3121.1,"opportunity":8107.9,"population":27}},{"type":"Feature","id":109,"geometry":{"type":"Polygon","coordinates":[[[17.89169,59.2853],[17.89246,59.28551],[17.89307,59.28537],[17.89307,59.2853],[17.89231,59.28509],[17.89169,59.28523],[17.89169,59.2853]]]},"properties":{"zone":3,"cell_type":"total isolation","proximity":651.8,"opportunity":3474,"population":6}},{"type":"Feature","id":110,"geometry":{"type":"Polygon","coordinates":[[[18.0904,59.31667],[18.09327,59.31746],[18.09615,59.31679],[18.09616,59.31534],[18.09329,59.31455],[18.09041,59.31521],[18.0904,59.31667]]]},"properties":{"zone":0,"cell_type":"inclusion","proximity":4729.2,"opportunity":12305.3,"population":731}},{"type":"Feature","id":111,"geometry":{"type":"Polygon","coordinates":[[[17.90613,59.33583],[17.90625,59.33586],[17.90625,59.33586],[17.90613,59.33583]]]},"properties":{"zone":3,"cell_type":"total isolation","proximity":1339.6,"opportunity":7155.4,"population":3}},{"type":"Feature","id":112,"geometry":{"type":"Polygon","coordinates":[[[17.96462,59.31801],[17.96676,59.3186],[17.96886,59.31812],[17.96887,59.31714],[17.96673,59.31655],[17.96463,59.31703],[17.96462,59.31801]]]},"properties":{"zone":3,"cell_type":"total isolation","proximity":1650.3,"opportunity":6307.4,"population":121}},{"type":"Feature","id":113,"geometry":{"type":"Polygon","coordinates":[[[18.03865,59.31554],[18.04152,59.31633],[18.0444,59.31567],[18.04441,59.31421],[18.04154,59.31342],[18.03866,59.31408],[18.03865,59.31554]]]},"properties":{"zone":0,"cell_type":"inclusion","proximity":5242.2,"opportunity":12596.8,"population":1054}},{"type":"Feature","id":114,"geometry":{"type":"Polygon","coordinates":[[[17.95817,59.33984],[17.96076,59.34056],[17.96335,59.33996],[17.96336,59.33869],[17.96077,59.33797],[17.95818,59.33857],[17.95817,59.33984]]]},"properties":{"zone":3,"cell_type":"total isolation","proximity":2266.8,"opportunity":9135.2,"population":321}},{"type":"Feature","id":115,"geometry":{"type":"Polygon","coordinates":[[[17.91232,59.36048],[17.91452,59.36108],[17.91668,59.36059],[17.91669,59.35958],[17.91449,59.35897],[17.91234,59.35947],[17.91232,59.36048]]]},"properties":{"zone":3,"cell_type":"total isolation","proximity":1617.6,"opportunity":5847,"population":135}},{"type":"Feature","id":116,"geometry":{"type":"Polygon","coordinates":[[[17.81646,59.39545],[17.81909,59.39618],[17.82172,59.39558],[17.82174,59.39428],[17.81911,59.39356],[17.81648,59.39416],[17.81646,59.39545]]]},"properties":{"zone":3,"cell_type":"total isolation","proximity":539.6,"opportunity":2355.1,"population":347}},{"type":"Feature","id":117,"geometry":{"type":"Polygon","coordinates":[[[18.03049,59.26512],[18.03336,59.26591],[18.03624,59.26524],[18.03625,59.26379],[18.03338,59.26299],[18.0305,59.26366],[18.03049,59.26512]]]},"properties":{"zone":3,"cell_type":"total isolation","proximity":2138.2,"opportunity":8097.9,"population":683}},{"type":"Feature","id":118,"geometry":{"type":"Polygon","coordinates":[[[18.09099,59.24676],[18.09383,59.24754],[18.09669,59.24688],[18.0967,59.24544],[18.09386,59.24465],[18.091,59.24531],[18.09099,59.24676]]]},"properties":{"zone":3,"cell_type":"total isolation","proximity":1599.7,"opportunity":7494.9,"population":552}},{"type":"Feature","id":119,"geometry":{"type":"Polygon","coordinates":[[[17.91537,59.4061],[17.9169,59.40652],[17.91833,59.4062],[17.91834,59.40563],[17.91681,59.40521],[17.91538,59.40553],[17.91537,59.4061]]]},"properties":{"zone":3,"cell_type":"total isolation","proximity":900.5,"opportunity":4022.9,"population":32}},{"type":"Feature","id":120,"geometry":{"type":"Polygon","coordinates":[[[17.93831,59.28927],[17.94117,59.29006],[17.94405,59.2894],[17.94407,59.28794],[17.9412,59.28715],[17.93832,59.28781],[17.93831,59.28927]]]},"properties":{"zone":3,"cell_type":"total isolation","proximity":1544.9,"opportunity":6802.6,"population":1036}},{"type":"Feature","id":121,"geometry":{"type":"Polygon","coordinates":[[[18.11609,59.34123],[18.11896,59.34202],[18.12184,59.34135],[18.12185,59.3399],[18.11898,59.33911],[18.1161,59.33978],[18.11609,59.34123]]]},"properties":{"zone":1,"cell_type":"spatial isolation","proximity":2964.7,"opportunity":8328.2,"population":952}},{"type":"Feature","id":122,"geometry":{"type":"Polygon","coordinates":[[[17.97889,59.28571],[17.98145,59.28642],[17.98401,59.28584],[17.98402,59.28458],[17.98146,59.28387],[17.9789,59.28446],[17.97889,59.28571]]]},"properties":{"zone":3,"cell_type":"total isolation","proximity":2269.4,"opportunity":8012.9,"population":302}},{"type":"Feature","id":123,"geometry":{"type":"Polygon","coordinates":[[[18.05883,59.30943],[18.0617,59.31022],[18.06458,59.30956],[18.06459,59.3081],[18.06172,59.30731],[18.05884,59.30798],[18.05883,59.30943]]]},"properties":{"zone":0,"cell_type":"inclusion","proximity":5041.1,"opportunity":12105.8,"population":1268}},{"type":"Feature","id":124,"geometry":{"type":"Polygon","coordinates":[[[18.00693,59.32575],[18.00979,59.32654],[18.01266,59.32587],[18.01267,59.32443],[18.00982,59.32364],[18.00695,59.3243],[18.00693,59.32575]]]},"properties":{"zone":0,"cell_type":"inclusion","proximity":4102.1,"opportunity":10546.1,"population":562}},{"type":"Feature","id":125,"geometry":{"type":"Polygon","coordinates":[[[18.11502,59.23384],[18.11694,59.23437],[18.11881,59.23394],[18.11881,59.2331],[18.11689,59.23257],[18.11503,59.233],[18.11502,59.23384]]]},"properties":{"zone":3,"cell_type":"total isolation","proximity":724.5,"opportunity":5940,"population":76}},{"type":"Feature","id":126,"geometry":{"type":"Polygon","coordinates":[[[18.0683,59.25489],[18.0708,59.25559],[18.07329,59.25501],[18.0733,59.25379],[18.0708,59.2531],[18.06831,59.25367],[18.0683,59.25489]]]},"properties":{"zone":3,"cell_type":"total isolation","proximity":1885.6,"opportunity":7518.6,"population":266}},{"type":"Feature","id":127,"geometry":{"type":"Polygon","coordinates":[[[17.91155,59.38678],[17.9142,59.38751],[17.91684,59.38691],[17.91686,59.3856],[17.91421,59.38487],[17.91156,59.38547],[17.91155,59.38678]]]},"properties":{"zone":3,"cell_type":"total isolation","proximity":1226.9,"opportunity":6412.8,"population":359}},{"type":"Feature","id":128,"geometry":{"type":"Polygon","coordinates":[[[18.02177,59.27585],[18.02464,59.27664],[18.02752,59.27598],[18.02753,59.27452],[18.02467,59.27373],[18.02179,59.27439],[18.02177,59.27585]]]},"properties":{"zone":2,"cell_type":"social isolation","proximity":2400.1,"opportunity":9369.5,"population":656}},{"type":"Feature","id":129,"geometry":{"type":"Polygon","coordinates":[[[18.10227,59.26594],[18.10239,59.26598],[18.10239,59.26598],[18.10227,59.26594]]]},"properties":{"zone":3,"cell_type":"total isolation","proximity":2152.6,"opportunity":6391.5,"population":1}},{"type":"Feature","id":130,"geometry":{"type":"Polygon","coordinates":[[[17.91988,59.39358],[17.92275,59.39438],[17.92563,59.39372],[17.92565,59.39226],[17.92278,59.39147],[17.91989,59.39213],[17.91988,59.39358]]]},"properties":{"zone":3,"cell_type":"total isolation","proximity":1047.7,"opportunity":5908.9,"population":637}},{"type":"Feature","id":131,"geometry":{"type":"Polygon","coordinates":[[[18.08797,59.31865],[18.09039,59.31932],[18.09279,59.31876],[18.0928,59.3176],[18.09038,59.31693],[18.08798,59.31749],[18.08797,59.31865]]]},"properties":{"zone":0,"cell_type":"inclusion","proximity":4565,"opportunity":11964.2,"population":222}},{"type":"Feature","id":132,"geometry":{"type":"Polygon","coordinates":[[[18.18656,59.23762],[18.1887,59.2382],[18.19079,59.23772],[18.1908,59.23674],[18.18866,59.23615],[18.18656,59.23664],[18.18656,59.23762]]]},"properties":{"zone":3,"cell_type":"total isolation","proximity":187.9,"opportunity":5076.9,"population":121}},{"type":"Feature","id":133,"geometry":{"type":"Polygon","coordinates":[[[18.13684,59.25357],[18.13696,59.2536],[18.13696,59.2536],[18.13684,59.25357]]]},"properties":{"zone":3,"cell_type":"total isolation","proximity":1061.3,"opportunity":3646,"population":1}},{"type":"Feature","id":134,"geometry":{"type":"Polygon","coordinates":[[[18.08349,59.36167],[18.08434,59.3619],[18.08506,59.36174],[18.08506,59.36161],[18.0842,59.36137],[18.08349,59.36154],[18.08349,59.36167]]]},"properties":{"zone":1,"cell_type":"spatial isolation","proximity":3073.7,"opportunity":7310.5,"population":8}},{"type":"Feature","id":135,"geometry":{"type":"Polygon","coordinates":[[[18.06785,59.28118],[18.07057,59.28193],[18.07329,59.2813],[18.0733,59.27994],[18.07058,59.27919],[18.06786,59.27982],[18.06785,59.28118]]]},"properties":{"zone":0,"cell_type":"inclusion","proximity":3198.4,"opportunity":9756.1,"population":421}},{"type":"Feature","id":136,"geometry":{"type":"Polygon","coordinates":[[[18.00187,59.27752],[18.00452,59.27825],[18.00716,59.27764],[18.00717,59.27633],[18.00453,59.2756],[18.00189,59.27621],[18.00187,59.27752]]]},"properties":{"zone":2,"cell_type":"social isolation","proximity":2249.5,"opportunity":11574.5,"population":358}},{"type":"Feature","id":137,"geometry":{"type":"Polygon","coordinates":[[[17.8947,59.36019],[17.89724,59.36089],[17.89978,59.36031],[17.89979,59.35907],[17.89725,59.35837],[17.89472,59.35895],[17.8947,59.36019]]]},"properties":{"zone":3,"cell_type":"total isolation","proximity":1657.9,"opportunity":5057.7,"population":287}},{"type":"Feature","id":138,"geometry":{"type":"Polygon","coordinates":[[[17.94656,59.35266],[17.94912,59.35337],[17.95167,59.35278],[17.95168,59.35153],[17.94912,59.35082],[17.94657,59.35141],[17.94656,59.35266]]]},"properties":{"zone":3,"cell_type":"total isolation","proximity":1559.1,"opportunity":6109.5,"population":299}},{"type":"Feature","id":139,"geometry":{"type":"Polygon","coordinates":[[[18.01548,59.33249],[18.01835,59.33328],[18.02123,59.33262],[18.02125,59.33116],[18.01838,59.33037],[18.0155,59.33104],[18.01548,59.33249]]]},"properties":{"zone":0,"cell_type":"inclusion","proximity":5115.5,"opportunity":13754.6,"population":1438}},{"type":"Feature","id":140,"geometry":{"type":"Polygon","coordinates":[[[17.96146,59.28539],[17.96421,59.28615],[17.96696,59.28551],[17.96698,59.28413],[17.96423,59.28337],[17.96147,59.284],[17.96146,59.28539]]]},"properties":{"zone":3,"cell_type":"total isolation","proximity":1859.8,"opportunity":9187.1,"population":452}},{"type":"Feature","id":141,"geometry":{"type":"Polygon","coordinates":[[[17.89014,59.26836],[17.89259,59.26904],[17.89503,59.26848],[17.89504,59.26729],[17.89259,59.26661],[17.89015,59.26717],[17.89014,59.26836]]]},"properties":{"zone":3,"cell_type":"total isolation","proximity":441.1,"opportunity":3483.6,"population":238}},{"type":"Feature","id":142,"geometry":{"type":"Polygon","coordinates":[[[17.84525,59.3831],[17.84803,59.38388],[17.85083,59.38324],[17.85084,59.38184],[17.84806,59.38107],[17.84526,59.38171],[17.84525,59.3831]]]},"properties":{"zone":3,"cell_type":"total isolation","proximity":1048.8,"opportunity":5834.7,"population":483}},{"type":"Feature","id":143,"geometry":{"type":"Polygon","coordinates":[[[17.87714,59.37291],[17.87982,59.37366],[17.88251,59.37304],[17.88252,59.37171],[17.87984,59.37097],[17.87716,59.37158],[17.87714,59.37291]]]},"properties":{"zone":3,"cell_type":"total isolation","proximity":1476.6,"opportunity":6453.4,"population":387}},{"type":"Feature","id":144,"geometry":{"type":"Polygon","coordinates":[[[18.10316,59.2468],[18.10535,59.2474],[18.1075,59.2469],[18.1075,59.24589],[18.10532,59.24529],[18.10317,59.24578],[18.10316,59.2468]]]},"properties":{"zone":3,"cell_type":"total isolation","proximity":1449.6,"opportunity":6265.1,"population":135}},{"type":"Feature","id":145,"geometry":{"type":"Polygon","coordinates":[[[18.11654,59.28447],[18.11939,59.28525],[18.12226,59.28459],[18.12227,59.28314],[18.11942,59.28235],[18.11655,59.28302],[18.11654,59.28447]]]},"properties":{"zone":3,"cell_type":"total isolation","proximity":2454.5,"opportunity":8539.8,"population":566}},{"type":"Feature","id":146,"geometry":{"type":"Polygon","coordinates":[[[17.90996,59.32765],[17.91203,59.32822],[17.91405,59.32776],[17.91406,59.32683],[17.91199,59.32626],[17.90997,59.32672],[17.90996,59.32765]]]},"properties":{"zone":3,"cell_type":"total isolation","proximity":1166.6,"opportunity":7328.9,"population":103}},{"type":"Feature","id":147,"geometry":{"type":"Polygon","coordinates":[[[17.86757,59.27641],[17.86953,59.27695],[17.87144,59.27651],[17.87145,59.27565],[17.86949,59.27511],[17.86758,59.27554],[17.86757,59.27641]]]},"properties":{"zone":3,"cell_type":"total isolation","proximity":303.5,"opportunity":438.5,"population":83}},{"type":"Feature","id":148,"geometry":{"type":"Polygon","coordinates":[[[18.06463,59.33566],[18.06723,59.33638],[18.06982,59.33578],[18.06983,59.3345],[18.06723,59.33379],[18.06464,59.33439],[18.06463,59.33566]]]},"properties":{"zone":0,"cell_type":"inclusion","proximity":6925.1,"opportunity":15696.9,"population":324}},{"type":"Feature","id":149,"geometry":{"type":"Polygon","coordinates":[[[18.14454,59.32145],[18.14508,59.32159],[18.14547,59.32151],[18.14492,59.32136],[18.14454,59.32145]]]},"properties":{"zone":3,"cell_type":"total isolation","proximity":1802.5,"opportunity":3655.2,"population":4}},{"type":"Feature","id":150,"geometry":{"type":"Polygon","coordinates":[[[17.83506,59.35638],[17.8369,59.35689],[17.83868,59.35648],[17.83869,59.3557],[17.83685,59.35519],[17.83507,59.3556],[17.83506,59.35638]]]},"properties":{"zone":3,"cell_type":"total isolation","proximity":845.4,"opportunity":4567,"population":64}},{"type":"Feature","id":151,"geometry":{"type":"Polygon","coordinates":[[[18.10496,59.29296],[18.10783,59.29375],[18.11071,59.29308],[18.11072,59.29163],[18.10785,59.29084],[18.10497,59.2915],[18.10496,59.29296]]]},"properties":{"zone":0,"cell_type":"inclusion","proximity":3102.7,"opportunity":11279.4,"population":628}},{"type":"Feature","id":152,"geometry":{"type":"Polygon","coordinates":[[[18.00718,59.29956],[18.01004,59.30035],[18.01292,59.29968],[18.01294,59.29823],[18.01007,59.29744],[18.00719,59.2981],[18.00718,59.29956]]]},"properties":{"zone":0,"cell_type":"inclusion","proximity":3583.2,"opportunity":10676.5,"population":902}},{"type":"Feature","id":153,"geometry":{"type":"Polygon","coordinates":[[[17.93821,59.298],[17.94108,59.2988],[17.94396,59.29813],[17.94397,59.29668],[17.94111,59.29588],[17.93823,59.29655],[17.93821,59.298]]]},"properties":{"zone":3,"cell_type":"total isolation","proximity":1557.9,"opportunity":7350.9,"population":823}},{"type":"Feature","id":154,"geometry":{"type":"Polygon","coordinates":[[[18.01317,59.2909],[18.01588,59.29165],[18.01859,59.29102],[18.0186,59.28967],[18.01589,59.28892],[18.01319,59.28955],[18.01317,59.2909]]]},"properties":{"zone":1,"cell_type":"spatial isolation","proximity":2903.3,"opportunity":7931.6,"population":411}},{"type":"Feature","id":155,"geometry":{"type":"Polygon","coordinates":[[[18.11955,59.26487],[18.12242,59.26566],[18.12529,59.26499],[18.12531,59.26353],[18.12244,59.26274],[18.11956,59.26341],[18.11955,59.26487]]]},"properties":{"zone":3,"cell_type":"total isolation","proximity":1792.5,"opportunity":8553.7,"population":667}},{"type":"Feature","id":156,"geometry":{"type":"Polygon","coordinates":[[[17.89408,59.38644],[17.89692,59.38723],[17.89978,59.38658],[17.8998,59.38514],[17.89695,59.38435],[17.89409,59.38501],[17.89408,59.38644]]]},"properties":{"zone":3,"cell_type":"total isolation","proximity":1192.4,"opportunity":7452.8,"population":550}},{"type":"Feature","id":157,"geometry":{"type":"Polygon","coordinates":[[[17.93149,59.38513],[17.93436,59.38592],[17.93724,59.38526],[17.93726,59.38381],[17.93439,59.38302],[17.9315,59.38368],[17.93149,59.38513]]]},"properties":{"zone":3,"cell_type":"total isolation","proximity":1153.3,"opportunity":6487.3,"population":620}},{"type":"Feature","id":158,"geometry":{"type":"Polygon","coordinates":[[[18.03261,59.34596],[18.03548,59.34675],[18.03837,59.34609],[18.03838,59.34464],[18.03551,59.34384],[18.03263,59.34451],[18.03261,59.34596]]]},"properties":{"zone":0,"cell_type":"inclusion","proximity":5224.7,"opportunity":12939.5,"population":2221}},{"type":"Feature","id":159,"geometry":{"type":"Polygon","coordinates":[[[17.937,59.40705],[17.93987,59.40784],[17.94276,59.40718],[17.94278,59.40573],[17.9399,59.40494],[17.93702,59.4056],[17.937,59.40705]]]},"properties":{"zone":3,"cell_type":"total isolation","proximity":983.2,"opportunity":7526.4,"population":723}},{"type":"Feature","id":160,"geometry":{"type":"Polygon","coordinates":[[[18.10744,59.34323],[18.11031,59.34402],[18.1132,59.34335],[18.11321,59.3419],[18.11034,59.34111],[18.10745,59.34177],[18.10744,59.34323]]]},"properties":{"zone":0,"cell_type":"inclusion","proximity":3498,"opportunity":9931.7,"population":704}},{"type":"Feature","id":161,"geometry":{"type":"Polygon","coordinates":[[[17.88289,59.39476],[17.88532,59.39544],[17.88774,59.39489],[17.88776,59.39372],[17.88532,59.39304],[17.8829,59.3936],[17.88289,59.39476]]]},"properties":{"zone":3,"cell_type":"total isolation","proximity":982.3,"opportunity":5961.3,"population":228}},{"type":"Feature","id":162,"geometry":{"type":"Polygon","coordinates":[[[17.93233,59.33272],[17.93495,59.33345],[17.93758,59.33284],[17.93759,59.33155],[17.93496,59.33082],[17.93234,59.33142],[17.93233,59.33272]]]},"properties":{"zone":3,"cell_type":"total isolation","proximity":1755.6,"opportunity":8293,"population":345}},{"type":"Feature","id":163,"geometry":{"type":"Polygon","coordinates":[[[18.0934,59.30145],[18.09626,59.30224],[18.09914,59.30157],[18.09916,59.30012],[18.09629,59.29933],[18.09341,59.29999],[18.0934,59.30145]]]},"properties":{"zone":0,"cell_type":"inclusion","proximity":3921.2,"opportunity":10419.9,"population":1181}},{"type":"Feature","id":164,"geometry":{"type":"Polygon","coordinates":[[[18.02731,59.29782],[18.03018,59.29861],[18.03306,59.29795],[18.03307,59.29649],[18.03021,59.2957],[18.02733,59.29636],[18.02731,59.29782]]]},"properties":{"zone":0,"cell_type":"inclusion","proximity":3499.7,"opportunity":11351.4,"population":583}},{"type":"Feature","id":165,"geometry":{"type":"Polygon","coordinates":[[[17.90399,59.27537],[17.90685,59.27617],[17.90973,59.2755],[17.90975,59.27405],[17.90689,59.27325],[17.90401,59.27392],[17.90399,59.27537]]]},"properties":{"zone":3,"cell_type":"total isolation","proximity":723.2,"opportunity":6866.7,"population":725}},{"type":"Feature","id":166,"geometry":{"type":"Polygon","coordinates":[[[17.96967,59.3227],[17.97244,59.32347],[17.97522,59.32283],[17.97523,59.32144],[17.97246,59.32067],[17.96968,59.32131],[17.96967,59.3227]]]},"properties":{"zone":3,"cell_type":"total isolation","proximity":2028.6,"opportunity":6903.1,"population":469}},{"type":"Feature","id":167,"geometry":{"type":"Polygon","coordinates":[[[18.0737,59.25948],[18.0765,59.26026],[18.07931,59.25961],[18.07932,59.25819],[18.07652,59.25742],[18.07371,59.25807],[18.0737,59.25948]]]},"properties":{"zone":3,"cell_type":"total isolation","proximity":2176.2,"opportunity":8243.1,"population":505}},{"type":"Feature","id":168,"geometry":{"type":"Polygon","coordinates":[[[18.06721,59.33799],[18.07008,59.33878],[18.07296,59.33812],[18.07297,59.33666],[18.0701,59.33587],[18.06722,59.33654],[18.06721,59.33799]]]},"properties":{"zone":0,"cell_type":"inclusion","proximity":6771.9,"opportunity":14319.6,"population":621}},{"type":"Feature","id":169,"geometry":{"type":"Polygon","coordinates":[[[17.99715,59.31192],[17.99848,59.31229],[17.99971,59.312],[17.99972,59.31155],[17.99838,59.31119],[17.99715,59.31147],[17.99715,59.31192]]]},"properties":{"zone":1,"cell_type":"spatial isolation","proximity":3452.9,"opportunity":9206.7,"population":21}},{"type":"Feature","id":170,"geometry":{"type":"Polygon","coordinates":[[[18.02768,59.32383],[18.02996,59.32446],[18.03221,59.32394],[18.03222,59.32287],[18.02994,59.32224],[18.02769,59.32276],[18.02768,59.32383]]]},"properties":{"zone":0,"cell_type":"inclusion","proximity":5006.2,"opportunity":9616.7,"population":164}},{"type":"Feature","id":171,"geometry":{"type":"Polygon","coordinates":[[[17.87603,59.27448],[17.87817,59.27507],[17.88027,59.27459],[17.88028,59.27361],[17.87814,59.27302],[17.87604,59.2735],[17.87603,59.27448]]]},"properties":{"zone":3,"cell_type":"total isolation","proximity":197.5,"opportunity":2867.3,"population":122}},{"type":"Feature","id":172,"geometry":{"type":"Polygon","coordinates":[[[17.96675,59.33353],[17.96945,59.33427],[17.97216,59.33365],[17.97218,59.3323],[17.96947,59.33156],[17.96676,59.33218],[17.96675,59.33353]]]},"properties":{"zone":2,"cell_type":"social isolation","proximity":2560.3,"opportunity":11256.1,"population":409}},{"type":"Feature","id":173,"geometry":{"type":"Polygon","coordinates":[[[17.90257,59.41491],[17.90523,59.41564],[17.90789,59.41503],[17.9079,59.41372],[17.90525,59.41299],[17.90259,59.41359],[17.90257,59.41491]]]},"properties":{"zone":3,"cell_type":"total isolation","proximity":643,"opportunity":5743,"population":366}},{"type":"Feature","id":174,"geometry":{"type":"Polygon","coordinates":[[[17.97605,59.27911],[17.97865,59.27983],[17.98123,59.27923],[17.98125,59.27795],[17.97865,59.27723],[17.97606,59.27783],[17.97605,59.27911]]]},"properties":{"zone":3,"cell_type":"total isolation","proximity":1858,"opportunity":7234.5,"population":323}},{"type":"Feature","id":175,"geometry":{"type":"Polygon","coordinates":[[[18.11719,59.29299],[18.11936,59.29358],[18.12148,59.29309],[18.12149,59.29209],[18.11932,59.2915],[18.11719,59.29199],[18.11719,59.29299]]]},"properties":{"zone":3,"cell_type":"total isolation","proximity":2533.8,"opportunity":8051.6,"population":129}},{"type":"Feature","id":176,"geometry":{"type":"Polygon","coordinates":[[[17.83106,59.36751],[17.83384,59.36828],[17.83664,59.36764],[17.83666,59.36624],[17.83387,59.36547],[17.83108,59.36611],[17.83106,59.36751]]]},"properties":{"zone":3,"cell_type":"total isolation","proximity":972.1,"opportunity":4950.6,"population":484}},{"type":"Feature","id":177,"geometry":{"type":"Polygon","coordinates":[[[17.965,59.27436],[17.96722,59.27498],[17.9694,59.27447],[17.96941,59.27344],[17.96719,59.27283],[17.96501,59.27333],[17.965,59.27436]]]},"properties":{"zone":3,"cell_type":"total isolation","proximity":1434.7,"opportunity":5758.8,"population":144}},{"type":"Feature","id":178,"geometry":{"type":"Polygon","coordinates":[[[18.06454,59.31392],[18.06741,59.31471],[18.07029,59.31405],[18.0703,59.31259],[18.06743,59.3118],[18.06455,59.31247],[18.06454,59.31392]]]},"properties":{"zone":0,"cell_type":"inclusion","proximity":5955.5,"opportunity":14289.3,"population":1715}},{"type":"Feature","id":179,"geometry":{"type":"Polygon","coordinates":[[[18.13993,59.26739],[18.14252,59.26811],[18.1451,59.26751],[18.14511,59.26623],[18.14252,59.26552],[18.13994,59.26612],[18.13993,59.26739]]]},"properties":{"zone":3,"cell_type":"total isolation","proximity":1324.3,"opportunity":7984.1,"population":321}},{"type":"Feature","id":180,"geometry":{"type":"Polygon","coordinates":[[[18.016,59.31928],[18.01849,59.31996],[18.02097,59.31939],[18.02098,59.31819],[18.01849,59.3175],[18.01601,59.31807],[18.016,59.31928]]]},"properties":{"zone":0,"cell_type":"inclusion","proximity":3800.6,"opportunity":10533.3,"population":256}},{"type":"Feature","id":181,"geometry":{"type":"Polygon","coordinates":[[[17.84836,59.3679],[17.8511,59.36866],[17.85386,59.36803],[17.85387,59.36666],[17.85113,59.3659],[17.84838,59.36653],[17.84836,59.3679]]]},"properties":{"zone":3,"cell_type":"total isolation","proximity":1248.6,"opportunity":6303.6,"population":443}},{"type":"Feature","id":182,"geometry":{"type":"Polygon","coordinates":[[[18.10127,59.27042],[18.10233,59.27071],[18.10326,59.27049],[18.10327,59.27023],[18.10221,59.26994],[18.10127,59.27015],[18.10127,59.27042]]]},"properties":{"zone":3,"cell_type":"total isolation","proximity":2350.5,"opportunity":4607.5,"population":12}},{"type":"Feature","id":183,"geometry":{"type":"Polygon","coordinates":[[[18.07713,59.24848],[18.07948,59.24913],[18.08181,59.24859],[18.08182,59.24747],[18.07946,59.24682],[18.07713,59.24736],[18.07713,59.24848]]]},"properties":{"zone":3,"cell_type":"total isolation","proximity":1620.3,"opportunity":5600.7,"population":193}},{"type":"Feature","id":184,"geometry":{"type":"Polygon","coordinates":[[[18.10818,59.26022],[18.11096,59.26099],[18.11375,59.26034],[18.11376,59.25894],[18.11098,59.25817],[18.10819,59.25882],[18.10818,59.26022]]]},"properties":{"zone":3,"cell_type":"total isolation","proximity":1894.1,"opportunity":8849.3,"population":485}},{"type":"Feature","id":185,"geometry":{"type":"Polygon","coordinates":[[[18.03004,59.31317],[18.03291,59.31396],[18.03579,59.31329],[18.03581,59.31184],[18.03294,59.31105],[18.03006,59.31171],[18.03004,59.31317]]]},"properties":{"zone":0,"cell_type":"inclusion","proximity":4979.2,"opportunity":12625.3,"population":651}},{"type":"Feature","id":186,"geometry":{"type":"Polygon","coordinates":[[[18.1084,59.25579],[18.11101,59.25651],[18.1136,59.25591],[18.11361,59.25463],[18.11101,59.25391],[18.10841,59.25451],[18.1084,59.25579]]]},"properties":{"zone":3,"cell_type":"total isolation","proximity":1676.5,"opportunity":6954.3,"population":328}},{"type":"Feature","id":187,"geometry":{"type":"Polygon","coordinates":[[[17.89397,59.39516],[17.89682,59.39595],[17.89968,59.39529],[17.8997,59.39385],[17.89685,59.39307],[17.89398,59.39372],[17.89397,59.39516]]]},"properties":{"zone":3,"cell_type":"total isolation","proximity":1048.6,"opportunity":7109.3,"population":556}},{"type":"Feature","id":188,"geometry":{"type":"Polygon","coordinates":[[[18.19191,59.24222],[18.1944,59.24291],[18.19688,59.24233],[18.19688,59.24112],[18.19439,59.24043],[18.19191,59.24101],[18.19191,59.24222]]]},"properties":{"zone":3,"cell_type":"total isolation","proximity":200.5,"opportunity":4881,"population":259}},{"type":"Feature","id":189,"geometry":{"type":"Polygon","coordinates":[[[17.93227,59.33708],[17.9349,59.33781],[17.93754,59.33721],[17.93755,59.33591],[17.93492,59.33518],[17.93228,59.33578],[17.93227,59.33708]]]},"properties":{"zone":2,"cell_type":"social isolation","proximity":1846.6,"opportunity":10034.3,"population":350}},{"type":"Feature","id":190,"geometry":{"type":"Polygon","coordinates":[[[18.00472,59.26234],[18.00753,59.26312],[18.01035,59.26247],[18.01037,59.26105],[18.00756,59.26027],[18.00474,59.26092],[18.00472,59.26234]]]},"properties":{"zone":3,"cell_type":"total isolation","proximity":1505.8,"opportunity":7165.1,"population":514}},{"type":"Feature","id":191,"geometry":{"type":"Polygon","coordinates":[[[17.93246,59.35877],[17.93468,59.35938],[17.93686,59.35888],[17.93687,59.35785],[17.93465,59.35724],[17.93247,59.35774],[17.93246,59.35877]]]},"properties":{"zone":3,"cell_type":"total isolation","proximity":1434.4,"opportunity":4677.6,"population":143}},{"type":"Feature","id":192,"geometry":{"type":"Polygon","coordinates":[[[17.9176,59.36945],[17.92016,59.37015],[17.92271,59.36957],[17.92272,59.36832],[17.92016,59.36761],[17.91761,59.3682],[17.9176,59.36945]]]},"properties":{"zone":3,"cell_type":"total isolation","proximity":1481.1,"opportunity":4874,"population":297}},{"type":"Feature","id":193,"geometry":{"type":"Polygon","coordinates":[[[17.85404,59.38109],[17.8567,59.38182],[17.85935,59.38121],[17.85937,59.3799],[17.85671,59.37917],[17.85406,59.37977],[17.85404,59.38109]]]},"properties":{"zone":3,"cell_type":"total isolation","proximity":1102.6,"opportunity":4322.6,"population":364}},{"type":"Feature","id":194,"geometry":{"type":"Polygon","coordinates":[[[18.07662,59.27479],[18.07925,59.27552],[18.08188,59.27491],[18.08189,59.2736],[18.07925,59.27288],[18.07663,59.27349],[18.07662,59.27479]]]},"properties":{"zone":1,"cell_type":"spatial isolation","proximity":2908.4,"opportunity":8557.9,"population":350}},{"type":"Feature","id":195,"geometry":{"type":"Polygon","coordinates":[[[17.97827,59.33813],[17.98091,59.33886],[17.98356,59.33825],[17.98357,59.33695],[17.98092,59.33621],[17.97828,59.33682],[17.97827,59.33813]]]},"properties":{"zone":2,"cell_type":"social isolation","proximity":2717.6,"opportunity":10301.8,"population":359}},{"type":"Feature","id":196,"geometry":{"type":"Polygon","coordinates":[[[18.01047,59.27118],[18.0132,59.27194],[18.01593,59.27131],[18.01594,59.26994],[18.01321,59.26919],[18.01048,59.26982],[18.01047,59.27118]]]},"properties":{"zone":3,"cell_type":"total isolation","proximity":1536.3,"opportunity":7086.2,"population":431}},{"type":"Feature","id":197,"geometry":{"type":"Polygon","coordinates":[[[17.80484,59.39087],[17.80763,59.39164],[17.81043,59.391],[17.81045,59.3896],[17.80766,59.38883],[17.80486,59.38947],[17.80484,59.39087]]]},"properties":{"zone":3,"cell_type":"total isolation","proximity":576,"opportunity":3237.2,"population":486}},{"type":"Feature","id":198,"geometry":{"type":"Polygon","coordinates":[[[18.11213,59.31879],[18.11344,59.31915],[18.11464,59.31887],[18.11464,59.31844],[18.11334,59.31809],[18.11213,59.31836],[18.11213,59.31879]]]},"properties":{"zone":3,"cell_type":"total isolation","proximity":2753,"opportunity":6428.7,"population":20}},{"type":"Feature","id":199,"geometry":{"type":"Polygon","coordinates":[[[17.88324,59.3686],[17.88564,59.36926],[17.88802,59.36872],[17.88803,59.36757],[17.88563,59.36691],[17.88326,59.36746],[17.88324,59.3686]]]},"properties":{"zone":3,"cell_type":"total isolation","proximity":1560.1,"opportunity":5911.7,"population":209}},{"type":"Feature","id":200,"geometry":{"type":"Polygon","coordinates":[[[17.95204,59.35722],[17.95481,59.35799],[17.9576,59.35735],[17.95761,59.35595],[17.95484,59.35519],[17.95205,59.35583],[17.95204,59.35722]]]},"properties":{"zone":3,"cell_type":"total isolation","proximity":1721.6,"opportunity":7198.3,"population":475}},{"type":"Feature","id":201,"geometry":{"type":"Polygon","coordinates":[[[18.07376,59.26382],[18.07646,59.26457],[18.07917,59.26394],[18.07918,59.26259],[18.07648,59.26185],[18.07377,59.26247],[18.07376,59.26382]]]},"properties":{"zone":3,"cell_type":"total isolation","proximity":2236.9,"opportunity":7740.4,"population":406}},{"type":"Feature","id":202,"geometry":{"type":"Polygon","coordinates":[[[17.96727,59.28985],[17.96991,59.29058],[17.97255,59.28997],[17.97257,59.28866],[17.96992,59.28793],[17.96728,59.28854],[17.96727,59.28985]]]},"properties":{"zone":3,"cell_type":"total isolation","proximity":2148.6,"opportunity":7933.4,"population":359}},{"type":"Feature","id":203,"geometry":{"type":"Polygon","coordinates":[[[18.11613,59.32084],[18.11633,59.32089],[18.11636,59.32089],[18.11616,59.32083],[18.11613,59.32084]]]},"properties":{"zone":1,"cell_type":"spatial isolation","proximity":2964.7,"opportunity":6742.2,"population":3}},{"type":"Feature","id":204,"geometry":{"type":"Polygon","coordinates":[[[17.9815,59.34026],[17.98378,59.34089],[17.98603,59.34037],[17.98604,59.33931],[17.98376,59.33868],[17.98151,59.33919],[17.9815,59.34026]]]},"properties":{"zone":3,"cell_type":"total isolation","proximity":2486.8,"opportunity":9077.8,"population":163}},{"type":"Feature","id":205,"geometry":{"type":"Polygon","coordinates":[[[17.97869,59.29013],[17.9814,59.29088],[17.98411,59.29025],[17.98412,59.2889],[17.98142,59.28815],[17.97871,59.28878],[17.97869,59.29013]]]},"properties":{"zone":3,"cell_type":"total isolation","proximity":2414.9,"opportunity":7919.8,"population":411}},{"type":"Feature","id":206,"geometry":{"type":"Polygon","coordinates":[[[18.08521,59.26408],[18.08795,59.26484],[18.0907,59.26421],[18.09071,59.26283],[18.08797,59.26208],[18.08522,59.26271],[18.08521,59.26408]]]},"properties":{"zone":3,"cell_type":"total isolation","proximity":2318.4,"opportunity":7833.8,"population":441}},{"type":"Feature","id":207,"geometry":{"type":"Polygon","coordinates":[[[17.8541,59.37673],[17.85675,59.37746],[17.85941,59.37686],[17.85942,59.37554],[17.85677,59.37481],[17.85411,59.37541],[17.8541,59.37673]]]},"properties":{"zone":3,"cell_type":"total isolation","proximity":1243.4,"opportunity":4660.1,"population":366}},{"type":"Feature","id":208,"geometry":{"type":"Polygon","coordinates":[[[17.93287,59.3543],[17.93474,59.35481],[17.93655,59.3544],[17.93656,59.3536],[17.93469,59.35308],[17.93288,59.3535],[17.93287,59.3543]]]},"properties":{"zone":3,"cell_type":"total isolation","proximity":1338.5,"opportunity":4910.3,"population":68}},{"type":"Feature","id":209,"geometry":{"type":"Polygon","coordinates":[[[18.03913,59.26312],[18.04199,59.26391],[18.04487,59.26325],[18.04488,59.26179],[18.04202,59.261],[18.03914,59.26166],[18.03913,59.26312]]]},"properties":{"zone":2,"cell_type":"social isolation","proximity":2154.6,"opportunity":9421.8,"population":836}},{"type":"Feature","id":210,"geometry":{"type":"Polygon","coordinates":[[[18.1088,59.25131],[18.11105,59.25194],[18.11327,59.25142],[18.11328,59.25036],[18.11103,59.24974],[18.10881,59.25026],[18.1088,59.25131]]]},"properties":{"zone":3,"cell_type":"total isolation","proximity":1421.2,"opportunity":6100.6,"population":156}},{"type":"Feature","id":211,"geometry":{"type":"Polygon","coordinates":[[[18.14341,59.26945],[18.1454,59.27],[18.14734,59.26955],[18.14735,59.26867],[18.14535,59.26812],[18.14341,59.26857],[18.14341,59.26945]]]},"properties":{"zone":3,"cell_type":"total isolation","proximity":1281.7,"opportunity":7704.3,"population":89}},{"type":"Feature","id":212,"geometry":{"type":"Polygon","coordinates":[[[17.97609,59.27474],[17.97869,59.27546],[17.98128,59.27486],[17.9813,59.27358],[17.9787,59.27286],[17.9761,59.27346],[17.97609,59.27474]]]},"properties":{"zone":3,"cell_type":"total isolation","proximity":1708.4,"opportunity":7298,"population":327}},{"type":"Feature","id":213,"geometry":{"type":"Polygon","coordinates":[[[17.87673,59.26991],[17.87825,59.27034],[17.87968,59.27001],[17.87968,59.26944],[17.87817,59.26902],[17.87674,59.26935],[17.87673,59.26991]]]},"properties":{"zone":3,"cell_type":"total isolation","proximity":216.6,"opportunity":426.2,"population":32}},{"type":"Feature","id":214,"geometry":{"type":"Polygon","coordinates":[[[18.07007,59.34024],[18.07294,59.34103],[18.07582,59.34036],[18.07583,59.33891],[18.07296,59.33812],[18.07008,59.33878],[18.07007,59.34024]]]},"properties":{"zone":0,"cell_type":"inclusion","proximity":6274,"opportunity":12841.4,"population":577}},{"type":"Feature","id":215,"geometry":{"type":"Polygon","coordinates":[[[17.93434,59.38738],[17.93721,59.38817],[17.9401,59.38751],[17.94011,59.38605],[17.93724,59.38526],[17.93436,59.38592],[17.93434,59.38738]]]},"properties":{"zone":3,"cell_type":"total isolation","proximity":1091,"opportunity":6374.8,"population":678}},{"type":"Feature","id":216,"geometry":{"type":"Polygon","coordinates":[[[18.12246,59.2671],[18.12527,59.26787],[18.12809,59.26722],[18.1281,59.2658],[18.12529,59.26502],[18.12247,59.26568],[18.12246,59.2671]]]},"properties":{"zone":3,"cell_type":"total isolation","proximity":1756.1,"opportunity":8784.6,"population":514}},{"type":"Feature","id":217,"geometry":{"type":"Polygon","coordinates":[[[18.01606,59.29314],[18.01873,59.29387],[18.02141,59.29326],[18.02142,59.29193],[18.01875,59.29119],[18.01607,59.29181],[18.01606,59.29314]]]},"properties":{"zone":1,"cell_type":"spatial isolation","proximity":3024.1,"opportunity":8188.5,"population":382}},{"type":"Feature","id":218,"geometry":{"type":"Polygon","coordinates":[[[17.952,59.36158],[17.95477,59.36234],[17.95754,59.3617],[17.95755,59.36032],[17.95479,59.35956],[17.95202,59.36019],[17.952,59.36158]]]},"properties":{"zone":3,"cell_type":"total isolation","proximity":1714,"opportunity":6229.3,"population":462}},{"type":"Feature","id":219,"geometry":{"type":"Polygon","coordinates":[[[18.01834,59.33474],[18.02121,59.33553],[18.02409,59.33486],[18.0241,59.33341],[18.02123,59.33262],[18.01835,59.33328],[18.01834,59.33474]]]},"properties":{"zone":0,"cell_type":"inclusion","proximity":4820.2,"opportunity":11862.4,"population":1004}},{"type":"Feature","id":220,"geometry":{"type":"Polygon","coordinates":[[[18.15813,59.25438],[18.15988,59.25486],[18.16156,59.25447],[18.16156,59.25375],[18.15981,59.25327],[18.15814,59.25366],[18.15813,59.25438]]]},"properties":{"zone":3,"cell_type":"total isolation","proximity":570.7,"opportunity":5208.7,"population":52}},{"type":"Feature","id":221,"geometry":{"type":"Polygon","coordinates":[[[17.92458,59.39527],[17.92568,59.39558],[17.92665,59.39535],[17.92666,59.39506],[17.92556,59.39476],[17.92458,59.39498],[17.92458,59.39527]]]},"properties":{"zone":3,"cell_type":"total isolation","proximity":1063.5,"opportunity":4556.7,"population":13}},{"type":"Feature","id":222,"geometry":{"type":"Polygon","coordinates":[[[18.02473,59.27807],[18.02749,59.27883],[18.03026,59.27819],[18.03028,59.2768],[18.02751,59.27604],[18.02474,59.27668],[18.02473,59.27807]]]},"properties":{"zone":3,"cell_type":"total isolation","proximity":2508.2,"opportunity":8073.7,"population":463}},{"type":"Feature","id":223,"geometry":{"type":"Polygon","coordinates":[[[17.87025,59.34829],[17.87155,59.34865],[17.87273,59.34838],[17.87274,59.34796],[17.87144,59.3476],[17.87026,59.34787],[17.87025,59.34829]]]},"properties":{"zone":3,"cell_type":"total isolation","proximity":1228,"opportunity":6202.5,"population":20}},{"type":"Feature","id":224,"geometry":{"type":"Polygon","coordinates":[[[18.07913,59.29021],[18.08198,59.291],[18.08485,59.29034],[18.08487,59.28889],[18.08201,59.2881],[18.07914,59.28876],[18.07913,59.29021]]]},"properties":{"zone":0,"cell_type":"inclusion","proximity":3759.3,"opportunity":9883.1,"population":567}},{"type":"Feature","id":225,"geometry":{"type":"Polygon","coordinates":[[[18.0331,59.30229],[18.03589,59.30306],[18.03869,59.30241],[18.0387,59.30101],[18.03591,59.30024],[18.03311,59.30088],[18.0331,59.30229]]]},"properties":{"zone":0,"cell_type":"inclusion","proximity":4112.7,"opportunity":12615.5,"population":489}},{"type":"Feature","id":226,"geometry":{"type":"Polygon","coordinates":[[[17.91834,59.33445],[17.92057,59.33506],[17.92277,59.33456],[17.92278,59.33352],[17.92055,59.33291],[17.91835,59.33341],[17.91834,59.33445]]]},"properties":{"zone":3,"cell_type":"total isolation","proximity":1470.8,"opportunity":7277.5,"population":147}},{"type":"Feature","id":227,"geometry":{"type":"Polygon","coordinates":[[[17.95811,59.33116],[17.96085,59.33192],[17.96359,59.33129],[17.96361,59.32992],[17.96087,59.32916],[17.95812,59.32979],[17.95811,59.33116]]]},"properties":{"zone":3,"cell_type":"total isolation","proximity":2220.1,"opportunity":8473.7,"population":440}},{"type":"Feature","id":228,"geometry":{"type":"Polygon","coordinates":[[[18.13108,59.34353],[18.13335,59.34416],[18.13559,59.34364],[18.1356,59.34258],[18.13333,59.34195],[18.13108,59.34247],[18.13108,59.34353]]]},"properties":{"zone":3,"cell_type":"total isolation","proximity":2056.5,"opportunity":7.3,"population":161}},{"type":"Feature","id":229,"geometry":{"type":"Polygon","coordinates":[[[17.93273,59.32825],[17.93502,59.32888],[17.93727,59.32836],[17.93728,59.32729],[17.935,59.32666],[17.93275,59.32718],[17.93273,59.32825]]]},"properties":{"zone":3,"cell_type":"total isolation","proximity":1623,"opportunity":6433.4,"population":164}},{"type":"Feature","id":230,"geometry":{"type":"Polygon","coordinates":[[[17.78867,59.38579],[17.79047,59.38629],[17.7922,59.38589],[17.79221,59.38514],[17.79042,59.38465],[17.78869,59.38504],[17.78867,59.38579]]]},"properties":{"zone":3,"cell_type":"total isolation","proximity":319.9,"opportunity":3208.6,"population":58}},{"type":"Feature","id":231,"geometry":{"type":"Polygon","coordinates":[[[18.03278,59.32851],[18.03565,59.3293],[18.03853,59.32863],[18.03854,59.32718],[18.03567,59.32639],[18.03279,59.32705],[18.03278,59.32851]]]},"properties":{"zone":0,"cell_type":"inclusion","proximity":5569.4,"opportunity":11886.2,"population":856}},{"type":"Feature","id":232,"geometry":{"type":"Polygon","coordinates":[[[18.01036,59.27557],[18.01315,59.27634],[18.01595,59.2757],[18.01596,59.27429],[18.01317,59.27352],[18.01038,59.27417],[18.01036,59.27557]]]},"properties":{"zone":2,"cell_type":"social isolation","proximity":1997.8,"opportunity":9541.2,"population":488}},{"type":"Feature","id":233,"geometry":{"type":"Polygon","coordinates":[[[18.07713,59.27899],[18.07923,59.27957],[18.08129,59.2791],[18.0813,59.27814],[18.0792,59.27756],[18.07714,59.27804],[18.07713,59.27899]]]},"properties":{"zone":0,"cell_type":"inclusion","proximity":3053,"opportunity":9357.1,"population":112}},{"type":"Feature","id":234,"geometry":{"type":"Polygon","coordinates":[[[18.06916,59.36351],[18.06994,59.36372],[18.07057,59.36358],[18.07057,59.3635],[18.06979,59.36329],[18.06917,59.36343],[18.06916,59.36351]]]},"properties":{"zone":1,"cell_type":"spatial isolation","proximity":2889.6,"opportunity":7472.2,"population":6}},{"type":"Feature","id":235,"geometry":{"type":"Polygon","coordinates":[[[17.92913,59.3697],[17.93167,59.3704],[17.93419,59.36982],[17.9342,59.36859],[17.93167,59.36789],[17.92914,59.36847],[17.92913,59.3697]]]},"properties":{"zone":3,"cell_type":"total isolation","proximity":1380,"opportunity":4224.4,"population":282}},{"type":"Feature","id":236,"geometry":{"type":"Polygon","coordinates":[[[17.90854,59.41932],[17.91095,59.41998],[17.91334,59.41944],[17.91335,59.41829],[17.91094,59.41762],[17.90855,59.41817],[17.90854,59.41932]]]},"properties":{"zone":3,"cell_type":"total isolation","proximity":607.9,"opportunity":5660.1,"population":215}},{"type":"Feature","id":237,"geometry":{"type":"Polygon","coordinates":[[[18.12661,59.28639],[18.12806,59.28678],[18.1294,59.28647],[18.12941,59.28595],[18.12796,59.28556],[18.12662,59.28587],[18.12661,59.28639]]]},"properties":{"zone":3,"cell_type":"total isolation","proximity":2056.1,"opportunity":7772.8,"population":27}},{"type":"Feature","id":238,"geometry":{"type":"Polygon","coordinates":[[[17.91266,59.28644],[17.91535,59.28718],[17.91804,59.28656],[17.91806,59.28522],[17.91537,59.28448],[17.91268,59.2851],[17.91266,59.28644]]]},"properties":{"zone":3,"cell_type":"total isolation","proximity":1030.4,"opportunity":6985.5,"population":397}},{"type":"Feature","id":239,"geometry":{"type":"Polygon","coordinates":[[[18.07322,59.30756],[18.07609,59.30835],[18.07897,59.30769],[18.07898,59.30623],[18.07611,59.30544],[18.07323,59.30611],[18.07322,59.30756]]]},"properties":{"zone":0,"cell_type":"inclusion","proximity":5418.4,"opportunity":15521.2,"population":2515}},{"type":"Feature","id":240,"geometry":{"type":"Polygon","coordinates":[[[18.00217,59.26],[18.00469,59.2607],[18.0072,59.26012],[18.00722,59.25889],[18.00469,59.25819],[18.00218,59.25877],[18.00217,59.26]]]},"properties":{"zone":3,"cell_type":"total isolation","proximity":1188.3,"opportunity":6450,"population":277}},{"type":"Feature","id":241,"geometry":{"type":"Polygon","coordinates":[[[17.98156,59.32284],[17.98395,59.3235],[17.98632,59.32296],[17.98634,59.32181],[17.98394,59.32115],[17.98157,59.3217],[17.98156,59.32284]]]},"properties":{"zone":3,"cell_type":"total isolation","proximity":2833.7,"opportunity":8987.6,"population":208}},{"type":"Feature","id":242,"geometry":{"type":"Polygon","coordinates":[[[18.04401,59.25168],[18.04504,59.25196],[18.04594,59.25175],[18.04594,59.2515],[18.04491,59.25122],[18.04401,59.25143],[18.04401,59.25168]]]},"properties":{"zone":3,"cell_type":"total isolation","proximity":1464.8,"opportunity":5178.4,"population":11}},{"type":"Feature","id":243,"geometry":{"type":"Polygon","coordinates":[[[17.93508,59.39584],[17.93715,59.39641],[17.93917,59.39595],[17.93918,59.39502],[17.93711,59.39445],[17.93509,59.39492],[17.93508,59.39584]]]},"properties":{"zone":3,"cell_type":"total isolation","proximity":1016.3,"opportunity":4540.3,"population":103}},{"type":"Feature","id":244,"geometry":{"type":"Polygon","coordinates":[[[18.01579,59.30193],[18.01864,59.30272],[18.02151,59.30205],[18.02153,59.30061],[18.01867,59.29982],[18.0158,59.30048],[18.01579,59.30193]]]},"properties":{"zone":0,"cell_type":"inclusion","proximity":3993.5,"opportunity":11257.2,"population":565}},{"type":"Feature","id":245,"geometry":{"type":"Polygon","coordinates":[[[18.08164,59.33176],[18.08451,59.33255],[18.0874,59.33188],[18.08741,59.33043],[18.08454,59.32964],[18.08166,59.3303],[18.08164,59.33176]]]},"properties":{"zone":0,"cell_type":"inclusion","proximity":5880.4,"opportunity":12264.3,"population":594}},{"type":"Feature","id":246,"geometry":{"type":"Polygon","coordinates":[[[17.94403,59.33727],[17.94642,59.33793],[17.94878,59.33738],[17.94879,59.33625],[17.94641,59.33559],[17.94405,59.33613],[17.94403,59.33727]]]},"properties":{"zone":2,"cell_type":"social isolation","proximity":2062.2,"opportunity":9795.5,"population":204}},{"type":"Feature","id":247,"geometry":{"type":"Polygon","coordinates":[[[17.90266,59.38883],[17.90553,59.38962],[17.90841,59.38896],[17.90843,59.38751],[17.90556,59.38672],[17.90268,59.38738],[17.90266,59.38883]]]},"properties":{"zone":3,"cell_type":"total isolation","proximity":1255.3,"opportunity":6795.5,"population":587}},{"type":"Feature","id":248,"geometry":{"type":"Polygon","coordinates":[[[17.88051,59.34894],[17.883,59.34962],[17.88547,59.34906],[17.88549,59.34785],[17.883,59.34716],[17.88052,59.34773],[17.88051,59.34894]]]},"properties":{"zone":3,"cell_type":"total isolation","proximity":1425.5,"opportunity":8879.1,"population":257}},{"type":"Feature","id":249,"geometry":{"type":"Polygon","coordinates":[[[17.94093,59.33075],[17.9436,59.33148],[17.94627,59.33087],[17.94628,59.32955],[17.94361,59.32881],[17.94095,59.32942],[17.94093,59.33075]]]},"properties":{"zone":3,"cell_type":"total isolation","proximity":1875.9,"opportunity":8261.8,"population":377}},{"type":"Feature","id":250,"geometry":{"type":"Polygon","coordinates":[[[17.92714,59.36285],[17.9289,59.36334],[17.93058,59.36295],[17.93059,59.36223],[17.92883,59.36174],[17.92714,59.36213],[17.92714,59.36285]]]},"properties":{"zone":3,"cell_type":"total isolation","proximity":1557.7,"opportunity":4469.4,"population":53}},{"type":"Feature","id":251,"geometry":{"type":"Polygon","coordinates":[[[17.89394,59.39951],[17.89677,59.40029],[17.89961,59.39964],[17.89962,59.39822],[17.8968,59.39744],[17.89396,59.39809],[17.89394,59.39951]]]},"properties":{"zone":3,"cell_type":"total isolation","proximity":878.9,"opportunity":5926.9,"population":526}},{"type":"Feature","id":252,"geometry":{"type":"Polygon","coordinates":[[[18.04187,59.27847],[18.04473,59.27926],[18.04759,59.2786],[18.04761,59.27715],[18.04475,59.27636],[18.04189,59.27703],[18.04187,59.27847]]]},"properties":{"zone":2,"cell_type":"social isolation","proximity":2847.1,"opportunity":9469.7,"population":564}},{"type":"Feature","id":253,"geometry":{"type":"Polygon","coordinates":[[[18.09911,59.30594],[18.10198,59.30673],[18.10486,59.30606],[18.10487,59.30461],[18.102,59.30382],[18.09912,59.30448],[18.09911,59.30594]]]},"properties":{"zone":1,"cell_type":"spatial isolation","proximity":3293.2,"opportunity":8481.8,"population":599}},{"type":"Feature","id":254,"geometry":{"type":"Polygon","coordinates":[[[17.88876,59.37315],[17.89133,59.37386],[17.8939,59.37327],[17.89391,59.37201],[17.89134,59.3713],[17.88878,59.37189],[17.88876,59.37315]]]},"properties":{"zone":3,"cell_type":"total isolation","proximity":1491.7,"opportunity":6303.6,"population":306}},{"type":"Feature","id":255,"geometry":{"type":"Polygon","coordinates":[[[17.90801,59.42091],[17.90813,59.42094],[17.90813,59.42094],[17.90801,59.42091]]]},"properties":{"zone":3,"cell_type":"total isolation","proximity":439.8,"opportunity":3647.4,"population":3}},{"type":"Feature","id":256,"geometry":{"type":"Polygon","coordinates":[[[18.09321,59.32036],[18.09333,59.32039],[18.09333,59.32039],[18.09321,59.32036]]]},"properties":{"zone":1,"cell_type":"spatial isolation","proximity":3884.2,"opportunity":8767.2,"population":0}},{"type":"Feature","id":257,"geometry":{"type":"Polygon","coordinates":[[[18.08233,59.25749],[18.08513,59.25826],[18.08794,59.25761],[18.08796,59.25619],[18.08515,59.25542],[18.08234,59.25607],[18.08233,59.25749]]]},"properties":{"zone":3,"cell_type":"total isolation","proximity":2197.7,"opportunity":8705.7,"population":508}},{"type":"Feature","id":258,"geometry":{"type":"Polygon","coordinates":[[[17.95566,59.29833],[17.95833,59.29907],[17.96099,59.29846],[17.96101,59.29713],[17.95834,59.29639],[17.95567,59.29701],[17.95566,59.29833]]]},"properties":{"zone":3,"cell_type":"total isolation","proximity":1992.2,"opportunity":9316.7,"population":378}},{"type":"Feature","id":259,"geometry":{"type":"Polygon","coordinates":[[[17.81929,59.38034],[17.82216,59.38113],[17.82505,59.38048],[17.82507,59.37902],[17.8222,59.37823],[17.81931,59.37889],[17.81929,59.38034]]]},"properties":{"zone":3,"cell_type":"total isolation","proximity":885,"opportunity":4031,"population":681}},{"type":"Feature","id":260,"geometry":{"type":"Polygon","coordinates":[[[17.91817,59.34319],[17.92047,59.34383],[17.92273,59.34331],[17.92275,59.34223],[17.92045,59.3416],[17.91818,59.34212],[17.91817,59.34319]]]},"properties":{"zone":3,"cell_type":"total isolation","proximity":1754.4,"opportunity":7745.6,"population":169}},{"type":"Feature","id":261,"geometry":{"type":"Polygon","coordinates":[[[18.04504,59.26755],[18.04771,59.26829],[18.05036,59.26767],[18.05038,59.26635],[18.04772,59.26562],[18.04506,59.26623],[18.04504,59.26755]]]},"properties":{"zone":3,"cell_type":"total isolation","proximity":2393.2,"opportunity":9180.9,"population":373}},{"type":"Feature","id":262,"geometry":{"type":"Polygon","coordinates":[[[18.09095,59.28165],[18.09356,59.28237],[18.09616,59.28176],[18.09617,59.28048],[18.09356,59.27976],[18.09096,59.28036],[18.09095,59.28165]]]},"properties":{"zone":0,"cell_type":"inclusion","proximity":3168.1,"opportunity":10781.7,"population":333}},{"type":"Feature","id":263,"geometry":{"type":"Polygon","coordinates":[[[18.15227,59.26302],[18.15407,59.26352],[18.15581,59.26311],[18.15582,59.26235],[18.15401,59.26186],[18.15227,59.26226],[18.15227,59.26302]]]},"properties":{"zone":3,"cell_type":"total isolation","proximity":746.2,"opportunity":5182.1,"population":59}},{"type":"Feature","id":264,"geometry":{"type":"Polygon","coordinates":[[[17.91273,59.29077],[17.91531,59.29148],[17.91787,59.29089],[17.91789,59.28963],[17.91531,59.28891],[17.91275,59.2895],[17.91273,59.29077]]]},"properties":{"zone":3,"cell_type":"total isolation","proximity":1066.3,"opportunity":6503,"population":309}},{"type":"Feature","id":265,"geometry":{"type":"Polygon","coordinates":[[[17.98518,59.26826],[17.98739,59.26887],[17.98957,59.26837],[17.98958,59.26734],[17.98736,59.26673],[17.98519,59.26723],[17.98518,59.26826]]]},"properties":{"zone":3,"cell_type":"total isolation","proximity":1399.2,"opportunity":5120.9,"population":142}},{"type":"Feature","id":266,"geometry":{"type":"Polygon","coordinates":[[[18.05848,59.34871],[18.06135,59.3495],[18.06424,59.34884],[18.06425,59.34738],[18.06138,59.34659],[18.0585,59.34726],[18.05848,59.34871]]]},"properties":{"zone":0,"cell_type":"inclusion","proximity":5794.8,"opportunity":12555.9,"population":590}},{"type":"Feature","id":267,"geometry":{"type":"Polygon","coordinates":[[[17.85703,59.36592],[17.85976,59.36668],[17.8625,59.36605],[17.86252,59.36468],[17.85979,59.36393],[17.85704,59.36455],[17.85703,59.36592]]]},"properties":{"zone":3,"cell_type":"total isolation","proximity":1410,"opportunity":6399.3,"population":435}},{"type":"Feature","id":268,"geometry":{"type":"Polygon","coordinates":[[[18.12844,59.27151],[18.131,59.27221],[18.13355,59.27162],[18.13356,59.27037],[18.131,59.26966],[18.12845,59.27025],[18.12844,59.27151]]]},"properties":{"zone":3,"cell_type":"total isolation","proximity":1713.4,"opportunity":8047.6,"population":299}},{"type":"Feature","id":269,"geometry":{"type":"Polygon","coordinates":[[[18.07464,59.24611],[18.07664,59.24667],[18.07858,59.24622],[18.07859,59.24533],[18.0766,59.24478],[18.07465,59.24523],[18.07464,59.24611]]]},"properties":{"zone":3,"cell_type":"total isolation","proximity":1477.5,"opportunity":5521.8,"population":89}},{"type":"Feature","id":270,"geometry":{"type":"Polygon","coordinates":[[[17.98143,59.29677],[17.9842,59.29753],[17.98699,59.29689],[17.987,59.2955],[17.98423,59.29473],[17.98144,59.29537],[17.98143,59.29677]]]},"properties":{"zone":2,"cell_type":"social isolation","proximity":2698.1,"opportunity":10258.6,"population":477}},{"type":"Feature","id":271,"geometry":{"type":"Polygon","coordinates":[[[17.84558,59.36563],[17.84826,59.36637],[17.85094,59.36576],[17.85096,59.36443],[17.84828,59.36369],[17.8456,59.3643],[17.84558,59.36563]]]},"properties":{"zone":3,"cell_type":"total isolation","proximity":1085.1,"opportunity":6299,"population":384}},{"type":"Feature","id":272,"geometry":{"type":"Polygon","coordinates":[[[17.86823,59.38366],[17.87105,59.38444],[17.87389,59.38379],[17.8739,59.38237],[17.87108,59.38158],[17.86824,59.38223],[17.86823,59.38366]]]},"properties":{"zone":3,"cell_type":"total isolation","proximity":1223,"opportunity":6060,"population":525}},{"type":"Feature","id":273,"geometry":{"type":"Polygon","coordinates":[[[17.94043,59.37003],[17.94317,59.37078],[17.9459,59.37015],[17.94592,59.36879],[17.94319,59.36804],[17.94045,59.36866],[17.94043,59.37003]]]},"properties":{"zone":3,"cell_type":"total isolation","proximity":1238.1,"opportunity":4.5,"population":431}},{"type":"Feature","id":274,"geometry":{"type":"Polygon","coordinates":[[[18.08157,59.34049],[18.08444,59.34128],[18.08732,59.34061],[18.08734,59.33916],[18.08447,59.33837],[18.08158,59.33903],[18.08157,59.34049]]]},"properties":{"zone":0,"cell_type":"inclusion","proximity":5681,"opportunity":13424.9,"population":2406}},{"type":"Feature","id":275,"geometry":{"type":"Polygon","coordinates":[[[18.06755,59.2987],[18.07041,59.29949],[18.07329,59.29883],[18.07331,59.29737],[18.07044,59.29658],[18.06756,59.29725],[18.06755,59.2987]]]},"properties":{"zone":0,"cell_type":"inclusion","proximity":4322.5,"opportunity":12597.5,"population":581}},{"type":"Feature","id":276,"geometry":{"type":"Polygon","coordinates":[[[18.07604,59.31417],[18.07891,59.31496],[18.08179,59.3143],[18.0818,59.31284],[18.07893,59.31205],[18.07605,59.31272],[18.07604,59.31417]]]},"properties":{"zone":0,"cell_type":"inclusion","proximity":5584.5,"opportunity":13902.1,"population":1457}},{"type":"Feature","id":277,"geometry":{"type":"Polygon","coordinates":[[[18.12352,59.31907],[18.12494,59.31946],[18.12626,59.31916],[18.12626,59.31866],[18.12484,59.31827],[18.12352,59.31857],[18.12352,59.31907]]]},"properties":{"zone":3,"cell_type":"total isolation","proximity":2489.8,"opportunity":6194.6,"population":26}},{"type":"Feature","id":278,"geometry":{"type":"Polygon","coordinates":[[[17.94419,59.31982],[17.9466,59.32049],[17.949,59.31994],[17.94901,59.31878],[17.9466,59.31811],[17.9442,59.31866],[17.94419,59.31982]]]},"properties":{"zone":3,"cell_type":"total isolation","proximity":1445,"opportunity":6230.5,"population":218}},{"type":"Feature","id":279,"geometry":{"type":"Polygon","coordinates":[[[18.0827,59.23993],[18.08529,59.24064],[18.08786,59.24005],[18.08787,59.23877],[18.08529,59.23806],[18.08271,59.23866],[18.0827,59.23993]]]},"properties":{"zone":3,"cell_type":"total isolation","proximity":1299.3,"opportunity":6396.4,"population":317}},{"type":"Feature","id":280,"geometry":{"type":"Polygon","coordinates":[[[17.97038,59.30943],[17.9726,59.31004],[17.97478,59.30954],[17.97479,59.30851],[17.97257,59.3079],[17.97039,59.3084],[17.97038,59.30943]]]},"properties":{"zone":3,"cell_type":"total isolation","proximity":2155.2,"opportunity":9046.9,"population":143}},{"type":"Feature","id":281,"geometry":{"type":"Polygon","coordinates":[[[17.96204,59.27214],[17.96436,59.27279],[17.96666,59.27226],[17.96667,59.27116],[17.96435,59.27051],[17.96205,59.27104],[17.96204,59.27214]]]},"properties":{"zone":3,"cell_type":"total isolation","proximity":1286.8,"opportunity":5344.3,"population":181}},{"type":"Feature","id":282,"geometry":{"type":"Polygon","coordinates":[[[18.03911,59.31104],[18.04157,59.31172],[18.04401,59.31116],[18.04402,59.30997],[18.04157,59.30929],[18.03912,59.30986],[18.03911,59.31104]]]},"properties":{"zone":0,"cell_type":"inclusion","proximity":4894.5,"opportunity":11111.7,"population":240}},{"type":"Feature","id":283,"geometry":{"type":"Polygon","coordinates":[[[17.83102,59.37186],[17.83379,59.37263],[17.83656,59.37199],[17.83658,59.37061],[17.83382,59.36984],[17.83104,59.37048],[17.83102,59.37186]]]},"properties":{"zone":3,"cell_type":"total isolation","proximity":1005.2,"opportunity":4722.1,"population":464}},{"type":"Feature","id":284,"geometry":{"type":"Polygon","coordinates":[[[17.9906,59.31638],[17.99266,59.31695],[17.99467,59.31649],[17.99468,59.31556],[17.99262,59.31499],[17.99061,59.31546],[17.9906,59.31638]]]},"properties":{"zone":1,"cell_type":"spatial isolation","proximity":2894.7,"opportunity":6948.6,"population":102}},{"type":"Feature","id":285,"geometry":{"type":"Polygon","coordinates":[[[18.11761,59.24053],[18.11976,59.24112],[18.12185,59.24063],[18.12186,59.23965],[18.11972,59.23906],[18.11762,59.23955],[18.11761,59.24053]]]},"properties":{"zone":3,"cell_type":"total isolation","proximity":944.7,"opportunity":5487.4,"population":122}},{"type":"Feature","id":286,"geometry":{"type":"Polygon","coordinates":[[[18.09425,59.36214],[18.09582,59.36257],[18.09731,59.36223],[18.09731,59.36163],[18.09574,59.3612],[18.09426,59.36154],[18.09425,59.36214]]]},"properties":{"zone":3,"cell_type":"total isolation","proximity":2745.1,"opportunity":8900.5,"population":35}},{"type":"Feature","id":287,"geometry":{"type":"Polygon","coordinates":[[[18.11927,59.2969],[18.11939,59.29693],[18.11939,59.29693],[18.11927,59.2969]]]},"properties":{"zone":3,"cell_type":"total isolation","proximity":2628.8,"opportunity":7723,"population":2}},{"type":"Feature","id":288,"geometry":{"type":"Polygon","coordinates":[[[18.00419,59.31041],[18.00706,59.3112],[18.00994,59.31054],[18.00996,59.30908],[18.00709,59.30829],[18.00421,59.30895],[18.00419,59.31041]]]},"properties":{"zone":0,"cell_type":"inclusion","proximity":3668.8,"opportunity":10397.2,"population":894}},{"type":"Feature","id":289,"geometry":{"type":"Polygon","coordinates":[[[17.90842,59.3933],[17.91124,59.39408],[17.91406,59.39343],[17.91408,59.39202],[17.91126,59.39124],[17.90844,59.39189],[17.90842,59.3933]]]},"properties":{"zone":3,"cell_type":"total isolation","proximity":1144,"opportunity":6466.2,"population":510}},{"type":"Feature","id":290,"geometry":{"type":"Polygon","coordinates":[[[17.88634,59.35339],[17.8887,59.35405],[17.89104,59.35351],[17.89106,59.35239],[17.88869,59.35173],[17.88635,59.35227],[17.88634,59.35339]]]},"properties":{"zone":3,"cell_type":"total isolation","proximity":1578,"opportunity":6701.3,"population":196}},{"type":"Feature","id":291,"geometry":{"type":"Polygon","coordinates":[[[17.94648,59.33529],[17.9493,59.33606],[17.95212,59.33542],[17.95214,59.334],[17.94932,59.33322],[17.9465,59.33387],[17.94648,59.33529]]]},"properties":{"zone":2,"cell_type":"social isolation","proximity":2085.1,"opportunity":10139.6,"population":516}},{"type":"Feature","id":292,"geometry":{"type":"Polygon","coordinates":[[[17.94303,59.41144],[17.9456,59.41215],[17.94815,59.41157],[17.94817,59.41032],[17.9456,59.40961],[17.94305,59.41019],[17.94303,59.41144]]]},"properties":{"zone":3,"cell_type":"total isolation","proximity":791.9,"opportunity":5263.3,"population":299}},{"type":"Feature","id":293,"geometry":{"type":"Polygon","coordinates":[[[18.0564,59.36798],[18.05834,59.36852],[18.06022,59.36809],[18.06023,59.36724],[18.05829,59.36671],[18.05641,59.36714],[18.0564,59.36798]]]},"properties":{"zone":2,"cell_type":"social isolation","proximity":2712.6,"opportunity":11064.2,"population":78}},{"type":"Feature","id":294,"geometry":{"type":"Polygon","coordinates":[[[18.03335,59.26736],[18.03621,59.26815],[18.03908,59.26749],[18.03909,59.26604],[18.03624,59.26525],[18.03336,59.26591],[18.03335,59.26736]]]},"properties":{"zone":3,"cell_type":"total isolation","proximity":2204.4,"opportunity":8282.8,"population":571}},{"type":"Feature","id":295,"geometry":{"type":"Polygon","coordinates":[[[18.01914,59.26046],[18.02191,59.26123],[18.0247,59.26059],[18.02471,59.25919],[18.02193,59.25842],[18.01915,59.25906],[18.01914,59.26046]]]},"properties":{"zone":3,"cell_type":"total isolation","proximity":1679.6,"opportunity":7337.5,"population":479}},{"type":"Feature","id":296,"geometry":{"type":"Polygon","coordinates":[[[18.12164,59.34715],[18.12188,59.34721],[18.12195,59.3472],[18.12171,59.34713],[18.12164,59.34715]]]},"properties":{"zone":3,"cell_type":"total isolation","proximity":2480,"opportunity":74,"population":3}},{"type":"Feature","id":297,"geometry":{"type":"Polygon","coordinates":[[[18.0506,59.27209],[18.05341,59.27287],[18.05622,59.27222],[18.05623,59.2708],[18.05343,59.27003],[18.05061,59.27068],[18.0506,59.27209]]]},"properties":{"zone":2,"cell_type":"social isolation","proximity":2657,"opportunity":9537.5,"population":507}},{"type":"Feature","id":298,"geometry":{"type":"Polygon","coordinates":[[[18.0532,59.2962],[18.05606,59.297],[18.05894,59.29633],[18.05896,59.29487],[18.05609,59.29408],[18.05321,59.29475],[18.0532,59.2962]]]},"properties":{"zone":0,"cell_type":"inclusion","proximity":3841.4,"opportunity":10061.7,"population":669}},{"type":"Feature","id":299,"geometry":{"type":"Polygon","coordinates":[[[17.88866,59.28311],[17.8896,59.28337],[17.89041,59.28318],[17.89041,59.28299],[17.88947,59.28273],[17.88866,59.28292],[17.88866,59.28311]]]},"properties":{"zone":3,"cell_type":"total isolation","proximity":589.8,"opportunity":3967.1,"population":9}},{"type":"Feature","id":300,"geometry":{"type":"Polygon","coordinates":[[[18.08754,59.31442],[18.09041,59.31521],[18.09329,59.31455],[18.0933,59.31309],[18.09043,59.3123],[18.08755,59.31297],[18.08754,59.31442]]]},"properties":{"zone":0,"cell_type":"inclusion","proximity":4859.2,"opportunity":12402.7,"population":1004}},{"type":"Feature","id":301,"geometry":{"type":"Polygon","coordinates":[[[17.95602,59.31998],[17.95812,59.32056],[17.96017,59.32009],[17.96018,59.31914],[17.95808,59.31856],[17.95603,59.31903],[17.95602,59.31998]]]},"properties":{"zone":3,"cell_type":"total isolation","proximity":1665,"opportunity":6272,"population":110}},{"type":"Feature","id":302,"geometry":{"type":"Polygon","coordinates":[[[18.02706,59.32837],[18.0299,59.32915],[18.03274,59.3285],[18.03276,59.32706],[18.02992,59.32628],[18.02707,59.32694],[18.02706,59.32837]]]},"properties":{"zone":0,"cell_type":"inclusion","proximity":5447.5,"opportunity":12652.6,"population":542}},{"type":"Feature","id":303,"geometry":{"type":"Polygon","coordinates":[[[18.14081,59.3412],[18.14204,59.34154],[18.14315,59.34128],[18.14315,59.34091],[18.14193,59.34057],[18.14082,59.34083],[18.14081,59.3412]]]},"properties":{"zone":3,"cell_type":"total isolation","proximity":1760,"opportunity":16.5,"population":17}},{"type":"Feature","id":304,"geometry":{"type":"Polygon","coordinates":[[[17.81061,59.38666],[17.81344,59.38745],[17.81629,59.3868],[17.81631,59.38537],[17.81348,59.38458],[17.81063,59.38523],[17.81061,59.38666]]]},"properties":{"zone":3,"cell_type":"total isolation","proximity":695.6,"opportunity":2723.6,"population":537}},{"type":"Feature","id":305,"geometry":{"type":"Polygon","coordinates":[[[18.08813,59.26195],[18.09084,59.2627],[18.09356,59.26207],[18.09357,59.26072],[18.09086,59.25997],[18.08814,59.2606],[18.08813,59.26195]]]},"properties":{"zone":3,"cell_type":"total isolation","proximity":2315.6,"opportunity":7978.2,"population":417}},{"type":"Feature","id":306,"geometry":{"type":"Polygon","coordinates":[[[18.05624,59.32887],[18.05867,59.32954],[18.06107,59.32899],[18.06108,59.32782],[18.05866,59.32715],[18.05625,59.32771],[18.05624,59.32887]]]},"properties":{"zone":0,"cell_type":"inclusion","proximity":6538.8,"opportunity":15107.9,"population":224}},{"type":"Feature","id":307,"geometry":{"type":"Polygon","coordinates":[[[17.99641,59.33825],[17.9982,59.33874],[17.99992,59.33835],[17.99993,59.3376],[17.99814,59.33711],[17.99642,59.3375],[17.99641,59.33825]]]},"properties":{"zone":0,"cell_type":"inclusion","proximity":3409.5,"opportunity":10732.4,"population":57}},{"type":"Feature","id":308,"geometry":{"type":"Polygon","coordinates":[[[17.99296,59.31007],[17.99557,59.31079],[17.99818,59.31019],[17.99819,59.30891],[17.99558,59.30818],[17.99298,59.30878],[17.99296,59.31007]]]},"properties":{"zone":0,"cell_type":"inclusion","proximity":3334.1,"opportunity":9893,"population":334}},{"type":"Feature","id":309,"geometry":{"type":"Polygon","coordinates":[[[18.07092,59.25721],[18.07365,59.25797],[18.07638,59.25733],[18.07639,59.25597],[18.07366,59.25521],[18.07093,59.25584],[18.07092,59.25721]]]},"properties":{"zone":3,"cell_type":"total isolation","proximity":2030,"opportunity":7784.8,"population":433}},{"type":"Feature","id":310,"geometry":{"type":"Polygon","coordinates":[[[17.82846,59.37387],[17.8309,59.37454],[17.83332,59.37399],[17.83333,59.37282],[17.8309,59.37215],[17.82848,59.3727],[17.82846,59.37387]]]},"properties":{"zone":3,"cell_type":"total isolation","proximity":938.9,"opportunity":3801.6,"population":227}},{"type":"Feature","id":311,"geometry":{"type":"Polygon","coordinates":[[[17.90688,59.35156],[17.90888,59.35211],[17.91081,59.35166],[17.91082,59.35079],[17.90883,59.35024],[17.90689,59.35068],[17.90688,59.35156]]]},"properties":{"zone":3,"cell_type":"total isolation","proximity":1648.6,"opportunity":5814.6,"population":88}},{"type":"Feature","id":312,"geometry":{"type":"Polygon","coordinates":[[[18.05351,59.26125],[18.05637,59.26204],[18.05925,59.26138],[18.05926,59.25992],[18.0564,59.25913],[18.05352,59.25979],[18.05351,59.26125]]]},"properties":{"zone":3,"cell_type":"total isolation","proximity":1907.4,"opportunity":6863.1,"population":817}},{"type":"Feature","id":313,"geometry":{"type":"Polygon","coordinates":[[[18.0825,59.24871],[18.08521,59.24946],[18.08792,59.24883],[18.08793,59.24748],[18.08522,59.24673],[18.08251,59.24736],[18.0825,59.24871]]]},"properties":{"zone":3,"cell_type":"total isolation","proximity":1709.1,"opportunity":6159.6,"population":412}},{"type":"Feature","id":314,"geometry":{"type":"Polygon","coordinates":[[[17.92112,59.28451],[17.92399,59.2853],[17.92687,59.28464],[17.92688,59.28318],[17.92402,59.28239],[17.92114,59.28305],[17.92112,59.28451]]]},"properties":{"zone":3,"cell_type":"total isolation","proximity":881.5,"opportunity":6890.8,"population":589}},{"type":"Feature","id":315,"geometry":{"type":"Polygon","coordinates":[[[17.99072,59.2728],[17.99308,59.27346],[17.99543,59.27292],[17.99544,59.27179],[17.99307,59.27114],[17.99073,59.27168],[17.99072,59.2728]]]},"properties":{"zone":3,"cell_type":"total isolation","proximity":1754.3,"opportunity":6852.4,"population":198}},{"type":"Feature","id":316,"geometry":{"type":"Polygon","coordinates":[[[18.0442,59.33749],[18.04707,59.33828],[18.04995,59.33762],[18.04996,59.33616],[18.04709,59.33537],[18.04421,59.33603],[18.0442,59.33749]]]},"properties":{"zone":0,"cell_type":"inclusion","proximity":6277.4,"opportunity":12246.1,"population":1262}},{"type":"Feature","id":317,"geometry":{"type":"Polygon","coordinates":[[[17.96026,59.40316],[17.96296,59.40391],[17.96566,59.40329],[17.96568,59.40195],[17.96298,59.40121],[17.96028,59.40182],[17.96026,59.40316]]]},"properties":{"zone":3,"cell_type":"total isolation","proximity":798.1,"opportunity":4494.1,"population":400}},{"type":"Feature","id":318,"geometry":{"type":"Polygon","coordinates":[[[18.00411,59.32349],[18.00694,59.32427],[18.00977,59.32362],[18.00979,59.32219],[18.00696,59.32141],[18.00412,59.32206],[18.00411,59.32349]]]},"properties":{"zone":1,"cell_type":"spatial isolation","proximity":3687.3,"opportunity":8438.5,"population":528}},{"type":"Feature","id":319,"geometry":{"type":"Polygon","coordinates":[[[17.86278,59.3704],[17.86546,59.37114],[17.86815,59.37053],[17.86816,59.3692],[17.86548,59.36845],[17.8628,59.36907],[17.86278,59.3704]]]},"properties":{"zone":3,"cell_type":"total isolation","proximity":1415.1,"opportunity":6841.3,"population":387}},{"type":"Feature","id":320,"geometry":{"type":"Polygon","coordinates":[[[18.06274,59.24599],[18.06514,59.24666],[18.06752,59.24611],[18.06753,59.24495],[18.06513,59.24429],[18.06275,59.24484],[18.06274,59.24599]]]},"properties":{"zone":3,"cell_type":"total isolation","proximity":1312.8,"opportunity":5239.3,"population":215}},{"type":"Feature","id":321,"geometry":{"type":"Polygon","coordinates":[[[17.96694,59.32042],[17.96959,59.32115],[17.97224,59.32054],[17.97225,59.31923],[17.9696,59.3185],[17.96696,59.3191],[17.96694,59.32042]]]},"properties":{"zone":3,"cell_type":"total isolation","proximity":1902.8,"opportunity":6314.2,"population":360}},{"type":"Feature","id":322,"geometry":{"type":"Polygon","coordinates":[[[17.90863,59.38455],[17.91134,59.3853],[17.91406,59.38468],[17.91407,59.38333],[17.91136,59.38258],[17.90865,59.3832],[17.90863,59.38455]]]},"properties":{"zone":3,"cell_type":"total isolation","proximity":1243.8,"opportunity":6346.9,"population":411}},{"type":"Feature","id":323,"geometry":{"type":"Polygon","coordinates":[[[18.1371,59.26514],[18.13966,59.26585],[18.14222,59.26525],[18.14223,59.26399],[18.13966,59.26329],[18.13711,59.26388],[18.1371,59.26514]]]},"properties":{"zone":3,"cell_type":"total isolation","proximity":1305.9,"opportunity":8097.5,"population":304}},{"type":"Feature","id":324,"geometry":{"type":"Polygon","coordinates":[[[17.99044,59.29031],[17.9929,59.29099],[17.99535,59.29043],[17.99536,59.28923],[17.9929,59.28855],[17.99045,59.28912],[17.99044,59.29031]]]},"properties":{"zone":3,"cell_type":"total isolation","proximity":2783.5,"opportunity":9039.5,"population":244}},{"type":"Feature","id":325,"geometry":{"type":"Polygon","coordinates":[[[18.09033,59.32975],[18.09316,59.33053],[18.096,59.32987],[18.09601,59.32845],[18.09318,59.32767],[18.09034,59.32832],[18.09033,59.32975]]]},"properties":{"zone":0,"cell_type":"inclusion","proximity":4895,"opportunity":11190.7,"population":531}},{"type":"Feature","id":326,"geometry":{"type":"Polygon","coordinates":[[[18.06484,59.27898],[18.06771,59.27977],[18.07059,59.27911],[18.0706,59.27765],[18.06773,59.27686],[18.06486,59.27753],[18.06484,59.27898]]]},"properties":{"zone":0,"cell_type":"inclusion","proximity":3133,"opportunity":12049.9,"population":633}},{"type":"Feature","id":327,"geometry":{"type":"Polygon","coordinates":[[[18.03914,59.27619],[18.04188,59.27695],[18.04462,59.27631],[18.04463,59.27494],[18.04189,59.27418],[18.03915,59.27482],[18.03914,59.27619]]]},"properties":{"zone":3,"cell_type":"total isolation","proximity":2665.1,"opportunity":7495.2,"population":440}},{"type":"Feature","id":328,"geometry":{"type":"Polygon","coordinates":[[[18.09025,59.33413],[18.09312,59.33492],[18.09601,59.33425],[18.09602,59.3328],[18.09315,59.33201],[18.09027,59.33267],[18.09025,59.33413]]]},"properties":{"zone":0,"cell_type":"inclusion","proximity":5366.1,"opportunity":12294,"population":1047}},{"type":"Feature","id":329,"geometry":{"type":"Polygon","coordinates":[[[17.91158,59.37374],[17.91434,59.3745],[17.91712,59.37387],[17.91713,59.37248],[17.91437,59.37172],[17.91159,59.37235],[17.91158,59.37374]]]},"properties":{"zone":3,"cell_type":"total isolation","proximity":1432.7,"opportunity":6132.6,"population":463}},{"type":"Feature","id":330,"geometry":{"type":"Polygon","coordinates":[[[17.90114,59.27312],[17.90401,59.27392],[17.90689,59.27325],[17.9069,59.2718],[17.90404,59.271],[17.90116,59.27167],[17.90114,59.27312]]]},"properties":{"zone":3,"cell_type":"total isolation","proximity":659.7,"opportunity":6234.2,"population":716}},{"type":"Feature","id":331,"geometry":{"type":"Polygon","coordinates":[[[18.07337,59.30316],[18.07613,59.30392],[18.07889,59.30328],[18.0789,59.3019],[18.07615,59.30114],[18.07338,59.30178],[18.07337,59.30316]]]},"properties":{"zone":0,"cell_type":"inclusion","proximity":4665.8,"opportunity":11642.8,"population":457}},{"type":"Feature","id":332,"geometry":{"type":"Polygon","coordinates":[[[17.95569,59.29397],[17.95837,59.29471],[17.96105,59.29409],[17.96106,59.29276],[17.95839,59.29202],[17.95571,59.29264],[17.95569,59.29397]]]},"properties":{"zone":3,"cell_type":"total isolation","proximity":1923.5,"opportunity":7662.6,"population":387}},{"type":"Feature","id":333,"geometry":{"type":"Polygon","coordinates":[[[18.12984,59.32338],[18.13068,59.32361],[18.13137,59.32345],[18.13137,59.32333],[18.13054,59.3231],[18.12984,59.32326],[18.12984,59.32338]]]},"properties":{"zone":3,"cell_type":"total isolation","proximity":2391.6,"opportunity":5843.9,"population":7}},{"type":"Feature","id":334,"geometry":{"type":"Polygon","coordinates":[[[18.02471,59.2955],[18.02734,59.29622],[18.02996,59.29562],[18.02997,59.29432],[18.02734,59.29359],[18.02472,59.2942],[18.02471,59.2955]]]},"properties":{"zone":0,"cell_type":"inclusion","proximity":3177,"opportunity":9580.1,"population":347}},{"type":"Feature","id":335,"geometry":{"type":"Polygon","coordinates":[[[18.09054,59.2992],[18.09341,59.29999],[18.09629,59.29933],[18.0963,59.29787],[18.09343,59.29708],[18.09055,59.29775],[18.09054,59.2992]]]},"properties":{"zone":0,"cell_type":"inclusion","proximity":3960.8,"opportunity":11781.8,"population":1088}},{"type":"Feature","id":336,"geometry":{"type":"Polygon","coordinates":[[[17.84244,59.38085],[17.84518,59.38161],[17.84794,59.38098],[17.84796,59.3796],[17.84521,59.37884],[17.84245,59.37947],[17.84244,59.38085]]]},"properties":{"zone":3,"cell_type":"total isolation","proximity":1059.6,"opportunity":4556.8,"population":445}},{"type":"Feature","id":337,"geometry":{"type":"Polygon","coordinates":[[[18.01922,59.25608],[18.02196,59.25683],[18.02469,59.2562],[18.02471,59.25483],[18.02197,59.25408],[18.01924,59.25471],[18.01922,59.25608]]]},"properties":{"zone":3,"cell_type":"total isolation","proximity":1599,"opportunity":7035.4,"population":435}},{"type":"Feature","id":338,"geometry":{"type":"Polygon","coordinates":[[[18.09951,59.27967],[18.10219,59.28041],[18.10487,59.27979],[18.10488,59.27846],[18.1022,59.27772],[18.09952,59.27834],[18.09951,59.27967]]]},"properties":{"zone":2,"cell_type":"social isolation","proximity":2838.5,"opportunity":10591.8,"population":387}},{"type":"Feature","id":339,"geometry":{"type":"Polygon","coordinates":[[[18.05269,59.35295],[18.05556,59.35374],[18.05844,59.35308],[18.05846,59.35162],[18.05559,59.35083],[18.0527,59.3515],[18.05269,59.35295]]]},"properties":{"zone":0,"cell_type":"inclusion","proximity":5083,"opportunity":10643,"population":993}},{"type":"Feature","id":340,"geometry":{"type":"Polygon","coordinates":[[[17.85671,59.38773],[17.85949,59.3885],[17.86228,59.38786],[17.86229,59.38647],[17.85951,59.3857],[17.85672,59.38634],[17.85671,59.38773]]]},"properties":{"zone":3,"cell_type":"total isolation","proximity":1019,"opportunity":3785.7,"population":478}},{"type":"Feature","id":341,"geometry":{"type":"Polygon","coordinates":[[[18.0557,59.33774],[18.05857,59.33853],[18.06146,59.33787],[18.06147,59.33641],[18.0586,59.33562],[18.05572,59.33629],[18.0557,59.33774]]]},"properties":{"zone":0,"cell_type":"inclusion","proximity":6808.4,"opportunity":14602.1,"population":1420}},{"type":"Feature","id":342,"geometry":{"type":"Polygon","coordinates":[[[18.00175,59.29062],[18.00439,59.29135],[18.00703,59.29074],[18.00704,59.28944],[18.0044,59.28871],[18.00176,59.28931],[18.00175,59.29062]]]},"properties":{"zone":3,"cell_type":"total isolation","proximity":2671.3,"opportunity":8170.7,"population":356}},{"type":"Feature","id":343,"geometry":{"type":"Polygon","coordinates":[[[17.81106,59.36916],[17.81369,59.36989],[17.81631,59.36929],[17.81633,59.368],[17.8137,59.36727],[17.81108,59.36787],[17.81106,59.36916]]]},"properties":{"zone":3,"cell_type":"total isolation","proximity":717.9,"opportunity":3770.5,"population":345}},{"type":"Feature","id":344,"geometry":{"type":"Polygon","coordinates":[[[17.87692,59.38167],[17.87971,59.38244],[17.88251,59.3818],[17.88253,59.3804],[17.87974,59.37962],[17.87693,59.38026],[17.87692,59.38167]]]},"properties":{"zone":3,"cell_type":"total isolation","proximity":1331.8,"opportunity":6581,"population":491}},{"type":"Feature","id":345,"geometry":{"type":"Polygon","coordinates":[[[17.92978,59.33038],[17.93211,59.33103],[17.93442,59.3305],[17.93444,59.32939],[17.9321,59.32874],[17.92979,59.32927],[17.92978,59.33038]]]},"properties":{"zone":3,"cell_type":"total isolation","proximity":1601.6,"opportunity":6564.7,"population":184}},{"type":"Feature","id":346,"geometry":{"type":"Polygon","coordinates":[[[18.05022,59.30414],[18.05034,59.30417],[18.05034,59.30417],[18.05022,59.30414]]]},"properties":{"zone":1,"cell_type":"spatial isolation","proximity":3791.5,"opportunity":7938.5,"population":1}},{"type":"Feature","id":347,"geometry":{"type":"Polygon","coordinates":[[[18.07953,59.35105],[18.08151,59.3516],[18.08343,59.35115],[18.08344,59.35028],[18.08146,59.34974],[18.07954,59.35018],[18.07953,59.35105]]]},"properties":{"zone":0,"cell_type":"inclusion","proximity":4683.2,"opportunity":9824.5,"population":85}},{"type":"Feature","id":348,"geometry":{"type":"Polygon","coordinates":[[[17.87988,59.39256],[17.88246,59.39328],[17.88504,59.39269],[17.88505,59.39143],[17.88247,59.39071],[17.8799,59.3913],[17.87988,59.39256]]]},"properties":{"zone":3,"cell_type":"total isolation","proximity":1025.6,"opportunity":5723.2,"population":311}},{"type":"Feature","id":349,"geometry":{"type":"Polygon","coordinates":[[[18.13704,59.27388],[18.1396,59.27458],[18.14215,59.27399],[18.14216,59.27274],[18.1396,59.27203],[18.13705,59.27262],[18.13704,59.27388]]]},"properties":{"zone":3,"cell_type":"total isolation","proximity":1568.4,"opportunity":7736.9,"population":297}},{"type":"Feature","id":350,"geometry":{"type":"Polygon","coordinates":[[[18.0099,59.3149],[18.01277,59.31569],[18.01565,59.31503],[18.01566,59.31358],[18.0128,59.31278],[18.00991,59.31345],[18.0099,59.3149]]]},"properties":{"zone":0,"cell_type":"inclusion","proximity":3864.6,"opportunity":11306,"population":684}},{"type":"Feature","id":351,"geometry":{"type":"Polygon","coordinates":[[[18.10486,59.3409],[18.10746,59.34162],[18.11006,59.34102],[18.11007,59.33974],[18.10747,59.33902],[18.10487,59.33962],[18.10486,59.3409]]]},"properties":{"zone":0,"cell_type":"inclusion","proximity":3890.2,"opportunity":9578.4,"population":329}},{"type":"Feature","id":352,"geometry":{"type":"Polygon","coordinates":[[[18.10746,59.34758],[18.11028,59.34835],[18.11311,59.3477],[18.11312,59.34628],[18.1103,59.3455],[18.10747,59.34615],[18.10746,59.34758]]]},"properties":{"zone":0,"cell_type":"inclusion","proximity":3233.9,"opportunity":9448.6,"population":522}},{"type":"Feature","id":353,"geometry":{"type":"Polygon","coordinates":[[[17.89491,59.34709],[17.8974,59.34778],[17.89989,59.34721],[17.8999,59.346],[17.8974,59.34531],[17.89492,59.34588],[17.89491,59.34709]]]},"properties":{"zone":3,"cell_type":"total isolation","proximity":1573.1,"opportunity":8475,"population":260}},{"type":"Feature","id":354,"geometry":{"type":"Polygon","coordinates":[[[17.93589,59.34345],[17.93774,59.34396],[17.93952,59.34355],[17.93953,59.34277],[17.93768,59.34226],[17.9359,59.34267],[17.93589,59.34345]]]},"properties":{"zone":3,"cell_type":"total isolation","proximity":1786.1,"opportunity":8288.5,"population":64}},{"type":"Feature","id":355,"geometry":{"type":"Polygon","coordinates":[[[18.10815,59.35607],[18.11024,59.35665],[18.11229,59.35617],[18.11229,59.35523],[18.1102,59.35466],[18.10816,59.35513],[18.10815,59.35607]]]},"properties":{"zone":1,"cell_type":"spatial isolation","proximity":2858,"opportunity":9235.4,"population":109}},{"type":"Feature","id":356,"geometry":{"type":"Polygon","coordinates":[[[18.03932,59.28485],[18.04181,59.28554],[18.04428,59.28496],[18.04429,59.28376],[18.0418,59.28307],[18.03933,59.28364],[18.03932,59.28485]]]},"properties":{"zone":1,"cell_type":"spatial isolation","proximity":3144.5,"opportunity":8396.7,"population":256}},{"type":"Feature","id":357,"geometry":{"type":"Polygon","coordinates":[[[18.09429,59.3186],[18.09616,59.31912],[18.09798,59.3187],[18.09798,59.31789],[18.09611,59.31738],[18.09429,59.3178],[18.09429,59.3186]]]},"properties":{"zone":0,"cell_type":"inclusion","proximity":4311.2,"opportunity":11301.2,"population":69}},{"type":"Feature","id":358,"geometry":{"type":"Polygon","coordinates":[[[18.00428,59.30168],[18.00715,59.30247],[18.01003,59.3018],[18.01004,59.30035],[18.00718,59.29956],[18.00429,59.30022],[18.00428,59.30168]]]},"properties":{"zone":0,"cell_type":"inclusion","proximity":3612.1,"opportunity":11183.6,"population":703}},{"type":"Feature","id":359,"geometry":{"type":"Polygon","coordinates":[[[18.09104,59.23802],[18.0939,59.23881],[18.09678,59.23814],[18.09679,59.23668],[18.09393,59.23589],[18.09105,59.23656],[18.09104,59.23802]]]},"properties":{"zone":3,"cell_type":"total isolation","proximity":1144.9,"opportunity":7636.6,"population":734}},{"type":"Feature","id":360,"geometry":{"type":"Polygon","coordinates":[[[17.9342,59.40479],[17.93702,59.40557],[17.93985,59.40492],[17.93986,59.4035],[17.93705,59.40273],[17.93422,59.40337],[17.9342,59.40479]]]},"properties":{"zone":3,"cell_type":"total isolation","proximity":1023.1,"opportunity":7387.5,"population":514}},{"type":"Feature","id":361,"geometry":{"type":"Polygon","coordinates":[[[17.79709,59.37521],[17.79924,59.3758],[17.80135,59.37532],[17.80136,59.37434],[17.79921,59.37375],[17.7971,59.37423],[17.79709,59.37521]]]},"properties":{"zone":3,"cell_type":"total isolation","proximity":566.7,"opportunity":2388.4,"population":123}},{"type":"Feature","id":362,"geometry":{"type":"Polygon","coordinates":[[[18.07666,59.27042],[18.07929,59.27114],[18.08191,59.27054],[18.08192,59.26924],[18.07929,59.26851],[18.07667,59.26912],[18.07666,59.27042]]]},"properties":{"zone":3,"cell_type":"total isolation","proximity":2683.3,"opportunity":8013.7,"population":346}},{"type":"Feature","id":363,"geometry":{"type":"Polygon","coordinates":[[[17.97844,59.30762],[17.98122,59.30839],[17.98401,59.30775],[17.98402,59.30635],[17.98124,59.30558],[17.97845,59.30622],[17.97844,59.30762]]]},"properties":{"zone":3,"cell_type":"total isolation","proximity":2637,"opportunity":9241.2,"population":482}},{"type":"Feature","id":364,"geometry":{"type":"Polygon","coordinates":[[[17.96088,59.34213],[17.96361,59.34288],[17.96634,59.34226],[17.96635,59.34089],[17.96363,59.34014],[17.9609,59.34077],[17.96088,59.34213]]]},"properties":{"zone":3,"cell_type":"total isolation","proximity":2259.9,"opportunity":8935.2,"population":427}},{"type":"Feature","id":365,"geometry":{"type":"Polygon","coordinates":[[[17.91191,59.35625],[17.91455,59.35698],[17.91718,59.35638],[17.9172,59.35508],[17.91456,59.35435],[17.91193,59.35495],[17.91191,59.35625]]]},"properties":{"zone":3,"cell_type":"total isolation","proximity":1671,"opportunity":6032.9,"population":351}},{"type":"Feature","id":366,"geometry":{"type":"Polygon","coordinates":[[[18.01908,59.26484],[18.02187,59.26561],[18.02467,59.26496],[18.02468,59.26356],[18.02189,59.26278],[18.0191,59.26343],[18.01908,59.26484]]]},"properties":{"zone":3,"cell_type":"total isolation","proximity":1510.8,"opportunity":6677.5,"population":492}},{"type":"Feature","id":367,"geometry":{"type":"Polygon","coordinates":[[[18.0911,59.24236],[18.09387,59.24313],[18.09665,59.24248],[18.09666,59.24109],[18.09389,59.24032],[18.09111,59.24096],[18.0911,59.24236]]]},"properties":{"zone":3,"cell_type":"total isolation","proximity":1386,"opportunity":8167.5,"population":473}},{"type":"Feature","id":368,"geometry":{"type":"Polygon","coordinates":[[[17.91724,59.40865],[17.91971,59.40933],[17.92217,59.40877],[17.92218,59.40757],[17.91971,59.40689],[17.91725,59.40745],[17.91724,59.40865]]]},"properties":{"zone":3,"cell_type":"total isolation","proximity":844.9,"opportunity":5429.7,"population":247}},{"type":"Feature","id":369,"geometry":{"type":"Polygon","coordinates":[[[18.02976,59.34372],[18.03263,59.34451],[18.03551,59.34384],[18.03552,59.34239],[18.03265,59.3416],[18.02977,59.34226],[18.02976,59.34372]]]},"properties":{"zone":0,"cell_type":"inclusion","proximity":5231.6,"opportunity":12602.9,"population":1823}},{"type":"Feature","id":370,"geometry":{"type":"Polygon","coordinates":[[[17.92682,59.28901],[17.92968,59.2898],[17.93256,59.28914],[17.93258,59.28768],[17.92971,59.28689],[17.92683,59.28755],[17.92682,59.28901]]]},"properties":{"zone":3,"cell_type":"total isolation","proximity":1255.8,"opportunity":6871.9,"population":670}},{"type":"Feature","id":371,"geometry":{"type":"Polygon","coordinates":[[[17.979,59.28133],[17.9815,59.28202],[17.98398,59.28144],[17.984,59.28023],[17.9815,59.27954],[17.97901,59.28011],[17.979,59.28133]]]},"properties":{"zone":3,"cell_type":"total isolation","proximity":2068.1,"opportunity":7637.1,"population":262}},{"type":"Feature","id":372,"geometry":{"type":"Polygon","coordinates":[[[18.06168,59.31168],[18.06455,59.31247],[18.06743,59.3118],[18.06745,59.31035],[18.06458,59.30956],[18.0617,59.31022],[18.06168,59.31168]]]},"properties":{"zone":0,"cell_type":"inclusion","proximity":5567.7,"opportunity":12627.6,"population":1209}},{"type":"Feature","id":373,"geometry":{"type":"Polygon","coordinates":[[[18.11758,59.23618],[18.11979,59.23679],[18.12196,59.23628],[18.12196,59.23526],[18.11976,59.23465],[18.11759,59.23515],[18.11758,59.23618]]]},"properties":{"zone":3,"cell_type":"total isolation","proximity":836.3,"opportunity":5844.2,"population":141}},{"type":"Feature","id":374,"geometry":{"type":"Polygon","coordinates":[[[17.8912,59.3842],[17.89407,59.385],[17.89695,59.38434],[17.89697,59.38288],[17.8941,59.38209],[17.89122,59.38275],[17.8912,59.3842]]]},"properties":{"zone":3,"cell_type":"total isolation","proximity":1320.8,"opportunity":7656.2,"population":580}},{"type":"Feature","id":375,"geometry":{"type":"Polygon","coordinates":[[[17.87142,59.36408],[17.87417,59.36484],[17.87693,59.36421],[17.87695,59.36283],[17.8742,59.36207],[17.87144,59.3627],[17.87142,59.36408]]]},"properties":{"zone":3,"cell_type":"total isolation","proximity":1554.7,"opportunity":7654.9,"population":450}},{"type":"Feature","id":376,"geometry":{"type":"Polygon","coordinates":[[[18.10402,59.26834],[18.10521,59.26867],[18.1063,59.26842],[18.1063,59.26806],[18.1051,59.26773],[18.10402,59.26798],[18.10402,59.26834]]]},"properties":{"zone":3,"cell_type":"total isolation","proximity":2198.2,"opportunity":4604.7,"population":16}},{"type":"Feature","id":377,"geometry":{"type":"Polygon","coordinates":[[[18.17513,59.24609],[18.17716,59.24664],[18.17914,59.24618],[18.17914,59.24528],[18.17711,59.24472],[18.17514,59.24518],[18.17513,59.24609]]]},"properties":{"zone":3,"cell_type":"total isolation","proximity":319.4,"opportunity":4288.2,"population":96}},{"type":"Feature","id":378,"geometry":{"type":"Polygon","coordinates":[[[18.076,59.31854],[18.07887,59.31933],[18.08175,59.31866],[18.08177,59.31721],[18.0789,59.31642],[18.07602,59.31708],[18.076,59.31854]]]},"properties":{"zone":0,"cell_type":"inclusion","proximity":5718.2,"opportunity":13945.3,"population":1898}},{"type":"Feature","id":379,"geometry":{"type":"Polygon","coordinates":[[[18.18888,59.24002],[18.19154,59.24075],[18.19418,59.24014],[18.19419,59.23882],[18.19154,59.23809],[18.18889,59.23871],[18.18888,59.24002]]]},"properties":{"zone":3,"cell_type":"total isolation","proximity":164.3,"opportunity":5623.3,"population":366}},{"type":"Feature","id":380,"geometry":{"type":"Polygon","coordinates":[[[17.96328,59.40536],[17.96582,59.40606],[17.96835,59.40548],[17.96837,59.40424],[17.96583,59.40354],[17.9633,59.40412],[17.96328,59.40536]]]},"properties":{"zone":3,"cell_type":"total isolation","proximity":724.6,"opportunity":4660.2,"population":285}},{"type":"Feature","id":381,"geometry":{"type":"Polygon","coordinates":[[[17.93886,59.30216],[17.94106,59.30277],[17.94322,59.30227],[17.94323,59.30126],[17.94103,59.30065],[17.93887,59.30114],[17.93886,59.30216]]]},"properties":{"zone":3,"cell_type":"total isolation","proximity":1478.8,"opportunity":6507.3,"population":136}},{"type":"Feature","id":382,"geometry":{"type":"Polygon","coordinates":[[[17.89757,59.36243],[17.9001,59.36313],[17.90261,59.36255],[17.90263,59.36132],[17.9001,59.36063],[17.89758,59.3612],[17.89757,59.36243]]]},"properties":{"zone":3,"cell_type":"total isolation","proximity":1623.9,"opportunity":5073.2,"population":278}},{"type":"Feature","id":383,"geometry":{"type":"Polygon","coordinates":[[[17.94926,59.35495],[17.95196,59.3557],[17.95467,59.35507],[17.95468,59.35373],[17.95198,59.35298],[17.94928,59.3536],[17.94926,59.35495]]]},"properties":{"zone":3,"cell_type":"total isolation","proximity":1650.4,"opportunity":6486.2,"population":405}},{"type":"Feature","id":384,"geometry":{"type":"Polygon","coordinates":[[[18.00432,59.29731],[18.00719,59.2981],[18.01007,59.29744],[18.01008,59.29598],[18.00722,59.29519],[18.00434,59.29585],[18.00432,59.29731]]]},"properties":{"zone":1,"cell_type":"spatial isolation","proximity":3286.6,"opportunity":9116.9,"population":1068}},{"type":"Feature","id":385,"geometry":{"type":"Polygon","coordinates":[[[18.1023,59.29065],[18.10498,59.29139],[18.10766,59.29077],[18.10767,59.28944],[18.10499,59.2887],[18.10231,59.28932],[18.1023,59.29065]]]},"properties":{"zone":1,"cell_type":"spatial isolation","proximity":3171,"opportunity":8681,"population":385}},{"type":"Feature","id":386,"geometry":{"type":"Polygon","coordinates":[[[17.96444,59.28759],[17.96706,59.28832],[17.96968,59.28772],[17.96969,59.28642],[17.96707,59.2857],[17.96446,59.2863],[17.96444,59.28759]]]},"properties":{"zone":3,"cell_type":"total isolation","proximity":2014.6,"opportunity":8978.2,"population":340}},{"type":"Feature","id":387,"geometry":{"type":"Polygon","coordinates":[[[17.89273,59.27068],[17.89543,59.27143],[17.89812,59.27081],[17.89814,59.26947],[17.89544,59.26872],[17.89275,59.26934],[17.89273,59.27068]]]},"properties":{"zone":3,"cell_type":"total isolation","proximity":514.1,"opportunity":3855.8,"population":402}},{"type":"Feature","id":388,"geometry":{"type":"Polygon","coordinates":[[[18.11705,59.33223],[18.11906,59.33278],[18.12102,59.33233],[18.12102,59.33144],[18.11901,59.33089],[18.11706,59.33134],[18.11705,59.33223]]]},"properties":{"zone":1,"cell_type":"spatial isolation","proximity":3292.3,"opportunity":7760.6,"population":91}},{"type":"Feature","id":389,"geometry":{"type":"Polygon","coordinates":[[[18.10724,59.24867],[18.10825,59.24895],[18.10913,59.24875],[18.10913,59.24851],[18.10812,59.24823],[18.10724,59.24844],[18.10724,59.24867]]]},"properties":{"zone":3,"cell_type":"total isolation","proximity":1438.4,"opportunity":5985.3,"population":11}},{"type":"Feature","id":390,"geometry":{"type":"Polygon","coordinates":[[[18.04547,59.36756],[18.04685,59.36794],[18.04813,59.36764],[18.04814,59.36717],[18.04676,59.36679],[18.04548,59.36708],[18.04547,59.36756]]]},"properties":{"zone":3,"cell_type":"total isolation","proximity":2260.8,"opportunity":7723.8,"population":23}},{"type":"Feature","id":391,"geometry":{"type":"Polygon","coordinates":[[[18.10515,59.28419],[18.1079,59.28494],[18.11066,59.28431],[18.11067,59.28293],[18.10792,59.28217],[18.10516,59.28281],[18.10515,59.28419]]]},"properties":{"zone":3,"cell_type":"total isolation","proximity":2772.7,"opportunity":8346.6,"population":452}},{"type":"Feature","id":392,"geometry":{"type":"Polygon","coordinates":[[[17.91225,59.33007],[17.91485,59.33079],[17.91745,59.33019],[17.91747,59.32891],[17.91486,59.32819],[17.91226,59.32879],[17.91225,59.33007]]]},"properties":{"zone":3,"cell_type":"total isolation","proximity":1331.3,"opportunity":7541.9,"population":328}},{"type":"Feature","id":393,"geometry":{"type":"Polygon","coordinates":[[[18.06471,59.33129],[18.06727,59.33199],[18.06982,59.3314],[18.06983,59.33015],[18.06727,59.32945],[18.06472,59.33004],[18.06471,59.33129]]]},"properties":{"zone":0,"cell_type":"inclusion","proximity":6891.9,"opportunity":14876.8,"population":297}},{"type":"Feature","id":394,"geometry":{"type":"Polygon","coordinates":[[[17.83738,59.35879],[17.83973,59.35944],[17.84205,59.35891],[17.84207,59.35779],[17.83972,59.35714],[17.8374,59.35767],[17.83738,59.35879]]]},"properties":{"zone":3,"cell_type":"total isolation","proximity":888.3,"opportunity":4565.6,"population":189}},{"type":"Feature","id":395,"geometry":{"type":"Polygon","coordinates":[[[17.91728,59.38257],[17.92,59.38332],[17.92272,59.3827],[17.92274,59.38135],[17.92002,59.3806],[17.9173,59.38122],[17.91728,59.38257]]]},"properties":{"zone":3,"cell_type":"total isolation","proximity":1220.9,"opportunity":6626.6,"population":416}},{"type":"Feature","id":396,"geometry":{"type":"Polygon","coordinates":[[[18.10526,59.28851],[18.10788,59.28923],[18.11048,59.28863],[18.11049,59.28734],[18.10788,59.28662],[18.10527,59.28722],[18.10526,59.28851]]]},"properties":{"zone":3,"cell_type":"total isolation","proximity":2833.2,"opportunity":8476,"population":335}},{"type":"Feature","id":397,"geometry":{"type":"Polygon","coordinates":[[[18.00722,59.29519],[18.01008,59.29598],[18.01296,59.29532],[18.01298,59.29386],[18.01011,59.29307],[18.00723,59.29373],[18.00722,59.29519]]]},"properties":{"zone":1,"cell_type":"spatial isolation","proximity":3292.7,"opportunity":9033.4,"population":698}},{"type":"Feature","id":398,"geometry":{"type":"Polygon","coordinates":[[[17.8826,59.38617],[17.88541,59.38694],[17.88823,59.3863],[17.88825,59.38488],[17.88544,59.38411],[17.88262,59.38475],[17.8826,59.38617]]]},"properties":{"zone":3,"cell_type":"total isolation","proximity":1245.6,"opportunity":7640.9,"population":510}},{"type":"Feature","id":399,"geometry":{"type":"Polygon","coordinates":[[[18.0618,59.33341],[18.06438,59.33412],[18.06694,59.33353],[18.06695,59.33227],[18.06438,59.33156],[18.06181,59.33215],[18.0618,59.33341]]]},"properties":{"zone":0,"cell_type":"inclusion","proximity":6983.9,"opportunity":16861.2,"population":305}},{"type":"Feature","id":400,"geometry":{"type":"Polygon","coordinates":[[[18.03265,59.3416],[18.03552,59.34239],[18.03841,59.34173],[18.03842,59.34027],[18.03555,59.33948],[18.03267,59.34014],[18.03265,59.3416]]]},"properties":{"zone":0,"cell_type":"inclusion","proximity":5641.7,"opportunity":14559.6,"population":2393}},{"type":"Feature","id":401,"geometry":{"type":"Polygon","coordinates":[[[18.14153,59.24946],[18.1427,59.24978],[18.14376,59.24954],[18.14376,59.2492],[18.14259,59.24887],[18.14153,59.24912],[18.14153,59.24946]]]},"properties":{"zone":3,"cell_type":"total isolation","proximity":750.1,"opportunity":3649.6,"population":15}},{"type":"Feature","id":402,"geometry":{"type":"Polygon","coordinates":[[[17.93714,59.40267],[17.93992,59.40344],[17.94272,59.4028],[17.94273,59.4014],[17.93995,59.40063],[17.93716,59.40127],[17.93714,59.40267]]]},"properties":{"zone":3,"cell_type":"total isolation","proximity":1074.5,"opportunity":7688.7,"population":480}},{"type":"Feature","id":403,"geometry":{"type":"Polygon","coordinates":[[[18.12523,59.28245],[18.12803,59.28322],[18.13084,59.28257],[18.13085,59.28116],[18.12805,59.28039],[18.12524,59.28104],[18.12523,59.28245]]]},"properties":{"zone":3,"cell_type":"total isolation","proximity":2006,"opportunity":6450.4,"population":502}},{"type":"Feature","id":404,"geometry":{"type":"Polygon","coordinates":[[[17.88286,59.39043],[17.88537,59.39112],[17.88787,59.39055],[17.88788,59.38934],[17.88537,59.38864],[17.88288,59.38921],[17.88286,59.39043]]]},"properties":{"zone":3,"cell_type":"total isolation","proximity":1111.1,"opportunity":6088.7,"population":266}},{"type":"Feature","id":405,"geometry":{"type":"Polygon","coordinates":[[[17.86131,59.35036],[17.86288,59.35079],[17.86437,59.35045],[17.86437,59.34985],[17.8628,59.34942],[17.86132,59.34976],[17.86131,59.35036]]]},"properties":{"zone":3,"cell_type":"total isolation","proximity":1086.1,"opportunity":798.1,"population":35}},{"type":"Feature","id":406,"geometry":{"type":"Polygon","coordinates":[[[17.92125,59.32798],[17.92352,59.32861],[17.92576,59.32809],[17.92577,59.32703],[17.9235,59.3264],[17.92126,59.32692],[17.92125,59.32798]]]},"properties":{"zone":3,"cell_type":"total isolation","proximity":1323.6,"opportunity":5984.2,"population":160}},{"type":"Feature","id":407,"geometry":{"type":"Polygon","coordinates":[[[17.92114,59.33236],[17.92346,59.333],[17.92576,59.33248],[17.92578,59.33138],[17.92345,59.33073],[17.92115,59.33126],[17.92114,59.33236]]]},"properties":{"zone":3,"cell_type":"total isolation","proximity":1431.7,"opportunity":7239.2,"population":181}},{"type":"Feature","id":408,"geometry":{"type":"Polygon","coordinates":[[[18.09343,59.29708],[18.0963,59.29787],[18.09918,59.2972],[18.09919,59.29575],[18.09632,59.29496],[18.09344,59.29562],[18.09343,59.29708]]]},"properties":{"zone":0,"cell_type":"inclusion","proximity":3546.7,"opportunity":11050.8,"population":1124}},{"type":"Feature","id":409,"geometry":{"type":"Polygon","coordinates":[[[18.02738,59.29344],[18.03022,59.29423],[18.03307,59.29357],[18.03309,59.29213],[18.03025,59.29135],[18.0274,59.292],[18.02738,59.29344]]]},"properties":{"zone":1,"cell_type":"spatial isolation","proximity":3098.9,"opportunity":7756.4,"population":545}},{"type":"Feature","id":410,"geometry":{"type":"Polygon","coordinates":[[[17.89268,59.27505],[17.89537,59.2758],[17.89807,59.27518],[17.89809,59.27384],[17.89539,59.27309],[17.89269,59.27371],[17.89268,59.27505]]]},"properties":{"zone":3,"cell_type":"total isolation","proximity":590.7,"opportunity":6384.2,"population":405}},{"type":"Feature","id":411,"geometry":{"type":"Polygon","coordinates":[[[18.11367,59.28222],[18.11654,59.28301],[18.11942,59.28235],[18.11943,59.28089],[18.11656,59.2801],[18.11368,59.28077],[18.11367,59.28222]]]},"properties":{"zone":3,"cell_type":"total isolation","proximity":2484.3,"opportunity":8568.1,"population":630}},{"type":"Feature","id":412,"geometry":{"type":"Polygon","coordinates":[[[17.97083,59.318],[17.97253,59.31847],[17.97415,59.3181],[17.97416,59.31741],[17.97246,59.31694],[17.97084,59.31731],[17.97083,59.318]]]},"properties":{"zone":3,"cell_type":"total isolation","proximity":1695.7,"opportunity":6228.9,"population":47}},{"type":"Feature","id":413,"geometry":{"type":"Polygon","coordinates":[[[18.06248,59.25915],[18.06502,59.25985],[18.06755,59.25927],[18.06756,59.25802],[18.06502,59.25732],[18.06249,59.25791],[18.06248,59.25915]]]},"properties":{"zone":3,"cell_type":"total isolation","proximity":1864.8,"opportunity":6388.6,"population":289}},{"type":"Feature","id":414,"geometry":{"type":"Polygon","coordinates":[[[18.10329,59.25112],[18.10532,59.25168],[18.1073,59.25122],[18.1073,59.25031],[18.10527,59.24975],[18.1033,59.25021],[18.10329,59.25112]]]},"properties":{"zone":3,"cell_type":"total isolation","proximity":1568.5,"opportunity":6238.6,"population":96}},{"type":"Feature","id":415,"geometry":{"type":"Polygon","coordinates":[[[17.98555,59.31169],[17.98698,59.31208],[17.98831,59.31178],[17.98832,59.31127],[17.98689,59.31087],[17.98556,59.31118],[17.98555,59.31169]]]},"properties":{"zone":3,"cell_type":"total isolation","proximity":2751.5,"opportunity":6193.2,"population":26}},{"type":"Feature","id":416,"geometry":{"type":"Polygon","coordinates":[[[17.96943,59.33582],[17.9723,59.33662],[17.97518,59.33595],[17.9752,59.3345],[17.97233,59.33371],[17.96944,59.33437],[17.96943,59.33582]]]},"properties":{"zone":2,"cell_type":"social isolation","proximity":2582.7,"opportunity":11226.8,"population":683}},{"type":"Feature","id":417,"geometry":{"type":"Polygon","coordinates":[[[18.02768,59.2585],[18.03055,59.25929],[18.03342,59.25862],[18.03344,59.25717],[18.03057,59.25637],[18.02769,59.25704],[18.02768,59.2585]]]},"properties":{"zone":2,"cell_type":"social isolation","proximity":1840.5,"opportunity":9737.9,"population":887}},{"type":"Feature","id":418,"geometry":{"type":"Polygon","coordinates":[[[17.90549,59.41713],[17.90809,59.41785],[17.91068,59.41726],[17.9107,59.41598],[17.9081,59.41527],[17.9055,59.41586],[17.90549,59.41713]]]},"properties":{"zone":3,"cell_type":"total isolation","proximity":641.2,"opportunity":6097.3,"population":322}},{"type":"Feature","id":419,"geometry":{"type":"Polygon","coordinates":[[[17.83386,59.36977],[17.83669,59.37056],[17.83954,59.36991],[17.83956,59.36847],[17.83672,59.36769],[17.83388,59.36834],[17.83386,59.36977]]]},"properties":{"zone":3,"cell_type":"total isolation","proximity":1059.6,"opportunity":5986.3,"population":537}},{"type":"Feature","id":420,"geometry":{"type":"Polygon","coordinates":[[[17.91808,59.29681],[17.9182,59.29684],[17.9182,59.29684],[17.91808,59.29681]]]},"properties":{"zone":3,"cell_type":"total isolation","proximity":1062.8,"opportunity":3507.8,"population":1}},{"type":"Feature","id":421,"geometry":{"type":"Polygon","coordinates":[[[17.96503,59.27],[17.96726,59.27062],[17.96946,59.27011],[17.96948,59.26907],[17.96724,59.26845],[17.96504,59.26895],[17.96503,59.27]]]},"properties":{"zone":3,"cell_type":"total isolation","proximity":1284.4,"opportunity":5289.6,"population":149}},{"type":"Feature","id":422,"geometry":{"type":"Polygon","coordinates":[[[18.0674,59.31617],[18.07026,59.31696],[18.07315,59.31629],[18.07316,59.31484],[18.07029,59.31405],[18.06741,59.31471],[18.0674,59.31617]]]},"properties":{"zone":0,"cell_type":"inclusion","proximity":6055.7,"opportunity":15180.1,"population":3201}},{"type":"Feature","id":423,"geometry":{"type":"Polygon","coordinates":[[[18.01916,59.32143],[18.02136,59.32204],[18.02352,59.32154],[18.02353,59.32052],[18.02133,59.31992],[18.01917,59.32042],[18.01916,59.32143]]]},"properties":{"zone":1,"cell_type":"spatial isolation","proximity":4103.9,"opportunity":8376.6,"population":138}},{"type":"Feature","id":424,"geometry":{"type":"Polygon","coordinates":[[[18.10217,59.32554],[18.10471,59.32624],[18.10723,59.32566],[18.10724,59.32442],[18.10471,59.32372],[18.10218,59.32431],[18.10217,59.32554]]]},"properties":{"zone":1,"cell_type":"spatial isolation","proximity":4137.4,"opportunity":9203,"population":283}},{"type":"Feature","id":425,"geometry":{"type":"Polygon","coordinates":[[[17.88978,59.27282],[17.89253,59.27358],[17.89527,59.27295],[17.89529,59.27157],[17.89255,59.27081],[17.8898,59.27144],[17.88978,59.27282]]]},"properties":{"zone":3,"cell_type":"total isolation","proximity":512.4,"opportunity":4627.3,"population":446}},{"type":"Feature","id":426,"geometry":{"type":"Polygon","coordinates":[[[17.83674,59.36767],[17.83959,59.36846],[17.84247,59.3678],[17.84249,59.36635],[17.83963,59.36556],[17.83676,59.36622],[17.83674,59.36767]]]},"properties":{"zone":3,"cell_type":"total isolation","proximity":1068.9,"opportunity":6268.2,"population":565}},{"type":"Feature","id":427,"geometry":{"type":"Polygon","coordinates":[[[18.07694,59.24417],[18.07951,59.24488],[18.08207,59.24429],[18.08208,59.24303],[18.07951,59.24232],[18.07695,59.24291],[18.07694,59.24417]]]},"properties":{"zone":3,"cell_type":"total isolation","proximity":1420.2,"opportunity":6216.4,"population":306}},{"type":"Feature","id":428,"geometry":{"type":"Polygon","coordinates":[[[18.11095,59.2625],[18.11382,59.26329],[18.11669,59.26262],[18.11671,59.26116],[18.11384,59.26037],[18.11096,59.26104],[18.11095,59.2625]]]},"properties":{"zone":3,"cell_type":"total isolation","proximity":1841.6,"opportunity":9016,"population":592}},{"type":"Feature","id":429,"geometry":{"type":"Polygon","coordinates":[[[18.0329,59.31541],[18.03577,59.3162],[18.03865,59.31554],[18.03866,59.31408],[18.03579,59.31329],[18.03291,59.31396],[18.0329,59.31541]]]},"properties":{"zone":0,"cell_type":"inclusion","proximity":5238.6,"opportunity":13699.8,"population":1686}},{"type":"Feature","id":430,"geometry":{"type":"Polygon","coordinates":[[[18.06482,59.3269],[18.06731,59.32758],[18.06978,59.32701],[18.06979,59.32581],[18.06731,59.32512],[18.06483,59.32569],[18.06482,59.3269]]]},"properties":{"zone":0,"cell_type":"inclusion","proximity":6863.5,"opportunity":15087,"population":256}},{"type":"Feature","id":431,"geometry":{"type":"Polygon","coordinates":[[[17.93493,59.33939],[17.93775,59.34017],[17.94057,59.33952],[17.94059,59.3381],[17.93777,59.33732],[17.93495,59.33797],[17.93493,59.33939]]]},"properties":{"zone":2,"cell_type":"social isolation","proximity":2037.5,"opportunity":11406.3,"population":517}},{"type":"Feature","id":432,"geometry":{"type":"Polygon","coordinates":[[[17.99464,59.26166],[17.9961,59.26207],[17.99747,59.26175],[17.99748,59.26121],[17.99601,59.26081],[17.99464,59.26112],[17.99464,59.26166]]]},"properties":{"zone":3,"cell_type":"total isolation","proximity":1042,"opportunity":5973.3,"population":28}},{"type":"Feature","id":433,"geometry":{"type":"Polygon","coordinates":[[[17.92024,59.37175],[17.923,59.37252],[17.92577,59.37188],[17.92578,59.3705],[17.92302,59.36974],[17.92025,59.37037],[17.92024,59.37175]]]},"properties":{"zone":3,"cell_type":"total isolation","proximity":1463.6,"opportunity":4919.1,"population":458}},{"type":"Feature","id":434,"geometry":{"type":"Polygon","coordinates":[[[18.0803,59.27678],[18.08214,59.27729],[18.0839,59.27688],[18.08391,59.2761],[18.08208,59.2756],[18.08031,59.27601],[18.0803,59.27678]]]},"properties":{"zone":1,"cell_type":"spatial isolation","proximity":3114.1,"opportunity":8237.6,"population":63}},{"type":"Feature","id":435,"geometry":{"type":"Polygon","coordinates":[[[18.01318,59.27347],[18.01604,59.27427],[18.01892,59.2736],[18.01893,59.27214],[18.01607,59.27135],[18.01319,59.27202],[18.01318,59.27347]]]},"properties":{"zone":2,"cell_type":"social isolation","proximity":2190.6,"opportunity":9767.7,"population":617}},{"type":"Feature","id":436,"geometry":{"type":"Polygon","coordinates":[[[17.8077,59.39312],[17.81048,59.39389],[17.81327,59.39325],[17.81329,59.39185],[17.81051,59.39108],[17.80772,59.39172],[17.8077,59.39312]]]},"properties":{"zone":3,"cell_type":"total isolation","proximity":548,"opportunity":2833,"population":481}},{"type":"Feature","id":437,"geometry":{"type":"Polygon","coordinates":[[[17.88592,59.3709],[17.88848,59.37161],[17.89104,59.37102],[17.89106,59.36977],[17.88849,59.36906],[17.88593,59.36964],[17.88592,59.3709]]]},"properties":{"zone":3,"cell_type":"total isolation","proximity":1536.9,"opportunity":6364.4,"population":302}},{"type":"Feature","id":438,"geometry":{"type":"Polygon","coordinates":[[[18.07674,59.26603],[18.07932,59.26675],[18.0819,59.26615],[18.08191,59.26488],[18.07933,59.26417],[18.07675,59.26476],[18.07674,59.26603]]]},"properties":{"zone":3,"cell_type":"total isolation","proximity":2515.5,"opportunity":8015.1,"population":315}},{"type":"Feature","id":439,"geometry":{"type":"Polygon","coordinates":[[[17.96989,59.29217],[17.97275,59.29296],[17.97563,59.2923],[17.97565,59.29084],[17.97278,59.29005],[17.9699,59.29071],[17.96989,59.29217]]]},"properties":{"zone":3,"cell_type":"total isolation","proximity":2289.6,"opportunity":8292.6,"population":669}},{"type":"Feature","id":440,"geometry":{"type":"Polygon","coordinates":[[[18.1026,59.32106],[18.10476,59.32165],[18.10688,59.32116],[18.10689,59.32017],[18.10473,59.31958],[18.10261,59.32007],[18.1026,59.32106]]]},"properties":{"zone":1,"cell_type":"spatial isolation","proximity":3909.6,"opportunity":8967.6,"population":126}},{"type":"Feature","id":441,"geometry":{"type":"Polygon","coordinates":[[[17.98108,59.33604],[17.98381,59.33679],[17.98653,59.33616],[17.98655,59.3348],[17.98382,59.33405],[17.9811,59.33468],[17.98108,59.33604]]]},"properties":{"zone":0,"cell_type":"inclusion","proximity":2887.1,"opportunity":12186.5,"population":422}},{"type":"Feature","id":442,"geometry":{"type":"Polygon","coordinates":[[[17.85693,59.37898],[17.8596,59.37972],[17.86227,59.37911],[17.86229,59.37779],[17.85962,59.37705],[17.85695,59.37766],[17.85693,59.37898]]]},"properties":{"zone":3,"cell_type":"total isolation","proximity":1234,"opportunity":5007.1,"population":377}},{"type":"Feature","id":443,"geometry":{"type":"Polygon","coordinates":[[[17.93518,59.35671],[17.93757,59.35737],[17.93994,59.35682],[17.93996,59.35568],[17.93756,59.35502],[17.93519,59.35556],[17.93518,59.35671]]]},"properties":{"zone":3,"cell_type":"total isolation","proximity":1338.3,"opportunity":4774.8,"population":208}},{"type":"Feature","id":444,"geometry":{"type":"Polygon","coordinates":[[[17.94635,59.35707],[17.94906,59.35782],[17.95178,59.3572],[17.9518,59.35584],[17.94908,59.35509],[17.94636,59.35571],[17.94635,59.35707]]]},"properties":{"zone":3,"cell_type":"total isolation","proximity":1669.3,"opportunity":6715.6,"population":418}},{"type":"Feature","id":445,"geometry":{"type":"Polygon","coordinates":[[[18.04198,59.26537],[18.04485,59.26616],[18.04772,59.2655],[18.04774,59.26404],[18.04487,59.26325],[18.04199,59.26391],[18.04198,59.26537]]]},"properties":{"zone":3,"cell_type":"total isolation","proximity":2290.3,"opportunity":8639.9,"population":604}},{"type":"Feature","id":446,"geometry":{"type":"Polygon","coordinates":[[[17.9061,59.36049],[17.90875,59.36122],[17.91139,59.36061],[17.9114,59.35931],[17.90876,59.35858],[17.90612,59.35918],[17.9061,59.36049]]]},"properties":{"zone":3,"cell_type":"total isolation","proximity":1606.6,"opportunity":5814,"population":356}},{"type":"Feature","id":447,"geometry":{"type":"Polygon","coordinates":[[[18.11384,59.27781],[18.11658,59.27857],[18.11931,59.27793],[18.11932,59.27656],[18.11659,59.27581],[18.11385,59.27644],[18.11384,59.27781]]]},"properties":{"zone":3,"cell_type":"total isolation","proximity":2327.6,"opportunity":8070.1,"population":435}},{"type":"Feature","id":448,"geometry":{"type":"Polygon","coordinates":[[[18.14306,59.2652],[18.14542,59.26585],[18.14775,59.26531],[18.14776,59.26418],[18.1454,59.26353],[18.14306,59.26407],[18.14306,59.2652]]]},"properties":{"zone":3,"cell_type":"total isolation","proximity":1279.8,"opportunity":7687.9,"population":195}},{"type":"Feature","id":449,"geometry":{"type":"Polygon","coordinates":[[[17.88028,59.27195],[17.88112,59.27219],[17.88182,59.27203],[17.88182,59.2719],[17.88098,59.27167],[17.88028,59.27183],[17.88028,59.27195]]]},"properties":{"zone":3,"cell_type":"total isolation","proximity":409.8,"opportunity":5280.5,"population":7}},{"type":"Feature","id":450,"geometry":{"type":"Polygon","coordinates":[[[18.07012,59.33587],[18.07297,59.33665],[18.07584,59.33599],[18.07585,59.33455],[18.073,59.33377],[18.07013,59.33443],[18.07012,59.33587]]]},"properties":{"zone":0,"cell_type":"inclusion","proximity":6731.9,"opportunity":15604,"population":555}},{"type":"Feature","id":451,"geometry":{"type":"Polygon","coordinates":[[[17.92289,59.3871],[17.9257,59.38787],[17.92853,59.38723],[17.92854,59.38581],[17.92573,59.38503],[17.9229,59.38568],[17.92289,59.3871]]]},"properties":{"zone":3,"cell_type":"total isolation","proximity":1201.5,"opportunity":7178.9,"population":512}},{"type":"Feature","id":452,"geometry":{"type":"Polygon","coordinates":[[[18.12244,59.26274],[18.12531,59.26353],[18.12818,59.26287],[18.12819,59.26141],[18.12533,59.26062],[18.12245,59.26129],[18.12244,59.26274]]]},"properties":{"zone":3,"cell_type":"total isolation","proximity":1698.1,"opportunity":8151.8,"population":699}},{"type":"Feature","id":453,"geometry":{"type":"Polygon","coordinates":[[[18.01611,59.28877],[18.01878,59.2895],[18.02145,59.28889],[18.02146,59.28756],[18.01879,59.28682],[18.01612,59.28744],[18.01611,59.28877]]]},"properties":{"zone":1,"cell_type":"spatial isolation","proximity":3029.8,"opportunity":8270.7,"population":380}},{"type":"Feature","id":454,"geometry":{"type":"Polygon","coordinates":[[[18.18399,59.24401],[18.1858,59.24451],[18.18754,59.2441],[18.18754,59.24334],[18.18573,59.24284],[18.184,59.24325],[18.18399,59.24401]]]},"properties":{"zone":3,"cell_type":"total isolation","proximity":200,"opportunity":5282.7,"population":59}},{"type":"Feature","id":455,"geometry":{"type":"Polygon","coordinates":[[[17.89133,59.37982],[17.89412,59.3806],[17.89693,59.37995],[17.89695,59.37855],[17.89415,59.37778],[17.89134,59.37842],[17.89133,59.37982]]]},"properties":{"zone":3,"cell_type":"total isolation","proximity":1452.4,"opportunity":7737.1,"population":495}},{"type":"Feature","id":456,"geometry":{"type":"Polygon","coordinates":[[[18.01838,59.33037],[18.02125,59.33116],[18.02413,59.3305],[18.02414,59.32904],[18.02127,59.32825],[18.01839,59.32892],[18.01838,59.33037]]]},"properties":{"zone":0,"cell_type":"inclusion","proximity":5282.3,"opportunity":13238.2,"population":1402}},{"type":"Feature","id":457,"geometry":{"type":"Polygon","coordinates":[[[18.07559,59.36362],[18.07571,59.36365],[18.07571,59.36365],[18.07559,59.36362]]]},"properties":{"zone":3,"cell_type":"total isolation","proximity":2791.4,"opportunity":5485.4,"population":1}},{"type":"Feature","id":458,"geometry":{"type":"Polygon","coordinates":[[[17.92288,59.39144],[17.92565,59.39221],[17.92843,59.39157],[17.92845,59.39018],[17.92568,59.38942],[17.9229,59.39005],[17.92288,59.39144]]]},"properties":{"zone":3,"cell_type":"total isolation","proximity":1074.5,"opportunity":7197.4,"population":468}},{"type":"Feature","id":459,"geometry":{"type":"Polygon","coordinates":[[[18.00191,59.28186],[18.00448,59.28257],[18.00704,59.28198],[18.00705,59.28072],[18.00448,59.28001],[18.00192,59.2806],[18.00191,59.28186]]]},"properties":{"zone":2,"cell_type":"social isolation","proximity":2401.7,"opportunity":10273.2,"population":306}},{"type":"Feature","id":460,"geometry":{"type":"Polygon","coordinates":[[[18.06776,59.28557],[18.07053,59.28633],[18.0733,59.28569],[18.07332,59.2843],[18.07055,59.28353],[18.06777,59.28418],[18.06776,59.28557]]]},"properties":{"zone":0,"cell_type":"inclusion","proximity":3473.7,"opportunity":10465.3,"population":468}},{"type":"Feature","id":461,"geometry":{"type":"Polygon","coordinates":[[[18.0134,59.27776],[18.01601,59.27848],[18.01861,59.27788],[18.01862,59.2766],[18.01602,59.27588],[18.01342,59.27648],[18.0134,59.27776]]]},"properties":{"zone":2,"cell_type":"social isolation","proximity":2343.9,"opportunity":11541.4,"population":330}},{"type":"Feature","id":462,"geometry":{"type":"Polygon","coordinates":[[[18.11956,59.33894],[18.12188,59.33957],[18.12416,59.33905],[18.12417,59.33795],[18.12185,59.33732],[18.11956,59.33784],[18.11956,59.33894]]]},"properties":{"zone":1,"cell_type":"spatial isolation","proximity":2909,"opportunity":7838.4,"population":177}},{"type":"Feature","id":463,"geometry":{"type":"Polygon","coordinates":[[[17.81931,59.39336],[17.82199,59.3941],[17.82468,59.39349],[17.8247,59.39216],[17.82202,59.39141],[17.81933,59.39203],[17.81931,59.39336]]]},"properties":{"zone":3,"cell_type":"total isolation","proximity":588.2,"opportunity":2431.2,"population":389}},{"type":"Feature","id":464,"geometry":{"type":"Polygon","coordinates":[[[17.87033,59.34392],[17.8716,59.34427],[17.87276,59.34401],[17.87277,59.3436],[17.8715,59.34325],[17.87034,59.34352],[17.87033,59.34392]]]},"properties":{"zone":3,"cell_type":"total isolation","proximity":1009.9,"opportunity":4771.4,"population":19}},{"type":"Feature","id":465,"geometry":{"type":"Polygon","coordinates":[[[17.95779,59.353],[17.96061,59.35378],[17.96344,59.35313],[17.96346,59.35171],[17.96064,59.35093],[17.95781,59.35158],[17.95779,59.353]]]},"properties":{"zone":3,"cell_type":"total isolation","proximity":1844.9,"opportunity":8180.6,"population":519}},{"type":"Feature","id":466,"geometry":{"type":"Polygon","coordinates":[[[18.07933,59.28579],[18.08203,59.28654],[18.08472,59.28591],[18.08473,59.28457],[18.08204,59.28383],[18.07934,59.28445],[18.07933,59.28579]]]},"properties":{"zone":0,"cell_type":"inclusion","proximity":3516.3,"opportunity":9472.2,"population":400}},{"type":"Feature","id":467,"geometry":{"type":"Polygon","coordinates":[[[18.03307,59.29794],[18.03593,59.29873],[18.0388,59.29807],[18.03881,59.29662],[18.03595,59.29583],[18.03308,59.29649],[18.03307,59.29794]]]},"properties":{"zone":0,"cell_type":"inclusion","proximity":3748.8,"opportunity":12792.1,"population":568}},{"type":"Feature","id":468,"geometry":{"type":"Polygon","coordinates":[[[18.11904,59.32746],[18.11916,59.3275],[18.11916,59.3275],[18.11904,59.32746]]]},"properties":{"zone":1,"cell_type":"spatial isolation","proximity":3061.9,"opportunity":6746,"population":0}},{"type":"Feature","id":469,"geometry":{"type":"Polygon","coordinates":[[[17.9076,59.33395],[17.9091,59.33437],[17.91051,59.33404],[17.91051,59.33349],[17.90902,59.33308],[17.90761,59.3334],[17.9076,59.33395]]]},"properties":{"zone":3,"cell_type":"total isolation","proximity":1345.4,"opportunity":6802.4,"population":30}},{"type":"Feature","id":470,"geometry":{"type":"Polygon","coordinates":[[[17.95849,59.32669],[17.96091,59.32736],[17.9633,59.32681],[17.96331,59.32565],[17.9609,59.32499],[17.95851,59.32554],[17.95849,59.32669]]]},"properties":{"zone":3,"cell_type":"total isolation","proximity":2057.8,"opportunity":6321.4,"population":218}},{"type":"Feature","id":471,"geometry":{"type":"Polygon","coordinates":[[[18.1351,59.25827],[18.13687,59.25876],[18.13857,59.25836],[18.13858,59.25763],[18.13681,59.25714],[18.1351,59.25753],[18.1351,59.25827]]]},"properties":{"zone":3,"cell_type":"total isolation","proximity":1227.4,"opportunity":5625.6,"population":55}},{"type":"Feature","id":472,"geometry":{"type":"Polygon","coordinates":[[[18.11895,59.34347],[18.12182,59.34426],[18.1247,59.3436],[18.12471,59.34214],[18.12184,59.34135],[18.11896,59.34202],[18.11895,59.34347]]]},"properties":{"zone":3,"cell_type":"total isolation","proximity":2743.9,"opportunity":7958.5,"population":769}},{"type":"Feature","id":473,"geometry":{"type":"Polygon","coordinates":[[[17.79142,59.38807],[17.79331,59.38859],[17.79515,59.38818],[17.79516,59.38736],[17.79327,59.38683],[17.79143,59.38725],[17.79142,59.38807]]]},"properties":{"zone":3,"cell_type":"total isolation","proximity":491.5,"opportunity":2655,"population":72}},{"type":"Feature","id":474,"geometry":{"type":"Polygon","coordinates":[[[17.93284,59.32386],[17.93507,59.32448],[17.93726,59.32398],[17.93727,59.32294],[17.93504,59.32233],[17.93285,59.32283],[17.93284,59.32386]]]},"properties":{"zone":3,"cell_type":"total isolation","proximity":1306.8,"opportunity":5817.4,"population":145}},{"type":"Feature","id":475,"geometry":{"type":"Polygon","coordinates":[[[17.99274,59.30579],[17.99561,59.30658],[17.99849,59.30591],[17.9985,59.30446],[17.99564,59.30367],[17.99276,59.30433],[17.99274,59.30579]]]},"properties":{"zone":0,"cell_type":"inclusion","proximity":3283.4,"opportunity":10096.6,"population":891}},{"type":"Feature","id":476,"geometry":{"type":"Polygon","coordinates":[[[18.05596,59.36377],[18.05836,59.36443],[18.06074,59.36388],[18.06075,59.36274],[18.05835,59.36208],[18.05597,59.36262],[18.05596,59.36377]]]},"properties":{"zone":0,"cell_type":"inclusion","proximity":3366.7,"opportunity":11079,"population":210}},{"type":"Feature","id":477,"geometry":{"type":"Polygon","coordinates":[[[17.91117,59.42163],[17.91379,59.42235],[17.91641,59.42175],[17.91643,59.42046],[17.91381,59.41974],[17.91119,59.42034],[17.91117,59.42163]]]},"properties":{"zone":3,"cell_type":"total isolation","proximity":464.9,"opportunity":3949.7,"population":339}},{"type":"Feature","id":478,"geometry":{"type":"Polygon","coordinates":[[[17.90208,59.2859],[17.9039,59.2864],[17.90565,59.286],[17.90566,59.28523],[17.90384,59.28473],[17.90209,59.28513],[17.90208,59.2859]]]},"properties":{"zone":3,"cell_type":"total isolation","proximity":835.4,"opportunity":5158,"population":60}},{"type":"Feature","id":479,"geometry":{"type":"Polygon","coordinates":[[[18.07608,59.30981],[18.07895,59.3106],[18.08183,59.30993],[18.08184,59.30848],[18.07897,59.30769],[18.07609,59.30835],[18.07608,59.30981]]]},"properties":{"zone":0,"cell_type":"inclusion","proximity":5382.8,"opportunity":15403.4,"population":2240}},{"type":"Feature","id":480,"geometry":{"type":"Polygon","coordinates":[[[17.84721,59.3608],[17.84838,59.36112],[17.84943,59.36088],[17.84943,59.36055],[17.84827,59.36022],[17.84722,59.36046],[17.84721,59.3608]]]},"properties":{"zone":3,"cell_type":"total isolation","proximity":1010,"opportunity":2943.9,"population":15}},{"type":"Feature","id":481,"geometry":{"type":"Polygon","coordinates":[[[18.04382,59.24738],[18.04507,59.24772],[18.04621,59.24746],[18.04622,59.24706],[18.04496,59.24672],[18.04382,59.24698],[18.04382,59.24738]]]},"properties":{"zone":3,"cell_type":"total isolation","proximity":1164.7,"opportunity":31.1,"population":18}},{"type":"Feature","id":482,"geometry":{"type":"Polygon","coordinates":[[[18.01875,59.30414],[18.0215,59.3049],[18.02426,59.30427],[18.02427,59.30289],[18.02152,59.30213],[18.01876,59.30276],[18.01875,59.30414]]]},"properties":{"zone":0,"cell_type":"inclusion","proximity":4024.3,"opportunity":11883,"population":453}},{"type":"Feature","id":483,"geometry":{"type":"Polygon","coordinates":[[[18.08465,59.31654],[18.08752,59.31733],[18.0904,59.31667],[18.09041,59.31521],[18.08754,59.31442],[18.08466,59.31509],[18.08465,59.31654]]]},"properties":{"zone":0,"cell_type":"inclusion","proximity":5154.5,"opportunity":12619.6,"population":1249}},{"type":"Feature","id":484,"geometry":{"type":"Polygon","coordinates":[[[18.0706,59.33137],[18.07303,59.33204],[18.07544,59.33148],[18.07545,59.33032],[18.07302,59.32965],[18.07061,59.3302],[18.0706,59.33137]]]},"properties":{"zone":0,"cell_type":"inclusion","proximity":6804.6,"opportunity":15422.6,"population":226}},{"type":"Feature","id":485,"geometry":{"type":"Polygon","coordinates":[[[17.90556,59.39106],[17.90838,59.39184],[17.91122,59.39119],[17.91123,59.38977],[17.90841,59.38899],[17.90558,59.38964],[17.90556,59.39106]]]},"properties":{"zone":3,"cell_type":"total isolation","proximity":1209.3,"opportunity":6811.5,"population":521}},{"type":"Feature","id":486,"geometry":{"type":"Polygon","coordinates":[[[17.88317,59.35124],[17.88584,59.35198],[17.88851,59.35137],[17.88853,59.35004],[17.88586,59.3493],[17.88319,59.34992],[17.88317,59.35124]]]},"properties":{"zone":3,"cell_type":"total isolation","proximity":1541.2,"opportunity":6913.3,"population":378}},{"type":"Feature","id":487,"geometry":{"type":"Polygon","coordinates":[[[17.94367,59.33303],[17.94645,59.33379],[17.94923,59.33315],[17.94924,59.33176],[17.94647,59.331],[17.94369,59.33163],[17.94367,59.33303]]]},"properties":{"zone":3,"cell_type":"total isolation","proximity":1916.3,"opportunity":9026.4,"population":471}},{"type":"Feature","id":488,"geometry":{"type":"Polygon","coordinates":[[[18.17239,59.24817],[18.17428,59.24869],[18.1761,59.24826],[18.17611,59.24745],[18.17422,59.24693],[18.1724,59.24735],[18.17239,59.24817]]]},"properties":{"zone":3,"cell_type":"total isolation","proximity":384.6,"opportunity":1952.9,"population":70}},{"type":"Feature","id":489,"geometry":{"type":"Polygon","coordinates":[[[17.92961,59.36521],[17.93173,59.3658],[17.93381,59.36532],[17.93382,59.36436],[17.9317,59.36377],[17.92962,59.36425],[17.92961,59.36521]]]},"properties":{"zone":3,"cell_type":"total isolation","proximity":1529.8,"opportunity":4844.2,"population":116}},{"type":"Feature","id":490,"geometry":{"type":"Polygon","coordinates":[[[18.09914,59.30157],[18.10201,59.30236],[18.10489,59.30169],[18.10491,59.30024],[18.10204,59.29945],[18.09916,59.30012],[18.09914,59.30157]]]},"properties":{"zone":0,"cell_type":"inclusion","proximity":3591.6,"opportunity":9457.6,"population":1111}},{"type":"Feature","id":491,"geometry":{"type":"Polygon","coordinates":[[[18.11114,59.2668],[18.11379,59.26753],[18.11644,59.26692],[18.11645,59.2656],[18.1138,59.26487],[18.11115,59.26548],[18.11114,59.2668]]]},"properties":{"zone":3,"cell_type":"total isolation","proximity":1886.2,"opportunity":6545.9,"population":364}},{"type":"Feature","id":492,"geometry":{"type":"Polygon","coordinates":[[[17.89147,59.37543],[17.89418,59.37618],[17.89689,59.37556],[17.8969,59.37422],[17.8942,59.37347],[17.89149,59.37409],[17.89147,59.37543]]]},"properties":{"zone":3,"cell_type":"total isolation","proximity":1478.1,"opportunity":6613.2,"population":406}},{"type":"Feature","id":493,"geometry":{"type":"Polygon","coordinates":[[[17.91133,59.39119],[17.91414,59.39196],[17.91696,59.39132],[17.91698,59.38991],[17.91417,59.38913],[17.91135,59.38978],[17.91133,59.39119]]]},"properties":{"zone":3,"cell_type":"total isolation","proximity":1211.2,"opportunity":6753.6,"population":508}},{"type":"Feature","id":494,"geometry":{"type":"Polygon","coordinates":[[[17.89584,59.42064],[17.8966,59.42085],[17.8972,59.42071],[17.8972,59.42065],[17.89645,59.42045],[17.89585,59.42058],[17.89584,59.42064]]]},"properties":{"zone":3,"cell_type":"total isolation","proximity":412.2,"opportunity":2216.4,"population":6}},{"type":"Feature","id":495,"geometry":{"type":"Polygon","coordinates":[[[18.0853,59.2597],[18.08799,59.26044],[18.09068,59.25982],[18.09069,59.25848],[18.088,59.25773],[18.08531,59.25836],[18.0853,59.2597]]]},"properties":{"zone":3,"cell_type":"total isolation","proximity":2285.2,"opportunity":8423.2,"population":396}},{"type":"Feature","id":496,"geometry":{"type":"Polygon","coordinates":[[[17.95863,59.30054],[17.96118,59.30125],[17.96372,59.30066],[17.96374,59.29942],[17.96118,59.29871],[17.95864,59.2993],[17.95863,59.30054]]]},"properties":{"zone":3,"cell_type":"total isolation","proximity":2107.1,"opportunity":9194.9,"population":294}},{"type":"Feature","id":497,"geometry":{"type":"Polygon","coordinates":[[[18.06689,59.25221],[18.06801,59.25251],[18.069,59.25228],[18.069,59.25198],[18.06789,59.25167],[18.06689,59.2519],[18.06689,59.25221]]]},"properties":{"zone":3,"cell_type":"total isolation","proximity":1727.9,"opportunity":4661.8,"population":13}},{"type":"Feature","id":498,"geometry":{"type":"Polygon","coordinates":[[[17.98716,59.34042],[17.98953,59.34107],[17.99187,59.34053],[17.99188,59.33941],[17.98952,59.33876],[17.98718,59.33929],[17.98716,59.34042]]]},"properties":{"zone":3,"cell_type":"total isolation","proximity":2498.2,"opportunity":7963.9,"population":196}},{"type":"Feature","id":499,"geometry":{"type":"Polygon","coordinates":[[[18.0477,59.26986],[18.05055,59.27065],[18.05342,59.26999],[18.05343,59.26854],[18.05058,59.26775],[18.04771,59.26841],[18.0477,59.26986]]]},"properties":{"zone":2,"cell_type":"social isolation","proximity":2515,"opportunity":10004.4,"population":565}},{"type":"Feature","id":500,"geometry":{"type":"Polygon","coordinates":[[[18.07932,59.28144],[18.08206,59.28219],[18.0848,59.28156],[18.08481,59.28019],[18.08208,59.27943],[18.07934,59.28007],[18.07932,59.28144]]]},"properties":{"zone":0,"cell_type":"inclusion","proximity":3369.7,"opportunity":9669.1,"population":439}},{"type":"Feature","id":501,"geometry":{"type":"Polygon","coordinates":[[[18.00688,59.33012],[18.00975,59.33091],[18.01263,59.33024],[18.01264,59.32879],[18.00977,59.328],[18.00689,59.32866],[18.00688,59.33012]]]},"properties":{"zone":0,"cell_type":"inclusion","proximity":4460.2,"opportunity":12512,"population":1490}},{"type":"Feature","id":502,"geometry":{"type":"Polygon","coordinates":[[[17.91577,59.29296],[17.91816,59.29362],[17.92053,59.29308],[17.92055,59.29193],[17.91815,59.29127],[17.91578,59.29182],[17.91577,59.29296]]]},"properties":{"zone":3,"cell_type":"total isolation","proximity":954.4,"opportunity":4727.9,"population":210}},{"type":"Feature","id":503,"geometry":{"type":"Polygon","coordinates":[[[17.98813,59.27048],[17.99024,59.27106],[17.99231,59.27058],[17.99232,59.26962],[17.99021,59.26904],[17.98814,59.26951],[17.98813,59.27048]]]},"properties":{"zone":3,"cell_type":"total isolation","proximity":1463.7,"opportunity":4930.3,"population":115}},{"type":"Feature","id":504,"geometry":{"type":"Polygon","coordinates":[[[18.05852,59.34435],[18.06139,59.34514],[18.06427,59.34448],[18.06429,59.34302],[18.06142,59.34223],[18.05853,59.3429],[18.05852,59.34435]]]},"properties":{"zone":0,"cell_type":"inclusion","proximity":6325.5,"opportunity":14400.7,"population":1071}},{"type":"Feature","id":505,"geometry":{"type":"Polygon","coordinates":[[[17.85984,59.36818],[17.86261,59.36895],[17.86539,59.36831],[17.86541,59.36692],[17.86264,59.36615],[17.85985,59.36679],[17.85984,59.36818]]]},"properties":{"zone":3,"cell_type":"total isolation","proximity":1374.5,"opportunity":6269.7,"population":472}},{"type":"Feature","id":506,"geometry":{"type":"Polygon","coordinates":[[[18.12821,59.26722],[18.13102,59.26799],[18.13384,59.26734],[18.13385,59.26592],[18.13104,59.26514],[18.12822,59.2658],[18.12821,59.26722]]]},"properties":{"zone":3,"cell_type":"total isolation","proximity":1558.4,"opportunity":8630.7,"population":516}},{"type":"Feature","id":507,"geometry":{"type":"Polygon","coordinates":[[[17.98138,59.29243],[17.98425,59.29322],[17.98713,59.29256],[17.98714,59.2911],[17.98428,59.29031],[17.98139,59.29097],[17.98138,59.29243]]]},"properties":{"zone":3,"cell_type":"total isolation","proximity":2472.9,"opportunity":8058,"population":634}},{"type":"Feature","id":508,"geometry":{"type":"Polygon","coordinates":[[[17.85675,59.38338],[17.85954,59.38415],[17.86234,59.38351],[17.86236,59.38211],[17.85957,59.38133],[17.85677,59.38197],[17.85675,59.38338]]]},"properties":{"zone":3,"cell_type":"total isolation","proximity":1073,"opportunity":5906.7,"population":489}},{"type":"Feature","id":509,"geometry":{"type":"Polygon","coordinates":[[[18.00679,59.33884],[18.00966,59.33964],[18.01254,59.33897],[18.01256,59.33752],[18.00969,59.33673],[18.00681,59.33739],[18.00679,59.33884]]]},"properties":{"zone":0,"cell_type":"inclusion","proximity":4037.1,"opportunity":11554.1,"population":1439}},{"type":"Feature","id":510,"geometry":{"type":"Polygon","coordinates":[[[17.97619,59.28342],[17.97861,59.28409],[17.981,59.28354],[17.98102,59.28238],[17.9786,59.28171],[17.9762,59.28226],[17.97619,59.28342]]]},"properties":{"zone":3,"cell_type":"total isolation","proximity":2113,"opportunity":8030.2,"population":220}},{"type":"Feature","id":511,"geometry":{"type":"Polygon","coordinates":[[[17.9404,59.36569],[17.94321,59.36647],[17.94603,59.36582],[17.94605,59.3644],[17.94324,59.36363],[17.94042,59.36428],[17.9404,59.36569]]]},"properties":{"zone":3,"cell_type":"total isolation","proximity":1414.7,"opportunity":4475.8,"population":509}},{"type":"Feature","id":512,"geometry":{"type":"Polygon","coordinates":[[[17.93546,59.28702],[17.93832,59.28781],[17.9412,59.28715],[17.94122,59.28569],[17.93836,59.2849],[17.93548,59.28556],[17.93546,59.28702]]]},"properties":{"zone":3,"cell_type":"total isolation","proximity":1383.4,"opportunity":5708.6,"population":773}},{"type":"Feature","id":513,"geometry":{"type":"Polygon","coordinates":[[[18.02194,59.27144],[18.02468,59.2722],[18.02743,59.27156],[18.02744,59.27019],[18.0247,59.26943],[18.02196,59.27007],[18.02194,59.27144]]]},"properties":{"zone":3,"cell_type":"total isolation","proximity":2182.1,"opportunity":7324.9,"population":443}},{"type":"Feature","id":514,"geometry":{"type":"Polygon","coordinates":[[[18.06764,59.29432],[18.07045,59.29509],[18.07328,59.29444],[18.07329,59.29302],[18.07047,59.29224],[18.06765,59.2929],[18.06764,59.29432]]]},"properties":{"zone":0,"cell_type":"inclusion","proximity":3951.2,"opportunity":11042.3,"population":517}},{"type":"Feature","id":515,"geometry":{"type":"Polygon","coordinates":[[[17.90689,59.27325],[17.90975,59.27405],[17.91263,59.27339],[17.91265,59.27193],[17.90978,59.27114],[17.9069,59.2718],[17.90689,59.27325]]]},"properties":{"zone":3,"cell_type":"total isolation","proximity":696.1,"opportunity":6234,"population":813}},{"type":"Feature","id":516,"geometry":{"type":"Polygon","coordinates":[[[18.12606,59.32141],[18.12778,59.32189],[18.12943,59.32151],[18.12944,59.3208],[18.12771,59.32033],[18.12606,59.32071],[18.12606,59.32141]]]},"properties":{"zone":3,"cell_type":"total isolation","proximity":2286,"opportunity":4994.8,"population":49}},{"type":"Feature","id":517,"geometry":{"type":"Polygon","coordinates":[[[17.89511,59.34268],[17.89746,59.34333],[17.89978,59.3428],[17.8998,59.34169],[17.89745,59.34104],[17.89513,59.34157],[17.89511,59.34268]]]},"properties":{"zone":3,"cell_type":"total isolation","proximity":1432.3,"opportunity":7135.4,"population":189}},{"type":"Feature","id":518,"geometry":{"type":"Polygon","coordinates":[[[17.92565,59.40674],[17.92836,59.40749],[17.93108,59.40687],[17.93109,59.40552],[17.92838,59.40477],[17.92567,59.40539],[17.92565,59.40674]]]},"properties":{"zone":3,"cell_type":"total isolation","proximity":937.8,"opportunity":5924.9,"population":411}},{"type":"Feature","id":519,"geometry":{"type":"Polygon","coordinates":[[[18.08811,59.24451],[18.09098,59.24531],[18.09386,59.24464],[18.09387,59.24318],[18.091,59.24239],[18.08813,59.24306],[18.08811,59.24451]]]},"properties":{"zone":3,"cell_type":"total isolation","proximity":1539.1,"opportunity":8173.1,"population":689}},{"type":"Feature","id":520,"geometry":{"type":"Polygon","coordinates":[[[18.02803,59.26275],[18.03052,59.26343],[18.03299,59.26286],[18.033,59.26166],[18.03052,59.26097],[18.02805,59.26154],[18.02803,59.26275]]]},"properties":{"zone":3,"cell_type":"total isolation","proximity":1780.8,"opportunity":6801.8,"population":256}},{"type":"Feature","id":521,"geometry":{"type":"Polygon","coordinates":[[[17.90897,59.35838],[17.91165,59.35912],[17.91432,59.35851],[17.91434,59.35718],[17.91166,59.35644],[17.90898,59.35705],[17.90897,59.35838]]]},"properties":{"zone":3,"cell_type":"total isolation","proximity":1688.2,"opportunity":6039.8,"population":383}},{"type":"Feature","id":522,"geometry":{"type":"Polygon","coordinates":[[[17.87492,59.40087],[17.87664,59.40135],[17.87828,59.40097],[17.87829,59.40028],[17.87657,59.39981],[17.87493,59.40018],[17.87492,59.40087]]]},"properties":{"zone":3,"cell_type":"total isolation","proximity":798.8,"opportunity":2257.1,"population":48}},{"type":"Feature","id":523,"geometry":{"type":"Polygon","coordinates":[[[18.04478,59.37211],[18.04679,59.37267],[18.04874,59.37222],[18.04875,59.37133],[18.04674,59.37078],[18.04479,59.37123],[18.04478,59.37211]]]},"properties":{"zone":3,"cell_type":"total isolation","proximity":2094.1,"opportunity":7743.3,"population":90}},{"type":"Feature","id":524,"geometry":{"type":"Polygon","coordinates":[[[17.80871,59.36676],[17.81086,59.36736],[17.81297,59.36688],[17.81299,59.3659],[17.81084,59.3653],[17.80872,59.36578],[17.80871,59.36676]]]},"properties":{"zone":3,"cell_type":"total isolation","proximity":630.4,"opportunity":2137.5,"population":124}},{"type":"Feature","id":525,"geometry":{"type":"Polygon","coordinates":[[[17.96951,59.34015],[17.97226,59.34091],[17.97501,59.34028],[17.97502,59.3389],[17.97228,59.33814],[17.96953,59.33878],[17.96951,59.34015]]]},"properties":{"zone":3,"cell_type":"total isolation","proximity":2385.5,"opportunity":9063.6,"population":443}},{"type":"Feature","id":526,"geometry":{"type":"Polygon","coordinates":[[[17.95631,59.27637],[17.95858,59.277],[17.96081,59.27648],[17.96083,59.27542],[17.95856,59.27479],[17.95632,59.2753],[17.95631,59.27637]]]},"properties":{"zone":3,"cell_type":"total isolation","proximity":1428.1,"opportunity":5767.9,"population":161}},{"type":"Feature","id":527,"geometry":{"type":"Polygon","coordinates":[[[18.04197,59.31329],[18.04443,59.31396],[18.04686,59.3134],[18.04687,59.31222],[18.04442,59.31154],[18.04198,59.31211],[18.04197,59.31329]]]},"properties":{"zone":0,"cell_type":"inclusion","proximity":5054.4,"opportunity":11077.6,"population":237}},{"type":"Feature","id":528,"geometry":{"type":"Polygon","coordinates":[[[18.03861,59.3199],[18.04148,59.3207],[18.04436,59.32003],[18.04437,59.31858],[18.0415,59.31778],[18.03862,59.31845],[18.03861,59.3199]]]},"properties":{"zone":0,"cell_type":"inclusion","proximity":4881.4,"opportunity":12088.7,"population":804}},{"type":"Feature","id":529,"geometry":{"type":"Polygon","coordinates":[[[17.99278,59.31883],[17.99548,59.31958],[17.99819,59.31896],[17.9982,59.31761],[17.9955,59.31686],[17.99279,59.31748],[17.99278,59.31883]]]},"properties":{"zone":1,"cell_type":"spatial isolation","proximity":2989.4,"opportunity":8024.2,"population":408}},{"type":"Feature","id":530,"geometry":{"type":"Polygon","coordinates":[[[18.12067,59.24272],[18.12262,59.24326],[18.12451,59.24282],[18.12452,59.24196],[18.12257,59.24142],[18.12067,59.24186],[18.12067,59.24272]]]},"properties":{"zone":3,"cell_type":"total isolation","proximity":903,"opportunity":5596.6,"population":81}},{"type":"Feature","id":531,"geometry":{"type":"Polygon","coordinates":[[[18.09335,59.35806],[18.09582,59.35874],[18.09828,59.35818],[18.09829,59.35698],[18.09581,59.3563],[18.09336,59.35687],[18.09335,59.35806]]]},"properties":{"zone":0,"cell_type":"inclusion","proximity":3030.2,"opportunity":9422.8,"population":246}},{"type":"Feature","id":532,"geometry":{"type":"Polygon","coordinates":[[[18.00743,59.31254],[18.00993,59.31323],[18.01241,59.31266],[18.01242,59.31145],[18.00993,59.31076],[18.00745,59.31133],[18.00743,59.31254]]]},"properties":{"zone":0,"cell_type":"inclusion","proximity":3772.4,"opportunity":10545.1,"population":261}},{"type":"Feature","id":533,"geometry":{"type":"Polygon","coordinates":[[[17.94931,59.33754],[17.95215,59.33832],[17.955,59.33767],[17.95501,59.33624],[17.95218,59.33545],[17.94933,59.33611],[17.94931,59.33754]]]},"properties":{"zone":2,"cell_type":"social isolation","proximity":2296.8,"opportunity":11547.4,"population":541}},{"type":"Feature","id":534,"geometry":{"type":"Polygon","coordinates":[[[17.94282,59.40716],[17.94563,59.40794],[17.94846,59.40729],[17.94847,59.40588],[17.94566,59.40511],[17.94284,59.40575],[17.94282,59.40716]]]},"properties":{"zone":3,"cell_type":"total isolation","proximity":956.5,"opportunity":7151.1,"population":508}},{"type":"Feature","id":535,"geometry":{"type":"Polygon","coordinates":[[[18.00762,59.26022],[18.01043,59.26099],[18.01324,59.26034],[18.01325,59.25893],[18.01045,59.25815],[18.00764,59.2588],[18.00762,59.26022]]]},"properties":{"zone":3,"cell_type":"total isolation","proximity":1458.4,"opportunity":7438.7,"population":507}},{"type":"Feature","id":536,"geometry":{"type":"Polygon","coordinates":[[[18.0621,59.26362],[18.06497,59.26442],[18.06785,59.26375],[18.06786,59.26229],[18.06499,59.2615],[18.06212,59.26217],[18.0621,59.26362]]]},"properties":{"zone":3,"cell_type":"total isolation","proximity":2294.8,"opportunity":8526.2,"population":708}},{"type":"Feature","id":537,"geometry":{"type":"Polygon","coordinates":[[[17.80525,59.37338],[17.80788,59.37411],[17.8105,59.37351],[17.81052,59.37222],[17.80789,59.37149],[17.80527,59.37209],[17.80525,59.37338]]]},"properties":{"zone":3,"cell_type":"total isolation","proximity":680.5,"opportunity":2947.4,"population":343}},{"type":"Feature","id":538,"geometry":{"type":"Polygon","coordinates":[[[18.05348,59.27433],[18.05626,59.2751],[18.05905,59.27446],[18.05906,59.27306],[18.05628,59.27229],[18.05349,59.27293],[18.05348,59.27433]]]},"properties":{"zone":2,"cell_type":"social isolation","proximity":2703.4,"opportunity":9748.6,"population":483}},{"type":"Feature","id":539,"geometry":{"type":"Polygon","coordinates":[[[18.0561,59.29844],[18.05892,59.29921],[18.06175,59.29856],[18.06176,59.29714],[18.05894,59.29636],[18.05611,59.29701],[18.0561,59.29844]]]},"properties":{"zone":0,"cell_type":"inclusion","proximity":3971.5,"opportunity":10689.7,"population":522}},{"type":"Feature","id":540,"geometry":{"type":"Polygon","coordinates":[[[17.87671,59.28298],[17.87809,59.28336],[17.87937,59.28307],[17.87938,59.28259],[17.878,59.28221],[17.87672,59.2825],[17.87671,59.28298]]]},"properties":{"zone":3,"cell_type":"total isolation","proximity":395.2,"opportunity":2027.8,"population":24}},{"type":"Feature","id":541,"geometry":{"type":"Polygon","coordinates":[[[18.08761,59.31005],[18.09045,59.31083],[18.09329,59.31017],[18.09331,59.30873],[18.09047,59.30795],[18.08762,59.30861],[18.08761,59.31005]]]},"properties":{"zone":0,"cell_type":"inclusion","proximity":4720.6,"opportunity":11474.4,"population":542}},{"type":"Feature","id":542,"geometry":{"type":"Polygon","coordinates":[[[17.81063,59.38231],[17.8135,59.38311],[17.81639,59.38245],[17.81641,59.381],[17.81354,59.3802],[17.81065,59.38086],[17.81063,59.38231]]]},"properties":{"zone":3,"cell_type":"total isolation","proximity":773.8,"opportunity":3735.3,"population":634}},{"type":"Feature","id":543,"geometry":{"type":"Polygon","coordinates":[[[18.09094,59.26421],[18.0937,59.26497],[18.09645,59.26433],[18.09646,59.26295],[18.09371,59.26219],[18.09096,59.26283],[18.09094,59.26421]]]},"properties":{"zone":3,"cell_type":"total isolation","proximity":2369.6,"opportunity":7646.7,"population":453}},{"type":"Feature","id":544,"geometry":{"type":"Polygon","coordinates":[[[17.94405,59.2894],[17.94692,59.29019],[17.9498,59.28953],[17.94982,59.28807],[17.94695,59.28728],[17.94407,59.28794],[17.94405,59.2894]]]},"properties":{"zone":3,"cell_type":"total isolation","proximity":1668.6,"opportunity":7098.9,"population":706}},{"type":"Feature","id":545,"geometry":{"type":"Polygon","coordinates":[[[18.04428,59.32876],[18.04715,59.32955],[18.05003,59.32889],[18.05004,59.32743],[18.04717,59.32664],[18.04429,59.32731],[18.04428,59.32876]]]},"properties":{"zone":0,"cell_type":"inclusion","proximity":6018,"opportunity":14007.8,"population":1564}},{"type":"Feature","id":546,"geometry":{"type":"Polygon","coordinates":[[[17.99534,59.33422],[17.9982,59.33501],[18.00107,59.33435],[18.00108,59.3329],[17.99823,59.33211],[17.99536,59.33277],[17.99534,59.33422]]]},"properties":{"zone":0,"cell_type":"inclusion","proximity":3642.2,"opportunity":12373.7,"population":563}},{"type":"Feature","id":547,"geometry":{"type":"Polygon","coordinates":[[[17.83095,59.37623],[17.83373,59.377],[17.83653,59.37636],[17.83654,59.37496],[17.83376,59.37419],[17.83096,59.37483],[17.83095,59.37623]]]},"properties":{"zone":3,"cell_type":"total isolation","proximity":1049.4,"opportunity":5361.2,"population":483}},{"type":"Feature","id":548,"geometry":{"type":"Polygon","coordinates":[[[17.90919,59.35397],[17.9117,59.35467],[17.91421,59.35409],[17.91423,59.35287],[17.91171,59.35217],[17.9092,59.35275],[17.90919,59.35397]]]},"properties":{"zone":3,"cell_type":"total isolation","proximity":1641.3,"opportunity":6020.7,"population":273}},{"type":"Feature","id":549,"geometry":{"type":"Polygon","coordinates":[[[17.90166,59.33388],[17.90334,59.33434],[17.90495,59.33398],[17.90496,59.3333],[17.90327,59.33284],[17.90167,59.3332],[17.90166,59.33388]]]},"properties":{"zone":3,"cell_type":"total isolation","proximity":1210.9,"opportunity":5918.5,"population":45}},{"type":"Feature","id":550,"geometry":{"type":"Polygon","coordinates":[[[18.05636,59.2635],[18.05923,59.26429],[18.0621,59.26362],[18.06212,59.26217],[18.05925,59.26138],[18.05637,59.26204],[18.05636,59.2635]]]},"properties":{"zone":3,"cell_type":"total isolation","proximity":1843.4,"opportunity":7849.6,"population":783}},{"type":"Feature","id":551,"geometry":{"type":"Polygon","coordinates":[[[17.93118,59.41562],[17.93402,59.4164],[17.93687,59.41575],[17.93688,59.41432],[17.93405,59.41354],[17.9312,59.41419],[17.93118,59.41562]]]},"properties":{"zone":3,"cell_type":"total isolation","proximity":593.8,"opportunity":5242.6,"population":536}},{"type":"Feature","id":552,"geometry":{"type":"Polygon","coordinates":[[[18.08821,59.27501],[18.09074,59.2757],[18.09326,59.27512],[18.09327,59.27389],[18.09074,59.27319],[18.08822,59.27377],[18.08821,59.27501]]]},"properties":{"zone":1,"cell_type":"spatial isolation","proximity":2953.9,"opportunity":8051.3,"population":281}},{"type":"Feature","id":553,"geometry":{"type":"Polygon","coordinates":[[[17.92398,59.28675],[17.92683,59.28754],[17.9297,59.28688],[17.92972,59.28544],[17.92687,59.28465],[17.924,59.2853],[17.92398,59.28675]]]},"properties":{"zone":3,"cell_type":"total isolation","proximity":1171.4,"opportunity":6957.7,"population":561}},{"type":"Feature","id":554,"geometry":{"type":"Polygon","coordinates":[[[18.04424,59.33313],[18.04711,59.33392],[18.04999,59.33325],[18.05,59.3318],[18.04713,59.33101],[18.04425,59.33167],[18.04424,59.33313]]]},"properties":{"zone":0,"cell_type":"inclusion","proximity":6344.5,"opportunity":14216.2,"population":1854}},{"type":"Feature","id":555,"geometry":{"type":"Polygon","coordinates":[[[17.99257,59.32325],[17.99543,59.32404],[17.99832,59.32338],[17.99833,59.32192],[17.99546,59.32113],[17.99258,59.32179],[17.99257,59.32325]]]},"properties":{"zone":0,"cell_type":"inclusion","proximity":3641.1,"opportunity":9498.4,"population":952}},{"type":"Feature","id":556,"geometry":{"type":"Polygon","coordinates":[[[18.10243,59.31675],[18.10479,59.3174],[18.10711,59.31686],[18.10712,59.31575],[18.10477,59.3151],[18.10244,59.31564],[18.10243,59.31675]]]},"properties":{"zone":0,"cell_type":"inclusion","proximity":4049.8,"opportunity":9607.6,"population":191}},{"type":"Feature","id":557,"geometry":{"type":"Polygon","coordinates":[[[17.86646,59.3724],[17.86835,59.37292],[17.87017,59.3725],[17.87018,59.37169],[17.8683,59.37117],[17.86647,59.37159],[17.86646,59.3724]]]},"properties":{"zone":3,"cell_type":"total isolation","proximity":1409.8,"opportunity":6746.8,"population":70}},{"type":"Feature","id":558,"geometry":{"type":"Polygon","coordinates":[[[18.06632,59.24802],[18.06802,59.24849],[18.06965,59.24811],[18.06966,59.24742],[18.06795,59.24695],[18.06632,59.24733],[18.06632,59.24802]]]},"properties":{"zone":3,"cell_type":"total isolation","proximity":1488.6,"opportunity":5264.1,"population":48}},{"type":"Feature","id":559,"geometry":{"type":"Polygon","coordinates":[[[17.89697,59.38433],[17.89982,59.38512],[17.90269,59.38446],[17.90271,59.38302],[17.89986,59.38224],[17.89699,59.38289],[17.89697,59.38433]]]},"properties":{"zone":2,"cell_type":"social isolation","proximity":1361.9,"opportunity":10034.2,"population":554}},{"type":"Feature","id":560,"geometry":{"type":"Polygon","coordinates":[[[18.13845,59.26037],[18.13975,59.26072],[18.14093,59.26045],[18.14094,59.26003],[18.13964,59.25967],[18.13845,59.25994],[18.13845,59.26037]]]},"properties":{"zone":3,"cell_type":"total isolation","proximity":1208.4,"opportunity":5838.2,"population":20}},{"type":"Feature","id":561,"geometry":{"type":"Polygon","coordinates":[[[17.99042,59.28596],[17.99295,59.28666],[17.99546,59.28608],[17.99547,59.28485],[17.99295,59.28415],[17.99044,59.28473],[17.99042,59.28596]]]},"properties":{"zone":2,"cell_type":"social isolation","proximity":2518.1,"opportunity":9685.8,"population":276}},{"type":"Feature","id":562,"geometry":{"type":"Polygon","coordinates":[[[18.03672,59.28688],[18.03893,59.28749],[18.0411,59.28699],[18.04111,59.28597],[18.0389,59.28536],[18.03673,59.28586],[18.03672,59.28688]]]},"properties":{"zone":1,"cell_type":"spatial isolation","proximity":3044.1,"opportunity":8331.8,"population":140}},{"type":"Feature","id":563,"geometry":{"type":"Polygon","coordinates":[[[18.09315,59.33201],[18.09602,59.3328],[18.0989,59.33213],[18.09891,59.33068],[18.09604,59.32989],[18.09316,59.33055],[18.09315,59.33201]]]},"properties":{"zone":0,"cell_type":"inclusion","proximity":5076,"opportunity":11298.5,"population":667}},{"type":"Feature","id":564,"geometry":{"type":"Polygon","coordinates":[[[17.86557,59.37701],[17.86826,59.37775],[17.87095,59.37714],[17.87097,59.3758],[17.86828,59.37506],[17.86559,59.37567],[17.86557,59.37701]]]},"properties":{"zone":3,"cell_type":"total isolation","proximity":1317.7,"opportunity":6441.6,"population":392}},{"type":"Feature","id":565,"geometry":{"type":"Polygon","coordinates":[[[18.12076,59.25141],[18.12256,59.25191],[18.12428,59.25151],[18.12429,59.25076],[18.1225,59.25026],[18.12077,59.25066],[18.12076,59.25141]]]},"properties":{"zone":3,"cell_type":"total isolation","proximity":1264.9,"opportunity":6138.3,"population":58}},{"type":"Feature","id":566,"geometry":{"type":"Polygon","coordinates":[[[18.05346,59.2787],[18.05622,59.27946],[18.05899,59.27882],[18.059,59.27743],[18.05624,59.27667],[18.05347,59.27731],[18.05346,59.2787]]]},"properties":{"zone":0,"cell_type":"inclusion","proximity":2878.3,"opportunity":9478.7,"population":461}},{"type":"Feature","id":567,"geometry":{"type":"Polygon","coordinates":[[[18.02752,59.27598],[18.03038,59.27677],[18.03326,59.2761],[18.03328,59.27465],[18.03041,59.27386],[18.02753,59.27452],[18.02752,59.27598]]]},"properties":{"zone":3,"cell_type":"total isolation","proximity":2523.6,"opportunity":8136.9,"population":638}},{"type":"Feature","id":568,"geometry":{"type":"Polygon","coordinates":[[[18.09311,59.33637],[18.09598,59.33716],[18.09886,59.3365],[18.09888,59.33504],[18.09601,59.33425],[18.09312,59.33492],[18.09311,59.33637]]]},"properties":{"zone":0,"cell_type":"inclusion","proximity":4789.8,"opportunity":10603.8,"population":768}},{"type":"Feature","id":569,"geometry":{"type":"Polygon","coordinates":[[[18.10504,59.35825],[18.10734,59.35888],[18.1096,59.35836],[18.10961,59.35729],[18.10732,59.35666],[18.10505,59.35718],[18.10504,59.35825]]]},"properties":{"zone":2,"cell_type":"social isolation","proximity":2632.4,"opportunity":11952.3,"population":167}},{"type":"Feature","id":570,"geometry":{"type":"Polygon","coordinates":[[[17.98215,59.26606],[17.98453,59.26672],[17.98689,59.26618],[17.9869,59.26504],[17.98452,59.26438],[17.98216,59.26492],[17.98215,59.26606]]]},"properties":{"zone":3,"cell_type":"total isolation","proximity":1301,"opportunity":4921.5,"population":205}},{"type":"Feature","id":571,"geometry":{"type":"Polygon","coordinates":[[[17.91171,59.36935],[17.9144,59.3701],[17.91709,59.36948],[17.9171,59.36815],[17.91441,59.3674],[17.91172,59.36802],[17.91171,59.36935]]]},"properties":{"zone":3,"cell_type":"total isolation","proximity":1516.1,"opportunity":4409.2,"population":393}},{"type":"Feature","id":572,"geometry":{"type":"Polygon","coordinates":[[[18.07329,59.29883],[18.07616,59.29962],[18.07904,59.29895],[18.07906,59.2975],[18.07619,59.29671],[18.07331,59.29737],[18.07329,59.29883]]]},"properties":{"zone":0,"cell_type":"inclusion","proximity":4528.1,"opportunity":14437.5,"population":612}},{"type":"Feature","id":573,"geometry":{"type":"Polygon","coordinates":[[[17.95573,59.2896],[17.95842,59.29035],[17.96111,59.28973],[17.96112,59.28839],[17.95843,59.28765],[17.95574,59.28826],[17.95573,59.2896]]]},"properties":{"zone":3,"cell_type":"total isolation","proximity":1848.3,"opportunity":7921.7,"population":395}},{"type":"Feature","id":574,"geometry":{"type":"Polygon","coordinates":[[[17.92121,59.33669],[17.92342,59.3373],[17.92559,59.3368],[17.9256,59.33578],[17.9234,59.33517],[17.92122,59.33567],[17.92121,59.33669]]]},"properties":{"zone":3,"cell_type":"total isolation","proximity":1614.2,"opportunity":7531.1,"population":140}},{"type":"Feature","id":575,"geometry":{"type":"Polygon","coordinates":[[[17.89579,59.28158],[17.89818,59.28224],[17.90055,59.2817],[17.90056,59.28055],[17.89817,59.27989],[17.89581,59.28043],[17.89579,59.28158]]]},"properties":{"zone":3,"cell_type":"total isolation","proximity":675,"opportunity":6167.1,"population":207}},{"type":"Feature","id":576,"geometry":{"type":"Polygon","coordinates":[[[18.13287,59.32557],[18.13354,59.32576],[18.13406,59.32564],[18.13406,59.32562],[18.13339,59.32544],[18.13287,59.32556],[18.13287,59.32557]]]},"properties":{"zone":3,"cell_type":"total isolation","proximity":2248.9,"opportunity":5110.5,"population":5}},{"type":"Feature","id":577,"geometry":{"type":"Polygon","coordinates":[[[17.89193,59.34923],[17.8945,59.34994],[17.89706,59.34935],[17.89707,59.34809],[17.89451,59.34738],[17.89194,59.34797],[17.89193,59.34923]]]},"properties":{"zone":3,"cell_type":"total isolation","proximity":1608.3,"opportunity":8582.2,"population":305}},{"type":"Feature","id":578,"geometry":{"type":"Polygon","coordinates":[[[17.83096,59.38056],[17.83368,59.38132],[17.8364,59.3807],[17.83642,59.37934],[17.8337,59.37859],[17.83098,59.37921],[17.83096,59.38056]]]},"properties":{"zone":3,"cell_type":"total isolation","proximity":987,"opportunity":4346.4,"population":418}},{"type":"Feature","id":579,"geometry":{"type":"Polygon","coordinates":[[[18.10218,59.28198],[18.10504,59.28277],[18.10792,59.2821],[18.10793,59.28064],[18.10507,59.27985],[18.10219,59.28052],[18.10218,59.28198]]]},"properties":{"zone":3,"cell_type":"total isolation","proximity":2829.9,"opportunity":8698.7,"population":582}},{"type":"Feature","id":580,"geometry":{"type":"Polygon","coordinates":[[[18.0559,59.35509],[18.05843,59.35578],[18.06095,59.3552],[18.06096,59.35397],[18.05843,59.35328],[18.05592,59.35386],[18.0559,59.35509]]]},"properties":{"zone":0,"cell_type":"inclusion","proximity":4508,"opportunity":9327.2,"population":277}},{"type":"Feature","id":581,"geometry":{"type":"Polygon","coordinates":[[[17.96713,59.30295],[17.96977,59.30369],[17.97242,59.30308],[17.97243,59.30176],[17.96979,59.30103],[17.96714,59.30164],[17.96713,59.30295]]]},"properties":{"zone":3,"cell_type":"total isolation","proximity":2300.2,"opportunity":9143.5,"population":362}},{"type":"Feature","id":582,"geometry":{"type":"Polygon","coordinates":[[[18.00437,59.29294],[18.00723,59.29373],[18.01011,59.29307],[18.01013,59.29161],[18.00726,59.29082],[18.00438,59.29149],[18.00437,59.29294]]]},"properties":{"zone":1,"cell_type":"spatial isolation","proximity":3052.4,"opportunity":8582.4,"population":621}},{"type":"Feature","id":583,"geometry":{"type":"Polygon","coordinates":[[[18.10202,59.343],[18.10457,59.3437],[18.10711,59.34312],[18.10712,59.34188],[18.10457,59.34117],[18.10203,59.34176],[18.10202,59.343]]]},"properties":{"zone":0,"cell_type":"inclusion","proximity":3884.3,"opportunity":10003.4,"population":290}},{"type":"Feature","id":584,"geometry":{"type":"Polygon","coordinates":[[[17.87982,59.3839],[17.88256,59.38466],[17.88531,59.38403],[17.88533,59.38266],[17.88259,59.3819],[17.87984,59.38253],[17.87982,59.3839]]]},"properties":{"zone":3,"cell_type":"total isolation","proximity":1311.8,"opportunity":6444.1,"population":440}},{"type":"Feature","id":585,"geometry":{"type":"Polygon","coordinates":[[[18.0513,59.30673],[18.05314,59.30724],[18.05491,59.30683],[18.05491,59.30605],[18.05308,59.30555],[18.05131,59.30596],[18.0513,59.30673]]]},"properties":{"zone":1,"cell_type":"spatial isolation","proximity":4517.5,"opportunity":8601.6,"population":63}},{"type":"Feature","id":586,"geometry":{"type":"Polygon","coordinates":[[[18.07875,59.34694],[18.08151,59.34769],[18.08428,59.34706],[18.08429,59.34568],[18.08153,59.34492],[18.07877,59.34555],[18.07875,59.34694]]]},"properties":{"zone":0,"cell_type":"inclusion","proximity":5316,"opportunity":11574.5,"population":457}},{"type":"Feature","id":587,"geometry":{"type":"Polygon","coordinates":[[[18.13999,59.2761],[18.14246,59.27678],[18.14491,59.27621],[18.14492,59.27501],[18.14245,59.27433],[18.14,59.2749],[18.13999,59.2761]]]},"properties":{"zone":3,"cell_type":"total isolation","proximity":1504.8,"opportunity":6178.5,"population":246}},{"type":"Feature","id":588,"geometry":{"type":"Polygon","coordinates":[[[18.01855,59.31291],[18.02141,59.3137],[18.02429,59.31304],[18.02431,59.31158],[18.02144,59.31079],[18.01856,59.31146],[18.01855,59.31291]]]},"properties":{"zone":0,"cell_type":"inclusion","proximity":4376.8,"opportunity":14269.5,"population":821}},{"type":"Feature","id":589,"geometry":{"type":"Polygon","coordinates":[[[18.1482,59.2713],[18.14832,59.27133],[18.14832,59.27133],[18.1482,59.2713]]]},"properties":{"zone":3,"cell_type":"total isolation","proximity":1275.3,"opportunity":6145.6,"population":0}},{"type":"Feature","id":590,"geometry":{"type":"Polygon","coordinates":[[[18.01294,59.31709],[18.01563,59.31783],[18.01831,59.31721],[18.01833,59.31588],[18.01564,59.31514],[18.01296,59.31576],[18.01294,59.31709]]]},"properties":{"zone":0,"cell_type":"inclusion","proximity":3685.6,"opportunity":11260,"population":390}},{"type":"Feature","id":591,"geometry":{"type":"Polygon","coordinates":[[[17.94582,59.39634],[17.94863,59.39711],[17.95145,59.39646],[17.95147,59.39505],[17.94866,59.39428],[17.94584,59.39492],[17.94582,59.39634]]]},"properties":{"zone":3,"cell_type":"total isolation","proximity":998.1,"opportunity":5209.4,"population":507}},{"type":"Feature","id":592,"geometry":{"type":"Polygon","coordinates":[[[18.09308,59.34074],[18.09595,59.34153],[18.09883,59.34086],[18.09884,59.33941],[18.09597,59.33862],[18.09309,59.33928],[18.09308,59.34074]]]},"properties":{"zone":0,"cell_type":"inclusion","proximity":4854.7,"opportunity":12882,"population":1227}},{"type":"Feature","id":593,"geometry":{"type":"Polygon","coordinates":[[[17.90246,59.40335],[17.90258,59.40338],[17.90258,59.40338],[17.90246,59.40335]]]},"properties":{"zone":3,"cell_type":"total isolation","proximity":740.1,"opportunity":3268,"population":2}},{"type":"Feature","id":594,"geometry":{"type":"Polygon","coordinates":[[[17.89804,59.34925],[17.90026,59.34987],[17.90245,59.34937],[17.90247,59.34833],[17.90024,59.34772],[17.89805,59.34822],[17.89804,59.34925]]]},"properties":{"zone":3,"cell_type":"total isolation","proximity":1631.4,"opportunity":6749.3,"population":145}},{"type":"Feature","id":595,"geometry":{"type":"Polygon","coordinates":[[[18.08759,59.34924],[18.09014,59.34994],[18.09267,59.34935],[18.09268,59.34811],[18.09013,59.34741],[18.0876,59.34799],[18.08759,59.34924]]]},"properties":{"zone":0,"cell_type":"inclusion","proximity":4669.1,"opportunity":10102.4,"population":290}},{"type":"Feature","id":596,"geometry":{"type":"Polygon","coordinates":[[[17.93975,59.34539],[17.94063,59.34564],[17.94138,59.34547],[17.94138,59.34532],[17.94049,59.34507],[17.93975,59.34524],[17.93975,59.34539]]]},"properties":{"zone":3,"cell_type":"total isolation","proximity":1725.8,"opportunity":6460,"population":8}},{"type":"Feature","id":597,"geometry":{"type":"Polygon","coordinates":[[[17.99725,59.26834],[17.9989,59.26879],[18.00047,59.26843],[18.00047,59.26778],[17.99883,59.26732],[17.99726,59.26768],[17.99725,59.26834]]]},"properties":{"zone":3,"cell_type":"total isolation","proximity":1428.7,"opportunity":5191.8,"population":42}},{"type":"Feature","id":598,"geometry":{"type":"Polygon","coordinates":[[[18.09329,59.31455],[18.09616,59.31534],[18.09904,59.31467],[18.09905,59.31322],[18.09618,59.31243],[18.0933,59.31309],[18.09329,59.31455]]]},"properties":{"zone":0,"cell_type":"inclusion","proximity":4489.4,"opportunity":11985,"population":1399}},{"type":"Feature","id":599,"geometry":{"type":"Polygon","coordinates":[[[17.89537,59.33826],[17.89752,59.33885],[17.89963,59.33837],[17.89965,59.33738],[17.89749,59.33679],[17.89538,59.33727],[17.89537,59.33826]]]},"properties":{"zone":3,"cell_type":"total isolation","proximity":1298.3,"opportunity":6883.2,"population":125}},{"type":"Feature","id":600,"geometry":{"type":"Polygon","coordinates":[[[18.09389,59.24027],[18.09676,59.24106],[18.09963,59.24039],[18.09965,59.23893],[18.09678,59.23814],[18.0939,59.23881],[18.09389,59.24027]]]},"properties":{"zone":3,"cell_type":"total isolation","proximity":1222.3,"opportunity":7364.9,"population":608}},{"type":"Feature","id":601,"geometry":{"type":"Polygon","coordinates":[[[18.07948,59.27267],[18.08214,59.27341],[18.08479,59.27279],[18.0848,59.27147],[18.08215,59.27074],[18.07949,59.27136],[18.07948,59.27267]]]},"properties":{"zone":2,"cell_type":"social isolation","proximity":2787.2,"opportunity":10757.8,"population":368}},{"type":"Feature","id":602,"geometry":{"type":"Polygon","coordinates":[[[17.98188,59.30969],[17.98409,59.3103],[17.98627,59.3098],[17.98628,59.30877],[17.98407,59.30816],[17.98189,59.30866],[17.98188,59.30969]]]},"properties":{"zone":3,"cell_type":"total isolation","proximity":2785.4,"opportunity":9041.2,"population":142}},{"type":"Feature","id":603,"geometry":{"type":"Polygon","coordinates":[[[18.05304,59.31367],[18.05591,59.31446],[18.05879,59.3138],[18.0588,59.31234],[18.05594,59.31155],[18.05305,59.31222],[18.05304,59.31367]]]},"properties":{"zone":0,"cell_type":"inclusion","proximity":5498.7,"opportunity":14285.7,"population":1508}},{"type":"Feature","id":604,"geometry":{"type":"Polygon","coordinates":[[[18.05312,59.32235],[18.05584,59.3231],[18.05855,59.32248],[18.05857,59.32112],[18.05585,59.32037],[18.05314,59.321],[18.05312,59.32235]]]},"properties":{"zone":0,"cell_type":"inclusion","proximity":5624.9,"opportunity":12064.1,"population":415}},{"type":"Feature","id":605,"geometry":{"type":"Polygon","coordinates":[[[17.96094,59.33776],[17.96365,59.33851],[17.96637,59.33789],[17.96639,59.33654],[17.96367,59.33579],[17.96095,59.33641],[17.96094,59.33776]]]},"properties":{"zone":2,"cell_type":"social isolation","proximity":2473.2,"opportunity":9917.5,"population":416}},{"type":"Feature","id":606,"geometry":{"type":"Polygon","coordinates":[[[18.02249,59.26692],[18.02475,59.26754],[18.02696,59.26703],[18.02697,59.26597],[18.02472,59.26535],[18.0225,59.26586],[18.02249,59.26692]]]},"properties":{"zone":3,"cell_type":"total isolation","proximity":1930,"opportunity":6235.2,"population":154}},{"type":"Feature","id":607,"geometry":{"type":"Polygon","coordinates":[[[17.91862,59.40389],[17.91982,59.40422],[17.92089,59.40397],[17.9209,59.40362],[17.9197,59.40329],[17.91863,59.40354],[17.91862,59.40389]]]},"properties":{"zone":3,"cell_type":"total isolation","proximity":814.1,"opportunity":47.8,"population":16}},{"type":"Feature","id":608,"geometry":{"type":"Polygon","coordinates":[[[18.09402,59.24459],[18.09673,59.24534],[18.09944,59.24471],[18.09945,59.24335],[18.09674,59.24261],[18.09403,59.24323],[18.09402,59.24459]]]},"properties":{"zone":3,"cell_type":"total isolation","proximity":1400.6,"opportunity":8171.1,"population":413}},{"type":"Feature","id":609,"geometry":{"type":"Polygon","coordinates":[[[17.81716,59.36485],[17.81951,59.3655],[17.82183,59.36497],[17.82185,59.36386],[17.8195,59.36321],[17.81718,59.36374],[17.81716,59.36485]]]},"properties":{"zone":3,"cell_type":"total isolation","proximity":733.2,"opportunity":4304.5,"population":189}},{"type":"Feature","id":610,"geometry":{"type":"Polygon","coordinates":[[[17.92967,59.29125],[17.93253,59.29205],[17.93541,59.29139],[17.93543,59.28993],[17.93256,59.28914],[17.92968,59.2898],[17.92967,59.29125]]]},"properties":{"zone":3,"cell_type":"total isolation","proximity":1380.3,"opportunity":7060.7,"population":794}},{"type":"Feature","id":611,"geometry":{"type":"Polygon","coordinates":[[[17.98177,59.2836],[17.98435,59.28431],[17.98692,59.28372],[17.98693,59.28245],[17.98435,59.28174],[17.98178,59.28233],[17.98177,59.2836]]]},"properties":{"zone":3,"cell_type":"total isolation","proximity":2177.6,"opportunity":7540.5,"population":313}},{"type":"Feature","id":612,"geometry":{"type":"Polygon","coordinates":[[[17.80809,59.37129],[17.81078,59.37204],[17.81347,59.37142],[17.81349,59.37009],[17.8108,59.36934],[17.80811,59.36996],[17.80809,59.37129]]]},"properties":{"zone":3,"cell_type":"total isolation","proximity":705,"opportunity":2611.9,"population":393}},{"type":"Feature","id":613,"geometry":{"type":"Polygon","coordinates":[[[17.88436,59.403],[17.88528,59.40326],[17.88607,59.40308],[17.88607,59.40291],[17.88515,59.40265],[17.88436,59.40283],[17.88436,59.403]]]},"properties":{"zone":3,"cell_type":"total isolation","proximity":425.9,"opportunity":0.8,"population":9}},{"type":"Feature","id":614,"geometry":{"type":"Polygon","coordinates":[[[18.06172,59.30731],[18.06459,59.3081],[18.06747,59.30744],[18.06748,59.30598],[18.06462,59.30519],[18.06174,59.30586],[18.06172,59.30731]]]},"properties":{"zone":0,"cell_type":"inclusion","proximity":5042.7,"opportunity":11774.2,"population":826}},{"type":"Feature","id":615,"geometry":{"type":"Polygon","coordinates":[[[17.99865,59.2928],[18.00149,59.29359],[18.00434,59.29293],[18.00435,59.29149],[18.00151,59.29071],[17.99866,59.29137],[17.99865,59.2928]]]},"properties":{"zone":3,"cell_type":"total isolation","proximity":2653.7,"opportunity":7676.1,"population":547}},{"type":"Feature","id":616,"geometry":{"type":"Polygon","coordinates":[[[18.11705,59.30174],[18.11929,59.30236],[18.12148,59.30185],[18.12149,59.30081],[18.11926,59.30019],[18.11706,59.3007],[18.11705,59.30174]]]},"properties":{"zone":3,"cell_type":"total isolation","proximity":2685.6,"opportunity":6009.2,"population":148}},{"type":"Feature","id":617,"geometry":{"type":"Polygon","coordinates":[[[18.00126,59.31689],[18.00412,59.31768],[18.007,59.31702],[18.00702,59.31557],[18.00415,59.31477],[18.00127,59.31544],[18.00126,59.31689]]]},"properties":{"zone":1,"cell_type":"spatial isolation","proximity":3569.9,"opportunity":8941.4,"population":661}},{"type":"Feature","id":618,"geometry":{"type":"Polygon","coordinates":[[[17.87428,59.36632],[17.87702,59.36708],[17.87977,59.36645],[17.87978,59.36509],[17.87705,59.36433],[17.8743,59.36496],[17.87428,59.36632]]]},"properties":{"zone":3,"cell_type":"total isolation","proximity":1479.4,"opportunity":6488,"population":438}},{"type":"Feature","id":619,"geometry":{"type":"Polygon","coordinates":[[[17.90567,59.378],[17.90853,59.37879],[17.91141,59.37813],[17.91143,59.37668],[17.90857,59.37589],[17.90569,59.37655],[17.90567,59.378]]]},"properties":{"zone":3,"cell_type":"total isolation","proximity":1406.8,"opportunity":7559.7,"population":571}},{"type":"Feature","id":620,"geometry":{"type":"Polygon","coordinates":[[[18.10255,59.26443],[18.10519,59.26515],[18.10783,59.26454],[18.10784,59.26323],[18.1052,59.26251],[18.10256,59.26312],[18.10255,59.26443]]]},"properties":{"zone":3,"cell_type":"total isolation","proximity":1674,"opportunity":6409.4,"population":356}},{"type":"Feature","id":621,"geometry":{"type":"Polygon","coordinates":[[[18.08026,59.32036],[18.08178,59.32078],[18.08321,59.32045],[18.08322,59.31988],[18.0817,59.31946],[18.08027,59.31979],[18.08026,59.32036]]]},"properties":{"zone":0,"cell_type":"inclusion","proximity":5401.7,"opportunity":13645.5,"population":32}},{"type":"Feature","id":622,"geometry":{"type":"Polygon","coordinates":[[[18.18898,59.23563],[18.19157,59.23634],[18.19414,59.23574],[18.19415,59.23447],[18.19156,59.23376],[18.18899,59.23436],[18.18898,59.23563]]]},"properties":{"zone":3,"cell_type":"total isolation","proximity":159.5,"opportunity":6547.8,"population":316}},{"type":"Feature","id":623,"geometry":{"type":"Polygon","coordinates":[[[18.13116,59.2447],[18.13128,59.24473],[18.13128,59.24473],[18.13116,59.2447]]]},"properties":{"zone":3,"cell_type":"total isolation","proximity":700.8,"opportunity":8.4,"population":0}},{"type":"Feature","id":624,"geometry":{"type":"Polygon","coordinates":[[[17.85996,59.34785],[17.86008,59.34788],[17.86008,59.34788],[17.85996,59.34785]]]},"properties":{"zone":3,"cell_type":"total isolation","proximity":1057.2,"opportunity":807.8,"population":1}},{"type":"Feature","id":625,"geometry":{"type":"Polygon","coordinates":[[[18.06217,59.27232],[18.0649,59.27307],[18.06763,59.27244],[18.06764,59.27108],[18.06491,59.27033],[18.06219,59.27096],[18.06217,59.27232]]]},"properties":{"zone":3,"cell_type":"total isolation","proximity":2789.3,"opportunity":9224.1,"population":428}},{"type":"Feature","id":626,"geometry":{"type":"Polygon","coordinates":[[[18.01621,59.28438],[18.01882,59.2851],[18.02143,59.2845],[18.02144,59.28321],[18.01883,59.28249],[18.01622,59.28309],[18.01621,59.28438]]]},"properties":{"zone":3,"cell_type":"total isolation","proximity":2741.5,"opportunity":9220.4,"population":336}},{"type":"Feature","id":627,"geometry":{"type":"Polygon","coordinates":[[[17.89761,59.35807],[17.90015,59.35878],[17.90268,59.3582],[17.90269,59.35696],[17.90015,59.35626],[17.89762,59.35684],[17.89761,59.35807]]]},"properties":{"zone":3,"cell_type":"total isolation","proximity":1635.5,"opportunity":5613.6,"population":284}},{"type":"Feature","id":628,"geometry":{"type":"Polygon","coordinates":[[[17.93819,59.35456],[17.94048,59.35519],[17.94273,59.35467],[17.94274,59.3536],[17.94046,59.35297],[17.93821,59.35349],[17.93819,59.35456]]]},"properties":{"zone":3,"cell_type":"total isolation","proximity":1343.2,"opportunity":39.1,"population":164}},{"type":"Feature","id":629,"geometry":{"type":"Polygon","coordinates":[[[17.96438,59.28326],[17.9671,59.28401],[17.96983,59.28338],[17.96984,59.28202],[17.96712,59.28127],[17.9644,59.2819],[17.96438,59.28326]]]},"properties":{"zone":3,"cell_type":"total isolation","proximity":1925.5,"opportunity":8579.3,"population":426}},{"type":"Feature","id":630,"geometry":{"type":"Polygon","coordinates":[[[18.12094,59.33416],[18.12196,59.33444],[18.12285,59.33424],[18.12285,59.334],[18.12183,59.33372],[18.12094,59.33392],[18.12094,59.33416]]]},"properties":{"zone":1,"cell_type":"spatial isolation","proximity":3173.6,"opportunity":7985.8,"population":11}},{"type":"Feature","id":631,"geometry":{"type":"Polygon","coordinates":[[[18.05281,59.33986],[18.05568,59.34065],[18.05856,59.33999],[18.05857,59.33853],[18.0557,59.33774],[18.05282,59.33841],[18.05281,59.33986]]]},"properties":{"zone":0,"cell_type":"inclusion","proximity":6743.5,"opportunity":15058,"population":1123}},{"type":"Feature","id":632,"geometry":{"type":"Polygon","coordinates":[[[17.8539,59.38981],[17.85658,59.39055],[17.85927,59.38994],[17.85929,59.38861],[17.85661,59.38787],[17.85392,59.38848],[17.8539,59.38981]]]},"properties":{"zone":3,"cell_type":"total isolation","proximity":923.4,"opportunity":3449.3,"population":386}},{"type":"Feature","id":633,"geometry":{"type":"Polygon","coordinates":[[[17.83958,59.37426],[17.84239,59.37503],[17.84521,59.37439],[17.84522,59.37298],[17.84242,59.3722],[17.8396,59.37285],[17.83958,59.37426]]]},"properties":{"zone":3,"cell_type":"total isolation","proximity":1148.3,"opportunity":5145.3,"population":506}},{"type":"Feature","id":634,"geometry":{"type":"Polygon","coordinates":[[[17.91795,59.35195],[17.92036,59.35262],[17.92275,59.35207],[17.92277,59.35092],[17.92036,59.35025],[17.91796,59.3508],[17.91795,59.35195]]]},"properties":{"zone":3,"cell_type":"total isolation","proximity":1645.8,"opportunity":5256.8,"population":216}},{"type":"Feature","id":635,"geometry":{"type":"Polygon","coordinates":[[[18.09384,59.24901],[18.09669,59.24979],[18.09955,59.24913],[18.09956,59.24768],[18.09671,59.24689],[18.09385,59.24756],[18.09384,59.24901]]]},"properties":{"zone":3,"cell_type":"total isolation","proximity":1626.9,"opportunity":7066.5,"population":563}},{"type":"Feature","id":636,"geometry":{"type":"Polygon","coordinates":[[[18.10802,59.28643],[18.11076,59.28719],[18.11351,59.28655],[18.11352,59.28517],[18.11077,59.28442],[18.10803,59.28505],[18.10802,59.28643]]]},"properties":{"zone":3,"cell_type":"total isolation","proximity":2834.4,"opportunity":8719.7,"population":444}},{"type":"Feature","id":637,"geometry":{"type":"Polygon","coordinates":[[[18.0676,59.33352],[18.07013,59.33422],[18.07265,59.33364],[18.07266,59.33241],[18.07013,59.33171],[18.06761,59.33229],[18.0676,59.33352]]]},"properties":{"zone":0,"cell_type":"inclusion","proximity":6931.7,"opportunity":15326.2,"population":279}},{"type":"Feature","id":638,"geometry":{"type":"Polygon","coordinates":[[[17.92052,59.3847],[17.92287,59.38535],[17.9252,59.38482],[17.92521,59.38371],[17.92286,59.38306],[17.92053,59.38359],[17.92052,59.3847]]]},"properties":{"zone":3,"cell_type":"total isolation","proximity":1237.2,"opportunity":6436.4,"population":190}},{"type":"Feature","id":639,"geometry":{"type":"Polygon","coordinates":[[[17.95311,59.3047],[17.9554,59.30533],[17.95765,59.30481],[17.95766,59.30374],[17.95538,59.30311],[17.95313,59.30362],[17.95311,59.3047]]]},"properties":{"zone":3,"cell_type":"total isolation","proximity":1859.9,"opportunity":9131.4,"population":165}},{"type":"Feature","id":640,"geometry":{"type":"Polygon","coordinates":[[[17.88556,59.38838],[17.88827,59.38913],[17.89098,59.38851],[17.891,59.38716],[17.88829,59.38641],[17.88557,59.38703],[17.88556,59.38838]]]},"properties":{"zone":3,"cell_type":"total isolation","proximity":1154.4,"opportunity":6359.2,"population":412}},{"type":"Feature","id":641,"geometry":{"type":"Polygon","coordinates":[[[18.03837,59.34609],[18.04124,59.34688],[18.04412,59.34622],[18.04413,59.34476],[18.04126,59.34397],[18.03838,59.34464],[18.03837,59.34609]]]},"properties":{"zone":0,"cell_type":"inclusion","proximity":5717.8,"opportunity":13864.5,"population":2137}},{"type":"Feature","id":642,"geometry":{"type":"Polygon","coordinates":[[[18.03551,59.34384],[18.03838,59.34464],[18.04126,59.34397],[18.04128,59.34252],[18.03841,59.34173],[18.03552,59.34239],[18.03551,59.34384]]]},"properties":{"zone":0,"cell_type":"inclusion","proximity":5745.9,"opportunity":14219.2,"population":2664}},{"type":"Feature","id":643,"geometry":{"type":"Polygon","coordinates":[[[17.9399,59.40494],[17.94278,59.40573],[17.94566,59.40507],[17.94568,59.40362],[17.94281,59.40283],[17.93992,59.40349],[17.9399,59.40494]]]},"properties":{"zone":3,"cell_type":"total isolation","proximity":1052.6,"opportunity":7838.8,"population":746}},{"type":"Feature","id":644,"geometry":{"type":"Polygon","coordinates":[[[18.13087,59.28404],[18.13098,59.28407],[18.13098,59.28407],[18.13087,59.28404]]]},"properties":{"zone":3,"cell_type":"total isolation","proximity":1908.6,"opportunity":4896.6,"population":0}},{"type":"Feature","id":645,"geometry":{"type":"Polygon","coordinates":[[[18.10176,59.33438],[18.10463,59.33517],[18.10751,59.3345],[18.10752,59.33305],[18.10465,59.33226],[18.10177,59.33292],[18.10176,59.33438]]]},"properties":{"zone":0,"cell_type":"inclusion","proximity":4334.5,"opportunity":10272,"population":716}},{"type":"Feature","id":646,"geometry":{"type":"Polygon","coordinates":[[[17.9238,59.33467],[17.92631,59.33536],[17.9288,59.33479],[17.92882,59.33357],[17.92631,59.33288],[17.92381,59.33345],[17.9238,59.33467]]]},"properties":{"zone":3,"cell_type":"total isolation","proximity":1625.2,"opportunity":7826.3,"population":267}},{"type":"Feature","id":647,"geometry":{"type":"Polygon","coordinates":[[[18.09642,59.29929],[18.09916,59.30004],[18.10191,59.29941],[18.10192,59.29803],[18.09917,59.29728],[18.09643,59.29791],[18.09642,59.29929]]]},"properties":{"zone":0,"cell_type":"inclusion","proximity":3651,"opportunity":10329.2,"population":443}},{"type":"Feature","id":648,"geometry":{"type":"Polygon","coordinates":[[[18.03027,59.29568],[18.03308,59.29645],[18.03589,59.29581],[18.03591,59.29439],[18.0331,59.29361],[18.03028,59.29426],[18.03027,59.29568]]]},"properties":{"zone":0,"cell_type":"inclusion","proximity":3189.6,"opportunity":10334.9,"population":509}},{"type":"Feature","id":649,"geometry":{"type":"Polygon","coordinates":[[[17.89545,59.27733],[17.89822,59.27809],[17.90099,59.27746],[17.90101,59.27607],[17.89824,59.2753],[17.89547,59.27594],[17.89545,59.27733]]]},"properties":{"zone":3,"cell_type":"total isolation","proximity":659,"opportunity":6744.6,"population":468}},{"type":"Feature","id":650,"geometry":{"type":"Polygon","coordinates":[[[17.90419,59.33187],[17.90623,59.33244],[17.90822,59.33198],[17.90823,59.33107],[17.90619,59.33051],[17.9042,59.33096],[17.90419,59.33187]]]},"properties":{"zone":3,"cell_type":"total isolation","proximity":1192.5,"opportunity":5998.2,"population":98}},{"type":"Feature","id":651,"geometry":{"type":"Polygon","coordinates":[[[17.8397,59.38291],[17.84229,59.38362],[17.84486,59.38303],[17.84488,59.38177],[17.8423,59.38105],[17.83972,59.38164],[17.8397,59.38291]]]},"properties":{"zone":3,"cell_type":"total isolation","proximity":1002.6,"opportunity":4349.2,"population":312}},{"type":"Feature","id":652,"geometry":{"type":"Polygon","coordinates":[[[18.06515,59.26145],[18.06787,59.2622],[18.07058,59.26157],[18.07059,59.26022],[18.06788,59.25947],[18.06517,59.2601],[18.06515,59.26145]]]},"properties":{"zone":3,"cell_type":"total isolation","proximity":2145.6,"opportunity":7617.2,"population":416}},{"type":"Feature","id":653,"geometry":{"type":"Polygon","coordinates":[[[17.98728,59.31427],[17.98979,59.31497],[17.99228,59.31439],[17.99229,59.31318],[17.98979,59.31249],[17.9873,59.31306],[17.98728,59.31427]]]},"properties":{"zone":1,"cell_type":"spatial isolation","proximity":3047.3,"opportunity":6988.2,"population":264}},{"type":"Feature","id":654,"geometry":{"type":"Polygon","coordinates":[[[18.01892,59.32586],[18.02131,59.32652],[18.02368,59.32597],[18.02369,59.32483],[18.0213,59.32417],[18.01893,59.32472],[18.01892,59.32586]]]},"properties":{"zone":0,"cell_type":"inclusion","proximity":4850.8,"opportunity":11224.9,"population":207}},{"type":"Feature","id":655,"geometry":{"type":"Polygon","coordinates":[[[17.88125,59.27912],[17.88384,59.27984],[17.88642,59.27925],[17.88643,59.27797],[17.88385,59.27726],[17.88127,59.27785],[17.88125,59.27912]]]},"properties":{"zone":3,"cell_type":"total isolation","proximity":469.1,"opportunity":6176.9,"population":317}},{"type":"Feature","id":656,"geometry":{"type":"Polygon","coordinates":[[[17.96952,59.33145],[17.97234,59.33223],[17.97518,59.33158],[17.9752,59.33015],[17.97237,59.32937],[17.96953,59.33002],[17.96952,59.33145]]]},"properties":{"zone":2,"cell_type":"social isolation","proximity":2596.2,"opportunity":9948.4,"population":530}},{"type":"Feature","id":657,"geometry":{"type":"Polygon","coordinates":[[[18.03053,59.26075],[18.0334,59.26154],[18.03628,59.26087],[18.03629,59.25941],[18.03342,59.25862],[18.03055,59.25929],[18.03053,59.26075]]]},"properties":{"zone":3,"cell_type":"total isolation","proximity":1933.2,"opportunity":7103.2,"population":749}},{"type":"Feature","id":658,"geometry":{"type":"Polygon","coordinates":[[[17.90619,59.41258],[17.90816,59.41312],[17.91008,59.41269],[17.91009,59.41182],[17.90812,59.41128],[17.9062,59.41172],[17.90619,59.41258]]]},"properties":{"zone":3,"cell_type":"total isolation","proximity":712.8,"opportunity":5668.4,"population":84}},{"type":"Feature","id":659,"geometry":{"type":"Polygon","coordinates":[[[17.82255,59.36944],[17.82519,59.37017],[17.82783,59.36957],[17.82785,59.36826],[17.82521,59.36753],[17.82257,59.36813],[17.82255,59.36944]]]},"properties":{"zone":3,"cell_type":"total isolation","proximity":827.6,"opportunity":4305.6,"population":355}},{"type":"Feature","id":660,"geometry":{"type":"Polygon","coordinates":[[[17.96431,59.29199],[17.96701,59.29274],[17.96972,59.29211],[17.96974,59.29076],[17.96703,59.29001],[17.96432,59.29064],[17.96431,59.29199]]]},"properties":{"zone":2,"cell_type":"social isolation","proximity":2189.4,"opportunity":10551.2,"population":412}},{"type":"Feature","id":661,"geometry":{"type":"Polygon","coordinates":[[[18.0819,59.3012],[18.08477,59.30199],[18.08765,59.30132],[18.08766,59.29987],[18.08479,59.29908],[18.08191,59.29974],[18.0819,59.3012]]]},"properties":{"zone":0,"cell_type":"inclusion","proximity":4397.6,"opportunity":13303,"population":1304}},{"type":"Feature","id":662,"geometry":{"type":"Polygon","coordinates":[[[17.88965,59.40762],[17.89097,59.40798],[17.89218,59.40771],[17.89219,59.40727],[17.89087,59.40691],[17.88966,59.40719],[17.88965,59.40762]]]},"properties":{"zone":3,"cell_type":"total isolation","proximity":578.7,"opportunity":4506.1,"population":21}},{"type":"Feature","id":663,"geometry":{"type":"Polygon","coordinates":[[[18.06743,59.3118],[18.0703,59.31259],[18.07318,59.31193],[18.0732,59.31047],[18.07033,59.30968],[18.06745,59.31035],[18.06743,59.3118]]]},"properties":{"zone":0,"cell_type":"inclusion","proximity":5643.9,"opportunity":13252.8,"population":1398}},{"type":"Feature","id":664,"geometry":{"type":"Polygon","coordinates":[[[17.83957,59.36992],[17.84244,59.37071],[17.84533,59.37005],[17.84535,59.3686],[17.84248,59.3678],[17.83959,59.36846],[17.83957,59.36992]]]},"properties":{"zone":3,"cell_type":"total isolation","proximity":1081.8,"opportunity":6295,"population":613}},{"type":"Feature","id":665,"geometry":{"type":"Polygon","coordinates":[[[18.07975,59.24643],[18.08236,59.24715],[18.08496,59.24655],[18.08497,59.24526],[18.08236,59.24454],[18.07977,59.24515],[18.07975,59.24643]]]},"properties":{"zone":3,"cell_type":"total isolation","proximity":1527.8,"opportunity":6374.5,"population":330}},{"type":"Feature","id":666,"geometry":{"type":"Polygon","coordinates":[[[18.11116,59.25807],[18.11386,59.25882],[18.11655,59.25819],[18.11656,59.25684],[18.11387,59.2561],[18.11117,59.25673],[18.11116,59.25807]]]},"properties":{"zone":3,"cell_type":"total isolation","proximity":1731,"opportunity":8827.9,"population":402}},{"type":"Feature","id":667,"geometry":{"type":"Polygon","coordinates":[[[18.06783,59.3291],[18.07017,59.32974],[18.07249,59.32921],[18.0725,59.3281],[18.07016,59.32746],[18.06784,59.32799],[18.06783,59.3291]]]},"properties":{"zone":0,"cell_type":"inclusion","proximity":6584.7,"opportunity":13595.1,"population":186}},{"type":"Feature","id":668,"geometry":{"type":"Polygon","coordinates":[[[17.93517,59.33497],[17.9378,59.3357],[17.94044,59.33509],[17.94045,59.33379],[17.93782,59.33306],[17.93518,59.33367],[17.93517,59.33497]]]},"properties":{"zone":3,"cell_type":"total isolation","proximity":1840.6,"opportunity":9295.8,"population":353}},{"type":"Feature","id":669,"geometry":{"type":"Polygon","coordinates":[[[17.95802,59.34858],[17.96067,59.34931],[17.96331,59.34871],[17.96332,59.3474],[17.96068,59.34667],[17.95803,59.34728],[17.95802,59.34858]]]},"properties":{"zone":3,"cell_type":"total isolation","proximity":1967.6,"opportunity":8415.4,"population":359}},{"type":"Feature","id":670,"geometry":{"type":"Polygon","coordinates":[[[17.99703,59.26405],[17.99893,59.26457],[18.00077,59.26415],[18.00078,59.26333],[17.99888,59.2628],[17.99704,59.26322],[17.99703,59.26405]]]},"properties":{"zone":3,"cell_type":"total isolation","proximity":1304.5,"opportunity":5445.1,"population":73}},{"type":"Feature","id":671,"geometry":{"type":"Polygon","coordinates":[[[17.9212,59.36712],[17.92309,59.36764],[17.92491,59.36722],[17.92492,59.36642],[17.92304,59.3659],[17.92121,59.36631],[17.9212,59.36712]]]},"properties":{"zone":3,"cell_type":"total isolation","proximity":1432.9,"opportunity":4104.7,"population":70}},{"type":"Feature","id":672,"geometry":{"type":"Polygon","coordinates":[[[18.06773,59.27686],[18.0706,59.27765],[18.07348,59.27699],[18.07349,59.27553],[18.07063,59.27474],[18.06775,59.2754],[18.06773,59.27686]]]},"properties":{"zone":0,"cell_type":"inclusion","proximity":3036.9,"opportunity":9895.9,"population":635}},{"type":"Feature","id":673,"geometry":{"type":"Polygon","coordinates":[[[18.002,59.27312],[18.00456,59.27383],[18.00712,59.27324],[18.00713,59.27199],[18.00457,59.27128],[18.00202,59.27187],[18.002,59.27312]]]},"properties":{"zone":3,"cell_type":"total isolation","proximity":1762.2,"opportunity":6035.8,"population":301}},{"type":"Feature","id":674,"geometry":{"type":"Polygon","coordinates":[[[17.80776,59.38876],[17.81054,59.38953],[17.81333,59.38889],[17.81335,59.3875],[17.81057,59.38673],[17.80778,59.38736],[17.80776,59.38876]]]},"properties":{"zone":3,"cell_type":"total isolation","proximity":630.5,"opportunity":2687.8,"population":478}},{"type":"Feature","id":675,"geometry":{"type":"Polygon","coordinates":[[[17.88657,59.36636],[17.88856,59.36691],[17.8905,59.36646],[17.89051,59.36559],[17.88852,59.36504],[17.88658,59.36548],[17.88657,59.36636]]]},"properties":{"zone":3,"cell_type":"total isolation","proximity":1603.3,"opportunity":6265.2,"population":88}},{"type":"Feature","id":676,"geometry":{"type":"Polygon","coordinates":[[[17.9468,59.34824],[17.94917,59.34889],[17.95152,59.34835],[17.95153,59.34723],[17.94916,59.34657],[17.94681,59.34711],[17.9468,59.34824]]]},"properties":{"zone":3,"cell_type":"total isolation","proximity":1736.8,"opportunity":5760.6,"population":199}},{"type":"Feature","id":677,"geometry":{"type":"Polygon","coordinates":[[[18.07671,59.26168],[18.07936,59.26241],[18.082,59.2618],[18.08201,59.26049],[18.07936,59.25976],[18.07672,59.26037],[18.07671,59.26168]]]},"properties":{"zone":3,"cell_type":"total isolation","proximity":2354.4,"opportunity":8365.2,"population":361}},{"type":"Feature","id":678,"geometry":{"type":"Polygon","coordinates":[[[18.08736,59.33625],[18.09023,59.33704],[18.09311,59.33637],[18.09312,59.33492],[18.09025,59.33413],[18.08737,59.33479],[18.08736,59.33625]]]},"properties":{"zone":0,"cell_type":"inclusion","proximity":5468.1,"opportunity":12356.8,"population":1297}},{"type":"Feature","id":679,"geometry":{"type":"Polygon","coordinates":[[[17.97022,59.28771],[17.97281,59.28843],[17.9754,59.28784],[17.97541,59.28656],[17.97282,59.28584],[17.97023,59.28644],[17.97022,59.28771]]]},"properties":{"zone":3,"cell_type":"total isolation","proximity":2167.5,"opportunity":8207.9,"population":322}},{"type":"Feature","id":680,"geometry":{"type":"Polygon","coordinates":[[[18.10553,59.32328],[18.10762,59.32386],[18.10967,59.32338],[18.10967,59.32244],[18.10758,59.32187],[18.10554,59.32234],[18.10553,59.32328]]]},"properties":{"zone":1,"cell_type":"spatial isolation","proximity":3851.9,"opportunity":9205.2,"population":108}},{"type":"Feature","id":681,"geometry":{"type":"Polygon","coordinates":[[[17.98425,59.33819],[17.98667,59.33886],[17.98907,59.3383],[17.98908,59.33715],[17.98666,59.33648],[17.98426,59.33703],[17.98425,59.33819]]]},"properties":{"zone":2,"cell_type":"social isolation","proximity":2548.2,"opportunity":9329.5,"population":220}},{"type":"Feature","id":682,"geometry":{"type":"Polygon","coordinates":[[[17.84522,59.37877],[17.84808,59.37957],[17.85097,59.37891],[17.85099,59.37745],[17.84812,59.37666],[17.84523,59.37732],[17.84522,59.37877]]]},"properties":{"zone":3,"cell_type":"total isolation","proximity":1158.6,"opportunity":4654.9,"population":608}},{"type":"Feature","id":683,"geometry":{"type":"Polygon","coordinates":[[[17.92389,59.35638],[17.92607,59.35698],[17.92822,59.35649],[17.92823,59.35549],[17.92605,59.35488],[17.92391,59.35537],[17.92389,59.35638]]]},"properties":{"zone":3,"cell_type":"total isolation","proximity":1445.8,"opportunity":4977.6,"population":132}},{"type":"Feature","id":684,"geometry":{"type":"Polygon","coordinates":[[[18.04202,59.261],[18.04488,59.26179],[18.04776,59.26112],[18.04778,59.25967],[18.04491,59.25888],[18.04203,59.25954],[18.04202,59.261]]]},"properties":{"zone":3,"cell_type":"total isolation","proximity":2047.5,"opportunity":8146.8,"population":707}},{"type":"Feature","id":685,"geometry":{"type":"Polygon","coordinates":[[[18.03619,59.27833],[18.03898,59.2791],[18.04178,59.27845],[18.0418,59.27705],[18.039,59.27627],[18.0362,59.27692],[18.03619,59.27833]]]},"properties":{"zone":3,"cell_type":"total isolation","proximity":2643.6,"opportunity":7916.5,"population":494}},{"type":"Feature","id":686,"geometry":{"type":"Polygon","coordinates":[[[18.0623,59.281],[18.06483,59.2817],[18.06735,59.28111],[18.06736,59.27988],[18.06483,59.27918],[18.06231,59.27976],[18.0623,59.281]]]},"properties":{"zone":0,"cell_type":"inclusion","proximity":2982.3,"opportunity":9561.3,"population":282}},{"type":"Feature","id":687,"geometry":{"type":"Polygon","coordinates":[[[18.10253,59.24262],[18.10536,59.2434],[18.10819,59.24275],[18.1082,59.24132],[18.10538,59.24054],[18.10255,59.2412],[18.10253,59.24262]]]},"properties":{"zone":3,"cell_type":"total isolation","proximity":1304.2,"opportunity":7409.8,"population":527}},{"type":"Feature","id":688,"geometry":{"type":"Polygon","coordinates":[[[18.11659,59.28009],[18.11943,59.28087],[18.12227,59.28021],[18.12228,59.27878],[18.11945,59.278],[18.11661,59.27866],[18.11659,59.28009]]]},"properties":{"zone":3,"cell_type":"total isolation","proximity":2315.9,"opportunity":8339.4,"population":538}},{"type":"Feature","id":689,"geometry":{"type":"Polygon","coordinates":[[[17.99057,59.28156],[17.99299,59.28223],[17.9954,59.28168],[17.99541,59.28051],[17.99299,59.27984],[17.99058,59.28039],[17.99057,59.28156]]]},"properties":{"zone":3,"cell_type":"total isolation","proximity":2241.7,"opportunity":8592.7,"population":225}},{"type":"Feature","id":690,"geometry":{"type":"Polygon","coordinates":[[[17.92569,59.38936],[17.92855,59.39015],[17.93143,59.38949],[17.93145,59.38804],[17.92859,59.38725],[17.92571,59.38791],[17.92569,59.38936]]]},"properties":{"zone":3,"cell_type":"total isolation","proximity":1169.2,"opportunity":9109.2,"population":568}},{"type":"Feature","id":691,"geometry":{"type":"Polygon","coordinates":[[[18.12529,59.26499],[18.12816,59.26578],[18.13104,59.26511],[18.13105,59.26366],[18.12818,59.26287],[18.12531,59.26353],[18.12529,59.26499]]]},"properties":{"zone":3,"cell_type":"total isolation","proximity":1591.7,"opportunity":8528.6,"population":690}},{"type":"Feature","id":692,"geometry":{"type":"Polygon","coordinates":[[[18.01885,59.29105],[18.02162,59.29182],[18.02441,59.29117],[18.02442,59.28978],[18.02164,59.28901],[18.01886,59.28965],[18.01885,59.29105]]]},"properties":{"zone":3,"cell_type":"total isolation","proximity":2514.1,"opportunity":7826.1,"population":479}},{"type":"Feature","id":693,"geometry":{"type":"Polygon","coordinates":[[[18.18719,59.24615],[18.18867,59.24656],[18.19006,59.24624],[18.19006,59.24569],[18.18858,59.24528],[18.18719,59.24561],[18.18719,59.24615]]]},"properties":{"zone":3,"cell_type":"total isolation","proximity":234.1,"opportunity":5010.7,"population":30}},{"type":"Feature","id":694,"geometry":{"type":"Polygon","coordinates":[[[17.8941,59.38209],[17.89697,59.38288],[17.89986,59.38222],[17.89987,59.38077],[17.89701,59.37998],[17.89412,59.38064],[17.8941,59.38209]]]},"properties":{"zone":2,"cell_type":"social isolation","proximity":1438.4,"opportunity":10399,"population":612}},{"type":"Feature","id":695,"geometry":{"type":"Polygon","coordinates":[[[18.01628,59.28],[18.01886,59.28072],[18.02144,59.28012],[18.02145,59.27885],[18.01887,59.27814],[18.01629,59.27873],[18.01628,59.28]]]},"properties":{"zone":2,"cell_type":"social isolation","proximity":2434.2,"opportunity":9542.3,"population":317}},{"type":"Feature","id":696,"geometry":{"type":"Polygon","coordinates":[[[18.1097,59.33819],[18.11043,59.33839],[18.11102,59.33826],[18.11102,59.33821],[18.11028,59.338],[18.1097,59.33814],[18.1097,59.33819]]]},"properties":{"zone":1,"cell_type":"spatial isolation","proximity":3777.8,"opportunity":8764.3,"population":6}},{"type":"Feature","id":697,"geometry":{"type":"Polygon","coordinates":[[[17.87247,59.34638],[17.87442,59.34692],[17.87631,59.34649],[17.87632,59.34564],[17.87438,59.3451],[17.87248,59.34553],[17.87247,59.34638]]]},"properties":{"zone":3,"cell_type":"total isolation","proximity":1195.6,"opportunity":6359.7,"population":80}},{"type":"Feature","id":698,"geometry":{"type":"Polygon","coordinates":[[[17.96085,59.35518],[17.96347,59.35591],[17.96609,59.35531],[17.9661,59.35402],[17.96348,59.35329],[17.96087,59.35389],[17.96085,59.35518]]]},"properties":{"zone":3,"cell_type":"total isolation","proximity":1685.2,"opportunity":7517.3,"population":339}},{"type":"Feature","id":699,"geometry":{"type":"Polygon","coordinates":[[[17.90404,59.271],[17.9069,59.2718],[17.90978,59.27114],[17.9098,59.26968],[17.90694,59.26888],[17.90406,59.26955],[17.90404,59.271]]]},"properties":{"zone":3,"cell_type":"total isolation","proximity":599.1,"opportunity":4950.9,"population":580}},{"type":"Feature","id":700,"geometry":{"type":"Polygon","coordinates":[[[17.87107,59.39025],[17.87385,59.39101],[17.87664,59.39038],[17.87665,59.38898],[17.87388,59.38822],[17.87109,59.38885],[17.87107,59.39025]]]},"properties":{"zone":3,"cell_type":"total isolation","proximity":1027,"opportunity":6346.9,"population":475}},{"type":"Feature","id":701,"geometry":{"type":"Polygon","coordinates":[[[17.96118,59.32899],[17.96375,59.3297],[17.96631,59.32911],[17.96633,59.32785],[17.96376,59.32714],[17.9612,59.32773],[17.96118,59.32899]]]},"properties":{"zone":3,"cell_type":"total isolation","proximity":2320.9,"opportunity":8150.4,"population":304}},{"type":"Feature","id":702,"geometry":{"type":"Polygon","coordinates":[[[18.12205,59.34565],[18.12469,59.34637],[18.12733,59.34576],[18.12734,59.34446],[18.12469,59.34373],[18.12206,59.34434],[18.12205,59.34565]]]},"properties":{"zone":3,"cell_type":"total isolation","proximity":2435.9,"opportunity":7278.5,"population":354}},{"type":"Feature","id":703,"geometry":{"type":"Polygon","coordinates":[[[18.07881,59.32223],[18.07893,59.32226],[18.07893,59.32226],[18.07881,59.32223]]]},"properties":{"zone":0,"cell_type":"inclusion","proximity":6199.6,"opportunity":13754.9,"population":2}},{"type":"Feature","id":704,"geometry":{"type":"Polygon","coordinates":[[[17.93556,59.32615],[17.93791,59.3268],[17.94024,59.32627],[17.94025,59.32515],[17.9379,59.3245],[17.93557,59.32504],[17.93556,59.32615]]]},"properties":{"zone":3,"cell_type":"total isolation","proximity":1539.7,"opportunity":6317.4,"population":191}},{"type":"Feature","id":705,"geometry":{"type":"Polygon","coordinates":[[[17.99559,59.30803],[17.99846,59.30883],[18.00134,59.30816],[18.00136,59.30671],[17.99849,59.30591],[17.99561,59.30658],[17.99559,59.30803]]]},"properties":{"zone":0,"cell_type":"inclusion","proximity":3398,"opportunity":10829.7,"population":645}},{"type":"Feature","id":706,"geometry":{"type":"Polygon","coordinates":[[[18.02711,59.31965],[18.02998,59.32044],[18.03286,59.31978],[18.03287,59.31832],[18.03,59.31753],[18.02712,59.3182],[18.02711,59.31965]]]},"properties":{"zone":0,"cell_type":"inclusion","proximity":4941.4,"opportunity":12644.8,"population":1575}},{"type":"Feature","id":707,"geometry":{"type":"Polygon","coordinates":[[[18.16447,59.25432],[18.16565,59.25465],[18.16671,59.2544],[18.16672,59.25405],[18.16553,59.25373],[18.16447,59.25397],[18.16447,59.25432]]]},"properties":{"zone":3,"cell_type":"total isolation","proximity":627.4,"opportunity":5205.4,"population":15}},{"type":"Feature","id":708,"geometry":{"type":"Polygon","coordinates":[[[18.05928,59.36587],[18.06124,59.36641],[18.06314,59.36597],[18.06315,59.36512],[18.06119,59.36458],[18.05929,59.36502],[18.05928,59.36587]]]},"properties":{"zone":0,"cell_type":"inclusion","proximity":3013.3,"opportunity":11019.3,"population":81}},{"type":"Feature","id":709,"geometry":{"type":"Polygon","coordinates":[[[17.91118,59.41728],[17.91384,59.41802],[17.9165,59.41741],[17.91652,59.4161],[17.91386,59.41536],[17.9112,59.41597],[17.91118,59.41728]]]},"properties":{"zone":3,"cell_type":"total isolation","proximity":614.6,"opportunity":5671,"population":366}},{"type":"Feature","id":710,"geometry":{"type":"Polygon","coordinates":[[[18.11689,59.28872],[18.11938,59.2894],[18.12184,59.28883],[18.12185,59.28763],[18.11937,59.28694],[18.1169,59.28751],[18.11689,59.28872]]]},"properties":{"zone":3,"cell_type":"total isolation","proximity":2511.1,"opportunity":8191.7,"population":254}},{"type":"Feature","id":711,"geometry":{"type":"Polygon","coordinates":[[[17.83119,59.36313],[17.8339,59.36388],[17.83662,59.36326],[17.83664,59.3619],[17.83393,59.36115],[17.83121,59.36177],[17.83119,59.36313]]]},"properties":{"zone":3,"cell_type":"total isolation","proximity":917.1,"opportunity":6202.6,"population":417}},{"type":"Feature","id":712,"geometry":{"type":"Polygon","coordinates":[[[17.90563,59.38669],[17.90843,59.38747],[17.91125,59.38683],[17.91126,59.38542],[17.90846,59.38464],[17.90565,59.38529],[17.90563,59.38669]]]},"properties":{"zone":3,"cell_type":"total isolation","proximity":1315.3,"opportunity":7696.1,"population":499}},{"type":"Feature","id":713,"geometry":{"type":"Polygon","coordinates":[[[17.90448,59.28828],[17.90673,59.28891],[17.90895,59.2884],[17.90896,59.28735],[17.90671,59.28672],[17.90449,59.28723],[17.90448,59.28828]]]},"properties":{"zone":3,"cell_type":"total isolation","proximity":943.7,"opportunity":6239.4,"population":154}},{"type":"Feature","id":714,"geometry":{"type":"Polygon","coordinates":[[[18.07611,59.30544],[18.07898,59.30623],[18.08186,59.30557],[18.08187,59.30411],[18.07901,59.30332],[18.07613,59.30398],[18.07611,59.30544]]]},"properties":{"zone":0,"cell_type":"inclusion","proximity":5024.8,"opportunity":13778.8,"population":1904}},{"type":"Feature","id":715,"geometry":{"type":"Polygon","coordinates":[[[17.99593,59.32969],[17.99827,59.33034],[18.00058,59.32981],[18.00059,59.3287],[17.99825,59.32806],[17.99594,59.32859],[17.99593,59.32969]]]},"properties":{"zone":0,"cell_type":"inclusion","proximity":3544.2,"opportunity":11021,"population":184}},{"type":"Feature","id":716,"geometry":{"type":"Polygon","coordinates":[[[17.84895,59.36338],[17.85118,59.364],[17.85338,59.3635],[17.8534,59.36246],[17.85116,59.36184],[17.84896,59.36234],[17.84895,59.36338]]]},"properties":{"zone":3,"cell_type":"total isolation","proximity":1178.3,"opportunity":4622.4,"population":147}},{"type":"Feature","id":717,"geometry":{"type":"Polygon","coordinates":[[[18.05962,59.24818],[18.06224,59.24891],[18.06485,59.2483],[18.06486,59.24701],[18.06225,59.24628],[18.05963,59.24689],[18.05962,59.24818]]]},"properties":{"zone":3,"cell_type":"total isolation","proximity":1421.1,"opportunity":5240.1,"population":341}},{"type":"Feature","id":718,"geometry":{"type":"Polygon","coordinates":[[[17.94857,59.40295],[17.95144,59.40374],[17.95432,59.40308],[17.95433,59.40164],[17.95147,59.40085],[17.94859,59.40151],[17.94857,59.40295]]]},"properties":{"zone":3,"cell_type":"total isolation","proximity":975.7,"opportunity":7141.8,"population":568}},{"type":"Feature","id":719,"geometry":{"type":"Polygon","coordinates":[[[17.8713,59.36846],[17.87411,59.36924],[17.87695,59.3686],[17.87696,59.36717],[17.87415,59.36639],[17.87131,59.36704],[17.8713,59.36846]]]},"properties":{"zone":3,"cell_type":"total isolation","proximity":1475.8,"opportunity":7322.1,"population":520}},{"type":"Feature","id":720,"geometry":{"type":"Polygon","coordinates":[[[18.01885,59.29976],[18.02154,59.3005],[18.02424,59.29988],[18.02425,59.29854],[18.02156,59.2978],[18.01887,59.29842],[18.01885,59.29976]]]},"properties":{"zone":0,"cell_type":"inclusion","proximity":3475.1,"opportunity":11092.9,"population":397}},{"type":"Feature","id":721,"geometry":{"type":"Polygon","coordinates":[[[18.073,59.33375],[18.07587,59.33454],[18.07875,59.33388],[18.07876,59.33242],[18.07589,59.33163],[18.07301,59.3323],[18.073,59.33375]]]},"properties":{"zone":0,"cell_type":"inclusion","proximity":6730.8,"opportunity":14996.5,"population":1564}},{"type":"Feature","id":722,"geometry":{"type":"Polygon","coordinates":[[[17.89424,59.39074],[17.89688,59.39146],[17.89951,59.39086],[17.89953,59.38956],[17.89689,59.38883],[17.89426,59.38944],[17.89424,59.39074]]]},"properties":{"zone":3,"cell_type":"total isolation","proximity":1154.9,"opportunity":6880.6,"population":349}},{"type":"Feature","id":723,"geometry":{"type":"Polygon","coordinates":[[[18.00117,59.32562],[18.00404,59.32642],[18.00692,59.32575],[18.00693,59.3243],[18.00407,59.32351],[18.00118,59.32417],[18.00117,59.32562]]]},"properties":{"zone":0,"cell_type":"inclusion","proximity":3938.5,"opportunity":10242.6,"population":1258}},{"type":"Feature","id":724,"geometry":{"type":"Polygon","coordinates":[[[17.8727,59.35066],[17.87438,59.35113],[17.87598,59.35076],[17.87599,59.35009],[17.87431,59.34962],[17.87271,59.34999],[17.8727,59.35066]]]},"properties":{"zone":3,"cell_type":"total isolation","proximity":1281.5,"opportunity":6398.8,"population":45}},{"type":"Feature","id":725,"geometry":{"type":"Polygon","coordinates":[[[17.94383,59.32863],[17.9465,59.32937],[17.94916,59.32875],[17.94918,59.32743],[17.94651,59.32669],[17.94385,59.32731],[17.94383,59.32863]]]},"properties":{"zone":3,"cell_type":"total isolation","proximity":1841.7,"opportunity":6906.1,"population":375}},{"type":"Feature","id":726,"geometry":{"type":"Polygon","coordinates":[[[18.05285,59.3355],[18.05572,59.33629],[18.0586,59.33562],[18.05861,59.33417],[18.05574,59.33338],[18.05286,59.33404],[18.05285,59.3355]]]},"properties":{"zone":0,"cell_type":"inclusion","proximity":6808,"opportunity":14992.1,"population":1070}},{"type":"Feature","id":727,"geometry":{"type":"Polygon","coordinates":[[[17.92935,59.36094],[17.93177,59.36161],[17.93417,59.36106],[17.93418,59.3599],[17.93176,59.35923],[17.92936,59.35978],[17.92935,59.36094]]]},"properties":{"zone":3,"cell_type":"total isolation","proximity":1343.2,"opportunity":4467.2,"population":221}},{"type":"Feature","id":728,"geometry":{"type":"Polygon","coordinates":[[[18.0565,59.28525],[18.05905,59.28595],[18.06158,59.28536],[18.06159,59.28412],[18.05905,59.28342],[18.05651,59.284],[18.0565,59.28525]]]},"properties":{"zone":0,"cell_type":"inclusion","proximity":3300.3,"opportunity":9348.9,"population":290}},{"type":"Feature","id":729,"geometry":{"type":"Polygon","coordinates":[[[18.0399,59.29339],[18.04176,59.2939],[18.04354,59.29348],[18.04355,59.2927],[18.0417,59.29218],[18.03991,59.2926],[18.0399,59.29339]]]},"properties":{"zone":2,"cell_type":"social isolation","proximity":2784.9,"opportunity":10124.6,"population":65}},{"type":"Feature","id":730,"geometry":{"type":"Polygon","coordinates":[[[17.89161,59.37105],[17.89423,59.37178],[17.89686,59.37118],[17.89687,59.36988],[17.89425,59.36916],[17.89162,59.36976],[17.89161,59.37105]]]},"properties":{"zone":3,"cell_type":"total isolation","proximity":1540.9,"opportunity":6425.7,"population":343}},{"type":"Feature","id":731,"geometry":{"type":"Polygon","coordinates":[[[17.89899,59.42286],[17.89946,59.42299],[17.89976,59.42292],[17.89929,59.42279],[17.89899,59.42286]]]},"properties":{"zone":3,"cell_type":"total isolation","proximity":422.4,"opportunity":2221,"population":4}},{"type":"Feature","id":732,"geometry":{"type":"Polygon","coordinates":[[[18.08541,59.25531],[18.08803,59.25603],[18.09065,59.25542],[18.09066,59.25413],[18.08803,59.2534],[18.08542,59.25401],[18.08541,59.25531]]]},"properties":{"zone":3,"cell_type":"total isolation","proximity":2076.4,"opportunity":8053,"population":343}},{"type":"Feature","id":733,"geometry":{"type":"Polygon","coordinates":[[[17.98768,59.27497],[17.99018,59.27566],[17.99268,59.27509],[17.99269,59.27387],[17.99018,59.27317],[17.98769,59.27375],[17.98768,59.27497]]]},"properties":{"zone":3,"cell_type":"total isolation","proximity":1882.2,"opportunity":8143.9,"population":268}},{"type":"Feature","id":734,"geometry":{"type":"Polygon","coordinates":[[[17.95859,59.2962],[17.96122,59.29693],[17.96386,59.29633],[17.96387,59.29502],[17.96123,59.29429],[17.9586,59.2949],[17.95859,59.2962]]]},"properties":{"zone":3,"cell_type":"total isolation","proximity":2017.7,"opportunity":7870.5,"population":354}},{"type":"Feature","id":735,"geometry":{"type":"Polygon","coordinates":[[[18.04142,59.32652],[18.04429,59.32731],[18.04717,59.32664],[18.04719,59.32519],[18.04432,59.3244],[18.04144,59.32506],[18.04142,59.32652]]]},"properties":{"zone":0,"cell_type":"inclusion","proximity":5625.3,"opportunity":11785.9,"population":923}},{"type":"Feature","id":736,"geometry":{"type":"Polygon","coordinates":[[[17.92683,59.29336],[17.92964,59.29413],[17.93246,59.29348],[17.93247,59.29207],[17.92966,59.29129],[17.92684,59.29194],[17.92683,59.29336]]]},"properties":{"zone":3,"cell_type":"total isolation","proximity":1312.2,"opportunity":7436.6,"population":512}},{"type":"Feature","id":737,"geometry":{"type":"Polygon","coordinates":[[[17.79451,59.39024],[17.79617,59.3907],[17.79775,59.39034],[17.79776,59.38968],[17.7961,59.38922],[17.79452,59.38958],[17.79451,59.39024]]]},"properties":{"zone":3,"cell_type":"total isolation","proximity":472.9,"opportunity":2501.2,"population":43}},{"type":"Feature","id":738,"geometry":{"type":"Polygon","coordinates":[[[17.93398,59.34961],[17.93483,59.34985],[17.93555,59.34969],[17.93555,59.34956],[17.93469,59.34932],[17.93398,59.34948],[17.93398,59.34961]]]},"properties":{"zone":3,"cell_type":"total isolation","proximity":1473.6,"opportunity":5181.5,"population":8}},{"type":"Feature","id":739,"geometry":{"type":"Polygon","coordinates":[[[18.04778,59.26548],[18.05059,59.26625],[18.05341,59.2656],[18.05342,59.26418],[18.05061,59.26341],[18.0478,59.26406],[18.04778,59.26548]]]},"properties":{"zone":3,"cell_type":"total isolation","proximity":2286.8,"opportunity":7321.3,"population":510}},{"type":"Feature","id":740,"geometry":{"type":"Polygon","coordinates":[[[18.10999,59.24659],[18.11113,59.2469],[18.11215,59.24667],[18.11216,59.24634],[18.11102,59.24603],[18.10999,59.24627],[18.10999,59.24659]]]},"properties":{"zone":3,"cell_type":"total isolation","proximity":1286.8,"opportunity":4818,"population":14}},{"type":"Feature","id":741,"geometry":{"type":"Polygon","coordinates":[[[18.09356,59.28833],[18.09637,59.2891],[18.09919,59.28845],[18.0992,59.28703],[18.09639,59.28626],[18.09357,59.28691],[18.09356,59.28833]]]},"properties":{"zone":0,"cell_type":"inclusion","proximity":3335.6,"opportunity":10548.2,"population":511}},{"type":"Feature","id":742,"geometry":{"type":"Polygon","coordinates":[[[18.08226,59.28366],[18.08492,59.28439],[18.08758,59.28378],[18.08759,59.28246],[18.08493,59.28173],[18.08227,59.28234],[18.08226,59.28366]]]},"properties":{"zone":0,"cell_type":"inclusion","proximity":3413.8,"opportunity":10786.1,"population":371}},{"type":"Feature","id":743,"geometry":{"type":"Polygon","coordinates":[[[18.15532,59.26084],[18.15697,59.2613],[18.15854,59.26093],[18.15854,59.26028],[18.15689,59.25982],[18.15532,59.26019],[18.15532,59.26084]]]},"properties":{"zone":3,"cell_type":"total isolation","proximity":923.3,"opportunity":5189.9,"population":42}},{"type":"Feature","id":744,"geometry":{"type":"Polygon","coordinates":[[[17.91571,59.28863],[17.91821,59.28932],[17.9207,59.28875],[17.92071,59.28753],[17.91821,59.28684],[17.91572,59.28741],[17.91571,59.28863]]]},"properties":{"zone":3,"cell_type":"total isolation","proximity":1087.3,"opportunity":6910.3,"population":264}},{"type":"Feature","id":745,"geometry":{"type":"Polygon","coordinates":[[[18.07999,59.25072],[18.08233,59.25137],[18.08464,59.25083],[18.08465,59.24972],[18.08231,59.24907],[18.08,59.24961],[18.07999,59.25072]]]},"properties":{"zone":3,"cell_type":"total isolation","proximity":1791.1,"opportunity":4819.6,"population":186}},{"type":"Feature","id":746,"geometry":{"type":"Polygon","coordinates":[[[17.97639,59.27029],[17.97875,59.27094],[17.98107,59.27041],[17.98108,59.26929],[17.97873,59.26864],[17.9764,59.26917],[17.97639,59.27029]]]},"properties":{"zone":3,"cell_type":"total isolation","proximity":1499.1,"opportunity":5916.9,"population":192}},{"type":"Feature","id":747,"geometry":{"type":"Polygon","coordinates":[[[18.0614,59.34659],[18.06425,59.34737],[18.06712,59.34671],[18.06713,59.34527],[18.06427,59.34448],[18.06141,59.34514],[18.0614,59.34659]]]},"properties":{"zone":0,"cell_type":"inclusion","proximity":6079.4,"opportunity":14110.2,"population":560}},{"type":"Feature","id":748,"geometry":{"type":"Polygon","coordinates":[[[17.90374,59.35374],[17.90596,59.35436],[17.90815,59.35386],[17.90816,59.35283],[17.90594,59.35222],[17.90376,59.35272],[17.90374,59.35374]]]},"properties":{"zone":3,"cell_type":"total isolation","proximity":1664.2,"opportunity":5963.4,"population":144}},{"type":"Feature","id":749,"geometry":{"type":"Polygon","coordinates":[[[17.8599,59.36382],[17.86266,59.36458],[17.86544,59.36395],[17.86546,59.36256],[17.86269,59.36179],[17.85991,59.36243],[17.8599,59.36382]]]},"properties":{"zone":3,"cell_type":"total isolation","proximity":1354.2,"opportunity":5357.4,"population":467}},{"type":"Feature","id":750,"geometry":{"type":"Polygon","coordinates":[[[17.82582,59.3759],[17.828,59.37651],[17.83015,59.37602],[17.83016,59.37502],[17.82798,59.37441],[17.82583,59.3749],[17.82582,59.3759]]]},"properties":{"zone":3,"cell_type":"total isolation","proximity":904.2,"opportunity":3753.8,"population":132}},{"type":"Feature","id":751,"geometry":{"type":"Polygon","coordinates":[[[17.85967,59.3856],[17.86239,59.38636],[17.86513,59.38573],[17.86514,59.38437],[17.86242,59.38362],[17.85968,59.38424],[17.85967,59.3856]]]},"properties":{"zone":3,"cell_type":"total isolation","proximity":1111.2,"opportunity":6038.1,"population":426}},{"type":"Feature","id":752,"geometry":{"type":"Polygon","coordinates":[[[18.00965,59.34109],[18.01251,59.34188],[18.0154,59.34122],[18.01541,59.33976],[18.01254,59.33897],[18.00966,59.33964],[18.00965,59.34109]]]},"properties":{"zone":0,"cell_type":"inclusion","proximity":4199.4,"opportunity":12203.1,"population":884}},{"type":"Feature","id":753,"geometry":{"type":"Polygon","coordinates":[[[18.05317,59.33105],[18.05577,59.33176],[18.05835,59.33116],[18.05836,59.32989],[18.05577,59.32918],[18.05318,59.32977],[18.05317,59.33105]]]},"properties":{"zone":0,"cell_type":"inclusion","proximity":6370.6,"opportunity":15769.8,"population":321}},{"type":"Feature","id":754,"geometry":{"type":"Polygon","coordinates":[[[17.94338,59.3679],[17.94607,59.36864],[17.94876,59.36802],[17.94878,59.36669],[17.94609,59.36594],[17.94339,59.36656],[17.94338,59.3679]]]},"properties":{"zone":3,"cell_type":"total isolation","proximity":1284.7,"opportunity":46.7,"population":394}},{"type":"Feature","id":755,"geometry":{"type":"Polygon","coordinates":[[[18.02467,59.27373],[18.02753,59.27452],[18.03041,59.27386],[18.03042,59.2724],[18.02756,59.27161],[18.02468,59.27227],[18.02467,59.27373]]]},"properties":{"zone":3,"cell_type":"total isolation","proximity":2379,"opportunity":7841.1,"population":727}},{"type":"Feature","id":756,"geometry":{"type":"Polygon","coordinates":[[[18.0959,59.34734],[18.09877,59.34813],[18.10165,59.34747],[18.10167,59.34601],[18.09879,59.34522],[18.09591,59.34589],[18.0959,59.34734]]]},"properties":{"zone":0,"cell_type":"inclusion","proximity":4083.5,"opportunity":11959.8,"population":762}},{"type":"Feature","id":757,"geometry":{"type":"Polygon","coordinates":[[[18.07044,59.29658],[18.07331,59.29737],[18.07619,59.29671],[18.0762,59.29525],[18.07333,59.29446],[18.07045,59.29513],[18.07044,59.29658]]]},"properties":{"zone":0,"cell_type":"inclusion","proximity":4238.3,"opportunity":12374.1,"population":678}},{"type":"Feature","id":758,"geometry":{"type":"Polygon","coordinates":[[[17.90973,59.2755],[17.9126,59.2763],[17.91548,59.27564],[17.91549,59.27418],[17.91263,59.27339],[17.90975,59.27405],[17.90973,59.2755]]]},"properties":{"zone":3,"cell_type":"total isolation","proximity":612.7,"opportunity":4672,"population":593}},{"type":"Feature","id":759,"geometry":{"type":"Polygon","coordinates":[[[17.95,59.28512],[17.95272,59.28587],[17.95544,59.28524],[17.95546,59.28388],[17.95274,59.28313],[17.95001,59.28375],[17.95,59.28512]]]},"properties":{"zone":3,"cell_type":"total isolation","proximity":1591.9,"opportunity":7395,"population":424}},{"type":"Feature","id":760,"geometry":{"type":"Polygon","coordinates":[[[18.09661,59.26],[18.09947,59.26079],[18.10235,59.26013],[18.10236,59.25867],[18.0995,59.25788],[18.09662,59.25854],[18.09661,59.26]]]},"properties":{"zone":3,"cell_type":"total isolation","proximity":2162.6,"opportunity":8213.2,"population":646}},{"type":"Feature","id":761,"geometry":{"type":"Polygon","coordinates":[[[17.89803,59.34491],[17.90031,59.34554],[17.90256,59.34502],[17.90258,59.34395],[17.9003,59.34332],[17.89804,59.34384],[17.89803,59.34491]]]},"properties":{"zone":3,"cell_type":"total isolation","proximity":1553.5,"opportunity":8299.6,"population":164}},{"type":"Feature","id":762,"geometry":{"type":"Polygon","coordinates":[[[18.07488,59.24168],[18.07669,59.24218],[18.07843,59.24178],[18.07843,59.24102],[18.07662,59.24052],[18.07488,59.24092],[18.07488,59.24168]]]},"properties":{"zone":3,"cell_type":"total isolation","proximity":1334.5,"opportunity":5692.1,"population":60}},{"type":"Feature","id":763,"geometry":{"type":"Polygon","coordinates":[[[18.13088,59.33924],[18.13337,59.33992],[18.13585,59.33935],[18.13586,59.33814],[18.13337,59.33746],[18.13089,59.33803],[18.13088,59.33924]]]},"properties":{"zone":3,"cell_type":"total isolation","proximity":2332,"opportunity":4552.2,"population":256}},{"type":"Feature","id":764,"geometry":{"type":"Polygon","coordinates":[[[18.0481,59.35682],[18.04982,59.35729],[18.05145,59.35692],[18.05146,59.35622],[18.04975,59.35575],[18.04811,59.35613],[18.0481,59.35682]]]},"properties":{"zone":1,"cell_type":"spatial isolation","proximity":4027.6,"opportunity":9146.3,"population":48}},{"type":"Feature","id":765,"geometry":{"type":"Polygon","coordinates":[[[18.04828,59.37416],[18.04967,59.37455],[18.05096,59.37425],[18.05097,59.37377],[18.04958,59.37339],[18.04829,59.37368],[18.04828,59.37416]]]},"properties":{"zone":3,"cell_type":"total isolation","proximity":2130.8,"opportunity":7306.4,"population":24}},{"type":"Feature","id":766,"geometry":{"type":"Polygon","coordinates":[[[18.10493,59.29733],[18.1078,59.29812],[18.11068,59.29745],[18.11069,59.296],[18.10782,59.29521],[18.10494,59.29587],[18.10493,59.29733]]]},"properties":{"zone":0,"cell_type":"inclusion","proximity":3154.4,"opportunity":11642,"population":673}},{"type":"Feature","id":767,"geometry":{"type":"Polygon","coordinates":[[[18.04206,59.30891],[18.04447,59.30957],[18.04685,59.30902],[18.04687,59.30787],[18.04446,59.3072],[18.04207,59.30775],[18.04206,59.30891]]]},"properties":{"zone":1,"cell_type":"spatial isolation","proximity":4004.9,"opportunity":5167,"population":215}},{"type":"Feature","id":768,"geometry":{"type":"Polygon","coordinates":[[[17.98139,59.31854],[17.98399,59.31926],[17.98659,59.31866],[17.9866,59.31738],[17.984,59.31666],[17.9814,59.31726],[17.98139,59.31854]]]},"properties":{"zone":3,"cell_type":"total isolation","proximity":2475.7,"opportunity":7990.4,"population":328}},{"type":"Feature","id":769,"geometry":{"type":"Polygon","coordinates":[[[17.91026,59.42748],[17.91092,59.42766],[17.91143,59.42755],[17.91077,59.42736],[17.91026,59.42748]]]},"properties":{"zone":3,"cell_type":"total isolation","proximity":262.7,"opportunity":6,"population":5}},{"type":"Feature","id":770,"geometry":{"type":"Polygon","coordinates":[[[18.09621,59.36031],[18.09868,59.36099],[18.10114,59.36042],[18.10115,59.35923],[18.09867,59.35855],[18.09622,59.35911],[18.09621,59.36031]]]},"properties":{"zone":0,"cell_type":"inclusion","proximity":2923.1,"opportunity":9765.8,"population":247}},{"type":"Feature","id":771,"geometry":{"type":"Polygon","coordinates":[[[17.95282,59.32219],[17.95521,59.32285],[17.95757,59.32231],[17.95759,59.32117],[17.9552,59.32051],[17.95283,59.32105],[17.95282,59.32219]]]},"properties":{"zone":3,"cell_type":"total isolation","proximity":1739.2,"opportunity":6990.9,"population":207}},{"type":"Feature","id":772,"geometry":{"type":"Polygon","coordinates":[[[17.93453,59.39166],[17.93717,59.39239],[17.93981,59.39179],[17.93983,59.39049],[17.93719,59.38976],[17.93455,59.39036],[17.93453,59.39166]]]},"properties":{"zone":3,"cell_type":"total isolation","proximity":1053.2,"opportunity":6187.6,"population":352}},{"type":"Feature","id":773,"geometry":{"type":"Polygon","coordinates":[[[18.00709,59.30829],[18.00996,59.30908],[18.01284,59.30842],[18.01285,59.30696],[18.00999,59.30617],[18.0071,59.30683],[18.00709,59.30829]]]},"properties":{"zone":0,"cell_type":"inclusion","proximity":3796.3,"opportunity":10540.6,"population":971}},{"type":"Feature","id":774,"geometry":{"type":"Polygon","coordinates":[[[17.88306,59.35996],[17.88573,59.36071],[17.88841,59.36009],[17.88843,59.35876],[17.88575,59.35802],[17.88307,59.35864],[17.88306,59.35996]]]},"properties":{"zone":3,"cell_type":"total isolation","proximity":1520.5,"opportunity":6125.7,"population":383}},{"type":"Feature","id":775,"geometry":{"type":"Polygon","coordinates":[[[17.88249,59.39923],[17.88525,59.39999],[17.88803,59.39936],[17.88805,59.39797],[17.88528,59.39721],[17.8825,59.39784],[17.88249,59.39923]]]},"properties":{"zone":3,"cell_type":"total isolation","proximity":954.8,"opportunity":5949,"population":465}},{"type":"Feature","id":776,"geometry":{"type":"Polygon","coordinates":[[[17.88085,59.34448],[17.88306,59.3451],[17.88524,59.3446],[17.88525,59.34358],[17.88304,59.34297],[17.88087,59.34346],[17.88085,59.34448]]]},"properties":{"zone":3,"cell_type":"total isolation","proximity":1262.1,"opportunity":6459.1,"population":140}},{"type":"Feature","id":777,"geometry":{"type":"Polygon","coordinates":[[[17.94962,59.3331],[17.9522,59.33381],[17.95479,59.33322],[17.9548,59.33195],[17.95221,59.33124],[17.94963,59.33183],[17.94962,59.3331]]]},"properties":{"zone":2,"cell_type":"social isolation","proximity":2009.4,"opportunity":9553.1,"population":316}},{"type":"Feature","id":778,"geometry":{"type":"Polygon","coordinates":[[[18.01041,59.26248],[18.01327,59.26328],[18.01615,59.26261],[18.01617,59.26116],[18.0133,59.26036],[18.01042,59.26103],[18.01041,59.26248]]]},"properties":{"zone":3,"cell_type":"total isolation","proximity":1559.7,"opportunity":7460.8,"population":634}},{"type":"Feature","id":779,"geometry":{"type":"Polygon","coordinates":[[[18.0419,59.27411],[18.04477,59.2749],[18.04765,59.27424],[18.04766,59.27278],[18.04479,59.27199],[18.04191,59.27265],[18.0419,59.27411]]]},"properties":{"zone":2,"cell_type":"social isolation","proximity":2664.3,"opportunity":9338.3,"population":835}},{"type":"Feature","id":780,"geometry":{"type":"Polygon","coordinates":[[[18.04456,59.2982],[18.04742,59.29899],[18.0503,59.29832],[18.05031,59.29687],[18.04745,59.29608],[18.04457,59.29674],[18.04456,59.2982]]]},"properties":{"zone":0,"cell_type":"inclusion","proximity":3823.4,"opportunity":10334.9,"population":577}},{"type":"Feature","id":781,"geometry":{"type":"Polygon","coordinates":[[[18.09043,59.3123],[18.0933,59.31309],[18.09618,59.31243],[18.09619,59.31097],[18.09333,59.31018],[18.09044,59.31085],[18.09043,59.3123]]]},"properties":{"zone":0,"cell_type":"inclusion","proximity":4557.9,"opportunity":11175.7,"population":598}},{"type":"Feature","id":782,"geometry":{"type":"Polygon","coordinates":[[[17.96952,59.3271],[17.97239,59.32789],[17.97527,59.32722],[17.97528,59.32577],[17.97242,59.32498],[17.96954,59.32564],[17.96952,59.3271]]]},"properties":{"zone":3,"cell_type":"total isolation","proximity":2436.6,"opportunity":7730.7,"population":574}},{"type":"Feature","id":783,"geometry":{"type":"Polygon","coordinates":[[[18.14484,59.33893],[18.14496,59.33896],[18.14496,59.33896],[18.14484,59.33893]]]},"properties":{"zone":3,"cell_type":"total isolation","proximity":1843.3,"opportunity":25.7,"population":1}},{"type":"Feature","id":784,"geometry":{"type":"Polygon","coordinates":[[[17.81348,59.38456],[17.81635,59.38536],[17.81923,59.3847],[17.81925,59.38325],[17.81639,59.38245],[17.8135,59.38311],[17.81348,59.38456]]]},"properties":{"zone":3,"cell_type":"total isolation","proximity":774.6,"opportunity":3237.3,"population":590}},{"type":"Feature","id":785,"geometry":{"type":"Polygon","coordinates":[[[18.05038,59.2983],[18.05317,59.29907],[18.05597,59.29842],[18.05598,59.29702],[18.05319,59.29625],[18.0504,59.2969],[18.05038,59.2983]]]},"properties":{"zone":0,"cell_type":"inclusion","proximity":3874,"opportunity":10541.7,"population":489}},{"type":"Feature","id":786,"geometry":{"type":"Polygon","coordinates":[[[18.04765,59.27424],[18.05051,59.27503],[18.05339,59.27436],[18.0534,59.2729],[18.05054,59.27211],[18.04766,59.27278],[18.04765,59.27424]]]},"properties":{"zone":2,"cell_type":"social isolation","proximity":2609,"opportunity":9589.5,"population":599}},{"type":"Feature","id":787,"geometry":{"type":"Polygon","coordinates":[[[18.0909,59.25987],[18.09373,59.26065],[18.09657,59.25999],[18.09658,59.25856],[18.09375,59.25777],[18.09091,59.25843],[18.0909,59.25987]]]},"properties":{"zone":3,"cell_type":"total isolation","proximity":2231,"opportunity":8314.1,"population":539}},{"type":"Feature","id":788,"geometry":{"type":"Polygon","coordinates":[[[18.04713,59.33101],[18.05,59.3318],[18.05289,59.33113],[18.0529,59.32968],[18.05003,59.32889],[18.04715,59.32955],[18.04713,59.33101]]]},"properties":{"zone":0,"cell_type":"inclusion","proximity":6276.2,"opportunity":14435.3,"population":1470}},{"type":"Feature","id":789,"geometry":{"type":"Polygon","coordinates":[[[17.99826,59.33645],[18.00106,59.33722],[18.00386,59.33657],[18.00388,59.33517],[18.00108,59.33439],[17.99827,59.33504],[17.99826,59.33645]]]},"properties":{"zone":0,"cell_type":"inclusion","proximity":3563.8,"opportunity":12047,"population":496}},{"type":"Feature","id":790,"geometry":{"type":"Polygon","coordinates":[[[17.81943,59.37596],[17.82222,59.37673],[17.82503,59.37609],[17.82505,59.37469],[17.82225,59.37391],[17.81944,59.37455],[17.81943,59.37596]]]},"properties":{"zone":3,"cell_type":"total isolation","proximity":871.2,"opportunity":3720.6,"population":496}},{"type":"Feature","id":791,"geometry":{"type":"Polygon","coordinates":[[[17.89774,59.35369],[17.9002,59.35437],[17.90264,59.35381],[17.90266,59.35262],[17.9002,59.35194],[17.89776,59.3525],[17.89774,59.35369]]]},"properties":{"zone":3,"cell_type":"total isolation","proximity":1659,"opportunity":6468.7,"population":239}},{"type":"Feature","id":792,"geometry":{"type":"Polygon","coordinates":[[[18.11836,59.34926],[18.11898,59.34943],[18.11945,59.34932],[18.11883,59.34915],[18.11836,59.34926]]]},"properties":{"zone":3,"cell_type":"total isolation","proximity":2408.3,"opportunity":4551,"population":5}},{"type":"Feature","id":793,"geometry":{"type":"Polygon","coordinates":[[[18.01621,59.26259],[18.01902,59.26337],[18.02184,59.26272],[18.02185,59.2613],[18.01904,59.26053],[18.01623,59.26118],[18.01621,59.26259]]]},"properties":{"zone":3,"cell_type":"total isolation","proximity":1615.1,"opportunity":7060.4,"population":510}},{"type":"Feature","id":794,"geometry":{"type":"Polygon","coordinates":[[[18.0564,59.25913],[18.05926,59.25992],[18.06214,59.25925],[18.06215,59.2578],[18.05929,59.25701],[18.05641,59.25767],[18.0564,59.25913]]]},"properties":{"zone":3,"cell_type":"total isolation","proximity":1733.3,"opportunity":6062.3,"population":650}},{"type":"Feature","id":795,"geometry":{"type":"Polygon","coordinates":[[[18.09702,59.25552],[18.09952,59.25621],[18.10201,59.25563],[18.10202,59.25441],[18.09952,59.25372],[18.09703,59.2543],[18.09702,59.25552]]]},"properties":{"zone":3,"cell_type":"total isolation","proximity":1936,"opportunity":6982.3,"population":266}},{"type":"Feature","id":796,"geometry":{"type":"Polygon","coordinates":[[[17.95166,59.40947],[17.95426,59.41019],[17.95685,59.40959],[17.95686,59.40832],[17.95426,59.40761],[17.95168,59.4082],[17.95166,59.40947]]]},"properties":{"zone":3,"cell_type":"total isolation","proximity":804.5,"opportunity":4793,"population":319}},{"type":"Feature","id":797,"geometry":{"type":"Polygon","coordinates":[[[18.09089,59.27731],[18.09359,59.27805],[18.09629,59.27743],[18.0963,59.27608],[18.0936,59.27533],[18.0909,59.27596],[18.09089,59.27731]]]},"properties":{"zone":0,"cell_type":"inclusion","proximity":3014.4,"opportunity":10539.8,"population":405}},{"type":"Feature","id":798,"geometry":{"type":"Polygon","coordinates":[[[17.95517,59.33329],[17.95795,59.33406],[17.96073,59.33342],[17.96075,59.33202],[17.95797,59.33125],[17.95519,59.33189],[17.95517,59.33329]]]},"properties":{"zone":3,"cell_type":"total isolation","proximity":2300.3,"opportunity":9214.6,"population":476}},{"type":"Feature","id":799,"geometry":{"type":"Polygon","coordinates":[[[17.96486,59.27876],[17.96717,59.27939],[17.96944,59.27887],[17.96945,59.27778],[17.96715,59.27715],[17.96488,59.27767],[17.96486,59.27876]]]},"properties":{"zone":3,"cell_type":"total isolation","proximity":1652,"opportunity":6682.1,"population":173}},{"type":"Feature","id":800,"geometry":{"type":"Polygon","coordinates":[[[17.99564,59.32543],[17.9983,59.32616],[18.00095,59.32555],[18.00096,59.32424],[17.99831,59.3235],[17.99565,59.32411],[17.99564,59.32543]]]},"properties":{"zone":0,"cell_type":"inclusion","proximity":3539.9,"opportunity":9825.1,"population":366}},{"type":"Feature","id":801,"geometry":{"type":"Polygon","coordinates":[[[17.88311,59.3556],[17.88579,59.35634],[17.88846,59.35573],[17.88848,59.3544],[17.8858,59.35366],[17.88313,59.35428],[17.88311,59.3556]]]},"properties":{"zone":3,"cell_type":"total isolation","proximity":1583.3,"opportunity":7243.3,"population":382}},{"type":"Feature","id":802,"geometry":{"type":"Polygon","coordinates":[[[17.86562,59.36831],[17.86836,59.36907],[17.87112,59.36844],[17.87114,59.36706],[17.86839,59.3663],[17.86563,59.36693],[17.86562,59.36831]]]},"properties":{"zone":3,"cell_type":"total isolation","proximity":1453.6,"opportunity":7239.1,"population":446}},{"type":"Feature","id":803,"geometry":{"type":"Polygon","coordinates":[[[17.90553,59.39541],[17.90833,59.39618],[17.91114,59.39554],[17.91116,59.39413],[17.90836,59.39336],[17.90555,59.394],[17.90553,59.39541]]]},"properties":{"zone":3,"cell_type":"total isolation","proximity":1063.6,"opportunity":6647,"population":497}},{"type":"Feature","id":804,"geometry":{"type":"Polygon","coordinates":[[[18.05433,59.24792],[18.05652,59.24853],[18.05867,59.24803],[18.05868,59.24702],[18.05649,59.24641],[18.05433,59.24691],[18.05433,59.24792]]]},"properties":{"zone":3,"cell_type":"total isolation","proximity":1493,"opportunity":6032.1,"population":135}},{"type":"Feature","id":805,"geometry":{"type":"Polygon","coordinates":[[[17.89983,59.38658],[17.90268,59.38736],[17.90553,59.38671],[17.90555,59.38527],[17.90271,59.38449],[17.89985,59.38514],[17.89983,59.38658]]]},"properties":{"zone":3,"cell_type":"total isolation","proximity":1266.4,"opportunity":7597.4,"population":547}},{"type":"Feature","id":806,"geometry":{"type":"Polygon","coordinates":[[[18.14252,59.26243],[18.14264,59.26247],[18.14264,59.26247],[18.14252,59.26243]]]},"properties":{"zone":3,"cell_type":"total isolation","proximity":1252.9,"opportunity":6183.3,"population":3}},{"type":"Feature","id":807,"geometry":{"type":"Polygon","coordinates":[[[17.99373,59.28807],[17.99581,59.28865],[17.99786,59.28818],[17.99787,59.28723],[17.99578,59.28666],[17.99373,59.28713],[17.99373,59.28807]]]},"properties":{"zone":3,"cell_type":"total isolation","proximity":2584.7,"opportunity":8694.9,"population":109}},{"type":"Feature","id":808,"geometry":{"type":"Polygon","coordinates":[[[18.06446,59.32265],[18.06733,59.32344],[18.07022,59.32278],[18.07023,59.32132],[18.06736,59.32053],[18.06448,59.3212],[18.06446,59.32265]]]},"properties":{"zone":0,"cell_type":"inclusion","proximity":6620.4,"opportunity":16340,"population":991}},{"type":"Feature","id":809,"geometry":{"type":"Polygon","coordinates":[[[18.09341,59.32757],[18.09606,59.3283],[18.09871,59.32769],[18.09872,59.32638],[18.09607,59.32565],[18.09342,59.32626],[18.09341,59.32757]]]},"properties":{"zone":0,"cell_type":"inclusion","proximity":4829.9,"opportunity":11204.5,"population":360}},{"type":"Feature","id":810,"geometry":{"type":"Polygon","coordinates":[[[17.86842,59.37925],[17.87111,59.38],[17.8738,59.37938],[17.87381,59.37805],[17.87113,59.37731],[17.86844,59.37792],[17.86842,59.37925]]]},"properties":{"zone":3,"cell_type":"total isolation","proximity":1303.6,"opportunity":6499,"population":391}},{"type":"Feature","id":811,"geometry":{"type":"Polygon","coordinates":[[[18.12324,59.25378],[18.1254,59.25437],[18.12751,59.25388],[18.12752,59.25289],[18.12536,59.2523],[18.12325,59.25279],[18.12324,59.25378]]]},"properties":{"zone":3,"cell_type":"total isolation","proximity":1180.3,"opportunity":5981.1,"population":125}},{"type":"Feature","id":812,"geometry":{"type":"Polygon","coordinates":[[[18.05641,59.28092],[18.05908,59.28165],[18.06174,59.28104],[18.06176,59.27971],[18.05909,59.27897],[18.05642,59.27959],[18.05641,59.28092]]]},"properties":{"zone":0,"cell_type":"inclusion","proximity":3040.6,"opportunity":9473.1,"population":377}},{"type":"Feature","id":813,"geometry":{"type":"Polygon","coordinates":[[[18.0306,59.27816],[18.03324,59.27889],[18.03589,59.27828],[18.0359,59.27696],[18.03325,59.27623],[18.03061,59.27684],[18.0306,59.27816]]]},"properties":{"zone":3,"cell_type":"total isolation","proximity":2614.3,"opportunity":8113.5,"population":362}},{"type":"Feature","id":814,"geometry":{"type":"Polygon","coordinates":[[[18.08161,59.33612],[18.08448,59.33691],[18.08736,59.33625],[18.08737,59.33479],[18.0845,59.334],[18.08162,59.33467],[18.08161,59.33612]]]},"properties":{"zone":0,"cell_type":"inclusion","proximity":5913.1,"opportunity":11954.4,"population":991}},{"type":"Feature","id":815,"geometry":{"type":"Polygon","coordinates":[[[18.03019,59.30441],[18.03299,59.30519],[18.03581,59.30454],[18.03583,59.30312],[18.03302,59.30235],[18.0302,59.303],[18.03019,59.30441]]]},"properties":{"zone":0,"cell_type":"inclusion","proximity":4455.9,"opportunity":10193.4,"population":510}},{"type":"Feature","id":816,"geometry":{"type":"Polygon","coordinates":[[[18.13699,59.27825],[18.13957,59.27896],[18.14214,59.27837],[18.14215,59.2771],[18.13957,59.27639],[18.137,59.27699],[18.13699,59.27825]]]},"properties":{"zone":3,"cell_type":"total isolation","proximity":1659.7,"opportunity":6350.4,"population":313}},{"type":"Feature","id":817,"geometry":{"type":"Polygon","coordinates":[[[17.91443,59.37164],[17.91724,59.37242],[17.92007,59.37177],[17.92009,59.37035],[17.91727,59.36957],[17.91444,59.37022],[17.91443,59.37164]]]},"properties":{"zone":3,"cell_type":"total isolation","proximity":1467.3,"opportunity":4742.2,"population":517}},{"type":"Feature","id":818,"geometry":{"type":"Polygon","coordinates":[[[17.94123,59.39151],[17.94297,59.39199],[17.94464,59.39161],[17.94465,59.3909],[17.9429,59.39042],[17.94123,59.3908],[17.94123,59.39151]]]},"properties":{"zone":3,"cell_type":"total isolation","proximity":1004.9,"opportunity":4679.4,"population":51}},{"type":"Feature","id":819,"geometry":{"type":"Polygon","coordinates":[[[18.02228,59.25391],[18.02486,59.25462],[18.02742,59.25403],[18.02743,59.25276],[18.02486,59.25205],[18.02229,59.25264],[18.02228,59.25391]]]},"properties":{"zone":3,"cell_type":"total isolation","proximity":1552.2,"opportunity":6802.4,"population":309}},{"type":"Feature","id":820,"geometry":{"type":"Polygon","coordinates":[[[18.10371,59.27715],[18.10514,59.27754],[18.10646,59.27724],[18.10647,59.27673],[18.10504,59.27634],[18.10372,59.27664],[18.10371,59.27715]]]},"properties":{"zone":3,"cell_type":"total isolation","proximity":2558.5,"opportunity":7996.3,"population":26}},{"type":"Feature","id":821,"geometry":{"type":"Polygon","coordinates":[[[18.05559,59.35083],[18.05846,59.35162],[18.06134,59.35096],[18.06135,59.3495],[18.05848,59.34871],[18.0556,59.34938],[18.05559,59.35083]]]},"properties":{"zone":0,"cell_type":"inclusion","proximity":5444.5,"opportunity":12196.3,"population":844}},{"type":"Feature","id":822,"geometry":{"type":"Polygon","coordinates":[[[18.1638,59.25889],[18.16559,59.25938],[18.16732,59.25898],[18.16733,59.25823],[18.16553,59.25773],[18.1638,59.25813],[18.1638,59.25889]]]},"properties":{"zone":3,"cell_type":"total isolation","proximity":710.6,"opportunity":5192.6,"population":58}},{"type":"Feature","id":823,"geometry":{"type":"Polygon","coordinates":[[[17.96975,59.30527],[17.97262,59.30606],[17.9755,59.3054],[17.97551,59.30394],[17.97265,59.30315],[17.96977,59.30381],[17.96975,59.30527]]]},"properties":{"zone":2,"cell_type":"social isolation","proximity":2444.5,"opportunity":9967.2,"population":582}},{"type":"Feature","id":824,"geometry":{"type":"Polygon","coordinates":[[[17.87115,59.39456],[17.8738,59.3953],[17.87645,59.39469],[17.87647,59.39338],[17.87382,59.39265],[17.87116,59.39326],[17.87115,59.39456]]]},"properties":{"zone":3,"cell_type":"total isolation","proximity":840.5,"opportunity":5058.9,"population":362}},{"type":"Feature","id":825,"geometry":{"type":"Polygon","coordinates":[[[18.10316,59.23371],[18.10545,59.23434],[18.1077,59.23382],[18.10771,59.23274],[18.10542,59.23211],[18.10317,59.23263],[18.10316,59.23371]]]},"properties":{"zone":3,"cell_type":"total isolation","proximity":879.7,"opportunity":7421.4,"population":166}},{"type":"Feature","id":826,"geometry":{"type":"Polygon","coordinates":[[[18.07005,59.34459],[18.0729,59.34538],[18.07576,59.34472],[18.07577,59.34328],[18.07292,59.34249],[18.07006,59.34315],[18.07005,59.34459]]]},"properties":{"zone":0,"cell_type":"inclusion","proximity":6094.5,"opportunity":12566.9,"population":555}},{"type":"Feature","id":827,"geometry":{"type":"Polygon","coordinates":[[[17.98687,59.31875],[17.98973,59.31954],[17.9926,59.31888],[17.99261,59.31743],[17.98976,59.31664],[17.98689,59.3173],[17.98687,59.31875]]]},"properties":{"zone":3,"cell_type":"total isolation","proximity":2720.7,"opportunity":8020.7,"population":566}},{"type":"Feature","id":828,"geometry":{"type":"Polygon","coordinates":[[[18.11089,59.30174],[18.11352,59.30247],[18.11615,59.30186],[18.11616,59.30056],[18.11352,59.29984],[18.1109,59.30044],[18.11089,59.30174]]]},"properties":{"zone":1,"cell_type":"spatial isolation","proximity":3071.3,"opportunity":7906.1,"population":349}},{"type":"Feature","id":829,"geometry":{"type":"Polygon","coordinates":[[[17.99304,59.29263],[17.99575,59.29338],[17.99846,59.29276],[17.99847,59.29141],[17.99576,59.29066],[17.99305,59.29128],[17.99304,59.29263]]]},"properties":{"zone":3,"cell_type":"total isolation","proximity":2826.5,"opportunity":8072.2,"population":412}},{"type":"Feature","id":830,"geometry":{"type":"Polygon","coordinates":[[[18.04754,59.30912],[18.05021,59.30985],[18.05287,59.30924],[18.05288,59.30791],[18.05022,59.30718],[18.04755,59.30779],[18.04754,59.30912]]]},"properties":{"zone":0,"cell_type":"inclusion","proximity":4754,"opportunity":9573,"population":374}},{"type":"Feature","id":831,"geometry":{"type":"Polygon","coordinates":[[[17.88001,59.3795],[17.88262,59.38022],[17.88523,59.37963],[17.88525,59.37834],[17.88263,59.37762],[17.88002,59.37821],[17.88001,59.3795]]]},"properties":{"zone":3,"cell_type":"total isolation","proximity":1367.8,"opportunity":6452.2,"population":335}},{"type":"Feature","id":832,"geometry":{"type":"Polygon","coordinates":[[[18.05126,59.30239],[18.05317,59.30292],[18.05502,59.30249],[18.05503,59.30167],[18.05312,59.30114],[18.05127,59.30157],[18.05126,59.30239]]]},"properties":{"zone":0,"cell_type":"inclusion","proximity":3837,"opportunity":9770.3,"population":73}},{"type":"Feature","id":833,"geometry":{"type":"Polygon","coordinates":[[[18.0186,59.33901],[18.02118,59.33972],[18.02375,59.33913],[18.02376,59.33786],[18.02118,59.33715],[18.01861,59.33774],[18.0186,59.33901]]]},"properties":{"zone":0,"cell_type":"inclusion","proximity":4738.3,"opportunity":11168.5,"population":311}},{"type":"Feature","id":834,"geometry":{"type":"Polygon","coordinates":[[[17.87287,59.34192],[17.87449,59.34236],[17.87602,59.34201],[17.87603,59.34138],[17.87441,59.34093],[17.87288,59.34129],[17.87287,59.34192]]]},"properties":{"zone":3,"cell_type":"total isolation","proximity":1080.4,"opportunity":6049,"population":39}},{"type":"Feature","id":835,"geometry":{"type":"Polygon","coordinates":[[[17.92554,59.39952],[17.92566,59.39955],[17.92566,59.39955],[17.92554,59.39952]]]},"properties":{"zone":3,"cell_type":"total isolation","proximity":1050.2,"opportunity":4254.4,"population":0}},{"type":"Feature","id":836,"geometry":{"type":"Polygon","coordinates":[[[18.14021,59.27167],[18.1425,59.2723],[18.14476,59.27178],[18.14477,59.2707],[18.14248,59.27007],[18.14021,59.27059],[18.14021,59.27167]]]},"properties":{"zone":3,"cell_type":"total isolation","proximity":1401,"opportunity":6207.2,"population":168}},{"type":"Feature","id":837,"geometry":{"type":"Polygon","coordinates":[[[18.01368,59.31252],[18.0157,59.31307],[18.01766,59.31262],[18.01767,59.31172],[18.01566,59.31117],[18.01369,59.31162],[18.01368,59.31252]]]},"properties":{"zone":0,"cell_type":"inclusion","proximity":3954.6,"opportunity":11970.2,"population":93}},{"type":"Feature","id":838,"geometry":{"type":"Polygon","coordinates":[[[18.09594,59.34298],[18.09881,59.34377],[18.10169,59.3431],[18.1017,59.34165],[18.09883,59.34086],[18.09595,59.34153],[18.09594,59.34298]]]},"properties":{"zone":0,"cell_type":"inclusion","proximity":4448.8,"opportunity":12094,"population":591}},{"type":"Feature","id":839,"geometry":{"type":"Polygon","coordinates":[[[17.88623,59.34908],[17.88875,59.34977],[17.89125,59.3492],[17.89127,59.34798],[17.88875,59.34728],[17.88624,59.34785],[17.88623,59.34908]]]},"properties":{"zone":3,"cell_type":"total isolation","proximity":1476.3,"opportunity":8437.6,"population":273}},{"type":"Feature","id":840,"geometry":{"type":"Polygon","coordinates":[[[17.93792,59.34159],[17.9406,59.34233],[17.94329,59.34172],[17.9433,59.34039],[17.94062,59.33965],[17.93794,59.34026],[17.93792,59.34159]]]},"properties":{"zone":2,"cell_type":"social isolation","proximity":2055.3,"opportunity":9945,"population":387}},{"type":"Feature","id":841,"geometry":{"type":"Polygon","coordinates":[[[17.99915,59.27087],[18.00171,59.27158],[18.00426,59.27099],[18.00428,59.26974],[18.00172,59.26903],[17.99917,59.26962],[17.99915,59.27087]]]},"properties":{"zone":3,"cell_type":"total isolation","proximity":1605,"opportunity":6044.4,"population":300}},{"type":"Feature","id":842,"geometry":{"type":"Polygon","coordinates":[[[18.09902,59.35821],[18.10157,59.35891],[18.10412,59.35833],[18.10413,59.35708],[18.10157,59.35638],[18.09903,59.35697],[18.09902,59.35821]]]},"properties":{"zone":0,"cell_type":"inclusion","proximity":2857.9,"opportunity":11977.3,"population":294}},{"type":"Feature","id":843,"geometry":{"type":"Polygon","coordinates":[[[18.07908,59.29458],[18.08195,59.29537],[18.08483,59.29471],[18.08484,59.29325],[18.08197,59.29246],[18.07909,59.29313],[18.07908,59.29458]]]},"properties":{"zone":0,"cell_type":"inclusion","proximity":4042,"opportunity":11754.7,"population":846}},{"type":"Feature","id":844,"geometry":{"type":"Polygon","coordinates":[[[18.05334,59.29181],[18.05611,59.29257],[18.05888,59.29193],[18.05889,59.29054],[18.05612,59.28977],[18.05335,59.29041],[18.05334,59.29181]]]},"properties":{"zone":0,"cell_type":"inclusion","proximity":3784.9,"opportunity":10112.3,"population":469}},{"type":"Feature","id":845,"geometry":{"type":"Polygon","coordinates":[[[17.90438,59.40568],[17.9054,59.40596],[17.9063,59.40576],[17.9063,59.40552],[17.90528,59.40524],[17.90438,59.40544],[17.90438,59.40568]]]},"properties":{"zone":3,"cell_type":"total isolation","proximity":773.4,"opportunity":2258.9,"population":11}},{"type":"Feature","id":846,"geometry":{"type":"Polygon","coordinates":[[[18.09393,59.23589],[18.09679,59.23668],[18.09967,59.23602],[18.09968,59.23456],[18.09682,59.23377],[18.09394,59.23444],[18.09393,59.23589]]]},"properties":{"zone":2,"cell_type":"social isolation","proximity":1112.2,"opportunity":9595.4,"population":616}},{"type":"Feature","id":847,"geometry":{"type":"Polygon","coordinates":[[[18.07982,59.26821],[18.08219,59.26886],[18.08452,59.26832],[18.08453,59.2672],[18.08217,59.26655],[18.07983,59.26709],[18.07982,59.26821]]]},"properties":{"zone":3,"cell_type":"total isolation","proximity":2503.3,"opportunity":7978.4,"population":196}},{"type":"Feature","id":848,"geometry":{"type":"Polygon","coordinates":[[[17.98125,59.30553],[17.98411,59.30632],[17.98699,59.30566],[17.98701,59.3042],[17.98414,59.30341],[17.98126,59.30407],[17.98125,59.30553]]]},"properties":{"zone":0,"cell_type":"inclusion","proximity":2865,"opportunity":10009.2,"population":648}},{"type":"Feature","id":849,"geometry":{"type":"Polygon","coordinates":[[[18.05796,59.324],[18.05877,59.32422],[18.05944,59.32407],[18.05944,59.32397],[18.05863,59.32374],[18.05796,59.3239],[18.05796,59.324]]]},"properties":{"zone":0,"cell_type":"inclusion","proximity":6301,"opportunity":14158.2,"population":7}},{"type":"Feature","id":850,"geometry":{"type":"Polygon","coordinates":[[[17.90672,59.34726],[17.90892,59.34787],[17.91108,59.34738],[17.91109,59.34636],[17.90889,59.34575],[17.90673,59.34625],[17.90672,59.34726]]]},"properties":{"zone":3,"cell_type":"total isolation","proximity":1692.9,"opportunity":8100.6,"population":138}},{"type":"Feature","id":851,"geometry":{"type":"Polygon","coordinates":[[[18.02246,59.26257],[18.02478,59.26321],[18.02708,59.26268],[18.02709,59.26158],[18.02477,59.26094],[18.02247,59.26147],[18.02246,59.26257]]]},"properties":{"zone":3,"cell_type":"total isolation","proximity":1686.6,"opportunity":6919.1,"population":181}},{"type":"Feature","id":852,"geometry":{"type":"Polygon","coordinates":[[[18.08239,59.24438],[18.08524,59.24517],[18.0881,59.24451],[18.08811,59.24306],[18.08526,59.24228],[18.0824,59.24294],[18.08239,59.24438]]]},"properties":{"zone":3,"cell_type":"total isolation","proximity":1473.8,"opportunity":7594.8,"population":556}},{"type":"Feature","id":853,"geometry":{"type":"Polygon","coordinates":[[[17.81973,59.36718],[17.82235,59.36791],[17.82496,59.36731],[17.82498,59.36602],[17.82236,59.3653],[17.81975,59.3659],[17.81973,59.36718]]]},"properties":{"zone":3,"cell_type":"total isolation","proximity":791.1,"opportunity":4382.4,"population":336}},{"type":"Feature","id":854,"geometry":{"type":"Polygon","coordinates":[[[17.92984,59.28685],[17.93258,59.28761],[17.93533,59.28698],[17.93535,59.2856],[17.93261,59.28484],[17.92986,59.28547],[17.92984,59.28685]]]},"properties":{"zone":3,"cell_type":"total isolation","proximity":1229.5,"opportunity":6108.9,"population":443}},{"type":"Feature","id":855,"geometry":{"type":"Polygon","coordinates":[[[17.97035,59.28332],[17.97286,59.28401],[17.97535,59.28344],[17.97536,59.28222],[17.97286,59.28153],[17.97037,59.2821],[17.97035,59.28332]]]},"properties":{"zone":3,"cell_type":"total isolation","proximity":2021.9,"opportunity":8747.7,"population":267}},{"type":"Feature","id":856,"geometry":{"type":"Polygon","coordinates":[[[18.06458,59.30956],[18.06745,59.31035],[18.07033,59.30968],[18.07034,59.30823],[18.06747,59.30744],[18.06459,59.3081],[18.06458,59.30956]]]},"properties":{"zone":0,"cell_type":"inclusion","proximity":5419.3,"opportunity":12763,"population":1285}},{"type":"Feature","id":857,"geometry":{"type":"Polygon","coordinates":[[[18.00485,59.31892],[18.00701,59.31951],[18.00912,59.31902],[18.00913,59.31804],[18.00698,59.31744],[18.00486,59.31793],[18.00485,59.31892]]]},"properties":{"zone":1,"cell_type":"spatial isolation","proximity":3460.4,"opportunity":8858.8,"population":126}},{"type":"Feature","id":858,"geometry":{"type":"Polygon","coordinates":[[[17.87428,59.36198],[17.87707,59.36275],[17.87988,59.36211],[17.87989,59.36071],[17.8771,59.35994],[17.8743,59.36058],[17.87428,59.36198]]]},"properties":{"zone":3,"cell_type":"total isolation","proximity":1583.4,"opportunity":6789.8,"population":491}},{"type":"Feature","id":859,"geometry":{"type":"Polygon","coordinates":[[[18.06412,59.24121],[18.06523,59.24152],[18.06621,59.24129],[18.06622,59.24099],[18.06511,59.24068],[18.06413,59.24091],[18.06412,59.24121]]]},"properties":{"zone":3,"cell_type":"total isolation","proximity":1002.7,"opportunity":3646.7,"population":13}},{"type":"Feature","id":860,"geometry":{"type":"Polygon","coordinates":[[[17.90864,59.38021],[17.91139,59.38096],[17.91414,59.38033],[17.91416,59.37896],[17.91141,59.3782],[17.90866,59.37883],[17.90864,59.38021]]]},"properties":{"zone":3,"cell_type":"total isolation","proximity":1182.1,"opportunity":6121.5,"population":443}},{"type":"Feature","id":861,"geometry":{"type":"Polygon","coordinates":[[[18.0789,59.31642],[18.08177,59.31721],[18.08465,59.31654],[18.08466,59.31509],[18.08179,59.3143],[18.07891,59.31496],[18.0789,59.31642]]]},"properties":{"zone":0,"cell_type":"inclusion","proximity":5569.9,"opportunity":13974.4,"population":1863}},{"type":"Feature","id":862,"geometry":{"type":"Polygon","coordinates":[[[18.1918,59.23789],[18.19442,59.23861],[18.19704,59.238],[18.19705,59.2367],[18.19442,59.23598],[18.19181,59.23659],[18.1918,59.23789]]]},"properties":{"zone":3,"cell_type":"total isolation","proximity":164.4,"opportunity":5381.4,"population":343}},{"type":"Feature","id":863,"geometry":{"type":"Polygon","coordinates":[[[18.13313,59.24703],[18.13411,59.2473],[18.13496,59.2471],[18.13497,59.24689],[18.13398,59.24661],[18.13313,59.24681],[18.13313,59.24703]]]},"properties":{"zone":3,"cell_type":"total isolation","proximity":815.4,"opportunity":3651.1,"population":10}},{"type":"Feature","id":864,"geometry":{"type":"Polygon","coordinates":[[[18.05307,59.35719],[18.05554,59.35787],[18.058,59.3573],[18.05801,59.35611],[18.05553,59.35543],[18.05308,59.35599],[18.05307,59.35719]]]},"properties":{"zone":0,"cell_type":"inclusion","proximity":4351.5,"opportunity":11347.9,"population":247}},{"type":"Feature","id":865,"geometry":{"type":"Polygon","coordinates":[[[17.95446,59.40739],[17.95716,59.40813],[17.95986,59.40752],[17.95987,59.40618],[17.95717,59.40543],[17.95447,59.40605],[17.95446,59.40739]]]},"properties":{"zone":3,"cell_type":"total isolation","proximity":856.7,"opportunity":5309.6,"population":398}},{"type":"Feature","id":866,"geometry":{"type":"Polygon","coordinates":[[[18.06496,59.27459],[18.06775,59.27536],[18.07055,59.27471],[18.07056,59.27331],[18.06777,59.27254],[18.06497,59.27318],[18.06496,59.27459]]]},"properties":{"zone":0,"cell_type":"inclusion","proximity":2916.8,"opportunity":9742.3,"population":490}},{"type":"Feature","id":867,"geometry":{"type":"Polygon","coordinates":[[[18.01905,59.28663],[18.02167,59.28736],[18.02429,59.28675],[18.0243,59.28546],[18.02168,59.28473],[18.01906,59.28534],[18.01905,59.28663]]]},"properties":{"zone":1,"cell_type":"spatial isolation","proximity":2923.2,"opportunity":8662.9,"population":344}},{"type":"Feature","id":868,"geometry":{"type":"Polygon","coordinates":[[[18.07967,59.2421],[18.08239,59.24285],[18.08511,59.24222],[18.08512,59.24085],[18.0824,59.2401],[18.07968,59.24073],[18.07967,59.2421]]]},"properties":{"zone":3,"cell_type":"total isolation","proximity":1208.4,"opportunity":6172.8,"population":422}},{"type":"Feature","id":869,"geometry":{"type":"Polygon","coordinates":[[[18.09907,59.3103],[18.10194,59.31109],[18.10482,59.31043],[18.10484,59.30897],[18.10197,59.30818],[18.09909,59.30885],[18.09907,59.3103]]]},"properties":{"zone":1,"cell_type":"spatial isolation","proximity":3790.3,"opportunity":8786.9,"population":716}},{"type":"Feature","id":870,"geometry":{"type":"Polygon","coordinates":[[[17.95424,59.31741],[17.95531,59.31771],[17.95626,59.31749],[17.95626,59.31722],[17.95519,59.31692],[17.95424,59.31714],[17.95424,59.31741]]]},"properties":{"zone":3,"cell_type":"total isolation","proximity":1513.6,"opportunity":6213.5,"population":12}},{"type":"Feature","id":871,"geometry":{"type":"Polygon","coordinates":[[[17.94074,59.35689],[17.94332,59.3576],[17.94588,59.35702],[17.9459,59.35576],[17.94332,59.35504],[17.94076,59.35563],[17.94074,59.35689]]]},"properties":{"zone":3,"cell_type":"total isolation","proximity":1534,"opportunity":6457.8,"population":307}},{"type":"Feature","id":872,"geometry":{"type":"Polygon","coordinates":[[[17.88214,59.33975],[17.88317,59.34003],[17.88406,59.33983],[17.88406,59.33959],[17.88304,59.3393],[17.88215,59.33951],[17.88214,59.33975]]]},"properties":{"zone":3,"cell_type":"total isolation","proximity":1101.9,"opportunity":6069.9,"population":11}},{"type":"Feature","id":873,"geometry":{"type":"Polygon","coordinates":[[[17.96727,59.2855],[17.96996,59.28624],[17.97265,59.28562],[17.97266,59.28428],[17.96997,59.28354],[17.96728,59.28416],[17.96727,59.2855]]]},"properties":{"zone":3,"cell_type":"total isolation","proximity":2003.6,"opportunity":8597.1,"population":396}},{"type":"Feature","id":874,"geometry":{"type":"Polygon","coordinates":[[[17.88424,59.27262],[17.88679,59.27333],[17.88933,59.27275],[17.88934,59.2715],[17.8868,59.27079],[17.88426,59.27138],[17.88424,59.27262]]]},"properties":{"zone":3,"cell_type":"total isolation","proximity":469.2,"opportunity":6180.3,"population":293}},{"type":"Feature","id":875,"geometry":{"type":"Polygon","coordinates":[[[17.84259,59.37646],[17.84524,59.37719],[17.8479,59.37659],[17.84792,59.37527],[17.84526,59.37454],[17.8426,59.37514],[17.84259,59.37646]]]},"properties":{"zone":3,"cell_type":"total isolation","proximity":1142.4,"opportunity":4740.5,"population":367}},{"type":"Feature","id":876,"geometry":{"type":"Polygon","coordinates":[[[17.92098,59.35415],[17.92322,59.35477],[17.92543,59.35426],[17.92544,59.35322],[17.9232,59.3526],[17.92099,59.35311],[17.92098,59.35415]]]},"properties":{"zone":3,"cell_type":"total isolation","proximity":1633.9,"opportunity":5551.3,"population":150}},{"type":"Feature","id":877,"geometry":{"type":"Polygon","coordinates":[[[18.09689,59.25119],[18.09955,59.25193],[18.10221,59.25131],[18.10222,59.24999],[18.09956,59.24926],[18.0969,59.24987],[18.09689,59.25119]]]},"properties":{"zone":3,"cell_type":"total isolation","proximity":1701.2,"opportunity":6202.5,"population":374}},{"type":"Feature","id":878,"geometry":{"type":"Polygon","coordinates":[[[18.10792,59.2821],[18.11079,59.28289],[18.11367,59.28222],[18.11368,59.28077],[18.11081,59.27998],[18.10793,59.28064],[18.10792,59.2821]]]},"properties":{"zone":3,"cell_type":"total isolation","proximity":2637,"opportunity":8711.5,"population":700}},{"type":"Feature","id":879,"geometry":{"type":"Polygon","coordinates":[[[18.05605,59.33328],[18.05862,59.33399],[18.06119,59.3334],[18.0612,59.33214],[18.05862,59.33143],[18.05606,59.33202],[18.05605,59.33328]]]},"properties":{"zone":0,"cell_type":"inclusion","proximity":6549.4,"opportunity":15942.8,"population":306}},{"type":"Feature","id":880,"geometry":{"type":"Polygon","coordinates":[[[17.9202,59.38046],[17.9229,59.3812],[17.92561,59.38058],[17.92562,59.37924],[17.92292,59.37849],[17.92022,59.37911],[17.9202,59.38046]]]},"properties":{"zone":3,"cell_type":"total isolation","proximity":1243,"opportunity":5324.8,"population":404}},{"type":"Feature","id":881,"geometry":{"type":"Polygon","coordinates":[[[18.00239,59.28607],[18.00446,59.28665],[18.00648,59.28618],[18.00649,59.28525],[18.00442,59.28468],[18.00239,59.28514],[18.00239,59.28607]]]},"properties":{"zone":3,"cell_type":"total isolation","proximity":2497.9,"opportunity":8170.3,"population":104}},{"type":"Feature","id":882,"geometry":{"type":"Polygon","coordinates":[[[17.95685,59.30668],[17.95828,59.30707],[17.95962,59.30677],[17.95963,59.30625],[17.95819,59.30586],[17.95686,59.30616],[17.95685,59.30668]]]},"properties":{"zone":3,"cell_type":"total isolation","proximity":1777.9,"opportunity":6835,"population":27}},{"type":"Feature","id":883,"geometry":{"type":"Polygon","coordinates":[[[17.88552,59.38405],[17.88832,59.38482],[17.89113,59.38418],[17.89114,59.38277],[17.88834,59.382],[17.88553,59.38264],[17.88552,59.38405]]]},"properties":{"zone":3,"cell_type":"total isolation","proximity":1304.2,"opportunity":7483.4,"population":498}},{"type":"Feature","id":884,"geometry":{"type":"Polygon","coordinates":[[[18.02401,59.34359],[18.02688,59.34438],[18.02976,59.34372],[18.02977,59.34226],[18.0269,59.34147],[18.02402,59.34214],[18.02401,59.34359]]]},"properties":{"zone":0,"cell_type":"inclusion","proximity":4806.3,"opportunity":11531.4,"population":1307}},{"type":"Feature","id":885,"geometry":{"type":"Polygon","coordinates":[[[17.92858,59.40462],[17.93127,59.40536],[17.93395,59.40474],[17.93397,59.40341],[17.93128,59.40267],[17.9286,59.40329],[17.92858,59.40462]]]},"properties":{"zone":3,"cell_type":"total isolation","proximity":1013.3,"opportunity":5869,"population":388}},{"type":"Feature","id":886,"geometry":{"type":"Polygon","coordinates":[[[18.12811,59.28033],[18.13092,59.2811],[18.13374,59.28045],[18.13375,59.27903],[18.13094,59.27826],[18.12812,59.27891],[18.12811,59.28033]]]},"properties":{"zone":3,"cell_type":"total isolation","proximity":1939,"opportunity":7933.3,"population":511}},{"type":"Feature","id":887,"geometry":{"type":"Polygon","coordinates":[[[18.10521,59.33644],[18.10751,59.33708],[18.10978,59.33655],[18.10979,59.33547],[18.10749,59.33483],[18.10521,59.33536],[18.10521,59.33644]]]},"properties":{"zone":0,"cell_type":"inclusion","proximity":4114.9,"opportunity":9762.8,"population":171}},{"type":"Feature","id":888,"geometry":{"type":"Polygon","coordinates":[[[17.87436,59.35761],[17.87713,59.35838],[17.87991,59.35774],[17.87992,59.35635],[17.87715,59.35559],[17.87437,59.35622],[17.87436,59.35761]]]},"properties":{"zone":3,"cell_type":"total isolation","proximity":1521.6,"opportunity":6953,"population":470}},{"type":"Feature","id":889,"geometry":{"type":"Polygon","coordinates":[[[17.92399,59.33026],[17.92636,59.33092],[17.92871,59.33038],[17.92872,59.32925],[17.92635,59.32859],[17.924,59.32913],[17.92399,59.33026]]]},"properties":{"zone":3,"cell_type":"total isolation","proximity":1486.7,"opportunity":7135.1,"population":199}},{"type":"Feature","id":890,"geometry":{"type":"Polygon","coordinates":[[[18.10757,59.35189],[18.11025,59.35263],[18.11293,59.35201],[18.11294,59.35068],[18.11026,59.34995],[18.10758,59.35057],[18.10757,59.35189]]]},"properties":{"zone":1,"cell_type":"spatial isolation","proximity":2955.4,"opportunity":8278.1,"population":383}},{"type":"Feature","id":891,"geometry":{"type":"Polygon","coordinates":[[[18.08479,59.29908],[18.08766,59.29987],[18.09054,59.2992],[18.09055,59.29775],[18.08768,59.29696],[18.0848,59.29762],[18.08479,59.29908]]]},"properties":{"zone":0,"cell_type":"inclusion","proximity":4431.3,"opportunity":13273.1,"population":1131}},{"type":"Feature","id":892,"geometry":{"type":"Polygon","coordinates":[[[18.01904,59.29535],[18.02159,59.29605],[18.02414,59.29546],[18.02415,59.29421],[18.02159,59.29351],[18.01905,59.2941],[18.01904,59.29535]]]},"properties":{"zone":3,"cell_type":"total isolation","proximity":2848.7,"opportunity":5520.3,"population":295}},{"type":"Feature","id":893,"geometry":{"type":"Polygon","coordinates":[[[17.89558,59.27293],[17.89827,59.27368],[17.90096,59.27306],[17.90098,59.27172],[17.89829,59.27097],[17.8956,59.27159],[17.89558,59.27293]]]},"properties":{"zone":3,"cell_type":"total isolation","proximity":586.4,"opportunity":5675.7,"population":396}},{"type":"Feature","id":894,"geometry":{"type":"Polygon","coordinates":[[[18.03152,59.25173],[18.03351,59.25228],[18.03545,59.25183],[18.03546,59.25095],[18.03347,59.2504],[18.03153,59.25085],[18.03152,59.25173]]]},"properties":{"zone":3,"cell_type":"total isolation","proximity":1409.1,"opportunity":6487.2,"population":88}},{"type":"Feature","id":895,"geometry":{"type":"Polygon","coordinates":[[[17.94432,59.32413],[17.94656,59.32475],[17.94877,59.32424],[17.94879,59.3232],[17.94654,59.32258],[17.94433,59.32309],[17.94432,59.32413]]]},"properties":{"zone":3,"cell_type":"total isolation","proximity":1630.2,"opportunity":6415.2,"population":151}},{"type":"Feature","id":896,"geometry":{"type":"Polygon","coordinates":[[[18.06576,59.25691],[18.06793,59.25751],[18.07005,59.25702],[18.07006,59.25602],[18.06789,59.25542],[18.06577,59.25591],[18.06576,59.25691]]]},"properties":{"zone":3,"cell_type":"total isolation","proximity":1836.1,"opportunity":6785.4,"population":129}},{"type":"Feature","id":897,"geometry":{"type":"Polygon","coordinates":[[[17.98731,59.30991],[17.98983,59.31061],[17.99234,59.31003],[17.99235,59.30881],[17.98983,59.30811],[17.98732,59.30869],[17.98731,59.30991]]]},"properties":{"zone":1,"cell_type":"spatial isolation","proximity":3043.3,"opportunity":9317.5,"population":276}},{"type":"Feature","id":898,"geometry":{"type":"Polygon","coordinates":[[[18.02131,59.32824],[18.02414,59.32902],[18.02699,59.32837],[18.027,59.32694],[18.02417,59.32615],[18.02132,59.32681],[18.02131,59.32824]]]},"properties":{"zone":0,"cell_type":"inclusion","proximity":5272.9,"opportunity":12618.7,"population":539}},{"type":"Feature","id":899,"geometry":{"type":"Polygon","coordinates":[[[17.97233,59.33371],[17.9752,59.3345],[17.97808,59.33384],[17.97809,59.33238],[17.97523,59.33159],[17.97234,59.33225],[17.97233,59.33371]]]},"properties":{"zone":0,"cell_type":"inclusion","proximity":2937.9,"opportunity":11237.7,"population":848}},{"type":"Feature","id":900,"geometry":{"type":"Polygon","coordinates":[[[18.03063,59.25636],[18.03344,59.25713],[18.03626,59.25648],[18.03627,59.25506],[18.03346,59.25429],[18.03064,59.25494],[18.03063,59.25636]]]},"properties":{"zone":3,"cell_type":"total isolation","proximity":1587.7,"opportunity":6717.8,"population":513}},{"type":"Feature","id":901,"geometry":{"type":"Polygon","coordinates":[[[17.90854,59.41497],[17.911,59.41565],[17.91344,59.4151],[17.91345,59.41392],[17.911,59.41324],[17.90856,59.4138],[17.90854,59.41497]]]},"properties":{"zone":3,"cell_type":"total isolation","proximity":706,"opportunity":7154,"population":236}},{"type":"Feature","id":902,"geometry":{"type":"Polygon","coordinates":[[[18.07868,59.34261],[18.08155,59.3434],[18.08443,59.34273],[18.08444,59.34128],[18.08157,59.34049],[18.07869,59.34115],[18.07868,59.34261]]]},"properties":{"zone":0,"cell_type":"inclusion","proximity":5900.7,"opportunity":14040.4,"population":2088}},{"type":"Feature","id":903,"geometry":{"type":"Polygon","coordinates":[[[17.8253,59.37172],[17.82804,59.37248],[17.83078,59.37185],[17.8308,59.37048],[17.82806,59.36972],[17.82532,59.37035],[17.8253,59.37172]]]},"properties":{"zone":3,"cell_type":"total isolation","proximity":946.3,"opportunity":4011,"population":438}},{"type":"Feature","id":904,"geometry":{"type":"Polygon","coordinates":[[[17.91912,59.29506],[17.92103,59.29559],[17.92288,59.29516],[17.92289,59.29434],[17.92098,59.29381],[17.91913,59.29423],[17.91912,59.29506]]]},"properties":{"zone":3,"cell_type":"total isolation","proximity":1131.7,"opportunity":6738.2,"population":74}},{"type":"Feature","id":905,"geometry":{"type":"Polygon","coordinates":[[[18.01267,59.32296],[18.01278,59.32299],[18.01278,59.32299],[18.01267,59.32296]]]},"properties":{"zone":1,"cell_type":"spatial isolation","proximity":3583.8,"opportunity":8240.1,"population":0}},{"type":"Feature","id":906,"geometry":{"type":"Polygon","coordinates":[[[17.83972,59.36553],[17.8425,59.3663],[17.84529,59.36566],[17.84531,59.36427],[17.84253,59.3635],[17.83974,59.36413],[17.83972,59.36553]]]},"properties":{"zone":3,"cell_type":"total isolation","proximity":1103.7,"opportunity":6324.1,"population":479}},{"type":"Feature","id":907,"geometry":{"type":"Polygon","coordinates":[[[18.06972,59.24574],[18.07093,59.24608],[18.07203,59.24582],[18.07203,59.24545],[18.07082,59.24512],[18.06972,59.24537],[18.06972,59.24574]]]},"properties":{"zone":3,"cell_type":"total isolation","proximity":1393.9,"opportunity":5250.7,"population":17}},{"type":"Feature","id":908,"geometry":{"type":"Polygon","coordinates":[[[18.1139,59.26036],[18.11671,59.26113],[18.11953,59.26048],[18.11954,59.25906],[18.11673,59.25828],[18.11391,59.25893],[18.1139,59.26036]]]},"properties":{"zone":3,"cell_type":"total isolation","proximity":1728.1,"opportunity":8924.4,"population":514}},{"type":"Feature","id":909,"geometry":{"type":"Polygon","coordinates":[[[18.02782,59.2846],[18.03032,59.28529],[18.0328,59.28471],[18.03281,59.2835],[18.03031,59.28281],[18.02783,59.28339],[18.02782,59.2846]]]},"properties":{"zone":3,"cell_type":"total isolation","proximity":2792.6,"opportunity":9253.2,"population":260}},{"type":"Feature","id":910,"geometry":{"type":"Polygon","coordinates":[[[18.12522,59.27809],[18.12806,59.27888],[18.13092,59.27822],[18.13093,59.27677],[18.12808,59.27599],[18.12523,59.27665],[18.12522,59.27809]]]},"properties":{"zone":3,"cell_type":"total isolation","proximity":2018.8,"opportunity":8141.5,"population":553}},{"type":"Feature","id":911,"geometry":{"type":"Polygon","coordinates":[[[18.03657,59.31306],[18.03869,59.31364],[18.04077,59.31316],[18.04078,59.3122],[18.03866,59.31161],[18.03658,59.31209],[18.03657,59.31306]]]},"properties":{"zone":0,"cell_type":"inclusion","proximity":4967.6,"opportunity":12561.7,"population":116}},{"type":"Feature","id":912,"geometry":{"type":"Polygon","coordinates":[[[18.06764,59.3248],[18.0702,59.32551],[18.07275,59.32492],[18.07276,59.32367],[18.0702,59.32296],[18.06766,59.32355],[18.06764,59.3248]]]},"properties":{"zone":0,"cell_type":"inclusion","proximity":6754.9,"opportunity":15894.9,"population":297}},{"type":"Feature","id":913,"geometry":{"type":"Polygon","coordinates":[[[18.07065,59.27909],[18.07346,59.27986],[18.07627,59.27921],[18.07629,59.27779],[18.07348,59.27702],[18.07066,59.27767],[18.07065,59.27909]]]},"properties":{"zone":0,"cell_type":"inclusion","proximity":3014.7,"opportunity":9870.9,"population":510}},{"type":"Feature","id":914,"geometry":{"type":"Polygon","coordinates":[[[18.00468,59.27542],[18.00741,59.27618],[18.01014,59.27555],[18.01015,59.27418],[18.00743,59.27343],[18.00469,59.27406],[18.00468,59.27542]]]},"properties":{"zone":2,"cell_type":"social isolation","proximity":2294.3,"opportunity":9812.4,"population":432}},{"type":"Feature","id":915,"geometry":{"type":"Polygon","coordinates":[[[18.06441,59.34879],[18.06711,59.34953],[18.06982,59.34891],[18.06983,59.34756],[18.06713,59.34682],[18.06442,59.34744],[18.06441,59.34879]]]},"properties":{"zone":0,"cell_type":"inclusion","proximity":5422.3,"opportunity":12297.9,"population":408}},{"type":"Feature","id":916,"geometry":{"type":"Polygon","coordinates":[[[17.81051,59.39103],[17.81338,59.39183],[17.81627,59.39117],[17.81629,59.38972],[17.81342,59.38892],[17.81053,59.38958],[17.81051,59.39103]]]},"properties":{"zone":3,"cell_type":"total isolation","proximity":625.8,"opportunity":3244.4,"population":602}},{"type":"Feature","id":917,"geometry":{"type":"Polygon","coordinates":[[[17.88876,59.3688],[17.89138,59.36953],[17.89401,59.36893],[17.89402,59.36764],[17.8914,59.36691],[17.88877,59.36751],[17.88876,59.3688]]]},"properties":{"zone":3,"cell_type":"total isolation","proximity":1572.1,"opportunity":6335.4,"population":342}},{"type":"Feature","id":918,"geometry":{"type":"Polygon","coordinates":[[[17.94954,59.35052],[17.95202,59.3512],[17.95448,59.35064],[17.9545,59.34944],[17.95202,59.34875],[17.94956,59.34932],[17.94954,59.35052]]]},"properties":{"zone":3,"cell_type":"total isolation","proximity":1621.1,"opportunity":4988.6,"population":249}},{"type":"Feature","id":919,"geometry":{"type":"Polygon","coordinates":[[[17.9724,59.33803],[17.97516,59.33879],[17.97791,59.33816],[17.97793,59.33678],[17.97518,59.33602],[17.97242,59.33666],[17.9724,59.33803]]]},"properties":{"zone":2,"cell_type":"social isolation","proximity":2622.6,"opportunity":9859.7,"population":450}},{"type":"Feature","id":920,"geometry":{"type":"Polygon","coordinates":[[[17.84821,59.38097],[17.85094,59.38173],[17.85367,59.3811],[17.85369,59.37975],[17.85096,59.37899],[17.84823,59.37962],[17.84821,59.38097]]]},"properties":{"zone":3,"cell_type":"total isolation","proximity":1126.7,"opportunity":4557.5,"population":424}},{"type":"Feature","id":921,"geometry":{"type":"Polygon","coordinates":[[[17.92719,59.35849],[17.92894,59.35898],[17.93063,59.35859],[17.93064,59.35786],[17.92888,59.35738],[17.92719,59.35777],[17.92719,59.35849]]]},"properties":{"zone":3,"cell_type":"total isolation","proximity":1225.4,"opportunity":19.9,"population":53}},{"type":"Feature","id":922,"geometry":{"type":"Polygon","coordinates":[[[18.04487,59.26325],[18.04774,59.26404],[18.05062,59.26337],[18.05063,59.26192],[18.04776,59.26112],[18.04488,59.26179],[18.04487,59.26325]]]},"properties":{"zone":3,"cell_type":"total isolation","proximity":2210.3,"opportunity":7590.8,"population":601}},{"type":"Feature","id":923,"geometry":{"type":"Polygon","coordinates":[[[18.10552,59.24483],[18.10822,59.24557],[18.1109,59.24495],[18.11091,59.24361],[18.10822,59.24287],[18.10554,59.24349],[18.10552,59.24483]]]},"properties":{"zone":3,"cell_type":"total isolation","proximity":1320.1,"opportunity":6080.9,"population":397}},{"type":"Feature","id":924,"geometry":{"type":"Polygon","coordinates":[[[17.86554,59.3857],[17.86815,59.38642],[17.87076,59.38583],[17.87078,59.38454],[17.86817,59.38382],[17.86556,59.38442],[17.86554,59.3857]]]},"properties":{"zone":3,"cell_type":"total isolation","proximity":1108.2,"opportunity":6043.3,"population":332}},{"type":"Feature","id":925,"geometry":{"type":"Polygon","coordinates":[[[18.11685,59.27565],[18.11947,59.27637],[18.12208,59.27577],[18.12209,59.27448],[18.11947,59.27376],[18.11686,59.27436],[18.11685,59.27565]]]},"properties":{"zone":3,"cell_type":"total isolation","proximity":2172.3,"opportunity":6429.5,"population":338}},{"type":"Feature","id":926,"geometry":{"type":"Polygon","coordinates":[[[18.02972,59.34808],[18.03259,59.34887],[18.03547,59.34821],[18.03548,59.34675],[18.03261,59.34596],[18.02973,59.34663],[18.02972,59.34808]]]},"properties":{"zone":0,"cell_type":"inclusion","proximity":4826,"opportunity":11490.2,"population":1655}},{"type":"Feature","id":927,"geometry":{"type":"Polygon","coordinates":[[[17.99356,59.28377],[17.99585,59.2844],[17.99811,59.28388],[17.99812,59.2828],[17.99583,59.28217],[17.99357,59.28269],[17.99356,59.28377]]]},"properties":{"zone":2,"cell_type":"social isolation","proximity":2448,"opportunity":9586.8,"population":168}},{"type":"Feature","id":928,"geometry":{"type":"Polygon","coordinates":[[[17.87045,59.2743],[17.87243,59.27485],[17.87436,59.2744],[17.87437,59.27353],[17.87239,59.27298],[17.87046,59.27342],[17.87045,59.2743]]]},"properties":{"zone":3,"cell_type":"total isolation","proximity":335.4,"opportunity":1852.7,"population":87}},{"type":"Feature","id":929,"geometry":{"type":"Polygon","coordinates":[[[18.04416,59.34185],[18.04703,59.34264],[18.04991,59.34198],[18.04993,59.34052],[18.04706,59.33973],[18.04417,59.3404],[18.04416,59.34185]]]},"properties":{"zone":0,"cell_type":"inclusion","proximity":6309.4,"opportunity":14854.9,"population":2493}},{"type":"Feature","id":930,"geometry":{"type":"Polygon","coordinates":[[[17.92606,59.3849],[17.92862,59.38561],[17.93116,59.38502],[17.93118,59.38378],[17.92862,59.38307],[17.92607,59.38365],[17.92606,59.3849]]]},"properties":{"zone":3,"cell_type":"total isolation","proximity":1212.9,"opportunity":6515.4,"population":295}},{"type":"Feature","id":931,"geometry":{"type":"Polygon","coordinates":[[[18.11382,59.26474],[18.11667,59.26552],[18.11953,59.26486],[18.11954,59.26342],[18.11669,59.26263],[18.11384,59.26329],[18.11382,59.26474]]]},"properties":{"zone":3,"cell_type":"total isolation","proximity":1793.7,"opportunity":7338.8,"population":555}},{"type":"Feature","id":932,"geometry":{"type":"Polygon","coordinates":[[[18.0075,59.29075],[18.01014,59.29148],[18.01277,59.29087],[18.01278,59.28957],[18.01015,59.28884],[18.00751,59.28944],[18.0075,59.29075]]]},"properties":{"zone":3,"cell_type":"total isolation","proximity":2797.4,"opportunity":8113.5,"population":353}},{"type":"Feature","id":933,"geometry":{"type":"Polygon","coordinates":[[[18.18603,59.24214],[18.18865,59.24286],[18.19126,59.24225],[18.19127,59.24096],[18.18865,59.24024],[18.18604,59.24085],[18.18603,59.24214]]]},"properties":{"zone":3,"cell_type":"total isolation","proximity":184.9,"opportunity":5379.9,"population":340}},{"type":"Feature","id":934,"geometry":{"type":"Polygon","coordinates":[[[17.89433,59.37768],[17.89703,59.37842],[17.89973,59.37781],[17.89975,59.37647],[17.89705,59.37572],[17.89435,59.37634],[17.89433,59.37768]]]},"properties":{"zone":3,"cell_type":"total isolation","proximity":1476.4,"opportunity":7699.9,"population":399}},{"type":"Feature","id":935,"geometry":{"type":"Polygon","coordinates":[[[17.99001,59.29479],[17.99284,59.29558],[17.99569,59.29492],[17.9957,59.29349],[17.99287,59.2927],[17.99003,59.29336],[17.99001,59.29479]]]},"properties":{"zone":3,"cell_type":"total isolation","proximity":2744.6,"opportunity":9076.4,"population":539}},{"type":"Feature","id":936,"geometry":{"type":"Polygon","coordinates":[[[18.13697,59.26954],[18.13963,59.27027],[18.14228,59.26965],[18.14229,59.26834],[18.13963,59.26761],[18.13698,59.26822],[18.13697,59.26954]]]},"properties":{"zone":3,"cell_type":"total isolation","proximity":1426.2,"opportunity":8028,"population":368}},{"type":"Feature","id":937,"geometry":{"type":"Polygon","coordinates":[[[18.0327,59.33724],[18.03556,59.33803],[18.03845,59.33736],[18.03846,59.33591],[18.03559,59.33512],[18.03271,59.33578],[18.0327,59.33724]]]},"properties":{"zone":0,"cell_type":"inclusion","proximity":5686,"opportunity":13204.8,"population":1217}},{"type":"Feature","id":938,"geometry":{"type":"Polygon","coordinates":[[[17.91725,59.37824],[17.92005,59.37901],[17.92285,59.37837],[17.92287,59.37696],[17.92007,59.37619],[17.91727,59.37683],[17.91725,59.37824]]]},"properties":{"zone":3,"cell_type":"total isolation","proximity":1153.7,"opportunity":4864.4,"population":495}},{"type":"Feature","id":939,"geometry":{"type":"Polygon","coordinates":[[[18.0162,59.27567],[18.0189,59.27642],[18.0216,59.27579],[18.02162,59.27444],[18.01891,59.2737],[18.01621,59.27432],[18.0162,59.27567]]]},"properties":{"zone":2,"cell_type":"social isolation","proximity":2358,"opportunity":9771.2,"population":407}},{"type":"Feature","id":940,"geometry":{"type":"Polygon","coordinates":[[[18.11034,59.34111],[18.11321,59.3419],[18.11609,59.34123],[18.1161,59.33978],[18.11323,59.33899],[18.11035,59.33965],[18.11034,59.34111]]]},"properties":{"zone":1,"cell_type":"spatial isolation","proximity":3440.1,"opportunity":8657,"population":953}},{"type":"Feature","id":941,"geometry":{"type":"Polygon","coordinates":[[[17.81063,59.39534],[17.81333,59.39609],[17.81604,59.39547],[17.81606,59.39413],[17.81336,59.39338],[17.81065,59.39399],[17.81063,59.39534]]]},"properties":{"zone":3,"cell_type":"total isolation","proximity":466.1,"opportunity":2306.6,"population":405}},{"type":"Feature","id":942,"geometry":{"type":"Polygon","coordinates":[[[17.86287,59.34574],[17.86299,59.34577],[17.86299,59.34577],[17.86287,59.34574]]]},"properties":{"zone":3,"cell_type":"total isolation","proximity":1010.1,"opportunity":813.4,"population":0}},{"type":"Feature","id":943,"geometry":{"type":"Polygon","coordinates":[[[17.96086,59.35083],[17.96352,59.35157],[17.96618,59.35096],[17.96619,59.34964],[17.96353,59.34891],[17.96087,59.34952],[17.96086,59.35083]]]},"properties":{"zone":3,"cell_type":"total isolation","proximity":1945.8,"opportunity":8445.9,"population":371}},{"type":"Feature","id":944,"geometry":{"type":"Polygon","coordinates":[[[18.09347,59.29271],[18.09634,59.2935],[18.09921,59.29284],[18.09923,59.29138],[18.09636,59.29059],[18.09348,59.29126],[18.09347,59.29271]]]},"properties":{"zone":0,"cell_type":"inclusion","proximity":3522.3,"opportunity":11419.2,"population":1621}},{"type":"Feature","id":945,"geometry":{"type":"Polygon","coordinates":[[[18.02771,59.28899],[18.03027,59.2897],[18.03283,59.28911],[18.03284,59.28785],[18.03028,59.28714],[18.02772,59.28773],[18.02771,59.28899]]]},"properties":{"zone":1,"cell_type":"spatial isolation","proximity":2966.3,"opportunity":9233.3,"population":304}},{"type":"Feature","id":946,"geometry":{"type":"Polygon","coordinates":[[[17.90964,59.3321],[17.91196,59.33274],[17.91427,59.33221],[17.91428,59.33111],[17.91195,59.33047],[17.90965,59.331],[17.90964,59.3321]]]},"properties":{"zone":3,"cell_type":"total isolation","proximity":1296.4,"opportunity":7101,"population":181}},{"type":"Feature","id":947,"geometry":{"type":"Polygon","coordinates":[[[17.94968,59.32873],[17.95225,59.32944],[17.95482,59.32885],[17.95483,59.32759],[17.95226,59.32688],[17.9497,59.32747],[17.94968,59.32873]]]},"properties":{"zone":3,"cell_type":"total isolation","proximity":1996.9,"opportunity":6759.2,"population":306}},{"type":"Feature","id":948,"geometry":{"type":"Polygon","coordinates":[[[18.12186,59.34135],[18.12471,59.34213],[18.12758,59.34147],[18.12759,59.34003],[18.12473,59.33924],[18.12187,59.33991],[18.12186,59.34135]]]},"properties":{"zone":3,"cell_type":"total isolation","proximity":2480.9,"opportunity":7011.6,"population":558}},{"type":"Feature","id":949,"geometry":{"type":"Polygon","coordinates":[[[18.04597,59.35436],[18.04699,59.35464],[18.04787,59.35443],[18.04787,59.3542],[18.04686,59.35392],[18.04598,59.35412],[18.04597,59.35436]]]},"properties":{"zone":1,"cell_type":"spatial isolation","proximity":4399,"opportunity":8441.2,"population":11}},{"type":"Feature","id":950,"geometry":{"type":"Polygon","coordinates":[[[17.92407,59.32589],[17.92641,59.32653],[17.92873,59.326],[17.92874,59.32489],[17.9264,59.32425],[17.92408,59.32478],[17.92407,59.32589]]]},"properties":{"zone":3,"cell_type":"total isolation","proximity":1244.9,"opportunity":5498.7,"population":187}},{"type":"Feature","id":951,"geometry":{"type":"Polygon","coordinates":[[[17.99566,59.30366],[17.9985,59.30444],[18.00136,59.30379],[18.00137,59.30235],[17.99853,59.30156],[17.99568,59.30222],[17.99566,59.30366]]]},"properties":{"zone":0,"cell_type":"inclusion","proximity":3321.6,"opportunity":9822.8,"population":546}},{"type":"Feature","id":952,"geometry":{"type":"Polygon","coordinates":[[[18.02998,59.32189],[18.03283,59.32268],[18.03569,59.32202],[18.0357,59.32058],[18.03286,59.31979],[18.03,59.32045],[18.02998,59.32189]]]},"properties":{"zone":0,"cell_type":"inclusion","proximity":4878.7,"opportunity":10751.8,"population":553}},{"type":"Feature","id":953,"geometry":{"type":"Polygon","coordinates":[[[18.05945,59.36147],[18.06128,59.36198],[18.06305,59.36157],[18.06305,59.3608],[18.06122,59.36029],[18.05946,59.3607],[18.05945,59.36147]]]},"properties":{"zone":1,"cell_type":"spatial isolation","proximity":3383.6,"opportunity":8870.5,"population":62}},{"type":"Feature","id":954,"geometry":{"type":"Polygon","coordinates":[[[17.83399,59.36539],[17.83675,59.36615],[17.83952,59.36552],[17.83953,59.36414],[17.83678,59.36337],[17.83401,59.36401],[17.83399,59.36539]]]},"properties":{"zone":3,"cell_type":"total isolation","proximity":1048.1,"opportunity":6216.8,"population":456}},{"type":"Feature","id":955,"geometry":{"type":"Polygon","coordinates":[[[17.90475,59.28385],[17.90679,59.28441],[17.90878,59.28396],[17.90879,59.28305],[17.90675,59.28248],[17.90476,59.28294],[17.90475,59.28385]]]},"properties":{"zone":3,"cell_type":"total isolation","proximity":818.7,"opportunity":4910.8,"population":98}},{"type":"Feature","id":956,"geometry":{"type":"Polygon","coordinates":[[[17.98207,59.27044],[17.98449,59.27111],[17.98688,59.27056],[17.98689,59.2694],[17.98448,59.26873],[17.98208,59.26928],[17.98207,59.27044]]]},"properties":{"zone":3,"cell_type":"total isolation","proximity":1476.7,"opportunity":6131,"population":220}},{"type":"Feature","id":957,"geometry":{"type":"Polygon","coordinates":[[[18.07897,59.30769],[18.08184,59.30848],[18.08472,59.30781],[18.08473,59.30636],[18.08186,59.30557],[18.07898,59.30623],[18.07897,59.30769]]]},"properties":{"zone":0,"cell_type":"inclusion","proximity":5053.6,"opportunity":13353.2,"population":1689}},{"type":"Feature","id":958,"geometry":{"type":"Polygon","coordinates":[[[17.99823,59.33211],[18.0011,59.3329],[18.00398,59.33223],[18.00399,59.33078],[18.00113,59.32999],[17.99824,59.33065],[17.99823,59.33211]]]},"properties":{"zone":0,"cell_type":"inclusion","proximity":3915.9,"opportunity":13107,"population":628}},{"type":"Feature","id":959,"geometry":{"type":"Polygon","coordinates":[[[17.92107,59.28887],[17.92394,59.28967],[17.92682,59.28901],[17.92683,59.28755],[17.92397,59.28676],[17.92109,59.28742],[17.92107,59.28887]]]},"properties":{"zone":3,"cell_type":"total isolation","proximity":1169.8,"opportunity":6900.3,"population":617}},{"type":"Feature","id":960,"geometry":{"type":"Polygon","coordinates":[[[18.05684,59.25463],[18.05932,59.25532],[18.06178,59.25475],[18.06179,59.25355],[18.05931,59.25286],[18.05685,59.25343],[18.05684,59.25463]]]},"properties":{"zone":3,"cell_type":"total isolation","proximity":1724.3,"opportunity":4668.5,"population":252}},{"type":"Feature","id":961,"geometry":{"type":"Polygon","coordinates":[[[18.08052,59.3551],[18.08151,59.35538],[18.08237,59.35518],[18.08238,59.35496],[18.08138,59.35469],[18.08052,59.35488],[18.08052,59.3551]]]},"properties":{"zone":1,"cell_type":"spatial isolation","proximity":3819.7,"opportunity":8850.3,"population":10}},{"type":"Feature","id":962,"geometry":{"type":"Polygon","coordinates":[[[17.95147,59.40518],[17.95429,59.40596],[17.95713,59.40531],[17.95714,59.4039],[17.95432,59.40312],[17.95149,59.40377],[17.95147,59.40518]]]},"properties":{"zone":3,"cell_type":"total isolation","proximity":907.1,"opportunity":5675.5,"population":518}},{"type":"Feature","id":963,"geometry":{"type":"Polygon","coordinates":[[[18.08789,59.28382],[18.09066,59.28458],[18.09344,59.28394],[18.09345,59.28255],[18.09068,59.28179],[18.0879,59.28243],[18.08789,59.28382]]]},"properties":{"zone":0,"cell_type":"inclusion","proximity":3347.1,"opportunity":10689.7,"population":469}},{"type":"Feature","id":964,"geometry":{"type":"Polygon","coordinates":[[[18.07367,59.3292],[18.07593,59.32982],[18.07816,59.32931],[18.07817,59.32825],[18.0759,59.32763],[18.07368,59.32814],[18.07367,59.3292]]]},"properties":{"zone":0,"cell_type":"inclusion","proximity":6298.2,"opportunity":13890.7,"population":157}},{"type":"Feature","id":965,"geometry":{"type":"Polygon","coordinates":[[[17.89689,59.39304],[17.89972,59.39382],[17.90256,59.39317],[17.90258,59.39175],[17.89975,59.39097],[17.89691,59.39162],[17.89689,59.39304]]]},"properties":{"zone":3,"cell_type":"total isolation","proximity":1133.8,"opportunity":7182.8,"population":529}},{"type":"Feature","id":966,"geometry":{"type":"Polygon","coordinates":[[[17.87498,59.35308],[17.8772,59.3537],[17.87939,59.35319],[17.87941,59.35216],[17.87718,59.35155],[17.87499,59.35205],[17.87498,59.35308]]]},"properties":{"zone":3,"cell_type":"total isolation","proximity":1362.5,"opportunity":7128.5,"population":145}},{"type":"Feature","id":967,"geometry":{"type":"Polygon","coordinates":[[[17.94672,59.33087],[17.94935,59.33159],[17.95198,59.33099],[17.952,59.32969],[17.94936,59.32896],[17.94673,59.32957],[17.94672,59.33087]]]},"properties":{"zone":3,"cell_type":"total isolation","proximity":1981.9,"opportunity":8609,"population":349}},{"type":"Feature","id":968,"geometry":{"type":"Polygon","coordinates":[[[17.93241,59.36313],[17.93463,59.36374],[17.93682,59.36324],[17.93683,59.36221],[17.93461,59.3616],[17.93242,59.3621],[17.93241,59.36313]]]},"properties":{"zone":3,"cell_type":"total isolation","proximity":1583.1,"opportunity":5574.7,"population":144}},{"type":"Feature","id":969,"geometry":{"type":"Polygon","coordinates":[[[18.05365,59.26557],[18.05634,59.26631],[18.05904,59.26569],[18.05905,59.26434],[18.05635,59.2636],[18.05366,59.26422],[18.05365,59.26557]]]},"properties":{"zone":3,"cell_type":"total isolation","proximity":2205.1,"opportunity":7878.1,"population":401}},{"type":"Feature","id":970,"geometry":{"type":"Polygon","coordinates":[[[18.05924,59.28753],[18.0619,59.28826],[18.06455,59.28765],[18.06456,59.28633],[18.0619,59.2856],[18.05925,59.28621],[18.05924,59.28753]]]},"properties":{"zone":0,"cell_type":"inclusion","proximity":3529.6,"opportunity":9598.5,"population":368}},{"type":"Feature","id":971,"geometry":{"type":"Polygon","coordinates":[[[17.9154,59.34527],[17.91757,59.34587],[17.9197,59.34538],[17.91972,59.34439],[17.91754,59.34378],[17.91541,59.34427],[17.9154,59.34527]]]},"properties":{"zone":3,"cell_type":"total isolation","proximity":1711.2,"opportunity":6886.9,"population":129}},{"type":"Feature","id":972,"geometry":{"type":"Polygon","coordinates":[[[18.04184,59.29591],[18.04457,59.29666],[18.04731,59.29603],[18.04732,59.29466],[18.04459,59.29391],[18.04185,59.29454],[18.04184,59.29591]]]},"properties":{"zone":0,"cell_type":"inclusion","proximity":3585.2,"opportunity":10150.2,"population":434}},{"type":"Feature","id":973,"geometry":{"type":"Polygon","coordinates":[[[17.81639,59.38245],[17.81925,59.38325],[17.82214,59.38259],[17.82216,59.38113],[17.81929,59.38034],[17.81641,59.381],[17.81639,59.38245]]]},"properties":{"zone":3,"cell_type":"total isolation","proximity":805.8,"opportunity":3939.1,"population":773}},{"type":"Feature","id":974,"geometry":{"type":"Polygon","coordinates":[[[17.89814,59.41871],[17.89948,59.41908],[17.90071,59.4188],[17.90071,59.41836],[17.89938,59.41799],[17.89815,59.41827],[17.89814,59.41871]]]},"properties":{"zone":3,"cell_type":"total isolation","proximity":342,"opportunity":7.7,"population":21}},{"type":"Feature","id":975,"geometry":{"type":"Polygon","coordinates":[[[17.79702,59.37957],[17.79918,59.38017],[17.80129,59.37968],[17.80131,59.3787],[17.79915,59.3781],[17.79703,59.37858],[17.79702,59.37957]]]},"properties":{"zone":3,"cell_type":"total isolation","proximity":607.1,"opportunity":3343.4,"population":125}},{"type":"Feature","id":976,"geometry":{"type":"Polygon","coordinates":[[[18.08834,59.25753],[18.09089,59.25823],[18.09342,59.25765],[18.09343,59.2564],[18.09088,59.2557],[18.08835,59.25628],[18.08834,59.25753]]]},"properties":{"zone":3,"cell_type":"total isolation","proximity":2149.9,"opportunity":8143.7,"population":291}},{"type":"Feature","id":977,"geometry":{"type":"Polygon","coordinates":[[[17.9615,59.29843],[17.96408,59.29914],[17.96664,59.29855],[17.96665,59.29729],[17.96408,59.29658],[17.96152,59.29717],[17.9615,59.29843]]]},"properties":{"zone":3,"cell_type":"total isolation","proximity":2119.9,"opportunity":7931.1,"population":307}},{"type":"Feature","id":978,"geometry":{"type":"Polygon","coordinates":[[[18.04248,59.32184],[18.04437,59.32236],[18.0462,59.32194],[18.04621,59.32113],[18.04432,59.32061],[18.04249,59.32103],[18.04248,59.32184]]]},"properties":{"zone":0,"cell_type":"inclusion","proximity":5127,"opportunity":11290,"population":71}},{"type":"Feature","id":979,"geometry":{"type":"Polygon","coordinates":[[[17.981,59.33171],[17.98385,59.3325],[17.9867,59.33184],[17.98672,59.3304],[17.98387,59.32962],[17.98102,59.33027],[17.981,59.33171]]]},"properties":{"zone":0,"cell_type":"inclusion","proximity":3088.7,"opportunity":10410.5,"population":550}},{"type":"Feature","id":980,"geometry":{"type":"Polygon","coordinates":[[[17.93594,59.35213],[17.93765,59.3526],[17.93928,59.35223],[17.93929,59.35153],[17.93758,59.35106],[17.93595,59.35144],[17.93594,59.35213]]]},"properties":{"zone":3,"cell_type":"total isolation","proximity":1468,"opportunity":5038.4,"population":48}},{"type":"Feature","id":981,"geometry":{"type":"Polygon","coordinates":[[[18.11241,59.24897],[18.11397,59.2494],[18.11545,59.24906],[18.11545,59.24846],[18.11389,59.24803],[18.11241,59.24837],[18.11241,59.24897]]]},"properties":{"zone":3,"cell_type":"total isolation","proximity":1361.9,"opportunity":6158.4,"population":35}},{"type":"Feature","id":982,"geometry":{"type":"Polygon","coordinates":[[[17.91697,59.41307],[17.91965,59.41381],[17.92234,59.41319],[17.92236,59.41186],[17.91967,59.41112],[17.91698,59.41174],[17.91697,59.41307]]]},"properties":{"zone":3,"cell_type":"total isolation","proximity":783.8,"opportunity":6341.7,"population":389}},{"type":"Feature","id":983,"geometry":{"type":"Polygon","coordinates":[[[17.94116,59.29152],[17.94402,59.29231],[17.9469,59.29165],[17.94692,59.29019],[17.94405,59.2894],[17.94117,59.29006],[17.94116,59.29152]]]},"properties":{"zone":3,"cell_type":"total isolation","proximity":1555.3,"opportunity":7302.5,"population":785}},{"type":"Feature","id":984,"geometry":{"type":"Polygon","coordinates":[[[18.08819,59.2663],[18.09081,59.26702],[18.09343,59.26641],[18.09344,59.26512],[18.09082,59.26439],[18.0882,59.265],[18.08819,59.2663]]]},"properties":{"zone":3,"cell_type":"total isolation","proximity":2429.4,"opportunity":7476.7,"population":345}},{"type":"Feature","id":985,"geometry":{"type":"Polygon","coordinates":[[[18.08258,59.27921],[18.08497,59.27986],[18.08733,59.27932],[18.08734,59.27818],[18.08495,59.27752],[18.08259,59.27807],[18.08258,59.27921]]]},"properties":{"zone":1,"cell_type":"spatial isolation","proximity":3195.4,"opportunity":9280.1,"population":206}},{"type":"Feature","id":986,"geometry":{"type":"Polygon","coordinates":[[[17.97915,59.27257],[17.98159,59.27325],[17.98401,59.27269],[17.98403,59.27151],[17.98159,59.27083],[17.97916,59.27139],[17.97915,59.27257]]]},"properties":{"zone":3,"cell_type":"total isolation","proximity":1604,"opportunity":5932.2,"population":232}},{"type":"Feature","id":987,"geometry":{"type":"Polygon","coordinates":[[[18.04987,59.34634],[18.05274,59.34713],[18.05563,59.34647],[18.05564,59.34501],[18.05277,59.34422],[18.04989,59.34489],[18.04987,59.34634]]]},"properties":{"zone":0,"cell_type":"inclusion","proximity":5990.4,"opportunity":14426,"population":1846}},{"type":"Feature","id":988,"geometry":{"type":"Polygon","coordinates":[[[17.86277,59.36606],[17.86551,59.36682],[17.86827,59.36619],[17.86829,59.36481],[17.86554,59.36405],[17.86278,59.36468],[17.86277,59.36606]]]},"properties":{"zone":3,"cell_type":"total isolation","proximity":1424.6,"opportunity":6744.7,"population":448}},{"type":"Feature","id":989,"geometry":{"type":"Polygon","coordinates":[[[18.12307,59.25819],[18.12536,59.25882],[18.12762,59.2583],[18.12763,59.25722],[18.12534,59.25659],[18.12308,59.25711],[18.12307,59.25819]]]},"properties":{"zone":3,"cell_type":"total isolation","proximity":1451.1,"opportunity":6408.3,"population":168}},{"type":"Feature","id":990,"geometry":{"type":"Polygon","coordinates":[[[17.99568,59.2993],[17.99855,59.30009],[18.00143,59.29943],[18.00144,59.29797],[17.99858,59.29718],[17.9957,59.29784],[17.99568,59.2993]]]},"properties":{"zone":0,"cell_type":"inclusion","proximity":3078.4,"opportunity":11354.6,"population":744}},{"type":"Feature","id":991,"geometry":{"type":"Polygon","coordinates":[[[18.19217,59.2465],[18.19438,59.24711],[18.19656,59.24661],[18.19656,59.24558],[18.19435,59.24497],[18.19218,59.24548],[18.19217,59.2465]]]},"properties":{"zone":3,"cell_type":"total isolation","proximity":249.3,"opportunity":4972.9,"population":142}},{"type":"Feature","id":992,"geometry":{"type":"Polygon","coordinates":[[[17.85971,59.38125],[17.86245,59.382],[17.86519,59.38138],[17.86521,59.38001],[17.86247,59.37926],[17.85973,59.37988],[17.85971,59.38125]]]},"properties":{"zone":3,"cell_type":"total isolation","proximity":1125,"opportunity":4621.7,"population":434}},{"type":"Feature","id":993,"geometry":{"type":"Polygon","coordinates":[[[18.00062,59.34014],[18.00111,59.34028],[18.00143,59.3402],[18.00094,59.34007],[18.00062,59.34014]]]},"properties":{"zone":0,"cell_type":"inclusion","proximity":3653.4,"opportunity":11150.9,"population":4}},{"type":"Feature","id":994,"geometry":{"type":"Polygon","coordinates":[[[17.90511,59.42302],[17.90522,59.42305],[17.90522,59.42305],[17.90511,59.42302]]]},"properties":{"zone":3,"cell_type":"total isolation","proximity":397.1,"opportunity":2218.2,"population":1}},{"type":"Feature","id":995,"geometry":{"type":"Polygon","coordinates":[[[17.93257,59.36742],[17.93459,59.36798],[17.93655,59.36753],[17.93656,59.36664],[17.93455,59.36608],[17.93258,59.36653],[17.93257,59.36742]]]},"properties":{"zone":3,"cell_type":"total isolation","proximity":1288.5,"opportunity":4139,"population":92}},{"type":"Feature","id":996,"geometry":{"type":"Polygon","coordinates":[[[18.02471,59.26936],[18.02757,59.27015],[18.03045,59.26949],[18.03046,59.26803],[18.0276,59.26724],[18.02472,59.2679],[18.02471,59.26936]]]},"properties":{"zone":3,"cell_type":"total isolation","proximity":2165.9,"opportunity":7253.6,"population":614}},{"type":"Feature","id":997,"geometry":{"type":"Polygon","coordinates":[[[17.89726,59.37121],[17.89998,59.37196],[17.90271,59.37134],[17.90273,59.36999],[17.90001,59.36923],[17.89728,59.36986],[17.89726,59.37121]]]},"properties":{"zone":3,"cell_type":"total isolation","proximity":1510.4,"opportunity":6555.1,"population":420}},{"type":"Feature","id":998,"geometry":{"type":"Polygon","coordinates":[[[18.09877,59.34958],[18.10163,59.35037],[18.1045,59.34971],[18.10452,59.34826],[18.10165,59.34747],[18.09878,59.34814],[18.09877,59.34958]]]},"properties":{"zone":0,"cell_type":"inclusion","proximity":3851.3,"opportunity":11976.6,"population":567}},{"type":"Feature","id":999,"geometry":{"type":"Polygon","coordinates":[[[17.81929,59.38902],[17.82205,59.38979],[17.82482,59.38916],[17.82484,59.38777],[17.82208,59.38701],[17.81931,59.38764],[17.81929,59.38902]]]},"properties":{"zone":3,"cell_type":"total isolation","proximity":687.4,"opportunity":2382,"population":460}},{"type":"Feature","id":1000,"geometry":{"type":"Polygon","coordinates":[[[17.89746,59.36681],[17.90004,59.36752],[17.90262,59.36693],[17.90263,59.36567],[17.90005,59.36495],[17.89748,59.36554],[17.89746,59.36681]]]},"properties":{"zone":3,"cell_type":"total isolation","proximity":1606.6,"opportunity":6751.7,"population":312}},{"type":"Feature","id":1001,"geometry":{"type":"Polygon","coordinates":[[[18.05894,59.29633],[18.06181,59.29712],[18.06469,59.29646],[18.0647,59.295],[18.06184,59.29421],[18.05896,59.29487],[18.05894,59.29633]]]},"properties":{"zone":0,"cell_type":"inclusion","proximity":4061.4,"opportunity":10589.3,"population":736}},{"type":"Feature","id":1002,"geometry":{"type":"Polygon","coordinates":[[[17.89812,59.34053],[17.90037,59.34115],[17.90258,59.34065],[17.90259,59.3396],[17.90035,59.33898],[17.89814,59.33949],[17.89812,59.34053]]]},"properties":{"zone":3,"cell_type":"total isolation","proximity":1429.7,"opportunity":8190.8,"population":151}},{"type":"Feature","id":1003,"geometry":{"type":"Polygon","coordinates":[[[18.10775,59.30394],[18.11062,59.30473],[18.1135,59.30406],[18.11351,59.30261],[18.11064,59.30182],[18.10776,59.30248],[18.10775,59.30394]]]},"properties":{"zone":1,"cell_type":"spatial isolation","proximity":3210.1,"opportunity":8068.9,"population":964}},{"type":"Feature","id":1004,"geometry":{"type":"Polygon","coordinates":[[[17.96183,59.30704],[17.964,59.30764],[17.96614,59.30715],[17.96615,59.30615],[17.96397,59.30555],[17.96184,59.30604],[17.96183,59.30704]]]},"properties":{"zone":3,"cell_type":"total isolation","proximity":1983.2,"opportunity":6777.1,"population":131}},{"type":"Feature","id":1005,"geometry":{"type":"Polygon","coordinates":[[[18.14709,59.3281],[18.1479,59.32832],[18.14857,59.32817],[18.14857,59.32807],[18.14776,59.32785],[18.14709,59.328],[18.14709,59.3281]]]},"properties":{"zone":3,"cell_type":"total isolation","proximity":1843.9,"opportunity":3654.6,"population":7}},{"type":"Feature","id":1006,"geometry":{"type":"Polygon","coordinates":[[[18.04747,59.37006],[18.04968,59.37067],[18.05185,59.37017],[18.05186,59.36915],[18.04965,59.36854],[18.04748,59.36904],[18.04747,59.37006]]]},"properties":{"zone":2,"cell_type":"social isolation","proximity":2556.5,"opportunity":10573.9,"population":139}},{"type":"Feature","id":1007,"geometry":{"type":"Polygon","coordinates":[[[18.10859,59.29933],[18.11068,59.29991],[18.11274,59.29943],[18.11275,59.29848],[18.11065,59.29791],[18.10859,59.29838],[18.10859,59.29933]]]},"properties":{"zone":3,"cell_type":"total isolation","proximity":2356.2,"opportunity":698.2,"population":111}},{"type":"Feature","id":1008,"geometry":{"type":"Polygon","coordinates":[[[17.94386,59.30395],[17.94398,59.30398],[17.94398,59.30398],[17.94386,59.30395]]]},"properties":{"zone":3,"cell_type":"total isolation","proximity":1553.9,"opportunity":6768.8,"population":1}},{"type":"Feature","id":1009,"geometry":{"type":"Polygon","coordinates":[[[18.03902,59.28059],[18.04184,59.28136],[18.04467,59.28071],[18.04468,59.27928],[18.04186,59.27851],[18.03903,59.27916],[18.03902,59.28059]]]},"properties":{"zone":1,"cell_type":"spatial isolation","proximity":2880.3,"opportunity":9039.6,"population":524}},{"type":"Feature","id":1010,"geometry":{"type":"Polygon","coordinates":[[[17.95921,59.27424],[17.96147,59.27487],[17.9637,59.27436],[17.96371,59.2733],[17.96145,59.27267],[17.95922,59.27319],[17.95921,59.27424]]]},"properties":{"zone":3,"cell_type":"total isolation","proximity":1376,"opportunity":5679.7,"population":158}},{"type":"Feature","id":1011,"geometry":{"type":"Polygon","coordinates":[[[17.93163,59.37205],[17.9345,59.37284],[17.93739,59.37218],[17.93741,59.37073],[17.93454,59.36994],[17.93165,59.3706],[17.93163,59.37205]]]},"properties":{"zone":3,"cell_type":"total isolation","proximity":1248.5,"opportunity":4034.9,"population":637}},{"type":"Feature","id":1012,"geometry":{"type":"Polygon","coordinates":[[[17.98396,59.32087],[17.98683,59.32166],[17.98971,59.321],[17.98973,59.31955],[17.98686,59.31875],[17.98398,59.31942],[17.98396,59.32087]]]},"properties":{"zone":1,"cell_type":"spatial isolation","proximity":2877.3,"opportunity":9043.8,"population":1006}},{"type":"Feature","id":1013,"geometry":{"type":"Polygon","coordinates":[[[18.08522,59.3599],[18.08719,59.36044],[18.08911,59.36],[18.08912,59.35913],[18.08714,59.35859],[18.08522,59.35903],[18.08522,59.3599]]]},"properties":{"zone":1,"cell_type":"spatial isolation","proximity":3196.7,"opportunity":7354.8,"population":84}},{"type":"Feature","id":1014,"geometry":{"type":"Polygon","coordinates":[[[18.01016,59.31047],[18.01282,59.3112],[18.01547,59.31059],[18.01549,59.30928],[18.01283,59.30854],[18.01018,59.30915],[18.01016,59.31047]]]},"properties":{"zone":0,"cell_type":"inclusion","proximity":3804.1,"opportunity":11192.1,"population":367}},{"type":"Feature","id":1015,"geometry":{"type":"Polygon","coordinates":[[[18.00747,59.26898],[18.01034,59.26977],[18.01322,59.2691],[18.01323,59.26765],[18.01037,59.26686],[18.00749,59.26752],[18.00747,59.26898]]]},"properties":{"zone":3,"cell_type":"total isolation","proximity":1730.8,"opportunity":7350.2,"population":581}},{"type":"Feature","id":1016,"geometry":{"type":"Polygon","coordinates":[[[17.88564,59.40138],[17.88812,59.40207],[17.89059,59.4015],[17.8906,59.40031],[17.88812,59.39962],[17.88565,59.40018],[17.88564,59.40138]]]},"properties":{"zone":3,"cell_type":"total isolation","proximity":903.5,"opportunity":5745.9,"population":250}},{"type":"Feature","id":1017,"geometry":{"type":"Polygon","coordinates":[[[17.88356,59.34678],[17.88591,59.34743],[17.88823,59.3469],[17.88825,59.34578],[17.8859,59.34513],[17.88357,59.34566],[17.88356,59.34678]]]},"properties":{"zone":3,"cell_type":"total isolation","proximity":1373.4,"opportunity":7903.8,"population":190}},{"type":"Feature","id":1018,"geometry":{"type":"Polygon","coordinates":[[[18.01075,59.25802],[18.01333,59.25873],[18.01589,59.25814],[18.01591,59.25688],[18.01333,59.25616],[18.01077,59.25676],[18.01075,59.25802]]]},"properties":{"zone":3,"cell_type":"total isolation","proximity":1508.6,"opportunity":6853.1,"population":310}},{"type":"Feature","id":1019,"geometry":{"type":"Polygon","coordinates":[[[18.04475,59.27636],[18.04762,59.27715],[18.0505,59.27648],[18.05051,59.27503],[18.04765,59.27424],[18.04477,59.2749],[18.04475,59.27636]]]},"properties":{"zone":2,"cell_type":"social isolation","proximity":2730.2,"opportunity":9514.1,"population":653}},{"type":"Feature","id":1020,"geometry":{"type":"Polygon","coordinates":[[[17.94665,59.33958],[17.94926,59.3403],[17.95186,59.33971],[17.95187,59.33843],[17.94927,59.33771],[17.94667,59.3383],[17.94665,59.33958]]]},"properties":{"zone":2,"cell_type":"social isolation","proximity":2202.3,"opportunity":9950.6,"population":329}},{"type":"Feature","id":1021,"geometry":{"type":"Polygon","coordinates":[[[18.04769,59.30036],[18.05029,59.30108],[18.05288,59.30048],[18.05289,59.2992],[18.05029,59.29849],[18.0477,59.29908],[18.04769,59.30036]]]},"properties":{"zone":0,"cell_type":"inclusion","proximity":3769.6,"opportunity":10164,"population":323}},{"type":"Feature","id":1022,"geometry":{"type":"Polygon","coordinates":[[[17.87895,59.28106],[17.88096,59.28162],[17.88293,59.28117],[17.88294,59.28027],[17.88093,59.27971],[17.87896,59.28016],[17.87895,59.28106]]]},"properties":{"zone":3,"cell_type":"total isolation","proximity":443.3,"opportunity":4464,"population":93}},{"type":"Feature","id":1023,"geometry":{"type":"Polygon","coordinates":[[[17.87764,59.35104],[17.8801,59.35172],[17.88254,59.35116],[17.88255,59.34998],[17.8801,59.3493],[17.87766,59.34986],[17.87764,59.35104]]]},"properties":{"zone":3,"cell_type":"total isolation","proximity":1328,"opportunity":7145.8,"population":238}},{"type":"Feature","id":1024,"geometry":{"type":"Polygon","coordinates":[[[18.07893,59.31205],[18.0818,59.31284],[18.08468,59.31218],[18.08469,59.31072],[18.08183,59.30993],[18.07895,59.3106],[18.07893,59.31205]]]},"properties":{"zone":0,"cell_type":"inclusion","proximity":5320.7,"opportunity":12754.4,"population":1312}},{"type":"Feature","id":1025,"geometry":{"type":"Polygon","coordinates":[[[17.89975,59.39094],[17.90262,59.39173],[17.90551,59.39107],[17.90553,59.38962],[17.90266,59.38883],[17.89977,59.38949],[17.89975,59.39094]]]},"properties":{"zone":3,"cell_type":"total isolation","proximity":1168.4,"opportunity":7067.9,"population":665}},{"type":"Feature","id":1026,"geometry":{"type":"Polygon","coordinates":[[[17.97239,59.32934],[17.97524,59.33013],[17.97811,59.32947],[17.97812,59.32802],[17.97527,59.32723],[17.9724,59.32789],[17.97239,59.32934]]]},"properties":{"zone":2,"cell_type":"social isolation","proximity":2697.2,"opportunity":10347.2,"population":561}},{"type":"Feature","id":1027,"geometry":{"type":"Polygon","coordinates":[[[17.80216,59.38423],[17.80485,59.38497],[17.80754,59.38436],[17.80755,59.38303],[17.80487,59.38229],[17.80218,59.3829],[17.80216,59.38423]]]},"properties":{"zone":3,"cell_type":"total isolation","proximity":649.3,"opportunity":3718.4,"population":389}},{"type":"Feature","id":1028,"geometry":{"type":"Polygon","coordinates":[[[18.04782,59.32644],[18.05007,59.32706],[18.05228,59.32655],[18.05229,59.32551],[18.05004,59.32489],[18.04783,59.3254],[18.04782,59.32644]]]},"properties":{"zone":0,"cell_type":"inclusion","proximity":5857.3,"opportunity":12905.7,"population":151}},{"type":"Feature","id":1029,"geometry":{"type":"Polygon","coordinates":[[[17.98708,59.33609],[17.98957,59.33678],[17.99204,59.33621],[17.99205,59.33501],[17.98956,59.33432],[17.9871,59.33489],[17.98708,59.33609]]]},"properties":{"zone":0,"cell_type":"inclusion","proximity":2946.3,"opportunity":10371.8,"population":253}},{"type":"Feature","id":1030,"geometry":{"type":"Polygon","coordinates":[[[18.07875,59.33388],[18.08162,59.33467],[18.0845,59.334],[18.08451,59.33255],[18.08164,59.33176],[18.07876,59.33242],[18.07875,59.33388]]]},"properties":{"zone":0,"cell_type":"inclusion","proximity":6159.4,"opportunity":12937,"population":1341}},{"type":"Feature","id":1031,"geometry":{"type":"Polygon","coordinates":[[[17.82221,59.37822],[17.82507,59.37901],[17.82794,59.37836],[17.82796,59.37692],[17.8251,59.37613],[17.82223,59.37678],[17.82221,59.37822]]]},"properties":{"zone":3,"cell_type":"total isolation","proximity":949.2,"opportunity":5358.3,"population":560}},{"type":"Feature","id":1032,"geometry":{"type":"Polygon","coordinates":[[[17.90088,59.35585],[17.90306,59.35645],[17.90521,59.35596],[17.90522,59.35496],[17.90304,59.35435],[17.9009,59.35485],[17.90088,59.35585]]]},"properties":{"zone":3,"cell_type":"total isolation","proximity":1635.7,"opportunity":5946.4,"population":132}},{"type":"Feature","id":1033,"geometry":{"type":"Polygon","coordinates":[[[18.05925,59.26138],[18.06212,59.26217],[18.06499,59.2615],[18.06501,59.26004],[18.06214,59.25925],[18.05926,59.25992],[18.05925,59.26138]]]},"properties":{"zone":3,"cell_type":"total isolation","proximity":1799.1,"opportunity":7561,"population":648}},{"type":"Feature","id":1034,"geometry":{"type":"Polygon","coordinates":[[[18.09963,59.25784],[18.10237,59.25859],[18.10511,59.25796],[18.10512,59.25658],[18.10238,59.25583],[18.09964,59.25646],[18.09963,59.25784]]]},"properties":{"zone":3,"cell_type":"total isolation","proximity":1919.6,"opportunity":7300.4,"population":441}},{"type":"Feature","id":1035,"geometry":{"type":"Polygon","coordinates":[[[17.92248,59.41761],[17.92535,59.41841],[17.92824,59.41775],[17.92826,59.41629],[17.92539,59.4155],[17.9225,59.41616],[17.92248,59.41761]]]},"properties":{"zone":3,"cell_type":"total isolation","proximity":646.3,"opportunity":5233.7,"population":616}},{"type":"Feature","id":1036,"geometry":{"type":"Polygon","coordinates":[[[18.09101,59.27291],[18.09363,59.27363],[18.09625,59.27303],[18.09626,59.27173],[18.09363,59.27101],[18.09102,59.27162],[18.09101,59.27291]]]},"properties":{"zone":3,"cell_type":"total isolation","proximity":2825.2,"opportunity":7852.4,"population":341}},{"type":"Feature","id":1037,"geometry":{"type":"Polygon","coordinates":[[[18.02443,59.29994],[18.02729,59.30073],[18.03016,59.30006],[18.03017,59.29861],[18.02731,59.29782],[18.02444,59.29849],[18.02443,59.29994]]]},"properties":{"zone":0,"cell_type":"inclusion","proximity":3658.2,"opportunity":13068,"population":569}},{"type":"Feature","id":1038,"geometry":{"type":"Polygon","coordinates":[[[17.92689,59.28463],[17.92973,59.28542],[17.93259,59.28476],[17.93261,59.28332],[17.92976,59.28253],[17.9269,59.28319],[17.92689,59.28463]]]},"properties":{"zone":3,"cell_type":"total isolation","proximity":1126.1,"opportunity":6142.7,"population":556}},{"type":"Feature","id":1039,"geometry":{"type":"Polygon","coordinates":[[[17.96757,59.28105],[17.97001,59.28173],[17.97244,59.28117],[17.97245,59.27999],[17.97001,59.27931],[17.96758,59.27987],[17.96757,59.28105]]]},"properties":{"zone":3,"cell_type":"total isolation","proximity":1832,"opportunity":7862,"population":234}},{"type":"Feature","id":1040,"geometry":{"type":"Polygon","coordinates":[[[17.9322,59.39795],[17.93425,59.39851],[17.93625,59.39806],[17.93626,59.39714],[17.93421,59.39658],[17.93221,59.39704],[17.9322,59.39795]]]},"properties":{"zone":3,"cell_type":"total isolation","proximity":1091.6,"opportunity":5741.7,"population":99}},{"type":"Feature","id":1041,"geometry":{"type":"Polygon","coordinates":[[[17.99581,59.32102],[17.99834,59.32172],[18.00086,59.32114],[18.00088,59.31991],[17.99834,59.31921],[17.99583,59.31979],[17.99581,59.32102]]]},"properties":{"zone":1,"cell_type":"spatial isolation","proximity":3282,"opportunity":9013.4,"population":280}},{"type":"Feature","id":1042,"geometry":{"type":"Polygon","coordinates":[[[18.05681,59.25028],[18.05935,59.25099],[18.06188,59.2504],[18.0619,59.24916],[18.05935,59.24845],[18.05682,59.24904],[18.05681,59.25028]]]},"properties":{"zone":3,"cell_type":"total isolation","proximity":1460.1,"opportunity":5063.8,"population":289}},{"type":"Feature","id":1043,"geometry":{"type":"Polygon","coordinates":[[[17.89986,59.38222],[17.90273,59.38302],[17.90561,59.38236],[17.90563,59.3809],[17.90276,59.38011],[17.89987,59.38077],[17.89986,59.38222]]]},"properties":{"zone":3,"cell_type":"total isolation","proximity":1336.3,"opportunity":7651.3,"population":662}},{"type":"Feature","id":1044,"geometry":{"type":"Polygon","coordinates":[[[18.12818,59.26287],[18.13105,59.26366],[18.13393,59.26299],[18.13394,59.26153],[18.13107,59.26074],[18.12819,59.26141],[18.12818,59.26287]]]},"properties":{"zone":3,"cell_type":"total isolation","proximity":1500.7,"opportunity":6513.3,"population":605}},{"type":"Feature","id":1045,"geometry":{"type":"Polygon","coordinates":[[[18.0512,59.25012],[18.05362,59.25079],[18.05601,59.25023],[18.05602,59.24907],[18.0536,59.2484],[18.05121,59.24896],[18.0512,59.25012]]]},"properties":{"zone":3,"cell_type":"total isolation","proximity":1609,"opportunity":6031.6,"population":221}},{"type":"Feature","id":1046,"geometry":{"type":"Polygon","coordinates":[[[17.98155,59.28802],[17.9843,59.28878],[17.98704,59.28815],[17.98706,59.28677],[17.98431,59.28601],[17.98157,59.28664],[17.98155,59.28802]]]},"properties":{"zone":3,"cell_type":"total isolation","proximity":2447.3,"opportunity":7349.7,"population":445}},{"type":"Feature","id":1047,"geometry":{"type":"Polygon","coordinates":[[[17.85128,59.37447],[17.8539,59.3752],[17.85652,59.3746],[17.85654,59.37331],[17.85392,59.37258],[17.8513,59.37318],[17.85128,59.37447]]]},"properties":{"zone":3,"cell_type":"total isolation","proximity":1179.1,"opportunity":5296.3,"population":341}},{"type":"Feature","id":1048,"geometry":{"type":"Polygon","coordinates":[[[18.09735,59.32949],[18.09896,59.32994],[18.10049,59.32958],[18.1005,59.32895],[18.09888,59.32851],[18.09735,59.32886],[18.09735,59.32949]]]},"properties":{"zone":0,"cell_type":"inclusion","proximity":4669.6,"opportunity":11215.8,"population":39}},{"type":"Feature","id":1049,"geometry":{"type":"Polygon","coordinates":[[[17.86871,59.37482],[17.87117,59.37551],[17.87362,59.37495],[17.87364,59.37376],[17.87117,59.37308],[17.86872,59.37364],[17.86871,59.37482]]]},"properties":{"zone":3,"cell_type":"total isolation","proximity":1389.2,"opportunity":6722.5,"population":243}},{"type":"Feature","id":1050,"geometry":{"type":"Polygon","coordinates":[[[18.00683,59.33448],[18.0097,59.33527],[18.01259,59.33461],[18.0126,59.33315],[18.00973,59.33236],[18.00685,59.33303],[18.00683,59.33448]]]},"properties":{"zone":0,"cell_type":"inclusion","proximity":4238.1,"opportunity":12416.9,"population":1607}},{"type":"Feature","id":1051,"geometry":{"type":"Polygon","coordinates":[[[17.97884,59.3249],[17.98106,59.32552],[17.98325,59.32502],[17.98326,59.32399],[17.98104,59.32337],[17.97885,59.32388],[17.97884,59.3249]]]},"properties":{"zone":3,"cell_type":"total isolation","proximity":2552.5,"opportunity":8707.5,"population":144}},{"type":"Feature","id":1052,"geometry":{"type":"Polygon","coordinates":[[[18.1242,59.24912],[18.12547,59.24947],[18.12663,59.2492],[18.12663,59.2488],[18.12536,59.24845],[18.1242,59.24872],[18.1242,59.24912]]]},"properties":{"zone":3,"cell_type":"total isolation","proximity":1138.6,"opportunity":5766.5,"population":19}},{"type":"Feature","id":1053,"geometry":{"type":"Polygon","coordinates":[[[17.9404,59.36134],[17.94326,59.36213],[17.94612,59.36147],[17.94614,59.36003],[17.94329,59.35924],[17.94042,59.3599],[17.9404,59.36134]]]},"properties":{"zone":3,"cell_type":"total isolation","proximity":1685.7,"opportunity":5946.8,"population":558}},{"type":"Feature","id":1054,"geometry":{"type":"Polygon","coordinates":[[[18.05941,59.30054],[18.06179,59.3012],[18.06415,59.30066],[18.06416,59.29952],[18.06178,59.29887],[18.05942,59.29941],[18.05941,59.30054]]]},"properties":{"zone":0,"cell_type":"inclusion","proximity":4010.3,"opportunity":10003.6,"population":202}},{"type":"Feature","id":1055,"geometry":{"type":"Polygon","coordinates":[[[18.05644,59.27655],[18.05912,59.27729],[18.0618,59.27667],[18.06181,59.27534],[18.05913,59.2746],[18.05645,59.27522],[18.05644,59.27655]]]},"properties":{"zone":0,"cell_type":"inclusion","proximity":2878.1,"opportunity":9635.2,"population":389}},{"type":"Feature","id":1056,"geometry":{"type":"Polygon","coordinates":[[[18.0305,59.27383],[18.03328,59.2746],[18.03607,59.27395],[18.03608,59.27255],[18.0333,59.27179],[18.03051,59.27243],[18.0305,59.27383]]]},"properties":{"zone":3,"cell_type":"total isolation","proximity":2370.5,"opportunity":7535.5,"population":480}},{"type":"Feature","id":1057,"geometry":{"type":"Polygon","coordinates":[[[18.08447,59.33837],[18.08734,59.33916],[18.09022,59.33849],[18.09023,59.33704],[18.08736,59.33625],[18.08448,59.33691],[18.08447,59.33837]]]},"properties":{"zone":0,"cell_type":"inclusion","proximity":5664.6,"opportunity":12404.8,"population":1885}},{"type":"Feature","id":1058,"geometry":{"type":"Polygon","coordinates":[[[17.90313,59.37131],[17.90574,59.37203],[17.90835,59.37144],[17.90837,59.37015],[17.90575,59.36943],[17.90315,59.37003],[17.90313,59.37131]]]},"properties":{"zone":3,"cell_type":"total isolation","proximity":1489.1,"opportunity":6392.5,"population":332}},{"type":"Feature","id":1059,"geometry":{"type":"Polygon","coordinates":[[[18.0679,59.28988],[18.0705,59.2906],[18.0731,59.29],[18.07311,59.28872],[18.0705,59.288],[18.06791,59.2886],[18.0679,59.28988]]]},"properties":{"zone":0,"cell_type":"inclusion","proximity":3805.2,"opportunity":12842.5,"population":329}},{"type":"Feature","id":1060,"geometry":{"type":"Polygon","coordinates":[[[17.9699,59.29652],[17.97271,59.2973],[17.97553,59.29665],[17.97555,59.29523],[17.97274,59.29445],[17.96991,59.2951],[17.9699,59.29652]]]},"properties":{"zone":2,"cell_type":"social isolation","proximity":2370.8,"opportunity":9984.9,"population":517}},{"type":"Feature","id":1061,"geometry":{"type":"Polygon","coordinates":[[[17.8983,59.27958],[17.90106,59.28034],[17.90383,59.27971],[17.90385,59.27832],[17.90109,59.27755],[17.89832,59.27819],[17.8983,59.27958]]]},"properties":{"zone":3,"cell_type":"total isolation","proximity":733.9,"opportunity":6748,"population":465}},{"type":"Feature","id":1062,"geometry":{"type":"Polygon","coordinates":[[[17.83371,59.3785],[17.83657,59.3793],[17.83946,59.37864],[17.83948,59.37718],[17.83661,59.37639],[17.83373,59.37705],[17.83371,59.3785]]]},"properties":{"zone":3,"cell_type":"total isolation","proximity":1028.6,"opportunity":4589.4,"population":592}},{"type":"Feature","id":1063,"geometry":{"type":"Polygon","coordinates":[[[17.9098,59.28854],[17.91245,59.28928],[17.91511,59.28867],[17.91512,59.28735],[17.91247,59.28662],[17.90982,59.28723],[17.9098,59.28854]]]},"properties":{"zone":3,"cell_type":"total isolation","proximity":1042,"opportunity":6921.5,"population":365}},{"type":"Feature","id":1064,"geometry":{"type":"Polygon","coordinates":[[[18.10507,59.27985],[18.10793,59.28064],[18.11081,59.27998],[18.11082,59.27852],[18.10796,59.27773],[18.10508,59.2784],[18.10507,59.27985]]]},"properties":{"zone":3,"cell_type":"total isolation","proximity":2657,"opportunity":8451.8,"population":792}},{"type":"Feature","id":1065,"geometry":{"type":"Polygon","coordinates":[[[18.05877,59.35298],[18.06133,59.35368],[18.06388,59.3531],[18.06389,59.35184],[18.06133,59.35114],[18.05878,59.35173],[18.05877,59.35298]]]},"properties":{"zone":0,"cell_type":"inclusion","proximity":4869.7,"opportunity":10871.8,"population":298}},{"type":"Feature","id":1066,"geometry":{"type":"Polygon","coordinates":[[[17.97002,59.30084],[17.97267,59.30157],[17.97532,59.30096],[17.97534,59.29964],[17.97268,59.29891],[17.97003,59.29952],[17.97002,59.30084]]]},"properties":{"zone":3,"cell_type":"total isolation","proximity":2384.7,"opportunity":8541.1,"population":367}},{"type":"Feature","id":1067,"geometry":{"type":"Polygon","coordinates":[[[17.8742,59.39675],[17.87666,59.39743],[17.8791,59.39687],[17.87912,59.39569],[17.87666,59.39501],[17.87422,59.39557],[17.8742,59.39675]]]},"properties":{"zone":3,"cell_type":"total isolation","proximity":970.7,"opportunity":4931.5,"population":239}},{"type":"Feature","id":1068,"geometry":{"type":"Polygon","coordinates":[[[18.07311,59.34678],[18.07577,59.34751],[18.07842,59.3469],[18.07843,59.34558],[18.07577,59.34485],[18.07312,59.34546],[18.07311,59.34678]]]},"properties":{"zone":0,"cell_type":"inclusion","proximity":5532.6,"opportunity":12015.3,"population":364}},{"type":"Feature","id":1069,"geometry":{"type":"Polygon","coordinates":[[[17.91672,59.41748],[17.91959,59.41827],[17.92248,59.41761],[17.9225,59.41616],[17.91963,59.41537],[17.91674,59.41603],[17.91672,59.41748]]]},"properties":{"zone":3,"cell_type":"total isolation","proximity":688.5,"opportunity":6082.8,"population":600}},{"type":"Feature","id":1070,"geometry":{"type":"Polygon","coordinates":[[[17.99572,59.29493],[17.99859,59.29572],[18.00147,59.29506],[18.00149,59.2936],[17.99862,59.29281],[17.99574,59.29348],[17.99572,59.29493]]]},"properties":{"zone":2,"cell_type":"social isolation","proximity":2787.1,"opportunity":10070.4,"population":689}},{"type":"Feature","id":1071,"geometry":{"type":"Polygon","coordinates":[[[18.06652,59.36559],[18.06705,59.36574],[18.06742,59.36565],[18.06689,59.36551],[18.06652,59.36559]]]},"properties":{"zone":3,"cell_type":"total isolation","proximity":2759.2,"opportunity":8330.4,"population":4}},{"type":"Feature","id":1072,"geometry":{"type":"Polygon","coordinates":[[[17.81008,59.36201],[17.81098,59.36226],[17.81173,59.36209],[17.81173,59.36193],[17.81084,59.36168],[17.81008,59.36185],[17.81008,59.36201]]]},"properties":{"zone":3,"cell_type":"total isolation","proximity":677.1,"opportunity":7.3,"population":8}},{"type":"Feature","id":1073,"geometry":{"type":"Polygon","coordinates":[[[17.88276,59.38178],[17.88547,59.38253],[17.88819,59.3819],[17.8882,59.38055],[17.88549,59.3798],[17.88277,59.38043],[17.88276,59.38178]]]},"properties":{"zone":3,"cell_type":"total isolation","proximity":1381.1,"opportunity":6422,"population":413}},{"type":"Feature","id":1074,"geometry":{"type":"Polygon","coordinates":[[[18.09326,59.35374],[18.09585,59.35445],[18.09843,59.35385],[18.09844,59.35258],[18.09585,59.35187],[18.09327,59.35247],[18.09326,59.35374]]]},"properties":{"zone":0,"cell_type":"inclusion","proximity":3583.9,"opportunity":9739,"population":315}},{"type":"Feature","id":1075,"geometry":{"type":"Polygon","coordinates":[[[17.92602,59.40229],[17.92842,59.40295],[17.93081,59.4024],[17.93083,59.40126],[17.92842,59.40059],[17.92603,59.40114],[17.92602,59.40229]]]},"properties":{"zone":3,"cell_type":"total isolation","proximity":1058.9,"opportunity":5482.8,"population":214}},{"type":"Feature","id":1076,"geometry":{"type":"Polygon","coordinates":[[[18.09597,59.33862],[18.09884,59.33941],[18.10172,59.33874],[18.10173,59.33729],[18.09886,59.3365],[18.09598,59.33716],[18.09597,59.33862]]]},"properties":{"zone":0,"cell_type":"inclusion","proximity":4532,"opportunity":12150.2,"population":957}},{"type":"Feature","id":1077,"geometry":{"type":"Polygon","coordinates":[[[17.88908,59.35132],[17.8916,59.35202],[17.8941,59.35145],[17.89412,59.35022],[17.8916,59.34953],[17.8891,59.3501],[17.88908,59.35132]]]},"properties":{"zone":3,"cell_type":"total isolation","proximity":1552.6,"opportunity":6741.5,"population":272}},{"type":"Feature","id":1078,"geometry":{"type":"Polygon","coordinates":[[[17.9412,59.34371],[17.94347,59.34434],[17.94571,59.34383],[17.94573,59.34276],[17.94345,59.34214],[17.94121,59.34265],[17.9412,59.34371]]]},"properties":{"zone":3,"cell_type":"total isolation","proximity":1856.6,"opportunity":8437.7,"population":160}},{"type":"Feature","id":1079,"geometry":{"type":"Polygon","coordinates":[[[18.02988,59.33063],[18.03275,59.33142],[18.03563,59.33075],[18.03565,59.3293],[18.03278,59.32851],[18.02989,59.32917],[18.02988,59.33063]]]},"properties":{"zone":0,"cell_type":"inclusion","proximity":5630.8,"opportunity":13669.6,"population":1659}},{"type":"Feature","id":1080,"geometry":{"type":"Polygon","coordinates":[[[18.00014,59.26622],[18.00179,59.26667],[18.00337,59.26631],[18.00337,59.26565],[18.00172,59.2652],[18.00015,59.26556],[18.00014,59.26622]]]},"properties":{"zone":3,"cell_type":"total isolation","proximity":1536.9,"opportunity":6594.1,"population":43}},{"type":"Feature","id":1081,"geometry":{"type":"Polygon","coordinates":[[[18.10261,59.36023],[18.10446,59.36074],[18.10625,59.36033],[18.10626,59.35955],[18.1044,59.35904],[18.10261,59.35945],[18.10261,59.36023]]]},"properties":{"zone":2,"cell_type":"social isolation","proximity":2567.6,"opportunity":11931,"population":65}},{"type":"Feature","id":1082,"geometry":{"type":"Polygon","coordinates":[[[18.08194,59.29683],[18.0848,59.29762],[18.08768,59.29696],[18.0877,59.2955],[18.08483,59.29471],[18.08195,59.29537],[18.08194,59.29683]]]},"properties":{"zone":0,"cell_type":"inclusion","proximity":4386.2,"opportunity":13448.5,"population":936}},{"type":"Feature","id":1083,"geometry":{"type":"Polygon","coordinates":[[[18.05609,59.29408],[18.05896,59.29487],[18.06184,59.29421],[18.06185,59.29275],[18.05898,59.29196],[18.0561,59.29263],[18.05609,59.29408]]]},"properties":{"zone":0,"cell_type":"inclusion","proximity":4064.1,"opportunity":11765,"population":611}},{"type":"Feature","id":1084,"geometry":{"type":"Polygon","coordinates":[[[18.08761,59.30569],[18.09048,59.30648],[18.09336,59.30581],[18.09337,59.30436],[18.0905,59.30357],[18.08762,59.30423],[18.08761,59.30569]]]},"properties":{"zone":0,"cell_type":"inclusion","proximity":4075.7,"opportunity":9845.1,"population":1178}},{"type":"Feature","id":1085,"geometry":{"type":"Polygon","coordinates":[[[17.95905,59.31782],[17.96102,59.31837],[17.96293,59.31793],[17.96294,59.31706],[17.96097,59.31652],[17.95906,59.31696],[17.95905,59.31782]]]},"properties":{"zone":3,"cell_type":"total isolation","proximity":1631.2,"opportunity":6310.4,"population":84}},{"type":"Feature","id":1086,"geometry":{"type":"Polygon","coordinates":[[[17.97839,59.30328],[17.98126,59.30407],[17.98414,59.30341],[17.98416,59.30195],[17.98129,59.30116],[17.97841,59.30182],[17.97839,59.30328]]]},"properties":{"zone":3,"cell_type":"total isolation","proximity":2708.5,"opportunity":9295.2,"population":691}},{"type":"Feature","id":1087,"geometry":{"type":"Polygon","coordinates":[[[18.09678,59.23814],[18.09965,59.23893],[18.10252,59.23827],[18.10253,59.23681],[18.09967,59.23602],[18.09679,59.23668],[18.09678,59.23814]]]},"properties":{"zone":2,"cell_type":"social isolation","proximity":1163,"opportunity":9574,"population":780}},{"type":"Feature","id":1088,"geometry":{"type":"Polygon","coordinates":[[[17.79677,59.38399],[17.79911,59.38464],[17.80143,59.38411],[17.80144,59.383],[17.7991,59.38235],[17.79678,59.38288],[17.79677,59.38399]]]},"properties":{"zone":3,"cell_type":"total isolation","proximity":603.3,"opportunity":3713.2,"population":186}},{"type":"Feature","id":1089,"geometry":{"type":"Polygon","coordinates":[[[17.8107,59.37795],[17.81356,59.37874],[17.81643,59.37809],[17.81645,59.37664],[17.8136,59.37585],[17.81072,59.37651],[17.8107,59.37795]]]},"properties":{"zone":3,"cell_type":"total isolation","proximity":782,"opportunity":4360.6,"population":563}},{"type":"Feature","id":1090,"geometry":{"type":"Polygon","coordinates":[[[18.08235,59.27056],[18.08503,59.2713],[18.08771,59.27068],[18.08772,59.26934],[18.08504,59.2686],[18.08236,59.26922],[18.08235,59.27056]]]},"properties":{"zone":2,"cell_type":"social isolation","proximity":2757.5,"opportunity":10742.2,"population":390}},{"type":"Feature","id":1091,"geometry":{"type":"Polygon","coordinates":[[[17.98419,59.30775],[17.98697,59.30852],[17.98975,59.30787],[17.98977,59.30648],[17.98699,59.30571],[17.9842,59.30635],[17.98419,59.30775]]]},"properties":{"zone":0,"cell_type":"inclusion","proximity":2970,"opportunity":10044.6,"population":478}},{"type":"Feature","id":1092,"geometry":{"type":"Polygon","coordinates":[[[18.12824,59.34564],[18.13046,59.34625],[18.13264,59.34574],[18.13265,59.34471],[18.13043,59.3441],[18.12825,59.34461],[18.12824,59.34564]]]},"properties":{"zone":3,"cell_type":"total isolation","proximity":2140.7,"opportunity":5698,"population":143}},{"type":"Feature","id":1093,"geometry":{"type":"Polygon","coordinates":[[[18.05586,59.32028],[18.05873,59.32107],[18.06161,59.32041],[18.06162,59.31895],[18.05875,59.31816],[18.05587,59.31883],[18.05586,59.32028]]]},"properties":{"zone":0,"cell_type":"inclusion","proximity":5936,"opportunity":13374.3,"population":2706}},{"type":"Feature","id":1094,"geometry":{"type":"Polygon","coordinates":[[[17.9765,59.34425],[17.97802,59.34467],[17.97944,59.34434],[17.97944,59.34378],[17.97793,59.34337],[17.97651,59.34369],[17.9765,59.34425]]]},"properties":{"zone":3,"cell_type":"total isolation","proximity":1891.4,"opportunity":7944.4,"population":31}},{"type":"Feature","id":1095,"geometry":{"type":"Polygon","coordinates":[[[17.91,59.34938],[17.91179,59.34987],[17.91351,59.34948],[17.91351,59.34874],[17.91173,59.34824],[17.91001,59.34864],[17.91,59.34938]]]},"properties":{"zone":3,"cell_type":"total isolation","proximity":1667.2,"opportunity":6392.9,"population":57}},{"type":"Feature","id":1096,"geometry":{"type":"Polygon","coordinates":[[[18.09155,59.2335],[18.09396,59.23417],[18.09635,59.23361],[18.09636,59.23245],[18.09395,59.23179],[18.09156,59.23234],[18.09155,59.2335]]]},"properties":{"zone":3,"cell_type":"total isolation","proximity":977.7,"opportunity":7083,"population":219}},{"type":"Feature","id":1097,"geometry":{"type":"Polygon","coordinates":[[[18.08523,59.24664],[18.08809,59.24743],[18.09097,59.24676],[18.09098,59.24531],[18.08811,59.24451],[18.08524,59.24518],[18.08523,59.24664]]]},"properties":{"zone":3,"cell_type":"total isolation","proximity":1603.5,"opportunity":7629.4,"population":581}},{"type":"Feature","id":1098,"geometry":{"type":"Polygon","coordinates":[[[17.93119,59.41128],[17.93407,59.41207],[17.93695,59.41141],[17.93697,59.40996],[17.9341,59.40916],[17.93121,59.40983],[17.93119,59.41128]]]},"properties":{"zone":3,"cell_type":"total isolation","proximity":861,"opportunity":5751.6,"population":592}},{"type":"Feature","id":1099,"geometry":{"type":"Polygon","coordinates":[[[17.8201,59.36273],[17.82242,59.36337],[17.82471,59.36285],[17.82473,59.36176],[17.82241,59.36111],[17.82011,59.36164],[17.8201,59.36273]]]},"properties":{"zone":3,"cell_type":"total isolation","proximity":783,"opportunity":4825.7,"population":178}},{"type":"Feature","id":1100,"geometry":{"type":"Polygon","coordinates":[[[17.97316,59.28558],[17.97571,59.28629],[17.97824,59.2857],[17.97826,59.28445],[17.97571,59.28375],[17.97317,59.28433],[17.97316,59.28558]]]},"properties":{"zone":3,"cell_type":"total isolation","proximity":2198.6,"opportunity":8604.8,"population":292}},{"type":"Feature","id":1101,"geometry":{"type":"Polygon","coordinates":[[[17.91763,59.33609],[17.91775,59.33613],[17.91775,59.33613],[17.91763,59.33609]]]},"properties":{"zone":3,"cell_type":"total isolation","proximity":1451.1,"opportunity":6577.9,"population":3}},{"type":"Feature","id":1102,"geometry":{"type":"Polygon","coordinates":[[[18.05308,59.30931],[18.05595,59.3101],[18.05883,59.30943],[18.05884,59.30798],[18.05597,59.30719],[18.05309,59.30785],[18.05308,59.30931]]]},"properties":{"zone":0,"cell_type":"inclusion","proximity":4807.3,"opportunity":11217.3,"population":927}},{"type":"Feature","id":1103,"geometry":{"type":"Polygon","coordinates":[[[18.00415,59.31477],[18.00702,59.31557],[18.0099,59.3149],[18.00991,59.31345],[18.00705,59.31266],[18.00417,59.31332],[18.00415,59.31477]]]},"properties":{"zone":0,"cell_type":"inclusion","proximity":3676.8,"opportunity":10712.8,"population":686}},{"type":"Feature","id":1104,"geometry":{"type":"Polygon","coordinates":[[[17.87722,59.3642],[17.87993,59.36495],[17.88263,59.36433],[17.88265,59.36298],[17.87995,59.36224],[17.87724,59.36285],[17.87722,59.3642]]]},"properties":{"zone":3,"cell_type":"total isolation","proximity":1539.9,"opportunity":6638.1,"population":406}},{"type":"Feature","id":1105,"geometry":{"type":"Polygon","coordinates":[[[17.90863,59.37586],[17.91144,59.37664],[17.91425,59.37599],[17.91427,59.37458],[17.91147,59.37381],[17.90865,59.37445],[17.90863,59.37586]]]},"properties":{"zone":3,"cell_type":"total isolation","proximity":1403.7,"opportunity":6166.9,"population":503}},{"type":"Feature","id":1106,"geometry":{"type":"Polygon","coordinates":[[[18.11692,59.27127],[18.11951,59.27198],[18.12208,59.27139],[18.12209,59.27012],[18.11951,59.2694],[18.11693,59.27],[18.11692,59.27127]]]},"properties":{"zone":3,"cell_type":"total isolation","proximity":2024.1,"opportunity":6156.4,"population":317}},{"type":"Feature","id":1107,"geometry":{"type":"Polygon","coordinates":[[[18.12368,59.32338],[18.12491,59.32372],[18.12603,59.32346],[18.12603,59.32308],[18.1248,59.32274],[18.12368,59.323],[18.12368,59.32338]]]},"properties":{"zone":3,"cell_type":"total isolation","proximity":2689.9,"opportunity":6471,"population":17}},{"type":"Feature","id":1108,"geometry":{"type":"Polygon","coordinates":[[[17.90725,59.28185],[17.90967,59.28252],[17.91207,59.28197],[17.91208,59.28081],[17.90966,59.28014],[17.90726,59.28069],[17.90725,59.28185]]]},"properties":{"zone":3,"cell_type":"total isolation","proximity":896.8,"opportunity":6268.9,"population":221}},{"type":"Feature","id":1109,"geometry":{"type":"Polygon","coordinates":[[[18.01859,59.30855],[18.02145,59.30934],[18.02434,59.30867],[18.02435,59.30722],[18.02148,59.30643],[18.0186,59.30709],[18.01859,59.30855]]]},"properties":{"zone":0,"cell_type":"inclusion","proximity":4119.2,"opportunity":11844.4,"population":1169}},{"type":"Feature","id":1110,"geometry":{"type":"Polygon","coordinates":[[[17.94631,59.36577],[17.94897,59.36651],[17.95163,59.3659],[17.95164,59.36458],[17.94898,59.36385],[17.94633,59.36446],[17.94631,59.36577]]]},"properties":{"zone":3,"cell_type":"total isolation","proximity":1461.9,"opportunity":4352.5,"population":368}},{"type":"Feature","id":1111,"geometry":{"type":"Polygon","coordinates":[[[18.04187,59.30026],[18.04454,59.30099],[18.0472,59.30038],[18.04721,59.29905],[18.04455,59.29832],[18.04188,59.29893],[18.04187,59.30026]]]},"properties":{"zone":0,"cell_type":"inclusion","proximity":3941.4,"opportunity":10545.8,"population":375}},{"type":"Feature","id":1112,"geometry":{"type":"Polygon","coordinates":[[[18.08776,59.28822],[18.09062,59.28901],[18.0935,59.28834],[18.09351,59.28689],[18.09065,59.2861],[18.08777,59.28676],[18.08776,59.28822]]]},"properties":{"zone":0,"cell_type":"inclusion","proximity":3597.9,"opportunity":10761.4,"population":687}},{"type":"Feature","id":1113,"geometry":{"type":"Polygon","coordinates":[[[18.06606,59.2699],[18.06783,59.27038],[18.06953,59.26999],[18.06953,59.26926],[18.06777,59.26877],[18.06607,59.26916],[18.06606,59.2699]]]},"properties":{"zone":3,"cell_type":"total isolation","proximity":2552.8,"opportunity":7215.3,"population":55}},{"type":"Feature","id":1114,"geometry":{"type":"Polygon","coordinates":[[[18.01925,59.28222],[18.02172,59.2829],[18.02418,59.28233],[18.02419,59.28113],[18.02171,59.28045],[18.01926,59.28102],[18.01925,59.28222]]]},"properties":{"zone":3,"cell_type":"total isolation","proximity":2604.9,"opportunity":8022.1,"population":248}},{"type":"Feature","id":1115,"geometry":{"type":"Polygon","coordinates":[[[18.10193,59.31255],[18.1048,59.31334],[18.10768,59.31267],[18.10769,59.31122],[18.10482,59.31043],[18.10194,59.31109],[18.10193,59.31255]]]},"properties":{"zone":1,"cell_type":"spatial isolation","proximity":3921.5,"opportunity":8916.7,"population":1472}},{"type":"Feature","id":1116,"geometry":{"type":"Polygon","coordinates":[[[17.91299,59.36462],[17.9145,59.36504],[17.91591,59.36471],[17.91592,59.36416],[17.91441,59.36374],[17.913,59.36406],[17.91299,59.36462]]]},"properties":{"zone":3,"cell_type":"total isolation","proximity":1501.6,"opportunity":4119.8,"population":31}},{"type":"Feature","id":1117,"geometry":{"type":"Polygon","coordinates":[[[17.94117,59.35242],[17.94338,59.35303],[17.94555,59.35253],[17.94556,59.35151],[17.94336,59.3509],[17.94118,59.3514],[17.94117,59.35242]]]},"properties":{"zone":3,"cell_type":"total isolation","proximity":1219.7,"opportunity":27.2,"population":140}},{"type":"Feature","id":1118,"geometry":{"type":"Polygon","coordinates":[[[17.95569,59.28526],[17.95846,59.28603],[17.96124,59.28539],[17.96126,59.28399],[17.95848,59.28323],[17.9557,59.28387],[17.95569,59.28526]]]},"properties":{"zone":3,"cell_type":"total isolation","proximity":1771,"opportunity":8157.5,"population":475}},{"type":"Feature","id":1119,"geometry":{"type":"Polygon","coordinates":[[[18.12401,59.33199],[18.12486,59.33222],[18.12556,59.33206],[18.12557,59.33193],[18.12472,59.3317],[18.12402,59.33186],[18.12401,59.33199]]]},"properties":{"zone":1,"cell_type":"spatial isolation","proximity":2944.8,"opportunity":7742.8,"population":7}},{"type":"Feature","id":1120,"geometry":{"type":"Polygon","coordinates":[[[17.84242,59.37216],[17.84529,59.37296],[17.84818,59.3723],[17.84819,59.37085],[17.84533,59.37005],[17.84244,59.37071],[17.84242,59.37216]]]},"properties":{"zone":3,"cell_type":"total isolation","proximity":1185.3,"opportunity":6294,"population":676}},{"type":"Feature","id":1121,"geometry":{"type":"Polygon","coordinates":[[[17.92104,59.34978],[17.92327,59.3504],[17.92547,59.3499],[17.92548,59.34886],[17.92325,59.34824],[17.92105,59.34875],[17.92104,59.34978]]]},"properties":{"zone":3,"cell_type":"total isolation","proximity":1716.8,"opportunity":5804,"population":147}},{"type":"Feature","id":1122,"geometry":{"type":"Polygon","coordinates":[[[18.09679,59.24686],[18.09958,59.24763],[18.10238,59.24699],[18.10239,59.24558],[18.0996,59.24481],[18.0968,59.24545],[18.09679,59.24686]]]},"properties":{"zone":3,"cell_type":"total isolation","proximity":1483.4,"opportunity":7419.1,"population":494}},{"type":"Feature","id":1123,"geometry":{"type":"Polygon","coordinates":[[[18.05868,59.3356],[18.06147,59.33636],[18.06427,59.33572],[18.06428,59.33432],[18.06149,59.33355],[18.0587,59.3342],[18.05868,59.3356]]]},"properties":{"zone":0,"cell_type":"inclusion","proximity":6986.7,"opportunity":16450.1,"population":485}},{"type":"Feature","id":1124,"geometry":{"type":"Polygon","coordinates":[[[17.92378,59.38248],[17.92579,59.38304],[17.92774,59.38259],[17.92775,59.3817],[17.92574,59.38115],[17.92379,59.3816],[17.92378,59.38248]]]},"properties":{"zone":3,"cell_type":"total isolation","proximity":1236.6,"opportunity":6046.2,"population":91}},{"type":"Feature","id":1125,"geometry":{"type":"Polygon","coordinates":[[[18.00482,59.28845],[18.00729,59.28913],[18.00974,59.28856],[18.00976,59.28737],[18.00729,59.28669],[18.00483,59.28725],[18.00482,59.28845]]]},"properties":{"zone":3,"cell_type":"total isolation","proximity":2613.1,"opportunity":8417.4,"population":246}},{"type":"Feature","id":1126,"geometry":{"type":"Polygon","coordinates":[[[17.95569,59.30267],[17.95828,59.30339],[17.96087,59.3028],[17.96088,59.30152],[17.95829,59.30081],[17.95571,59.3014],[17.95569,59.30267]]]},"properties":{"zone":2,"cell_type":"social isolation","proximity":1953.5,"opportunity":9727.7,"population":319}},{"type":"Feature","id":1127,"geometry":{"type":"Polygon","coordinates":[[[18.02686,59.34584],[18.02973,59.34663],[18.03261,59.34596],[18.03263,59.34451],[18.02976,59.34372],[18.02688,59.34438],[18.02686,59.34584]]]},"properties":{"zone":0,"cell_type":"inclusion","proximity":4447.5,"opportunity":10643.2,"population":1788}},{"type":"Feature","id":1128,"geometry":{"type":"Polygon","coordinates":[[[18.05948,59.35711],[18.06132,59.35762],[18.0631,59.35721],[18.0631,59.35643],[18.06126,59.35593],[18.05948,59.35634],[18.05948,59.35711]]]},"properties":{"zone":1,"cell_type":"spatial isolation","proximity":4077.8,"opportunity":9055.6,"population":64}},{"type":"Feature","id":1129,"geometry":{"type":"Polygon","coordinates":[[[17.93131,59.4069],[17.93412,59.40767],[17.93693,59.40703],[17.93695,59.40562],[17.93414,59.40485],[17.93133,59.40549],[17.93131,59.4069]]]},"properties":{"zone":3,"cell_type":"total isolation","proximity":958.2,"opportunity":7187.1,"population":504}},{"type":"Feature","id":1130,"geometry":{"type":"Polygon","coordinates":[[[18.1317,59.28235],[18.13381,59.28293],[18.13588,59.28246],[18.13588,59.2815],[18.13377,59.28091],[18.1317,59.28139],[18.1317,59.28235]]]},"properties":{"zone":3,"cell_type":"total isolation","proximity":1735,"opportunity":4962.9,"population":114}},{"type":"Feature","id":1131,"geometry":{"type":"Polygon","coordinates":[[[18.10613,59.33181],[18.10758,59.33221],[18.10893,59.33189],[18.10894,59.33137],[18.10749,59.33097],[18.10613,59.33129],[18.10613,59.33181]]]},"properties":{"zone":0,"cell_type":"inclusion","proximity":3992.7,"opportunity":10243,"population":27}},{"type":"Feature","id":1132,"geometry":{"type":"Polygon","coordinates":[[[18.11377,59.33882],[18.11612,59.33947],[18.11844,59.33893],[18.11845,59.33782],[18.1161,59.33717],[18.11378,59.33771],[18.11377,59.33882]]]},"properties":{"zone":1,"cell_type":"spatial isolation","proximity":3318.7,"opportunity":8338.9,"population":190}},{"type":"Feature","id":1133,"geometry":{"type":"Polygon","coordinates":[[[17.87728,59.35984],[17.87998,59.36059],[17.88268,59.35997],[17.8827,59.35862],[17.88,59.35788],[17.8773,59.3585],[17.87728,59.35984]]]},"properties":{"zone":3,"cell_type":"total isolation","proximity":1542.9,"opportunity":6504.1,"population":403}},{"type":"Feature","id":1134,"geometry":{"type":"Polygon","coordinates":[[[18.11269,59.3535],[18.1132,59.35364],[18.11354,59.35356],[18.11304,59.35342],[18.11269,59.3535]]]},"properties":{"zone":3,"cell_type":"total isolation","proximity":2393.8,"opportunity":4549.7,"population":4}},{"type":"Feature","id":1135,"geometry":{"type":"Polygon","coordinates":[[[18.08765,59.30132],[18.09052,59.30211],[18.0934,59.30145],[18.09341,59.29999],[18.09054,59.2992],[18.08766,59.29987],[18.08765,59.30132]]]},"properties":{"zone":0,"cell_type":"inclusion","proximity":4243.6,"opportunity":12080,"population":1674}},{"type":"Feature","id":1136,"geometry":{"type":"Polygon","coordinates":[[[18.02179,59.29762],[18.02444,59.29836],[18.02709,59.29775],[18.0271,59.29643],[18.02445,59.2957],[18.0218,59.29631],[18.02179,59.29762]]]},"properties":{"zone":0,"cell_type":"inclusion","proximity":3266.4,"opportunity":11053.7,"population":365}},{"type":"Feature","id":1137,"geometry":{"type":"Polygon","coordinates":[[[17.90682,59.32984],[17.90912,59.33047],[17.91138,59.32995],[17.91139,59.32888],[17.9091,59.32824],[17.90683,59.32876],[17.90682,59.32984]]]},"properties":{"zone":3,"cell_type":"total isolation","proximity":1213,"opportunity":6879.7,"population":169}},{"type":"Feature","id":1138,"geometry":{"type":"Polygon","coordinates":[[[18.03408,59.25407],[18.03635,59.25469],[18.0386,59.25418],[18.03861,59.25311],[18.03633,59.25248],[18.03409,59.253],[18.03408,59.25407]]]},"properties":{"zone":3,"cell_type":"total isolation","proximity":1556.9,"opportunity":6591.3,"population":162}},{"type":"Feature","id":1139,"geometry":{"type":"Polygon","coordinates":[[[18.02216,59.28009],[18.02461,59.28077],[18.02705,59.2802],[18.02706,59.27902],[18.02461,59.27834],[18.02217,59.2789],[18.02216,59.28009]]]},"properties":{"zone":3,"cell_type":"total isolation","proximity":2629.2,"opportunity":7507.1,"population":238}},{"type":"Feature","id":1140,"geometry":{"type":"Polygon","coordinates":[[[17.94708,59.32641],[17.94941,59.32705],[17.95171,59.32652],[17.95173,59.32542],[17.9494,59.32478],[17.9471,59.32531],[17.94708,59.32641]]]},"properties":{"zone":3,"cell_type":"total isolation","proximity":1822.5,"opportunity":6366.3,"population":181}},{"type":"Feature","id":1141,"geometry":{"type":"Polygon","coordinates":[[[17.93189,59.3937],[17.93428,59.39436],[17.93665,59.39382],[17.93666,59.39268],[17.93427,59.39202],[17.9319,59.39256],[17.93189,59.3937]]]},"properties":{"zone":3,"cell_type":"total isolation","proximity":828.6,"opportunity":4735.7,"population":206}},{"type":"Feature","id":1142,"geometry":{"type":"Polygon","coordinates":[[[17.9223,59.32331],[17.92361,59.32368],[17.92481,59.3234],[17.92482,59.32297],[17.92351,59.32261],[17.9223,59.32288],[17.9223,59.32331]]]},"properties":{"zone":3,"cell_type":"total isolation","proximity":1159.5,"opportunity":5231.1,"population":20}},{"type":"Feature","id":1143,"geometry":{"type":"Polygon","coordinates":[[[18.02288,59.32342],[18.02425,59.32379],[18.02551,59.3235],[18.02552,59.32303],[18.02415,59.32266],[18.02288,59.32295],[18.02288,59.32342]]]},"properties":{"zone":1,"cell_type":"spatial isolation","proximity":4125.6,"opportunity":8446.3,"population":23}},{"type":"Feature","id":1144,"geometry":{"type":"Polygon","coordinates":[[[17.96094,59.33341],[17.9637,59.33417],[17.96646,59.33354],[17.96648,59.33216],[17.96372,59.3314],[17.96096,59.33203],[17.96094,59.33341]]]},"properties":{"zone":2,"cell_type":"social isolation","proximity":2414,"opportunity":10309.7,"population":456}},{"type":"Feature","id":1145,"geometry":{"type":"Polygon","coordinates":[[[18.08138,59.35938],[18.0815,59.35942],[18.0815,59.35942],[18.08138,59.35938]]]},"properties":{"zone":1,"cell_type":"spatial isolation","proximity":2903.3,"opportunity":6068.3,"population":1}},{"type":"Feature","id":1146,"geometry":{"type":"Polygon","coordinates":[[[18.03364,59.25856],[18.0363,59.25929],[18.03895,59.25868],[18.03896,59.25736],[18.03631,59.25663],[18.03366,59.25724],[18.03364,59.25856]]]},"properties":{"zone":3,"cell_type":"total isolation","proximity":1580.1,"opportunity":6713.6,"population":367}},{"type":"Feature","id":1147,"geometry":{"type":"Polygon","coordinates":[[[17.89781,59.41447],[17.89951,59.41494],[17.90114,59.41457],[17.90114,59.41389],[17.89945,59.41342],[17.89782,59.41379],[17.89781,59.41447]]]},"properties":{"zone":3,"cell_type":"total isolation","proximity":380.1,"opportunity":4241.9,"population":46}},{"type":"Feature","id":1148,"geometry":{"type":"Polygon","coordinates":[[[17.82567,59.36726],[17.82811,59.36794],[17.83052,59.36738],[17.83054,59.36622],[17.82811,59.36554],[17.82569,59.36609],[17.82567,59.36726]]]},"properties":{"zone":3,"cell_type":"total isolation","proximity":872.5,"opportunity":4635.9,"population":227}},{"type":"Feature","id":1149,"geometry":{"type":"Polygon","coordinates":[[[17.92163,59.29741],[17.92386,59.29803],[17.92606,59.29752],[17.92608,59.29648],[17.92384,59.29587],[17.92164,59.29637],[17.92163,59.29741]]]},"properties":{"zone":3,"cell_type":"total isolation","proximity":1199.5,"opportunity":7019,"population":148}},{"type":"Feature","id":1150,"geometry":{"type":"Polygon","coordinates":[[[18.02698,59.33274],[18.02985,59.33354],[18.03274,59.33287],[18.03275,59.33142],[18.02988,59.33063],[18.027,59.33129],[18.02698,59.33274]]]},"properties":{"zone":0,"cell_type":"inclusion","proximity":5585,"opportunity":15342.4,"population":1759}},{"type":"Feature","id":1151,"geometry":{"type":"Polygon","coordinates":[[[18.01182,59.31868],[18.0128,59.31895],[18.01366,59.31875],[18.01366,59.31853],[18.01268,59.31826],[18.01182,59.31846],[18.01182,59.31868]]]},"properties":{"zone":1,"cell_type":"spatial isolation","proximity":3526,"opportunity":9079.5,"population":10}},{"type":"Feature","id":1152,"geometry":{"type":"Polygon","coordinates":[[[18.07252,59.24801],[18.07378,59.24835],[18.07493,59.24809],[18.07494,59.24769],[18.07368,59.24734],[18.07252,59.24761],[18.07252,59.24801]]]},"properties":{"zone":3,"cell_type":"total isolation","proximity":1536.5,"opportunity":3631.5,"population":18}},{"type":"Feature","id":1153,"geometry":{"type":"Polygon","coordinates":[[[18.10246,59.26009],[18.10522,59.26085],[18.10798,59.26021],[18.10799,59.25883],[18.10523,59.25807],[18.10247,59.25871],[18.10246,59.26009]]]},"properties":{"zone":3,"cell_type":"total isolation","proximity":1954.2,"opportunity":8891.4,"population":457}},{"type":"Feature","id":1154,"geometry":{"type":"Polygon","coordinates":[[[18.02429,59.31304],[18.02716,59.31383],[18.03004,59.31317],[18.03006,59.31171],[18.02719,59.31092],[18.02431,59.31158],[18.02429,59.31304]]]},"properties":{"zone":0,"cell_type":"inclusion","proximity":4743.8,"opportunity":13149.4,"population":1317}},{"type":"Feature","id":1155,"geometry":{"type":"Polygon","coordinates":[[[17.8771,59.37727],[17.87977,59.37801],[17.88243,59.3774],[17.88245,59.37608],[17.87979,59.37534],[17.87712,59.37595],[17.8771,59.37727]]]},"properties":{"zone":3,"cell_type":"total isolation","proximity":1382.7,"opportunity":6553.9,"population":373}},{"type":"Feature","id":1156,"geometry":{"type":"Polygon","coordinates":[[[18.07068,59.32699],[18.07307,59.32765],[18.07543,59.32711],[18.07544,59.32597],[18.07305,59.32531],[18.07069,59.32585],[18.07068,59.32699]]]},"properties":{"zone":0,"cell_type":"inclusion","proximity":6544.9,"opportunity":14237.1,"population":207}},{"type":"Feature","id":1157,"geometry":{"type":"Polygon","coordinates":[[[17.91328,59.39929],[17.91412,59.39952],[17.91483,59.39936],[17.91483,59.39924],[17.91398,59.39901],[17.91328,59.39917],[17.91328,59.39929]]]},"properties":{"zone":3,"cell_type":"total isolation","proximity":1009.6,"opportunity":4445.6,"population":7}},{"type":"Feature","id":1158,"geometry":{"type":"Polygon","coordinates":[[[18.18985,59.231],[18.19162,59.23149],[18.19333,59.23109],[18.19333,59.23035],[18.19156,59.22986],[18.18985,59.23026],[18.18985,59.231]]]},"properties":{"zone":3,"cell_type":"total isolation","proximity":120.9,"opportunity":4877.6,"population":55}},{"type":"Feature","id":1159,"geometry":{"type":"Polygon","coordinates":[[[17.95034,59.34158],[17.95214,59.34208],[17.95388,59.34168],[17.95388,59.34093],[17.95208,59.34043],[17.95035,59.34083],[17.95034,59.34158]]]},"properties":{"zone":3,"cell_type":"total isolation","proximity":2109.2,"opportunity":9258.7,"population":58}},{"type":"Feature","id":1160,"geometry":{"type":"Polygon","coordinates":[[[18.07076,59.2747],[18.0735,59.27546],[18.07624,59.27482],[18.07626,59.27345],[18.07351,59.27269],[18.07077,59.27332],[18.07076,59.2747]]]},"properties":{"zone":0,"cell_type":"inclusion","proximity":2886.2,"opportunity":9601.8,"population":443}},{"type":"Feature","id":1161,"geometry":{"type":"Polygon","coordinates":[[[18.00467,59.27107],[18.00745,59.27184],[18.01023,59.2712],[18.01025,59.2698],[18.00747,59.26903],[18.00468,59.26967],[18.00467,59.27107]]]},"properties":{"zone":3,"cell_type":"total isolation","proximity":1843.9,"opportunity":7271.7,"population":480}},{"type":"Feature","id":1162,"geometry":{"type":"Polygon","coordinates":[[[17.79945,59.39063],[17.80189,59.3913],[17.80432,59.39075],[17.80434,59.38957],[17.80189,59.3889],[17.79946,59.38945],[17.79945,59.39063]]]},"properties":{"zone":3,"cell_type":"total isolation","proximity":535.3,"opportunity":3367.4,"population":233}},{"type":"Feature","id":1163,"geometry":{"type":"Polygon","coordinates":[[[17.87726,59.36853],[17.87988,59.36926],[17.88249,59.36866],[17.88251,59.36737],[17.87989,59.36665],[17.87728,59.36725],[17.87726,59.36853]]]},"properties":{"zone":3,"cell_type":"total isolation","proximity":1398,"opportunity":6020.8,"population":337}},{"type":"Feature","id":1164,"geometry":{"type":"Polygon","coordinates":[[[17.94976,59.3461],[17.95208,59.34674],[17.95436,59.34622],[17.95437,59.34513],[17.95206,59.34449],[17.94977,59.34501],[17.94976,59.3461]]]},"properties":{"zone":3,"cell_type":"total isolation","proximity":1913.3,"opportunity":6716.5,"population":175}},{"type":"Feature","id":1165,"geometry":{"type":"Polygon","coordinates":[[[17.91553,59.4321],[17.91662,59.4324],[17.91758,59.43218],[17.91758,59.4319],[17.91649,59.4316],[17.91553,59.43182],[17.91553,59.4321]]]},"properties":{"zone":3,"cell_type":"total isolation","proximity":197.4,"opportunity":2.3,"population":12}},{"type":"Feature","id":1166,"geometry":{"type":"Polygon","coordinates":[[[17.90658,59.29654],[17.9067,59.29657],[17.9067,59.29657],[17.90658,59.29654]]]},"properties":{"zone":3,"cell_type":"total isolation","proximity":897.5,"opportunity":46.5,"population":2}},{"type":"Feature","id":1167,"geometry":{"type":"Polygon","coordinates":[[[18.09097,59.26856],[18.09366,59.26931],[18.09635,59.26868],[18.09636,59.26734],[18.09367,59.2666],[18.09098,59.26722],[18.09097,59.26856]]]},"properties":{"zone":3,"cell_type":"total isolation","proximity":2550.5,"opportunity":7764.6,"population":396}},{"type":"Feature","id":1168,"geometry":{"type":"Polygon","coordinates":[[[17.94409,59.29374],[17.94687,59.29451],[17.94967,59.29387],[17.94968,59.29247],[17.9469,59.29169],[17.9441,59.29234],[17.94409,59.29374]]]},"properties":{"zone":3,"cell_type":"total isolation","proximity":1615.9,"opportunity":7208,"population":487}},{"type":"Feature","id":1169,"geometry":{"type":"Polygon","coordinates":[[[17.93145,59.38949],[17.93431,59.39027],[17.93718,59.38962],[17.9372,59.38817],[17.93434,59.38738],[17.93147,59.38804],[17.93145,59.38949]]]},"properties":{"zone":3,"cell_type":"total isolation","proximity":1109.6,"opportunity":6813,"population":564}},{"type":"Feature","id":1170,"geometry":{"type":"Polygon","coordinates":[[[17.78055,59.3876],[17.78183,59.38795],[17.78301,59.38769],[17.78301,59.38728],[17.78173,59.38692],[17.78056,59.38719],[17.78055,59.3876]]]},"properties":{"zone":3,"cell_type":"total isolation","proximity":375.1,"opportunity":14.5,"population":19}},{"type":"Feature","id":1171,"geometry":{"type":"Polygon","coordinates":[[[17.97542,59.34023],[17.97802,59.34095],[17.9806,59.34035],[17.98062,59.33908],[17.97802,59.33836],[17.97543,59.33896],[17.97542,59.34023]]]},"properties":{"zone":2,"cell_type":"social isolation","proximity":2559.7,"opportunity":9603.4,"population":321}},{"type":"Feature","id":1172,"geometry":{"type":"Polygon","coordinates":[[[17.84836,59.37659],[17.851,59.37732],[17.85364,59.37672],[17.85366,59.37541],[17.85101,59.37468],[17.84837,59.37528],[17.84836,59.37659]]]},"properties":{"zone":3,"cell_type":"total isolation","proximity":1165,"opportunity":4586.8,"population":355}},{"type":"Feature","id":1173,"geometry":{"type":"Polygon","coordinates":[[[17.92662,59.35431],[17.92897,59.35496],[17.93129,59.35443],[17.93131,59.35332],[17.92896,59.35267],[17.92663,59.3532],[17.92662,59.35431]]]},"properties":{"zone":3,"cell_type":"total isolation","proximity":1447.6,"opportunity":5224.6,"population":190}},{"type":"Feature","id":1174,"geometry":{"type":"Polygon","coordinates":[[[18.03338,59.26299],[18.03625,59.26379],[18.03913,59.26312],[18.03914,59.26166],[18.03628,59.26087],[18.0334,59.26154],[18.03338,59.26299]]]},"properties":{"zone":2,"cell_type":"social isolation","proximity":2107.1,"opportunity":9470.2,"population":614}},{"type":"Feature","id":1175,"geometry":{"type":"Polygon","coordinates":[[[18.10588,59.24036],[18.10826,59.24102],[18.11062,59.24047],[18.11063,59.23933],[18.10825,59.23867],[18.10589,59.23922],[18.10588,59.24036]]]},"properties":{"zone":3,"cell_type":"total isolation","proximity":1096.5,"opportunity":6157.8,"population":206}},{"type":"Feature","id":1176,"geometry":{"type":"Polygon","coordinates":[[[18.11965,59.27792],[18.12232,59.27865],[18.125,59.27803],[18.12501,59.2767],[18.12233,59.27597],[18.11966,59.27659],[18.11965,59.27792]]]},"properties":{"zone":3,"cell_type":"total isolation","proximity":2174.9,"opportunity":7938.3,"population":383}},{"type":"Feature","id":1177,"geometry":{"type":"Polygon","coordinates":[[[17.99345,59.27944],[17.99589,59.28012],[17.9983,59.27956],[17.99832,59.27839],[17.99588,59.27771],[17.99346,59.27827],[17.99345,59.27944]]]},"properties":{"zone":3,"cell_type":"total isolation","proximity":2183.3,"opportunity":9228.4,"population":229}},{"type":"Feature","id":1178,"geometry":{"type":"Polygon","coordinates":[[[18.04702,59.3441],[18.04989,59.34489],[18.05277,59.34422],[18.05278,59.34277],[18.04991,59.34198],[18.04703,59.34264],[18.04702,59.3441]]]},"properties":{"zone":0,"cell_type":"inclusion","proximity":6357.4,"opportunity":15817.7,"population":2474}},{"type":"Feature","id":1179,"geometry":{"type":"Polygon","coordinates":[[[18.1167,59.26698],[18.11953,59.26776],[18.12237,59.2671],[18.12238,59.26567],[18.11955,59.26489],[18.11671,59.26555],[18.1167,59.26698]]]},"properties":{"zone":3,"cell_type":"total isolation","proximity":1876,"opportunity":7144.7,"population":534}},{"type":"Feature","id":1180,"geometry":{"type":"Polygon","coordinates":[[[18.01011,59.29307],[18.01298,59.29386],[18.01586,59.2932],[18.01587,59.29174],[18.01301,59.29095],[18.01013,59.29161],[18.01011,59.29307]]]},"properties":{"zone":1,"cell_type":"spatial isolation","proximity":3139.1,"opportunity":8294.8,"population":632}},{"type":"Feature","id":1181,"geometry":{"type":"Polygon","coordinates":[[[18.1898,59.24411],[18.19154,59.24459],[18.19321,59.2442],[18.19322,59.24348],[18.19148,59.243],[18.18981,59.24339],[18.1898,59.24411]]]},"properties":{"zone":3,"cell_type":"total isolation","proximity":217.8,"opportunity":5076.9,"population":51}},{"type":"Feature","id":1182,"geometry":{"type":"Polygon","coordinates":[[[17.8972,59.37992],[17.89988,59.38066],[17.90257,59.38005],[17.90259,59.37872],[17.8999,59.37797],[17.89721,59.37859],[17.8972,59.37992]]]},"properties":{"zone":3,"cell_type":"total isolation","proximity":1427.4,"opportunity":7513.6,"population":389}},{"type":"Feature","id":1183,"geometry":{"type":"Polygon","coordinates":[[[18.07871,59.33824],[18.08158,59.33903],[18.08447,59.33837],[18.08448,59.33691],[18.08161,59.33612],[18.07872,59.33679],[18.07871,59.33824]]]},"properties":{"zone":0,"cell_type":"inclusion","proximity":6147.5,"opportunity":13468.5,"population":1400}},{"type":"Feature","id":1184,"geometry":{"type":"Polygon","coordinates":[[[18.03555,59.33948],[18.03842,59.34027],[18.0413,59.33961],[18.04132,59.33815],[18.03845,59.33736],[18.03556,59.33803],[18.03555,59.33948]]]},"properties":{"zone":0,"cell_type":"inclusion","proximity":5834.6,"opportunity":13678.1,"population":2406}},{"type":"Feature","id":1185,"geometry":{"type":"Polygon","coordinates":[[[18.06759,59.35093],[18.06998,59.35159],[18.07236,59.35105],[18.07237,59.3499],[18.06997,59.34924],[18.0676,59.34979],[18.06759,59.35093]]]},"properties":{"zone":0,"cell_type":"inclusion","proximity":5117,"opportunity":11388.8,"population":209}},{"type":"Feature","id":1186,"geometry":{"type":"Polygon","coordinates":[[[17.87428,59.2719],[17.87537,59.2722],[17.87633,59.27198],[17.87633,59.27169],[17.87525,59.27139],[17.87429,59.27161],[17.87428,59.2719]]]},"properties":{"zone":3,"cell_type":"total isolation","proximity":226.9,"opportunity":433.6,"population":13}},{"type":"Feature","id":1187,"geometry":{"type":"Polygon","coordinates":[[[17.81364,59.39754],[17.81619,59.39824],[17.81873,59.39766],[17.81875,59.39642],[17.8162,59.39571],[17.81365,59.39629],[17.81364,59.39754]]]},"properties":{"zone":3,"cell_type":"total isolation","proximity":474.9,"opportunity":2122.4,"population":291}},{"type":"Feature","id":1188,"geometry":{"type":"Polygon","coordinates":[[[17.86403,59.3483],[17.86578,59.34878],[17.86745,59.3484],[17.86745,59.34769],[17.86571,59.3472],[17.86404,59.34759],[17.86403,59.3483]]]},"properties":{"zone":3,"cell_type":"total isolation","proximity":1109.2,"opportunity":808.2,"population":51}},{"type":"Feature","id":1189,"geometry":{"type":"Polygon","coordinates":[[[17.97339,59.2768],[17.9758,59.27747],[17.97819,59.27692],[17.9782,59.27576],[17.97579,59.27509],[17.97341,59.27564],[17.97339,59.2768]]]},"properties":{"zone":3,"cell_type":"total isolation","proximity":1613.8,"opportunity":6999.4,"population":217}},{"type":"Feature","id":1190,"geometry":{"type":"Polygon","coordinates":[[[17.96403,59.35298],[17.96638,59.35363],[17.96871,59.3531],[17.96873,59.35198],[17.96637,59.35133],[17.96404,59.35187],[17.96403,59.35298]]]},"properties":{"zone":3,"cell_type":"total isolation","proximity":1770,"opportunity":7127.2,"population":191}},{"type":"Feature","id":1191,"geometry":{"type":"Polygon","coordinates":[[[18.09632,59.29496],[18.09919,59.29575],[18.10207,59.29508],[18.10208,59.29363],[18.09921,59.29284],[18.09634,59.2935],[18.09632,59.29496]]]},"properties":{"zone":0,"cell_type":"inclusion","proximity":3599.7,"opportunity":11731.4,"population":1011}},{"type":"Feature","id":1192,"geometry":{"type":"Polygon","coordinates":[[[18.0304,59.29128],[18.03312,59.29203],[18.03584,59.29141],[18.03585,59.29005],[18.03313,59.2893],[18.03042,59.28993],[18.0304,59.29128]]]},"properties":{"zone":1,"cell_type":"spatial isolation","proximity":3105.3,"opportunity":9290.6,"population":418}},{"type":"Feature","id":1193,"geometry":{"type":"Polygon","coordinates":[[[18.13184,59.33024],[18.13347,59.33069],[18.13502,59.33033],[18.13503,59.32969],[18.1334,59.32924],[18.13185,59.3296],[18.13184,59.33024]]]},"properties":{"zone":3,"cell_type":"total isolation","proximity":2504.5,"opportunity":6815.1,"population":41}},{"type":"Feature","id":1194,"geometry":{"type":"Polygon","coordinates":[[[17.95242,59.33101],[17.9551,59.33175],[17.95778,59.33114],[17.95779,59.32981],[17.95511,59.32906],[17.95243,59.32968],[17.95242,59.33101]]]},"properties":{"zone":3,"cell_type":"total isolation","proximity":2135.9,"opportunity":8647.9,"population":386}},{"type":"Feature","id":1195,"geometry":{"type":"Polygon","coordinates":[[[17.92695,59.32813],[17.92926,59.32877],[17.93155,59.32824],[17.93156,59.32715],[17.92925,59.32651],[17.92696,59.32703],[17.92695,59.32813]]]},"properties":{"zone":3,"cell_type":"total isolation","proximity":1456.4,"opportunity":6511,"population":176}},{"type":"Feature","id":1196,"geometry":{"type":"Polygon","coordinates":[[[18.10131,59.27477],[18.1023,59.27504],[18.10315,59.27484],[18.10315,59.27462],[18.10217,59.27435],[18.10131,59.27455],[18.10131,59.27477]]]},"properties":{"zone":3,"cell_type":"total isolation","proximity":2601.7,"opportunity":7924.4,"population":10}},{"type":"Feature","id":1197,"geometry":{"type":"Polygon","coordinates":[[[17.99849,59.30591],[18.00136,59.30671],[18.00424,59.30604],[18.00425,59.30459],[18.00138,59.30379],[17.9985,59.30446],[17.99849,59.30591]]]},"properties":{"zone":0,"cell_type":"inclusion","proximity":3528.7,"opportunity":11969.8,"population":860}},{"type":"Feature","id":1198,"geometry":{"type":"Polygon","coordinates":[[[18.03,59.31753],[18.03287,59.31832],[18.03575,59.31766],[18.03577,59.3162],[18.0329,59.31541],[18.03002,59.31608],[18.03,59.31753]]]},"properties":{"zone":0,"cell_type":"inclusion","proximity":5143.8,"opportunity":14557.7,"population":1978}},{"type":"Feature","id":1199,"geometry":{"type":"Polygon","coordinates":[[[18.10562,59.25353],[18.10815,59.25422],[18.11067,59.25364],[18.11068,59.2524],[18.10815,59.2517],[18.10563,59.25229],[18.10562,59.25353]]]},"properties":{"zone":3,"cell_type":"total isolation","proximity":1573.5,"opportunity":6132.3,"population":283}},{"type":"Feature","id":1200,"geometry":{"type":"Polygon","coordinates":[[[18.11973,59.28661],[18.12226,59.28731],[18.12479,59.28672],[18.1248,59.28549],[18.12226,59.28479],[18.11974,59.28537],[18.11973,59.28661]]]},"properties":{"zone":3,"cell_type":"total isolation","proximity":2289.1,"opportunity":7884.4,"population":284}},{"type":"Feature","id":1201,"geometry":{"type":"Polygon","coordinates":[[[17.8341,59.36101],[17.83681,59.36176],[17.83952,59.36114],[17.83954,59.35979],[17.83683,59.35904],[17.83412,59.35966],[17.8341,59.36101]]]},"properties":{"zone":3,"cell_type":"total isolation","proximity":915.4,"opportunity":6203.3,"population":412}},{"type":"Feature","id":1202,"geometry":{"type":"Polygon","coordinates":[[[17.93008,59.35638],[17.93185,59.35687],[17.93354,59.35648],[17.93355,59.35575],[17.93178,59.35526],[17.93009,59.35565],[17.93008,59.35638]]]},"properties":{"zone":3,"cell_type":"total isolation","proximity":1265.9,"opportunity":3938,"population":54}},{"type":"Feature","id":1203,"geometry":{"type":"Polygon","coordinates":[[[18.06747,59.30744],[18.07034,59.30823],[18.07322,59.30756],[18.07323,59.30611],[18.07036,59.30532],[18.06748,59.30598],[18.06747,59.30744]]]},"properties":{"zone":0,"cell_type":"inclusion","proximity":5174,"opportunity":14182.7,"population":1471}},{"type":"Feature","id":1204,"geometry":{"type":"Polygon","coordinates":[[[17.85121,59.37884],[17.85385,59.37957],[17.85649,59.37896],[17.8565,59.37766],[17.85386,59.37693],[17.85122,59.37753],[17.85121,59.37884]]]},"properties":{"zone":3,"cell_type":"total isolation","proximity":1214,"opportunity":4907.5,"population":354}},{"type":"Feature","id":1205,"geometry":{"type":"Polygon","coordinates":[[[17.99895,59.32754],[18.00117,59.32815],[18.00335,59.32765],[18.00336,59.32662],[18.00114,59.32601],[17.99896,59.32651],[17.99895,59.32754]]]},"properties":{"zone":0,"cell_type":"inclusion","proximity":3925.5,"opportunity":10430.1,"population":143}},{"type":"Feature","id":1206,"geometry":{"type":"Polygon","coordinates":[[[18.10572,59.23605],[18.10829,59.23675],[18.11084,59.23616],[18.11085,59.2349],[18.10829,59.23419],[18.10573,59.23479],[18.10572,59.23605]]]},"properties":{"zone":3,"cell_type":"total isolation","proximity":888.7,"opportunity":7542.3,"population":303}},{"type":"Feature","id":1207,"geometry":{"type":"Polygon","coordinates":[[[17.85202,59.36122],[17.85409,59.36179],[17.85613,59.36133],[17.85614,59.3604],[17.85406,59.35982],[17.85203,59.36028],[17.85202,59.36122]]]},"properties":{"zone":3,"cell_type":"total isolation","proximity":1142.7,"opportunity":3885.2,"population":106}},{"type":"Feature","id":1208,"geometry":{"type":"Polygon","coordinates":[[[18.05956,59.25692],[18.06216,59.25764],[18.06476,59.25704],[18.06477,59.25576],[18.06217,59.25504],[18.05957,59.25564],[18.05956,59.25692]]]},"properties":{"zone":3,"cell_type":"total isolation","proximity":1605.5,"opportunity":631.2,"population":330}},{"type":"Feature","id":1209,"geometry":{"type":"Polygon","coordinates":[[[18.11147,59.32335],[18.11338,59.32387],[18.11523,59.32344],[18.11523,59.32262],[18.11333,59.3221],[18.11148,59.32252],[18.11147,59.32335]]]},"properties":{"zone":1,"cell_type":"spatial isolation","proximity":3416.9,"opportunity":9194.5,"population":73}},{"type":"Feature","id":1210,"geometry":{"type":"Polygon","coordinates":[[[18.08209,59.35774],[18.08432,59.35835],[18.08652,59.35784],[18.08652,59.35681],[18.08429,59.3562],[18.0821,59.3567],[18.08209,59.35774]]]},"properties":{"zone":1,"cell_type":"spatial isolation","proximity":3504.3,"opportunity":8572.8,"population":146}},{"type":"Feature","id":1211,"geometry":{"type":"Polygon","coordinates":[[[17.95149,59.40084],[17.95434,59.40163],[17.95721,59.40097],[17.95722,59.39953],[17.95437,59.39874],[17.9515,59.3994],[17.95149,59.40084]]]},"properties":{"zone":3,"cell_type":"total isolation","proximity":845,"opportunity":5346,"population":558}},{"type":"Feature","id":1212,"geometry":{"type":"Polygon","coordinates":[[[18.03351,59.30652],[18.03587,59.30717],[18.0382,59.30663],[18.03821,59.30551],[18.03585,59.30486],[18.03352,59.3054],[18.03351,59.30652]]]},"properties":{"zone":0,"cell_type":"inclusion","proximity":4445.2,"opportunity":10578.1,"population":194}},{"type":"Feature","id":1213,"geometry":{"type":"Polygon","coordinates":[[[17.89724,59.3886],[17.89979,59.3893],[17.90233,59.38872],[17.90234,59.38748],[17.89979,59.38677],[17.89725,59.38735],[17.89724,59.3886]]]},"properties":{"zone":3,"cell_type":"total isolation","proximity":1237,"opportunity":7647.6,"population":290}},{"type":"Feature","id":1214,"geometry":{"type":"Polygon","coordinates":[[[17.87499,59.34873],[17.87726,59.34936],[17.87949,59.34885],[17.87951,59.34779],[17.87724,59.34716],[17.875,59.34767],[17.87499,59.34873]]]},"properties":{"zone":3,"cell_type":"total isolation","proximity":1327.2,"opportunity":7310.3,"population":159}},{"type":"Feature","id":1215,"geometry":{"type":"Polygon","coordinates":[[[17.93525,59.3306],[17.93785,59.33132],[17.94045,59.33072],[17.94047,59.32944],[17.93786,59.32872],[17.93526,59.32931],[17.93525,59.3306]]]},"properties":{"zone":3,"cell_type":"total isolation","proximity":1759,"opportunity":7238.9,"population":331}},{"type":"Feature","id":1216,"geometry":{"type":"Polygon","coordinates":[[[17.97589,59.28787],[17.97855,59.2886],[17.98122,59.28799],[17.98123,59.28667],[17.97857,59.28593],[17.9759,59.28654],[17.97589,59.28787]]]},"properties":{"zone":3,"cell_type":"total isolation","proximity":2313.7,"opportunity":8123.5,"population":376}},{"type":"Feature","id":1217,"geometry":{"type":"Polygon","coordinates":[[[18.08241,59.26182],[18.0851,59.26256],[18.08779,59.26194],[18.0878,59.2606],[18.08511,59.25986],[18.08242,59.26048],[18.08241,59.26182]]]},"properties":{"zone":3,"cell_type":"total isolation","proximity":2348.9,"opportunity":8709.8,"population":395}},{"type":"Feature","id":1218,"geometry":{"type":"Polygon","coordinates":[[[18.05974,59.28302],[18.06195,59.28363],[18.06413,59.28313],[18.06414,59.2821],[18.06192,59.28149],[18.05975,59.28199],[18.05974,59.28302]]]},"properties":{"zone":0,"cell_type":"inclusion","proximity":3242.4,"opportunity":9456.7,"population":142}},{"type":"Feature","id":1219,"geometry":{"type":"Polygon","coordinates":[[[18.04459,59.29091],[18.04471,59.29094],[18.04471,59.29094],[18.04459,59.29091]]]},"properties":{"zone":0,"cell_type":"inclusion","proximity":3101.7,"opportunity":9639.7,"population":1}},{"type":"Feature","id":1220,"geometry":{"type":"Polygon","coordinates":[[[17.88616,59.36214],[17.88859,59.36281],[17.89102,59.36226],[17.89103,59.36109],[17.88859,59.36041],[17.88617,59.36097],[17.88616,59.36214]]]},"properties":{"zone":3,"cell_type":"total isolation","proximity":1453.3,"opportunity":5068.8,"population":229}},{"type":"Feature","id":1221,"geometry":{"type":"Polygon","coordinates":[[[17.79969,59.38187],[17.80202,59.38251],[17.80432,59.38199],[17.80433,59.3809],[17.80201,59.38025],[17.79971,59.38078],[17.79969,59.38187]]]},"properties":{"zone":3,"cell_type":"total isolation","proximity":668,"opportunity":3811.1,"population":179}},{"type":"Feature","id":1222,"geometry":{"type":"Polygon","coordinates":[[[18.07652,59.25738],[18.07939,59.25817],[18.08226,59.25751],[18.08228,59.25605],[18.07941,59.25526],[18.07653,59.25592],[18.07652,59.25738]]]},"properties":{"zone":3,"cell_type":"total isolation","proximity":2231.5,"opportunity":9008.7,"population":671}},{"type":"Feature","id":1223,"geometry":{"type":"Polygon","coordinates":[[[17.95005,59.29816],[17.95258,59.29886],[17.95511,59.29828],[17.95512,59.29704],[17.95259,59.29634],[17.95006,59.29692],[17.95005,59.29816]]]},"properties":{"zone":3,"cell_type":"total isolation","proximity":1816.4,"opportunity":8211.9,"population":284}},{"type":"Feature","id":1224,"geometry":{"type":"Polygon","coordinates":[[[17.98386,59.33396],[17.9867,59.33474],[17.98955,59.33408],[17.98956,59.33265],[17.98673,59.33187],[17.98388,59.33252],[17.98386,59.33396]]]},"properties":{"zone":2,"cell_type":"social isolation","proximity":2851.7,"opportunity":9752.7,"population":540}},{"type":"Feature","id":1225,"geometry":{"type":"Polygon","coordinates":[[[17.93763,59.34746],[17.93775,59.34749],[17.93775,59.34749],[17.93763,59.34746]]]},"properties":{"zone":3,"cell_type":"total isolation","proximity":1466.3,"opportunity":5148.7,"population":1}},{"type":"Feature","id":1226,"geometry":{"type":"Polygon","coordinates":[[[17.94917,59.35933],[17.95191,59.36008],[17.95467,59.35945],[17.95469,59.35808],[17.95194,59.35732],[17.94918,59.35795],[17.94917,59.35933]]]},"properties":{"zone":3,"cell_type":"total isolation","proximity":1668.5,"opportunity":6080.4,"population":448}},{"type":"Feature","id":1227,"geometry":{"type":"Polygon","coordinates":[[[18.04315,59.2563],[18.04497,59.2568],[18.04672,59.25639],[18.04673,59.25563],[18.04491,59.25512],[18.04316,59.25553],[18.04315,59.2563]]]},"properties":{"zone":3,"cell_type":"total isolation","proximity":1852.8,"opportunity":6019.9,"population":61}},{"type":"Feature","id":1228,"geometry":{"type":"Polygon","coordinates":[[[18.11175,59.24481],[18.11398,59.24542],[18.11616,59.24491],[18.11617,59.24388],[18.11395,59.24326],[18.11176,59.24377],[18.11175,59.24481]]]},"properties":{"zone":3,"cell_type":"total isolation","proximity":1173,"opportunity":4598.6,"population":146}},{"type":"Feature","id":1229,"geometry":{"type":"Polygon","coordinates":[[[17.90959,59.36254],[17.91162,59.36311],[17.91361,59.36265],[17.91362,59.36174],[17.91158,59.36118],[17.9096,59.36164],[17.90959,59.36254]]]},"properties":{"zone":3,"cell_type":"total isolation","proximity":1547,"opportunity":4584.9,"population":97}},{"type":"Feature","id":1230,"geometry":{"type":"Polygon","coordinates":[[[17.91964,59.41537],[17.9225,59.41615],[17.92537,59.4155],[17.92539,59.41405],[17.92253,59.41327],[17.91966,59.41392],[17.91964,59.41537]]]},"properties":{"zone":3,"cell_type":"total isolation","proximity":725.6,"opportunity":6829.8,"population":561}},{"type":"Feature","id":1231,"geometry":{"type":"Polygon","coordinates":[[[18.14678,59.26282],[18.14834,59.26325],[18.14981,59.26291],[18.14981,59.26231],[18.14825,59.26188],[18.14679,59.26222],[18.14678,59.26282]]]},"properties":{"zone":3,"cell_type":"total isolation","proximity":1147.7,"opportunity":5784.4,"population":35}},{"type":"Feature","id":1232,"geometry":{"type":"Polygon","coordinates":[[[17.92962,59.29562],[17.93248,59.29642],[17.93536,59.29575],[17.93538,59.2943],[17.93251,59.2935],[17.92963,59.29417],[17.92962,59.29562]]]},"properties":{"zone":2,"cell_type":"social isolation","proximity":1388.9,"opportunity":9474.5,"population":718}},{"type":"Feature","id":1233,"geometry":{"type":"Polygon","coordinates":[[[17.97921,59.2682],[17.98164,59.26887],[17.98405,59.26831],[17.98406,59.26714],[17.98163,59.26647],[17.97922,59.26703],[17.97921,59.2682]]]},"properties":{"zone":3,"cell_type":"total isolation","proximity":1381.3,"opportunity":5723.3,"population":227}},{"type":"Feature","id":1234,"geometry":{"type":"Polygon","coordinates":[[[18.05273,59.34859],[18.0556,59.34938],[18.05848,59.34871],[18.0585,59.34726],[18.05563,59.34647],[18.05274,59.34713],[18.05273,59.34859]]]},"properties":{"zone":0,"cell_type":"inclusion","proximity":5754.3,"opportunity":12274.6,"population":925}},{"type":"Feature","id":1235,"geometry":{"type":"Polygon","coordinates":[[[17.8514,59.36575],[17.85401,59.36647],[17.85662,59.36587],[17.85664,59.36459],[17.85403,59.36387],[17.85142,59.36446],[17.8514,59.36575]]]},"properties":{"zone":3,"cell_type":"total isolation","proximity":1283.3,"opportunity":6218.4,"population":334}},{"type":"Feature","id":1236,"geometry":{"type":"Polygon","coordinates":[[[18.12594,59.26043],[18.12822,59.26106],[18.13046,59.26054],[18.13047,59.25947],[18.12819,59.25884],[18.12595,59.25936],[18.12594,59.26043]]]},"properties":{"zone":3,"cell_type":"total isolation","proximity":1404.1,"opportunity":5827.9,"population":163}},{"type":"Feature","id":1237,"geometry":{"type":"Polygon","coordinates":[[[17.99857,59.30154],[18.0014,59.30232],[18.00424,59.30166],[18.00425,59.30023],[18.00143,59.29945],[17.99859,59.30011],[17.99857,59.30154]]]},"properties":{"zone":0,"cell_type":"inclusion","proximity":3358.8,"opportunity":10485.2,"population":532}},{"type":"Feature","id":1238,"geometry":{"type":"Polygon","coordinates":[[[17.93041,59.29973],[17.93247,59.3003],[17.93448,59.29984],[17.93449,59.29892],[17.93243,59.29835],[17.93042,59.29881],[17.93041,59.29973]]]},"properties":{"zone":3,"cell_type":"total isolation","proximity":1352,"opportunity":6670.3,"population":102}},{"type":"Feature","id":1239,"geometry":{"type":"Polygon","coordinates":[[[18.08003,59.32478],[18.08174,59.32526],[18.08338,59.32488],[18.08338,59.32418],[18.08167,59.32371],[18.08003,59.32409],[18.08003,59.32478]]]},"properties":{"zone":0,"cell_type":"inclusion","proximity":4982.4,"opportunity":11901.2,"population":48}},{"type":"Feature","id":1240,"geometry":{"type":"Polygon","coordinates":[[[17.93474,59.36988],[17.93741,59.37061],[17.94009,59.37],[17.9401,59.36868],[17.93743,59.36794],[17.93476,59.36855],[17.93474,59.36988]]]},"properties":{"zone":3,"cell_type":"total isolation","proximity":1202.1,"opportunity":4008.6,"population":380}},{"type":"Feature","id":1241,"geometry":{"type":"Polygon","coordinates":[[[18.02756,59.27161],[18.03042,59.2724],[18.0333,59.27173],[18.03332,59.27028],[18.03045,59.26949],[18.02757,59.27015],[18.02756,59.27161]]]},"properties":{"zone":3,"cell_type":"total isolation","proximity":2290.7,"opportunity":7298.1,"population":650}},{"type":"Feature","id":1242,"geometry":{"type":"Polygon","coordinates":[[[18.00752,59.27332],[18.0103,59.27409],[18.01309,59.27345],[18.0131,59.27204],[18.01032,59.27127],[18.00753,59.27192],[18.00752,59.27332]]]},"properties":{"zone":3,"cell_type":"total isolation","proximity":2083,"opportunity":9306,"population":484}},{"type":"Feature","id":1243,"geometry":{"type":"Polygon","coordinates":[[[18.07376,59.2769],[18.07636,59.27762],[18.07895,59.27702],[18.07896,59.27574],[18.07636,59.27502],[18.07377,59.27562],[18.07376,59.2769]]]},"properties":{"zone":0,"cell_type":"inclusion","proximity":2892.4,"opportunity":9500.7,"population":323}},{"type":"Feature","id":1244,"geometry":{"type":"Polygon","coordinates":[[[18.09884,59.34521],[18.10167,59.34599],[18.1045,59.34533],[18.10451,59.34391],[18.10169,59.34313],[18.09885,59.34379],[18.09884,59.34521]]]},"properties":{"zone":0,"cell_type":"inclusion","proximity":4128.7,"opportunity":11304.4,"population":524}},{"type":"Feature","id":1245,"geometry":{"type":"Polygon","coordinates":[[[17.92646,59.3674],[17.92882,59.36805],[17.93116,59.36752],[17.93117,59.3664],[17.92881,59.36575],[17.92647,59.36628],[17.92646,59.3674]]]},"properties":{"zone":3,"cell_type":"total isolation","proximity":1518.6,"opportunity":4998.8,"population":194}},{"type":"Feature","id":1246,"geometry":{"type":"Polygon","coordinates":[[[17.82265,59.39112],[17.82492,59.39174],[17.82716,59.39123],[17.82717,59.39018],[17.8249,59.38955],[17.82267,59.39006],[17.82265,59.39112]]]},"properties":{"zone":3,"cell_type":"total isolation","proximity":647.9,"opportunity":2616.1,"population":158}},{"type":"Feature","id":1247,"geometry":{"type":"Polygon","coordinates":[[[17.90025,59.36908],[17.90289,59.36981],[17.90553,59.3692],[17.90555,59.3679],[17.9029,59.36716],[17.90026,59.36777],[17.90025,59.36908]]]},"properties":{"zone":3,"cell_type":"total isolation","proximity":1554.9,"opportunity":6474.6,"population":357}},{"type":"Feature","id":1248,"geometry":{"type":"Polygon","coordinates":[[[18.06181,59.29857],[18.06467,59.29936],[18.06754,59.2987],[18.06755,59.29725],[18.06469,59.29646],[18.06182,59.29712],[18.06181,59.29857]]]},"properties":{"zone":0,"cell_type":"inclusion","proximity":4198.1,"opportunity":12184.4,"population":567}},{"type":"Feature","id":1249,"geometry":{"type":"Polygon","coordinates":[[[18.00188,59.26445],[18.00464,59.26521],[18.00741,59.26457],[18.00743,59.26318],[18.00466,59.26242],[18.00189,59.26306],[18.00188,59.26445]]]},"properties":{"zone":3,"cell_type":"total isolation","proximity":1532.3,"opportunity":7317.8,"population":467}},{"type":"Feature","id":1250,"geometry":{"type":"Polygon","coordinates":[[[17.90105,59.34276],[17.90322,59.34336],[17.90535,59.34287],[17.90536,59.34187],[17.90319,59.34128],[17.90106,59.34176],[17.90105,59.34276]]]},"properties":{"zone":3,"cell_type":"total isolation","proximity":1483.2,"opportunity":8635.7,"population":128}},{"type":"Feature","id":1251,"geometry":{"type":"Polygon","coordinates":[[[18.13623,59.33656],[18.13635,59.33659],[18.13635,59.33659],[18.13623,59.33656]]]},"properties":{"zone":3,"cell_type":"total isolation","proximity":2254.2,"opportunity":4826.6,"population":1}},{"type":"Feature","id":1252,"geometry":{"type":"Polygon","coordinates":[[[18.04122,59.34833],[18.04409,59.34912],[18.04698,59.34846],[18.04699,59.34701],[18.04412,59.34622],[18.04124,59.34688],[18.04122,59.34833]]]},"properties":{"zone":0,"cell_type":"inclusion","proximity":5540.4,"opportunity":13359.7,"population":1586}},{"type":"Feature","id":1253,"geometry":{"type":"Polygon","coordinates":[[[17.94081,59.33513],[17.94355,59.33589],[17.9463,59.33526],[17.94631,59.33389],[17.94357,59.33313],[17.94082,59.33376],[17.94081,59.33513]]]},"properties":{"zone":3,"cell_type":"total isolation","proximity":1931.4,"opportunity":8935.2,"population":441}},{"type":"Feature","id":1254,"geometry":{"type":"Polygon","coordinates":[[[17.9354,59.32185],[17.93795,59.32255],[17.94049,59.32197],[17.94051,59.32073],[17.93796,59.32002],[17.93542,59.3206],[17.9354,59.32185]]]},"properties":{"zone":3,"cell_type":"total isolation","proximity":1319.1,"opportunity":5722.2,"population":292}},{"type":"Feature","id":1255,"geometry":{"type":"Polygon","coordinates":[[[18.14941,59.33051],[18.15074,59.33088],[18.15197,59.33059],[18.15198,59.33015],[18.15064,59.32978],[18.14941,59.33006],[18.14941,59.33051]]]},"properties":{"zone":3,"cell_type":"total isolation","proximity":1715.1,"opportunity":3633.9,"population":21}},{"type":"Feature","id":1256,"geometry":{"type":"Polygon","coordinates":[[[18.05049,59.37226],[18.05254,59.37282],[18.05455,59.37236],[18.05456,59.37144],[18.0525,59.37088],[18.0505,59.37134],[18.05049,59.37226]]]},"properties":{"zone":3,"cell_type":"total isolation","proximity":2291.4,"opportunity":8836.7,"population":100}},{"type":"Feature","id":1257,"geometry":{"type":"Polygon","coordinates":[[[18.10782,59.29521],[18.11069,59.296],[18.11357,59.29533],[18.11358,59.29387],[18.11071,59.29308],[18.10783,59.29375],[18.10782,59.29521]]]},"properties":{"zone":0,"cell_type":"inclusion","proximity":3049.5,"opportunity":11663.8,"population":850}},{"type":"Feature","id":1258,"geometry":{"type":"Polygon","coordinates":[[[17.89108,59.39727],[17.89391,59.39805],[17.89676,59.3974],[17.89678,59.39597],[17.89394,59.39519],[17.89109,59.39584],[17.89108,59.39727]]]},"properties":{"zone":3,"cell_type":"total isolation","proximity":1003,"opportunity":6496.6,"population":537}},{"type":"Feature","id":1259,"geometry":{"type":"Polygon","coordinates":[[[18.0559,59.31592],[18.05876,59.31671],[18.06165,59.31604],[18.06166,59.31459],[18.05879,59.3138],[18.05591,59.31446],[18.0559,59.31592]]]},"properties":{"zone":0,"cell_type":"inclusion","proximity":5648.1,"opportunity":14286,"population":1557}},{"type":"Feature","id":1260,"geometry":{"type":"Polygon","coordinates":[[[17.98496,59.31622],[17.98691,59.31676],[17.98881,59.31632],[17.98882,59.31547],[17.98687,59.31493],[17.98497,59.31537],[17.98496,59.31622]]]},"properties":{"zone":1,"cell_type":"spatial isolation","proximity":2944.2,"opportunity":6957.1,"population":80}},{"type":"Feature","id":1261,"geometry":{"type":"Polygon","coordinates":[[[18.09081,59.32525],[18.09321,59.32592],[18.0956,59.32537],[18.09561,59.32421],[18.0932,59.32355],[18.09082,59.3241],[18.09081,59.32525]]]},"properties":{"zone":0,"cell_type":"inclusion","proximity":4828.6,"opportunity":10232.9,"population":214}},{"type":"Feature","id":1262,"geometry":{"type":"Polygon","coordinates":[[[18.11139,59.24055],[18.114,59.24127],[18.11659,59.24067],[18.1166,59.23938],[18.114,59.23867],[18.1114,59.23927],[18.11139,59.24055]]]},"properties":{"zone":3,"cell_type":"total isolation","proximity":999.2,"opportunity":6078.4,"population":331}},{"type":"Feature","id":1263,"geometry":{"type":"Polygon","coordinates":[[[18.08846,59.36203],[18.09007,59.36247],[18.09159,59.36212],[18.09159,59.3615],[18.08999,59.36105],[18.08847,59.3614],[18.08846,59.36203]]]},"properties":{"zone":3,"cell_type":"total isolation","proximity":2816.9,"opportunity":8416,"population":38}},{"type":"Feature","id":1264,"geometry":{"type":"Polygon","coordinates":[[[17.93742,59.38955],[17.94007,59.39029],[17.94273,59.38968],[17.94275,59.38837],[17.94009,59.38763],[17.93743,59.38824],[17.93742,59.38955]]]},"properties":{"zone":3,"cell_type":"total isolation","proximity":1032.6,"opportunity":5826.4,"population":367}},{"type":"Feature","id":1265,"geometry":{"type":"Polygon","coordinates":[[[17.99851,59.31026],[18.00132,59.31104],[18.00413,59.31039],[18.00415,59.30897],[18.00134,59.3082],[17.99852,59.30885],[17.99851,59.31026]]]},"properties":{"zone":0,"cell_type":"inclusion","proximity":3368.4,"opportunity":9884.6,"population":510}},{"type":"Feature","id":1266,"geometry":{"type":"Polygon","coordinates":[[[17.88532,59.39713],[17.88816,59.39792],[17.891,59.39727],[17.89102,59.39584],[17.88819,59.39506],[17.88534,59.39571],[17.88532,59.39713]]]},"properties":{"zone":3,"cell_type":"total isolation","proximity":1004.3,"opportunity":8404.6,"population":534}},{"type":"Feature","id":1267,"geometry":{"type":"Polygon","coordinates":[[[17.88378,59.34236],[17.88597,59.34297],[17.88811,59.34248],[17.88813,59.34147],[17.88594,59.34086],[17.88379,59.34136],[17.88378,59.34236]]]},"properties":{"zone":3,"cell_type":"total isolation","proximity":1222.2,"opportunity":6432.7,"population":134}},{"type":"Feature","id":1268,"geometry":{"type":"Polygon","coordinates":[[[18.01573,59.3063],[18.0186,59.30709],[18.02148,59.30643],[18.0215,59.30497],[18.01863,59.30418],[18.01575,59.30484],[18.01573,59.3063]]]},"properties":{"zone":0,"cell_type":"inclusion","proximity":4205,"opportunity":10939.8,"population":794}},{"type":"Feature","id":1269,"geometry":{"type":"Polygon","coordinates":[[[18.11423,59.26897],[18.11666,59.26964],[18.11906,59.26908],[18.11906,59.26792],[18.11664,59.26725],[18.11424,59.26781],[18.11423,59.26897]]]},"properties":{"zone":3,"cell_type":"total isolation","proximity":2011.7,"opportunity":6146,"population":222}},{"type":"Feature","id":1270,"geometry":{"type":"Polygon","coordinates":[[[17.92386,59.339],[17.92626,59.33966],[17.92865,59.33911],[17.92866,59.33797],[17.92626,59.3373],[17.92387,59.33785],[17.92386,59.339]]]},"properties":{"zone":3,"cell_type":"total isolation","proximity":1675.7,"opportunity":8720.5,"population":214}},{"type":"Feature","id":1271,"geometry":{"type":"Polygon","coordinates":[[[18.04479,59.27199],[18.04766,59.27278],[18.05054,59.27211],[18.05055,59.27066],[18.04768,59.26987],[18.04481,59.27053],[18.04479,59.27199]]]},"properties":{"zone":3,"cell_type":"total isolation","proximity":2432.6,"opportunity":8937.9,"population":601}},{"type":"Feature","id":1272,"geometry":{"type":"Polygon","coordinates":[[[18.0476,59.29603],[18.05032,59.29679],[18.05305,59.29616],[18.05306,59.29479],[18.05034,59.29404],[18.04761,59.29467],[18.0476,59.29603]]]},"properties":{"zone":0,"cell_type":"inclusion","proximity":3766.7,"opportunity":11773,"population":426}},{"type":"Feature","id":1273,"geometry":{"type":"Polygon","coordinates":[[[18.08179,59.3143],[18.08466,59.31509],[18.08754,59.31442],[18.08755,59.31297],[18.08468,59.31218],[18.0818,59.31284],[18.08179,59.3143]]]},"properties":{"zone":0,"cell_type":"inclusion","proximity":5312,"opportunity":13512.5,"population":1585}},{"type":"Feature","id":1274,"geometry":{"type":"Polygon","coordinates":[[[17.97245,59.32497],[17.97529,59.32575],[17.97814,59.3251],[17.97815,59.32366],[17.97532,59.32288],[17.97247,59.32353],[17.97245,59.32497]]]},"properties":{"zone":3,"cell_type":"total isolation","proximity":2435,"opportunity":9287.1,"population":541}},{"type":"Feature","id":1275,"geometry":{"type":"Polygon","coordinates":[[[18.1337,59.34149],[18.13623,59.34219],[18.13876,59.34161],[18.13877,59.34037],[18.13623,59.33968],[18.13371,59.34026],[18.1337,59.34149]]]},"properties":{"zone":3,"cell_type":"total isolation","proximity":1716.9,"opportunity":16.2,"population":282}},{"type":"Feature","id":1276,"geometry":{"type":"Polygon","coordinates":[[[17.84533,59.37005],[17.84819,59.37085],[17.85108,59.37019],[17.8511,59.36873],[17.84823,59.36794],[17.84535,59.3686],[17.84533,59.37005]]]},"properties":{"zone":3,"cell_type":"total isolation","proximity":1218,"opportunity":6328,"population":599}},{"type":"Feature","id":1277,"geometry":{"type":"Polygon","coordinates":[[[17.80498,59.38649],[17.80769,59.38724],[17.81041,59.38662],[17.81043,59.38527],[17.80772,59.38452],[17.805,59.38514],[17.80498,59.38649]]]},"properties":{"zone":3,"cell_type":"total isolation","proximity":655.7,"opportunity":2719.3,"population":412}},{"type":"Feature","id":1278,"geometry":{"type":"Polygon","coordinates":[[[18.06529,59.26577],[18.06784,59.26648],[18.07037,59.26589],[18.07038,59.26464],[18.06783,59.26394],[18.0653,59.26452],[18.06529,59.26577]]]},"properties":{"zone":3,"cell_type":"total isolation","proximity":2338.7,"opportunity":7662.6,"population":293}},{"type":"Feature","id":1279,"geometry":{"type":"Polygon","coordinates":[[[17.99051,59.33816],[17.99244,59.3387],[17.99432,59.33827],[17.99433,59.33743],[17.99239,59.33689],[17.99052,59.33732],[17.99051,59.33816]]]},"properties":{"zone":3,"cell_type":"total isolation","proximity":2658.9,"opportunity":9115.8,"population":77}},{"type":"Feature","id":1280,"geometry":{"type":"Polygon","coordinates":[[[17.82237,59.37384],[17.82513,59.3746],[17.8279,59.37397],[17.82792,59.37259],[17.82516,59.37182],[17.82239,59.37245],[17.82237,59.37384]]]},"properties":{"zone":3,"cell_type":"total isolation","proximity":873.4,"opportunity":4023.9,"population":458}},{"type":"Feature","id":1281,"geometry":{"type":"Polygon","coordinates":[[[17.90063,59.35158],[17.9031,59.35226],[17.90556,59.3517],[17.90558,59.3505],[17.9031,59.34982],[17.90064,59.35038],[17.90063,59.35158]]]},"properties":{"zone":3,"cell_type":"total isolation","proximity":1648.9,"opportunity":6492.6,"population":248}},{"type":"Feature","id":1282,"geometry":{"type":"Polygon","coordinates":[[[18.07318,59.31193],[18.07605,59.31272],[18.07893,59.31205],[18.07895,59.3106],[18.07608,59.30981],[18.0732,59.31047],[18.07318,59.31193]]]},"properties":{"zone":0,"cell_type":"inclusion","proximity":5714.9,"opportunity":14116.9,"population":1553}},{"type":"Feature","id":1283,"geometry":{"type":"Polygon","coordinates":[[[18.04776,59.26112],[18.05063,59.26192],[18.05351,59.26125],[18.05352,59.25979],[18.05065,59.259],[18.04778,59.25967],[18.04776,59.26112]]]},"properties":{"zone":3,"cell_type":"total isolation","proximity":2066.5,"opportunity":7438.3,"population":674}},{"type":"Feature","id":1284,"geometry":{"type":"Polygon","coordinates":[[[18.10009,59.25334],[18.10242,59.25398],[18.10472,59.25345],[18.10473,59.25234],[18.1024,59.2517],[18.1001,59.25223],[18.10009,59.25334]]]},"properties":{"zone":3,"cell_type":"total isolation","proximity":1680,"opportunity":6083.3,"population":183}},{"type":"Feature","id":1285,"geometry":{"type":"Polygon","coordinates":[[[18.0945,59.27497],[18.09651,59.27552],[18.09847,59.27507],[18.09848,59.27417],[18.09647,59.27362],[18.0945,59.27407],[18.0945,59.27497]]]},"properties":{"zone":2,"cell_type":"social isolation","proximity":2763.6,"opportunity":10485.8,"population":92}},{"type":"Feature","id":1286,"geometry":{"type":"Polygon","coordinates":[[[17.91542,59.28436],[17.91824,59.28515],[17.92108,59.28449],[17.9211,59.28306],[17.91827,59.28228],[17.91543,59.28293],[17.91542,59.28436]]]},"properties":{"zone":3,"cell_type":"total isolation","proximity":904.5,"opportunity":6368.4,"population":533}},{"type":"Feature","id":1287,"geometry":{"type":"Polygon","coordinates":[[[17.96804,59.27655],[17.97007,59.27711],[17.97206,59.27666],[17.97207,59.27575],[17.97003,59.27519],[17.96805,59.27564],[17.96804,59.27655]]]},"properties":{"zone":3,"cell_type":"total isolation","proximity":1580.3,"opportunity":6151.4,"population":97}},{"type":"Feature","id":1288,"geometry":{"type":"Polygon","coordinates":[[[17.97347,59.27242],[17.97585,59.27308],[17.9782,59.27254],[17.97821,59.2714],[17.97584,59.27074],[17.97349,59.27129],[17.97347,59.27242]]]},"properties":{"zone":3,"cell_type":"total isolation","proximity":1526.5,"opportunity":5919.9,"population":202}},{"type":"Feature","id":1289,"geometry":{"type":"Polygon","coordinates":[[[17.86115,59.3591],[17.86277,59.35955],[17.86431,59.35919],[17.86432,59.35856],[17.8627,59.35811],[17.86115,59.35846],[17.86115,59.3591]]]},"properties":{"zone":3,"cell_type":"total isolation","proximity":1259.8,"opportunity":3474.1,"population":40}},{"type":"Feature","id":1290,"geometry":{"type":"Polygon","coordinates":[[[18.05731,59.24577],[18.05941,59.24635],[18.06146,59.24588],[18.06147,59.24492],[18.05937,59.24434],[18.05732,59.24482],[18.05731,59.24577]]]},"properties":{"zone":3,"cell_type":"total isolation","proximity":1376.8,"opportunity":5817.6,"population":111}},{"type":"Feature","id":1291,"geometry":{"type":"Polygon","coordinates":[[[17.90217,59.29457],[17.9038,59.29503],[17.90536,59.29467],[17.90536,59.29403],[17.90373,59.29357],[17.90218,59.29393],[17.90217,59.29457]]]},"properties":{"zone":3,"cell_type":"total isolation","proximity":832.2,"opportunity":108.7,"population":41}},{"type":"Feature","id":1292,"geometry":{"type":"Polygon","coordinates":[[[17.82826,59.36959],[17.83094,59.37033],[17.83363,59.36972],[17.83364,59.36839],[17.83096,59.36764],[17.82828,59.36826],[17.82826,59.36959]]]},"properties":{"zone":3,"cell_type":"total isolation","proximity":947.7,"opportunity":4674.4,"population":387}},{"type":"Feature","id":1293,"geometry":{"type":"Polygon","coordinates":[[[18.13111,59.26509],[18.13391,59.26586],[18.13671,59.26521],[18.13672,59.2638],[18.13393,59.26303],[18.13112,59.26368],[18.13111,59.26509]]]},"properties":{"zone":3,"cell_type":"total isolation","proximity":1463,"opportunity":8760.1,"population":496}},{"type":"Feature","id":1294,"geometry":{"type":"Polygon","coordinates":[[[17.98441,59.29027],[17.98715,59.29103],[17.98989,59.29039],[17.98991,59.28902],[17.98717,59.28826],[17.98442,59.28889],[17.98441,59.29027]]]},"properties":{"zone":3,"cell_type":"total isolation","proximity":2550.3,"opportunity":7789.8,"population":442}},{"type":"Feature","id":1295,"geometry":{"type":"Polygon","coordinates":[[[18.08512,59.32946],[18.08743,59.3301],[18.08971,59.32957],[18.08972,59.32849],[18.08741,59.32785],[18.08513,59.32838],[18.08512,59.32946]]]},"properties":{"zone":0,"cell_type":"inclusion","proximity":4856.7,"opportunity":10150.6,"population":173}},{"type":"Feature","id":1296,"geometry":{"type":"Polygon","coordinates":[[[18.11381,59.29525],[18.11645,59.29598],[18.11907,59.29537],[18.11908,59.29407],[18.11645,59.29335],[18.11382,59.29395],[18.11381,59.29525]]]},"properties":{"zone":3,"cell_type":"total isolation","proximity":2735.8,"opportunity":8034.4,"population":349}},{"type":"Feature","id":1297,"geometry":{"type":"Polygon","coordinates":[[[17.87136,59.37713],[17.87401,59.37787],[17.87667,59.37726],[17.87669,59.37595],[17.87403,59.37521],[17.87137,59.37582],[17.87136,59.37713]]]},"properties":{"zone":3,"cell_type":"total isolation","proximity":1408.6,"opportunity":6689.7,"population":366}},{"type":"Feature","id":1298,"geometry":{"type":"Polygon","coordinates":[[[18.00969,59.33673],[18.01256,59.33752],[18.01544,59.33685],[18.01545,59.3354],[18.01259,59.33461],[18.0097,59.33527],[18.00969,59.33673]]]},"properties":{"zone":0,"cell_type":"inclusion","proximity":4378.5,"opportunity":13042.5,"population":1523}},{"type":"Feature","id":1299,"geometry":{"type":"Polygon","coordinates":[[[17.94338,59.36355],[17.94611,59.36431],[17.94886,59.36368],[17.94887,59.36231],[17.94613,59.36155],[17.94339,59.36218],[17.94338,59.36355]]]},"properties":{"zone":3,"cell_type":"total isolation","proximity":1562.8,"opportunity":4945.8,"population":437}},{"type":"Feature","id":1300,"geometry":{"type":"Polygon","coordinates":[[[17.92848,59.40899],[17.93122,59.40974],[17.93395,59.40912],[17.93397,59.40776],[17.93124,59.407],[17.9285,59.40763],[17.92848,59.40899]]]},"properties":{"zone":3,"cell_type":"total isolation","proximity":917.3,"opportunity":7072.2,"population":429}},{"type":"Feature","id":1301,"geometry":{"type":"Polygon","coordinates":[[[18.0845,59.334],[18.08737,59.33479],[18.09025,59.33413],[18.09027,59.33267],[18.0874,59.33188],[18.08451,59.33255],[18.0845,59.334]]]},"properties":{"zone":0,"cell_type":"inclusion","proximity":5627.1,"opportunity":12127.3,"population":669}},{"type":"Feature","id":1302,"geometry":{"type":"Polygon","coordinates":[[[18.05692,59.37218],[18.05833,59.37257],[18.05963,59.37226],[18.05964,59.37177],[18.05823,59.37138],[18.05692,59.37169],[18.05692,59.37218]]]},"properties":{"zone":3,"cell_type":"total isolation","proximity":2269.2,"opportunity":7803.8,"population":25}},{"type":"Feature","id":1303,"geometry":{"type":"Polygon","coordinates":[[[18.03369,59.27162],[18.03618,59.27231],[18.03867,59.27173],[18.03868,59.27052],[18.03618,59.26983],[18.0337,59.2704],[18.03369,59.27162]]]},"properties":{"zone":3,"cell_type":"total isolation","proximity":2388.3,"opportunity":7389.7,"population":262}},{"type":"Feature","id":1304,"geometry":{"type":"Polygon","coordinates":[[[17.90609,59.37352],[17.9086,59.37422],[17.9111,59.37365],[17.91111,59.37243],[17.9086,59.37174],[17.90611,59.37231],[17.90609,59.37352]]]},"properties":{"zone":3,"cell_type":"total isolation","proximity":1448.1,"opportunity":4871.2,"population":266}},{"type":"Feature","id":1305,"geometry":{"type":"Polygon","coordinates":[[[18.07055,59.29219],[18.07335,59.29296],[18.07616,59.29232],[18.07617,59.2909],[18.07337,59.29013],[18.07056,59.29078],[18.07055,59.29219]]]},"properties":{"zone":0,"cell_type":"inclusion","proximity":3798.2,"opportunity":9657.7,"population":501}},{"type":"Feature","id":1306,"geometry":{"type":"Polygon","coordinates":[[[17.973,59.29869],[17.97557,59.2994],[17.97813,59.29881],[17.97814,59.29755],[17.97558,59.29684],[17.97301,59.29743],[17.973,59.29869]]]},"properties":{"zone":2,"cell_type":"social isolation","proximity":2488.5,"opportunity":10024.2,"population":305}},{"type":"Feature","id":1307,"geometry":{"type":"Polygon","coordinates":[[[17.90157,59.2817],[17.90393,59.28236],[17.90626,59.28182],[17.90628,59.28069],[17.90392,59.28004],[17.90158,59.28058],[17.90157,59.2817]]]},"properties":{"zone":3,"cell_type":"total isolation","proximity":800.3,"opportunity":6507.2,"population":195}},{"type":"Feature","id":1308,"geometry":{"type":"Polygon","coordinates":[[[18.10539,59.32768],[18.10758,59.32828],[18.10973,59.32778],[18.10974,59.32677],[18.10755,59.32617],[18.1054,59.32667],[18.10539,59.32768]]]},"properties":{"zone":1,"cell_type":"spatial isolation","proximity":3887.9,"opportunity":7094.3,"population":134}},{"type":"Feature","id":1309,"geometry":{"type":"Polygon","coordinates":[[[17.9726,59.34233],[17.97512,59.34302],[17.97763,59.34244],[17.97764,59.34122],[17.97512,59.34052],[17.97261,59.3411],[17.9726,59.34233]]]},"properties":{"zone":3,"cell_type":"total isolation","proximity":2316.4,"opportunity":7749.4,"population":275}},{"type":"Feature","id":1310,"geometry":{"type":"Polygon","coordinates":[[[18.09391,59.2795],[18.09645,59.28021],[18.09899,59.27962],[18.099,59.27837],[18.09645,59.27767],[18.09392,59.27826],[18.09391,59.2795]]]},"properties":{"zone":2,"cell_type":"social isolation","proximity":2799.8,"opportunity":10687.9,"population":291}},{"type":"Feature","id":1311,"geometry":{"type":"Polygon","coordinates":[[[18.04713,59.35276],[18.04982,59.3535],[18.0525,59.35289],[18.05251,59.35155],[18.04983,59.35081],[18.04714,59.35143],[18.04713,59.35276]]]},"properties":{"zone":0,"cell_type":"inclusion","proximity":4986.2,"opportunity":10020,"population":389}},{"type":"Feature","id":1312,"geometry":{"type":"Polygon","coordinates":[[[18.02454,59.32602],[18.02705,59.32672],[18.02955,59.32614],[18.02957,59.32492],[18.02705,59.32423],[18.02455,59.3248],[18.02454,59.32602]]]},"properties":{"zone":0,"cell_type":"inclusion","proximity":5062.8,"opportunity":11366.7,"population":270}},{"type":"Feature","id":1313,"geometry":{"type":"Polygon","coordinates":[[[18.16653,59.25681],[18.16847,59.25734],[18.17036,59.25691],[18.17037,59.25605],[18.16842,59.25552],[18.16654,59.25596],[18.16653,59.25681]]]},"properties":{"zone":3,"cell_type":"total isolation","proximity":653.3,"opportunity":5188.4,"population":80}},{"type":"Feature","id":1314,"geometry":{"type":"Polygon","coordinates":[[[17.97265,59.30315],[17.97551,59.30394],[17.97839,59.30328],[17.97841,59.30182],[17.97554,59.30103],[17.97266,59.3017],[17.97265,59.30315]]]},"properties":{"zone":2,"cell_type":"social isolation","proximity":2514.3,"opportunity":9982.3,"population":687}},{"type":"Feature","id":1315,"geometry":{"type":"Polygon","coordinates":[[[17.87391,59.3925],[17.8767,59.39327],[17.8795,59.39263],[17.87952,59.39123],[17.87673,59.39045],[17.87392,59.39109],[17.87391,59.3925]]]},"properties":{"zone":3,"cell_type":"total isolation","proximity":954.7,"opportunity":6625.1,"population":490}},{"type":"Feature","id":1316,"geometry":{"type":"Polygon","coordinates":[[[18.07292,59.34248],[18.07579,59.34327],[18.07868,59.34261],[18.07869,59.34115],[18.07582,59.34036],[18.07294,59.34103],[18.07292,59.34248]]]},"properties":{"zone":0,"cell_type":"inclusion","proximity":6058,"opportunity":13485.4,"population":677}},{"type":"Feature","id":1317,"geometry":{"type":"Polygon","coordinates":[[[17.9933,59.31432],[17.99555,59.31494],[17.99776,59.31443],[17.99777,59.31339],[17.99552,59.31276],[17.99331,59.31327],[17.9933,59.31432]]]},"properties":{"zone":1,"cell_type":"spatial isolation","proximity":3248.5,"opportunity":7683.6,"population":153}},{"type":"Feature","id":1318,"geometry":{"type":"Polygon","coordinates":[[[18.07099,59.26155],[18.07361,59.26227],[18.07623,59.26167],[18.07624,59.26037],[18.07362,59.25965],[18.07101,59.26025],[18.07099,59.26155]]]},"properties":{"zone":3,"cell_type":"total isolation","proximity":2250.2,"opportunity":7793.6,"population":341}},{"type":"Feature","id":1319,"geometry":{"type":"Polygon","coordinates":[[[17.80794,59.37568],[17.81072,59.37645],[17.8135,59.37581],[17.81352,59.37442],[17.81075,59.37365],[17.80796,59.37429],[17.80794,59.37568]]]},"properties":{"zone":3,"cell_type":"total isolation","proximity":742.8,"opportunity":4142.7,"population":474}},{"type":"Feature","id":1320,"geometry":{"type":"Polygon","coordinates":[[[17.99601,59.29049],[17.99864,59.29122],[18.00127,59.29061],[18.00128,59.28931],[17.99865,59.28858],[17.99603,59.28919],[17.99601,59.29049]]]},"properties":{"zone":3,"cell_type":"total isolation","proximity":2841.2,"opportunity":8287.9,"population":349}},{"type":"Feature","id":1321,"geometry":{"type":"Polygon","coordinates":[[[17.87119,59.38152],[17.87396,59.38229],[17.87673,59.38165],[17.87674,59.38027],[17.87398,59.37951],[17.87121,59.38014],[17.87119,59.38152]]]},"properties":{"zone":3,"cell_type":"total isolation","proximity":1289.6,"opportunity":6330.5,"population":460}},{"type":"Feature","id":1322,"geometry":{"type":"Polygon","coordinates":[[[18.02119,59.33698],[18.02406,59.33777],[18.02694,59.33711],[18.02696,59.33565],[18.02409,59.33486],[18.02121,59.33553],[18.02119,59.33698]]]},"properties":{"zone":0,"cell_type":"inclusion","proximity":5061.2,"opportunity":12336.7,"population":898}},{"type":"Feature","id":1323,"geometry":{"type":"Polygon","coordinates":[[[17.95732,59.40095],[17.9601,59.40171],[17.96289,59.40107],[17.96291,59.39968],[17.96012,59.39891],[17.95733,59.39955],[17.95732,59.40095]]]},"properties":{"zone":3,"cell_type":"total isolation","proximity":841.1,"opportunity":4253.7,"population":477}},{"type":"Feature","id":1324,"geometry":{"type":"Polygon","coordinates":[[[17.87732,59.33953],[17.87744,59.33956],[17.87744,59.33956],[17.87732,59.33953]]]},"properties":{"zone":3,"cell_type":"total isolation","proximity":1044.1,"opportunity":4985.2,"population":1}},{"type":"Feature","id":1325,"geometry":{"type":"Polygon","coordinates":[[[18.0962,59.35596],[18.09872,59.35665],[18.10121,59.35607],[18.10122,59.35485],[18.09871,59.35416],[18.09621,59.35474],[18.0962,59.35596]]]},"properties":{"zone":0,"cell_type":"inclusion","proximity":3314.6,"opportunity":11905.5,"population":267}},{"type":"Feature","id":1326,"geometry":{"type":"Polygon","coordinates":[[[17.97875,59.32058],[17.9811,59.32123],[17.98343,59.32069],[17.98344,59.31958],[17.98109,59.31893],[17.97877,59.31947],[17.97875,59.32058]]]},"properties":{"zone":3,"cell_type":"total isolation","proximity":2464.6,"opportunity":7412.8,"population":190}},{"type":"Feature","id":1327,"geometry":{"type":"Polygon","coordinates":[[[18.00713,59.30392],[18.01,59.30471],[18.01288,59.30405],[18.01289,59.3026],[18.01003,59.3018],[18.00715,59.30247],[18.00713,59.30392]]]},"properties":{"zone":0,"cell_type":"inclusion","proximity":3693.7,"opportunity":11206.2,"population":989}},{"type":"Feature","id":1328,"geometry":{"type":"Polygon","coordinates":[[[17.89163,59.40144],[17.89389,59.40207],[17.89611,59.40156],[17.89612,59.40051],[17.89387,59.39989],[17.89164,59.4004],[17.89163,59.40144]]]},"properties":{"zone":3,"cell_type":"total isolation","proximity":922.4,"opportunity":4895.9,"population":155}},{"type":"Feature","id":1329,"geometry":{"type":"Polygon","coordinates":[[[17.90658,59.34296],[17.90896,59.34361],[17.91132,59.34307],[17.91133,59.34194],[17.90895,59.34128],[17.90659,59.34182],[17.90658,59.34296]]]},"properties":{"zone":3,"cell_type":"total isolation","proximity":1637.1,"opportunity":8874.4,"population":203}},{"type":"Feature","id":1330,"geometry":{"type":"Polygon","coordinates":[[[17.88891,59.34703],[17.89164,59.34779],[17.89438,59.34716],[17.8944,59.34579],[17.89166,59.34504],[17.88892,59.34567],[17.88891,59.34703]]]},"properties":{"zone":3,"cell_type":"total isolation","proximity":1525.7,"opportunity":9053.1,"population":433}},{"type":"Feature","id":1331,"geometry":{"type":"Polygon","coordinates":[[[17.92965,59.34346],[17.93197,59.3441],[17.93426,59.34358],[17.93427,59.34249],[17.93195,59.34185],[17.92966,59.34237],[17.92965,59.34346]]]},"properties":{"zone":3,"cell_type":"total isolation","proximity":1907.2,"opportunity":8761.7,"population":176}},{"type":"Feature","id":1332,"geometry":{"type":"Polygon","coordinates":[[[18.00205,59.26875],[18.00461,59.26946],[18.00715,59.26887],[18.00716,59.26762],[18.00461,59.26691],[18.00207,59.2675],[18.00205,59.26875]]]},"properties":{"zone":3,"cell_type":"total isolation","proximity":1705.3,"opportunity":6201.6,"population":296}},{"type":"Feature","id":1333,"geometry":{"type":"Polygon","coordinates":[[[18.10165,59.35617],[18.10446,59.35694],[18.10727,59.35629],[18.10728,59.35488],[18.10448,59.35411],[18.10167,59.35476],[18.10165,59.35617]]]},"properties":{"zone":0,"cell_type":"inclusion","proximity":2951.5,"opportunity":9480,"population":500}},{"type":"Feature","id":1334,"geometry":{"type":"Polygon","coordinates":[[[18.08197,59.29246],[18.08484,59.29325],[18.08772,59.29259],[18.08773,59.29113],[18.08486,59.29034],[18.08198,59.29101],[18.08197,59.29246]]]},"properties":{"zone":0,"cell_type":"inclusion","proximity":4047.9,"opportunity":10924.7,"population":904}},{"type":"Feature","id":1335,"geometry":{"type":"Polygon","coordinates":[[[18.05613,59.28972],[18.059,59.29051],[18.06188,59.28984],[18.06189,59.28838],[18.05902,59.28759],[18.05614,59.28826],[18.05613,59.28972]]]},"properties":{"zone":1,"cell_type":"spatial isolation","proximity":3358.9,"opportunity":8768.4,"population":606}},{"type":"Feature","id":1336,"geometry":{"type":"Polygon","coordinates":[[[18.08476,59.30344],[18.08762,59.30423],[18.0905,59.30357],[18.09052,59.30211],[18.08765,59.30132],[18.08477,59.30199],[18.08476,59.30344]]]},"properties":{"zone":0,"cell_type":"inclusion","proximity":4374.5,"opportunity":11540.2,"population":1593}},{"type":"Feature","id":1337,"geometry":{"type":"Polygon","coordinates":[[[17.90109,59.27749],[17.90396,59.27828],[17.90684,59.27762],[17.90685,59.27617],[17.90399,59.27537],[17.90111,59.27603],[17.90109,59.27749]]]},"properties":{"zone":3,"cell_type":"total isolation","proximity":749.3,"opportunity":7144.4,"population":597}},{"type":"Feature","id":1338,"geometry":{"type":"Polygon","coordinates":[[[18.09047,59.30794],[18.09334,59.30873],[18.09622,59.30806],[18.09623,59.3066],[18.09336,59.30581],[18.09048,59.30648],[18.09047,59.30794]]]},"properties":{"zone":0,"cell_type":"inclusion","proximity":4456.3,"opportunity":10801.5,"population":759}},{"type":"Feature","id":1339,"geometry":{"type":"Polygon","coordinates":[[[17.91067,59.34048],[17.91191,59.34082],[17.91304,59.34057],[17.91304,59.34018],[17.9118,59.33984],[17.91068,59.3401],[17.91067,59.34048]]]},"properties":{"zone":3,"cell_type":"total isolation","proximity":1537.8,"opportunity":8236,"population":17}},{"type":"Feature","id":1340,"geometry":{"type":"Polygon","coordinates":[[[18.08551,59.23783],[18.08817,59.23856],[18.09083,59.23795],[18.09084,59.23662],[18.08818,59.23589],[18.08552,59.2365],[18.08551,59.23783]]]},"properties":{"zone":3,"cell_type":"total isolation","proximity":1147.5,"opportunity":6386.4,"population":374}},{"type":"Feature","id":1341,"geometry":{"type":"Polygon","coordinates":[[[17.81354,59.3802],[17.81641,59.381],[17.81929,59.38034],[17.81931,59.37889],[17.81645,59.37809],[17.81356,59.37875],[17.81354,59.3802]]]},"properties":{"zone":3,"cell_type":"total isolation","proximity":788.5,"opportunity":4042.8,"population":847}},{"type":"Feature","id":1342,"geometry":{"type":"Polygon","coordinates":[[[18.07201,59.26996],[18.07358,59.2704],[18.07507,59.27005],[18.07508,59.26944],[18.0735,59.26901],[18.07201,59.26935],[18.07201,59.26996]]]},"properties":{"zone":3,"cell_type":"total isolation","proximity":2607.3,"opportunity":7483.3,"population":36}},{"type":"Feature","id":1343,"geometry":{"type":"Polygon","coordinates":[[[17.97287,59.30744],[17.97548,59.30816],[17.97809,59.30756],[17.9781,59.30627],[17.97549,59.30555],[17.97288,59.30615],[17.97287,59.30744]]]},"properties":{"zone":2,"cell_type":"social isolation","proximity":2442.1,"opportunity":9708.4,"population":335}},{"type":"Feature","id":1344,"geometry":{"type":"Polygon","coordinates":[[[18.05871,59.32253],[18.06158,59.32332],[18.06446,59.32265],[18.06448,59.3212],[18.06161,59.32041],[18.05873,59.32107],[18.05871,59.32253]]]},"properties":{"zone":0,"cell_type":"inclusion","proximity":6037.6,"opportunity":13611.3,"population":647}},{"type":"Feature","id":1345,"geometry":{"type":"Polygon","coordinates":[[[17.90952,59.34518],[17.91181,59.34581],[17.91408,59.34529],[17.91409,59.34421],[17.9118,59.34358],[17.90953,59.3441],[17.90952,59.34518]]]},"properties":{"zone":3,"cell_type":"total isolation","proximity":1650.3,"opportunity":8194.3,"population":169}},{"type":"Feature","id":1346,"geometry":{"type":"Polygon","coordinates":[[[18.03629,59.26958],[18.03906,59.27035],[18.04184,59.26971],[18.04185,59.26831],[18.03908,59.26755],[18.03631,59.26819],[18.03629,59.26958]]]},"properties":{"zone":3,"cell_type":"total isolation","proximity":2269.3,"opportunity":7506.7,"population":472}},{"type":"Feature","id":1347,"geometry":{"type":"Polygon","coordinates":[[[18.05932,59.37021],[18.0612,59.37073],[18.06302,59.37031],[18.06303,59.36951],[18.06115,59.36899],[18.05933,59.36941],[18.05932,59.37021]]]},"properties":{"zone":3,"cell_type":"total isolation","proximity":2455.7,"opportunity":8631.7,"population":68}},{"type":"Feature","id":1348,"geometry":{"type":"Polygon","coordinates":[[[18.08526,59.24227],[18.08813,59.24306],[18.091,59.24239],[18.09102,59.24093],[18.08815,59.24014],[18.08527,59.24081],[18.08526,59.24227]]]},"properties":{"zone":3,"cell_type":"total isolation","proximity":1450.1,"opportunity":7780,"population":765}},{"type":"Feature","id":1349,"geometry":{"type":"Polygon","coordinates":[[[17.93406,59.41352],[17.93692,59.4143],[17.93979,59.41365],[17.93981,59.41221],[17.93695,59.41142],[17.93408,59.41207],[17.93406,59.41352]]]},"properties":{"zone":3,"cell_type":"total isolation","proximity":657,"opportunity":3983.2,"population":560}},{"type":"Feature","id":1350,"geometry":{"type":"Polygon","coordinates":[[[17.82324,59.36489],[17.82528,59.36545],[17.82726,59.365],[17.82728,59.36409],[17.82524,59.36353],[17.82325,59.36398],[17.82324,59.36489]]]},"properties":{"zone":3,"cell_type":"total isolation","proximity":834.2,"opportunity":4980.7,"population":96}},{"type":"Feature","id":1351,"geometry":{"type":"Polygon","coordinates":[[[17.9055,59.29233],[17.90672,59.29267],[17.90783,59.29241],[17.90784,59.29204],[17.90661,59.2917],[17.9055,59.29195],[17.9055,59.29233]]]},"properties":{"zone":3,"cell_type":"total isolation","proximity":873.4,"opportunity":3346.6,"population":17}},{"type":"Feature","id":1352,"geometry":{"type":"Polygon","coordinates":[[[17.97341,59.28115],[17.97576,59.2818],[17.97809,59.28127],[17.9781,59.28015],[17.97575,59.2795],[17.97342,59.28003],[17.97341,59.28115]]]},"properties":{"zone":3,"cell_type":"total isolation","proximity":1857.3,"opportunity":8073.4,"population":193}},{"type":"Feature","id":1353,"geometry":{"type":"Polygon","coordinates":[[[18.05594,59.31155],[18.0588,59.31234],[18.06168,59.31168],[18.0617,59.31022],[18.05883,59.30943],[18.05595,59.3101],[18.05594,59.31155]]]},"properties":{"zone":0,"cell_type":"inclusion","proximity":5392,"opportunity":14474.4,"population":2016}},{"type":"Feature","id":1354,"geometry":{"type":"Polygon","coordinates":[[[18.007,59.31702],[18.00987,59.31781],[18.01275,59.31715],[18.01277,59.31569],[18.0099,59.3149],[18.00702,59.31557],[18.007,59.31702]]]},"properties":{"zone":0,"cell_type":"inclusion","proximity":3663.7,"opportunity":10827,"population":661}},{"type":"Feature","id":1355,"geometry":{"type":"Polygon","coordinates":[[[17.9295,59.33481],[17.93206,59.33552],[17.9346,59.33493],[17.93461,59.33369],[17.93206,59.33298],[17.92952,59.33356],[17.9295,59.33481]]]},"properties":{"zone":3,"cell_type":"total isolation","proximity":1747.5,"opportunity":8342.8,"population":295}},{"type":"Feature","id":1356,"geometry":{"type":"Polygon","coordinates":[[[17.86567,59.36395],[17.86842,59.3647],[17.87117,59.36408],[17.87119,59.3627],[17.86844,59.36194],[17.86569,59.36257],[17.86567,59.36395]]]},"properties":{"zone":3,"cell_type":"total isolation","proximity":1398.9,"opportunity":6900.5,"population":444}},{"type":"Feature","id":1357,"geometry":{"type":"Polygon","coordinates":[[[17.91155,59.37809],[17.91429,59.37885],[17.91704,59.37822],[17.91706,59.37685],[17.91432,59.37609],[17.91157,59.37672],[17.91155,59.37809]]]},"properties":{"zone":3,"cell_type":"total isolation","proximity":1199.7,"opportunity":6275.1,"population":442}},{"type":"Feature","id":1358,"geometry":{"type":"Polygon","coordinates":[[[17.89116,59.3929],[17.89397,59.39367],[17.89678,59.39303],[17.8968,59.39162],[17.894,59.39085],[17.89118,59.39149],[17.89116,59.3929]]]},"properties":{"zone":3,"cell_type":"total isolation","proximity":1036.5,"opportunity":6180.7,"population":500}},{"type":"Feature","id":1359,"geometry":{"type":"Polygon","coordinates":[[[18.11986,59.27349],[18.12236,59.27418],[18.12485,59.27361],[18.12486,59.27239],[18.12236,59.2717],[18.11987,59.27228],[18.11986,59.27349]]]},"properties":{"zone":3,"cell_type":"total isolation","proximity":2019,"opportunity":8041,"population":264}},{"type":"Feature","id":1360,"geometry":{"type":"Polygon","coordinates":[[[18.02144,59.31079],[18.02431,59.31158],[18.02719,59.31092],[18.0272,59.30946],[18.02434,59.30867],[18.02145,59.30934],[18.02144,59.31079]]]},"properties":{"zone":0,"cell_type":"inclusion","proximity":4406.3,"opportunity":13100.3,"population":1277}},{"type":"Feature","id":1361,"geometry":{"type":"Polygon","coordinates":[[[18.09359,59.32317],[18.0961,59.32386],[18.0986,59.32328],[18.09861,59.32206],[18.0961,59.32137],[18.0936,59.32195],[18.09359,59.32317]]]},"properties":{"zone":1,"cell_type":"spatial isolation","proximity":4315.7,"opportunity":9133,"population":268}},{"type":"Feature","id":1362,"geometry":{"type":"Polygon","coordinates":[[[18.18377,59.23971],[18.18582,59.24028],[18.18781,59.23981],[18.18782,59.23889],[18.18577,59.23833],[18.18378,59.23879],[18.18377,59.23971]]]},"properties":{"zone":3,"cell_type":"total isolation","proximity":213.7,"opportunity":5576.2,"population":100}},{"type":"Feature","id":1363,"geometry":{"type":"Polygon","coordinates":[[[18.10462,59.34533],[18.10742,59.3461],[18.11023,59.34545],[18.11024,59.34404],[18.10744,59.34327],[18.10463,59.34392],[18.10462,59.34533]]]},"properties":{"zone":0,"cell_type":"inclusion","proximity":3562,"opportunity":9916.2,"population":499}},{"type":"Feature","id":1364,"geometry":{"type":"Polygon","coordinates":[[[18.13667,59.24481],[18.13702,59.2449],[18.1372,59.24486],[18.13685,59.24476],[18.13667,59.24481]]]},"properties":{"zone":3,"cell_type":"total isolation","proximity":711.8,"opportunity":3649.3,"population":4}},{"type":"Feature","id":1365,"geometry":{"type":"Polygon","coordinates":[[[17.95729,59.4053],[17.96006,59.40606],[17.96283,59.40543],[17.96285,59.40404],[17.96008,59.40328],[17.9573,59.40391],[17.95729,59.4053]]]},"properties":{"zone":3,"cell_type":"total isolation","proximity":831.4,"opportunity":4783.1,"population":463}},{"type":"Feature","id":1366,"geometry":{"type":"Polygon","coordinates":[[[18.068,59.27242],[18.07065,59.27315],[18.07329,59.27254],[18.0733,59.27123],[18.07065,59.2705],[18.06801,59.27111],[18.068,59.27242]]]},"properties":{"zone":3,"cell_type":"total isolation","proximity":2735.4,"opportunity":8806.4,"population":359}},{"type":"Feature","id":1367,"geometry":{"type":"Polygon","coordinates":[[[18.0221,59.28446],[18.02457,59.28515],[18.02703,59.28458],[18.02704,59.28338],[18.02457,59.2827],[18.02211,59.28327],[18.0221,59.28446]]]},"properties":{"zone":3,"cell_type":"total isolation","proximity":2800.8,"opportunity":8867.5,"population":249}},{"type":"Feature","id":1368,"geometry":{"type":"Polygon","coordinates":[[[18.10197,59.30818],[18.10484,59.30897],[18.10772,59.30831],[18.10773,59.30685],[18.10486,59.30606],[18.10198,59.30673],[18.10197,59.30818]]]},"properties":{"zone":1,"cell_type":"spatial isolation","proximity":3600.9,"opportunity":9101.3,"population":998}},{"type":"Feature","id":1369,"geometry":{"type":"Polygon","coordinates":[[[18.00424,59.30604],[18.0071,59.30683],[18.00999,59.30617],[18.01,59.30471],[18.00713,59.30392],[18.00425,59.30459],[18.00424,59.30604]]]},"properties":{"zone":0,"cell_type":"inclusion","proximity":3740.8,"opportunity":10646.9,"population":1022}},{"type":"Feature","id":1370,"geometry":{"type":"Polygon","coordinates":[[[17.91486,59.36716],[17.91731,59.36784],[17.91974,59.36728],[17.91975,59.36611],[17.91731,59.36543],[17.91487,59.36599],[17.91486,59.36716]]]},"properties":{"zone":3,"cell_type":"total isolation","proximity":1458.5,"opportunity":4339.4,"population":234}},{"type":"Feature","id":1371,"geometry":{"type":"Polygon","coordinates":[[[17.95861,59.28749],[17.96131,59.28824],[17.96402,59.28762],[17.96404,59.28626],[17.96133,59.28552],[17.95862,59.28614],[17.95861,59.28749]]]},"properties":{"zone":2,"cell_type":"social isolation","proximity":1876,"opportunity":9640.4,"population":411}},{"type":"Feature","id":1372,"geometry":{"type":"Polygon","coordinates":[[[18.1116,59.33202],[18.11332,59.33249],[18.11496,59.33211],[18.11497,59.33141],[18.11325,59.33094],[18.11161,59.33132],[18.1116,59.33202]]]},"properties":{"zone":1,"cell_type":"spatial isolation","proximity":3650.7,"opportunity":8966.6,"population":48}},{"type":"Feature","id":1373,"geometry":{"type":"Polygon","coordinates":[[[18.09029,59.35153],[18.09299,59.35227],[18.09569,59.35165],[18.0957,59.35031],[18.093,59.34956],[18.0903,59.35019],[18.09029,59.35153]]]},"properties":{"zone":1,"cell_type":"spatial isolation","proximity":3644.3,"opportunity":8421.6,"population":401}},{"type":"Feature","id":1374,"geometry":{"type":"Polygon","coordinates":[[[17.84612,59.37416],[17.84817,59.37473],[17.85019,59.37427],[17.8502,59.37335],[17.84814,59.37278],[17.84613,59.37324],[17.84612,59.37416]]]},"properties":{"zone":3,"cell_type":"total isolation","proximity":1195.2,"opportunity":5630.6,"population":101}},{"type":"Feature","id":1375,"geometry":{"type":"Polygon","coordinates":[[[17.92379,59.35206],[17.92612,59.3527],[17.92841,59.35217],[17.92843,59.35108],[17.9261,59.35044],[17.92381,59.35096],[17.92379,59.35206]]]},"properties":{"zone":3,"cell_type":"total isolation","proximity":1609.6,"opportunity":5615.4,"population":179}},{"type":"Feature","id":1376,"geometry":{"type":"Polygon","coordinates":[[[18.10509,59.27256],[18.10521,59.27259],[18.10521,59.27259],[18.10509,59.27256]]]},"properties":{"zone":3,"cell_type":"total isolation","proximity":2461.9,"opportunity":7234.9,"population":1}},{"type":"Feature","id":1377,"geometry":{"type":"Polygon","coordinates":[[[18.05901,59.33115],[18.06152,59.33184],[18.06402,59.33126],[18.06403,59.33004],[18.06152,59.32935],[18.05902,59.32993],[18.05901,59.33115]]]},"properties":{"zone":0,"cell_type":"inclusion","proximity":6755.3,"opportunity":17277.3,"population":269}},{"type":"Feature","id":1378,"geometry":{"type":"Polygon","coordinates":[[[17.83163,59.35865],[17.83398,59.3593],[17.8363,59.35877],[17.83632,59.35766],[17.83397,59.35701],[17.83164,59.35754],[17.83163,59.35865]]]},"properties":{"zone":3,"cell_type":"total isolation","proximity":872.7,"opportunity":5846.4,"population":190}},{"type":"Feature","id":1379,"geometry":{"type":"Polygon","coordinates":[[[17.91149,59.38245],[17.91424,59.38322],[17.91701,59.38258],[17.91702,59.3812],[17.91427,59.38044],[17.9115,59.38108],[17.91149,59.38245]]]},"properties":{"zone":3,"cell_type":"total isolation","proximity":1261.2,"opportunity":6297.5,"population":453}},{"type":"Feature","id":1380,"geometry":{"type":"Polygon","coordinates":[[[18.00485,59.28408],[18.00733,59.28477],[18.0098,59.2842],[18.00981,59.283],[18.00733,59.28231],[18.00487,59.28288],[18.00485,59.28408]]]},"properties":{"zone":3,"cell_type":"total isolation","proximity":2285.3,"opportunity":8844.3,"population":252}},{"type":"Feature","id":1381,"geometry":{"type":"Polygon","coordinates":[[[17.95853,59.30492],[17.96113,59.30564],[17.96372,59.30505],[17.96374,59.30377],[17.96114,59.30305],[17.95855,59.30365],[17.95853,59.30492]]]},"properties":{"zone":3,"cell_type":"total isolation","proximity":2005.6,"opportunity":8099.6,"population":324}},{"type":"Feature","id":1382,"geometry":{"type":"Polygon","coordinates":[[[17.88001,59.37515],[17.88267,59.37589],[17.88533,59.37528],[17.88535,59.37396],[17.88269,59.37323],[17.88003,59.37384],[17.88001,59.37515]]]},"properties":{"zone":3,"cell_type":"total isolation","proximity":1470.5,"opportunity":6368.2,"population":370}},{"type":"Feature","id":1383,"geometry":{"type":"Polygon","coordinates":[[[18.0269,59.34147],[18.02977,59.34226],[18.03265,59.3416],[18.03267,59.34014],[18.0298,59.33935],[18.02692,59.34002],[18.0269,59.34147]]]},"properties":{"zone":0,"cell_type":"inclusion","proximity":5273.2,"opportunity":12524.4,"population":1845}},{"type":"Feature","id":1384,"geometry":{"type":"Polygon","coordinates":[[[18.13687,59.2492],[18.13699,59.24923],[18.13699,59.24923],[18.13687,59.2492]]]},"properties":{"zone":3,"cell_type":"total isolation","proximity":927.3,"opportunity":3651.5,"population":1}},{"type":"Feature","id":1385,"geometry":{"type":"Polygon","coordinates":[[[17.89129,59.38852],[17.89402,59.38927],[17.89676,59.38865],[17.89677,59.38729],[17.89404,59.38653],[17.89131,59.38716],[17.89129,59.38852]]]},"properties":{"zone":3,"cell_type":"total isolation","proximity":1138.1,"opportunity":7487.8,"population":429}},{"type":"Feature","id":1386,"geometry":{"type":"Polygon","coordinates":[[[17.93148,59.40251],[17.93417,59.40325],[17.93686,59.40263],[17.93687,59.4013],[17.93419,59.40056],[17.9315,59.40117],[17.93148,59.40251]]]},"properties":{"zone":3,"cell_type":"total isolation","proximity":1053.8,"opportunity":6980.1,"population":389}},{"type":"Feature","id":1387,"geometry":{"type":"Polygon","coordinates":[[[18.11943,59.28234],[18.12228,59.28313],[18.12515,59.28246],[18.12516,59.28102],[18.12231,59.28023],[18.11944,59.28089],[18.11943,59.28234]]]},"properties":{"zone":3,"cell_type":"total isolation","proximity":2303,"opportunity":8395.9,"population":562}},{"type":"Feature","id":1388,"geometry":{"type":"Polygon","coordinates":[[[18.10786,59.3344],[18.11039,59.33509],[18.11292,59.33451],[18.11293,59.33327],[18.11039,59.33258],[18.10787,59.33316],[18.10786,59.3344]]]},"properties":{"zone":0,"cell_type":"inclusion","proximity":3898.9,"opportunity":9986.8,"population":283}},{"type":"Feature","id":1389,"geometry":{"type":"Polygon","coordinates":[[[17.87726,59.3555],[17.88003,59.35626],[17.88281,59.35563],[17.88282,59.35424],[17.88006,59.35347],[17.87728,59.35411],[17.87726,59.3555]]]},"properties":{"zone":3,"cell_type":"total isolation","proximity":1501.9,"opportunity":8514.1,"population":466}},{"type":"Feature","id":1390,"geometry":{"type":"Polygon","coordinates":[[[18.11062,59.34973],[18.11315,59.35042],[18.11567,59.34984],[18.11568,59.34861],[18.11315,59.34791],[18.11063,59.3485],[18.11062,59.34973]]]},"properties":{"zone":1,"cell_type":"spatial isolation","proximity":2928.2,"opportunity":7159.8,"population":280}},{"type":"Feature","id":1391,"geometry":{"type":"Polygon","coordinates":[[[18.08768,59.29696],[18.09055,59.29775],[18.09343,59.29708],[18.09344,59.29562],[18.09058,59.29483],[18.0877,59.2955],[18.08768,59.29696]]]},"properties":{"zone":0,"cell_type":"inclusion","proximity":4154.3,"opportunity":13558.3,"population":1290}},{"type":"Feature","id":1392,"geometry":{"type":"Polygon","coordinates":[[[17.93557,59.30004],[17.93819,59.30077],[17.94081,59.30017],[17.94082,59.29887],[17.9382,59.29815],[17.93558,59.29875],[17.93557,59.30004]]]},"properties":{"zone":3,"cell_type":"total isolation","proximity":1498.3,"opportunity":6945.1,"population":343}},{"type":"Feature","id":1393,"geometry":{"type":"Polygon","coordinates":[[[18.02176,59.29328],[18.02448,59.29403],[18.0272,59.2934],[18.02721,59.29204],[18.02449,59.29129],[18.02177,59.29192],[18.02176,59.29328]]]},"properties":{"zone":2,"cell_type":"social isolation","proximity":2834.8,"opportunity":9865.7,"population":422}},{"type":"Feature","id":1394,"geometry":{"type":"Polygon","coordinates":[[[17.91032,59.27968],[17.91257,59.28031],[17.91479,59.2798],[17.91481,59.27874],[17.91255,59.27812],[17.91033,59.27863],[17.91032,59.27968]]]},"properties":{"zone":3,"cell_type":"total isolation","proximity":825.1,"opportunity":6766.1,"population":155}},{"type":"Feature","id":1395,"geometry":{"type":"Polygon","coordinates":[[[18.03591,59.24918],[18.03646,59.24934],[18.03685,59.24925],[18.0363,59.24909],[18.03591,59.24918]]]},"properties":{"zone":3,"cell_type":"total isolation","proximity":1319.9,"opportunity":4532.6,"population":5}},{"type":"Feature","id":1396,"geometry":{"type":"Polygon","coordinates":[[[18.01614,59.29747],[18.0187,59.29817],[18.02124,59.29758],[18.02125,59.29633],[18.0187,59.29563],[18.01616,59.29622],[18.01614,59.29747]]]},"properties":{"zone":1,"cell_type":"spatial isolation","proximity":3028.1,"opportunity":6443.1,"population":295}},{"type":"Feature","id":1397,"geometry":{"type":"Polygon","coordinates":[[[18.11361,59.29096],[18.11647,59.29174],[18.11934,59.29108],[18.11935,59.28963],[18.11649,59.28885],[18.11363,59.28951],[18.11361,59.29096]]]},"properties":{"zone":2,"cell_type":"social isolation","proximity":2702,"opportunity":11067.3,"population":564}},{"type":"Feature","id":1398,"geometry":{"type":"Polygon","coordinates":[[[17.94702,59.32208],[17.94945,59.32275],[17.95187,59.32219],[17.95189,59.32102],[17.94945,59.32035],[17.94703,59.3209],[17.94702,59.32208]]]},"properties":{"zone":3,"cell_type":"total isolation","proximity":1619.3,"opportunity":6315.8,"population":229}},{"type":"Feature","id":1399,"geometry":{"type":"Polygon","coordinates":[[[18.09518,59.23115],[18.09688,59.23162],[18.0985,59.23124],[18.0985,59.23055],[18.09681,59.23009],[18.09518,59.23046],[18.09518,59.23115]]]},"properties":{"zone":3,"cell_type":"total isolation","proximity":817.7,"opportunity":5669.4,"population":47}},{"type":"Feature","id":1400,"geometry":{"type":"Polygon","coordinates":[[[17.98139,59.30113],[17.98416,59.3019],[17.98694,59.30126],[17.98695,59.29987],[17.98418,59.2991],[17.98141,59.29974],[17.98139,59.30113]]]},"properties":{"zone":3,"cell_type":"total isolation","proximity":2779.9,"opportunity":8763.5,"population":469}},{"type":"Feature","id":1401,"geometry":{"type":"Polygon","coordinates":[[[17.96368,59.33569],[17.96655,59.33649],[17.96943,59.33582],[17.96944,59.33437],[17.96658,59.33358],[17.96369,59.33424],[17.96368,59.33569]]]},"properties":{"zone":2,"cell_type":"social isolation","proximity":2647.2,"opportunity":11552.7,"population":699}},{"type":"Feature","id":1402,"geometry":{"type":"Polygon","coordinates":[[[18.02194,59.25837],[18.0248,59.25916],[18.02768,59.2585],[18.02769,59.25704],[18.02483,59.25625],[18.02195,59.25691],[18.02194,59.25837]]]},"properties":{"zone":3,"cell_type":"total isolation","proximity":1691.8,"opportunity":8800,"population":676}},{"type":"Feature","id":1403,"geometry":{"type":"Polygon","coordinates":[[[17.90001,59.41691],[17.90234,59.41756],[17.90464,59.41703],[17.90466,59.41594],[17.90233,59.41529],[17.90002,59.41582],[17.90001,59.41691]]]},"properties":{"zone":3,"cell_type":"total isolation","proximity":562.8,"opportunity":5328.4,"population":180}},{"type":"Feature","id":1404,"geometry":{"type":"Polygon","coordinates":[[[17.91233,59.29667],[17.91245,59.29671],[17.91245,59.29671],[17.91233,59.29667]]]},"properties":{"zone":3,"cell_type":"total isolation","proximity":969.4,"opportunity":2770.2,"population":0}},{"type":"Feature","id":1405,"geometry":{"type":"Polygon","coordinates":[[[18.06524,59.305],[18.06751,59.30562],[18.06974,59.30511],[18.06975,59.30405],[18.06748,59.30343],[18.06525,59.30394],[18.06524,59.305]]]},"properties":{"zone":0,"cell_type":"inclusion","proximity":4825.9,"opportunity":11766.2,"population":158}},{"type":"Feature","id":1406,"geometry":{"type":"Polygon","coordinates":[[[17.85404,59.3724],[17.8568,59.37317],[17.85957,59.37253],[17.85959,59.37115],[17.85683,59.37039],[17.85406,59.37102],[17.85404,59.3724]]]},"properties":{"zone":3,"cell_type":"total isolation","proximity":1287.1,"opportunity":6433.4,"population":460}},{"type":"Feature","id":1407,"geometry":{"type":"Polygon","coordinates":[[[18.07197,59.24381],[18.07379,59.24432],[18.07556,59.24391],[18.07557,59.24313],[18.07374,59.24263],[18.07197,59.24304],[18.07197,59.24381]]]},"properties":{"zone":3,"cell_type":"total isolation","proximity":1316.1,"opportunity":5661.5,"population":62}},{"type":"Feature","id":1408,"geometry":{"type":"Polygon","coordinates":[[[18.1052,59.26237],[18.10807,59.26316],[18.11095,59.2625],[18.11096,59.26104],[18.10809,59.26025],[18.10522,59.26092],[18.1052,59.26237]]]},"properties":{"zone":3,"cell_type":"total isolation","proximity":1892.3,"opportunity":8755.9,"population":638}},{"type":"Feature","id":1409,"geometry":{"type":"Polygon","coordinates":[[[18.02715,59.31529],[18.03002,59.31608],[18.0329,59.31541],[18.03291,59.31396],[18.03004,59.31317],[18.02716,59.31383],[18.02715,59.31529]]]},"properties":{"zone":0,"cell_type":"inclusion","proximity":4882.4,"opportunity":12981.2,"population":1313}},{"type":"Feature","id":1410,"geometry":{"type":"Polygon","coordinates":[[[18.15258,59.31959],[18.1537,59.3199],[18.1547,59.31967],[18.15471,59.31936],[18.15359,59.31905],[18.15259,59.31929],[18.15258,59.31959]]]},"properties":{"zone":3,"cell_type":"total isolation","proximity":1762.7,"opportunity":3672.3,"population":13}},{"type":"Feature","id":1411,"geometry":{"type":"Polygon","coordinates":[[[18.05959,59.32662],[18.06158,59.32717],[18.06352,59.32672],[18.06353,59.32584],[18.06153,59.32529],[18.0596,59.32574],[18.05959,59.32662]]]},"properties":{"zone":0,"cell_type":"inclusion","proximity":6308.6,"opportunity":13596,"population":88}},{"type":"Feature","id":1412,"geometry":{"type":"Polygon","coordinates":[[[18.19189,59.23349],[18.19445,59.2342],[18.197,59.23361],[18.197,59.23235],[18.19445,59.23165],[18.1919,59.23224],[18.19189,59.23349]]]},"properties":{"zone":3,"cell_type":"total isolation","proximity":128.2,"opportunity":5381.6,"population":298}},{"type":"Feature","id":1413,"geometry":{"type":"Polygon","coordinates":[[[17.95294,59.3439],[17.95499,59.34447],[17.95698,59.34401],[17.95699,59.3431],[17.95495,59.34253],[17.95295,59.34299],[17.95294,59.3439]]]},"properties":{"zone":3,"cell_type":"total isolation","proximity":2165.6,"opportunity":8458.4,"population":98}},{"type":"Feature","id":1414,"geometry":{"type":"Polygon","coordinates":[[[18.01042,59.26684],[18.01323,59.26761],[18.01605,59.26696],[18.01607,59.26554],[18.01326,59.26477],[18.01044,59.26542],[18.01042,59.26684]]]},"properties":{"zone":3,"cell_type":"total isolation","proximity":1572.4,"opportunity":6888.1,"population":514}},{"type":"Feature","id":1415,"geometry":{"type":"Polygon","coordinates":[[[17.80222,59.39289],[17.80474,59.39359],[17.80724,59.39302],[17.80726,59.3918],[17.80474,59.3911],[17.80224,59.39167],[17.80222,59.39289]]]},"properties":{"zone":3,"cell_type":"total isolation","proximity":520.5,"opportunity":3232.8,"population":269}},{"type":"Feature","id":1416,"geometry":{"type":"Polygon","coordinates":[[[17.88038,59.3707],[17.88274,59.37135],[17.88507,59.37082],[17.88508,59.3697],[17.88273,59.36905],[17.8804,59.36958],[17.88038,59.3707]]]},"properties":{"zone":3,"cell_type":"total isolation","proximity":1537.6,"opportunity":6214.6,"population":192}},{"type":"Feature","id":1417,"geometry":{"type":"Polygon","coordinates":[[[17.9524,59.34841],[17.95492,59.34911],[17.95743,59.34853],[17.95744,59.34731],[17.95492,59.34661],[17.95241,59.34719],[17.9524,59.34841]]]},"properties":{"zone":3,"cell_type":"total isolation","proximity":1795.9,"opportunity":5979.7,"population":274}},{"type":"Feature","id":1418,"geometry":{"type":"Polygon","coordinates":[[[17.91941,59.32542],[17.92071,59.32578],[17.9219,59.32551],[17.9219,59.32509],[17.92061,59.32473],[17.91942,59.32501],[17.91941,59.32542]]]},"properties":{"zone":3,"cell_type":"total isolation","proximity":1182.8,"opportunity":5712.2,"population":20}},{"type":"Feature","id":1419,"geometry":{"type":"Polygon","coordinates":[[[18.09456,59.27059],[18.09655,59.27114],[18.09848,59.27069],[18.09849,59.26981],[18.0965,59.26926],[18.09456,59.26971],[18.09456,59.27059]]]},"properties":{"zone":3,"cell_type":"total isolation","proximity":2536.6,"opportunity":6735.9,"population":88}},{"type":"Feature","id":1420,"geometry":{"type":"Polygon","coordinates":[[[17.94707,59.29595],[17.94973,59.29669],[17.95239,59.29608],[17.9524,59.29475],[17.94974,59.29402],[17.94708,59.29463],[17.94707,59.29595]]]},"properties":{"zone":3,"cell_type":"total isolation","proximity":1732.7,"opportunity":6937.2,"population":373}},{"type":"Feature","id":1421,"geometry":{"type":"Polygon","coordinates":[[[18.11371,59.28657],[18.11651,59.28734],[18.11931,59.28669],[18.11932,59.28528],[18.11652,59.28451],[18.11372,59.28516],[18.11371,59.28657]]]},"properties":{"zone":3,"cell_type":"total isolation","proximity":2569.6,"opportunity":8495.2,"population":495}},{"type":"Feature","id":1422,"geometry":{"type":"Polygon","coordinates":[[[17.78425,59.38966],[17.78471,59.38978],[17.785,59.38972],[17.78454,59.38959],[17.78425,59.38966]]]},"properties":{"zone":3,"cell_type":"total isolation","proximity":387.1,"opportunity":29.1,"population":4}},{"type":"Feature","id":1423,"geometry":{"type":"Polygon","coordinates":[[[17.97518,59.33595],[17.97805,59.33675],[17.98093,59.33608],[17.98095,59.33463],[17.97808,59.33384],[17.9752,59.3345],[17.97518,59.33595]]]},"properties":{"zone":0,"cell_type":"inclusion","proximity":2854.4,"opportunity":11944.3,"population":681}},{"type":"Feature","id":1424,"geometry":{"type":"Polygon","coordinates":[[[18.03624,59.26524],[18.0391,59.26603],[18.04198,59.26537],[18.04199,59.26391],[18.03913,59.26312],[18.03625,59.26379],[18.03624,59.26524]]]},"properties":{"zone":2,"cell_type":"social isolation","proximity":2219.5,"opportunity":9781.1,"population":774}},{"type":"Feature","id":1425,"geometry":{"type":"Polygon","coordinates":[[[18.09981,59.24906],[18.10244,59.24979],[18.10507,59.24918],[18.10508,59.24787],[18.10244,59.24715],[18.09982,59.24776],[18.09981,59.24906]]]},"properties":{"zone":3,"cell_type":"total isolation","proximity":1539.3,"opportunity":6049.6,"population":351}},{"type":"Feature","id":1426,"geometry":{"type":"Polygon","coordinates":[[[18.10856,59.24266],[18.11111,59.24337],[18.11365,59.24278],[18.11366,59.24153],[18.11111,59.24082],[18.10857,59.24141],[18.10856,59.24266]]]},"properties":{"zone":3,"cell_type":"total isolation","proximity":1082.3,"opportunity":6076.8,"population":295}},{"type":"Feature","id":1427,"geometry":{"type":"Polygon","coordinates":[[[18.10822,59.27765],[18.11083,59.27837],[18.11344,59.27777],[18.11345,59.27648],[18.11084,59.27576],[18.10823,59.27636],[18.10822,59.27765]]]},"properties":{"zone":3,"cell_type":"total isolation","proximity":2538.7,"opportunity":8270.6,"population":335}},{"type":"Feature","id":1428,"geometry":{"type":"Polygon","coordinates":[[[17.99622,59.28172],[17.99873,59.28242],[18.00124,59.28184],[18.00125,59.28061],[17.99873,59.27991],[17.99623,59.28049],[17.99622,59.28172]]]},"properties":{"zone":2,"cell_type":"social isolation","proximity":2385.3,"opportunity":9699.8,"population":274}},{"type":"Feature","id":1429,"geometry":{"type":"Polygon","coordinates":[[[18.04706,59.33973],[18.04993,59.34052],[18.05281,59.33986],[18.05282,59.33841],[18.04995,59.33762],[18.04707,59.33828],[18.04706,59.33973]]]},"properties":{"zone":0,"cell_type":"inclusion","proximity":6489.2,"opportunity":13998.3,"population":1005}},{"type":"Feature","id":1430,"geometry":{"type":"Polygon","coordinates":[[[17.92011,59.37614],[17.92295,59.37692],[17.9258,59.37627],[17.92582,59.37484],[17.92298,59.37405],[17.92012,59.37471],[17.92011,59.37614]]]},"properties":{"zone":3,"cell_type":"total isolation","proximity":1358.8,"opportunity":6145.8,"population":545}},{"type":"Feature","id":1431,"geometry":{"type":"Polygon","coordinates":[[[17.84272,59.3851],[17.84514,59.38577],[17.84755,59.38522],[17.84756,59.38406],[17.84514,59.38339],[17.84273,59.38394],[17.84272,59.3851]]]},"properties":{"zone":3,"cell_type":"total isolation","proximity":1002,"opportunity":4294.2,"population":221}},{"type":"Feature","id":1432,"geometry":{"type":"Polygon","coordinates":[[[18.11669,59.26262],[18.11956,59.26341],[18.12244,59.26274],[18.12245,59.26129],[18.11958,59.2605],[18.11671,59.26116],[18.11669,59.26262]]]},"properties":{"zone":3,"cell_type":"total isolation","proximity":1721.4,"opportunity":8291.4,"population":650}},{"type":"Feature","id":1433,"geometry":{"type":"Polygon","coordinates":[[[18.01058,59.28857],[18.01304,59.28925],[18.01548,59.28869],[18.01549,59.2875],[18.01303,59.28682],[18.01059,59.28738],[18.01058,59.28857]]]},"properties":{"zone":3,"cell_type":"total isolation","proximity":2692.7,"opportunity":8078.9,"population":241}},{"type":"Feature","id":1434,"geometry":{"type":"Polygon","coordinates":[[[18.17837,59.24385],[18.18006,59.24432],[18.18167,59.24394],[18.18168,59.24326],[18.17999,59.24279],[18.17837,59.24317],[18.17837,59.24385]]]},"properties":{"zone":3,"cell_type":"total isolation","proximity":273.6,"opportunity":1577.1,"population":46}},{"type":"Feature","id":1435,"geometry":{"type":"Polygon","coordinates":[[[17.88565,59.37966],[17.88837,59.38042],[17.89109,59.37979],[17.89111,59.37844],[17.88839,59.37769],[17.88567,59.37831],[17.88565,59.37966]]]},"properties":{"zone":3,"cell_type":"total isolation","proximity":1379.7,"opportunity":7548.5,"population":418}},{"type":"Feature","id":1436,"geometry":{"type":"Polygon","coordinates":[[[18.10464,59.32934],[18.10476,59.32937],[18.10476,59.32937],[18.10464,59.32934]]]},"properties":{"zone":0,"cell_type":"inclusion","proximity":4161.8,"opportunity":9597.9,"population":3}},{"type":"Feature","id":1437,"geometry":{"type":"Polygon","coordinates":[[[17.88721,59.27048],[17.88969,59.27117],[17.89216,59.27061],[17.89217,59.2694],[17.88969,59.26871],[17.88722,59.26928],[17.88721,59.27048]]]},"properties":{"zone":3,"cell_type":"total isolation","proximity":464,"opportunity":3802,"population":255}},{"type":"Feature","id":1438,"geometry":{"type":"Polygon","coordinates":[[[18.03559,59.33512],[18.03846,59.33591],[18.04134,59.33524],[18.04136,59.33379],[18.03849,59.333],[18.0356,59.33366],[18.03559,59.33512]]]},"properties":{"zone":0,"cell_type":"inclusion","proximity":5860.9,"opportunity":13392.9,"population":1511}},{"type":"Feature","id":1439,"geometry":{"type":"Polygon","coordinates":[[[18.07176,59.35278],[18.07289,59.35309],[18.07391,59.35286],[18.07391,59.35254],[18.07278,59.35223],[18.07176,59.35247],[18.07176,59.35278]]]},"properties":{"zone":0,"cell_type":"inclusion","proximity":4596.3,"opportunity":9680.3,"population":14}},{"type":"Feature","id":1440,"geometry":{"type":"Polygon","coordinates":[[[18.12814,59.27596],[18.13096,59.27674],[18.13378,59.27608],[18.13379,59.27466],[18.13097,59.27388],[18.12815,59.27454],[18.12814,59.27596]]]},"properties":{"zone":3,"cell_type":"total isolation","proximity":1875.8,"opportunity":8341.9,"population":521}},{"type":"Feature","id":1441,"geometry":{"type":"Polygon","coordinates":[[[18.03066,59.2825],[18.03321,59.2832],[18.03575,59.28261],[18.03576,59.28136],[18.03321,59.28066],[18.03067,59.28125],[18.03066,59.2825]]]},"properties":{"zone":1,"cell_type":"spatial isolation","proximity":2864.9,"opportunity":8816.9,"population":295}},{"type":"Feature","id":1442,"geometry":{"type":"Polygon","coordinates":[[[17.96707,59.29426],[17.96986,59.29503],[17.97266,59.29439],[17.97267,59.29299],[17.96988,59.29221],[17.96709,59.29286],[17.96707,59.29426]]]},"properties":{"zone":3,"cell_type":"total isolation","proximity":2254,"opportunity":8167.9,"population":490}},{"type":"Feature","id":1443,"geometry":{"type":"Polygon","coordinates":[[[18.06534,59.28755],[18.06766,59.28818],[18.06994,59.28766],[18.06995,59.28656],[18.06764,59.28592],[18.06535,59.28645],[18.06534,59.28755]]]},"properties":{"zone":0,"cell_type":"inclusion","proximity":3628.3,"opportunity":9815.6,"population":177}},{"type":"Feature","id":1444,"geometry":{"type":"Polygon","coordinates":[[[17.81348,59.39324],[17.81624,59.39401],[17.81901,59.39338],[17.81902,59.392],[17.81627,59.39123],[17.8135,59.39186],[17.81348,59.39324]]]},"properties":{"zone":3,"cell_type":"total isolation","proximity":591.5,"opportunity":2674.7,"population":458}},{"type":"Feature","id":1445,"geometry":{"type":"Polygon","coordinates":[[[17.95206,59.35286],[17.95486,59.35364],[17.95767,59.35299],[17.95769,59.35158],[17.95489,59.35081],[17.95207,59.35145],[17.95206,59.35286]]]},"properties":{"zone":3,"cell_type":"total isolation","proximity":1703.6,"opportunity":7649.5,"population":501}},{"type":"Feature","id":1446,"geometry":{"type":"Polygon","coordinates":[[[18.09636,59.29059],[18.09923,59.29138],[18.10211,59.29071],[18.10212,59.28926],[18.09925,59.28847],[18.09637,59.28913],[18.09636,59.29059]]]},"properties":{"zone":0,"cell_type":"inclusion","proximity":3320.2,"opportunity":10490.3,"population":941}},{"type":"Feature","id":1447,"geometry":{"type":"Polygon","coordinates":[[[18.03061,59.28687],[18.03317,59.28757],[18.03571,59.28698],[18.03573,59.28573],[18.03317,59.28502],[18.03062,59.28561],[18.03061,59.28687]]]},"properties":{"zone":1,"cell_type":"spatial isolation","proximity":2962.9,"opportunity":8773,"population":298}},{"type":"Feature","id":1448,"geometry":{"type":"Polygon","coordinates":[[[17.89545,59.26862],[17.89831,59.26941],[17.9012,59.26875],[17.90121,59.2673],[17.89835,59.2665],[17.89547,59.26716],[17.89545,59.26862]]]},"properties":{"zone":3,"cell_type":"total isolation","proximity":508.4,"opportunity":4710.7,"population":628}},{"type":"Feature","id":1449,"geometry":{"type":"Polygon","coordinates":[[[18.13524,59.33232],[18.13635,59.33262],[18.13735,59.33239],[18.13735,59.33209],[18.13624,59.33179],[18.13524,59.33202],[18.13524,59.33232]]]},"properties":{"zone":3,"cell_type":"total isolation","proximity":2324.5,"opportunity":5126.6,"population":13}},{"type":"Feature","id":1450,"geometry":{"type":"Polygon","coordinates":[[[17.95264,59.3266],[17.95515,59.32729],[17.95766,59.32672],[17.95767,59.32549],[17.95515,59.3248],[17.95265,59.32537],[17.95264,59.3266]]]},"properties":{"zone":3,"cell_type":"total isolation","proximity":1981.5,"opportunity":6441.7,"population":271}},{"type":"Feature","id":1451,"geometry":{"type":"Polygon","coordinates":[[[17.92716,59.32371],[17.92932,59.32431],[17.93145,59.32382],[17.93146,59.32283],[17.92929,59.32223],[17.92717,59.32272],[17.92716,59.32371]]]},"properties":{"zone":3,"cell_type":"total isolation","proximity":1210.2,"opportunity":4325.4,"population":128}},{"type":"Feature","id":1452,"geometry":{"type":"Polygon","coordinates":[[[17.94365,59.35478],[17.94622,59.35549],[17.94878,59.3549],[17.94879,59.35364],[17.94622,59.35293],[17.94366,59.35352],[17.94365,59.35478]]]},"properties":{"zone":3,"cell_type":"total isolation","proximity":1518.7,"opportunity":6273.1,"population":304}},{"type":"Feature","id":1453,"geometry":{"type":"Polygon","coordinates":[[[17.98712,59.30562],[17.98986,59.30638],[17.99262,59.30574],[17.99263,59.30437],[17.98988,59.30361],[17.98713,59.30424],[17.98712,59.30562]]]},"properties":{"zone":0,"cell_type":"inclusion","proximity":3131.3,"opportunity":11444.7,"population":447}},{"type":"Feature","id":1454,"geometry":{"type":"Polygon","coordinates":[[[18.03286,59.31978],[18.03573,59.32057],[18.03861,59.3199],[18.03862,59.31845],[18.03575,59.31766],[18.03287,59.31832],[18.03286,59.31978]]]},"properties":{"zone":0,"cell_type":"inclusion","proximity":5122,"opportunity":12948.9,"population":1325}},{"type":"Feature","id":1455,"geometry":{"type":"Polygon","coordinates":[[[17.90321,59.35825],[17.90589,59.35899],[17.90858,59.35838],[17.90859,59.35705],[17.90591,59.35631],[17.90323,59.35692],[17.90321,59.35825]]]},"properties":{"zone":3,"cell_type":"total isolation","proximity":1637,"opportunity":5999.8,"population":386}},{"type":"Feature","id":1456,"geometry":{"type":"Polygon","coordinates":[[[17.90973,59.41028],[17.9111,59.41065],[17.91236,59.41037],[17.91237,59.4099],[17.911,59.40952],[17.90973,59.40981],[17.90973,59.41028]]]},"properties":{"zone":3,"cell_type":"total isolation","proximity":762.3,"opportunity":5203.2,"population":23}},{"type":"Feature","id":1457,"geometry":{"type":"Polygon","coordinates":[[[17.83691,59.36327],[17.83965,59.36403],[17.84241,59.3634],[17.84243,59.36203],[17.83968,59.36127],[17.83692,59.3619],[17.83691,59.36327]]]},"properties":{"zone":3,"cell_type":"total isolation","proximity":967.3,"opportunity":5964.9,"population":448}},{"type":"Feature","id":1458,"geometry":{"type":"Polygon","coordinates":[[[18.07033,59.30968],[18.0732,59.31047],[18.07608,59.30981],[18.07609,59.30835],[18.07322,59.30756],[18.07034,59.30823],[18.07033,59.30968]]]},"properties":{"zone":0,"cell_type":"inclusion","proximity":5432,"opportunity":15381.1,"population":2375}},{"type":"Feature","id":1459,"geometry":{"type":"Polygon","coordinates":[[[18.00113,59.32999],[18.00399,59.33078],[18.00688,59.33012],[18.00689,59.32866],[18.00402,59.32787],[18.00114,59.32853],[18.00113,59.32999]]]},"properties":{"zone":0,"cell_type":"inclusion","proximity":4040.9,"opportunity":11931,"population":788}},{"type":"Feature","id":1460,"geometry":{"type":"Polygon","coordinates":[[[18.10848,59.23832],[18.11114,59.23906],[18.11379,59.23844],[18.1138,59.23712],[18.11115,59.23639],[18.10849,59.237],[18.10848,59.23832]]]},"properties":{"zone":3,"cell_type":"total isolation","proximity":927.3,"opportunity":6122.9,"population":371}},{"type":"Feature","id":1461,"geometry":{"type":"Polygon","coordinates":[[[17.84033,59.361],[17.84258,59.36163],[17.8448,59.36112],[17.84482,59.36007],[17.84256,59.35945],[17.84034,59.35995],[17.84033,59.361]]]},"properties":{"zone":3,"cell_type":"total isolation","proximity":888.2,"opportunity":4824.2,"population":154}},{"type":"Feature","id":1462,"geometry":{"type":"Polygon","coordinates":[[[18.06004,59.25242],[18.06222,59.25302],[18.06436,59.25252],[18.06437,59.25152],[18.06219,59.25092],[18.06005,59.25141],[18.06004,59.25242]]]},"properties":{"zone":3,"cell_type":"total isolation","proximity":1707.6,"opportunity":4985.8,"population":132}},{"type":"Feature","id":1463,"geometry":{"type":"Polygon","coordinates":[[[18.08192,59.35344],[18.08435,59.35411],[18.08676,59.35355],[18.08677,59.35239],[18.08434,59.35172],[18.08193,59.35227],[18.08192,59.35344]]]},"properties":{"zone":1,"cell_type":"spatial isolation","proximity":4198.1,"opportunity":9153.6,"population":224}},{"type":"Feature","id":1464,"geometry":{"type":"Polygon","coordinates":[[[17.95432,59.40309],[17.9572,59.40388],[17.96008,59.40322],[17.9601,59.40177],[17.95723,59.40097],[17.95434,59.40164],[17.95432,59.40309]]]},"properties":{"zone":3,"cell_type":"total isolation","proximity":879.6,"opportunity":5663.5,"population":675}},{"type":"Feature","id":1465,"geometry":{"type":"Polygon","coordinates":[[[18.03743,59.30844],[18.03876,59.30881],[18.03999,59.30853],[18.03999,59.30808],[18.03866,59.30771],[18.03744,59.308],[18.03743,59.30844]]]},"properties":{"zone":1,"cell_type":"spatial isolation","proximity":3844,"opportunity":8659.9,"population":21}},{"type":"Feature","id":1466,"geometry":{"type":"Polygon","coordinates":[[[18.06736,59.32053],[18.07023,59.32132],[18.07311,59.32066],[18.07312,59.3192],[18.07025,59.31841],[18.06737,59.31908],[18.06736,59.32053]]]},"properties":{"zone":0,"cell_type":"inclusion","proximity":6488.4,"opportunity":16415.6,"population":2862}},{"type":"Feature","id":1467,"geometry":{"type":"Polygon","coordinates":[[[17.99897,59.27964],[18.00162,59.28037],[18.00427,59.27976],[18.00429,59.27845],[18.00163,59.27771],[17.99898,59.27832],[17.99897,59.27964]]]},"properties":{"zone":2,"cell_type":"social isolation","proximity":2272.1,"opportunity":9811.4,"population":366}},{"type":"Feature","id":1468,"geometry":{"type":"Polygon","coordinates":[[[18.06517,59.28324],[18.06769,59.28393],[18.07018,59.28335],[18.0702,59.28213],[18.06768,59.28144],[18.06519,59.28202],[18.06517,59.28324]]]},"properties":{"zone":0,"cell_type":"inclusion","proximity":3270,"opportunity":9924.3,"population":270}},{"type":"Feature","id":1469,"geometry":{"type":"Polygon","coordinates":[[[17.9379,59.3329],[17.94069,59.33368],[17.9435,59.33303],[17.94352,59.33162],[17.94072,59.33085],[17.93791,59.33149],[17.9379,59.3329]]]},"properties":{"zone":3,"cell_type":"total isolation","proximity":1910.5,"opportunity":8699.2,"population":498}},{"type":"Feature","id":1470,"geometry":{"type":"Polygon","coordinates":[[[17.9378,59.35902],[17.94041,59.35974],[17.94302,59.35914],[17.94304,59.35786],[17.94042,59.35714],[17.93782,59.35774],[17.9378,59.35902]]]},"properties":{"zone":3,"cell_type":"total isolation","proximity":1654.5,"opportunity":238.4,"population":334}},{"type":"Feature","id":1471,"geometry":{"type":"Polygon","coordinates":[[[17.92385,59.36508],[17.92598,59.36567],[17.92807,59.36519],[17.92808,59.36422],[17.92595,59.36364],[17.92386,59.36411],[17.92385,59.36508]]]},"properties":{"zone":3,"cell_type":"total isolation","proximity":1480.4,"opportunity":4378.8,"population":118}},{"type":"Feature","id":1472,"geometry":{"type":"Polygon","coordinates":[[[18.06227,59.28536],[18.06479,59.28606],[18.06731,59.28548],[18.06732,59.28425],[18.06479,59.28355],[18.06228,59.28413],[18.06227,59.28536]]]},"properties":{"zone":0,"cell_type":"inclusion","proximity":3441.2,"opportunity":9783.5,"population":278}},{"type":"Feature","id":1473,"geometry":{"type":"Polygon","coordinates":[[[18.04512,59.29367],[18.04748,59.29432],[18.04982,59.29378],[18.04983,59.29266],[18.04747,59.29201],[18.04513,59.29255],[18.04512,59.29367]]]},"properties":{"zone":0,"cell_type":"inclusion","proximity":3363,"opportunity":10127.3,"population":196}},{"type":"Feature","id":1474,"geometry":{"type":"Polygon","coordinates":[[[17.88914,59.36434],[17.89145,59.36498],[17.89373,59.36446],[17.89374,59.36337],[17.89144,59.36274],[17.88915,59.36326],[17.88914,59.36434]]]},"properties":{"zone":3,"cell_type":"total isolation","proximity":1590.1,"opportunity":5035.9,"population":174}},{"type":"Feature","id":1475,"geometry":{"type":"Polygon","coordinates":[[[17.91169,59.42581],[17.91377,59.42638],[17.9158,59.42592],[17.91581,59.42499],[17.91373,59.42442],[17.9117,59.42488],[17.91169,59.42581]]]},"properties":{"zone":3,"cell_type":"total isolation","proximity":260.6,"opportunity":4.2,"population":104}},{"type":"Feature","id":1476,"geometry":{"type":"Polygon","coordinates":[[[17.7995,59.37759],[17.80206,59.3783],[17.80463,59.37772],[17.80464,59.37646],[17.80208,59.37575],[17.79952,59.37633],[17.7995,59.37759]]]},"properties":{"zone":3,"cell_type":"total isolation","proximity":621.5,"opportunity":2984.1,"population":302}},{"type":"Feature","id":1477,"geometry":{"type":"Polygon","coordinates":[[[18.07938,59.25963],[18.08224,59.26042],[18.08511,59.25975],[18.08512,59.2583],[18.08226,59.25751],[18.07939,59.25817],[18.07938,59.25963]]]},"properties":{"zone":3,"cell_type":"total isolation","proximity":2340.3,"opportunity":9242.6,"population":569}},{"type":"Feature","id":1478,"geometry":{"type":"Polygon","coordinates":[[[17.95274,59.30046],[17.95543,59.3012],[17.95812,59.30058],[17.95813,59.29924],[17.95544,59.2985],[17.95276,59.29912],[17.95274,59.30046]]]},"properties":{"zone":3,"cell_type":"total isolation","proximity":1769.7,"opportunity":9137.8,"population":394}},{"type":"Feature","id":1479,"geometry":{"type":"Polygon","coordinates":[[[18.13395,59.25569],[18.13407,59.25573],[18.13407,59.25573],[18.13395,59.25569]]]},"properties":{"zone":3,"cell_type":"total isolation","proximity":1114.1,"opportunity":3650.8,"population":0}},{"type":"Feature","id":1480,"geometry":{"type":"Polygon","coordinates":[[[18.00398,59.33223],[18.00685,59.33303],[18.00973,59.33236],[18.00975,59.33091],[18.00688,59.33012],[18.00399,59.33078],[18.00398,59.33223]]]},"properties":{"zone":0,"cell_type":"inclusion","proximity":4306.4,"opportunity":12178.8,"population":1090}},{"type":"Feature","id":1481,"geometry":{"type":"Polygon","coordinates":[[[17.98498,59.32927],[17.98679,59.32977],[17.98852,59.32937],[17.98853,59.32861],[17.98673,59.32811],[17.98499,59.32851],[17.98498,59.32927]]]},"properties":{"zone":0,"cell_type":"inclusion","proximity":2948.5,"opportunity":9373.2,"population":59}},{"type":"Feature","id":1482,"geometry":{"type":"Polygon","coordinates":[[[17.93899,59.34997],[17.94056,59.3504],[17.94204,59.35006],[17.94205,59.34946],[17.94048,59.34903],[17.93899,59.34937],[17.93899,59.34997]]]},"properties":{"zone":3,"cell_type":"total isolation","proximity":1570.8,"opportunity":4321.9,"population":35}},{"type":"Feature","id":1483,"geometry":{"type":"Polygon","coordinates":[[[18.04519,59.25879],[18.04779,59.25951],[18.05037,59.25891],[18.05038,59.25763],[18.04779,59.25691],[18.04521,59.25751],[18.04519,59.25879]]]},"properties":{"zone":3,"cell_type":"total isolation","proximity":1939.6,"opportunity":7362,"population":322}},{"type":"Feature","id":1484,"geometry":{"type":"Polygon","coordinates":[[[17.91987,59.41096],[17.92256,59.4117],[17.92525,59.41108],[17.92526,59.40975],[17.92257,59.40901],[17.91988,59.40962],[17.91987,59.41096]]]},"properties":{"zone":3,"cell_type":"total isolation","proximity":785.9,"opportunity":7078.6,"population":391}},{"type":"Feature","id":1485,"geometry":{"type":"Polygon","coordinates":[[[18.09639,59.28622],[18.09926,59.28701],[18.10214,59.28635],[18.10215,59.28489],[18.09929,59.2841],[18.09641,59.28476],[18.09639,59.28622]]]},"properties":{"zone":0,"cell_type":"inclusion","proximity":3092.1,"opportunity":10440.2,"population":722}},{"type":"Feature","id":1486,"geometry":{"type":"Polygon","coordinates":[[[17.93258,59.29784],[17.93533,59.2986],[17.9381,59.29797],[17.93812,59.29658],[17.93536,59.29582],[17.93259,59.29645],[17.93258,59.29784]]]},"properties":{"zone":3,"cell_type":"total isolation","proximity":1403.7,"opportunity":7113,"population":459}},{"type":"Feature","id":1487,"geometry":{"type":"Polygon","coordinates":[[[18.05277,59.34422],[18.05564,59.34501],[18.05852,59.34435],[18.05853,59.3429],[18.05566,59.34211],[18.05278,59.34277],[18.05277,59.34422]]]},"properties":{"zone":0,"cell_type":"inclusion","proximity":6435.5,"opportunity":15519.5,"population":2256}},{"type":"Feature","id":1488,"geometry":{"type":"Polygon","coordinates":[[[17.85423,59.368],[17.85686,59.36873],[17.85949,59.36813],[17.85951,59.36683],[17.85688,59.3661],[17.85425,59.3667],[17.85423,59.368]]]},"properties":{"zone":3,"cell_type":"total isolation","proximity":1359.8,"opportunity":6373.4,"population":346}},{"type":"Feature","id":1489,"geometry":{"type":"Polygon","coordinates":[[[18.08746,59.32023],[18.08758,59.32027],[18.08758,59.32027],[18.08746,59.32023]]]},"properties":{"zone":1,"cell_type":"spatial isolation","proximity":3932.4,"opportunity":8746.9,"population":0}},{"type":"Feature","id":1490,"geometry":{"type":"Polygon","coordinates":[[[17.92647,59.38043],[17.92868,59.38104],[17.93085,59.38055],[17.93087,59.37953],[17.92866,59.37892],[17.92648,59.37941],[17.92647,59.38043]]]},"properties":{"zone":3,"cell_type":"total isolation","proximity":1233.7,"opportunity":5194.7,"population":140}},{"type":"Feature","id":1491,"geometry":{"type":"Polygon","coordinates":[[[18.12772,59.25555],[18.12832,59.25571],[18.12876,59.25561],[18.12816,59.25545],[18.12772,59.25555]]]},"properties":{"zone":3,"cell_type":"total isolation","proximity":1317.1,"opportunity":3789.9,"population":5}},{"type":"Feature","id":1492,"geometry":{"type":"Polygon","coordinates":[[[17.99858,59.29718],[18.00144,59.29797],[18.00432,59.29731],[18.00434,59.29585],[18.00147,59.29506],[17.99859,59.29572],[17.99858,59.29718]]]},"properties":{"zone":0,"cell_type":"inclusion","proximity":3169.1,"opportunity":10650.4,"population":1090}},{"type":"Feature","id":1493,"geometry":{"type":"Polygon","coordinates":[[[18.166,59.25261],[18.16848,59.25329],[18.17094,59.25272],[18.17095,59.25151],[18.16847,59.25083],[18.16601,59.2514],[18.166,59.25261]]]},"properties":{"zone":3,"cell_type":"total isolation","proximity":526.1,"opportunity":5207.7,"population":252}},{"type":"Feature","id":1494,"geometry":{"type":"Polygon","coordinates":[[[17.93347,59.30192],[17.93533,59.30243],[17.93711,59.30202],[17.93712,59.30123],[17.93527,59.30072],[17.93348,59.30113],[17.93347,59.30192]]]},"properties":{"zone":3,"cell_type":"total isolation","proximity":1412.9,"opportunity":4896.5,"population":65}},{"type":"Feature","id":1495,"geometry":{"type":"Polygon","coordinates":[[[18.08258,59.32712],[18.08458,59.32767],[18.08653,59.32722],[18.08654,59.32634],[18.08454,59.32579],[18.08259,59.32624],[18.08258,59.32712]]]},"properties":{"zone":0,"cell_type":"inclusion","proximity":4731.7,"opportunity":10304.1,"population":89}},{"type":"Feature","id":1496,"geometry":{"type":"Polygon","coordinates":[[[18.10831,59.26454],[18.11094,59.26527],[18.11355,59.26466],[18.11356,59.26336],[18.11094,59.26264],[18.10832,59.26325],[18.10831,59.26454]]]},"properties":{"zone":3,"cell_type":"total isolation","proximity":1820.7,"opportunity":8089.3,"population":343}},{"type":"Feature","id":1497,"geometry":{"type":"Polygon","coordinates":[[[17.87392,59.38815],[17.87675,59.38893],[17.8796,59.38828],[17.87962,59.38685],[17.87678,59.38607],[17.87393,59.38672],[17.87392,59.38815]]]},"properties":{"zone":3,"cell_type":"total isolation","proximity":1096.7,"opportunity":6622.5,"population":535}},{"type":"Feature","id":1498,"geometry":{"type":"Polygon","coordinates":[[[17.90852,59.38893],[17.91129,59.38969],[17.91406,59.38906],[17.91408,59.38767],[17.91131,59.38691],[17.90854,59.38755],[17.90852,59.38893]]]},"properties":{"zone":3,"cell_type":"total isolation","proximity":1254.7,"opportunity":6417.6,"population":461}},{"type":"Feature","id":1499,"geometry":{"type":"Polygon","coordinates":[[[18.00104,59.33872],[18.00391,59.33951],[18.00679,59.33884],[18.00681,59.33739],[18.00394,59.3366],[18.00105,59.33726],[18.00104,59.33872]]]},"properties":{"zone":0,"cell_type":"inclusion","proximity":3732.7,"opportunity":11185.9,"population":640}},{"type":"Feature","id":1500,"geometry":{"type":"Polygon","coordinates":[[[17.935,59.36545],[17.93747,59.36614],[17.93993,59.36557],[17.93994,59.36438],[17.93747,59.3637],[17.93501,59.36426],[17.935,59.36545]]]},"properties":{"zone":3,"cell_type":"total isolation","proximity":1338.8,"opportunity":4472.4,"population":248}},{"type":"Feature","id":1501,"geometry":{"type":"Polygon","coordinates":[[[18.01614,59.27133],[18.01894,59.27211],[18.02175,59.27146],[18.02176,59.27004],[18.01896,59.26927],[18.01615,59.26992],[18.01614,59.27133]]]},"properties":{"zone":3,"cell_type":"total isolation","proximity":2100.1,"opportunity":7388,"population":503}},{"type":"Feature","id":1502,"geometry":{"type":"Polygon","coordinates":[[[18.07681,59.25293],[18.07943,59.25365],[18.08204,59.25305],[18.08206,59.25175],[18.07944,59.25103],[18.07682,59.25164],[18.07681,59.25293]]]},"properties":{"zone":3,"cell_type":"total isolation","proximity":1940.4,"opportunity":7697.2,"population":341}},{"type":"Feature","id":1503,"geometry":{"type":"Polygon","coordinates":[[[18.10165,59.34747],[18.10452,59.34826],[18.10741,59.34759],[18.10742,59.34614],[18.10455,59.34535],[18.10167,59.34601],[18.10165,59.34747]]]},"properties":{"zone":0,"cell_type":"inclusion","proximity":3676.5,"opportunity":10131.8,"population":756}},{"type":"Feature","id":1504,"geometry":{"type":"Polygon","coordinates":[[[17.85754,59.36142],[17.85984,59.36206],[17.8621,59.36154],[17.86212,59.36046],[17.85982,59.35983],[17.85756,59.36035],[17.85754,59.36142]]]},"properties":{"zone":3,"cell_type":"total isolation","proximity":1297.3,"opportunity":4720.4,"population":168}},{"type":"Feature","id":1505,"geometry":{"type":"Polygon","coordinates":[[[17.82216,59.38692],[17.82495,59.3877],[17.82777,59.38706],[17.82779,59.38565],[17.82499,59.38488],[17.82217,59.38552],[17.82216,59.38692]]]},"properties":{"zone":3,"cell_type":"total isolation","proximity":780.8,"opportunity":2910.5,"population":499}},{"type":"Feature","id":1506,"geometry":{"type":"Polygon","coordinates":[[[17.90059,59.36463],[17.90295,59.36528],[17.9053,59.36474],[17.90531,59.36362],[17.90294,59.36297],[17.9006,59.3635],[17.90059,59.36463]]]},"properties":{"zone":3,"cell_type":"total isolation","proximity":1653.9,"opportunity":6729.8,"population":196}},{"type":"Feature","id":1507,"geometry":{"type":"Polygon","coordinates":[[[17.96078,59.34651],[17.96356,59.34728],[17.96635,59.34664],[17.96637,59.34524],[17.96358,59.34447],[17.96079,59.34511],[17.96078,59.34651]]]},"properties":{"zone":3,"cell_type":"total isolation","proximity":2023.3,"opportunity":7866.4,"population":482}},{"type":"Feature","id":1508,"geometry":{"type":"Polygon","coordinates":[[[18.00402,59.32787],[18.00689,59.32866],[18.00977,59.328],[18.00979,59.32654],[18.00692,59.32575],[18.00404,59.32642],[18.00402,59.32787]]]},"properties":{"zone":0,"cell_type":"inclusion","proximity":4038.7,"opportunity":10705.3,"population":1128}},{"type":"Feature","id":1509,"geometry":{"type":"Polygon","coordinates":[[[18.06193,59.29418],[18.06471,59.29495],[18.06749,59.2943],[18.06751,59.29291],[18.06473,59.29214],[18.06194,59.29278],[18.06193,59.29418]]]},"properties":{"zone":0,"cell_type":"inclusion","proximity":4115.5,"opportunity":11851.6,"population":480}},{"type":"Feature","id":1510,"geometry":{"type":"Polygon","coordinates":[[[17.88403,59.27704],[17.88673,59.27779],[17.88944,59.27717],[17.88945,59.27582],[17.88675,59.27507],[17.88405,59.27569],[17.88403,59.27704]]]},"properties":{"zone":3,"cell_type":"total isolation","proximity":491.2,"opportunity":6789.2,"population":408}},{"type":"Feature","id":1511,"geometry":{"type":"Polygon","coordinates":[[[18.11998,59.32139],[18.12202,59.32195],[18.12401,59.32149],[18.12402,59.32058],[18.12197,59.32002],[18.11998,59.32048],[18.11998,59.32139]]]},"properties":{"zone":3,"cell_type":"total isolation","proximity":2658.1,"opportunity":6458.2,"population":98}},{"type":"Feature","id":1512,"geometry":{"type":"Polygon","coordinates":[[[17.88936,59.34255],[17.89171,59.3432],[17.89403,59.34267],[17.89405,59.34155],[17.8917,59.3409],[17.88937,59.34143],[17.88936,59.34255]]]},"properties":{"zone":3,"cell_type":"total isolation","proximity":1345.1,"opportunity":7144.6,"population":190}},{"type":"Feature","id":1513,"geometry":{"type":"Polygon","coordinates":[[[18.12344,59.33652],[18.12481,59.33689],[18.12607,59.3366],[18.12607,59.33613],[18.12471,59.33576],[18.12344,59.33605],[18.12344,59.33652]]]},"properties":{"zone":1,"cell_type":"spatial isolation","proximity":2859.3,"opportunity":7215.7,"population":23}},{"type":"Feature","id":1514,"geometry":{"type":"Polygon","coordinates":[[[18.04408,59.35058],[18.04695,59.35137],[18.04983,59.35071],[18.04985,59.34925],[18.04698,59.34846],[18.04409,59.34912],[18.04408,59.35058]]]},"properties":{"zone":0,"cell_type":"inclusion","proximity":5288.1,"opportunity":11508.5,"population":1568}},{"type":"Feature","id":1515,"geometry":{"type":"Polygon","coordinates":[[[18.11089,59.29739],[18.11355,59.29812],[18.11621,59.2975],[18.11622,59.29618],[18.11356,59.29545],[18.1109,59.29607],[18.11089,59.29739]]]},"properties":{"zone":1,"cell_type":"spatial isolation","proximity":2925.8,"opportunity":8045.2,"population":371}},{"type":"Feature","id":1516,"geometry":{"type":"Polygon","coordinates":[[[18.05875,59.31816],[18.06162,59.31895],[18.0645,59.31829],[18.06451,59.31683],[18.06165,59.31604],[18.05876,59.31671],[18.05875,59.31816]]]},"properties":{"zone":0,"cell_type":"inclusion","proximity":6006.6,"opportunity":14350.1,"population":2193}},{"type":"Feature","id":1517,"geometry":{"type":"Polygon","coordinates":[[[18.11452,59.24272],[18.11686,59.24336],[18.11917,59.24283],[18.11918,59.24172],[18.11684,59.24107],[18.11453,59.24161],[18.11452,59.24272]]]},"properties":{"zone":3,"cell_type":"total isolation","proximity":1057.4,"opportunity":5330.4,"population":186}},{"type":"Feature","id":1518,"geometry":{"type":"Polygon","coordinates":[[[17.93541,59.29139],[17.93828,59.29218],[17.94116,59.29152],[17.94117,59.29006],[17.93831,59.28927],[17.93543,59.28993],[17.93541,59.29139]]]},"properties":{"zone":3,"cell_type":"total isolation","proximity":1446.9,"opportunity":7109.3,"population":720}},{"type":"Feature","id":1519,"geometry":{"type":"Polygon","coordinates":[[[18.08747,59.35798],[18.09006,59.35869],[18.09265,59.35809],[18.09266,59.35682],[18.09006,59.35611],[18.08748,59.3567],[18.08747,59.35798]]]},"properties":{"zone":1,"cell_type":"spatial isolation","proximity":3178.7,"opportunity":9047.2,"population":319}},{"type":"Feature","id":1520,"geometry":{"type":"Polygon","coordinates":[[[18.00187,59.31235],[18.00419,59.31299],[18.00648,59.31247],[18.00649,59.31137],[18.00417,59.31073],[18.00188,59.31126],[18.00187,59.31235]]]},"properties":{"zone":0,"cell_type":"inclusion","proximity":3509.9,"opportunity":9468.9,"population":177}},{"type":"Feature","id":1521,"geometry":{"type":"Polygon","coordinates":[[[17.88824,59.39936],[17.89101,59.40013],[17.89379,59.39949],[17.89381,59.3981],[17.89104,59.39734],[17.88826,59.39797],[17.88824,59.39936]]]},"properties":{"zone":3,"cell_type":"total isolation","proximity":960.3,"opportunity":5950.2,"population":469}},{"type":"Feature","id":1522,"geometry":{"type":"Polygon","coordinates":[[[17.88648,59.34466],[17.88881,59.3453],[17.89111,59.34477],[17.89112,59.34367],[17.8888,59.34303],[17.88649,59.34356],[17.88648,59.34466]]]},"properties":{"zone":3,"cell_type":"total isolation","proximity":1395.6,"opportunity":8442.1,"population":181}},{"type":"Feature","id":1523,"geometry":{"type":"Polygon","coordinates":[[[17.92694,59.34118],[17.92912,59.34178],[17.93127,59.34129],[17.93128,59.34028],[17.9291,59.33968],[17.92695,59.34017],[17.92694,59.34118]]]},"properties":{"zone":3,"cell_type":"total isolation","proximity":1850.3,"opportunity":9297.6,"population":133}},{"type":"Feature","id":1524,"geometry":{"type":"Polygon","coordinates":[[[17.98581,59.26371],[17.98746,59.26417],[17.98903,59.2638],[17.98903,59.26315],[17.98738,59.26269],[17.98582,59.26305],[17.98581,59.26371]]]},"properties":{"zone":3,"cell_type":"total isolation","proximity":1214.9,"opportunity":4915.5,"population":42}},{"type":"Feature","id":1525,"geometry":{"type":"Polygon","coordinates":[[[18.08183,59.30993],[18.08469,59.31072],[18.08758,59.31006],[18.08759,59.3086],[18.08472,59.30781],[18.08184,59.30848],[18.08183,59.30993]]]},"properties":{"zone":0,"cell_type":"inclusion","proximity":5022.2,"opportunity":12775.9,"population":1511}},{"type":"Feature","id":1526,"geometry":{"type":"Polygon","coordinates":[[[17.9234,59.40431],[17.92553,59.4049],[17.92763,59.40442],[17.92764,59.40346],[17.9255,59.40287],[17.92341,59.40335],[17.9234,59.40431]]]},"properties":{"zone":3,"cell_type":"total isolation","proximity":975.4,"opportunity":4985.3,"population":119}},{"type":"Feature","id":1527,"geometry":{"type":"Polygon","coordinates":[[[17.97545,59.32717],[17.97815,59.32791],[17.98084,59.32729],[17.98085,59.32596],[17.97816,59.32521],[17.97547,59.32583],[17.97545,59.32717]]]},"properties":{"zone":3,"cell_type":"total isolation","proximity":2630.5,"opportunity":7817.6,"population":396}},{"type":"Feature","id":1528,"geometry":{"type":"Polygon","coordinates":[[[18.08347,59.23533],[18.08535,59.23585],[18.08717,59.23543],[18.08718,59.23462],[18.08529,59.2341],[18.08347,59.23452],[18.08347,59.23533]]]},"properties":{"zone":3,"cell_type":"total isolation","proximity":1108,"opportunity":6078.3,"population":70}},{"type":"Feature","id":1529,"geometry":{"type":"Polygon","coordinates":[[[18.02764,59.26723],[18.03047,59.26801],[18.0333,59.26735],[18.03332,59.26592],[18.03049,59.26514],[18.02765,59.26579],[18.02764,59.26723]]]},"properties":{"zone":3,"cell_type":"total isolation","proximity":2023,"opportunity":7731.7,"population":534}},{"type":"Feature","id":1530,"geometry":{"type":"Polygon","coordinates":[[[18.13837,59.34319],[18.13916,59.34341],[18.13982,59.34326],[18.13982,59.34316],[18.13902,59.34295],[18.13837,59.3431],[18.13837,59.34319]]]},"properties":{"zone":3,"cell_type":"total isolation","proximity":1716.9,"opportunity":5.7,"population":7}},{"type":"Feature","id":1531,"geometry":{"type":"Polygon","coordinates":[[[17.92136,59.35838],[17.92319,59.35889],[17.92495,59.35848],[17.92496,59.35771],[17.92313,59.3572],[17.92137,59.35761],[17.92136,59.35838]]]},"properties":{"zone":3,"cell_type":"total isolation","proximity":1550.6,"opportunity":5625.1,"population":62}},{"type":"Feature","id":1532,"geometry":{"type":"Polygon","coordinates":[[[17.80502,59.38214],[17.80775,59.38289],[17.81049,59.38227],[17.81051,59.3809],[17.80778,59.38015],[17.80504,59.38077],[17.80502,59.38214]]]},"properties":{"zone":3,"cell_type":"total isolation","proximity":723,"opportunity":3740.3,"population":433}},{"type":"Feature","id":1533,"geometry":{"type":"Polygon","coordinates":[[[18.06936,59.26765],[18.07074,59.26803],[18.07201,59.26773],[18.07202,59.26726],[18.07064,59.26688],[18.06937,59.26717],[18.06936,59.26765]]]},"properties":{"zone":3,"cell_type":"total isolation","proximity":2426.8,"opportunity":7213,"population":23}},{"type":"Feature","id":1534,"geometry":{"type":"Polygon","coordinates":[[[18.0415,59.31778],[18.04437,59.31858],[18.04725,59.31791],[18.04727,59.31646],[18.0444,59.31567],[18.04152,59.31633],[18.0415,59.31778]]]},"properties":{"zone":0,"cell_type":"inclusion","proximity":5300.7,"opportunity":13571.4,"population":1434}},{"type":"Feature","id":1535,"geometry":{"type":"Polygon","coordinates":[[[17.96668,59.3379],[17.96941,59.33865],[17.97214,59.33802],[17.97215,59.33666],[17.96942,59.33591],[17.96669,59.33654],[17.96668,59.3379]]]},"properties":{"zone":2,"cell_type":"social isolation","proximity":2529.1,"opportunity":10263.2,"population":427}},{"type":"Feature","id":1536,"geometry":{"type":"Polygon","coordinates":[[[17.99024,59.3339],[17.99248,59.33451],[17.99468,59.33401],[17.99469,59.33297],[17.99245,59.33235],[17.99025,59.33286],[17.99024,59.3339]]]},"properties":{"zone":0,"cell_type":"inclusion","proximity":2877.7,"opportunity":9921.5,"population":148}},{"type":"Feature","id":1537,"geometry":{"type":"Polygon","coordinates":[[[18.05079,59.26332],[18.05349,59.26407],[18.05619,59.26344],[18.0562,59.26209],[18.0535,59.26135],[18.0508,59.26197],[18.05079,59.26332]]]},"properties":{"zone":3,"cell_type":"total isolation","proximity":2121.6,"opportunity":6935.6,"population":404}},{"type":"Feature","id":1538,"geometry":{"type":"Polygon","coordinates":[[[18.03575,59.31766],[18.03862,59.31845],[18.0415,59.31778],[18.04152,59.31633],[18.03865,59.31554],[18.03577,59.3162],[18.03575,59.31766]]]},"properties":{"zone":0,"cell_type":"inclusion","proximity":5262.1,"opportunity":14135.5,"population":1662}},{"type":"Feature","id":1539,"geometry":{"type":"Polygon","coordinates":[[[18.10274,59.25565],[18.10526,59.25634],[18.10777,59.25576],[18.10778,59.25453],[18.10526,59.25383],[18.10275,59.25442],[18.10274,59.25565]]]},"properties":{"zone":3,"cell_type":"total isolation","proximity":1708.7,"opportunity":6155.7,"population":276}},{"type":"Feature","id":1540,"geometry":{"type":"Polygon","coordinates":[[[17.92539,59.4155],[17.92826,59.41629],[17.93115,59.41563],[17.93116,59.41418],[17.92829,59.41339],[17.9254,59.41405],[17.92539,59.4155]]]},"properties":{"zone":3,"cell_type":"total isolation","proximity":552.2,"opportunity":5736.9,"population":723}},{"type":"Feature","id":1541,"geometry":{"type":"Polygon","coordinates":[[[18.08258,59.27485],[18.085,59.27552],[18.08741,59.27496],[18.08742,59.2738],[18.08499,59.27313],[18.08259,59.27368],[18.08258,59.27485]]]},"properties":{"zone":1,"cell_type":"spatial isolation","proximity":2907.8,"opportunity":9297.6,"population":223}},{"type":"Feature","id":1542,"geometry":{"type":"Polygon","coordinates":[[[17.91838,59.28658],[17.92109,59.28733],[17.92382,59.2867],[17.92383,59.28535],[17.92112,59.28459],[17.91839,59.28522],[17.91838,59.28658]]]},"properties":{"zone":3,"cell_type":"total isolation","proximity":1006,"opportunity":7240.3,"population":420}},{"type":"Feature","id":1543,"geometry":{"type":"Polygon","coordinates":[[[17.97061,59.27889],[17.97291,59.27952],[17.97519,59.279],[17.9752,59.27791],[17.9729,59.27728],[17.97062,59.2778],[17.97061,59.27889]]]},"properties":{"zone":3,"cell_type":"total isolation","proximity":1787,"opportunity":7419.3,"population":172}},{"type":"Feature","id":1544,"geometry":{"type":"Polygon","coordinates":[[[18.00977,59.328],[18.01264,59.32879],[18.01552,59.32813],[18.01554,59.32667],[18.01267,59.32588],[18.00979,59.32654],[18.00977,59.328]]]},"properties":{"zone":0,"cell_type":"inclusion","proximity":4537,"opportunity":12302.4,"population":1325}},{"type":"Feature","id":1545,"geometry":{"type":"Polygon","coordinates":[[[17.8629,59.36167],[17.86557,59.36241],[17.86824,59.3618],[17.86826,59.36048],[17.86559,59.35974],[17.86292,59.36035],[17.8629,59.36167]]]},"properties":{"zone":3,"cell_type":"total isolation","proximity":1367,"opportunity":6990.9,"population":378}},{"type":"Feature","id":1546,"geometry":{"type":"Polygon","coordinates":[[[18.06235,59.26791],[18.06494,59.26862],[18.06752,59.26803],[18.06753,59.26675],[18.06495,59.26604],[18.06237,59.26663],[18.06235,59.26791]]]},"properties":{"zone":3,"cell_type":"total isolation","proximity":2486.8,"opportunity":7674.6,"population":319}},{"type":"Feature","id":1547,"geometry":{"type":"Polygon","coordinates":[[[17.91437,59.38903],[17.91705,59.38977],[17.91973,59.38916],[17.91974,59.38783],[17.91707,59.38709],[17.91439,59.38771],[17.91437,59.38903]]]},"properties":{"zone":3,"cell_type":"total isolation","proximity":1149.9,"opportunity":6079.4,"population":382}},{"type":"Feature","id":1548,"geometry":{"type":"Polygon","coordinates":[[[17.80305,59.37094],[17.80506,59.3715],[17.80701,59.37105],[17.80703,59.37016],[17.80502,59.36961],[17.80306,59.37005],[17.80305,59.37094]]]},"properties":{"zone":3,"cell_type":"total isolation","proximity":624.2,"opportunity":1962.7,"population":91}},{"type":"Feature","id":1549,"geometry":{"type":"Polygon","coordinates":[[[18.13206,59.26044],[18.13398,59.26097],[18.13584,59.26054],[18.13584,59.25971],[18.13392,59.25918],[18.13206,59.25961],[18.13206,59.26044]]]},"properties":{"zone":3,"cell_type":"total isolation","proximity":1349.7,"opportunity":5769.5,"population":75}},{"type":"Feature","id":1550,"geometry":{"type":"Polygon","coordinates":[[[17.98455,59.28587],[17.98719,59.2866],[17.98984,59.28599],[17.98985,59.28468],[17.98721,59.28395],[17.98456,59.28456],[17.98455,59.28587]]]},"properties":{"zone":3,"cell_type":"total isolation","proximity":2299.3,"opportunity":7753.7,"population":360}},{"type":"Feature","id":1551,"geometry":{"type":"Polygon","coordinates":[[[18.0874,59.33188],[18.09027,59.33267],[18.09315,59.33201],[18.09316,59.33055],[18.09029,59.32976],[18.08741,59.33043],[18.0874,59.33188]]]},"properties":{"zone":0,"cell_type":"inclusion","proximity":5441,"opportunity":11761.6,"population":773}},{"type":"Feature","id":1552,"geometry":{"type":"Polygon","coordinates":[[[17.85986,59.37686],[17.86251,59.37759],[17.86515,59.37699],[17.86517,59.37568],[17.86252,59.37495],[17.85988,59.37555],[17.85986,59.37686]]]},"properties":{"zone":3,"cell_type":"total isolation","proximity":1163.6,"opportunity":6504.4,"population":359}},{"type":"Feature","id":1553,"geometry":{"type":"Polygon","coordinates":[[[18.00973,59.33236],[18.0126,59.33315],[18.01548,59.33249],[18.0155,59.33104],[18.01263,59.33024],[18.00975,59.33091],[18.00973,59.33236]]]},"properties":{"zone":0,"cell_type":"inclusion","proximity":4660.4,"opportunity":13272.6,"population":1474}},{"type":"Feature","id":1554,"geometry":{"type":"Polygon","coordinates":[[[18.13803,59.25613],[18.13976,59.25661],[18.14141,59.25622],[18.14142,59.25552],[18.13969,59.25504],[18.13804,59.25543],[18.13803,59.25613]]]},"properties":{"zone":3,"cell_type":"total isolation","proximity":1079,"opportunity":3638.5,"population":50}},{"type":"Feature","id":1555,"geometry":{"type":"Polygon","coordinates":[[[17.94333,59.35922],[17.94616,59.36],[17.949,59.35935],[17.94902,59.35792],[17.94619,59.35714],[17.94334,59.35779],[17.94333,59.35922]]]},"properties":{"zone":3,"cell_type":"total isolation","proximity":1640.9,"opportunity":6771.4,"population":535}},{"type":"Feature","id":1556,"geometry":{"type":"Polygon","coordinates":[[[18.07059,59.28346],[18.07342,59.28424],[18.07626,59.28359],[18.07627,59.28216],[18.07344,59.28138],[18.0706,59.28203],[18.07059,59.28346]]]},"properties":{"zone":0,"cell_type":"inclusion","proximity":3438.5,"opportunity":10800.2,"population":534}},{"type":"Feature","id":1557,"geometry":{"type":"Polygon","coordinates":[[[18.00468,59.27978],[18.00737,59.28052],[18.01006,59.2799],[18.01007,59.27856],[18.00738,59.27782],[18.00469,59.27844],[18.00468,59.27978]]]},"properties":{"zone":2,"cell_type":"social isolation","proximity":2466.8,"opportunity":11739.8,"population":397}},{"type":"Feature","id":1558,"geometry":{"type":"Polygon","coordinates":[[[17.90599,59.36921],[17.90864,59.36994],[17.9113,59.36934],[17.91131,59.36802],[17.90866,59.36729],[17.90601,59.3679],[17.90599,59.36921]]]},"properties":{"zone":3,"cell_type":"total isolation","proximity":1527.1,"opportunity":4480.9,"population":364}},{"type":"Feature","id":1559,"geometry":{"type":"Polygon","coordinates":[[[17.96674,59.35092],[17.96928,59.35162],[17.9718,59.35104],[17.97181,59.34981],[17.96928,59.34911],[17.96675,59.34969],[17.96674,59.35092]]]},"properties":{"zone":3,"cell_type":"total isolation","proximity":1972.4,"opportunity":7433.8,"population":282}},{"type":"Feature","id":1560,"geometry":{"type":"Polygon","coordinates":[[[17.90124,59.33835],[17.90328,59.33892],[17.90527,59.33846],[17.90528,59.33755],[17.90324,59.33699],[17.90125,59.33744],[17.90124,59.33835]]]},"properties":{"zone":3,"cell_type":"total isolation","proximity":1389.1,"opportunity":8094.1,"population":97}},{"type":"Feature","id":1561,"geometry":{"type":"Polygon","coordinates":[[[18.07058,59.28782],[18.07338,59.2886],[18.07619,59.28795],[18.0762,59.28653],[18.0734,59.28576],[18.0706,59.28641],[18.07058,59.28782]]]},"properties":{"zone":0,"cell_type":"inclusion","proximity":3606.2,"opportunity":9771.3,"population":502}},{"type":"Feature","id":1562,"geometry":{"type":"Polygon","coordinates":[[[17.97274,59.29442],[17.9756,59.29521],[17.97848,59.29455],[17.9785,59.29309],[17.97563,59.2923],[17.97275,59.29296],[17.97274,59.29442]]]},"properties":{"zone":2,"cell_type":"social isolation","proximity":2414.1,"opportunity":10366.3,"population":690}},{"type":"Feature","id":1563,"geometry":{"type":"Polygon","coordinates":[[[17.88998,59.28146],[17.89243,59.28214],[17.89487,59.28158],[17.89488,59.2804],[17.89243,59.27972],[17.89,59.28028],[17.88998,59.28146]]]},"properties":{"zone":3,"cell_type":"total isolation","proximity":591.9,"opportunity":4948.3,"population":237}},{"type":"Feature","id":1564,"geometry":{"type":"Polygon","coordinates":[[[18.10974,59.32947],[18.1105,59.32968],[18.11111,59.32954],[18.11111,59.32947],[18.11035,59.32926],[18.10975,59.3294],[18.10974,59.32947]]]},"properties":{"zone":1,"cell_type":"spatial isolation","proximity":3666.5,"opportunity":8617,"population":6}},{"type":"Feature","id":1565,"geometry":{"type":"Polygon","coordinates":[[[17.84808,59.38536],[17.85088,59.38613],[17.85369,59.38549],[17.85371,59.38408],[17.85091,59.38331],[17.8481,59.38395],[17.84808,59.38536]]]},"properties":{"zone":3,"cell_type":"total isolation","proximity":1032.8,"opportunity":5693.7,"population":499}},{"type":"Feature","id":1566,"geometry":{"type":"Polygon","coordinates":[[[18.09653,59.28182],[18.0993,59.28259],[18.10208,59.28194],[18.10209,59.28055],[18.09932,59.27979],[18.09654,59.28043],[18.09653,59.28182]]]},"properties":{"zone":0,"cell_type":"inclusion","proximity":3001.7,"opportunity":10579.1,"population":472}},{"type":"Feature","id":1567,"geometry":{"type":"Polygon","coordinates":[[[18.09904,59.31467],[18.10191,59.31546],[18.10479,59.3148],[18.1048,59.31334],[18.10193,59.31255],[18.09905,59.31322],[18.09904,59.31467]]]},"properties":{"zone":0,"cell_type":"inclusion","proximity":4069.7,"opportunity":9367.3,"population":936}},{"type":"Feature","id":1568,"geometry":{"type":"Polygon","coordinates":[[[18.04981,59.35506],[18.05267,59.35585],[18.05553,59.35519],[18.05554,59.35375],[18.05269,59.35296],[18.04983,59.35362],[18.04981,59.35506]]]},"properties":{"zone":0,"cell_type":"inclusion","proximity":4709.8,"opportunity":10426.6,"population":556}},{"type":"Feature","id":1569,"geometry":{"type":"Polygon","coordinates":[[[17.96149,59.30279],[17.96403,59.30349],[17.96656,59.30291],[17.96658,59.30167],[17.96403,59.30096],[17.9615,59.30155],[17.96149,59.30279]]]},"properties":{"zone":3,"cell_type":"total isolation","proximity":2157,"opportunity":9140.9,"population":289}},{"type":"Feature","id":1570,"geometry":{"type":"Polygon","coordinates":[[[17.87024,59.27871],[17.87237,59.27931],[17.87447,59.27882],[17.87448,59.27785],[17.87234,59.27726],[17.87025,59.27774],[17.87024,59.27871]]]},"properties":{"zone":3,"cell_type":"total isolation","proximity":354.7,"opportunity":1849,"population":120}},{"type":"Feature","id":1571,"geometry":{"type":"Polygon","coordinates":[[[17.87696,59.39468],[17.87956,59.3954],[17.88215,59.39481],[17.88217,59.39353],[17.87957,59.39282],[17.87698,59.39341],[17.87696,59.39468]]]},"properties":{"zone":3,"cell_type":"total isolation","proximity":962.2,"opportunity":4691.6,"population":322}},{"type":"Feature","id":1572,"geometry":{"type":"Polygon","coordinates":[[[18.07578,59.34473],[18.07865,59.34552],[18.08153,59.34485],[18.08155,59.3434],[18.07868,59.34261],[18.07579,59.34327],[18.07578,59.34473]]]},"properties":{"zone":0,"cell_type":"inclusion","proximity":5863,"opportunity":12494.4,"population":613}},{"type":"Feature","id":1573,"geometry":{"type":"Polygon","coordinates":[[[18.04768,59.2873],[18.0504,59.28805],[18.05312,59.28742],[18.05313,59.28606],[18.05041,59.28531],[18.04769,59.28594],[18.04768,59.2873]]]},"properties":{"zone":1,"cell_type":"spatial isolation","proximity":3176.7,"opportunity":8452.5,"population":421}},{"type":"Feature","id":1574,"geometry":{"type":"Polygon","coordinates":[[[18.04769,59.36564],[18.04972,59.3662],[18.05171,59.36575],[18.05172,59.36484],[18.04968,59.36429],[18.0477,59.36474],[18.04769,59.36564]]]},"properties":{"zone":0,"cell_type":"inclusion","proximity":2906.6,"opportunity":11230.1,"population":96}},{"type":"Feature","id":1575,"geometry":{"type":"Polygon","coordinates":[[[17.94116,59.30022],[17.94393,59.30099],[17.94671,59.30035],[17.94672,59.29896],[17.94395,59.29819],[17.94118,59.29883],[17.94116,59.30022]]]},"properties":{"zone":3,"cell_type":"total isolation","proximity":1542,"opportunity":6951.9,"population":470}},{"type":"Feature","id":1576,"geometry":{"type":"Polygon","coordinates":[[[17.874,59.38378],[17.8768,59.38456],[17.87962,59.38392],[17.87964,59.38251],[17.87683,59.38173],[17.87402,59.38237],[17.874,59.38378]]]},"properties":{"zone":3,"cell_type":"total isolation","proximity":1264,"opportunity":6438,"population":503}},{"type":"Feature","id":1577,"geometry":{"type":"Polygon","coordinates":[[[18.02405,59.33923],[18.02692,59.34002],[18.0298,59.33935],[18.02981,59.3379],[18.02694,59.33711],[18.02406,59.33777],[18.02405,59.33923]]]},"properties":{"zone":0,"cell_type":"inclusion","proximity":5023.3,"opportunity":11022.2,"population":1015}},{"type":"Feature","id":1578,"geometry":{"type":"Polygon","coordinates":[[[17.97956,59.26373],[17.98169,59.26432],[17.98378,59.26384],[17.98379,59.26287],[17.98166,59.26228],[17.97957,59.26276],[17.97956,59.26373]]]},"properties":{"zone":3,"cell_type":"total isolation","proximity":1184.2,"opportunity":4915.7,"population":119}},{"type":"Feature","id":1579,"geometry":{"type":"Polygon","coordinates":[[[18.09591,59.35169],[18.09874,59.35247],[18.10157,59.35182],[18.10158,59.35039],[18.09876,59.34961],[18.09592,59.35027],[18.09591,59.35169]]]},"properties":{"zone":1,"cell_type":"spatial isolation","proximity":3941.9,"opportunity":9247.5,"population":525}},{"type":"Feature","id":1580,"geometry":{"type":"Polygon","coordinates":[[[17.92934,59.40005],[17.93135,59.4006],[17.9333,59.40015],[17.93331,59.39927],[17.9313,59.39872],[17.92935,59.39916],[17.92934,59.40005]]]},"properties":{"zone":3,"cell_type":"total isolation","proximity":1097.1,"opportunity":5802.2,"population":90}},{"type":"Feature","id":1581,"geometry":{"type":"Polygon","coordinates":[[[18.00999,59.30617],[18.01285,59.30696],[18.01573,59.3063],[18.01575,59.30484],[18.01288,59.30405],[18.01,59.30471],[18.00999,59.30617]]]},"properties":{"zone":0,"cell_type":"inclusion","proximity":3931.2,"opportunity":10341.5,"population":1219}},{"type":"Feature","id":1582,"geometry":{"type":"Polygon","coordinates":[[[18.11035,59.34546],[18.11317,59.34624],[18.11601,59.34558],[18.11602,59.34415],[18.11319,59.34338],[18.11036,59.34403],[18.11035,59.34546]]]},"properties":{"zone":1,"cell_type":"spatial isolation","proximity":3051.8,"opportunity":8439.8,"population":527}},{"type":"Feature","id":1583,"geometry":{"type":"Polygon","coordinates":[[[17.93361,59.34538],[17.93487,59.34572],[17.93601,59.34546],[17.93601,59.34507],[17.93476,59.34472],[17.93362,59.34498],[17.93361,59.34538]]]},"properties":{"zone":3,"cell_type":"total isolation","proximity":1645.6,"opportunity":6906.4,"population":18}},{"type":"Feature","id":1584,"geometry":{"type":"Polygon","coordinates":[[[17.92117,59.34105],[17.92337,59.34166],[17.92553,59.34116],[17.92554,59.34015],[17.92335,59.33954],[17.92118,59.34003],[17.92117,59.34105]]]},"properties":{"zone":3,"cell_type":"total isolation","proximity":1680.7,"opportunity":9251,"population":137}},{"type":"Feature","id":1585,"geometry":{"type":"Polygon","coordinates":[[[17.992,59.26806],[17.99318,59.26838],[17.99423,59.26814],[17.99424,59.2678],[17.99306,59.26747],[17.99201,59.26772],[17.992,59.26806]]]},"properties":{"zone":3,"cell_type":"total isolation","proximity":1451.7,"opportunity":4984.5,"population":15}},{"type":"Feature","id":1586,"geometry":{"type":"Polygon","coordinates":[[[18.08483,59.29471],[18.0877,59.2955],[18.09058,59.29483],[18.09059,59.29338],[18.08772,59.29259],[18.08484,59.29325],[18.08483,59.29471]]]},"properties":{"zone":0,"cell_type":"inclusion","proximity":4197.8,"opportunity":12649.8,"population":824}},{"type":"Feature","id":1587,"geometry":{"type":"Polygon","coordinates":[[[18.05939,59.29184],[18.06187,59.29252],[18.06432,59.29195],[18.06434,59.29076],[18.06186,59.29007],[18.0594,59.29064],[18.05939,59.29184]]]},"properties":{"zone":0,"cell_type":"inclusion","proximity":3877.9,"opportunity":11057.6,"population":249}},{"type":"Feature","id":1588,"geometry":{"type":"Polygon","coordinates":[[[18.0905,59.30357],[18.09337,59.30436],[18.09625,59.30369],[18.09626,59.30224],[18.0934,59.30145],[18.09052,59.30211],[18.0905,59.30357]]]},"properties":{"zone":0,"cell_type":"inclusion","proximity":3975,"opportunity":10424,"population":1453}},{"type":"Feature","id":1589,"geometry":{"type":"Polygon","coordinates":[[[17.91234,59.34309],[17.91471,59.34374],[17.91707,59.3432],[17.91708,59.34207],[17.9147,59.34142],[17.91235,59.34196],[17.91234,59.34309]]]},"properties":{"zone":3,"cell_type":"total isolation","proximity":1685.9,"opportunity":8164.4,"population":201}},{"type":"Feature","id":1590,"geometry":{"type":"Polygon","coordinates":[[[18.08815,59.24014],[18.09102,59.24093],[18.09389,59.24027],[18.0939,59.23881],[18.09104,59.23802],[18.08816,59.23868],[18.08815,59.24014]]]},"properties":{"zone":3,"cell_type":"total isolation","proximity":1261,"opportunity":7650.6,"population":681}},{"type":"Feature","id":1591,"geometry":{"type":"Polygon","coordinates":[[[17.96366,59.4009],[17.96588,59.40151],[17.96807,59.40101],[17.96808,59.39998],[17.96586,59.39937],[17.96367,59.39987],[17.96366,59.4009]]]},"properties":{"zone":3,"cell_type":"total isolation","proximity":755.3,"opportunity":3625.6,"population":144}},{"type":"Feature","id":1592,"geometry":{"type":"Polygon","coordinates":[[[17.81368,59.37582],[17.81647,59.37659],[17.81927,59.37595],[17.81929,59.37455],[17.8165,59.37378],[17.8137,59.37442],[17.81368,59.37582]]]},"properties":{"zone":3,"cell_type":"total isolation","proximity":817.2,"opportunity":4407.5,"population":486}},{"type":"Feature","id":1593,"geometry":{"type":"Polygon","coordinates":[[[18.09883,59.34086],[18.1017,59.34165],[18.10458,59.34098],[18.10459,59.33953],[18.10172,59.33874],[18.09884,59.33941],[18.09883,59.34086]]]},"properties":{"zone":0,"cell_type":"inclusion","proximity":4208.7,"opportunity":10101.4,"population":652}},{"type":"Feature","id":1594,"geometry":{"type":"Polygon","coordinates":[[[17.97647,59.26591],[17.97879,59.26655],[17.98108,59.26603],[17.9811,59.26493],[17.97878,59.26429],[17.97648,59.26481],[17.97647,59.26591]]]},"properties":{"zone":3,"cell_type":"total isolation","proximity":1254.6,"opportunity":5717.8,"population":179}},{"type":"Feature","id":1595,"geometry":{"type":"Polygon","coordinates":[[[18.07374,59.27255],[18.07639,59.27328],[18.07905,59.27267],[18.07906,59.27135],[18.0764,59.27062],[18.07375,59.27123],[18.07374,59.27255]]]},"properties":{"zone":3,"cell_type":"total isolation","proximity":2853.1,"opportunity":8898.5,"population":368}},{"type":"Feature","id":1596,"geometry":{"type":"Polygon","coordinates":[[[17.97659,59.30942],[17.97837,59.30991],[17.98007,59.30952],[17.98007,59.30878],[17.9783,59.30829],[17.9766,59.30869],[17.97659,59.30942]]]},"properties":{"zone":3,"cell_type":"total isolation","proximity":2374.9,"opportunity":9126.1,"population":55}},{"type":"Feature","id":1597,"geometry":{"type":"Polygon","coordinates":[[[18.048,59.32204],[18.05011,59.32262],[18.05218,59.32214],[18.05219,59.32119],[18.05008,59.3206],[18.04801,59.32108],[18.048,59.32204]]]},"properties":{"zone":0,"cell_type":"inclusion","proximity":5345.9,"opportunity":11743.4,"population":114}},{"type":"Feature","id":1598,"geometry":{"type":"Polygon","coordinates":[[[17.97869,59.34235],[17.98089,59.34296],[17.98304,59.34246],[17.98305,59.34145],[17.98086,59.34085],[17.9787,59.34134],[17.97869,59.34235]]]},"properties":{"zone":3,"cell_type":"total isolation","proximity":2328,"opportunity":6993.2,"population":136}},{"type":"Feature","id":1599,"geometry":{"type":"Polygon","coordinates":[[[18.01872,59.31721],[18.02138,59.31795],[18.02404,59.31733],[18.02405,59.31601],[18.02139,59.31528],[18.01873,59.31589],[18.01872,59.31721]]]},"properties":{"zone":0,"cell_type":"inclusion","proximity":3951.1,"opportunity":11333.7,"population":372}},{"type":"Feature","id":1600,"geometry":{"type":"Polygon","coordinates":[[[18.14695,59.27585],[18.14825,59.27621],[18.14945,59.27593],[18.14946,59.2755],[18.14815,59.27514],[18.14695,59.27542],[18.14695,59.27585]]]},"properties":{"zone":3,"cell_type":"total isolation","proximity":1265.9,"opportunity":5237.7,"population":20}},{"type":"Feature","id":1601,"geometry":{"type":"Polygon","coordinates":[[[17.91256,59.34737],[17.91467,59.34795],[17.91674,59.34748],[17.91675,59.34652],[17.91464,59.34594],[17.91257,59.34641],[17.91256,59.34737]]]},"properties":{"zone":3,"cell_type":"total isolation","proximity":1667.3,"opportunity":6479.1,"population":114}},{"type":"Feature","id":1602,"geometry":{"type":"Polygon","coordinates":[[[18.03911,59.27184],[18.04192,59.27262],[18.04473,59.27197],[18.04475,59.27055],[18.04194,59.26977],[18.03912,59.27042],[18.03911,59.27184]]]},"properties":{"zone":3,"cell_type":"total isolation","proximity":2496.5,"opportunity":8054.7,"population":512}},{"type":"Feature","id":1603,"geometry":{"type":"Polygon","coordinates":[[[18.06301,59.3722],[18.06409,59.3725],[18.06506,59.37228],[18.06506,59.372],[18.06397,59.3717],[18.06301,59.37192],[18.06301,59.3722]]]},"properties":{"zone":3,"cell_type":"total isolation","proximity":2162.3,"opportunity":7417.5,"population":12}},{"type":"Feature","id":1604,"geometry":{"type":"Polygon","coordinates":[[[17.93412,59.40916],[17.93697,59.40994],[17.93983,59.40929],[17.93985,59.40785],[17.937,59.40707],[17.93414,59.40772],[17.93412,59.40916]]]},"properties":{"zone":3,"cell_type":"total isolation","proximity":931.2,"opportunity":6931.7,"population":552}},{"type":"Feature","id":1605,"geometry":{"type":"Polygon","coordinates":[[[17.81373,59.36421],[17.81384,59.36424],[17.81384,59.36424],[17.81373,59.36421]]]},"properties":{"zone":3,"cell_type":"total isolation","proximity":669.4,"opportunity":2559.3,"population":2}},{"type":"Feature","id":1606,"geometry":{"type":"Polygon","coordinates":[[[18.08458,59.34704],[18.08727,59.34778],[18.08996,59.34716],[18.08997,59.34582],[18.08728,59.34508],[18.08459,59.3457],[18.08458,59.34704]]]},"properties":{"zone":0,"cell_type":"inclusion","proximity":4891.5,"opportunity":11062.6,"population":395}},{"type":"Feature","id":1607,"geometry":{"type":"Polygon","coordinates":[[[17.90802,59.29468],[17.90955,59.2951],[17.911,59.29477],[17.911,59.29419],[17.90947,59.29377],[17.90803,59.2941],[17.90802,59.29468]]]},"properties":{"zone":3,"cell_type":"total isolation","proximity":935.8,"opportunity":3202.6,"population":33}},{"type":"Feature","id":1608,"geometry":{"type":"Polygon","coordinates":[[[17.87861,59.40287],[17.87953,59.40312],[17.88031,59.40295],[17.88031,59.40277],[17.87939,59.40252],[17.87861,59.4027],[17.87861,59.40287]]]},"properties":{"zone":3,"cell_type":"total isolation","proximity":483.5,"opportunity":2,"population":9}},{"type":"Feature","id":1609,"geometry":{"type":"Polygon","coordinates":[[[18.05774,59.30665],[18.05891,59.30697],[18.05997,59.30673],[18.05997,59.30639],[18.0588,59.30607],[18.05774,59.30631],[18.05774,59.30665]]]},"properties":{"zone":0,"cell_type":"inclusion","proximity":4641.7,"opportunity":9993.5,"population":15}},{"type":"Feature","id":1610,"geometry":{"type":"Polygon","coordinates":[[[17.99552,59.31676],[17.99837,59.31755],[18.00125,59.31689],[18.00126,59.31544],[17.9984,59.31465],[17.99553,59.31531],[17.99552,59.31676]]]},"properties":{"zone":1,"cell_type":"spatial isolation","proximity":3438,"opportunity":8409.7,"population":567}},{"type":"Feature","id":1611,"geometry":{"type":"Polygon","coordinates":[[[18.11322,59.23127],[18.11413,59.23152],[18.1149,59.23134],[18.11491,59.23117],[18.114,59.23092],[18.11322,59.2311],[18.11322,59.23127]]]},"properties":{"zone":3,"cell_type":"total isolation","proximity":620,"opportunity":3716.9,"population":9}},{"type":"Feature","id":1612,"geometry":{"type":"Polygon","coordinates":[[[17.86851,59.3662],[17.87127,59.36696],[17.87403,59.36633],[17.87405,59.36495],[17.87129,59.36419],[17.86853,59.36482],[17.86851,59.3662]]]},"properties":{"zone":3,"cell_type":"total isolation","proximity":1513.5,"opportunity":7412.4,"population":453}},{"type":"Feature","id":1613,"geometry":{"type":"Polygon","coordinates":[[[17.89991,59.37786],[17.90278,59.37866],[17.90566,59.378],[17.90568,59.37655],[17.90281,59.37575],[17.89993,59.37641],[17.89991,59.37786]]]},"properties":{"zone":3,"cell_type":"total isolation","proximity":1453.2,"opportunity":7628.7,"population":573}},{"type":"Feature","id":1614,"geometry":{"type":"Polygon","coordinates":[[[18.1196,59.26921],[18.12239,59.26998],[18.12518,59.26933],[18.12519,59.26793],[18.1224,59.26716],[18.11961,59.26781],[18.1196,59.26921]]]},"properties":{"zone":3,"cell_type":"total isolation","proximity":1872.9,"opportunity":8446.3,"population":487}},{"type":"Feature","id":1615,"geometry":{"type":"Polygon","coordinates":[[[18.053,59.31804],[18.05587,59.31883],[18.05875,59.31816],[18.05876,59.31671],[18.0559,59.31592],[18.05302,59.31658],[18.053,59.31804]]]},"properties":{"zone":0,"cell_type":"inclusion","proximity":5778.9,"opportunity":13972.8,"population":2041}},{"type":"Feature","id":1616,"geometry":{"type":"Polygon","coordinates":[[[18.02148,59.30643],[18.02435,59.30722],[18.02723,59.30655],[18.02724,59.3051],[18.02438,59.30431],[18.0215,59.30497],[18.02148,59.30643]]]},"properties":{"zone":0,"cell_type":"inclusion","proximity":4336.4,"opportunity":12795.2,"population":867}},{"type":"Feature","id":1617,"geometry":{"type":"Polygon","coordinates":[[[18.09611,59.32551],[18.09895,59.32629],[18.10179,59.32564],[18.10181,59.3242],[18.09897,59.32342],[18.09612,59.32408],[18.09611,59.32551]]]},"properties":{"zone":0,"cell_type":"inclusion","proximity":4639.6,"opportunity":11229.6,"population":540}},{"type":"Feature","id":1618,"geometry":{"type":"Polygon","coordinates":[[[17.89681,59.39741],[17.89967,59.3982],[17.90254,59.39754],[17.90256,59.3961],[17.8997,59.39531],[17.89683,59.39596],[17.89681,59.39741]]]},"properties":{"zone":3,"cell_type":"total isolation","proximity":1021.9,"opportunity":7115.6,"population":565}},{"type":"Feature","id":1619,"geometry":{"type":"Polygon","coordinates":[[[17.94924,59.36365],[17.95187,59.36438],[17.9545,59.36377],[17.95452,59.36248],[17.95188,59.36175],[17.94925,59.36235],[17.94924,59.36365]]]},"properties":{"zone":3,"cell_type":"total isolation","proximity":1590.8,"opportunity":5298.2,"population":348}},{"type":"Feature","id":1620,"geometry":{"type":"Polygon","coordinates":[[[18.05645,59.27219],[18.05916,59.27293],[18.06186,59.27231],[18.06187,59.27096],[18.05917,59.27021],[18.05647,59.27084],[18.05645,59.27219]]]},"properties":{"zone":2,"cell_type":"social isolation","proximity":2659.8,"opportunity":9502.6,"population":406}},{"type":"Feature","id":1621,"geometry":{"type":"Polygon","coordinates":[[[18.01055,59.28423],[18.01308,59.28493],[18.0156,59.28435],[18.01561,59.28311],[18.01308,59.28241],[18.01056,59.28299],[18.01055,59.28423]]]},"properties":{"zone":3,"cell_type":"total isolation","proximity":2546.4,"opportunity":9198.1,"population":281}},{"type":"Feature","id":1622,"geometry":{"type":"Polygon","coordinates":[[[18.10482,59.31043],[18.10769,59.31122],[18.11057,59.31055],[18.11059,59.3091],[18.10772,59.30831],[18.10484,59.30897],[18.10482,59.31043]]]},"properties":{"zone":1,"cell_type":"spatial isolation","proximity":2882.8,"opportunity":8178.8,"population":1694}},{"type":"Feature","id":1623,"geometry":{"type":"Polygon","coordinates":[[[17.8196,59.37156],[17.82228,59.37231],[17.82498,59.3717],[17.82499,59.37036],[17.82231,59.36962],[17.81962,59.37023],[17.8196,59.37156]]]},"properties":{"zone":3,"cell_type":"total isolation","proximity":847.9,"opportunity":4382.3,"population":392}},{"type":"Feature","id":1624,"geometry":{"type":"Polygon","coordinates":[[[17.95483,59.35948],[17.95766,59.36027],[17.96052,59.35961],[17.96053,59.35818],[17.95769,59.3574],[17.95484,59.35805],[17.95483,59.35948]]]},"properties":{"zone":3,"cell_type":"total isolation","proximity":1709.1,"opportunity":6974,"population":543}},{"type":"Feature","id":1625,"geometry":{"type":"Polygon","coordinates":[[[17.95863,59.28313],[17.96136,59.28389],[17.9641,59.28326],[17.96411,59.28189],[17.96138,59.28113],[17.95864,59.28176],[17.95863,59.28313]]]},"properties":{"zone":3,"cell_type":"total isolation","proximity":1797.5,"opportunity":8248.2,"population":435}},{"type":"Feature","id":1626,"geometry":{"type":"Polygon","coordinates":[[[18.11377,59.33447],[18.11615,59.33513],[18.11851,59.33458],[18.11852,59.33345],[18.11614,59.33279],[18.11378,59.33333],[18.11377,59.33447]]]},"properties":{"zone":0,"cell_type":"inclusion","proximity":3553.4,"opportunity":9874.4,"population":204}},{"type":"Feature","id":1627,"geometry":{"type":"Polygon","coordinates":[[[17.83387,59.37411],[17.83664,59.37488],[17.83942,59.37424],[17.83943,59.37285],[17.83666,59.37209],[17.83388,59.37272],[17.83387,59.37411]]]},"properties":{"zone":3,"cell_type":"total isolation","proximity":1049.5,"opportunity":4728.5,"population":468}},{"type":"Feature","id":1628,"geometry":{"type":"Polygon","coordinates":[[[17.91275,59.35166],[17.91463,59.35218],[17.91646,59.35176],[17.91647,59.35095],[17.91458,59.35043],[17.91275,59.35085],[17.91275,59.35166]]]},"properties":{"zone":3,"cell_type":"total isolation","proximity":1642.2,"opportunity":5646.8,"population":70}},{"type":"Feature","id":1629,"geometry":{"type":"Polygon","coordinates":[[[18.11137,59.25365],[18.1139,59.25434],[18.11641,59.25376],[18.11642,59.25253],[18.11389,59.25183],[18.11138,59.25241],[18.11137,59.25365]]]},"properties":{"zone":3,"cell_type":"total isolation","proximity":1509.1,"opportunity":6144.1,"population":279}},{"type":"Feature","id":1630,"geometry":{"type":"Polygon","coordinates":[[[18.10565,59.27532],[18.10799,59.27596],[18.1103,59.27543],[18.11031,59.27432],[18.10797,59.27368],[18.10566,59.27421],[18.10565,59.27532]]]},"properties":{"zone":3,"cell_type":"total isolation","proximity":2402.9,"opportunity":7219.9,"population":184}},{"type":"Feature","id":1631,"geometry":{"type":"Polygon","coordinates":[[[17.9788,59.27703],[17.98153,59.27779],[17.98427,59.27716],[17.98428,59.27579],[17.98155,59.27503],[17.97882,59.27566],[17.9788,59.27703]]]},"properties":{"zone":3,"cell_type":"total isolation","proximity":1814,"opportunity":7435.1,"population":433}},{"type":"Feature","id":1632,"geometry":{"type":"Polygon","coordinates":[[[17.91438,59.38469],[17.9171,59.38544],[17.91982,59.38482],[17.91984,59.38346],[17.91712,59.38271],[17.91439,59.38333],[17.91438,59.38469]]]},"properties":{"zone":3,"cell_type":"total isolation","proximity":1179.5,"opportunity":6619.4,"population":421}},{"type":"Feature","id":1633,"geometry":{"type":"Polygon","coordinates":[[[18.00773,59.28632],[18.01019,59.287],[18.01262,59.28644],[18.01264,59.28525],[18.01018,59.28458],[18.00774,59.28514],[18.00773,59.28632]]]},"properties":{"zone":3,"cell_type":"total isolation","proximity":2668.2,"opportunity":8301,"population":239}},{"type":"Feature","id":1634,"geometry":{"type":"Polygon","coordinates":[[[17.94841,59.30425],[17.94969,59.3046],[17.95087,59.30433],[17.95087,59.30392],[17.94959,59.30357],[17.94842,59.30384],[17.94841,59.30425]]]},"properties":{"zone":3,"cell_type":"total isolation","proximity":1732.5,"opportunity":7201.1,"population":19}},{"type":"Feature","id":1635,"geometry":{"type":"Polygon","coordinates":[[[17.88287,59.3774],[17.88552,59.37813],[17.88817,59.37752],[17.88819,59.37621],[17.88554,59.37548],[17.88289,59.37609],[17.88287,59.3774]]]},"properties":{"zone":3,"cell_type":"total isolation","proximity":1421.2,"opportunity":6433.8,"population":362}},{"type":"Feature","id":1636,"geometry":{"type":"Polygon","coordinates":[[[18.06226,59.35503],[18.06421,59.35557],[18.06611,59.35513],[18.06612,59.35428],[18.06416,59.35374],[18.06226,59.35418],[18.06226,59.35503]]]},"properties":{"zone":1,"cell_type":"spatial isolation","proximity":4251.6,"opportunity":7891.5,"population":81}},{"type":"Feature","id":1637,"geometry":{"type":"Polygon","coordinates":[[[18.12251,59.28452],[18.12515,59.28525],[18.12779,59.28464],[18.1278,59.28333],[18.12515,59.2826],[18.12252,59.28321],[18.12251,59.28452]]]},"properties":{"zone":3,"cell_type":"total isolation","proximity":2230.2,"opportunity":8191.1,"population":356}},{"type":"Feature","id":1638,"geometry":{"type":"Polygon","coordinates":[[[18.06431,59.34011],[18.06718,59.3409],[18.07007,59.34024],[18.07008,59.33878],[18.06721,59.33799],[18.06433,59.33866],[18.06431,59.34011]]]},"properties":{"zone":0,"cell_type":"inclusion","proximity":6640.5,"opportunity":13844,"population":991}},{"type":"Feature","id":1639,"geometry":{"type":"Polygon","coordinates":[[[17.86566,59.39001],[17.86811,59.39068],[17.87054,59.39013],[17.87055,59.38895],[17.86811,59.38828],[17.86568,59.38883],[17.86566,59.39001]]]},"properties":{"zone":3,"cell_type":"total isolation","proximity":1055.2,"opportunity":5210.1,"population":232}},{"type":"Feature","id":1640,"geometry":{"type":"Polygon","coordinates":[[[18.09601,59.33425],[18.09888,59.33504],[18.10176,59.33438],[18.10177,59.33292],[18.0989,59.33213],[18.09602,59.3328],[18.09601,59.33425]]]},"properties":{"zone":0,"cell_type":"inclusion","proximity":4837.6,"opportunity":11095.5,"population":1177}},{"type":"Feature","id":1641,"geometry":{"type":"Polygon","coordinates":[[[17.88021,59.35772],[17.88288,59.35846],[17.88556,59.35784],[17.88557,59.35652],[17.8829,59.35578],[17.88023,59.35639],[17.88021,59.35772]]]},"properties":{"zone":3,"cell_type":"total isolation","proximity":1563.9,"opportunity":7225.7,"population":381}},{"type":"Feature","id":1642,"geometry":{"type":"Polygon","coordinates":[[[18.11408,59.35179],[18.11604,59.35233],[18.11794,59.35189],[18.11794,59.35103],[18.11598,59.3505],[18.11408,59.35094],[18.11408,59.35179]]]},"properties":{"zone":3,"cell_type":"total isolation","proximity":2390.2,"opportunity":4550.9,"population":82}},{"type":"Feature","id":1643,"geometry":{"type":"Polygon","coordinates":[[[17.91276,59.28206],[17.9154,59.28279],[17.91805,59.28218],[17.91806,59.28087],[17.91542,59.28013],[17.91277,59.28074],[17.91276,59.28206]]]},"properties":{"zone":3,"cell_type":"total isolation","proximity":939.6,"opportunity":5796.2,"population":362}},{"type":"Feature","id":1644,"geometry":{"type":"Polygon","coordinates":[[[18.03761,59.25175],[18.03927,59.25221],[18.04085,59.25184],[18.04086,59.25118],[18.0392,59.25072],[18.03762,59.25109],[18.03761,59.25175]]]},"properties":{"zone":3,"cell_type":"total isolation","proximity":1465.7,"opportunity":4816.7,"population":43}},{"type":"Feature","id":1645,"geometry":{"type":"Polygon","coordinates":[[[17.95002,59.32428],[17.95231,59.32491],[17.95457,59.32439],[17.95458,59.32332],[17.95229,59.32268],[17.95003,59.3232],[17.95002,59.32428]]]},"properties":{"zone":3,"cell_type":"total isolation","proximity":1799.4,"opportunity":6036.3,"population":167}},{"type":"Feature","id":1646,"geometry":{"type":"Polygon","coordinates":[[[18.09723,59.23364],[18.0997,59.23432],[18.10215,59.23376],[18.10216,59.23256],[18.09969,59.23188],[18.09724,59.23245],[18.09723,59.23364]]]},"properties":{"zone":2,"cell_type":"social isolation","proximity":946.6,"opportunity":9486.1,"population":246}},{"type":"Feature","id":1647,"geometry":{"type":"Polygon","coordinates":[[[18.03833,59.35045],[18.0412,59.35124],[18.04408,59.35058],[18.04409,59.34912],[18.04122,59.34833],[18.03834,59.349],[18.03833,59.35045]]]},"properties":{"zone":0,"cell_type":"inclusion","proximity":5172.5,"opportunity":11852.9,"population":1680}},{"type":"Feature","id":1648,"geometry":{"type":"Polygon","coordinates":[[[17.98424,59.30338],[17.98701,59.30414],[17.98979,59.3035],[17.9898,59.30211],[17.98703,59.30135],[17.98426,59.30199],[17.98424,59.30338]]]},"properties":{"zone":3,"cell_type":"total isolation","proximity":2840.1,"opportunity":9201.9,"population":468}},{"type":"Feature","id":1649,"geometry":{"type":"Polygon","coordinates":[[[18.03563,59.33075],[18.0385,59.33154],[18.04138,59.33088],[18.0414,59.32942],[18.03853,59.32863],[18.03565,59.3293],[18.03563,59.33075]]]},"properties":{"zone":0,"cell_type":"inclusion","proximity":5851.7,"opportunity":13226.6,"population":1398}},{"type":"Feature","id":1650,"geometry":{"type":"Polygon","coordinates":[[[17.96411,59.33122],[17.96661,59.33191],[17.96909,59.33133],[17.96911,59.33012],[17.96661,59.32943],[17.96412,59.33],[17.96411,59.33122]]]},"properties":{"zone":3,"cell_type":"total isolation","proximity":2419.9,"opportunity":9198.5,"population":262}},{"type":"Feature","id":1651,"geometry":{"type":"Polygon","coordinates":[[[18.02483,59.26061],[18.02766,59.26139],[18.03049,59.26073],[18.03051,59.2593],[18.02768,59.25852],[18.02484,59.25917],[18.02483,59.26061]]]},"properties":{"zone":3,"cell_type":"total isolation","proximity":1713.5,"opportunity":7062.5,"population":533}},{"type":"Feature","id":1652,"geometry":{"type":"Polygon","coordinates":[[[17.90058,59.4124],[17.90241,59.41291],[17.90418,59.41251],[17.90419,59.41173],[17.90236,59.41123],[17.90059,59.41163],[17.90058,59.4124]]]},"properties":{"zone":3,"cell_type":"total isolation","proximity":642.8,"opportunity":4926.1,"population":62}},{"type":"Feature","id":1653,"geometry":{"type":"Polygon","coordinates":[[[18.06494,59.30074],[18.06753,59.30145],[18.07012,59.30085],[18.07013,59.29958],[18.06754,59.29887],[18.06495,59.29946],[18.06494,59.30074]]]},"properties":{"zone":0,"cell_type":"inclusion","proximity":4218.5,"opportunity":11462,"population":319}},{"type":"Feature","id":1654,"geometry":{"type":"Polygon","coordinates":[[[17.98424,59.32514],[17.9868,59.32585],[17.98935,59.32526],[17.98936,59.32401],[17.9868,59.3233],[17.98426,59.32389],[17.98424,59.32514]]]},"properties":{"zone":1,"cell_type":"spatial isolation","proximity":3072.7,"opportunity":9145.9,"population":297}},{"type":"Feature","id":1655,"geometry":{"type":"Polygon","coordinates":[[[17.85687,59.37465],[17.85965,59.37542],[17.86244,59.37479],[17.86246,59.37339],[17.85968,59.37262],[17.85689,59.37326],[17.85687,59.37465]]]},"properties":{"zone":3,"cell_type":"total isolation","proximity":1264.9,"opportunity":6239.8,"population":476}},{"type":"Feature","id":1656,"geometry":{"type":"Polygon","coordinates":[[[17.93732,59.39827],[17.93998,59.39901],[17.94264,59.3984],[17.94265,59.39708],[17.93999,59.39635],[17.93733,59.39696],[17.93732,59.39827]]]},"properties":{"zone":3,"cell_type":"total isolation","proximity":1053.2,"opportunity":5813.1,"population":369}},{"type":"Feature","id":1657,"geometry":{"type":"Polygon","coordinates":[[[17.83678,59.38068],[17.83943,59.38141],[17.84208,59.38081],[17.8421,59.3795],[17.83945,59.37876],[17.8368,59.37937],[17.83678,59.38068]]]},"properties":{"zone":3,"cell_type":"total isolation","proximity":1001.3,"opportunity":4478.1,"population":362}},{"type":"Feature","id":1658,"geometry":{"type":"Polygon","coordinates":[[[18.10541,59.25795],[18.10811,59.25869],[18.11081,59.25807],[18.11082,59.25672],[18.10812,59.25598],[18.10542,59.2566],[18.10541,59.25795]]]},"properties":{"zone":3,"cell_type":"total isolation","proximity":1814.2,"opportunity":8293.9,"population":406}},{"type":"Feature","id":1659,"geometry":{"type":"Polygon","coordinates":[[[18.02719,59.31092],[18.03006,59.31171],[18.03294,59.31105],[18.03295,59.30959],[18.03008,59.3088],[18.0272,59.30946],[18.02719,59.31092]]]},"properties":{"zone":0,"cell_type":"inclusion","proximity":4754.7,"opportunity":12209.3,"population":802}},{"type":"Feature","id":1660,"geometry":{"type":"Polygon","coordinates":[[[18.06193,59.32902],[18.06442,59.3297],[18.06688,59.32913],[18.0669,59.32793],[18.06441,59.32725],[18.06194,59.32782],[18.06193,59.32902]]]},"properties":{"zone":0,"cell_type":"inclusion","proximity":6850.1,"opportunity":14895.1,"population":253}},{"type":"Feature","id":1661,"geometry":{"type":"Polygon","coordinates":[[[17.87832,59.2769],[17.88099,59.27764],[17.88366,59.27702],[17.88368,59.2757],[17.88101,59.27496],[17.87834,59.27557],[17.87832,59.2769]]]},"properties":{"zone":3,"cell_type":"total isolation","proximity":411.9,"opportunity":4479.5,"population":380}},{"type":"Feature","id":1662,"geometry":{"type":"Polygon","coordinates":[[[17.9526,59.33965],[17.95502,59.34032],[17.95741,59.33977],[17.95742,59.33862],[17.95501,59.33795],[17.95262,59.3385],[17.9526,59.33965]]]},"properties":{"zone":2,"cell_type":"social isolation","proximity":2111.6,"opportunity":9841.5,"population":217}},{"type":"Feature","id":1663,"geometry":{"type":"Polygon","coordinates":[[[18.01341,59.26905],[18.01609,59.26979],[18.01877,59.26917],[18.01879,59.26783],[18.0161,59.26709],[18.01342,59.26771],[18.01341,59.26905]]]},"properties":{"zone":3,"cell_type":"total isolation","proximity":1289.4,"opportunity":7151.6,"population":390}},{"type":"Feature","id":1664,"geometry":{"type":"Polygon","coordinates":[[[18.04471,59.28073],[18.04758,59.28152],[18.05046,59.28085],[18.05047,59.2794],[18.04761,59.2786],[18.04473,59.27927],[18.04471,59.28073]]]},"properties":{"zone":0,"cell_type":"inclusion","proximity":2980.3,"opportunity":9357.7,"population":638}},{"type":"Feature","id":1665,"geometry":{"type":"Polygon","coordinates":[[[17.80227,59.38854],[17.8048,59.38924],[17.80731,59.38867],[17.80733,59.38744],[17.8048,59.38674],[17.80229,59.38731],[17.80227,59.38854]]]},"properties":{"zone":3,"cell_type":"total isolation","proximity":575.2,"opportunity":3727.1,"population":275}},{"type":"Feature","id":1666,"geometry":{"type":"Polygon","coordinates":[[[17.88015,59.36642],[17.88278,59.36715],[17.88541,59.36655],[17.88542,59.36525],[17.88279,59.36453],[17.88017,59.36513],[17.88015,59.36642]]]},"properties":{"zone":3,"cell_type":"total isolation","proximity":1555.3,"opportunity":6773.6,"population":346}},{"type":"Feature","id":1667,"geometry":{"type":"Polygon","coordinates":[[[17.96156,59.28971],[17.96417,59.29043],[17.96677,59.28983],[17.96678,59.28854],[17.96418,59.28782],[17.96157,59.28842],[17.96156,59.28971]]]},"properties":{"zone":2,"cell_type":"social isolation","proximity":2105.8,"opportunity":10421.4,"population":332}},{"type":"Feature","id":1668,"geometry":{"type":"Polygon","coordinates":[[[18.07904,59.29895],[18.08191,59.29974],[18.08479,59.29908],[18.0848,59.29762],[18.08194,59.29683],[18.07906,59.2975],[18.07904,59.29895]]]},"properties":{"zone":0,"cell_type":"inclusion","proximity":4491.6,"opportunity":15254.9,"population":811}},{"type":"Feature","id":1669,"geometry":{"type":"Polygon","coordinates":[[[17.94213,59.34778],[17.94347,59.34815],[17.9447,59.34787],[17.9447,59.34742],[17.94337,59.34705],[17.94213,59.34733],[17.94213,59.34778]]]},"properties":{"zone":3,"cell_type":"total isolation","proximity":1598,"opportunity":5943.2,"population":21}},{"type":"Feature","id":1670,"geometry":{"type":"Polygon","coordinates":[[[18.0938,59.26646],[18.09655,59.26722],[18.0993,59.26658],[18.09931,59.2652],[18.09657,59.26444],[18.09382,59.26508],[18.0938,59.26646]]]},"properties":{"zone":3,"cell_type":"total isolation","proximity":2402.7,"opportunity":7457.9,"population":448}},{"type":"Feature","id":1671,"geometry":{"type":"Polygon","coordinates":[[[17.9469,59.29165],[17.94977,59.29244],[17.95265,59.29178],[17.95266,59.29032],[17.9498,59.28953],[17.94692,59.29019],[17.9469,59.29165]]]},"properties":{"zone":3,"cell_type":"total isolation","proximity":1770.6,"opportunity":7441.3,"population":760}},{"type":"Feature","id":1672,"geometry":{"type":"Polygon","coordinates":[[[17.78439,59.3853],[17.78477,59.38541],[17.78499,59.38536],[17.7846,59.38525],[17.78439,59.3853]]]},"properties":{"zone":3,"cell_type":"total isolation","proximity":401.7,"opportunity":12.1,"population":4}},{"type":"Feature","id":1673,"geometry":{"type":"Polygon","coordinates":[[[17.92141,59.34532],[17.92333,59.34585],[17.9252,59.34543],[17.92521,59.3446],[17.92328,59.34406],[17.92142,59.34449],[17.92141,59.34532]]]},"properties":{"zone":3,"cell_type":"total isolation","proximity":1755.6,"opportunity":7259.5,"population":75}},{"type":"Feature","id":1674,"geometry":{"type":"Polygon","coordinates":[[[18.03649,59.26081],[18.03915,59.26154],[18.04181,59.26093],[18.04182,59.25961],[18.03916,59.25887],[18.0365,59.25948],[18.03649,59.26081]]]},"properties":{"zone":2,"cell_type":"social isolation","proximity":2087.3,"opportunity":9579.8,"population":375}},{"type":"Feature","id":1675,"geometry":{"type":"Polygon","coordinates":[[[18.09685,59.24248],[18.09962,59.24325],[18.10239,59.24261],[18.1024,59.24121],[18.09963,59.24045],[18.09686,59.24109],[18.09685,59.24248]]]},"properties":{"zone":3,"cell_type":"total isolation","proximity":1345,"opportunity":7780.4,"population":470}},{"type":"Feature","id":1676,"geometry":{"type":"Polygon","coordinates":[[[18.11081,59.27998],[18.11368,59.28077],[18.11656,59.2801],[18.11657,59.27864],[18.1137,59.27785],[18.11082,59.27852],[18.11081,59.27998]]]},"properties":{"zone":3,"cell_type":"total isolation","proximity":2530,"opportunity":8402.6,"population":607}},{"type":"Feature","id":1677,"geometry":{"type":"Polygon","coordinates":[[[17.98484,59.28143],[17.98725,59.2821],[17.98964,59.28154],[17.98965,59.28039],[17.98724,59.27972],[17.98485,59.28027],[17.98484,59.28143]]]},"properties":{"zone":3,"cell_type":"total isolation","proximity":2143.2,"opportunity":8242.7,"population":218}},{"type":"Feature","id":1678,"geometry":{"type":"Polygon","coordinates":[[[17.95517,59.34634],[17.95781,59.34707],[17.96046,59.34646],[17.96047,59.34515],[17.95783,59.34442],[17.95518,59.34503],[17.95517,59.34634]]]},"properties":{"zone":3,"cell_type":"total isolation","proximity":2104.2,"opportunity":7529.2,"population":358}},{"type":"Feature","id":1679,"geometry":{"type":"Polygon","coordinates":[[[18.04991,59.34198],[18.05278,59.34277],[18.05566,59.34211],[18.05568,59.34065],[18.05281,59.33986],[18.04993,59.34052],[18.04991,59.34198]]]},"properties":{"zone":0,"cell_type":"inclusion","proximity":6535.2,"opportunity":15387.2,"population":1438}},{"type":"Feature","id":1680,"geometry":{"type":"Polygon","coordinates":[[[17.92312,59.37834],[17.92581,59.37908],[17.92849,59.37846],[17.92851,59.37713],[17.92582,59.37639],[17.92314,59.37701],[17.92312,59.37834]]]},"properties":{"zone":3,"cell_type":"total isolation","proximity":1307.7,"opportunity":5183.1,"population":388}},{"type":"Feature","id":1681,"geometry":{"type":"Polygon","coordinates":[[[17.8951,59.36441],[17.89721,59.365],[17.89928,59.36452],[17.89929,59.36357],[17.89718,59.36299],[17.89511,59.36346],[17.8951,59.36441]]]},"properties":{"zone":3,"cell_type":"total isolation","proximity":1633.7,"opportunity":5455,"population":113}},{"type":"Feature","id":1682,"geometry":{"type":"Polygon","coordinates":[[[18.18072,59.24625],[18.1829,59.24685],[18.18503,59.24635],[18.18504,59.24535],[18.18286,59.24475],[18.18073,59.24525],[18.18072,59.24625]]]},"properties":{"zone":3,"cell_type":"total isolation","proximity":309.1,"opportunity":5304.5,"population":131}},{"type":"Feature","id":1683,"geometry":{"type":"Polygon","coordinates":[[[17.81642,59.38678],[17.8192,59.38755],[17.82199,59.38692],[17.82201,59.38552],[17.81923,59.38475],[17.81644,59.38539],[17.81642,59.38678]]]},"properties":{"zone":3,"cell_type":"total isolation","proximity":741.7,"opportunity":2619.6,"population":479}},{"type":"Feature","id":1684,"geometry":{"type":"Polygon","coordinates":[[[17.88841,59.38194],[17.89122,59.38272],[17.89404,59.38207],[17.89406,59.38066],[17.89125,59.37988],[17.88843,59.38053],[17.88841,59.38194]]]},"properties":{"zone":3,"cell_type":"total isolation","proximity":1393.5,"opportunity":7980.5,"population":510}},{"type":"Feature","id":1685,"geometry":{"type":"Polygon","coordinates":[[[18.03845,59.33736],[18.04132,59.33815],[18.0442,59.33749],[18.04421,59.33603],[18.04134,59.33524],[18.03846,59.33591],[18.03845,59.33736]]]},"properties":{"zone":0,"cell_type":"inclusion","proximity":5796.8,"opportunity":11777.6,"population":1333}},{"type":"Feature","id":1686,"geometry":{"type":"Polygon","coordinates":[[[18.07039,59.34884],[18.07288,59.34953],[18.07534,59.34896],[18.07535,59.34776],[18.07287,59.34707],[18.0704,59.34764],[18.07039,59.34884]]]},"properties":{"zone":0,"cell_type":"inclusion","proximity":5407.6,"opportunity":12172.6,"population":252}},{"type":"Feature","id":1687,"geometry":{"type":"Polygon","coordinates":[[[18.13107,59.27819],[18.13382,59.27894],[18.13657,59.2783],[18.13658,59.27693],[18.13383,59.27617],[18.13108,59.27681],[18.13107,59.27819]]]},"properties":{"zone":3,"cell_type":"total isolation","proximity":1788.3,"opportunity":7881.2,"population":449}},{"type":"Feature","id":1688,"geometry":{"type":"Polygon","coordinates":[[[18.03353,59.28474],[18.03606,59.28544],[18.03858,59.28485],[18.03859,59.28362],[18.03606,59.28292],[18.03354,59.2835],[18.03353,59.28474]]]},"properties":{"zone":1,"cell_type":"spatial isolation","proximity":2887.6,"opportunity":8175.9,"population":281}},{"type":"Feature","id":1689,"geometry":{"type":"Polygon","coordinates":[[[18.08443,59.34273],[18.0873,59.34352],[18.09018,59.34286],[18.09019,59.3414],[18.08732,59.34061],[18.08444,59.34128],[18.08443,59.34273]]]},"properties":{"zone":0,"cell_type":"inclusion","proximity":5502.2,"opportunity":13534.2,"population":1666}},{"type":"Feature","id":1690,"geometry":{"type":"Polygon","coordinates":[[[17.95484,59.35513],[17.95771,59.35592],[17.96059,59.35526],[17.96061,59.35381],[17.95774,59.35302],[17.95486,59.35368],[17.95484,59.35513]]]},"properties":{"zone":3,"cell_type":"total isolation","proximity":1749.7,"opportunity":7829.4,"population":626}},{"type":"Feature","id":1691,"geometry":{"type":"Polygon","coordinates":[[[18.09921,59.29284],[18.10208,59.29363],[18.10496,59.29296],[18.10497,59.2915],[18.10211,59.29071],[18.09923,59.29138],[18.09921,59.29284]]]},"properties":{"zone":0,"cell_type":"inclusion","proximity":3391.6,"opportunity":11506.6,"population":882}},{"type":"Feature","id":1692,"geometry":{"type":"Polygon","coordinates":[[[18.03361,59.28907],[18.03603,59.28973],[18.03842,59.28918],[18.03843,59.28802],[18.03602,59.28736],[18.03362,59.28791],[18.03361,59.28907]]]},"properties":{"zone":1,"cell_type":"spatial isolation","proximity":3075.9,"opportunity":8227.6,"population":219}},{"type":"Feature","id":1693,"geometry":{"type":"Polygon","coordinates":[[[18.03337,59.27607],[18.03613,59.27683],[18.0389,59.27619],[18.03891,59.27481],[18.03615,59.27404],[18.03338,59.27468],[18.03337,59.27607]]]},"properties":{"zone":3,"cell_type":"total isolation","proximity":2516.2,"opportunity":7714.7,"population":463}},{"type":"Feature","id":1694,"geometry":{"type":"Polygon","coordinates":[[[18.0592,59.27883],[18.06197,59.27959],[18.06475,59.27895],[18.06476,59.27756],[18.06199,59.27679],[18.05921,59.27743],[18.0592,59.27883]]]},"properties":{"zone":0,"cell_type":"inclusion","proximity":2987,"opportunity":9733.6,"population":473}},{"type":"Feature","id":1695,"geometry":{"type":"Polygon","coordinates":[[[17.89841,59.27084],[17.90117,59.2716],[17.90393,59.27097],[17.90395,59.26958],[17.90119,59.26881],[17.89842,59.26945],[17.89841,59.27084]]]},"properties":{"zone":3,"cell_type":"total isolation","proximity":569.3,"opportunity":4650.2,"population":462}},{"type":"Feature","id":1696,"geometry":{"type":"Polygon","coordinates":[[[17.88678,59.34022],[17.88887,59.3408],[17.89092,59.34033],[17.89093,59.33938],[17.88884,59.33881],[17.88679,59.33927],[17.88678,59.34022]]]},"properties":{"zone":3,"cell_type":"total isolation","proximity":1240.2,"opportunity":6433.3,"population":109}},{"type":"Feature","id":1697,"geometry":{"type":"Polygon","coordinates":[[[17.98993,59.30788],[17.99272,59.30865],[17.99551,59.30801],[17.99553,59.3066],[17.99274,59.30583],[17.98994,59.30648],[17.98993,59.30788]]]},"properties":{"zone":0,"cell_type":"inclusion","proximity":3195,"opportunity":10067.9,"population":490}},{"type":"Feature","id":1698,"geometry":{"type":"Polygon","coordinates":[[[18.02136,59.31952],[18.02423,59.32031],[18.02711,59.31965],[18.02712,59.3182],[18.02425,59.3174],[18.02137,59.31807],[18.02136,59.31952]]]},"properties":{"zone":0,"cell_type":"inclusion","proximity":4371.3,"opportunity":10448.9,"population":1054}},{"type":"Feature","id":1699,"geometry":{"type":"Polygon","coordinates":[[[17.82563,59.36293],[17.82816,59.36363],[17.83068,59.36306],[17.8307,59.36183],[17.82817,59.36112],[17.82565,59.3617],[17.82563,59.36293]]]},"properties":{"zone":3,"cell_type":"total isolation","proximity":805.7,"opportunity":5860.6,"population":279}},{"type":"Feature","id":1700,"geometry":{"type":"Polygon","coordinates":[[[18.1266,59.25151],[18.12831,59.25198],[18.12994,59.2516],[18.12995,59.25091],[18.12824,59.25043],[18.1266,59.25081],[18.1266,59.25151]]]},"properties":{"zone":3,"cell_type":"total isolation","proximity":1171.3,"opportunity":5962,"population":48}},{"type":"Feature","id":1701,"geometry":{"type":"Polygon","coordinates":[[[18.07036,59.30532],[18.07323,59.30611],[18.07611,59.30544],[18.07613,59.30398],[18.07326,59.30319],[18.07038,59.30386],[18.07036,59.30532]]]},"properties":{"zone":0,"cell_type":"inclusion","proximity":4902,"opportunity":12530,"population":1120}},{"type":"Feature","id":1702,"geometry":{"type":"Polygon","coordinates":[[[18.10942,59.23367],[18.11121,59.23417],[18.11292,59.23377],[18.11293,59.23302],[18.11114,59.23253],[18.10943,59.23293],[18.10942,59.23367]]]},"properties":{"zone":3,"cell_type":"total isolation","proximity":813.8,"opportunity":6966.1,"population":57}},{"type":"Feature","id":1703,"geometry":{"type":"Polygon","coordinates":[[[17.8431,59.36327],[17.84543,59.36392],[17.84773,59.36339],[17.84774,59.3623],[17.84542,59.36165],[17.84311,59.36218],[17.8431,59.36327]]]},"properties":{"zone":3,"cell_type":"total isolation","proximity":961.7,"opportunity":5793,"population":180}},{"type":"Feature","id":1704,"geometry":{"type":"Polygon","coordinates":[[[18.0629,59.25466],[18.06507,59.25526],[18.0672,59.25477],[18.06721,59.25377],[18.06504,59.25317],[18.06291,59.25366],[18.0629,59.25466]]]},"properties":{"zone":3,"cell_type":"total isolation","proximity":1772,"opportunity":4719.8,"population":130}},{"type":"Feature","id":1705,"geometry":{"type":"Polygon","coordinates":[[[18.0846,59.35573],[18.0872,59.35645],[18.0898,59.35585],[18.08981,59.35458],[18.0872,59.35386],[18.08461,59.35446],[18.0846,59.35573]]]},"properties":{"zone":0,"cell_type":"inclusion","proximity":3997.5,"opportunity":9581.2,"population":324}},{"type":"Feature","id":1706,"geometry":{"type":"Polygon","coordinates":[[[17.86851,59.38791],[17.87101,59.3886],[17.87349,59.38803],[17.87351,59.38683],[17.87101,59.38614],[17.86853,59.3867],[17.86851,59.38791]]]},"properties":{"zone":3,"cell_type":"total isolation","proximity":916.2,"opportunity":6397.4,"population":260}},{"type":"Feature","id":1707,"geometry":{"type":"Polygon","coordinates":[[[17.94281,59.40283],[17.94568,59.40362],[17.94857,59.40296],[17.94858,59.4015],[17.94571,59.40071],[17.94282,59.40137],[17.94281,59.40283]]]},"properties":{"zone":3,"cell_type":"total isolation","proximity":1070.9,"opportunity":7893.3,"population":736}},{"type":"Feature","id":1708,"geometry":{"type":"Polygon","coordinates":[[[18.14376,59.27806],[18.14535,59.2785],[18.14686,59.27815],[18.14687,59.27754],[18.14527,59.2771],[18.14377,59.27745],[18.14376,59.27806]]]},"properties":{"zone":3,"cell_type":"total isolation","proximity":1372.8,"opportunity":5392.7,"population":37}},{"type":"Feature","id":1709,"geometry":{"type":"Polygon","coordinates":[[[18.0365,59.30437],[18.03877,59.305],[18.041,59.30448],[18.04101,59.30342],[18.03874,59.3028],[18.03651,59.30331],[18.0365,59.30437]]]},"properties":{"zone":0,"cell_type":"inclusion","proximity":4456.1,"opportunity":10262.4,"population":159}},{"type":"Feature","id":1710,"geometry":{"type":"Polygon","coordinates":[[[18.07044,59.32271],[18.07309,59.32344],[18.07574,59.32283],[18.07575,59.32152],[18.0731,59.32079],[18.07045,59.3214],[18.07044,59.32271]]]},"properties":{"zone":0,"cell_type":"inclusion","proximity":6597.2,"opportunity":15406.5,"population":364}},{"type":"Feature","id":1711,"geometry":{"type":"Polygon","coordinates":[[[18.0772,59.32688],[18.07885,59.32734],[18.08042,59.32698],[18.08042,59.32632],[18.07877,59.32587],[18.0772,59.32623],[18.0772,59.32688]]]},"properties":{"zone":0,"cell_type":"inclusion","proximity":5640.2,"opportunity":12229.3,"population":42}},{"type":"Feature","id":1712,"geometry":{"type":"Polygon","coordinates":[[[17.91125,59.39555],[17.91409,59.39634],[17.91694,59.39569],[17.91695,59.39426],[17.91412,59.39347],[17.91127,59.39413],[17.91125,59.39555]]]},"properties":{"zone":3,"cell_type":"total isolation","proximity":1104.2,"opportunity":6221.5,"population":536}},{"type":"Feature","id":1713,"geometry":{"type":"Polygon","coordinates":[[[17.88923,59.35563],[17.89155,59.35627],[17.89385,59.35574],[17.89386,59.35465],[17.89154,59.35401],[17.88924,59.35453],[17.88923,59.35563]]]},"properties":{"zone":3,"cell_type":"total isolation","proximity":1626.2,"opportunity":6226.9,"population":179}},{"type":"Feature","id":1714,"geometry":{"type":"Polygon","coordinates":[[[17.93827,59.32844],[17.94076,59.32913],[17.94323,59.32856],[17.94324,59.32736],[17.94076,59.32667],[17.93829,59.32724],[17.93827,59.32844]]]},"properties":{"zone":3,"cell_type":"total isolation","proximity":1749.2,"opportunity":6880.2,"population":253}},{"type":"Feature","id":1715,"geometry":{"type":"Polygon","coordinates":[[[17.92401,59.36069],[17.92603,59.36125],[17.928,59.36079],[17.92801,59.3599],[17.92599,59.35934],[17.92402,59.35979],[17.92401,59.36069]]]},"properties":{"zone":3,"cell_type":"total isolation","proximity":1602.4,"opportunity":5486.3,"population":93}},{"type":"Feature","id":1716,"geometry":{"type":"Polygon","coordinates":[[[18.16151,59.2521],[18.16279,59.25245],[18.16395,59.25218],[18.16395,59.25178],[18.16268,59.25143],[18.16152,59.2517],[18.16151,59.2521]]]},"properties":{"zone":3,"cell_type":"total isolation","proximity":555.4,"opportunity":5208.2,"population":19}},{"type":"Feature","id":1717,"geometry":{"type":"Polygon","coordinates":[[[18.05074,59.28512],[18.0533,59.28583],[18.05585,59.28524],[18.05586,59.28399],[18.0533,59.28328],[18.05075,59.28387],[18.05074,59.28512]]]},"properties":{"zone":1,"cell_type":"spatial isolation","proximity":3261.4,"opportunity":8205.4,"population":300}},{"type":"Feature","id":1718,"geometry":{"type":"Polygon","coordinates":[[[17.99283,59.29705],[17.9957,59.29784],[17.99858,59.29718],[17.99859,59.29572],[17.99572,59.29493],[17.99284,59.2956],[17.99283,59.29705]]]},"properties":{"zone":0,"cell_type":"inclusion","proximity":2996.9,"opportunity":11375.6,"population":766}},{"type":"Feature","id":1719,"geometry":{"type":"Polygon","coordinates":[[[18.12031,59.25591],[18.12251,59.25652],[18.12467,59.25602],[18.12467,59.255],[18.12248,59.2544],[18.12032,59.2549],[18.12031,59.25591]]]},"properties":{"zone":3,"cell_type":"total isolation","proximity":1369.2,"opportunity":6447.1,"population":137}},{"type":"Feature","id":1720,"geometry":{"type":"Polygon","coordinates":[[[18.03324,59.29354],[18.03597,59.29429],[18.03871,59.29366],[18.03872,59.29229],[18.03599,59.29154],[18.03325,59.29217],[18.03324,59.29354]]]},"properties":{"zone":0,"cell_type":"inclusion","proximity":3075.3,"opportunity":10374.6,"population":434}},{"type":"Feature","id":1721,"geometry":{"type":"Polygon","coordinates":[[[17.90271,59.38447],[17.90558,59.38526],[17.90847,59.3846],[17.90848,59.38315],[17.90561,59.38236],[17.90273,59.38302],[17.90271,59.38447]]]},"properties":{"zone":3,"cell_type":"total isolation","proximity":1333.1,"opportunity":7777,"population":579}},{"type":"Feature","id":1722,"geometry":{"type":"Polygon","coordinates":[[[17.88924,59.35997],[17.8915,59.3606],[17.89374,59.36008],[17.89375,59.35903],[17.89149,59.3584],[17.88925,59.35891],[17.88924,59.35997]]]},"properties":{"zone":3,"cell_type":"total isolation","proximity":1504.1,"opportunity":6137.6,"population":158}},{"type":"Feature","id":1723,"geometry":{"type":"Polygon","coordinates":[[[17.95864,59.3223],[17.96096,59.32294],[17.96325,59.32241],[17.96326,59.32132],[17.96094,59.32068],[17.95865,59.3212],[17.95864,59.3223]]]},"properties":{"zone":3,"cell_type":"total isolation","proximity":1794.5,"opportunity":7257.9,"population":178}},{"type":"Feature","id":1724,"geometry":{"type":"Polygon","coordinates":[[[17.80221,59.37988],[17.80491,59.38062],[17.80761,59.38001],[17.80762,59.37867],[17.80493,59.37792],[17.80223,59.37854],[17.80221,59.37988]]]},"properties":{"zone":3,"cell_type":"total isolation","proximity":695.8,"opportunity":3714,"population":398}},{"type":"Feature","id":1725,"geometry":{"type":"Polygon","coordinates":[[[18.07964,59.25519],[18.08228,59.25592],[18.08492,59.25531],[18.08493,59.254],[18.08229,59.25327],[18.07965,59.25388],[18.07964,59.25519]]]},"properties":{"zone":3,"cell_type":"total isolation","proximity":2113,"opportunity":8220.4,"population":358}},{"type":"Feature","id":1726,"geometry":{"type":"Polygon","coordinates":[[[17.95276,59.2961],[17.95547,59.29685],[17.95819,59.29622],[17.9582,59.29487],[17.95549,59.29412],[17.95278,59.29474],[17.95276,59.2961]]]},"properties":{"zone":3,"cell_type":"total isolation","proximity":1877.7,"opportunity":7640.6,"population":413}},{"type":"Feature","id":1727,"geometry":{"type":"Polygon","coordinates":[[[18.03608,59.32626],[18.03856,59.32695],[18.04101,59.32638],[18.04102,59.32518],[18.03855,59.3245],[18.03609,59.32507],[18.03608,59.32626]]]},"properties":{"zone":0,"cell_type":"inclusion","proximity":5591,"opportunity":11761.1,"population":247}},{"type":"Feature","id":1728,"geometry":{"type":"Polygon","coordinates":[[[17.87195,59.37261],[17.87409,59.3732],[17.87619,59.37272],[17.87621,59.37175],[17.87406,59.37115],[17.87196,59.37163],[17.87195,59.37261]]]},"properties":{"zone":3,"cell_type":"total isolation","proximity":1408.6,"opportunity":5864.5,"population":121}},{"type":"Feature","id":1729,"geometry":{"type":"Polygon","coordinates":[[[17.78879,59.39009],[17.79042,59.39055],[17.79197,59.39019],[17.79198,59.38955],[17.79035,59.3891],[17.7888,59.38946],[17.78879,59.39009]]]},"properties":{"zone":3,"cell_type":"total isolation","proximity":457.7,"opportunity":2301.2,"population":40}},{"type":"Feature","id":1730,"geometry":{"type":"Polygon","coordinates":[[[17.98745,59.33163],[17.98962,59.33223],[17.99176,59.33174],[17.99177,59.33074],[17.9896,59.33014],[17.98746,59.33063],[17.98745,59.33163]]]},"properties":{"zone":1,"cell_type":"spatial isolation","proximity":2904.2,"opportunity":9306.5,"population":131}},{"type":"Feature","id":1731,"geometry":{"type":"Polygon","coordinates":[[[17.92813,59.34951],[17.92908,59.34978],[17.92989,59.34959],[17.9299,59.3494],[17.92895,59.34913],[17.92813,59.34932],[17.92813,59.34951]]]},"properties":{"zone":3,"cell_type":"total isolation","proximity":1429.8,"opportunity":5085.6,"population":9}},{"type":"Feature","id":1732,"geometry":{"type":"Polygon","coordinates":[[[17.99848,59.32333],[18.00119,59.32408],[18.0039,59.32345],[18.00392,59.3221],[18.00121,59.32135],[17.99849,59.32198],[17.99848,59.32333]]]},"properties":{"zone":1,"cell_type":"spatial isolation","proximity":3519.9,"opportunity":8185.9,"population":413}},{"type":"Feature","id":1733,"geometry":{"type":"Polygon","coordinates":[[[18.04648,59.25404],[18.04788,59.25443],[18.04918,59.25413],[18.04918,59.25364],[18.04778,59.25325],[18.04648,59.25355],[18.04648,59.25404]]]},"properties":{"zone":3,"cell_type":"total isolation","proximity":1757.1,"opportunity":6567.1,"population":25}},{"type":"Feature","id":1734,"geometry":{"type":"Polygon","coordinates":[[[18.08551,59.25091],[18.08807,59.25162],[18.09062,59.25103],[18.09063,59.24977],[18.08807,59.24907],[18.08552,59.24966],[18.08551,59.25091]]]},"properties":{"zone":3,"cell_type":"total isolation","proximity":1828.8,"opportunity":6072.6,"population":301}},{"type":"Feature","id":1735,"geometry":{"type":"Polygon","coordinates":[[[18.05008,59.33322],[18.05286,59.33399],[18.05565,59.33335],[18.05567,59.33195],[18.05288,59.33118],[18.05009,59.33183],[18.05008,59.33322]]]},"properties":{"zone":0,"cell_type":"inclusion","proximity":6546.6,"opportunity":14822,"population":481}},{"type":"Feature","id":1736,"geometry":{"type":"Polygon","coordinates":[[[17.92262,59.41323],[17.92541,59.414],[17.9282,59.41336],[17.92821,59.41197],[17.92543,59.4112],[17.92264,59.41184],[17.92262,59.41323]]]},"properties":{"zone":3,"cell_type":"total isolation","proximity":764.8,"opportunity":6968.7,"population":477}},{"type":"Feature","id":1737,"geometry":{"type":"Polygon","coordinates":[[[18.09925,59.28847],[18.10212,59.28926],[18.105,59.28859],[18.10501,59.28714],[18.10214,59.28635],[18.09926,59.28701],[18.09925,59.28847]]]},"properties":{"zone":1,"cell_type":"spatial isolation","proximity":3064.6,"opportunity":8754.1,"population":639}},{"type":"Feature","id":1738,"geometry":{"type":"Polygon","coordinates":[[[17.93251,59.2935],[17.93538,59.2943],[17.93826,59.29364],[17.93828,59.29218],[17.93541,59.29139],[17.93253,59.29205],[17.93251,59.2935]]]},"properties":{"zone":3,"cell_type":"total isolation","proximity":1374.8,"opportunity":9319.9,"population":644}},{"type":"Feature","id":1739,"geometry":{"type":"Polygon","coordinates":[[[17.99367,59.27502],[17.99594,59.27565],[17.99818,59.27513],[17.99819,59.27407],[17.99592,59.27344],[17.99368,59.27396],[17.99367,59.27502]]]},"properties":{"zone":3,"cell_type":"total isolation","proximity":1991.2,"opportunity":7671,"population":160}},{"type":"Feature","id":1740,"geometry":{"type":"Polygon","coordinates":[[[17.85474,59.3635],[17.85694,59.36411],[17.8591,59.36362],[17.85911,59.36261],[17.85691,59.362],[17.85476,59.36249],[17.85474,59.3635]]]},"properties":{"zone":3,"cell_type":"total isolation","proximity":1313.7,"opportunity":5689.5,"population":136}},{"type":"Feature","id":1741,"geometry":{"type":"Polygon","coordinates":[[[17.92901,59.38277],[17.93152,59.38346],[17.93401,59.38289],[17.93403,59.38168],[17.93152,59.38099],[17.92903,59.38156],[17.92901,59.38277]]]},"properties":{"zone":3,"cell_type":"total isolation","proximity":1171.4,"opportunity":6307.4,"population":265}},{"type":"Feature","id":1742,"geometry":{"type":"Polygon","coordinates":[[[17.99923,59.27521],[18.00168,59.27588],[18.0041,59.27532],[18.00411,59.27414],[18.00167,59.27347],[17.99925,59.27403],[17.99923,59.27521]]]},"properties":{"zone":2,"cell_type":"social isolation","proximity":2067.6,"opportunity":9535.2,"population":232}},{"type":"Feature","id":1743,"geometry":{"type":"Polygon","coordinates":[[[18.13106,59.25782],[18.13118,59.25785],[18.13118,59.25785],[18.13106,59.25782]]]},"properties":{"zone":3,"cell_type":"total isolation","proximity":1231,"opportunity":5509,"population":2}},{"type":"Feature","id":1744,"geometry":{"type":"Polygon","coordinates":[[[18.00143,59.29943],[18.00429,59.30022],[18.00718,59.29956],[18.00719,59.2981],[18.00432,59.29731],[18.00144,59.29797],[18.00143,59.29943]]]},"properties":{"zone":0,"cell_type":"inclusion","proximity":3269.9,"opportunity":10438.1,"population":899}},{"type":"Feature","id":1745,"geometry":{"type":"Polygon","coordinates":[[[17.92688,59.29769],[17.92959,59.29844],[17.93231,59.29782],[17.93232,59.29646],[17.92961,59.29571],[17.92689,59.29634],[17.92688,59.29769]]]},"properties":{"zone":3,"cell_type":"total isolation","proximity":1323.6,"opportunity":7209.9,"population":417}},{"type":"Feature","id":1746,"geometry":{"type":"Polygon","coordinates":[[[18.08371,59.32243],[18.08466,59.32269],[18.08549,59.3225],[18.08549,59.3223],[18.08453,59.32204],[18.08371,59.32223],[18.08371,59.32243]]]},"properties":{"zone":1,"cell_type":"spatial isolation","proximity":4630.9,"opportunity":8820,"population":9}},{"type":"Feature","id":1747,"geometry":{"type":"Polygon","coordinates":[[[17.87681,59.39039],[17.8796,59.39116],[17.88241,59.39052],[17.88243,59.38911],[17.87963,59.38834],[17.87682,59.38898],[17.87681,59.39039]]]},"properties":{"zone":3,"cell_type":"total isolation","proximity":1076,"opportunity":6717.2,"population":496}},{"type":"Feature","id":1748,"geometry":{"type":"Polygon","coordinates":[[[18.09081,59.28605],[18.09352,59.2868],[18.09623,59.28617],[18.09625,59.28481],[18.09353,59.28407],[18.09082,59.28469],[18.09081,59.28605]]]},"properties":{"zone":0,"cell_type":"inclusion","proximity":3329.1,"opportunity":10956.8,"population":415}},{"type":"Feature","id":1749,"geometry":{"type":"Polygon","coordinates":[[[18.01893,59.2736],[18.02179,59.27439],[18.02465,59.27372],[18.02467,59.27228],[18.02181,59.27149],[18.01895,59.27215],[18.01893,59.2736]]]},"properties":{"zone":2,"cell_type":"social isolation","proximity":2257.5,"opportunity":9656.1,"population":563}},{"type":"Feature","id":1750,"geometry":{"type":"Polygon","coordinates":[[[18.09015,59.34722],[18.09302,59.34801],[18.0959,59.34734],[18.09591,59.34589],[18.09304,59.3451],[18.09016,59.34576],[18.09015,59.34722]]]},"properties":{"zone":0,"cell_type":"inclusion","proximity":4676.4,"opportunity":10526.7,"population":979}},{"type":"Feature","id":1751,"geometry":{"type":"Polygon","coordinates":[[[17.90316,59.36696],[17.90579,59.36768],[17.90842,59.36708],[17.90844,59.36579],[17.90581,59.36506],[17.90318,59.36566],[17.90316,59.36696]]]},"properties":{"zone":3,"cell_type":"total isolation","proximity":1591.5,"opportunity":4817.2,"population":347}},{"type":"Feature","id":1752,"geometry":{"type":"Polygon","coordinates":[[[17.91429,59.41077],[17.9168,59.41146],[17.9193,59.41089],[17.91932,59.40967],[17.91681,59.40898],[17.91431,59.40955],[17.91429,59.41077]]]},"properties":{"zone":3,"cell_type":"total isolation","proximity":783.9,"opportunity":5628.2,"population":267}},{"type":"Feature","id":1753,"geometry":{"type":"Polygon","coordinates":[[[18.09102,59.25111],[18.0938,59.25188],[18.09659,59.25123],[18.0966,59.24983],[18.09382,59.24906],[18.09103,59.24971],[18.09102,59.25111]]]},"properties":{"zone":3,"cell_type":"total isolation","proximity":1769.7,"opportunity":6088.8,"population":484}},{"type":"Feature","id":1754,"geometry":{"type":"Polygon","coordinates":[[[17.96369,59.34874],[17.96641,59.34949],[17.96914,59.34886],[17.96916,59.3475],[17.96643,59.34675],[17.9637,59.34738],[17.96369,59.34874]]]},"properties":{"zone":3,"cell_type":"total isolation","proximity":2104.7,"opportunity":8394.3,"population":426}},{"type":"Feature","id":1755,"geometry":{"type":"Polygon","coordinates":[[[18.03978,59.25856],[18.04206,59.25919],[18.0443,59.25867],[18.04431,59.2576],[18.04203,59.25698],[18.03979,59.25749],[18.03978,59.25856]]]},"properties":{"zone":3,"cell_type":"total isolation","proximity":1742.9,"opportunity":6915.1,"population":163}},{"type":"Feature","id":1756,"geometry":{"type":"Polygon","coordinates":[[[17.88694,59.27927],[17.88958,59.28],[17.89222,59.2794],[17.89223,59.27809],[17.8896,59.27736],[17.88696,59.27796],[17.88694,59.27927]]]},"properties":{"zone":3,"cell_type":"total isolation","proximity":478.1,"opportunity":6175.1,"population":356}},{"type":"Feature","id":1757,"geometry":{"type":"Polygon","coordinates":[[[17.89202,59.34485],[17.89455,59.34555],[17.89707,59.34498],[17.89709,59.34374],[17.89456,59.34304],[17.89203,59.34362],[17.89202,59.34485]]]},"properties":{"zone":3,"cell_type":"total isolation","proximity":1451.7,"opportunity":8447.5,"population":282}},{"type":"Feature","id":1758,"geometry":{"type":"Polygon","coordinates":[[[18.12524,59.33908],[18.12763,59.33974],[18.12998,59.33919],[18.12999,59.33806],[18.12761,59.3374],[18.12525,59.33795],[18.12524,59.33908]]]},"properties":{"zone":3,"cell_type":"total isolation","proximity":2565.5,"opportunity":6368.7,"population":203}},{"type":"Feature","id":1759,"geometry":{"type":"Polygon","coordinates":[[[18.04412,59.34622],[18.04699,59.34701],[18.04987,59.34634],[18.04989,59.34489],[18.04702,59.3441],[18.04413,59.34476],[18.04412,59.34622]]]},"properties":{"zone":0,"cell_type":"inclusion","proximity":5770.7,"opportunity":13765.8,"population":1256}},{"type":"Feature","id":1760,"geometry":{"type":"Polygon","coordinates":[[[17.93891,59.31955],[17.94087,59.32009],[17.94279,59.31965],[17.9428,59.31879],[17.94083,59.31825],[17.93892,59.31869],[17.93891,59.31955]]]},"properties":{"zone":3,"cell_type":"total isolation","proximity":1302.2,"opportunity":5285.8,"population":83}},{"type":"Feature","id":1761,"geometry":{"type":"Polygon","coordinates":[[[17.97829,59.32942],[17.981,59.33017],[17.98371,59.32955],[17.98372,59.3282],[17.98101,59.32745],[17.9783,59.32807],[17.97829,59.32942]]]},"properties":{"zone":0,"cell_type":"inclusion","proximity":2996.1,"opportunity":10207,"population":412}},{"type":"Feature","id":1762,"geometry":{"type":"Polygon","coordinates":[[[17.85968,59.38994],[17.86234,59.39068],[17.86501,59.39007],[17.86502,59.38875],[17.86236,59.38802],[17.85969,59.38862],[17.85968,59.38994]]]},"properties":{"zone":3,"cell_type":"total isolation","proximity":963,"opportunity":3859.4,"population":372}},{"type":"Feature","id":1763,"geometry":{"type":"Polygon","coordinates":[[[18.05003,59.32889],[18.0529,59.32968],[18.05578,59.32901],[18.05579,59.32756],[18.05292,59.32677],[18.05004,59.32743],[18.05003,59.32889]]]},"properties":{"zone":0,"cell_type":"inclusion","proximity":6143.3,"opportunity":13956.4,"population":1255}},{"type":"Feature","id":1764,"geometry":{"type":"Polygon","coordinates":[[[18.05856,59.33999],[18.06143,59.34078],[18.06431,59.34011],[18.06433,59.33866],[18.06146,59.33787],[18.05857,59.33853],[18.05856,59.33999]]]},"properties":{"zone":0,"cell_type":"inclusion","proximity":6664.8,"opportunity":15021.4,"population":1974}},{"type":"Feature","id":1765,"geometry":{"type":"Polygon","coordinates":[[[18.04321,59.37383],[18.04394,59.37403],[18.04453,59.3739],[18.04453,59.37385],[18.04379,59.37365],[18.04321,59.37378],[18.04321,59.37383]]]},"properties":{"zone":3,"cell_type":"total isolation","proximity":1742.1,"opportunity":6391.2,"population":6}},{"type":"Feature","id":1766,"geometry":{"type":"Polygon","coordinates":[[[18.09918,59.2972],[18.10205,59.29799],[18.10493,59.29733],[18.10494,59.29587],[18.10207,59.29508],[18.09919,59.29575],[18.09918,59.2972]]]},"properties":{"zone":0,"cell_type":"inclusion","proximity":3484.9,"opportunity":11647,"population":640}},{"type":"Feature","id":1767,"geometry":{"type":"Polygon","coordinates":[[[17.8141,59.37135],[17.81654,59.37203],[17.81897,59.37147],[17.81898,59.3703],[17.81654,59.36963],[17.81412,59.37018],[17.8141,59.37135]]]},"properties":{"zone":3,"cell_type":"total isolation","proximity":742.2,"opportunity":4187.6,"population":231}},{"type":"Feature","id":1768,"geometry":{"type":"Polygon","coordinates":[[[18.05879,59.3138],[18.06166,59.31459],[18.06454,59.31392],[18.06455,59.31247],[18.06168,59.31168],[18.0588,59.31234],[18.05879,59.3138]]]},"properties":{"zone":0,"cell_type":"inclusion","proximity":5719.4,"opportunity":13858.7,"population":1517}},{"type":"Feature","id":1769,"geometry":{"type":"Polygon","coordinates":[[[17.94989,59.2895],[17.95267,59.29027],[17.95546,59.28963],[17.95547,59.28823],[17.95269,59.28746],[17.9499,59.2881],[17.94989,59.2895]]]},"properties":{"zone":3,"cell_type":"total isolation","proximity":1806.9,"opportunity":7613.3,"population":481}},{"type":"Feature","id":1770,"geometry":{"type":"Polygon","coordinates":[[[18.09658,59.26437],[18.09944,59.26516],[18.10231,59.26449],[18.10232,59.26304],[18.09946,59.26225],[18.09659,59.26292],[18.09658,59.26437]]]},"properties":{"zone":3,"cell_type":"total isolation","proximity":2250.3,"opportunity":7571.8,"population":570}},{"type":"Feature","id":1771,"geometry":{"type":"Polygon","coordinates":[[[18.11435,59.23841],[18.11689,59.2391],[18.1194,59.23852],[18.11941,59.23728],[18.11688,59.23658],[18.11436,59.23717],[18.11435,59.23841]]]},"properties":{"zone":3,"cell_type":"total isolation","proximity":941.6,"opportunity":6138.1,"population":282}},{"type":"Feature","id":1772,"geometry":{"type":"Polygon","coordinates":[[[17.79427,59.37729],[17.79633,59.37786],[17.79835,59.3774],[17.79836,59.37648],[17.7963,59.37591],[17.79429,59.37637],[17.79427,59.37729]]]},"properties":{"zone":3,"cell_type":"total isolation","proximity":503.3,"opportunity":2136.4,"population":102}},{"type":"Feature","id":1773,"geometry":{"type":"Polygon","coordinates":[[[18.00134,59.30816],[18.00421,59.30895],[18.00709,59.30829],[18.0071,59.30683],[18.00424,59.30604],[18.00136,59.30671],[18.00134,59.30816]]]},"properties":{"zone":0,"cell_type":"inclusion","proximity":3524.9,"opportunity":10013.3,"population":753}},{"type":"Feature","id":1774,"geometry":{"type":"Polygon","coordinates":[[[17.97111,59.26567],[17.97306,59.26621],[17.97496,59.26577],[17.97497,59.26491],[17.97302,59.26437],[17.97112,59.26481],[17.97111,59.26567]]]},"properties":{"zone":3,"cell_type":"total isolation","proximity":1198,"opportunity":5716.5,"population":82}},{"type":"Feature","id":1775,"geometry":{"type":"Polygon","coordinates":[[[17.87755,59.39884],[17.87953,59.39939],[17.88146,59.39895],[17.88147,59.39809],[17.87949,59.39754],[17.87756,59.39798],[17.87755,59.39884]]]},"properties":{"zone":3,"cell_type":"total isolation","proximity":773.2,"opportunity":4554,"population":85}},{"type":"Feature","id":1776,"geometry":{"type":"Polygon","coordinates":[[[17.87551,59.34423],[17.87733,59.34473],[17.87908,59.34433],[17.87909,59.34357],[17.87727,59.34307],[17.87552,59.34347],[17.87551,59.34423]]]},"properties":{"zone":3,"cell_type":"total isolation","proximity":1203,"opportunity":6540.9,"population":60}},{"type":"Feature","id":1777,"geometry":{"type":"Polygon","coordinates":[[[17.9266,59.33693],[17.92916,59.33763],[17.9317,59.33705],[17.93171,59.3358],[17.92916,59.3351],[17.92662,59.33568],[17.9266,59.33693]]]},"properties":{"zone":3,"cell_type":"total isolation","proximity":1753.8,"opportunity":8831.5,"population":293}},{"type":"Feature","id":1778,"geometry":{"type":"Polygon","coordinates":[[[17.98938,59.26574],[17.99034,59.266],[17.99116,59.26581],[17.99116,59.26562],[17.99021,59.26535],[17.98939,59.26554],[17.98938,59.26574]]]},"properties":{"zone":3,"cell_type":"total isolation","proximity":1332.8,"opportunity":4920,"population":9}},{"type":"Feature","id":1779,"geometry":{"type":"Polygon","coordinates":[[[18.04212,59.28711],[18.04466,59.28781],[18.04719,59.28723],[18.0472,59.28599],[18.04466,59.28529],[18.04213,59.28587],[18.04212,59.28711]]]},"properties":{"zone":1,"cell_type":"spatial isolation","proximity":3300.9,"opportunity":8429.3,"population":286}},{"type":"Feature","id":1780,"geometry":{"type":"Polygon","coordinates":[[[17.96411,59.32686],[17.96665,59.32757],[17.96918,59.32698],[17.96919,59.32574],[17.96666,59.32504],[17.96413,59.32562],[17.96411,59.32686]]]},"properties":{"zone":3,"cell_type":"total isolation","proximity":2269,"opportunity":7227.2,"population":285}},{"type":"Feature","id":1781,"geometry":{"type":"Polygon","coordinates":[[[17.96417,59.3225],[17.9667,59.32319],[17.96922,59.32262],[17.96923,59.32138],[17.9667,59.32069],[17.96418,59.32126],[17.96417,59.3225]]]},"properties":{"zone":3,"cell_type":"total isolation","proximity":2017.9,"opportunity":7258.9,"population":279}},{"type":"Feature","id":1782,"geometry":{"type":"Polygon","coordinates":[[[18.13688,59.33929],[18.13914,59.3399],[18.14136,59.33939],[18.14137,59.33834],[18.13911,59.33772],[18.13689,59.33823],[18.13688,59.33929]]]},"properties":{"zone":3,"cell_type":"total isolation","proximity":1855.5,"opportunity":4045.9,"population":154}},{"type":"Feature","id":1783,"geometry":{"type":"Polygon","coordinates":[[[18.06811,59.26367],[18.07072,59.26439],[18.07333,59.26379],[18.07334,59.2625],[18.07073,59.26178],[18.06812,59.26238],[18.06811,59.26367]]]},"properties":{"zone":3,"cell_type":"total isolation","proximity":2286.1,"opportunity":7946.3,"population":338}},{"type":"Feature","id":1784,"geometry":{"type":"Polygon","coordinates":[[[17.88318,59.36427],[17.88569,59.36497],[17.88819,59.3644],[17.8882,59.36318],[17.88569,59.36248],[17.88319,59.36306],[17.88318,59.36427]]]},"properties":{"zone":3,"cell_type":"total isolation","proximity":1563.3,"opportunity":5100.7,"population":267}},{"type":"Feature","id":1785,"geometry":{"type":"Polygon","coordinates":[[[18.04436,59.32003],[18.04723,59.32082],[18.05011,59.32016],[18.05012,59.3187],[18.04725,59.31791],[18.04437,59.31858],[18.04436,59.32003]]]},"properties":{"zone":0,"cell_type":"inclusion","proximity":5254,"opportunity":13768.1,"population":741}},{"type":"Feature","id":1786,"geometry":{"type":"Polygon","coordinates":[[[17.91495,59.35845],[17.91741,59.35913],[17.91985,59.35857],[17.91987,59.35738],[17.91741,59.3567],[17.91496,59.35726],[17.91495,59.35845]]]},"properties":{"zone":3,"cell_type":"total isolation","proximity":1681.6,"opportunity":5998.1,"population":240}},{"type":"Feature","id":1787,"geometry":{"type":"Polygon","coordinates":[[[18.05074,59.25898],[18.05352,59.25975],[18.05632,59.2591],[18.05633,59.2577],[18.05354,59.25693],[18.05075,59.25757],[18.05074,59.25898]]]},"properties":{"zone":3,"cell_type":"total isolation","proximity":1701.5,"opportunity":6212.9,"population":489}},{"type":"Feature","id":1788,"geometry":{"type":"Polygon","coordinates":[[[18.09163,59.25529],[18.09379,59.25588],[18.09592,59.25539],[18.09592,59.25439],[18.09376,59.2538],[18.09163,59.25429],[18.09163,59.25529]]]},"properties":{"zone":3,"cell_type":"total isolation","proximity":1961.4,"opportunity":7591.6,"population":128}},{"type":"Feature","id":1789,"geometry":{"type":"Polygon","coordinates":[[[18.08538,59.27711],[18.08786,59.2778],[18.09032,59.27723],[18.09033,59.27602],[18.08785,59.27534],[18.08539,59.27591],[18.08538,59.27711]]]},"properties":{"zone":1,"cell_type":"spatial isolation","proximity":3069.7,"opportunity":8304.3,"population":251}},{"type":"Feature","id":1790,"geometry":{"type":"Polygon","coordinates":[[[17.91827,59.28226],[17.92114,59.28305],[17.92402,59.28239],[17.92404,59.28093],[17.92117,59.28014],[17.91829,59.2808],[17.91827,59.28226]]]},"properties":{"zone":3,"cell_type":"total isolation","proximity":986.4,"opportunity":6161.6,"population":627}},{"type":"Feature","id":1791,"geometry":{"type":"Polygon","coordinates":[[[17.95902,59.27866],[17.96142,59.27932],[17.9638,59.27877],[17.96381,59.27762],[17.96141,59.27696],[17.95903,59.27751],[17.95902,59.27866]]]},"properties":{"zone":3,"cell_type":"total isolation","proximity":1597.7,"opportunity":6328.7,"population":212}},{"type":"Feature","id":1792,"geometry":{"type":"Polygon","coordinates":[[[18.01263,59.33024],[18.0155,59.33104],[18.01838,59.33037],[18.01839,59.32892],[18.01552,59.32813],[18.01264,59.32879],[18.01263,59.33024]]]},"properties":{"zone":0,"cell_type":"inclusion","proximity":4882.9,"opportunity":13624.8,"population":1312}},{"type":"Feature","id":1793,"geometry":{"type":"Polygon","coordinates":[[[17.86379,59.35706],[17.86566,59.35758],[17.86747,59.35717],[17.86748,59.35637],[17.86561,59.35585],[17.8638,59.35626],[17.86379,59.35706]]]},"properties":{"zone":3,"cell_type":"total isolation","proximity":1312.5,"opportunity":4345.6,"population":68}},{"type":"Feature","id":1794,"geometry":{"type":"Polygon","coordinates":[[[17.88234,59.28315],[17.88383,59.28356],[17.88524,59.28324],[17.88525,59.28268],[17.88375,59.28227],[17.88234,59.28259],[17.88234,59.28315]]]},"properties":{"zone":3,"cell_type":"total isolation","proximity":520.6,"opportunity":3148.5,"population":30}},{"type":"Feature","id":1795,"geometry":{"type":"Polygon","coordinates":[[[18.07134,59.25272],[18.0737,59.25338],[18.07603,59.25284],[18.07604,59.25171],[18.07368,59.25106],[18.07135,59.2516],[18.07134,59.25272]]]},"properties":{"zone":3,"cell_type":"total isolation","proximity":1879.1,"opportunity":7543.2,"population":195}},{"type":"Feature","id":1796,"geometry":{"type":"Polygon","coordinates":[[[17.91707,59.39132],[17.9199,59.3921],[17.92273,59.39145],[17.92275,59.39003],[17.91992,59.38926],[17.91709,59.3899],[17.91707,59.39132]]]},"properties":{"zone":3,"cell_type":"total isolation","proximity":1017,"opportunity":6328,"population":521}},{"type":"Feature","id":1797,"geometry":{"type":"Polygon","coordinates":[[[18.08806,59.32733],[18.09033,59.32795],[18.09256,59.32744],[18.09257,59.32638],[18.0903,59.32576],[18.08807,59.32627],[18.08806,59.32733]]]},"properties":{"zone":0,"cell_type":"inclusion","proximity":5168.9,"opportunity":10066.8,"population":158}},{"type":"Feature","id":1798,"geometry":{"type":"Polygon","coordinates":[[[17.8626,59.37914],[17.86535,59.3799],[17.86811,59.37927],[17.86813,59.3779],[17.86538,59.37713],[17.86262,59.37776],[17.8626,59.37914]]]},"properties":{"zone":3,"cell_type":"total isolation","proximity":1292.7,"opportunity":5019.3,"population":447}},{"type":"Feature","id":1799,"geometry":{"type":"Polygon","coordinates":[[[18.01259,59.33461],[18.01545,59.3354],[18.01834,59.33474],[18.01835,59.33328],[18.01548,59.33249],[18.0126,59.33315],[18.01259,59.33461]]]},"properties":{"zone":0,"cell_type":"inclusion","proximity":4721.1,"opportunity":13127.4,"population":1388}},{"type":"Feature","id":1800,"geometry":{"type":"Polygon","coordinates":[[[17.94626,59.36144],[17.94901,59.3622],[17.95178,59.36157],[17.95179,59.36019],[17.94904,59.35943],[17.94627,59.36006],[17.94626,59.36144]]]},"properties":{"zone":3,"cell_type":"total isolation","proximity":1714.5,"opportunity":6381.7,"population":452}},{"type":"Feature","id":1801,"geometry":{"type":"Polygon","coordinates":[[[18.07341,59.28572],[18.07627,59.28651],[18.07915,59.28585],[18.07917,59.28439],[18.0763,59.2836],[18.07342,59.28427],[18.07341,59.28572]]]},"properties":{"zone":0,"cell_type":"inclusion","proximity":3501.2,"opportunity":9828.4,"population":588}},{"type":"Feature","id":1802,"geometry":{"type":"Polygon","coordinates":[[[18.00774,59.28197],[18.01023,59.28265],[18.0127,59.28208],[18.01271,59.28087],[18.01022,59.28019],[18.00775,59.28076],[18.00774,59.28197]]]},"properties":{"zone":2,"cell_type":"social isolation","proximity":2315.8,"opportunity":11714.2,"population":258}},{"type":"Feature","id":1803,"geometry":{"type":"Polygon","coordinates":[[[18.07357,59.29003],[18.07624,59.29077],[18.07891,59.29015],[18.07892,59.28882],[18.07625,59.28809],[18.07359,59.2887],[18.07357,59.29003]]]},"properties":{"zone":0,"cell_type":"inclusion","proximity":3707.3,"opportunity":9658.7,"population":379}},{"type":"Feature","id":1804,"geometry":{"type":"Polygon","coordinates":[[[18.01335,59.26035],[18.01617,59.26113],[18.01899,59.26047],[18.01901,59.25905],[18.01619,59.25827],[18.01337,59.25892],[18.01335,59.26035]]]},"properties":{"zone":3,"cell_type":"total isolation","proximity":1595.8,"opportunity":7083.7,"population":521}},{"type":"Feature","id":1805,"geometry":{"type":"Polygon","coordinates":[[[17.97559,59.29666],[17.97845,59.29746],[17.98133,59.29679],[17.98135,59.29534],[17.97848,59.29455],[17.9756,59.29521],[17.97559,59.29666]]]},"properties":{"zone":2,"cell_type":"social isolation","proximity":2550.7,"opportunity":11252.3,"population":604}},{"type":"Feature","id":1806,"geometry":{"type":"Polygon","coordinates":[[[17.89447,59.28322],[17.89535,59.28346],[17.89608,59.28329],[17.89609,59.28315],[17.89521,59.2829],[17.89448,59.28307],[17.89447,59.28322]]]},"properties":{"zone":3,"cell_type":"total isolation","proximity":673.2,"opportunity":3628.7,"population":8}},{"type":"Feature","id":1807,"geometry":{"type":"Polygon","coordinates":[[[17.94859,59.40729],[17.95139,59.40806],[17.9542,59.40742],[17.95422,59.40602],[17.95142,59.40524],[17.94861,59.40589],[17.94859,59.40729]]]},"properties":{"zone":3,"cell_type":"total isolation","proximity":888.3,"opportunity":5668.4,"population":496}},{"type":"Feature","id":1808,"geometry":{"type":"Polygon","coordinates":[[[17.85142,59.38746],[17.85375,59.3881],[17.85606,59.38757],[17.85607,59.38648],[17.85374,59.38583],[17.85143,59.38636],[17.85142,59.38746]]]},"properties":{"zone":3,"cell_type":"total isolation","proximity":1018,"opportunity":4303.1,"population":182}},{"type":"Feature","id":1809,"geometry":{"type":"Polygon","coordinates":[[[17.95538,59.33758],[17.95791,59.33827],[17.96043,59.3377],[17.96044,59.33646],[17.95791,59.33576],[17.95539,59.33634],[17.95538,59.33758]]]},"properties":{"zone":2,"cell_type":"social isolation","proximity":2345.9,"opportunity":9835.7,"population":280}},{"type":"Feature","id":1810,"geometry":{"type":"Polygon","coordinates":[[[18.09734,59.27722],[18.09937,59.27777],[18.10134,59.27732],[18.10134,59.27642],[18.09932,59.27586],[18.09735,59.27632],[18.09734,59.27722]]]},"properties":{"zone":2,"cell_type":"social isolation","proximity":2784.1,"opportunity":10505.8,"population":94}},{"type":"Feature","id":1811,"geometry":{"type":"Polygon","coordinates":[[[18.04985,59.3507],[18.0527,59.35148],[18.05557,59.35082],[18.05558,59.34938],[18.05273,59.3486],[18.04987,59.34926],[18.04985,59.3507]]]},"properties":{"zone":0,"cell_type":"inclusion","proximity":5448.5,"opportunity":11443.6,"population":556}},{"type":"Feature","id":1812,"geometry":{"type":"Polygon","coordinates":[[[17.89497,59.35576],[17.89731,59.35641],[17.89961,59.35588],[17.89962,59.35478],[17.89729,59.35413],[17.89499,59.35466],[17.89497,59.35576]]]},"properties":{"zone":3,"cell_type":"total isolation","proximity":1636.4,"opportunity":6060.6,"population":182}},{"type":"Feature","id":1813,"geometry":{"type":"Polygon","coordinates":[[[18.15892,59.2585],[18.15988,59.25876],[18.16071,59.25857],[18.16071,59.25837],[18.15975,59.25811],[18.15892,59.2583],[18.15892,59.2585]]]},"properties":{"zone":3,"cell_type":"total isolation","proximity":803.7,"opportunity":5197.6,"population":10}},{"type":"Feature","id":1814,"geometry":{"type":"Polygon","coordinates":[[[17.91756,59.39552],[17.91987,59.39616],[17.92215,59.39564],[17.92216,59.39455],[17.91985,59.39391],[17.91757,59.39444],[17.91756,59.39552]]]},"properties":{"zone":3,"cell_type":"total isolation","proximity":1083.5,"opportunity":4756.4,"population":174}},{"type":"Feature","id":1815,"geometry":{"type":"Polygon","coordinates":[[[17.96446,59.305],[17.96689,59.30567],[17.96929,59.30512],[17.96931,59.30395],[17.96688,59.30328],[17.96447,59.30384],[17.96446,59.305]]]},"properties":{"zone":3,"cell_type":"total isolation","proximity":2257.5,"opportunity":9127.5,"population":224}},{"type":"Feature","id":1816,"geometry":{"type":"Polygon","coordinates":[[[17.87312,59.28095],[17.87522,59.28154],[17.87727,59.28106],[17.87729,59.28011],[17.87519,59.27953],[17.87313,59.28],[17.87312,59.28095]]]},"properties":{"zone":3,"cell_type":"total isolation","proximity":380.2,"opportunity":2025.6,"population":112}},{"type":"Feature","id":1817,"geometry":{"type":"Polygon","coordinates":[[[17.86575,59.39432],[17.86806,59.39496],[17.87034,59.39444],[17.87035,59.39336],[17.86805,59.39272],[17.86577,59.39324],[17.86575,59.39432]]]},"properties":{"zone":3,"cell_type":"total isolation","proximity":812.9,"opportunity":2631.4,"population":172}},{"type":"Feature","id":1818,"geometry":{"type":"Polygon","coordinates":[[[18.06436,59.34445],[18.06715,59.34522],[18.06994,59.34457],[18.06995,59.34317],[18.06717,59.34241],[18.06437,59.34305],[18.06436,59.34445]]]},"properties":{"zone":0,"cell_type":"inclusion","proximity":6168.4,"opportunity":13170.7,"population":483}},{"type":"Feature","id":1819,"geometry":{"type":"Polygon","coordinates":[[[18.06161,59.32041],[18.06448,59.3212],[18.06736,59.32053],[18.06737,59.31908],[18.0645,59.31829],[18.06162,59.31895],[18.06161,59.32041]]]},"properties":{"zone":0,"cell_type":"inclusion","proximity":6328.2,"opportunity":14406.4,"population":2868}},{"type":"Feature","id":1820,"geometry":{"type":"Polygon","coordinates":[[[18.05011,59.36802],[18.05257,59.3687],[18.055,59.36814],[18.05501,59.36696],[18.05256,59.36628],[18.05012,59.36684],[18.05011,59.36802]]]},"properties":{"zone":3,"cell_type":"total isolation","proximity":2764.8,"opportunity":8121.9,"population":236}},{"type":"Feature","id":1821,"geometry":{"type":"Polygon","coordinates":[[[18.10812,59.29076],[18.11073,59.29148],[18.11334,59.29087],[18.11335,59.28958],[18.11073,59.28886],[18.10813,59.28947],[18.10812,59.29076]]]},"properties":{"zone":0,"cell_type":"inclusion","proximity":2893.1,"opportunity":10524.9,"population":335}},{"type":"Feature","id":1822,"geometry":{"type":"Polygon","coordinates":[[[18.01007,59.29744],[18.01294,59.29823],[18.01582,59.29756],[18.01583,59.29611],[18.01296,59.29532],[18.01008,59.29598],[18.01007,59.29744]]]},"properties":{"zone":0,"cell_type":"inclusion","proximity":3438.7,"opportunity":10483.1,"population":643}},{"type":"Feature","id":1823,"geometry":{"type":"Polygon","coordinates":[[[17.94442,59.30235],[17.9468,59.30301],[17.94916,59.30246],[17.94917,59.30133],[17.94679,59.30067],[17.94443,59.30121],[17.94442,59.30235]]]},"properties":{"zone":3,"cell_type":"total isolation","proximity":1627.1,"opportunity":6961.9,"population":204}},{"type":"Feature","id":1824,"geometry":{"type":"Polygon","coordinates":[[[18.03082,59.30858],[18.03298,59.30917],[18.0351,59.30868],[18.03511,59.30769],[18.03295,59.3071],[18.03083,59.30759],[18.03082,59.30858]]]},"properties":{"zone":0,"cell_type":"inclusion","proximity":4356.9,"opportunity":11175.6,"population":126}},{"type":"Feature","id":1825,"geometry":{"type":"Polygon","coordinates":[[[17.8742,59.37938],[17.87686,59.38012],[17.87953,59.37951],[17.87955,59.37819],[17.87688,59.37745],[17.87421,59.37806],[17.8742,59.37938]]]},"properties":{"zone":3,"cell_type":"total isolation","proximity":1349.9,"opportunity":6589.9,"population":375}},{"type":"Feature","id":1826,"geometry":{"type":"Polygon","coordinates":[[[18.04573,59.3022],[18.04743,59.30267],[18.04905,59.30229],[18.04906,59.3016],[18.04736,59.30114],[18.04574,59.30151],[18.04573,59.3022]]]},"properties":{"zone":0,"cell_type":"inclusion","proximity":3910.2,"opportunity":9592.1,"population":47}},{"type":"Feature","id":1827,"geometry":{"type":"Polygon","coordinates":[[[18.01254,59.33897],[18.01541,59.33976],[18.01829,59.3391],[18.01831,59.33765],[18.01544,59.33685],[18.01256,59.33752],[18.01254,59.33897]]]},"properties":{"zone":0,"cell_type":"inclusion","proximity":4366,"opportunity":14238.5,"population":650}},{"type":"Feature","id":1828,"geometry":{"type":"Polygon","coordinates":[[[18.09893,59.35389],[18.1016,59.35462],[18.10427,59.35401],[18.10429,59.35268],[18.10161,59.35195],[18.09894,59.35256],[18.09893,59.35389]]]},"properties":{"zone":0,"cell_type":"inclusion","proximity":3397.1,"opportunity":9341.7,"population":379}},{"type":"Feature","id":1829,"geometry":{"type":"Polygon","coordinates":[[[18.07856,59.35278],[18.07868,59.35281],[18.07868,59.35281],[18.07856,59.35278]]]},"properties":{"zone":1,"cell_type":"spatial isolation","proximity":4316.2,"opportunity":8453.3,"population":1}},{"type":"Feature","id":1830,"geometry":{"type":"Polygon","coordinates":[[[18.05398,59.25239],[18.05646,59.25308],[18.05894,59.25251],[18.05895,59.2513],[18.05646,59.25061],[18.05399,59.25118],[18.05398,59.25239]]]},"properties":{"zone":3,"cell_type":"total isolation","proximity":1691.2,"opportunity":5988.6,"population":258}},{"type":"Feature","id":1831,"geometry":{"type":"Polygon","coordinates":[[[18.01009,59.30178],[18.0129,59.30256],[18.01571,59.30191],[18.01572,59.3005],[18.01292,59.29972],[18.01011,59.30037],[18.01009,59.30178]]]},"properties":{"zone":0,"cell_type":"inclusion","proximity":3820.8,"opportunity":11411.5,"population":504}},{"type":"Feature","id":1832,"geometry":{"type":"Polygon","coordinates":[[[18.1136,59.34758],[18.11605,59.34826],[18.11848,59.34769],[18.11849,59.34652],[18.11604,59.34584],[18.11361,59.3464],[18.1136,59.34758]]]},"properties":{"zone":3,"cell_type":"total isolation","proximity":2810.1,"opportunity":7803.9,"population":234}},{"type":"Feature","id":1833,"geometry":{"type":"Polygon","coordinates":[[[18.1026,59.23824],[18.10539,59.23901],[18.10819,59.23836],[18.1082,59.23695],[18.10541,59.23618],[18.10261,59.23683],[18.1026,59.23824]]]},"properties":{"zone":3,"cell_type":"total isolation","proximity":1074.1,"opportunity":7036.8,"population":496}},{"type":"Feature","id":1834,"geometry":{"type":"Polygon","coordinates":[[[17.88565,59.3927],[17.88822,59.39341],[17.89079,59.39282],[17.8908,59.39156],[17.88823,59.39085],[17.88566,59.39144],[17.88565,59.3927]]]},"properties":{"zone":3,"cell_type":"total isolation","proximity":969.8,"opportunity":5681.4,"population":306}},{"type":"Feature","id":1835,"geometry":{"type":"Polygon","coordinates":[[[17.93224,59.34144],[17.93486,59.34217],[17.93747,59.34157],[17.93748,59.34028],[17.93487,59.33955],[17.93225,59.34015],[17.93224,59.34144]]]},"properties":{"zone":3,"cell_type":"total isolation","proximity":1998.6,"opportunity":9321.9,"population":337}},{"type":"Feature","id":1836,"geometry":{"type":"Polygon","coordinates":[[[17.99403,59.27056],[17.99599,59.2711],[17.9979,59.27066],[17.99791,59.2698],[17.99595,59.26926],[17.99404,59.26969],[17.99403,59.27056]]]},"properties":{"zone":3,"cell_type":"total isolation","proximity":942.7,"opportunity":4828.9,"population":83}},{"type":"Feature","id":1837,"geometry":{"type":"Polygon","coordinates":[[[18.04729,59.31355],[18.05016,59.31434],[18.05304,59.31367],[18.05305,59.31222],[18.05019,59.31143],[18.0473,59.31209],[18.04729,59.31355]]]},"properties":{"zone":0,"cell_type":"inclusion","proximity":5241.4,"opportunity":12018.1,"population":846}},{"type":"Feature","id":1838,"geometry":{"type":"Polygon","coordinates":[[[18.07333,59.29446],[18.0762,59.29525],[18.07908,59.29458],[18.07909,59.29313],[18.07622,59.29234],[18.07334,59.293],[18.07333,59.29446]]]},"properties":{"zone":0,"cell_type":"inclusion","proximity":4186.6,"opportunity":13558.4,"population":837}},{"type":"Feature","id":1839,"geometry":{"type":"Polygon","coordinates":[[[18.04831,59.29146],[18.05039,59.29203],[18.05241,59.29156],[18.05242,59.29063],[18.05035,59.29006],[18.04832,59.29053],[18.04831,59.29146]]]},"properties":{"zone":1,"cell_type":"spatial isolation","proximity":3160.5,"opportunity":8541.8,"population":105}},{"type":"Feature","id":1840,"geometry":{"type":"Polygon","coordinates":[[[18.09336,59.30581],[18.09623,59.3066],[18.09911,59.30594],[18.09912,59.30448],[18.09625,59.30369],[18.09337,59.30436],[18.09336,59.30581]]]},"properties":{"zone":0,"cell_type":"inclusion","proximity":3732.2,"opportunity":10077.7,"population":905}},{"type":"Feature","id":1841,"geometry":{"type":"Polygon","coordinates":[[[17.97315,59.32041],[17.97536,59.32102],[17.97753,59.32052],[17.97754,59.3195],[17.97533,59.31888],[17.97316,59.31938],[17.97315,59.32041]]]},"properties":{"zone":3,"cell_type":"total isolation","proximity":1969.2,"opportunity":6246.3,"population":141}},{"type":"Feature","id":1842,"geometry":{"type":"Polygon","coordinates":[[[18.08832,59.23573],[18.09106,59.23649],[18.0938,59.23585],[18.09381,59.23447],[18.09107,59.23372],[18.08833,59.23435],[18.08832,59.23573]]]},"properties":{"zone":3,"cell_type":"total isolation","proximity":1089,"opportunity":7114.6,"population":444}},{"type":"Feature","id":1843,"geometry":{"type":"Polygon","coordinates":[[[17.96623,59.40323],[17.96873,59.40392],[17.97121,59.40335],[17.97123,59.40214],[17.96873,59.40145],[17.96624,59.40202],[17.96623,59.40323]]]},"properties":{"zone":3,"cell_type":"total isolation","proximity":695.9,"opportunity":2947.5,"population":260}},{"type":"Feature","id":1844,"geometry":{"type":"Polygon","coordinates":[[[17.81645,59.37809],[17.81931,59.37889],[17.8222,59.37823],[17.82222,59.37678],[17.81935,59.37598],[17.81646,59.37664],[17.81645,59.37809]]]},"properties":{"zone":3,"cell_type":"total isolation","proximity":862.9,"opportunity":4367.8,"population":773}},{"type":"Feature","id":1845,"geometry":{"type":"Polygon","coordinates":[[[18.07421,59.26805],[18.07645,59.26867],[18.07865,59.26816],[18.07866,59.26711],[18.07642,59.26649],[18.07422,59.267],[18.07421,59.26805]]]},"properties":{"zone":3,"cell_type":"total isolation","proximity":2595,"opportunity":7861.6,"population":150}},{"type":"Feature","id":1846,"geometry":{"type":"Polygon","coordinates":[[[17.9755,59.3054],[17.97836,59.30619],[17.98125,59.30553],[17.98126,59.30407],[17.97839,59.30328],[17.97551,59.30394],[17.9755,59.3054]]]},"properties":{"zone":2,"cell_type":"social isolation","proximity":2582.4,"opportunity":10001.2,"population":967}},{"type":"Feature","id":1847,"geometry":{"type":"Polygon","coordinates":[[[17.90087,59.34716],[17.90316,59.34779],[17.90543,59.34727],[17.90544,59.3462],[17.90315,59.34556],[17.90088,59.34608],[17.90087,59.34716]]]},"properties":{"zone":3,"cell_type":"total isolation","proximity":1619,"opportunity":7082.1,"population":169}},{"type":"Feature","id":1848,"geometry":{"type":"Polygon","coordinates":[[[18.03914,59.26747],[18.04196,59.26825],[18.04477,59.2676],[18.04479,59.26618],[18.04198,59.2654],[18.03916,59.26605],[18.03914,59.26747]]]},"properties":{"zone":2,"cell_type":"social isolation","proximity":2315.2,"opportunity":9844.5,"population":514}},{"type":"Feature","id":1849,"geometry":{"type":"Polygon","coordinates":[[[18.06256,59.36799],[18.06411,59.36842],[18.06558,59.36808],[18.06559,59.36749],[18.06403,59.36706],[18.06256,59.3674],[18.06256,59.36799]]]},"properties":{"zone":3,"cell_type":"total isolation","proximity":2658.5,"opportunity":8468.2,"population":34}},{"type":"Feature","id":1850,"geometry":{"type":"Polygon","coordinates":[[[17.93714,59.41135],[17.93983,59.4121],[17.94253,59.41148],[17.94254,59.41014],[17.93985,59.4094],[17.93715,59.41002],[17.93714,59.41135]]]},"properties":{"zone":3,"cell_type":"total isolation","proximity":835.5,"opportunity":5712.2,"population":396}},{"type":"Feature","id":1851,"geometry":{"type":"Polygon","coordinates":[[[17.90526,59.40995],[17.90538,59.40998],[17.90538,59.40998],[17.90526,59.40995]]]},"properties":{"zone":3,"cell_type":"total isolation","proximity":696.9,"opportunity":4818.6,"population":2}},{"type":"Feature","id":1852,"geometry":{"type":"Polygon","coordinates":[[[17.81407,59.36702],[17.8166,59.36772],[17.81912,59.36714],[17.81913,59.36591],[17.81661,59.36521],[17.81409,59.36579],[17.81407,59.36702]]]},"properties":{"zone":3,"cell_type":"total isolation","proximity":714.7,"opportunity":3686.1,"population":278}},{"type":"Feature","id":1853,"geometry":{"type":"Polygon","coordinates":[[[17.90789,59.29036],[17.9096,59.29084],[17.91123,59.29046],[17.91124,59.28977],[17.90953,59.2893],[17.9079,59.28967],[17.90789,59.29036]]]},"properties":{"zone":3,"cell_type":"total isolation","proximity":958.4,"opportunity":6208.6,"population":48}},{"type":"Feature","id":1854,"geometry":{"type":"Polygon","coordinates":[[[17.96788,59.27224],[17.97011,59.27286],[17.9723,59.27236],[17.97232,59.27132],[17.97009,59.2707],[17.9679,59.27121],[17.96788,59.27224]]]},"properties":{"zone":3,"cell_type":"total isolation","proximity":1407.3,"opportunity":5772.8,"population":147}},{"type":"Feature","id":1855,"geometry":{"type":"Polygon","coordinates":[[[17.99913,59.31878],[18.00126,59.31937],[18.00335,59.31889],[18.00336,59.31792],[18.00122,59.31733],[17.99914,59.31781],[17.99913,59.31878]]]},"properties":{"zone":1,"cell_type":"spatial isolation","proximity":3398.2,"opportunity":8361.2,"population":118}},{"type":"Feature","id":1856,"geometry":{"type":"Polygon","coordinates":[[[17.86845,59.36187],[17.87132,59.36266],[17.8742,59.362],[17.87422,59.36055],[17.87135,59.35976],[17.86847,59.36042],[17.86845,59.36187]]]},"properties":{"zone":3,"cell_type":"total isolation","proximity":1469.1,"opportunity":6409.2,"population":586}},{"type":"Feature","id":1857,"geometry":{"type":"Polygon","coordinates":[[[17.90276,59.38011],[17.90563,59.3809],[17.90852,59.38024],[17.90853,59.37879],[17.90566,59.378],[17.90278,59.37866],[17.90276,59.38011]]]},"properties":{"zone":3,"cell_type":"total isolation","proximity":1384.2,"opportunity":7498.4,"population":630}},{"type":"Feature","id":1858,"geometry":{"type":"Polygon","coordinates":[[[18.12268,59.27139],[18.12525,59.2721],[18.12781,59.27151],[18.12782,59.27024],[18.12525,59.26953],[18.12269,59.27013],[18.12268,59.27139]]]},"properties":{"zone":3,"cell_type":"total isolation","proximity":1679.6,"opportunity":6396.9,"population":308}},{"type":"Feature","id":1859,"geometry":{"type":"Polygon","coordinates":[[[18.02434,59.30867],[18.0272,59.30946],[18.03008,59.3088],[18.0301,59.30734],[18.02723,59.30655],[18.02435,59.30722],[18.02434,59.30867]]]},"properties":{"zone":0,"cell_type":"inclusion","proximity":4625,"opportunity":12802,"population":1107}},{"type":"Feature","id":1860,"geometry":{"type":"Polygon","coordinates":[[[18.09648,59.32105],[18.099,59.32174],[18.1015,59.32116],[18.10151,59.31994],[18.09899,59.31925],[18.09649,59.31982],[18.09648,59.32105]]]},"properties":{"zone":1,"cell_type":"spatial isolation","proximity":3736.8,"opportunity":8623,"population":271}},{"type":"Feature","id":1861,"geometry":{"type":"Polygon","coordinates":[[[17.89991,59.39958],[17.90253,59.4003],[17.90515,59.39971],[17.90517,59.39842],[17.90254,59.39769],[17.89992,59.39829],[17.89991,59.39958]]]},"properties":{"zone":3,"cell_type":"total isolation","proximity":987.9,"opportunity":6032.3,"population":340}},{"type":"Feature","id":1862,"geometry":{"type":"Polygon","coordinates":[[[18.10151,59.362],[18.10162,59.36203],[18.10162,59.36203],[18.10151,59.362]]]},"properties":{"zone":3,"cell_type":"total isolation","proximity":2589.7,"opportunity":8500.5,"population":0}},{"type":"Feature","id":1863,"geometry":{"type":"Polygon","coordinates":[[[18.05932,59.27443],[18.06201,59.27517],[18.0647,59.27455],[18.06471,59.27321],[18.06202,59.27247],[18.05933,59.27309],[18.05932,59.27443]]]},"properties":{"zone":2,"cell_type":"social isolation","proximity":2782,"opportunity":9543.1,"population":394}},{"type":"Feature","id":1864,"geometry":{"type":"Polygon","coordinates":[[[18.01342,59.28647],[18.01593,59.28716],[18.01843,59.28659],[18.01844,59.28536],[18.01593,59.28467],[18.01343,59.28525],[18.01342,59.28647]]]},"properties":{"zone":3,"cell_type":"total isolation","proximity":2669.2,"opportunity":7610.1,"population":268}},{"type":"Feature","id":1865,"geometry":{"type":"Polygon","coordinates":[[[18.09333,59.31018],[18.09619,59.31097],[18.09907,59.3103],[18.09909,59.30885],[18.09622,59.30806],[18.09334,59.30873],[18.09333,59.31018]]]},"properties":{"zone":0,"cell_type":"inclusion","proximity":4265.7,"opportunity":9543,"population":652}},{"type":"Feature","id":1866,"geometry":{"type":"Polygon","coordinates":[[[17.91912,59.36464],[17.92027,59.36496],[17.9213,59.36472],[17.9213,59.3644],[17.92015,59.36408],[17.91912,59.36432],[17.91912,59.36464]]]},"properties":{"zone":3,"cell_type":"total isolation","proximity":1483.6,"opportunity":3671.1,"population":14}},{"type":"Feature","id":1867,"geometry":{"type":"Polygon","coordinates":[[[17.9657,59.30898],[17.96689,59.30931],[17.96798,59.30906],[17.96798,59.30871],[17.96678,59.30837],[17.9657,59.30862],[17.9657,59.30898]]]},"properties":{"zone":3,"cell_type":"total isolation","proximity":1966.4,"opportunity":6787.3,"population":16}},{"type":"Feature","id":1868,"geometry":{"type":"Polygon","coordinates":[[[18.11534,59.32964],[18.11625,59.32989],[18.11701,59.32971],[18.11701,59.32955],[18.11611,59.3293],[18.11535,59.32948],[18.11534,59.32964]]]},"properties":{"zone":1,"cell_type":"spatial isolation","proximity":3243,"opportunity":6499,"population":8}},{"type":"Feature","id":1869,"geometry":{"type":"Polygon","coordinates":[[[17.83661,59.37639],[17.83948,59.37718],[17.84237,59.37652],[17.84238,59.37507],[17.83952,59.37428],[17.83663,59.37494],[17.83661,59.37639]]]},"properties":{"zone":3,"cell_type":"total isolation","proximity":1109,"opportunity":4576.6,"population":597}},{"type":"Feature","id":1870,"geometry":{"type":"Polygon","coordinates":[[[17.9149,59.35411],[17.91745,59.35482],[17.92,59.35424],[17.92002,59.35299],[17.91746,59.35228],[17.91491,59.35287],[17.9149,59.35411]]]},"properties":{"zone":3,"cell_type":"total isolation","proximity":1673.3,"opportunity":5923.7,"population":295}},{"type":"Feature","id":1871,"geometry":{"type":"Polygon","coordinates":[[[18.11419,59.2559],[18.11675,59.25661],[18.1193,59.25602],[18.11931,59.25476],[18.11675,59.25406],[18.1142,59.25465],[18.11419,59.2559]]]},"properties":{"zone":3,"cell_type":"total isolation","proximity":1546.2,"opportunity":7187,"population":299}},{"type":"Feature","id":1872,"geometry":{"type":"Polygon","coordinates":[[[18.05301,59.36155],[18.0555,59.36224],[18.05797,59.36167],[18.05798,59.36047],[18.05549,59.35978],[18.05302,59.36035],[18.05301,59.36155]]]},"properties":{"zone":1,"cell_type":"spatial isolation","proximity":3449.8,"opportunity":8989.3,"population":255}},{"type":"Feature","id":1873,"geometry":{"type":"Polygon","coordinates":[[[18.1063,59.27076],[18.10805,59.27124],[18.10972,59.27085],[18.10973,59.27013],[18.10798,59.26965],[18.10631,59.27004],[18.1063,59.27076]]]},"properties":{"zone":3,"cell_type":"total isolation","proximity":2260,"opportunity":5104.6,"population":52}},{"type":"Feature","id":1874,"geometry":{"type":"Polygon","coordinates":[[[18.14658,59.26724],[18.1483,59.26771],[18.14995,59.26733],[18.14995,59.26663],[18.14823,59.26616],[18.14658,59.26654],[18.14658,59.26724]]]},"properties":{"zone":3,"cell_type":"total isolation","proximity":1187.8,"opportunity":6017.2,"population":49}},{"type":"Feature","id":1875,"geometry":{"type":"Polygon","coordinates":[[[17.98187,59.27921],[17.98439,59.27991],[17.98691,59.27933],[17.98692,59.2781],[17.98439,59.2774],[17.98188,59.27798],[17.98187,59.27921]]]},"properties":{"zone":3,"cell_type":"total isolation","proximity":1985.4,"opportunity":7466.5,"population":279}},{"type":"Feature","id":1876,"geometry":{"type":"Polygon","coordinates":[[[18.07296,59.33812],[18.07583,59.33891],[18.07871,59.33824],[18.07872,59.33679],[18.07585,59.336],[18.07297,59.33666],[18.07296,59.33812]]]},"properties":{"zone":0,"cell_type":"inclusion","proximity":6390.1,"opportunity":13565.5,"population":1120}},{"type":"Feature","id":1877,"geometry":{"type":"Polygon","coordinates":[[[18.07762,59.2396],[18.07957,59.24014],[18.08146,59.2397],[18.08146,59.23885],[18.07952,59.23831],[18.07763,59.23875],[18.07762,59.2396]]]},"properties":{"zone":3,"cell_type":"total isolation","proximity":1216.3,"opportunity":5437.3,"population":80}},{"type":"Feature","id":1878,"geometry":{"type":"Polygon","coordinates":[[[17.9144,59.38034],[17.91715,59.3811],[17.9199,59.38047],[17.91992,59.37909],[17.91717,59.37833],[17.91441,59.37896],[17.9144,59.38034]]]},"properties":{"zone":3,"cell_type":"total isolation","proximity":1245.4,"opportunity":6245.9,"population":447}},{"type":"Feature","id":1879,"geometry":{"type":"Polygon","coordinates":[[[17.99721,59.28577],[17.99873,59.28619],[18.00016,59.28586],[18.00017,59.28529],[17.99865,59.28487],[17.99722,59.2852],[17.99721,59.28577]]]},"properties":{"zone":3,"cell_type":"total isolation","proximity":2516.8,"opportunity":7782.4,"population":32}},{"type":"Feature","id":1880,"geometry":{"type":"Polygon","coordinates":[[[17.883,59.37302],[17.88558,59.37373],[17.88815,59.37314],[17.88817,59.37188],[17.88559,59.37116],[17.88301,59.37175],[17.883,59.37302]]]},"properties":{"zone":3,"cell_type":"total isolation","proximity":1509.2,"opportunity":6236.6,"population":312}},{"type":"Feature","id":1881,"geometry":{"type":"Polygon","coordinates":[[[18.02123,59.33262],[18.0241,59.33341],[18.02698,59.33274],[18.027,59.33129],[18.02413,59.3305],[18.02125,59.33116],[18.02123,59.33262]]]},"properties":{"zone":0,"cell_type":"inclusion","proximity":5533.8,"opportunity":13755.8,"population":1641}},{"type":"Feature","id":1882,"geometry":{"type":"Polygon","coordinates":[[[17.92574,59.39369],[17.92851,59.39445],[17.93129,59.39381],[17.9313,59.39243],[17.92853,59.39166],[17.92575,59.3923],[17.92574,59.39369]]]},"properties":{"zone":3,"cell_type":"total isolation","proximity":1088.5,"opportunity":6434.2,"population":467}},{"type":"Feature","id":1883,"geometry":{"type":"Polygon","coordinates":[[[18.12231,59.28022],[18.12517,59.28101],[18.12805,59.28035],[18.12806,59.27889],[18.1252,59.2781],[18.12232,59.27877],[18.12231,59.28022]]]},"properties":{"zone":3,"cell_type":"total isolation","proximity":2035.4,"opportunity":8014.5,"population":659}},{"type":"Feature","id":1884,"geometry":{"type":"Polygon","coordinates":[[[18.09886,59.3365],[18.10173,59.33729],[18.10462,59.33662],[18.10463,59.33517],[18.10176,59.33438],[18.09888,59.33504],[18.09886,59.3365]]]},"properties":{"zone":0,"cell_type":"inclusion","proximity":4556.7,"opportunity":11069.8,"population":904}},{"type":"Feature","id":1885,"geometry":{"type":"Polygon","coordinates":[[[18.12893,59.33236],[18.13058,59.33282],[18.13215,59.33245],[18.13216,59.3318],[18.1305,59.33135],[18.12893,59.33171],[18.12893,59.33236]]]},"properties":{"zone":3,"cell_type":"total isolation","proximity":2589.2,"opportunity":6755.6,"population":42}},{"type":"Feature","id":1886,"geometry":{"type":"Polygon","coordinates":[[[17.86867,59.35746],[17.87138,59.35821],[17.87409,59.35759],[17.8741,59.35624],[17.8714,59.35549],[17.86869,59.35611],[17.86867,59.35746]]]},"properties":{"zone":3,"cell_type":"total isolation","proximity":1441.4,"opportunity":6061.4,"population":407}},{"type":"Feature","id":1887,"geometry":{"type":"Polygon","coordinates":[[[18.10165,59.35182],[18.10449,59.3526],[18.10734,59.35194],[18.10735,59.35051],[18.10451,59.34973],[18.10167,59.35039],[18.10165,59.35182]]]},"properties":{"zone":1,"cell_type":"spatial isolation","proximity":3358.1,"opportunity":8354,"population":538}},{"type":"Feature","id":1888,"geometry":{"type":"Polygon","coordinates":[[[18.08201,59.28809],[18.08488,59.28889],[18.08776,59.28822],[18.08777,59.28676],[18.0849,59.28597],[18.08202,59.28664],[18.08201,59.28809]]]},"properties":{"zone":0,"cell_type":"inclusion","proximity":3753.4,"opportunity":10713.8,"population":694}},{"type":"Feature","id":1889,"geometry":{"type":"Polygon","coordinates":[[[18.0361,59.30014],[18.03879,59.30088],[18.04147,59.30026],[18.04148,59.29892],[18.0388,59.29818],[18.03612,59.2988],[18.0361,59.30014]]]},"properties":{"zone":0,"cell_type":"inclusion","proximity":3965,"opportunity":11617.5,"population":391}},{"type":"Feature","id":1890,"geometry":{"type":"Polygon","coordinates":[[[18.02594,59.25155],[18.02778,59.25206],[18.02955,59.25165],[18.02956,59.25087],[18.02772,59.25036],[18.02594,59.25077],[18.02594,59.25155]]]},"properties":{"zone":3,"cell_type":"total isolation","proximity":1408.3,"opportunity":6661.7,"population":64}},{"type":"Feature","id":1891,"geometry":{"type":"Polygon","coordinates":[[[17.93823,59.32411],[17.9408,59.32482],[17.94337,59.32423],[17.94338,59.32296],[17.94081,59.32225],[17.93824,59.32284],[17.93823,59.32411]]]},"properties":{"zone":3,"cell_type":"total isolation","proximity":1429.2,"opportunity":6387.2,"population":309}},{"type":"Feature","id":1892,"geometry":{"type":"Polygon","coordinates":[[[18.02487,59.28674],[18.02742,59.28744],[18.02996,59.28685],[18.02997,59.28561],[18.02742,59.2849],[18.02488,59.28549],[18.02487,59.28674]]]},"properties":{"zone":1,"cell_type":"spatial isolation","proximity":2944.1,"opportunity":9316.1,"population":294}},{"type":"Feature","id":1893,"geometry":{"type":"Polygon","coordinates":[[[18.09061,59.29047],[18.09348,59.29126],[18.09636,59.29059],[18.09637,59.28913],[18.0935,59.28834],[18.09062,59.28901],[18.09061,59.29047]]]},"properties":{"zone":0,"cell_type":"inclusion","proximity":3634.4,"opportunity":10938.3,"population":918}},{"type":"Feature","id":1894,"geometry":{"type":"Polygon","coordinates":[[[17.98433,59.299],[17.98706,59.29975],[17.98979,59.29912],[17.98981,59.29776],[17.98708,59.297],[17.98434,59.29763],[17.98433,59.299]]]},"properties":{"zone":3,"cell_type":"total isolation","proximity":2811.6,"opportunity":9111.2,"population":431}},{"type":"Feature","id":1895,"geometry":{"type":"Polygon","coordinates":[[[18.03849,59.333],[18.04136,59.33379],[18.04424,59.33313],[18.04425,59.33167],[18.04138,59.33088],[18.0385,59.33154],[18.03849,59.333]]]},"properties":{"zone":0,"cell_type":"inclusion","proximity":6062.7,"opportunity":13921.9,"population":1852}},{"type":"Feature","id":1896,"geometry":{"type":"Polygon","coordinates":[[[18.02483,59.25625],[18.02769,59.25704],[18.03057,59.25637],[18.03059,59.25492],[18.02772,59.25413],[18.02484,59.25479],[18.02483,59.25625]]]},"properties":{"zone":2,"cell_type":"social isolation","proximity":1673.1,"opportunity":9731.8,"population":678}},{"type":"Feature","id":1897,"geometry":{"type":"Polygon","coordinates":[[[17.82321,59.36055],[17.82533,59.36114],[17.82741,59.36067],[17.82742,59.35971],[17.8253,59.35912],[17.82323,59.35959],[17.82321,59.36055]]]},"properties":{"zone":3,"cell_type":"total isolation","proximity":781.5,"opportunity":5833.8,"population":115}},{"type":"Feature","id":1898,"geometry":{"type":"Polygon","coordinates":[[[17.91407,59.29472],[17.91531,59.29506],[17.91644,59.2948],[17.91645,59.29441],[17.91521,59.29407],[17.91408,59.29433],[17.91407,59.29472]]]},"properties":{"zone":3,"cell_type":"total isolation","proximity":1016.2,"opportunity":3500.6,"population":18}},{"type":"Feature","id":1899,"geometry":{"type":"Polygon","coordinates":[[[18.06959,59.30244],[18.07046,59.30268],[18.07119,59.30251],[18.07119,59.30237],[18.07032,59.30213],[18.06959,59.3023],[18.06959,59.30244]]]},"properties":{"zone":0,"cell_type":"inclusion","proximity":4160,"opportunity":10404.2,"population":8}},{"type":"Feature","id":1900,"geometry":{"type":"Polygon","coordinates":[[[17.98756,59.32725],[17.98967,59.32783],[17.99174,59.32735],[17.99175,59.3264],[17.98964,59.32581],[17.98757,59.32629],[17.98756,59.32725]]]},"properties":{"zone":1,"cell_type":"spatial isolation","proximity":3066,"opportunity":9129.9,"population":113}},{"type":"Feature","id":1901,"geometry":{"type":"Polygon","coordinates":[[[17.85693,59.37029],[17.85971,59.37106],[17.86249,59.37042],[17.86251,59.36903],[17.85973,59.36827],[17.85695,59.3689],[17.85693,59.37029]]]},"properties":{"zone":3,"cell_type":"total isolation","proximity":1313.8,"opportunity":6734.5,"population":473}},{"type":"Feature","id":1902,"geometry":{"type":"Polygon","coordinates":[[[18.0462,59.24977],[18.0479,59.25024],[18.04953,59.24986],[18.04953,59.24917],[18.04783,59.2487],[18.04621,59.24908],[18.0462,59.24977]]]},"properties":{"zone":3,"cell_type":"total isolation","proximity":1209.7,"opportunity":5980.1,"population":47}},{"type":"Feature","id":1903,"geometry":{"type":"Polygon","coordinates":[[[17.94003,59.40056],[17.94283,59.40133],[17.94564,59.40069],[17.94565,59.39928],[17.94285,59.39851],[17.94004,59.39915],[17.94003,59.40056]]]},"properties":{"zone":3,"cell_type":"total isolation","proximity":1069.1,"opportunity":7210.9,"population":495}},{"type":"Feature","id":1904,"geometry":{"type":"Polygon","coordinates":[[[18.06192,59.32467],[18.06445,59.32537],[18.06697,59.32478],[18.06698,59.32355],[18.06445,59.32285],[18.06193,59.32343],[18.06192,59.32467]]]},"properties":{"zone":0,"cell_type":"inclusion","proximity":6583.2,"opportunity":15407.1,"population":281}},{"type":"Feature","id":1905,"geometry":{"type":"Polygon","coordinates":[[[17.95609,59.34171],[17.9579,59.34221],[17.95963,59.34181],[17.95964,59.34106],[17.95784,59.34056],[17.9561,59.34096],[17.95609,59.34171]]]},"properties":{"zone":3,"cell_type":"total isolation","proximity":2250.1,"opportunity":8703.7,"population":58}},{"type":"Feature","id":1906,"geometry":{"type":"Polygon","coordinates":[[[18.01334,59.26471],[18.01613,59.26548],[18.01892,59.26483],[18.01894,59.26343],[18.01615,59.26266],[18.01335,59.2633],[18.01334,59.26471]]]},"properties":{"zone":3,"cell_type":"total isolation","proximity":1662.7,"opportunity":7418.2,"population":489}},{"type":"Feature","id":1907,"geometry":{"type":"Polygon","coordinates":[[[18.04766,59.28295],[18.05044,59.28371],[18.05322,59.28307],[18.05323,59.28167],[18.05046,59.2809],[18.04767,59.28155],[18.04766,59.28295]]]},"properties":{"zone":1,"cell_type":"spatial isolation","proximity":3135.6,"opportunity":7468.1,"population":478}},{"type":"Feature","id":1908,"geometry":{"type":"Polygon","coordinates":[[[18.102,59.30382],[18.10487,59.30461],[18.10775,59.30394],[18.10776,59.30248],[18.10489,59.30169],[18.10201,59.30236],[18.102,59.30382]]]},"properties":{"zone":1,"cell_type":"spatial isolation","proximity":3518.8,"opportunity":9146.5,"population":1369}},{"type":"Feature","id":1909,"geometry":{"type":"Polygon","coordinates":[[[17.94404,59.35031],[17.94628,59.35093],[17.94848,59.35042],[17.94849,59.34938],[17.94626,59.34877],[17.94405,59.34927],[17.94404,59.35031]]]},"properties":{"zone":3,"cell_type":"total isolation","proximity":1219.7,"opportunity":25.2,"population":149}},{"type":"Feature","id":1910,"geometry":{"type":"Polygon","coordinates":[[[18.09018,59.34286],[18.09305,59.34365],[18.09594,59.34298],[18.09595,59.34153],[18.09308,59.34074],[18.09019,59.3414],[18.09018,59.34286]]]},"properties":{"zone":0,"cell_type":"inclusion","proximity":4908.9,"opportunity":12390.5,"population":1325}},{"type":"Feature","id":1911,"geometry":{"type":"Polygon","coordinates":[[[18.09783,59.26835],[18.09945,59.2688],[18.10099,59.26844],[18.101,59.2678],[18.09938,59.26736],[18.09784,59.26771],[18.09783,59.26835]]]},"properties":{"zone":3,"cell_type":"total isolation","proximity":2312.3,"opportunity":4608.5,"population":40}},{"type":"Feature","id":1912,"geometry":{"type":"Polygon","coordinates":[[[17.94989,59.29385],[17.95262,59.29461],[17.95536,59.29398],[17.95537,59.29261],[17.95264,59.29186],[17.94991,59.29249],[17.94989,59.29385]]]},"properties":{"zone":3,"cell_type":"total isolation","proximity":1821,"opportunity":7232.8,"population":431}},{"type":"Feature","id":1913,"geometry":{"type":"Polygon","coordinates":[[[17.78524,59.38806],[17.78754,59.38869],[17.78981,59.38818],[17.78983,59.3871],[17.78753,59.38646],[17.78526,59.38698],[17.78524,59.38806]]]},"properties":{"zone":3,"cell_type":"total isolation","proximity":409.1,"opportunity":2091,"population":170}},{"type":"Feature","id":1914,"geometry":{"type":"Polygon","coordinates":[[[17.92515,59.3473],[17.92622,59.3476],[17.92717,59.34738],[17.92717,59.34711],[17.9261,59.34682],[17.92515,59.34703],[17.92515,59.3473]]]},"properties":{"zone":3,"cell_type":"total isolation","proximity":1737.6,"opportunity":6669.4,"population":12}},{"type":"Feature","id":1915,"geometry":{"type":"Polygon","coordinates":[[[18.02496,59.28235],[18.02746,59.28305],[18.02996,59.28247],[18.02997,59.28125],[18.02746,59.28056],[18.02497,59.28113],[18.02496,59.28235]]]},"properties":{"zone":3,"cell_type":"total isolation","proximity":2772.6,"opportunity":8295.2,"population":266}},{"type":"Feature","id":1916,"geometry":{"type":"Polygon","coordinates":[[[18.12252,59.2758],[18.12521,59.27654],[18.1279,59.27592],[18.12791,59.27458],[18.12522,59.27383],[18.12253,59.27446],[18.12252,59.2758]]]},"properties":{"zone":3,"cell_type":"total isolation","proximity":1980.7,"opportunity":8160.3,"population":395}},{"type":"Feature","id":1917,"geometry":{"type":"Polygon","coordinates":[[[18.09968,59.24474],[18.10247,59.24551],[18.10527,59.24486],[18.10528,59.24345],[18.10249,59.24268],[18.09969,59.24333],[18.09968,59.24474]]]},"properties":{"zone":3,"cell_type":"total isolation","proximity":1365.7,"opportunity":6772.4,"population":495}},{"type":"Feature","id":1918,"geometry":{"type":"Polygon","coordinates":[[[18.11107,59.27554],[18.11372,59.27627],[18.11637,59.27566],[18.11638,59.27434],[18.11373,59.27361],[18.11109,59.27423],[18.11107,59.27554]]]},"properties":{"zone":3,"cell_type":"total isolation","proximity":2330.7,"opportunity":5889.5,"population":361}},{"type":"Feature","id":1919,"geometry":{"type":"Polygon","coordinates":[[[17.98754,59.28372],[17.99009,59.28443],[17.99264,59.28384],[17.99265,59.28259],[17.9901,59.28188],[17.98755,59.28247],[17.98754,59.28372]]]},"properties":{"zone":3,"cell_type":"total isolation","proximity":2268.2,"opportunity":9033.9,"population":296}},{"type":"Feature","id":1920,"geometry":{"type":"Polygon","coordinates":[[[18.03841,59.34173],[18.04128,59.34252],[18.04416,59.34185],[18.04417,59.3404],[18.0413,59.33961],[18.03842,59.34027],[18.03841,59.34173]]]},"properties":{"zone":0,"cell_type":"inclusion","proximity":6010.4,"opportunity":14324.2,"population":2354}},{"type":"Feature","id":1921,"geometry":{"type":"Polygon","coordinates":[[[17.92299,59.37403],[17.92585,59.37482],[17.92872,59.37416],[17.92873,59.37272],[17.92588,59.37193],[17.92301,59.37259],[17.92299,59.37403]]]},"properties":{"zone":3,"cell_type":"total isolation","proximity":1358,"opportunity":5627.6,"population":561}},{"type":"Feature","id":1922,"geometry":{"type":"Polygon","coordinates":[[[18.06477,59.35303],[18.06709,59.35367],[18.06938,59.35314],[18.06939,59.35205],[18.06707,59.35141],[18.06478,59.35194],[18.06477,59.35303]]]},"properties":{"zone":0,"cell_type":"inclusion","proximity":4797.3,"opportunity":9789.8,"population":177}},{"type":"Feature","id":1923,"geometry":{"type":"Polygon","coordinates":[[[18.13112,59.26945],[18.13388,59.27021],[18.13664,59.26957],[18.13665,59.26818],[18.13389,59.26742],[18.13113,59.26806],[18.13112,59.26945]]]},"properties":{"zone":3,"cell_type":"total isolation","proximity":1636.3,"opportunity":8479.3,"population":461}},{"type":"Feature","id":1924,"geometry":{"type":"Polygon","coordinates":[[[17.98423,59.29467],[17.9871,59.29547],[17.98998,59.2948],[17.98999,59.29335],[17.98713,59.29256],[17.98425,59.29322],[17.98423,59.29467]]]},"properties":{"zone":3,"cell_type":"total isolation","proximity":2644.8,"opportunity":8076.1,"population":578}},{"type":"Feature","id":1925,"geometry":{"type":"Polygon","coordinates":[[[18.18102,59.2418],[18.18294,59.24233],[18.18479,59.24189],[18.1848,59.24106],[18.18288,59.24053],[18.18102,59.24096],[18.18102,59.2418]]]},"properties":{"zone":3,"cell_type":"total isolation","proximity":242.3,"opportunity":5574.3,"population":75}},{"type":"Feature","id":1926,"geometry":{"type":"Polygon","coordinates":[[[17.88862,59.37753],[17.89128,59.37827],[17.89393,59.37766],[17.89395,59.37635],[17.89129,59.37561],[17.88864,59.37622],[17.88862,59.37753]]]},"properties":{"zone":3,"cell_type":"total isolation","proximity":1412.1,"opportunity":6349.7,"population":365}},{"type":"Feature","id":1927,"geometry":{"type":"Polygon","coordinates":[[[18.02694,59.33711],[18.02981,59.3379],[18.0327,59.33724],[18.03271,59.33578],[18.02984,59.33499],[18.02696,59.33565],[18.02694,59.33711]]]},"properties":{"zone":0,"cell_type":"inclusion","proximity":5451.7,"opportunity":13103,"population":1183}},{"type":"Feature","id":1928,"geometry":{"type":"Polygon","coordinates":[[[18.02984,59.33499],[18.03271,59.33578],[18.03559,59.33512],[18.0356,59.33366],[18.03274,59.33287],[18.02985,59.33354],[18.02984,59.33499]]]},"properties":{"zone":0,"cell_type":"inclusion","proximity":5936.2,"opportunity":15244.4,"population":1900}},{"type":"Feature","id":1929,"geometry":{"type":"Polygon","coordinates":[[[18.07357,59.35099],[18.07575,59.35159],[18.07789,59.3511],[18.07789,59.3501],[18.07572,59.3495],[18.07358,59.34999],[18.07357,59.35099]]]},"properties":{"zone":0,"cell_type":"inclusion","proximity":4803.3,"opportunity":10160.6,"population":131}},{"type":"Feature","id":1930,"geometry":{"type":"Polygon","coordinates":[[[18.13105,59.27383],[18.13385,59.2746],[18.13664,59.27395],[18.13665,59.27254],[18.13386,59.27177],[18.13106,59.27242],[18.13105,59.27383]]]},"properties":{"zone":3,"cell_type":"total isolation","proximity":1731.2,"opportunity":8228.7,"population":492}},{"type":"Feature","id":1931,"geometry":{"type":"Polygon","coordinates":[[[18.03343,59.28041],[18.0361,59.28114],[18.03876,59.28053],[18.03877,59.27921],[18.03611,59.27847],[18.03344,59.27909],[18.03343,59.28041]]]},"properties":{"zone":3,"cell_type":"total isolation","proximity":2841.5,"opportunity":9287.2,"population":374}},{"type":"Feature","id":1932,"geometry":{"type":"Polygon","coordinates":[[[17.86248,59.38352],[17.86529,59.38429],[17.86812,59.38365],[17.86814,59.38223],[17.86533,59.38146],[17.8625,59.3821],[17.86248,59.38352]]]},"properties":{"zone":3,"cell_type":"total isolation","proximity":1199.2,"opportunity":6086.9,"population":511}},{"type":"Feature","id":1933,"geometry":{"type":"Polygon","coordinates":[[[18.08729,59.34498],[18.09016,59.34576],[18.09304,59.3451],[18.09305,59.34365],[18.09018,59.34286],[18.0873,59.34352],[18.08729,59.34498]]]},"properties":{"zone":0,"cell_type":"inclusion","proximity":5050.8,"opportunity":11376.5,"population":1058}},{"type":"Feature","id":1934,"geometry":{"type":"Polygon","coordinates":[[[17.95497,59.35075],[17.95776,59.35152],[17.96056,59.35087],[17.96058,59.34947],[17.95778,59.3487],[17.95498,59.34934],[17.95497,59.35075]]]},"properties":{"zone":3,"cell_type":"total isolation","proximity":1888.6,"opportunity":7385.7,"population":491}},{"type":"Feature","id":1935,"geometry":{"type":"Polygon","coordinates":[[[18.08772,59.29259],[18.09059,59.29338],[18.09347,59.29271],[18.09348,59.29126],[18.09061,59.29047],[18.08773,59.29113],[18.08772,59.29259]]]},"properties":{"zone":0,"cell_type":"inclusion","proximity":3875.2,"opportunity":12177.8,"population":649}},{"type":"Feature","id":1936,"geometry":{"type":"Polygon","coordinates":[[[18.02178,59.28892],[18.02452,59.28967],[18.02726,59.28904],[18.02727,59.28767],[18.02454,59.28691],[18.0218,59.28754],[18.02178,59.28892]]]},"properties":{"zone":3,"cell_type":"total isolation","proximity":2785.1,"opportunity":7649.4,"population":438}},{"type":"Feature","id":1937,"geometry":{"type":"Polygon","coordinates":[[[17.94814,59.31739],[17.94955,59.31777],[17.95085,59.31747],[17.95086,59.31698],[17.94945,59.31659],[17.94815,59.31689],[17.94814,59.31739]]]},"properties":{"zone":3,"cell_type":"total isolation","proximity":1325.1,"opportunity":6203,"population":25}},{"type":"Feature","id":1938,"geometry":{"type":"Polygon","coordinates":[[[17.98992,59.30353],[17.99276,59.30431],[17.99561,59.30366],[17.99562,59.30222],[17.99278,59.30144],[17.98993,59.30209],[17.98992,59.30353]]]},"properties":{"zone":0,"cell_type":"inclusion","proximity":3126.2,"opportunity":9791.1,"population":544}},{"type":"Feature","id":1939,"geometry":{"type":"Polygon","coordinates":[[[18.02421,59.32177],[18.02708,59.32256],[18.02996,59.3219],[18.02998,59.32044],[18.02711,59.31965],[18.02423,59.32031],[18.02421,59.32177]]]},"properties":{"zone":0,"cell_type":"inclusion","proximity":4683.5,"opportunity":10323,"population":937}},{"type":"Feature","id":1940,"geometry":{"type":"Polygon","coordinates":[[[17.98721,59.29253],[17.99,59.2933],[17.99278,59.29266],[17.9928,59.29126],[17.99002,59.29049],[17.98723,59.29113],[17.98721,59.29253]]]},"properties":{"zone":3,"cell_type":"total isolation","proximity":2647.5,"opportunity":8523.4,"population":482}},{"type":"Feature","id":1941,"geometry":{"type":"Polygon","coordinates":[[[18.13407,59.26731],[18.13677,59.26805],[18.13947,59.26742],[18.13948,59.26608],[18.13678,59.26533],[18.13408,59.26596],[18.13407,59.26731]]]},"properties":{"zone":3,"cell_type":"total isolation","proximity":1466.1,"opportunity":8402.2,"population":404}},{"type":"Feature","id":1942,"geometry":{"type":"Polygon","coordinates":[[[17.91438,59.376],[17.91719,59.37678],[17.92002,59.37613],[17.92004,59.37471],[17.91722,59.37393],[17.91439,59.37458],[17.91438,59.376]]]},"properties":{"zone":3,"cell_type":"total isolation","proximity":1257.8,"opportunity":6272.8,"population":517}},{"type":"Feature","id":1943,"geometry":{"type":"Polygon","coordinates":[[[17.82834,59.36522],[17.831,59.36596],[17.83367,59.36535],[17.83368,59.36403],[17.83102,59.36329],[17.82836,59.3639],[17.82834,59.36522]]]},"properties":{"zone":3,"cell_type":"total isolation","proximity":930.4,"opportunity":5909.8,"population":373}},{"type":"Feature","id":1944,"geometry":{"type":"Polygon","coordinates":[[[17.99306,59.3318],[17.99537,59.33244],[17.99765,59.33192],[17.99766,59.33083],[17.99535,59.33019],[17.99307,59.33071],[17.99306,59.3318]]]},"properties":{"zone":0,"cell_type":"inclusion","proximity":3508.9,"opportunity":11652.1,"population":175}},{"type":"Feature","id":1945,"geometry":{"type":"Polygon","coordinates":[[[18.11164,59.23612],[18.11404,59.23678],[18.11641,59.23623],[18.11642,59.23508],[18.11402,59.23442],[18.11165,59.23497],[18.11164,59.23612]]]},"properties":{"zone":3,"cell_type":"total isolation","proximity":778,"opportunity":6131.5,"population":211}},{"type":"Feature","id":1946,"geometry":{"type":"Polygon","coordinates":[[[18.05124,59.25447],[18.05358,59.25511],[18.05589,59.25458],[18.0559,59.25347],[18.05356,59.25282],[18.05125,59.25335],[18.05124,59.25447]]]},"properties":{"zone":3,"cell_type":"total isolation","proximity":1732,"opportunity":6138.2,"population":187}},{"type":"Feature","id":1947,"geometry":{"type":"Polygon","coordinates":[[[17.9457,59.40506],[17.94854,59.40584],[17.95138,59.40519],[17.9514,59.40376],[17.94856,59.40298],[17.94572,59.40363],[17.9457,59.40506]]]},"properties":{"zone":3,"cell_type":"total isolation","proximity":975.6,"opportunity":7154.4,"population":531}},{"type":"Feature","id":1948,"geometry":{"type":"Polygon","coordinates":[[[18.04012,59.30638],[18.04165,59.30681],[18.04309,59.30647],[18.0431,59.3059],[18.04157,59.30548],[18.04013,59.30581],[18.04012,59.30638]]]},"properties":{"zone":1,"cell_type":"spatial isolation","proximity":4121.9,"opportunity":5237.5,"population":33}},{"type":"Feature","id":1949,"geometry":{"type":"Polygon","coordinates":[[[18.07025,59.31841],[18.07312,59.3192],[18.076,59.31854],[18.07602,59.31708],[18.07315,59.31629],[18.07026,59.31696],[18.07025,59.31841]]]},"properties":{"zone":0,"cell_type":"inclusion","proximity":6094.8,"opportunity":14851,"population":2483}},{"type":"Feature","id":1950,"geometry":{"type":"Polygon","coordinates":[[[17.91491,59.39756],[17.91697,59.39813],[17.91899,59.39766],[17.919,59.39674],[17.91694,59.39618],[17.91492,59.39664],[17.91491,59.39756]]]},"properties":{"zone":3,"cell_type":"total isolation","proximity":1079.8,"opportunity":5052.5,"population":101}},{"type":"Feature","id":1951,"geometry":{"type":"Polygon","coordinates":[[[17.89201,59.35789],[17.8944,59.35855],[17.89677,59.35801],[17.89678,59.35687],[17.89439,59.35621],[17.89203,59.35676],[17.89201,59.35789]]]},"properties":{"zone":3,"cell_type":"total isolation","proximity":1571.9,"opportunity":5905.9,"population":206}},{"type":"Feature","id":1952,"geometry":{"type":"Polygon","coordinates":[[[18.0413,59.33961],[18.04417,59.3404],[18.04706,59.33973],[18.04707,59.33828],[18.0442,59.33749],[18.04132,59.33815],[18.0413,59.33961]]]},"properties":{"zone":0,"cell_type":"inclusion","proximity":5969.8,"opportunity":13506.7,"population":1489}},{"type":"Feature","id":1953,"geometry":{"type":"Polygon","coordinates":[[[17.94578,59.40938],[17.94849,59.41013],[17.95121,59.40951],[17.95123,59.40815],[17.94851,59.40741],[17.94579,59.40803],[17.94578,59.40938]]]},"properties":{"zone":3,"cell_type":"total isolation","proximity":866.1,"opportunity":5691,"population":415}},{"type":"Feature","id":1954,"geometry":{"type":"Polygon","coordinates":[[[18.0534,59.28743],[18.05615,59.28819],[18.05889,59.28755],[18.05891,59.28618],[18.05616,59.28542],[18.05341,59.28605],[18.0534,59.28743]]]},"properties":{"zone":1,"cell_type":"spatial isolation","proximity":3455,"opportunity":9216.5,"population":445}},{"type":"Feature","id":1955,"geometry":{"type":"Polygon","coordinates":[[[18.03612,59.29577],[18.03883,59.29652],[18.04153,59.2959],[18.04155,59.29455],[18.03884,59.2938],[18.03613,59.29442],[18.03612,59.29577]]]},"properties":{"zone":0,"cell_type":"inclusion","proximity":2977.2,"opportunity":10382.3,"population":410}},{"type":"Feature","id":1956,"geometry":{"type":"Polygon","coordinates":[[[18.10772,59.30831],[18.11059,59.3091],[18.11347,59.30843],[18.11348,59.30698],[18.11061,59.30619],[18.10773,59.30685],[18.10772,59.30831]]]},"properties":{"zone":1,"cell_type":"spatial isolation","proximity":3419.6,"opportunity":9169.2,"population":1567}},{"type":"Feature","id":1957,"geometry":{"type":"Polygon","coordinates":[[[17.89198,59.36225],[17.89435,59.3629],[17.8967,59.36237],[17.89671,59.36124],[17.89434,59.36058],[17.89199,59.36112],[17.89198,59.36225]]]},"properties":{"zone":3,"cell_type":"total isolation","proximity":1631.2,"opportunity":5121.3,"population":198}},{"type":"Feature","id":1958,"geometry":{"type":"Polygon","coordinates":[[[17.96122,59.32463],[17.9638,59.32534],[17.96637,59.32475],[17.96639,59.32348],[17.96381,59.32277],[17.96123,59.32336],[17.96122,59.32463]]]},"properties":{"zone":3,"cell_type":"total isolation","proximity":2002.6,"opportunity":6993.3,"population":312}},{"type":"Feature","id":1959,"geometry":{"type":"Polygon","coordinates":[[[17.91416,59.42383],[17.91665,59.42452],[17.91914,59.42395],[17.91915,59.42275],[17.91666,59.42206],[17.91417,59.42263],[17.91416,59.42383]]]},"properties":{"zone":3,"cell_type":"total isolation","proximity":420.8,"opportunity":3862.6,"population":257}},{"type":"Feature","id":1960,"geometry":{"type":"Polygon","coordinates":[[[17.79196,59.37922],[17.79345,59.37964],[17.79485,59.37932],[17.79486,59.37877],[17.79337,59.37836],[17.79197,59.37868],[17.79196,59.37922]]]},"properties":{"zone":3,"cell_type":"total isolation","proximity":545.5,"opportunity":2642.8,"population":30}},{"type":"Feature","id":1961,"geometry":{"type":"Polygon","coordinates":[[[18.03609,59.32191],[18.0386,59.3226],[18.04109,59.32203],[18.0411,59.32081],[18.03859,59.32012],[18.0361,59.32069],[18.03609,59.32191]]]},"properties":{"zone":0,"cell_type":"inclusion","proximity":4428.2,"opportunity":10292.7,"population":267}},{"type":"Feature","id":1962,"geometry":{"type":"Polygon","coordinates":[[[17.92111,59.29322],[17.92389,59.29399],[17.92668,59.29334],[17.9267,59.29194],[17.92392,59.29117],[17.92112,59.29181],[17.92111,59.29322]]]},"properties":{"zone":3,"cell_type":"total isolation","proximity":1219.3,"opportunity":7000.6,"population":486}},{"type":"Feature","id":1963,"geometry":{"type":"Polygon","coordinates":[[[17.97523,59.33159],[17.97809,59.33238],[17.98098,59.33172],[17.98099,59.33027],[17.97812,59.32947],[17.97524,59.33014],[17.97523,59.33159]]]},"properties":{"zone":0,"cell_type":"inclusion","proximity":2899.2,"opportunity":10546.2,"population":578}},{"type":"Feature","id":1964,"geometry":{"type":"Polygon","coordinates":[[[17.93005,59.35204],[17.93189,59.35255],[17.93367,59.35214],[17.93368,59.35136],[17.93184,59.35085],[17.93006,59.35126],[17.93005,59.35204]]]},"properties":{"zone":3,"cell_type":"total isolation","proximity":1496.6,"opportunity":5163.4,"population":64}},{"type":"Feature","id":1965,"geometry":{"type":"Polygon","coordinates":[[[18.04853,59.25653],[18.0507,59.25713],[18.05282,59.25664],[18.05283,59.25564],[18.05066,59.25505],[18.04854,59.25554],[18.04853,59.25653]]]},"properties":{"zone":3,"cell_type":"total isolation","proximity":1807.1,"opportunity":6392.6,"population":128}},{"type":"Feature","id":1966,"geometry":{"type":"Polygon","coordinates":[[[18.08852,59.25311],[18.09093,59.25378],[18.09332,59.25323],[18.09332,59.25207],[18.09091,59.2514],[18.08853,59.25196],[18.08852,59.25311]]]},"properties":{"zone":3,"cell_type":"total isolation","proximity":1919.8,"opportunity":7548.7,"population":217}},{"type":"Feature","id":1967,"geometry":{"type":"Polygon","coordinates":[[[18.08509,59.28156],[18.08781,59.28231],[18.09053,59.28168],[18.09054,59.28032],[18.08782,59.27957],[18.0851,59.2802],[18.08509,59.28156]]]},"properties":{"zone":1,"cell_type":"spatial isolation","proximity":3297.6,"opportunity":9296.5,"population":419}},{"type":"Feature","id":1968,"geometry":{"type":"Polygon","coordinates":[[[17.91146,59.41286],[17.9139,59.41353],[17.91633,59.41298],[17.91634,59.41181],[17.9139,59.41114],[17.91148,59.41169],[17.91146,59.41286]]]},"properties":{"zone":3,"cell_type":"total isolation","proximity":751.7,"opportunity":6710.4,"population":229}},{"type":"Feature","id":1969,"geometry":{"type":"Polygon","coordinates":[[[18.09929,59.2841],[18.10215,59.28489],[18.10503,59.28422],[18.10504,59.28277],[18.10218,59.28198],[18.0993,59.28264],[18.09929,59.2841]]]},"properties":{"zone":1,"cell_type":"spatial isolation","proximity":2949,"opportunity":8740.5,"population":821}},{"type":"Feature","id":1970,"geometry":{"type":"Polygon","coordinates":[[[17.93536,59.29575],[17.93823,59.29655],[17.94111,59.29588],[17.94112,59.29443],[17.93826,59.29364],[17.93538,59.2943],[17.93536,59.29575]]]},"properties":{"zone":2,"cell_type":"social isolation","proximity":1455.6,"opportunity":9370.5,"population":749}},{"type":"Feature","id":1971,"geometry":{"type":"Polygon","coordinates":[[[17.99646,59.27729],[17.99879,59.27793],[18.00108,59.2774],[18.00109,59.2763],[17.99877,59.27566],[17.99647,59.27619],[17.99646,59.27729]]]},"properties":{"zone":2,"cell_type":"social isolation","proximity":2042.9,"opportunity":9347.6,"population":180}},{"type":"Feature","id":1972,"geometry":{"type":"Polygon","coordinates":[[[18.04709,59.33537],[18.04996,59.33616],[18.05285,59.3355],[18.05286,59.33404],[18.04999,59.33325],[18.04711,59.33392],[18.04709,59.33537]]]},"properties":{"zone":0,"cell_type":"inclusion","proximity":6367.6,"opportunity":13361.1,"population":1185}},{"type":"Feature","id":1973,"geometry":{"type":"Polygon","coordinates":[[[18.11713,59.25813],[18.11961,59.25881],[18.12207,59.25824],[18.12208,59.25704],[18.1196,59.25635],[18.11714,59.25692],[18.11713,59.25813]]]},"properties":{"zone":3,"cell_type":"total isolation","proximity":1552.9,"opportunity":7230.8,"population":251}},{"type":"Feature","id":1974,"geometry":{"type":"Polygon","coordinates":[[[18.05343,59.26999],[18.0563,59.27078],[18.05917,59.27012],[18.05919,59.26866],[18.05632,59.26787],[18.05344,59.26853],[18.05343,59.26999]]]},"properties":{"zone":2,"cell_type":"social isolation","proximity":2672.1,"opportunity":9462.2,"population":644}},{"type":"Feature","id":1975,"geometry":{"type":"Polygon","coordinates":[[[17.98993,59.29917],[17.9928,59.29996],[17.99568,59.2993],[17.9957,59.29784],[17.99283,59.29705],[17.98995,59.29772],[17.98993,59.29917]]]},"properties":{"zone":0,"cell_type":"inclusion","proximity":2927.4,"opportunity":10494.9,"population":600}},{"type":"Feature","id":1976,"geometry":{"type":"Polygon","coordinates":[[[17.92762,59.34532],[17.9291,59.34573],[17.93049,59.34541],[17.9305,59.34487],[17.92902,59.34446],[17.92763,59.34477],[17.92762,59.34532]]]},"properties":{"zone":3,"cell_type":"total isolation","proximity":1783,"opportunity":8320,"population":29}},{"type":"Feature","id":1977,"geometry":{"type":"Polygon","coordinates":[[[18.16924,59.25037],[18.17138,59.25096],[18.17348,59.25047],[18.17349,59.2495],[18.17135,59.24891],[18.16925,59.24939],[18.16924,59.25037]]]},"properties":{"zone":3,"cell_type":"total isolation","proximity":447.9,"opportunity":5204.9,"population":122}},{"type":"Feature","id":1978,"geometry":{"type":"Polygon","coordinates":[[[18.08569,59.32494],[18.08749,59.32543],[18.08922,59.32503],[18.08922,59.32428],[18.08742,59.32379],[18.08569,59.32419],[18.08569,59.32494]]]},"properties":{"zone":1,"cell_type":"spatial isolation","proximity":4516.1,"opportunity":9068.7,"population":58}},{"type":"Feature","id":1979,"geometry":{"type":"Polygon","coordinates":[[[17.87683,59.38604],[17.87965,59.38682],[17.8825,59.38617],[17.88251,59.38474],[17.87969,59.38396],[17.87685,59.38461],[17.87683,59.38604]]]},"properties":{"zone":3,"cell_type":"total isolation","proximity":1211.4,"opportunity":6266.3,"population":528}},{"type":"Feature","id":1980,"geometry":{"type":"Polygon","coordinates":[[[17.9943,59.34013],[17.99534,59.34041],[17.99625,59.34021],[17.99625,59.33996],[17.99521,59.33967],[17.9943,59.33988],[17.9943,59.34013]]]},"properties":{"zone":3,"cell_type":"total isolation","proximity":2476.2,"opportunity":5626,"population":11}},{"type":"Feature","id":1981,"geometry":{"type":"Polygon","coordinates":[[[18.01914,59.26918],[18.02183,59.26992],[18.02453,59.2693],[18.02454,59.26796],[18.02185,59.26721],[18.01916,59.26783],[18.01914,59.26918]]]},"properties":{"zone":3,"cell_type":"total isolation","proximity":2038.6,"opportunity":6944.1,"population":397}},{"type":"Feature","id":1982,"geometry":{"type":"Polygon","coordinates":[[[18.09303,59.34945],[18.09588,59.35024],[18.09873,59.34958],[18.09874,59.34814],[18.0959,59.34736],[18.09305,59.34802],[18.09303,59.34945]]]},"properties":{"zone":0,"cell_type":"inclusion","proximity":4281,"opportunity":11928,"population":545}},{"type":"Feature","id":1983,"geometry":{"type":"Polygon","coordinates":[[[17.81346,59.38891],[17.81629,59.3897],[17.81914,59.38905],[17.81916,59.38762],[17.81633,59.38683],[17.81348,59.38748],[17.81346,59.38891]]]},"properties":{"zone":3,"cell_type":"total isolation","proximity":686.4,"opportunity":2840,"population":538}},{"type":"Feature","id":1984,"geometry":{"type":"Polygon","coordinates":[[[17.89164,59.36669],[17.89429,59.36743],[17.89693,59.36682],[17.89694,59.36552],[17.8943,59.36479],[17.89166,59.36539],[17.89164,59.36669]]]},"properties":{"zone":3,"cell_type":"total isolation","proximity":1592.1,"opportunity":4782.2,"population":356}},{"type":"Feature","id":1985,"geometry":{"type":"Polygon","coordinates":[[[17.96375,59.34437],[17.96646,59.34512],[17.96918,59.3445],[17.96919,59.34315],[17.96648,59.3424],[17.96376,59.34302],[17.96375,59.34437]]]},"properties":{"zone":3,"cell_type":"total isolation","proximity":1982,"opportunity":7643.3,"population":415}},{"type":"Feature","id":1986,"geometry":{"type":"Polygon","coordinates":[[[18.17356,59.23908],[18.17438,59.23931],[18.17506,59.23915],[18.17506,59.23904],[18.17424,59.23881],[18.17356,59.23897],[18.17356,59.23908]]]},"properties":{"zone":3,"cell_type":"total isolation","proximity":312.6,"opportunity":6.7,"population":7}},{"type":"Feature","id":1987,"geometry":{"type":"Polygon","coordinates":[[[18.07615,59.30107],[18.07902,59.30186],[18.0819,59.3012],[18.08191,59.29974],[18.07904,59.29895],[18.07616,59.29962],[18.07615,59.30107]]]},"properties":{"zone":0,"cell_type":"inclusion","proximity":4737.7,"opportunity":14915.8,"population":735}},{"type":"Feature","id":1988,"geometry":{"type":"Polygon","coordinates":[[[17.94119,59.29586],[17.94398,59.29663],[17.94677,59.29599],[17.94679,59.29459],[17.944,59.29381],[17.94121,59.29446],[17.94119,59.29586]]]},"properties":{"zone":3,"cell_type":"total isolation","proximity":1598.6,"opportunity":7771.5,"population":485}},{"type":"Feature","id":1989,"geometry":{"type":"Polygon","coordinates":[[[18.08817,59.27066],[18.09078,59.27138],[18.09338,59.27078],[18.09339,59.26949],[18.09078,59.26877],[18.08818,59.26937],[18.08817,59.27066]]]},"properties":{"zone":3,"cell_type":"total isolation","proximity":2737.9,"opportunity":8349.7,"population":332}},{"type":"Feature","id":1990,"geometry":{"type":"Polygon","coordinates":[[[17.95862,59.29184],[17.96127,59.29258],[17.96392,59.29196],[17.96393,59.29065],[17.96128,59.28992],[17.95863,59.29053],[17.95862,59.29184]]]},"properties":{"zone":3,"cell_type":"total isolation","proximity":1990.3,"opportunity":8981.2,"population":365}},{"type":"Feature","id":1991,"geometry":{"type":"Polygon","coordinates":[[[17.88705,59.27488],[17.88963,59.2756],[17.89221,59.27501],[17.89222,59.27374],[17.88964,59.27302],[17.88707,59.27362],[17.88705,59.27488]]]},"properties":{"zone":3,"cell_type":"total isolation","proximity":530.9,"opportunity":6702.7,"population":314}},{"type":"Feature","id":1992,"geometry":{"type":"Polygon","coordinates":[[[17.89232,59.34041],[17.89461,59.34105],[17.89687,59.34053],[17.89689,59.33946],[17.8946,59.33882],[17.89234,59.33934],[17.89232,59.34041]]]},"properties":{"zone":3,"cell_type":"total isolation","proximity":1349.3,"opportunity":6513.1,"population":167}},{"type":"Feature","id":1993,"geometry":{"type":"Polygon","coordinates":[[[18.12656,59.33433],[18.12771,59.33464],[18.12874,59.3344],[18.12874,59.33408],[18.12759,59.33377],[18.12656,59.334],[18.12656,59.33433]]]},"properties":{"zone":3,"cell_type":"total isolation","proximity":2761.2,"opportunity":6731.3,"population":14}},{"type":"Feature","id":1994,"geometry":{"type":"Polygon","coordinates":[[[18.04698,59.34846],[18.04985,59.34925],[18.05273,59.34859],[18.05274,59.34713],[18.04987,59.34634],[18.04699,59.34701],[18.04698,59.34846]]]},"properties":{"zone":0,"cell_type":"inclusion","proximity":5782.9,"opportunity":12930.5,"population":1452}},{"type":"Feature","id":1995,"geometry":{"type":"Polygon","coordinates":[[[17.86291,59.39207],[17.86521,59.39271],[17.86748,59.39219],[17.86749,59.39111],[17.86519,59.39048],[17.86292,59.391],[17.86291,59.39207]]]},"properties":{"zone":3,"cell_type":"total isolation","proximity":973.4,"opportunity":3179.6,"population":169}},{"type":"Feature","id":1996,"geometry":{"type":"Polygon","coordinates":[[[18.06142,59.34223],[18.06429,59.34302],[18.06717,59.34236],[18.06718,59.3409],[18.06431,59.34011],[18.06143,59.34078],[18.06142,59.34223]]]},"properties":{"zone":0,"cell_type":"inclusion","proximity":6576.3,"opportunity":14596.3,"population":1000}},{"type":"Feature","id":1997,"geometry":{"type":"Polygon","coordinates":[[[17.9008,59.42102],[17.90232,59.42144],[17.90376,59.42111],[17.90376,59.42054],[17.90224,59.42012],[17.90081,59.42045],[17.9008,59.42102]]]},"properties":{"zone":3,"cell_type":"total isolation","proximity":462.2,"opportunity":3491,"population":32}},{"type":"Feature","id":1998,"geometry":{"type":"Polygon","coordinates":[[[18.04272,59.36963],[18.04396,59.36997],[18.04509,59.36971],[18.0451,59.36933],[18.04385,59.36899],[18.04272,59.36925],[18.04272,59.36963]]]},"properties":{"zone":3,"cell_type":"total isolation","proximity":2267,"opportunity":7889.1,"population":17}},{"type":"Feature","id":1999,"geometry":{"type":"Polygon","coordinates":[[[18.10294,59.29917],[18.10494,59.29972],[18.10688,59.29927],[18.10689,59.29839],[18.10489,59.29784],[18.10295,59.29829],[18.10294,59.29917]]]},"properties":{"zone":3,"cell_type":"total isolation","proximity":2593.6,"opportunity":9287.7,"population":89}},{"type":"Feature","id":2000,"geometry":{"type":"Polygon","coordinates":[[[17.81667,59.37368],[17.81938,59.37444],[17.82209,59.37382],[17.82211,59.37247],[17.8194,59.37171],[17.81669,59.37233],[17.81667,59.37368]]]},"properties":{"zone":3,"cell_type":"total isolation","proximity":790.6,"opportunity":4378,"population":413}},{"type":"Feature","id":2001,"geometry":{"type":"Polygon","coordinates":[[[17.89709,59.37561],[17.89993,59.37639],[17.90278,59.37574],[17.90279,59.37431],[17.89996,59.37353],[17.89711,59.37418],[17.89709,59.37561]]]},"properties":{"zone":3,"cell_type":"total isolation","proximity":1456.9,"opportunity":6468.6,"population":539}},{"type":"Feature","id":2002,"geometry":{"type":"Polygon","coordinates":[[[18.06165,59.31604],[18.06451,59.31683],[18.0674,59.31617],[18.06741,59.31471],[18.06454,59.31392],[18.06166,59.31459],[18.06165,59.31604]]]},"properties":{"zone":0,"cell_type":"inclusion","proximity":5980.4,"opportunity":14509,"population":1644}},{"type":"Feature","id":2003,"geometry":{"type":"Polygon","coordinates":[[[18.08217,59.34901],[18.08439,59.34962],[18.08658,59.34912],[18.08659,59.34809],[18.08437,59.34748],[18.08218,59.34798],[18.08217,59.34901]]]},"properties":{"zone":0,"cell_type":"inclusion","proximity":4903.7,"opportunity":10230.7,"population":143}},{"type":"Feature","id":2004,"geometry":{"type":"Polygon","coordinates":[[[17.97333,59.26811],[17.97589,59.26881],[17.97843,59.26823],[17.97845,59.26697],[17.97589,59.26627],[17.97335,59.26685],[17.97333,59.26811]]]},"properties":{"zone":3,"cell_type":"total isolation","proximity":1298.7,"opportunity":5722.6,"population":297}},{"type":"Feature","id":2005,"geometry":{"type":"Polygon","coordinates":[[[17.87982,59.40126],[17.88236,59.40197],[17.88489,59.40139],[17.8849,59.40016],[17.88237,59.39946],[17.87984,59.40003],[17.87982,59.40126]]]},"properties":{"zone":3,"cell_type":"total isolation","proximity":706.1,"opportunity":2287.4,"population":281}},{"type":"Feature","id":2006,"geometry":{"type":"Polygon","coordinates":[[[17.87788,59.34662],[17.88016,59.34725],[17.8824,59.34674],[17.88241,59.34567],[17.88014,59.34504],[17.8779,59.34556],[17.87788,59.34662]]]},"properties":{"zone":3,"cell_type":"total isolation","proximity":1316.7,"opportunity":7144.5,"population":161}},{"type":"Feature","id":2007,"geometry":{"type":"Polygon","coordinates":[[[18.10489,59.30169],[18.10776,59.30248],[18.11064,59.30182],[18.11065,59.30036],[18.10779,59.29957],[18.10491,59.30024],[18.10489,59.30169]]]},"properties":{"zone":1,"cell_type":"spatial isolation","proximity":3166.2,"opportunity":8159.4,"population":998}},{"type":"Feature","id":2008,"geometry":{"type":"Polygon","coordinates":[[[17.9295,59.33916],[17.93201,59.33986],[17.93451,59.33928],[17.93452,59.33806],[17.93201,59.33737],[17.92951,59.33794],[17.9295,59.33916]]]},"properties":{"zone":2,"cell_type":"social isolation","proximity":1862.7,"opportunity":9322.9,"population":268}},{"type":"Feature","id":2009,"geometry":{"type":"Polygon","coordinates":[[[18.04514,59.28931],[18.04752,59.28997],[18.04988,59.28942],[18.04989,59.28829],[18.04751,59.28763],[18.04515,59.28817],[18.04514,59.28931]]]},"properties":{"zone":1,"cell_type":"spatial isolation","proximity":3206,"opportunity":7518.7,"population":202}},{"type":"Feature","id":2010,"geometry":{"type":"Polygon","coordinates":[[[18.09615,59.31679],[18.09902,59.31758],[18.1019,59.31692],[18.10191,59.31546],[18.09904,59.31467],[18.09616,59.31534],[18.09615,59.31679]]]},"properties":{"zone":0,"cell_type":"inclusion","proximity":4346.6,"opportunity":10511.9,"population":704}},{"type":"Feature","id":2011,"geometry":{"type":"Polygon","coordinates":[[[17.96671,59.32919],[17.96949,59.32996],[17.97229,59.32932],[17.9723,59.32791],[17.96952,59.32714],[17.96672,59.32779],[17.96671,59.32919]]]},"properties":{"zone":3,"cell_type":"total isolation","proximity":2528.2,"opportunity":9230.2,"population":487}},{"type":"Feature","id":2012,"geometry":{"type":"Polygon","coordinates":[[[18.08619,59.23326],[18.08823,59.23382],[18.09022,59.23336],[18.09023,59.23245],[18.08819,59.23188],[18.0862,59.23234],[18.08619,59.23326]]]},"properties":{"zone":3,"cell_type":"total isolation","proximity":1003.3,"opportunity":6032.2,"population":99}},{"type":"Feature","id":2013,"geometry":{"type":"Polygon","coordinates":[[[17.80123,59.37273],[17.8022,59.37299],[17.80303,59.3728],[17.80303,59.3726],[17.80206,59.37233],[17.80123,59.37252],[17.80123,59.37273]]]},"properties":{"zone":3,"cell_type":"total isolation","proximity":606.9,"opportunity":2422,"population":10}},{"type":"Feature","id":2014,"geometry":{"type":"Polygon","coordinates":[[[18.05049,59.28084],[18.05333,59.28163],[18.05618,59.28097],[18.05619,59.27953],[18.05335,59.27875],[18.0505,59.2794],[18.05049,59.28084]]]},"properties":{"zone":0,"cell_type":"inclusion","proximity":3038.3,"opportunity":9469.8,"population":547}},{"type":"Feature","id":2015,"geometry":{"type":"Polygon","coordinates":[[[18.07127,59.26583],[18.07359,59.26647],[18.07588,59.26594],[18.07589,59.26484],[18.07357,59.2642],[18.07128,59.26473],[18.07127,59.26583]]]},"properties":{"zone":3,"cell_type":"total isolation","proximity":2175.7,"opportunity":7372.8,"population":180}},{"type":"Feature","id":2016,"geometry":{"type":"Polygon","coordinates":[[[18.0444,59.31567],[18.04727,59.31646],[18.05015,59.31579],[18.05016,59.31434],[18.04729,59.31355],[18.04441,59.31421],[18.0444,59.31567]]]},"properties":{"zone":0,"cell_type":"inclusion","proximity":5467.9,"opportunity":12863.3,"population":1047}},{"type":"Feature","id":2017,"geometry":{"type":"Polygon","coordinates":[[[17.96375,59.34002],[17.96651,59.34078],[17.96927,59.34015],[17.96928,59.33877],[17.96653,59.33801],[17.96376,59.33864],[17.96375,59.34002]]]},"properties":{"zone":3,"cell_type":"total isolation","proximity":2215.8,"opportunity":8822.9,"population":456}},{"type":"Feature","id":2018,"geometry":{"type":"Polygon","coordinates":[[[17.91839,59.36052],[17.92028,59.36104],[17.92212,59.36062],[17.92213,59.3598],[17.92023,59.35928],[17.9184,59.3597],[17.91839,59.36052]]]},"properties":{"zone":3,"cell_type":"total isolation","proximity":1603.5,"opportunity":5783.3,"population":72}},{"type":"Feature","id":2019,"geometry":{"type":"Polygon","coordinates":[[[18.09397,59.25769],[18.09663,59.25842],[18.09928,59.25781],[18.09929,59.25649],[18.09663,59.25575],[18.09398,59.25637],[18.09397,59.25769]]]},"properties":{"zone":3,"cell_type":"total isolation","proximity":2068.1,"opportunity":7778.5,"population":371}},{"type":"Feature","id":2020,"geometry":{"type":"Polygon","coordinates":[[[17.92025,59.4065],[17.92262,59.40716],[17.92497,59.40662],[17.92498,59.40549],[17.92261,59.40484],[17.92026,59.40538],[17.92025,59.4065]]]},"properties":{"zone":3,"cell_type":"total isolation","proximity":720.1,"opportunity":5509.7,"population":198}},{"type":"Feature","id":2021,"geometry":{"type":"Polygon","coordinates":[[[18.00465,59.26672],[18.00749,59.2675],[18.01034,59.26685],[18.01035,59.26541],[18.00751,59.26462],[18.00466,59.26528],[18.00465,59.26672]]]},"properties":{"zone":3,"cell_type":"total isolation","proximity":1588.5,"opportunity":7132.7,"population":548}},{"type":"Feature","id":2022,"geometry":{"type":"Polygon","coordinates":[[[18.0855,59.27272],[18.08789,59.27337],[18.09026,59.27283],[18.09027,59.27168],[18.08788,59.27102],[18.08551,59.27157],[18.0855,59.27272]]]},"properties":{"zone":0,"cell_type":"inclusion","proximity":2855.5,"opportunity":10733,"population":209}},{"type":"Feature","id":2023,"geometry":{"type":"Polygon","coordinates":[[[17.96166,59.28097],[17.96426,59.28169],[17.96685,59.28109],[17.96686,59.27981],[17.96427,59.27909],[17.96168,59.27969],[17.96166,59.28097]]]},"properties":{"zone":3,"cell_type":"total isolation","proximity":1615.1,"opportunity":7252.5,"population":325}},{"type":"Feature","id":2024,"geometry":{"type":"Polygon","coordinates":[[[18.01296,59.32579],[18.01555,59.32651],[18.01813,59.32591],[18.01815,59.32464],[18.01555,59.32392],[18.01297,59.32452],[18.01296,59.32579]]]},"properties":{"zone":0,"cell_type":"inclusion","proximity":4511.3,"opportunity":10955.7,"population":319}},{"type":"Feature","id":2025,"geometry":{"type":"Polygon","coordinates":[[[17.94007,59.41357],[17.94269,59.41429],[17.9453,59.4137],[17.94532,59.41241],[17.9427,59.41169],[17.94009,59.41229],[17.94007,59.41357]]]},"properties":{"zone":3,"cell_type":"total isolation","proximity":749.1,"opportunity":4474.5,"population":334}},{"type":"Feature","id":2026,"geometry":{"type":"Polygon","coordinates":[[[17.86574,59.35958],[17.86847,59.36034],[17.87121,59.35971],[17.87123,59.35835],[17.8685,59.35759],[17.86576,59.35822],[17.86574,59.35958]]]},"properties":{"zone":3,"cell_type":"total isolation","proximity":1435.6,"opportunity":6069.2,"population":434}},{"type":"Feature","id":2027,"geometry":{"type":"Polygon","coordinates":[[[17.94706,59.34381],[17.94923,59.34441],[17.95136,59.34392],[17.95137,59.34293],[17.9492,59.34233],[17.94707,59.34282],[17.94706,59.34381]]]},"properties":{"zone":3,"cell_type":"total isolation","proximity":1823,"opportunity":6696.2,"population":129}},{"type":"Feature","id":2028,"geometry":{"type":"Polygon","coordinates":[[[18.07376,59.2551],[18.07654,59.25587],[18.07931,59.25523],[18.07932,59.25383],[18.07655,59.25306],[18.07378,59.25371],[18.07376,59.2551]]]},"properties":{"zone":3,"cell_type":"total isolation","proximity":2066.3,"opportunity":7811.5,"population":473}},{"type":"Feature","id":2029,"geometry":{"type":"Polygon","coordinates":[[[17.91717,59.38695],[17.91995,59.38772],[17.92273,59.38708],[17.92275,59.38569],[17.91997,59.38492],[17.91718,59.38556],[17.91717,59.38695]]]},"properties":{"zone":3,"cell_type":"total isolation","proximity":1224.9,"opportunity":6471,"population":475}},{"type":"Feature","id":2030,"geometry":{"type":"Polygon","coordinates":[[[18.10617,59.26644],[18.10808,59.26697],[18.10992,59.26654],[18.10993,59.26571],[18.10802,59.26519],[18.10618,59.26562],[18.10617,59.26644]]]},"properties":{"zone":3,"cell_type":"total isolation","proximity":2014.6,"opportunity":5147.4,"population":73}},{"type":"Feature","id":2031,"geometry":{"type":"Polygon","coordinates":[[[17.86278,59.37474],[17.86541,59.37547],[17.86804,59.37487],[17.86805,59.37357],[17.86543,59.37285],[17.8628,59.37345],[17.86278,59.37474]]]},"properties":{"zone":3,"cell_type":"total isolation","proximity":1323.2,"opportunity":6591.9,"population":345}},{"type":"Feature","id":2032,"geometry":{"type":"Polygon","coordinates":[[[18.00108,59.33435],[18.00395,59.33514],[18.00683,59.33448],[18.00685,59.33303],[18.00398,59.33223],[18.0011,59.3329],[18.00108,59.33435]]]},"properties":{"zone":0,"cell_type":"inclusion","proximity":3930.6,"opportunity":13392.3,"population":736}},{"type":"Feature","id":2033,"geometry":{"type":"Polygon","coordinates":[[[18.14133,59.25388],[18.14266,59.25425],[18.1439,59.25397],[18.1439,59.25351],[18.14256,59.25315],[18.14133,59.25343],[18.14133,59.25388]]]},"properties":{"zone":3,"cell_type":"total isolation","proximity":988.6,"opportunity":3636.5,"population":22}},{"type":"Feature","id":2034,"geometry":{"type":"Polygon","coordinates":[[[17.93483,59.36116],[17.93751,59.3619],[17.9402,59.36128],[17.94021,59.35995],[17.93753,59.35921],[17.93484,59.35983],[17.93483,59.36116]]]},"properties":{"zone":3,"cell_type":"total isolation","proximity":1556.7,"opportunity":5857.1,"population":389}},{"type":"Feature","id":2035,"geometry":{"type":"Polygon","coordinates":[[[18.07363,59.2813],[18.07632,59.28204],[18.079,59.28142],[18.07901,59.28008],[18.07633,59.27934],[18.07365,59.27996],[18.07363,59.2813]]]},"properties":{"zone":0,"cell_type":"inclusion","proximity":3299.9,"opportunity":9693.3,"population":390}},{"type":"Feature","id":2036,"geometry":{"type":"Polygon","coordinates":[[[18.07589,59.33163],[18.07876,59.33242],[18.08164,59.33176],[18.08166,59.3303],[18.07879,59.32951],[18.0759,59.33018],[18.07589,59.33163]]]},"properties":{"zone":0,"cell_type":"inclusion","proximity":6303.9,"opportunity":13857.6,"population":752}},{"type":"Feature","id":2037,"geometry":{"type":"Polygon","coordinates":[[[18.00749,59.27769],[18.01026,59.27845],[18.01304,59.27781],[18.01305,59.27642],[18.01028,59.27565],[18.0075,59.27629],[18.00749,59.27769]]]},"properties":{"zone":2,"cell_type":"social isolation","proximity":2131.8,"opportunity":11411.7,"population":472}},{"type":"Feature","id":2038,"geometry":{"type":"Polygon","coordinates":[[[17.90038,59.36034],[17.90299,59.36106],[17.9056,59.36047],[17.90562,59.35918],[17.90301,59.35846],[17.9004,59.35906],[17.90038,59.36034]]]},"properties":{"zone":3,"cell_type":"total isolation","proximity":1686.7,"opportunity":5822,"population":332}},{"type":"Feature","id":2039,"geometry":{"type":"Polygon","coordinates":[[[17.96964,59.34881],[17.97218,59.34951],[17.9747,59.34893],[17.97471,59.34769],[17.97218,59.347],[17.96965,59.34757],[17.96964,59.34881]]]},"properties":{"zone":3,"cell_type":"total isolation","proximity":1873.5,"opportunity":7789.6,"population":281}},{"type":"Feature","id":2040,"geometry":{"type":"Polygon","coordinates":[[[18.06278,59.28957],[18.06478,59.29011],[18.06672,59.28967],[18.06672,59.28879],[18.06473,59.28824],[18.06279,59.28868],[18.06278,59.28957]]]},"properties":{"zone":0,"cell_type":"inclusion","proximity":3662.6,"opportunity":10147.7,"population":88}},{"type":"Feature","id":2041,"geometry":{"type":"Polygon","coordinates":[[[17.96431,59.29634],[17.96697,59.29707],[17.96962,59.29646],[17.96964,59.29515],[17.96698,59.29441],[17.96433,59.29502],[17.96431,59.29634]]]},"properties":{"zone":3,"cell_type":"total isolation","proximity":2144.3,"opportunity":7840.7,"population":368}},{"type":"Feature","id":2042,"geometry":{"type":"Polygon","coordinates":[[[17.8928,59.27937],[17.89533,59.28007],[17.89785,59.27949],[17.89786,59.27826],[17.89533,59.27755],[17.89281,59.27813],[17.8928,59.27937]]]},"properties":{"zone":3,"cell_type":"total isolation","proximity":635.8,"opportunity":6696.5,"population":282}},{"type":"Feature","id":2043,"geometry":{"type":"Polygon","coordinates":[[[18.0244,59.3043],[18.02725,59.30508],[18.0301,59.30442],[18.03011,59.30298],[18.02727,59.3022],[18.02442,59.30286],[18.0244,59.3043]]]},"properties":{"zone":0,"cell_type":"inclusion","proximity":4281.4,"opportunity":12415,"population":549}},{"type":"Feature","id":2044,"geometry":{"type":"Polygon","coordinates":[[[18.11208,59.32752],[18.11337,59.32787],[18.11456,59.3276],[18.11456,59.32718],[18.11327,59.32682],[18.11208,59.3271],[18.11208,59.32752]]]},"properties":{"zone":1,"cell_type":"spatial isolation","proximity":3441,"opportunity":7644.8,"population":20}},{"type":"Feature","id":2045,"geometry":{"type":"Polygon","coordinates":[[[17.85102,59.38323],[17.85379,59.384],[17.85656,59.38337],[17.85658,59.38198],[17.85381,59.38122],[17.85104,59.38185],[17.85102,59.38323]]]},"properties":{"zone":3,"cell_type":"total isolation","proximity":1095.3,"opportunity":4445.3,"population":463}},{"type":"Feature","id":2046,"geometry":{"type":"Polygon","coordinates":[[[17.94299,59.39843],[17.94573,59.39919],[17.94848,59.39856],[17.9485,59.39719],[17.94575,59.39643],[17.943,59.39706],[17.94299,59.39843]]]},"properties":{"zone":3,"cell_type":"total isolation","proximity":1019,"opportunity":6806.2,"population":441}},{"type":"Feature","id":2047,"geometry":{"type":"Polygon","coordinates":[[[18.16131,59.26089],[18.16272,59.26128],[18.16403,59.26097],[18.16403,59.26048],[18.16263,59.26009],[18.16132,59.26039],[18.16131,59.26089]]]},"properties":{"zone":3,"cell_type":"total isolation","proximity":803.8,"opportunity":5192.1,"population":25}},{"type":"Feature","id":2048,"geometry":{"type":"Polygon","coordinates":[[[17.91558,59.32782],[17.91777,59.32843],[17.91993,59.32794],[17.91994,59.32692],[17.91775,59.32632],[17.91559,59.32681],[17.91558,59.32782]]]},"properties":{"zone":3,"cell_type":"total isolation","proximity":1266.7,"opportunity":7450.2,"population":136}},{"type":"Feature","id":2049,"geometry":{"type":"Polygon","coordinates":[[[17.96433,59.30069],[17.96693,59.30141],[17.96952,59.30081],[17.96953,59.29953],[17.96693,59.29881],[17.96434,59.29941],[17.96433,59.30069]]]},"properties":{"zone":3,"cell_type":"total isolation","proximity":2276.6,"opportunity":8300.2,"population":326}},{"type":"Feature","id":2050,"geometry":{"type":"Polygon","coordinates":[[[17.87274,59.27672],[17.87525,59.27741],[17.87776,59.27684],[17.87777,59.27561],[17.87526,59.27491],[17.87275,59.27549],[17.87274,59.27672]]]},"properties":{"zone":3,"cell_type":"total isolation","proximity":372,"opportunity":2105.2,"population":274}},{"type":"Feature","id":2051,"geometry":{"type":"Polygon","coordinates":[[[18.06721,59.3467],[18.07001,59.34747],[18.07281,59.34682],[18.07282,59.34541],[18.07002,59.34464],[18.06722,59.34529],[18.06721,59.3467]]]},"properties":{"zone":0,"cell_type":"inclusion","proximity":5876.7,"opportunity":14045.9,"population":495}},{"type":"Feature","id":2052,"geometry":{"type":"Polygon","coordinates":[[[17.84838,59.37224],[17.85105,59.37298],[17.85372,59.37237],[17.85374,59.37104],[17.85107,59.3703],[17.8484,59.37091],[17.84838,59.37224]]]},"properties":{"zone":3,"cell_type":"total isolation","proximity":1210.5,"opportunity":6280.2,"population":378}},{"type":"Feature","id":2053,"geometry":{"type":"Polygon","coordinates":[[[18.15037,59.32157],[18.15083,59.3217],[18.15113,59.32163],[18.15067,59.3215],[18.15037,59.32157]]]},"properties":{"zone":3,"cell_type":"total isolation","proximity":1773.9,"opportunity":3632.2,"population":4}},{"type":"Feature","id":2054,"geometry":{"type":"Polygon","coordinates":[[[18.05068,59.3635],[18.05263,59.36403],[18.05451,59.3636],[18.05452,59.36276],[18.05258,59.36222],[18.05069,59.36265],[18.05068,59.3635]]]},"properties":{"zone":0,"cell_type":"inclusion","proximity":3172.8,"opportunity":9988.9,"population":79}},{"type":"Feature","id":2055,"geometry":{"type":"Polygon","coordinates":[[[18.11071,59.29308],[18.11358,59.29387],[18.11646,59.29321],[18.11647,59.29175],[18.1136,59.29096],[18.11072,59.29163],[18.11071,59.29308]]]},"properties":{"zone":2,"cell_type":"social isolation","proximity":2851.6,"opportunity":11711.5,"population":634}},{"type":"Feature","id":2056,"geometry":{"type":"Polygon","coordinates":[[[17.98967,59.32537],[17.99254,59.32616],[17.99542,59.3255],[17.99543,59.32404],[17.99257,59.32325],[17.98968,59.32391],[17.98967,59.32537]]]},"properties":{"zone":0,"cell_type":"inclusion","proximity":3425.3,"opportunity":12024.8,"population":801}},{"type":"Feature","id":2057,"geometry":{"type":"Polygon","coordinates":[[[18.01297,59.29967],[18.01579,59.30045],[18.01863,59.2998],[18.01864,59.29837],[18.01582,59.29759],[18.01298,59.29824],[18.01297,59.29967]]]},"properties":{"zone":0,"cell_type":"inclusion","proximity":3571.1,"opportunity":9533.2,"population":528}},{"type":"Feature","id":2058,"geometry":{"type":"Polygon","coordinates":[[[17.94409,59.29809],[17.94683,59.29885],[17.94958,59.29822],[17.94959,59.29685],[17.94685,59.29609],[17.9441,59.29672],[17.94409,59.29809]]]},"properties":{"zone":3,"cell_type":"total isolation","proximity":1681.1,"opportunity":7049.8,"population":444}},{"type":"Feature","id":2059,"geometry":{"type":"Polygon","coordinates":[[[18.08786,59.35351],[18.09011,59.35412],[18.09233,59.35361],[18.09233,59.35257],[18.09009,59.35195],[18.08787,59.35246],[18.08786,59.35351]]]},"properties":{"zone":0,"cell_type":"inclusion","proximity":3968.4,"opportunity":9454,"population":152}},{"type":"Feature","id":2060,"geometry":{"type":"Polygon","coordinates":[[[18.01289,59.30405],[18.01575,59.30484],[18.01862,59.30418],[18.01863,59.30273],[18.01578,59.30194],[18.0129,59.3026],[18.01289,59.30405]]]},"properties":{"zone":0,"cell_type":"inclusion","proximity":3902.3,"opportunity":11578.9,"population":567}},{"type":"Feature","id":2061,"geometry":{"type":"Polygon","coordinates":[[[18.1132,59.34335],[18.11607,59.34414],[18.11895,59.34347],[18.11896,59.34202],[18.11609,59.34123],[18.11321,59.3419],[18.1132,59.34335]]]},"properties":{"zone":1,"cell_type":"spatial isolation","proximity":2936.2,"opportunity":7965.1,"population":1146}},{"type":"Feature","id":2062,"geometry":{"type":"Polygon","coordinates":[[[17.88819,59.39503],[17.89106,59.39583],[17.89395,59.39517],[17.89396,59.39371],[17.89109,59.39292],[17.88821,59.39358],[17.88819,59.39503]]]},"properties":{"zone":3,"cell_type":"total isolation","proximity":1052.4,"opportunity":6597.4,"population":643}},{"type":"Feature","id":2063,"geometry":{"type":"Polygon","coordinates":[[[17.9943,59.26612],[17.99605,59.2666],[17.99772,59.26622],[17.99773,59.26549],[17.99598,59.26501],[17.99431,59.2654],[17.9943,59.26612]]]},"properties":{"zone":3,"cell_type":"total isolation","proximity":1191.3,"opportunity":4902.5,"population":52}},{"type":"Feature","id":2064,"geometry":{"type":"Polygon","coordinates":[[[18.07619,59.29671],[18.07906,59.2975],[18.08194,59.29683],[18.08195,59.29537],[18.07908,59.29458],[18.0762,59.29525],[18.07619,59.29671]]]},"properties":{"zone":0,"cell_type":"inclusion","proximity":4422.4,"opportunity":13617.9,"population":826}},{"type":"Feature","id":2065,"geometry":{"type":"Polygon","coordinates":[[[17.82707,59.35815],[17.82828,59.35849],[17.82936,59.35824],[17.82937,59.35788],[17.82817,59.35755],[17.82708,59.3578],[17.82707,59.35815]]]},"properties":{"zone":3,"cell_type":"total isolation","proximity":809.5,"opportunity":4836.8,"population":16}},{"type":"Feature","id":2066,"geometry":{"type":"Polygon","coordinates":[[[17.90721,59.28622],[17.90962,59.28688],[17.91201,59.28634],[17.91202,59.28518],[17.90961,59.28451],[17.90722,59.28506],[17.90721,59.28622]]]},"properties":{"zone":3,"cell_type":"total isolation","proximity":937.9,"opportunity":6592.3,"population":217}},{"type":"Feature","id":2067,"geometry":{"type":"Polygon","coordinates":[[[18.05047,59.29392],[18.05321,59.29468],[18.05596,59.29404],[18.05598,59.29267],[18.05323,59.29191],[18.05048,59.29254],[18.05047,59.29392]]]},"properties":{"zone":0,"cell_type":"inclusion","proximity":3726.3,"opportunity":10427.6,"population":446}},{"type":"Feature","id":2068,"geometry":{"type":"Polygon","coordinates":[[[18.08186,59.30557],[18.08473,59.30636],[18.08761,59.30569],[18.08762,59.30423],[18.08476,59.30344],[18.08187,59.30411],[18.08186,59.30557]]]},"properties":{"zone":0,"cell_type":"inclusion","proximity":4794,"opportunity":11758.7,"population":1265}},{"type":"Feature","id":2069,"geometry":{"type":"Polygon","coordinates":[[[17.91572,59.34083],[17.91763,59.34135],[17.91948,59.34093],[17.91949,59.3401],[17.91758,59.33958],[17.91573,59.34],[17.91572,59.34083]]]},"properties":{"zone":3,"cell_type":"total isolation","proximity":1529.7,"opportunity":7139.9,"population":74}},{"type":"Feature","id":2070,"geometry":{"type":"Polygon","coordinates":[[[17.97657,59.32248],[17.97823,59.32295],[17.97983,59.32258],[17.97983,59.32191],[17.97816,59.32145],[17.97657,59.32182],[17.97657,59.32248]]]},"properties":{"zone":3,"cell_type":"total isolation","proximity":2177.1,"opportunity":7023.9,"population":44}},{"type":"Feature","id":2071,"geometry":{"type":"Polygon","coordinates":[[[17.80517,59.37775],[17.80782,59.37848],[17.81046,59.37788],[17.81048,59.37657],[17.80783,59.37584],[17.80519,59.37644],[17.80517,59.37775]]]},"properties":{"zone":3,"cell_type":"total isolation","proximity":723.2,"opportunity":3718,"population":359}},{"type":"Feature","id":2072,"geometry":{"type":"Polygon","coordinates":[[[18.05011,59.32016],[18.05298,59.32095],[18.05586,59.32028],[18.05587,59.31883],[18.053,59.31804],[18.05012,59.3187],[18.05011,59.32016]]]},"properties":{"zone":0,"cell_type":"inclusion","proximity":5491.7,"opportunity":13010.3,"population":1264}},{"type":"Feature","id":2073,"geometry":{"type":"Polygon","coordinates":[[[17.91695,59.42176],[17.91955,59.42248],[17.92216,59.42188],[17.92218,59.4206],[17.91957,59.41988],[17.91696,59.42048],[17.91695,59.42176]]]},"properties":{"zone":3,"cell_type":"total isolation","proximity":521.9,"opportunity":5166.8,"population":329}},{"type":"Feature","id":2074,"geometry":{"type":"Polygon","coordinates":[[[17.96975,59.34443],[17.97222,59.34511],[17.97468,59.34455],[17.97469,59.34335],[17.97222,59.34267],[17.96976,59.34323],[17.96975,59.34443]]]},"properties":{"zone":2,"cell_type":"social isolation","proximity":2102.4,"opportunity":9456.9,"population":248}},{"type":"Feature","id":2075,"geometry":{"type":"Polygon","coordinates":[[[18.06297,59.36352],[18.06417,59.36384],[18.06525,59.3636],[18.06525,59.36324],[18.06405,59.36291],[18.06297,59.36316],[18.06297,59.36352]]]},"properties":{"zone":1,"cell_type":"spatial isolation","proximity":2870.1,"opportunity":8896.9,"population":16}},{"type":"Feature","id":2076,"geometry":{"type":"Polygon","coordinates":[[[17.90372,59.3494],[17.90601,59.35004],[17.90827,59.34952],[17.90828,59.34845],[17.906,59.34781],[17.90374,59.34833],[17.90372,59.3494]]]},"properties":{"zone":3,"cell_type":"total isolation","proximity":1659.1,"opportunity":6599,"population":166}},{"type":"Feature","id":2077,"geometry":{"type":"Polygon","coordinates":[[[18.04212,59.26968],[18.04481,59.27043],[18.04751,59.26981],[18.04752,59.26846],[18.04482,59.26772],[18.04213,59.26834],[18.04212,59.26968]]]},"properties":{"zone":3,"cell_type":"total isolation","proximity":2467.6,"opportunity":8566.8,"population":399}},{"type":"Feature","id":2078,"geometry":{"type":"Polygon","coordinates":[[[18.06538,59.37024],[18.06697,59.37068],[18.06848,59.37033],[18.06848,59.36972],[18.06689,59.36929],[18.06539,59.36963],[18.06538,59.37024]]]},"properties":{"zone":3,"cell_type":"total isolation","proximity":2324.5,"opportunity":8355.9,"population":37}},{"type":"Feature","id":2079,"geometry":{"type":"Polygon","coordinates":[[[17.92557,59.4111],[17.92831,59.41186],[17.93106,59.41123],[17.93107,59.40987],[17.92833,59.40911],[17.92559,59.40974],[17.92557,59.4111]]]},"properties":{"zone":3,"cell_type":"total isolation","proximity":857,"opportunity":7637.9,"population":435}},{"type":"Feature","id":2080,"geometry":{"type":"Polygon","coordinates":[[[17.81663,59.3621],[17.81675,59.36213],[17.81675,59.36213],[17.81663,59.3621]]]},"properties":{"zone":3,"cell_type":"total isolation","proximity":718.9,"opportunity":4270.9,"population":1}},{"type":"Feature","id":2081,"geometry":{"type":"Polygon","coordinates":[[[17.91074,59.29261],[17.91245,59.29309],[17.91408,59.29271],[17.91409,59.29202],[17.91238,59.29154],[17.91074,59.29192],[17.91074,59.29261]]]},"properties":{"zone":3,"cell_type":"total isolation","proximity":796.5,"opportunity":3221.6,"population":48}},{"type":"Feature","id":2082,"geometry":{"type":"Polygon","coordinates":[[[17.97077,59.27448],[17.97296,59.27509],[17.97511,59.27459],[17.97513,59.27358],[17.97294,59.27297],[17.97078,59.27347],[17.97077,59.27448]]]},"properties":{"zone":3,"cell_type":"total isolation","proximity":1523.4,"opportunity":5967,"population":135}},{"type":"Feature","id":2083,"geometry":{"type":"Polygon","coordinates":[[[17.89249,59.40987],[17.89382,59.41024],[17.89505,59.40996],[17.89505,59.40951],[17.89372,59.40915],[17.8925,59.40943],[17.89249,59.40987]]]},"properties":{"zone":3,"cell_type":"total isolation","proximity":581.9,"opportunity":4506.1,"population":21}},{"type":"Feature","id":2084,"geometry":{"type":"Polygon","coordinates":[[[18.07029,59.31405],[18.07316,59.31484],[18.07604,59.31417],[18.07605,59.31272],[18.07318,59.31193],[18.0703,59.31259],[18.07029,59.31405]]]},"properties":{"zone":0,"cell_type":"inclusion","proximity":6013.1,"opportunity":15824.7,"population":2625}},{"type":"Feature","id":2085,"geometry":{"type":"Polygon","coordinates":[[[18.04138,59.33088],[18.04425,59.33167],[18.04713,59.33101],[18.04715,59.32955],[18.04428,59.32876],[18.0414,59.32942],[18.04138,59.33088]]]},"properties":{"zone":0,"cell_type":"inclusion","proximity":6125.2,"opportunity":15153.5,"population":2130}},{"type":"Feature","id":2086,"geometry":{"type":"Polygon","coordinates":[[[17.99858,59.31459],[18.00128,59.31534],[18.00398,59.31472],[18.00399,59.31337],[18.00129,59.31263],[17.99859,59.31325],[17.99858,59.31459]]]},"properties":{"zone":1,"cell_type":"spatial isolation","proximity":3502.8,"opportunity":8489,"population":404}},{"type":"Feature","id":2087,"geometry":{"type":"Polygon","coordinates":[[[18.06225,59.24321],[18.06237,59.24325],[18.06237,59.24325],[18.06225,59.24321]]]},"properties":{"zone":3,"cell_type":"total isolation","proximity":1280.3,"opportunity":4950.5,"population":1}},{"type":"Feature","id":2088,"geometry":{"type":"Polygon","coordinates":[[[17.90308,59.37567],[17.90569,59.37639],[17.9083,59.37579],[17.90831,59.37451],[17.9057,59.37379],[17.9031,59.37439],[17.90308,59.37567]]]},"properties":{"zone":3,"cell_type":"total isolation","proximity":1412.6,"opportunity":6055.1,"population":330}},{"type":"Feature","id":2089,"geometry":{"type":"Polygon","coordinates":[[[18.11104,59.27119],[18.11375,59.27193],[18.11646,59.27131],[18.11647,59.26995],[18.11376,59.26921],[18.11105,59.26983],[18.11104,59.27119]]]},"properties":{"zone":3,"cell_type":"total isolation","proximity":2150.3,"opportunity":6072.2,"population":413}},{"type":"Feature","id":2090,"geometry":{"type":"Polygon","coordinates":[[[18.01284,59.30842],[18.01571,59.30921],[18.01859,59.30855],[18.0186,59.30709],[18.01573,59.3063],[18.01285,59.30696],[18.01284,59.30842]]]},"properties":{"zone":0,"cell_type":"inclusion","proximity":3785.9,"opportunity":10444,"population":964}},{"type":"Feature","id":2091,"geometry":{"type":"Polygon","coordinates":[[[18.09902,59.32339],[18.10184,59.32416],[18.10467,59.32351],[18.10468,59.32209],[18.10186,59.32131],[18.09904,59.32197],[18.09902,59.32339]]]},"properties":{"zone":0,"cell_type":"inclusion","proximity":4257.9,"opportunity":9329.3,"population":517}},{"type":"Feature","id":2092,"geometry":{"type":"Polygon","coordinates":[[[17.97563,59.301],[17.97841,59.30177],[17.9812,59.30113],[17.98121,59.29973],[17.97844,59.29896],[17.97565,59.29961],[17.97563,59.301]]]},"properties":{"zone":2,"cell_type":"social isolation","proximity":2620.1,"opportunity":9481.7,"population":480}},{"type":"Feature","id":2093,"geometry":{"type":"Polygon","coordinates":[[[17.89982,59.39526],[17.90258,59.39603],[17.90534,59.39539],[17.90536,59.39402],[17.9026,59.39325],[17.89984,59.39389],[17.89982,59.39526]]]},"properties":{"zone":3,"cell_type":"total isolation","proximity":1102,"opportunity":8615.1,"population":454}},{"type":"Feature","id":2094,"geometry":{"type":"Polygon","coordinates":[[[17.93792,59.33725],[17.94065,59.338],[17.94339,59.33737],[17.9434,59.33601],[17.94067,59.33525],[17.93793,59.33588],[17.93792,59.33725]]]},"properties":{"zone":2,"cell_type":"social isolation","proximity":1936,"opportunity":10639.4,"population":432}},{"type":"Feature","id":2095,"geometry":{"type":"Polygon","coordinates":[[[17.7966,59.38838],[17.79904,59.38905],[17.80147,59.3885],[17.80149,59.38733],[17.79905,59.38665],[17.79662,59.3872],[17.7966,59.38838]]]},"properties":{"zone":3,"cell_type":"total isolation","proximity":537.5,"opportunity":3490.4,"population":231}},{"type":"Feature","id":2096,"geometry":{"type":"Polygon","coordinates":[[[18.12668,59.24276],[18.12837,59.24323],[18.12999,59.24285],[18.12999,59.24217],[18.1283,59.2417],[18.12668,59.24208],[18.12668,59.24276]]]},"properties":{"zone":3,"cell_type":"total isolation","proximity":791.8,"opportunity":3405.6,"population":46}},{"type":"Feature","id":2097,"geometry":{"type":"Polygon","coordinates":[[[17.9236,59.3695],[17.92592,59.37014],[17.92821,59.36962],[17.92823,59.36853],[17.92591,59.36788],[17.92361,59.36841],[17.9236,59.3695]]]},"properties":{"zone":3,"cell_type":"total isolation","proximity":1475.1,"opportunity":4690.5,"population":178}},{"type":"Feature","id":2098,"geometry":{"type":"Polygon","coordinates":[[[18.05959,59.26999],[18.06206,59.27067],[18.0645,59.27011],[18.06452,59.26891],[18.06205,59.26823],[18.0596,59.2688],[18.05959,59.26999]]]},"properties":{"zone":3,"cell_type":"total isolation","proximity":2570.6,"opportunity":7370.1,"population":245}},{"type":"Feature","id":2099,"geometry":{"type":"Polygon","coordinates":[[[18.12495,59.34352],[18.12758,59.34425],[18.13021,59.34364],[18.13022,59.34234],[18.12759,59.34162],[18.12496,59.34222],[18.12495,59.34352]]]},"properties":{"zone":3,"cell_type":"total isolation","proximity":2506.3,"opportunity":7822.8,"population":346}},{"type":"Feature","id":2100,"geometry":{"type":"Polygon","coordinates":[[[18.01339,59.28212],[18.01597,59.28284],[18.01854,59.28224],[18.01856,59.28097],[18.01597,59.28026],[18.0134,59.28085],[18.01339,59.28212]]]},"properties":{"zone":2,"cell_type":"social isolation","proximity":2640.1,"opportunity":10464.8,"population":315}},{"type":"Feature","id":2101,"geometry":{"type":"Polygon","coordinates":[[[18.09618,59.31243],[18.09905,59.31322],[18.10193,59.31255],[18.10194,59.31109],[18.09907,59.3103],[18.09619,59.31097],[18.09618,59.31243]]]},"properties":{"zone":0,"cell_type":"inclusion","proximity":4224,"opportunity":10095.3,"population":873}},{"type":"Feature","id":2102,"geometry":{"type":"Polygon","coordinates":[[[17.90672,59.36465],[17.90872,59.3652],[17.91068,59.36475],[17.91069,59.36387],[17.90868,59.36331],[17.90673,59.36376],[17.90672,59.36465]]]},"properties":{"zone":3,"cell_type":"total isolation","proximity":1601.5,"opportunity":4687.8,"population":90}},{"type":"Feature","id":2103,"geometry":{"type":"Polygon","coordinates":[[[17.95774,59.35736],[17.96056,59.35815],[17.9634,59.35749],[17.96342,59.35607],[17.96059,59.35529],[17.95775,59.35594],[17.95774,59.35736]]]},"properties":{"zone":3,"cell_type":"total isolation","proximity":1702.4,"opportunity":7980.7,"population":529}},{"type":"Feature","id":2104,"geometry":{"type":"Polygon","coordinates":[[[18.09039,59.23074],[18.09117,59.23095],[18.0918,59.2308],[18.0918,59.23072],[18.09103,59.23051],[18.0904,59.23065],[18.09039,59.23074]]]},"properties":{"zone":3,"cell_type":"total isolation","proximity":935.5,"opportunity":6089.5,"population":6}},{"type":"Feature","id":2105,"geometry":{"type":"Polygon","coordinates":[[[17.94123,59.32196],[17.9437,59.32264],[17.94616,59.32208],[17.94617,59.32088],[17.9437,59.3202],[17.94124,59.32076],[17.94123,59.32196]]]},"properties":{"zone":3,"cell_type":"total isolation","proximity":1467.4,"opportunity":6253.9,"population":248}},{"type":"Feature","id":2106,"geometry":{"type":"Polygon","coordinates":[[[18.07954,59.26394],[18.08221,59.26467],[18.08488,59.26406],[18.08489,59.26273],[18.08222,59.26199],[18.07955,59.26261],[18.07954,59.26394]]]},"properties":{"zone":2,"cell_type":"social isolation","proximity":2370.2,"opportunity":11196,"population":380}},{"type":"Feature","id":2107,"geometry":{"type":"Polygon","coordinates":[[[17.97296,59.28999],[17.97566,59.29074],[17.97835,59.29012],[17.97836,59.28878],[17.97567,59.28803],[17.97298,59.28865],[17.97296,59.28999]]]},"properties":{"zone":3,"cell_type":"total isolation","proximity":2247.1,"opportunity":7803.3,"population":400}},{"type":"Feature","id":2108,"geometry":{"type":"Polygon","coordinates":[[[17.91334,59.33409],[17.91485,59.33451],[17.91627,59.33418],[17.91627,59.33362],[17.91477,59.3332],[17.91335,59.33353],[17.91334,59.33409]]]},"properties":{"zone":3,"cell_type":"total isolation","proximity":1334.8,"opportunity":5667.7,"population":31}},{"type":"Feature","id":2109,"geometry":{"type":"Polygon","coordinates":[[[17.83667,59.37203],[17.83954,59.37282],[17.84242,59.37216],[17.84244,59.37071],[17.83957,59.36992],[17.83669,59.37058],[17.83667,59.37203]]]},"properties":{"zone":3,"cell_type":"total isolation","proximity":1106.5,"opportunity":5926.9,"population":590}},{"type":"Feature","id":2110,"geometry":{"type":"Polygon","coordinates":[[[17.91748,59.34918],[17.9176,59.34921],[17.9176,59.34921],[17.91748,59.34918]]]},"properties":{"zone":3,"cell_type":"total isolation","proximity":1642.4,"opportunity":5258.2,"population":1}},{"type":"Feature","id":2111,"geometry":{"type":"Polygon","coordinates":[[[18.11425,59.25153],[18.11679,59.25222],[18.11931,59.25164],[18.11932,59.2504],[18.11678,59.2497],[18.11426,59.25029],[18.11425,59.25153]]]},"properties":{"zone":3,"cell_type":"total isolation","proximity":1387,"opportunity":6187.6,"population":285}},{"type":"Feature","id":2112,"geometry":{"type":"Polygon","coordinates":[[[18.10809,59.27333],[18.11086,59.27409],[18.11364,59.27345],[18.11365,59.27206],[18.11088,59.2713],[18.1081,59.27194],[18.10809,59.27333]]]},"properties":{"zone":3,"cell_type":"total isolation","proximity":2340.3,"opportunity":6007.5,"population":469}},{"type":"Feature","id":2113,"geometry":{"type":"Polygon","coordinates":[[[17.98183,59.27487],[17.98443,59.27559],[17.98703,59.27499],[17.98704,59.27371],[17.98444,59.27299],[17.98185,59.27359],[17.98183,59.27487]]]},"properties":{"zone":3,"cell_type":"total isolation","proximity":1780.3,"opportunity":7503.2,"population":327}},{"type":"Feature","id":2114,"geometry":{"type":"Polygon","coordinates":[[[18.07582,59.34036],[18.07869,59.34115],[18.08157,59.34049],[18.08158,59.33903],[18.07871,59.33824],[18.07583,59.33891],[18.07582,59.34036]]]},"properties":{"zone":0,"cell_type":"inclusion","proximity":6223.4,"opportunity":13682.8,"population":2066}},{"type":"Feature","id":2115,"geometry":{"type":"Polygon","coordinates":[[[17.90409,59.2797],[17.90681,59.28045],[17.90953,59.27982],[17.90955,59.27846],[17.90683,59.27771],[17.9041,59.27833],[17.90409,59.2797]]]},"properties":{"zone":3,"cell_type":"total isolation","proximity":746.5,"opportunity":6855.6,"population":425}},{"type":"Feature","id":2116,"geometry":{"type":"Polygon","coordinates":[[[17.99929,59.28826],[18.00155,59.28888],[18.00379,59.28837],[18.0038,59.28731],[18.00153,59.28668],[17.9993,59.2872],[17.99929,59.28826]]]},"properties":{"zone":3,"cell_type":"total isolation","proximity":2687.1,"opportunity":7737.5,"population":159}},{"type":"Feature","id":2117,"geometry":{"type":"Polygon","coordinates":[[[17.94995,59.30254],[17.95253,59.30326],[17.95512,59.30267],[17.95513,59.30139],[17.95254,59.30068],[17.94996,59.30127],[17.94995,59.30254]]]},"properties":{"zone":3,"cell_type":"total isolation","proximity":1817.9,"opportunity":9206.1,"population":319}},{"type":"Feature","id":2118,"geometry":{"type":"Polygon","coordinates":[[[17.88578,59.37528],[17.88843,59.37602],[17.89107,59.37541],[17.89109,59.3741],[17.88844,59.37337],[17.8858,59.37398],[17.88578,59.37528]]]},"properties":{"zone":3,"cell_type":"total isolation","proximity":1489.3,"opportunity":6432.1,"population":360}},{"type":"Feature","id":2119,"geometry":{"type":"Polygon","coordinates":[[[18.02409,59.33486],[18.02696,59.33565],[18.02984,59.33499],[18.02985,59.33354],[18.02698,59.33274],[18.0241,59.33341],[18.02409,59.33486]]]},"properties":{"zone":0,"cell_type":"inclusion","proximity":5453.2,"opportunity":13806.4,"population":1298}},{"type":"Feature","id":2120,"geometry":{"type":"Polygon","coordinates":[[[18.03882,59.29807],[18.04168,59.29886],[18.04454,59.29819],[18.04456,59.29675],[18.0417,59.29596],[18.03883,59.29662],[18.03882,59.29807]]]},"properties":{"zone":0,"cell_type":"inclusion","proximity":3777.1,"opportunity":11904.4,"population":564}},{"type":"Feature","id":2121,"geometry":{"type":"Polygon","coordinates":[[[18.08491,59.28597],[18.08777,59.28676],[18.09064,59.28609],[18.09065,59.28464],[18.08779,59.28386],[18.08492,59.28452],[18.08491,59.28597]]]},"properties":{"zone":1,"cell_type":"spatial isolation","proximity":3630.6,"opportunity":9238.4,"population":566}},{"type":"Feature","id":2122,"geometry":{"type":"Polygon","coordinates":[[[18.07848,59.3615],[18.0786,59.36153],[18.0786,59.36153],[18.07848,59.3615]]]},"properties":{"zone":1,"cell_type":"spatial isolation","proximity":3028.9,"opportunity":6954.1,"population":0}},{"type":"Feature","id":2123,"geometry":{"type":"Polygon","coordinates":[[[18.0989,59.33213],[18.10177,59.33292],[18.10465,59.33226],[18.10466,59.3308],[18.10179,59.33001],[18.09891,59.33068],[18.0989,59.33213]]]},"properties":{"zone":0,"cell_type":"inclusion","proximity":4461.7,"opportunity":10374.4,"population":620}},{"type":"Feature","id":2124,"geometry":{"type":"Polygon","coordinates":[[[17.87135,59.35976],[17.87422,59.36055],[17.8771,59.35989],[17.87712,59.35844],[17.87426,59.35764],[17.87137,59.3583],[17.87135,59.35976]]]},"properties":{"zone":3,"cell_type":"total isolation","proximity":1515,"opportunity":6567.3,"population":636}},{"type":"Feature","id":2125,"geometry":{"type":"Polygon","coordinates":[[[18.10461,59.35403],[18.10736,59.35479],[18.1101,59.35415],[18.11011,59.35278],[18.10737,59.35203],[18.10462,59.35266],[18.10461,59.35403]]]},"properties":{"zone":1,"cell_type":"spatial isolation","proximity":2873.3,"opportunity":9149.9,"population":442}},{"type":"Feature","id":2126,"geometry":{"type":"Polygon","coordinates":[[[18.10457,59.34969],[18.10739,59.35047],[18.11021,59.34982],[18.11022,59.3484],[18.10741,59.34762],[18.10458,59.34828],[18.10457,59.34969]]]},"properties":{"zone":1,"cell_type":"spatial isolation","proximity":3265.3,"opportunity":9113.4,"population":513}},{"type":"Feature","id":2127,"geometry":{"type":"Polygon","coordinates":[[[18.08486,59.29034],[18.08773,59.29113],[18.09061,59.29047],[18.09062,59.28901],[18.08776,59.28822],[18.08488,59.28889],[18.08486,59.29034]]]},"properties":{"zone":0,"cell_type":"inclusion","proximity":3895.1,"opportunity":10850.2,"population":852}},{"type":"Feature","id":2128,"geometry":{"type":"Polygon","coordinates":[[[18.03935,59.30226],[18.04166,59.3029],[18.04393,59.30237],[18.04394,59.30129],[18.04164,59.30065],[18.03936,59.30118],[18.03935,59.30226]]]},"properties":{"zone":0,"cell_type":"inclusion","proximity":4080.1,"opportunity":10189,"population":172}},{"type":"Feature","id":2129,"geometry":{"type":"Polygon","coordinates":[[[17.87146,59.2827],[17.87237,59.28295],[17.87315,59.28277],[17.87315,59.2826],[17.87223,59.28235],[17.87146,59.28253],[17.87146,59.2827]]]},"properties":{"zone":3,"cell_type":"total isolation","proximity":407,"opportunity":439.3,"population":9}},{"type":"Feature","id":2130,"geometry":{"type":"Polygon","coordinates":[[[17.91551,59.27998],[17.91829,59.28075],[17.92109,59.28011],[17.9211,59.27871],[17.91832,59.27794],[17.91553,59.27858],[17.91551,59.27998]]]},"properties":{"zone":3,"cell_type":"total isolation","proximity":893.8,"opportunity":6224,"population":485}},{"type":"Feature","id":2131,"geometry":{"type":"Polygon","coordinates":[[[18.02785,59.25409],[18.03059,59.25484],[18.03334,59.25421],[18.03335,59.25283],[18.03061,59.25208],[18.02786,59.25271],[18.02785,59.25409]]]},"properties":{"zone":3,"cell_type":"total isolation","proximity":1566.4,"opportunity":6910.7,"population":443}},{"type":"Feature","id":2132,"geometry":{"type":"Polygon","coordinates":[[[17.94123,59.32631],[17.94366,59.32698],[17.94607,59.32643],[17.94608,59.32526],[17.94365,59.32459],[17.94124,59.32514],[17.94123,59.32631]]]},"properties":{"zone":3,"cell_type":"total isolation","proximity":1647.3,"opportunity":6754,"population":227}},{"type":"Feature","id":2133,"geometry":{"type":"Polygon","coordinates":[[[18.10106,59.23123],[18.10262,59.23166],[18.1041,59.23132],[18.1041,59.23072],[18.10254,59.23029],[18.10107,59.23063],[18.10106,59.23123]]]},"properties":{"zone":3,"cell_type":"total isolation","proximity":813.6,"opportunity":6966.9,"population":35}},{"type":"Feature","id":2134,"geometry":{"type":"Polygon","coordinates":[[[17.79441,59.38593],[17.79623,59.38643],[17.79797,59.38604],[17.79798,59.38528],[17.79617,59.38478],[17.79442,59.38517],[17.79441,59.38593]]]},"properties":{"zone":3,"cell_type":"total isolation","proximity":540.8,"opportunity":3218.8,"population":59}},{"type":"Feature","id":2135,"geometry":{"type":"Polygon","coordinates":[[[17.87212,59.35518],[17.8743,59.35579],[17.87645,59.3553],[17.87646,59.35429],[17.87428,59.35368],[17.87213,59.35418],[17.87212,59.35518]]]},"properties":{"zone":3,"cell_type":"total isolation","proximity":1381.5,"opportunity":7136.9,"population":133}},{"type":"Feature","id":2136,"geometry":{"type":"Polygon","coordinates":[[[17.98718,59.30125],[17.98991,59.302],[17.99264,59.30137],[17.99265,59.30001],[17.98993,59.29925],[17.9872,59.29988],[17.98718,59.30125]]]},"properties":{"zone":1,"cell_type":"spatial isolation","proximity":2944.8,"opportunity":9315.5,"population":428}},{"type":"Feature","id":2137,"geometry":{"type":"Polygon","coordinates":[[[18.03853,59.32863],[18.0414,59.32942],[18.04428,59.32876],[18.04429,59.32731],[18.04142,59.32652],[18.03854,59.32718],[18.03853,59.32863]]]},"properties":{"zone":0,"cell_type":"inclusion","proximity":5734.4,"opportunity":13007.8,"population":1824}},{"type":"Feature","id":2138,"geometry":{"type":"Polygon","coordinates":[[[17.91393,59.41956],[17.91669,59.42032],[17.91947,59.41969],[17.91948,59.41831],[17.91672,59.41755],[17.91394,59.41818],[17.91393,59.41956]]]},"properties":{"zone":3,"cell_type":"total isolation","proximity":584.7,"opportunity":5497,"population":460}},{"type":"Feature","id":2139,"geometry":{"type":"Polygon","coordinates":[[[18.05867,59.30213],[18.05898,59.30221],[18.05912,59.30218],[18.05881,59.30209],[18.05867,59.30213]]]},"properties":{"zone":1,"cell_type":"spatial isolation","proximity":3871.4,"opportunity":9059.5,"population":4}},{"type":"Feature","id":2140,"geometry":{"type":"Polygon","coordinates":[[[17.98682,59.32312],[17.98968,59.32391],[17.99257,59.32325],[17.99258,59.32179],[17.98971,59.321],[17.98683,59.32166],[17.98682,59.32312]]]},"properties":{"zone":0,"cell_type":"inclusion","proximity":3227.4,"opportunity":10932.2,"population":1012}},{"type":"Feature","id":2141,"geometry":{"type":"Polygon","coordinates":[[[17.85971,59.37256],[17.86255,59.37335],[17.86541,59.37269],[17.86542,59.37126],[17.86259,59.37048],[17.85973,59.37113],[17.85971,59.37256]]]},"properties":{"zone":3,"cell_type":"total isolation","proximity":1379.1,"opportunity":6832.9,"population":542}},{"type":"Feature","id":2142,"geometry":{"type":"Polygon","coordinates":[[[18.04846,59.2522],[18.05073,59.25282],[18.05297,59.25231],[18.05298,59.25124],[18.05071,59.25061],[18.04847,59.25113],[18.04846,59.2522]]]},"properties":{"zone":3,"cell_type":"total isolation","proximity":1705.9,"opportunity":5973.3,"population":162}},{"type":"Feature","id":2143,"geometry":{"type":"Polygon","coordinates":[[[17.94065,59.39603],[17.9429,59.39665],[17.94512,59.39614],[17.94513,59.3951],[17.94288,59.39448],[17.94066,59.39498],[17.94065,59.39603]]]},"properties":{"zone":3,"cell_type":"total isolation","proximity":989.5,"opportunity":4780.3,"population":153}},{"type":"Feature","id":2144,"geometry":{"type":"Polygon","coordinates":[[[18.02156,59.30205],[18.02439,59.30283],[18.02723,59.30217],[18.02725,59.30074],[18.02442,59.29996],[18.02158,59.30062],[18.02156,59.30205]]]},"properties":{"zone":0,"cell_type":"inclusion","proximity":3965.2,"opportunity":13043.3,"population":533}},{"type":"Feature","id":2145,"geometry":{"type":"Polygon","coordinates":[[[17.90607,59.39959],[17.90831,59.40021],[17.91051,59.39971],[17.91053,59.39867],[17.90829,59.39805],[17.90608,59.39855],[17.90607,59.39959]]]},"properties":{"zone":3,"cell_type":"total isolation","proximity":994.5,"opportunity":6021.4,"population":149}},{"type":"Feature","id":2146,"geometry":{"type":"Polygon","coordinates":[[[17.94379,59.34169],[17.94636,59.3424],[17.94892,59.34181],[17.94894,59.34055],[17.94637,59.33984],[17.9438,59.34043],[17.94379,59.34169]]]},"properties":{"zone":3,"cell_type":"total isolation","proximity":2070.3,"opportunity":9006.6,"population":305}},{"type":"Feature","id":2147,"geometry":{"type":"Polygon","coordinates":[[[18.01926,59.27785],[18.02176,59.27855],[18.02424,59.27797],[18.02426,59.27676],[18.02176,59.27607],[18.01927,59.27664],[18.01926,59.27785]]]},"properties":{"zone":2,"cell_type":"social isolation","proximity":2405.9,"opportunity":9806.2,"population":262}},{"type":"Feature","id":2148,"geometry":{"type":"Polygon","coordinates":[[[18.01629,59.26693],[18.01898,59.26767],[18.02167,59.26705],[18.02169,59.26571],[18.019,59.26496],[18.0163,59.26559],[18.01629,59.26693]]]},"properties":{"zone":3,"cell_type":"total isolation","proximity":1443.5,"opportunity":6511.2,"population":398}},{"type":"Feature","id":2149,"geometry":{"type":"Polygon","coordinates":[[[18.04765,59.27859],[18.05047,59.27937],[18.05331,59.27872],[18.05332,59.27729],[18.0505,59.27651],[18.04766,59.27716],[18.04765,59.27859]]]},"properties":{"zone":0,"cell_type":"inclusion","proximity":2855.3,"opportunity":9607.8,"population":528}},{"type":"Feature","id":2150,"geometry":{"type":"Polygon","coordinates":[[[17.92861,59.39158],[17.93141,59.39236],[17.93422,59.39171],[17.93424,59.3903],[17.93144,59.38953],[17.92862,59.39017],[17.92861,59.39158]]]},"properties":{"zone":3,"cell_type":"total isolation","proximity":1136.9,"opportunity":7306.8,"population":501}},{"type":"Feature","id":2151,"geometry":{"type":"Polygon","coordinates":[[[18.10486,59.30606],[18.10773,59.30685],[18.11061,59.30619],[18.11062,59.30473],[18.10775,59.30394],[18.10487,59.30461],[18.10486,59.30606]]]},"properties":{"zone":1,"cell_type":"spatial isolation","proximity":3402,"opportunity":9127.6,"population":1504}},{"type":"Feature","id":2152,"geometry":{"type":"Polygon","coordinates":[[[17.89435,59.37333],[17.89708,59.37409],[17.89982,59.37346],[17.89984,59.37209],[17.8971,59.37134],[17.89436,59.37197],[17.89435,59.37333]]]},"properties":{"zone":3,"cell_type":"total isolation","proximity":1511.9,"opportunity":6463.4,"population":434}},{"type":"Feature","id":2153,"geometry":{"type":"Polygon","coordinates":[[[17.94408,59.34595],[17.94633,59.34657],[17.94854,59.34606],[17.94855,59.34502],[17.9463,59.3444],[17.94409,59.34491],[17.94408,59.34595]]]},"properties":{"zone":3,"cell_type":"total isolation","proximity":1777.4,"opportunity":7012.4,"population":151}},{"type":"Feature","id":2154,"geometry":{"type":"Polygon","coordinates":[[[18.08521,59.26844],[18.08792,59.26919],[18.09062,59.26856],[18.09063,59.26721],[18.08793,59.26647],[18.08522,59.26709],[18.08521,59.26844]]]},"properties":{"zone":3,"cell_type":"total isolation","proximity":2581.3,"opportunity":8213.9,"population":410}},{"type":"Feature","id":2155,"geometry":{"type":"Polygon","coordinates":[[[17.93827,59.29363],[17.94113,59.29442],[17.944,59.29376],[17.94401,59.29231],[17.94116,59.29152],[17.93829,59.29218],[17.93827,59.29363]]]},"properties":{"zone":2,"cell_type":"social isolation","proximity":1494.3,"opportunity":9329.1,"population":566}},{"type":"Feature","id":2156,"geometry":{"type":"Polygon","coordinates":[[[17.82509,59.38046],[17.82792,59.38125],[17.83076,59.3806],[17.83078,59.37917],[17.82795,59.37839],[17.82511,59.37904],[17.82509,59.38046]]]},"properties":{"zone":3,"cell_type":"total isolation","proximity":924.1,"opportunity":4026,"population":531}},{"type":"Feature","id":2157,"geometry":{"type":"Polygon","coordinates":[[[18.02413,59.3305],[18.027,59.33129],[18.02988,59.33063],[18.02989,59.32917],[18.02703,59.32838],[18.02414,59.32904],[18.02413,59.3305]]]},"properties":{"zone":0,"cell_type":"inclusion","proximity":5419.3,"opportunity":13385.9,"population":1413}},{"type":"Feature","id":2158,"geometry":{"type":"Polygon","coordinates":[[[17.92376,59.34337],[17.92621,59.34405],[17.92864,59.34349],[17.92865,59.34231],[17.92621,59.34164],[17.92378,59.3422],[17.92376,59.34337]]]},"properties":{"zone":3,"cell_type":"total isolation","proximity":1833.1,"opportunity":8996.4,"population":234}},{"type":"Feature","id":2159,"geometry":{"type":"Polygon","coordinates":[[[18.05058,59.26774],[18.05344,59.26853],[18.05632,59.26787],[18.05633,59.26641],[18.05347,59.26562],[18.05059,59.26629],[18.05058,59.26774]]]},"properties":{"zone":3,"cell_type":"total isolation","proximity":2418.7,"opportunity":8095.4,"population":636}},{"type":"Feature","id":2160,"geometry":{"type":"Polygon","coordinates":[[[18.09963,59.24039],[18.1025,59.24118],[18.10538,59.24051],[18.10539,59.23906],[18.10252,59.23827],[18.09965,59.23893],[18.09963,59.24039]]]},"properties":{"zone":2,"cell_type":"social isolation","proximity":1248.1,"opportunity":9590,"population":655}},{"type":"Feature","id":2161,"geometry":{"type":"Polygon","coordinates":[[[17.91831,59.29095],[17.92104,59.29171],[17.92379,59.29108],[17.9238,59.28971],[17.92107,59.28895],[17.91832,59.28958],[17.91831,59.29095]]]},"properties":{"zone":3,"cell_type":"total isolation","proximity":1178.8,"opportunity":7009.8,"population":439}},{"type":"Feature","id":2162,"geometry":{"type":"Polygon","coordinates":[[[17.87426,59.37502],[17.87692,59.37576],[17.87958,59.37515],[17.87959,59.37383],[17.87694,59.3731],[17.87428,59.3737],[17.87426,59.37502]]]},"properties":{"zone":3,"cell_type":"total isolation","proximity":1423.8,"opportunity":6536.9,"population":369}},{"type":"Feature","id":2163,"geometry":{"type":"Polygon","coordinates":[[[17.98799,59.27923],[17.99015,59.27983],[17.99228,59.27934],[17.99229,59.27834],[17.99012,59.27775],[17.988,59.27824],[17.98799,59.27923]]]},"properties":{"zone":3,"cell_type":"total isolation","proximity":2026.3,"opportunity":7486.5,"population":128}},{"type":"Feature","id":2164,"geometry":{"type":"Polygon","coordinates":[[[18.04126,59.34397],[18.04413,59.34476],[18.04702,59.3441],[18.04703,59.34264],[18.04416,59.34185],[18.04128,59.34252],[18.04126,59.34397]]]},"properties":{"zone":0,"cell_type":"inclusion","proximity":6090,"opportunity":14893.7,"population":2400}},{"type":"Feature","id":2165,"geometry":{"type":"Polygon","coordinates":[[[17.92597,59.37624],[17.92871,59.37699],[17.93145,59.37637],[17.93146,59.375],[17.92873,59.37425],[17.92599,59.37487],[17.92597,59.37624]]]},"properties":{"zone":3,"cell_type":"total isolation","proximity":1260,"opportunity":3712.6,"population":433}},{"type":"Feature","id":2166,"geometry":{"type":"Polygon","coordinates":[[[18.13424,59.27161],[18.13675,59.2723],[18.13923,59.27173],[18.13924,59.27051],[18.13674,59.26982],[18.13425,59.2704],[18.13424,59.27161]]]},"properties":{"zone":3,"cell_type":"total isolation","proximity":1616.5,"opportunity":8076.8,"population":264}},{"type":"Feature","id":2167,"geometry":{"type":"Polygon","coordinates":[[[17.98709,59.29692],[17.98995,59.29771],[17.99282,59.29705],[17.99284,59.2956],[17.98998,59.29481],[17.9871,59.29547],[17.98709,59.29692]]]},"properties":{"zone":0,"cell_type":"inclusion","proximity":2855.7,"opportunity":10434.1,"population":569}},{"type":"Feature","id":2168,"geometry":{"type":"Polygon","coordinates":[[[18.0298,59.33935],[18.03267,59.34014],[18.03555,59.33948],[18.03556,59.33803],[18.0327,59.33724],[18.02981,59.3379],[18.0298,59.33935]]]},"properties":{"zone":0,"cell_type":"inclusion","proximity":5589.6,"opportunity":13240.6,"population":1949}},{"type":"Feature","id":2169,"geometry":{"type":"Polygon","coordinates":[[[18.06164,59.35087],[18.06422,59.35158],[18.0668,59.35098],[18.06681,59.34972],[18.06422,59.34901],[18.06165,59.3496],[18.06164,59.35087]]]},"properties":{"zone":0,"cell_type":"inclusion","proximity":5137.7,"opportunity":12151.2,"population":311}},{"type":"Feature","id":2170,"geometry":{"type":"Polygon","coordinates":[[[18.13396,59.27606],[18.1367,59.27681],[18.13945,59.27618],[18.13946,59.2748],[18.13672,59.27405],[18.13397,59.27468],[18.13396,59.27606]]]},"properties":{"zone":3,"cell_type":"total isolation","proximity":1693,"opportunity":7871.5,"population":443}},{"type":"Feature","id":2171,"geometry":{"type":"Polygon","coordinates":[[[18.03639,59.28262],[18.03895,59.28333],[18.0415,59.28274],[18.04152,59.28149],[18.03895,59.28078],[18.0364,59.28137],[18.03639,59.28262]]]},"properties":{"zone":1,"cell_type":"spatial isolation","proximity":2947.5,"opportunity":8465.5,"population":300}},{"type":"Feature","id":2172,"geometry":{"type":"Polygon","coordinates":[[[18.08732,59.34061],[18.09019,59.3414],[18.09308,59.34074],[18.09309,59.33928],[18.09022,59.33849],[18.08734,59.33916],[18.08732,59.34061]]]},"properties":{"zone":0,"cell_type":"inclusion","proximity":5343.6,"opportunity":13525.3,"population":1572}},{"type":"Feature","id":2173,"geometry":{"type":"Polygon","coordinates":[[[17.99921,59.28392],[18.00159,59.28458],[18.00395,59.28404],[18.00396,59.2829],[18.00158,59.28224],[17.99922,59.28279],[17.99921,59.28392]]]},"properties":{"zone":2,"cell_type":"social isolation","proximity":2381.6,"opportunity":9559.1,"population":206}},{"type":"Feature","id":2174,"geometry":{"type":"Polygon","coordinates":[[[18.09058,59.29483],[18.09344,59.29562],[18.09632,59.29496],[18.09634,59.2935],[18.09347,59.29271],[18.09059,59.29338],[18.09058,59.29483]]]},"properties":{"zone":0,"cell_type":"inclusion","proximity":3855,"opportunity":12192.6,"population":1324}},{"type":"Feature","id":2175,"geometry":{"type":"Polygon","coordinates":[[[17.92859,59.38724],[17.93146,59.38804],[17.93434,59.38738],[17.93436,59.38592],[17.93149,59.38513],[17.9286,59.38579],[17.92859,59.38724]]]},"properties":{"zone":3,"cell_type":"total isolation","proximity":1149.1,"opportunity":7912.8,"population":629}},{"type":"Feature","id":2176,"geometry":{"type":"Polygon","coordinates":[[[18.0245,59.2912],[18.02737,59.29199],[18.03024,59.29133],[18.03026,59.28988],[18.02739,59.28909],[18.02452,59.28975],[18.0245,59.2912]]]},"properties":{"zone":1,"cell_type":"spatial isolation","proximity":2948.5,"opportunity":8029.7,"population":574}},{"type":"Feature","id":2177,"geometry":{"type":"Polygon","coordinates":[[[18.12765,59.32983],[18.12777,59.32986],[18.12777,59.32986],[18.12765,59.32983]]]},"properties":{"zone":3,"cell_type":"total isolation","proximity":2661.6,"opportunity":5240.1,"population":1}},{"type":"Feature","id":2178,"geometry":{"type":"Polygon","coordinates":[[[17.88994,59.33802],[17.89178,59.33853],[17.89356,59.33813],[17.89357,59.33735],[17.89173,59.33684],[17.88995,59.33725],[17.88994,59.33802]]]},"properties":{"zone":3,"cell_type":"total isolation","proximity":1227.3,"opportunity":4891.2,"population":63}},{"type":"Feature","id":2179,"geometry":{"type":"Polygon","coordinates":[[[17.94992,59.31996],[17.95235,59.32063],[17.95477,59.32008],[17.95478,59.31891],[17.95235,59.31823],[17.94993,59.31879],[17.94992,59.31996]]]},"properties":{"zone":3,"cell_type":"total isolation","proximity":1570.2,"opportunity":7004.4,"population":228}},{"type":"Feature","id":2180,"geometry":{"type":"Polygon","coordinates":[[[18.05046,59.35922],[18.05265,59.35982],[18.05481,59.35933],[18.05482,59.35831],[18.05262,59.35771],[18.05046,59.35821],[18.05046,59.35922]]]},"properties":{"zone":1,"cell_type":"spatial isolation","proximity":3715.5,"opportunity":8685.3,"population":136}},{"type":"Feature","id":2181,"geometry":{"type":"Polygon","coordinates":[[[18.02425,59.3174],[18.02712,59.3182],[18.03,59.31753],[18.03002,59.31608],[18.02715,59.31529],[18.02427,59.31595],[18.02425,59.3174]]]},"properties":{"zone":0,"cell_type":"inclusion","proximity":4643,"opportunity":12235.9,"population":1067}},{"type":"Feature","id":2182,"geometry":{"type":"Polygon","coordinates":[[[17.82841,59.36086],[17.83106,59.36159],[17.83371,59.36099],[17.83373,59.35968],[17.83108,59.35894],[17.82843,59.35955],[17.82841,59.36086]]]},"properties":{"zone":3,"cell_type":"total isolation","proximity":881.3,"opportunity":6377.2,"population":361}},{"type":"Feature","id":2183,"geometry":{"type":"Polygon","coordinates":[[[18.04444,59.3113],[18.0473,59.31209],[18.05019,59.31143],[18.0502,59.30997],[18.04733,59.30918],[18.04445,59.30984],[18.04444,59.3113]]]},"properties":{"zone":0,"cell_type":"inclusion","proximity":4975,"opportunity":11071.5,"population":764}},{"type":"Feature","id":2184,"geometry":{"type":"Polygon","coordinates":[[[17.99537,59.32694],[17.99549,59.32697],[17.99549,59.32697],[17.99537,59.32694]]]},"properties":{"zone":0,"cell_type":"inclusion","proximity":3274.3,"opportunity":10542.7,"population":2}},{"type":"Feature","id":2185,"geometry":{"type":"Polygon","coordinates":[[[18.09975,59.23599],[18.10254,59.23676],[18.10533,59.23611],[18.10534,59.23471],[18.10255,59.23394],[18.09977,59.23459],[18.09975,59.23599]]]},"properties":{"zone":2,"cell_type":"social isolation","proximity":1029.3,"opportunity":9684.5,"population":486}},{"type":"Feature","id":2186,"geometry":{"type":"Polygon","coordinates":[[[18.07585,59.336],[18.07872,59.33679],[18.08161,59.33612],[18.08162,59.33467],[18.07875,59.33388],[18.07587,59.33454],[18.07585,59.336]]]},"properties":{"zone":0,"cell_type":"inclusion","proximity":6376.1,"opportunity":13940.7,"population":1296}},{"type":"Feature","id":2187,"geometry":{"type":"Polygon","coordinates":[[[18.05376,59.25682],[18.05642,59.25755],[18.05908,59.25694],[18.05909,59.25561],[18.05643,59.25488],[18.05377,59.25549],[18.05376,59.25682]]]},"properties":{"zone":3,"cell_type":"total isolation","proximity":1617.9,"opportunity":5847.3,"population":373}},{"type":"Feature","id":2188,"geometry":{"type":"Polygon","coordinates":[[[18.07783,59.35716],[18.07863,59.35738],[18.07928,59.35723],[18.07928,59.35714],[18.07848,59.35692],[18.07783,59.35707],[18.07783,59.35716]]]},"properties":{"zone":1,"cell_type":"spatial isolation","proximity":3442.9,"opportunity":7933.1,"population":7}},{"type":"Feature","id":2189,"geometry":{"type":"Polygon","coordinates":[[[17.94571,59.40071],[17.94858,59.4015],[17.95147,59.40084],[17.95148,59.39939],[17.94861,59.3986],[17.94573,59.39926],[17.94571,59.40071]]]},"properties":{"zone":3,"cell_type":"total isolation","proximity":997.1,"opportunity":7228.3,"population":699}},{"type":"Feature","id":2190,"geometry":{"type":"Polygon","coordinates":[[[18.13407,59.28039],[18.13668,59.2811],[18.13927,59.2805],[18.13928,59.27922],[18.13668,59.2785],[18.13408,59.2791],[18.13407,59.28039]]]},"properties":{"zone":3,"cell_type":"total isolation","proximity":1681.3,"opportunity":5668.5,"population":328}},{"type":"Feature","id":2191,"geometry":{"type":"Polygon","coordinates":[[[18.02723,59.30655],[18.0301,59.30734],[18.03298,59.30668],[18.03299,59.30522],[18.03013,59.30443],[18.02724,59.3051],[18.02723,59.30655]]]},"properties":{"zone":0,"cell_type":"inclusion","proximity":4397.4,"opportunity":12304.5,"population":823}},{"type":"Feature","id":2192,"geometry":{"type":"Polygon","coordinates":[[[18.07311,59.32066],[18.07598,59.32145],[18.07886,59.32078],[18.07887,59.31933],[18.076,59.31854],[18.07312,59.3192],[18.07311,59.32066]]]},"properties":{"zone":0,"cell_type":"inclusion","proximity":6086.9,"opportunity":15648.9,"population":1107}},{"type":"Feature","id":2193,"geometry":{"type":"Polygon","coordinates":[[[17.98478,59.27709],[17.98729,59.27778],[17.98978,59.27721],[17.98979,59.27599],[17.98729,59.27529],[17.9848,59.27587],[17.98478,59.27709]]]},"properties":{"zone":3,"cell_type":"total isolation","proximity":1907.3,"opportunity":7378.5,"population":267}},{"type":"Feature","id":2194,"geometry":{"type":"Polygon","coordinates":[[[17.9143,59.3934],[17.917,59.39414],[17.91969,59.39352],[17.91971,59.39219],[17.91702,59.39144],[17.91432,59.39206],[17.9143,59.3934]]]},"properties":{"zone":3,"cell_type":"total isolation","proximity":1118.1,"opportunity":5093.4,"population":396}},{"type":"Feature","id":2195,"geometry":{"type":"Polygon","coordinates":[[[17.89208,59.35353],[17.89445,59.35418],[17.89681,59.35365],[17.89682,59.35252],[17.89444,59.35186],[17.89209,59.3524],[17.89208,59.35353]]]},"properties":{"zone":3,"cell_type":"total isolation","proximity":1615.2,"opportunity":6448.2,"population":200}},{"type":"Feature","id":2196,"geometry":{"type":"Polygon","coordinates":[[[17.95242,59.33536],[17.95505,59.33609],[17.95769,59.33548],[17.9577,59.33418],[17.95507,59.33346],[17.95243,59.33406],[17.95242,59.33536]]]},"properties":{"zone":2,"cell_type":"social isolation","proximity":2277.5,"opportunity":10991.6,"population":350}},{"type":"Feature","id":2197,"geometry":{"type":"Polygon","coordinates":[[[18.05397,59.2829],[18.05621,59.28352],[18.0584,59.28301],[18.05841,59.28197],[18.05618,59.28135],[18.05398,59.28186],[18.05397,59.2829]]]},"properties":{"zone":1,"cell_type":"spatial isolation","proximity":3130.2,"opportunity":8808.2,"population":148}},{"type":"Feature","id":2198,"geometry":{"type":"Polygon","coordinates":[[[18.14979,59.26502],[18.1512,59.2654],[18.15251,59.2651],[18.15251,59.2646],[18.15111,59.26422],[18.1498,59.26452],[18.14979,59.26502]]]},"properties":{"zone":3,"cell_type":"total isolation","proximity":786.3,"opportunity":4256.8,"population":25}},{"type":"Feature","id":2199,"geometry":{"type":"Polygon","coordinates":[[[18.03752,59.291],[18.03892,59.29138],[18.04023,59.29108],[18.04023,59.29059],[18.03883,59.2902],[18.03752,59.2905],[18.03752,59.291]]]},"properties":{"zone":1,"cell_type":"spatial isolation","proximity":3107.7,"opportunity":9247.4,"population":25}},{"type":"Feature","id":2200,"geometry":{"type":"Polygon","coordinates":[[[17.88013,59.36209],[17.88283,59.36283],[17.88554,59.36221],[17.88555,59.36087],[17.88285,59.36012],[17.88014,59.36074],[17.88013,59.36209]]]},"properties":{"zone":3,"cell_type":"total isolation","proximity":1511.7,"opportunity":5920.7,"population":405}},{"type":"Feature","id":2201,"geometry":{"type":"Polygon","coordinates":[[[17.96161,59.32016],[17.96386,59.32078],[17.96608,59.32027],[17.96609,59.31922],[17.96384,59.3186],[17.96162,59.31911],[17.96161,59.32016]]]},"properties":{"zone":3,"cell_type":"total isolation","proximity":1834.1,"opportunity":7535.9,"population":153}},{"type":"Feature","id":2202,"geometry":{"type":"Polygon","coordinates":[[[17.79549,59.38127],[17.79633,59.3815],[17.79703,59.38134],[17.79703,59.38122],[17.79619,59.38099],[17.79549,59.38115],[17.79549,59.38127]]]},"properties":{"zone":3,"cell_type":"total isolation","proximity":567.3,"opportunity":3199.8,"population":7}},{"type":"Feature","id":2203,"geometry":{"type":"Polygon","coordinates":[[[18.09373,59.26212],[18.09658,59.26291],[18.09944,59.26224],[18.09945,59.2608],[18.0966,59.26001],[18.09374,59.26067],[18.09373,59.26212]]]},"properties":{"zone":3,"cell_type":"total isolation","proximity":2291.8,"opportunity":8246.4,"population":558}},{"type":"Feature","id":2204,"geometry":{"type":"Polygon","coordinates":[[[18.11713,59.25376],[18.11964,59.25446],[18.12214,59.25388],[18.12214,59.25266],[18.11964,59.25196],[18.11714,59.25254],[18.11713,59.25376]]]},"properties":{"zone":3,"cell_type":"total isolation","proximity":1376.3,"opportunity":6226.2,"population":269}},{"type":"Feature","id":2205,"geometry":{"type":"Polygon","coordinates":[[[17.94702,59.28726],[17.94982,59.28803],[17.95263,59.28739],[17.95264,59.28598],[17.94984,59.2852],[17.94703,59.28585],[17.94702,59.28726]]]},"properties":{"zone":3,"cell_type":"total isolation","proximity":1665,"opportunity":7463.8,"population":501}},{"type":"Feature","id":2206,"geometry":{"type":"Polygon","coordinates":[[[17.97808,59.33384],[17.98095,59.33463],[17.98383,59.33397],[17.98384,59.33251],[17.98098,59.33172],[17.97809,59.33238],[17.97808,59.33384]]]},"properties":{"zone":0,"cell_type":"inclusion","proximity":3073.2,"opportunity":10025.4,"population":785}},{"type":"Feature","id":2207,"geometry":{"type":"Polygon","coordinates":[[[17.93093,59.34743],[17.93197,59.34771],[17.93289,59.3475],[17.93289,59.34725],[17.93185,59.34696],[17.93093,59.34717],[17.93093,59.34743]]]},"properties":{"zone":3,"cell_type":"total isolation","proximity":1570.6,"opportunity":5315.7,"population":11}},{"type":"Feature","id":2208,"geometry":{"type":"Polygon","coordinates":[[[18.03787,59.25603],[18.03924,59.25641],[18.04051,59.25611],[18.04051,59.25564],[18.03915,59.25527],[18.03788,59.25556],[18.03787,59.25603]]]},"properties":{"zone":3,"cell_type":"total isolation","proximity":1666.8,"opportunity":6542.7,"population":23}},{"type":"Feature","id":2209,"geometry":{"type":"Polygon","coordinates":[[[18.0881,59.24888],[18.09095,59.24967],[18.0938,59.249],[18.09382,59.24756],[18.09097,59.24677],[18.08811,59.24744],[18.0881,59.24888]]]},"properties":{"zone":3,"cell_type":"total isolation","proximity":1752.7,"opportunity":7250.7,"population":557}},{"type":"Feature","id":2210,"geometry":{"type":"Polygon","coordinates":[[[17.91408,59.41517],[17.91675,59.41591],[17.91942,59.4153],[17.91943,59.41398],[17.91676,59.41325],[17.9141,59.41386],[17.91408,59.41517]]]},"properties":{"zone":3,"cell_type":"total isolation","proximity":714.1,"opportunity":7647.7,"population":373}},{"type":"Feature","id":2211,"geometry":{"type":"Polygon","coordinates":[[[18.10226,59.28631],[18.10501,59.28707],[18.10777,59.28643],[18.10778,59.28505],[18.10503,59.28429],[18.10227,59.28493],[18.10226,59.28631]]]},"properties":{"zone":1,"cell_type":"spatial isolation","proximity":2941.5,"opportunity":8693.1,"population":449}},{"type":"Feature","id":2212,"geometry":{"type":"Polygon","coordinates":[[[17.92421,59.29539],[17.92675,59.29609],[17.92928,59.29551],[17.9293,59.29427],[17.92675,59.29356],[17.92422,59.29415],[17.92421,59.29539]]]},"properties":{"zone":3,"cell_type":"total isolation","proximity":1269.2,"opportunity":7117.6,"population":288}},{"type":"Feature","id":2213,"geometry":{"type":"Polygon","coordinates":[[[17.99651,59.27292],[17.99883,59.27356],[18.00112,59.27303],[18.00113,59.27193],[17.99881,59.27129],[17.99652,59.27182],[17.99651,59.27292]]]},"properties":{"zone":3,"cell_type":"total isolation","proximity":1890.2,"opportunity":6619.5,"population":179}},{"type":"Feature","id":2214,"geometry":{"type":"Polygon","coordinates":[[[18.04995,59.33762],[18.05282,59.33841],[18.0557,59.33774],[18.05572,59.33629],[18.05285,59.3355],[18.04996,59.33616],[18.04995,59.33762]]]},"properties":{"zone":0,"cell_type":"inclusion","proximity":6583.8,"opportunity":13363.1,"population":1438}},{"type":"Feature","id":2215,"geometry":{"type":"Polygon","coordinates":[[[17.86877,59.37046],[17.87123,59.37114],[17.87367,59.37058],[17.87368,59.3694],[17.87123,59.36872],[17.86879,59.36928],[17.86877,59.37046]]]},"properties":{"zone":3,"cell_type":"total isolation","proximity":1420.7,"opportunity":6834.7,"population":237}},{"type":"Feature","id":2216,"geometry":{"type":"Polygon","coordinates":[[[18.10875,59.32106],[18.11053,59.32155],[18.11223,59.32116],[18.11224,59.32042],[18.11046,59.31993],[18.10876,59.32032],[18.10875,59.32106]]]},"properties":{"zone":3,"cell_type":"total isolation","proximity":2786.3,"opportunity":6459.3,"population":55}},{"type":"Feature","id":2217,"geometry":{"type":"Polygon","coordinates":[[[18.11977,59.26044],[18.12246,59.26118],[18.12514,59.26056],[18.12515,59.25922],[18.12246,59.25848],[18.11978,59.2591],[18.11977,59.26044]]]},"properties":{"zone":3,"cell_type":"total isolation","proximity":1587.2,"opportunity":7490,"population":392}},{"type":"Feature","id":2218,"geometry":{"type":"Polygon","coordinates":[[[17.99281,59.30141],[17.99565,59.3022],[17.99851,59.30154],[17.99852,59.3001],[17.99568,59.29931],[17.99283,59.29997],[17.99281,59.30141]]]},"properties":{"zone":0,"cell_type":"inclusion","proximity":3137.1,"opportunity":10500.1,"population":548}},{"type":"Feature","id":2219,"geometry":{"type":"Polygon","coordinates":[[[17.92508,59.29948],[17.92674,59.29994],[17.92832,59.29957],[17.92832,59.29891],[17.92667,59.29846],[17.92509,59.29882],[17.92508,59.29948]]]},"properties":{"zone":3,"cell_type":"total isolation","proximity":1224.6,"opportunity":6266,"population":43}},{"type":"Feature","id":2220,"geometry":{"type":"Polygon","coordinates":[[[18.07385,59.32479],[18.07597,59.32537],[18.07805,59.32489],[18.07806,59.32393],[18.07594,59.32335],[18.07386,59.32383],[18.07385,59.32479]]]},"properties":{"zone":0,"cell_type":"inclusion","proximity":6486.1,"opportunity":14270.5,"population":116}},{"type":"Feature","id":2221,"geometry":{"type":"Polygon","coordinates":[[[17.87964,59.3883],[17.8825,59.38909],[17.88539,59.38843],[17.88541,59.38698],[17.88254,59.38618],[17.87965,59.38684],[17.87964,59.3883]]]},"properties":{"zone":3,"cell_type":"total isolation","proximity":1135.9,"opportunity":6711.5,"population":587}},{"type":"Feature","id":2222,"geometry":{"type":"Polygon","coordinates":[[[18.09304,59.3451],[18.09591,59.34589],[18.09879,59.34522],[18.09881,59.34377],[18.09594,59.34298],[18.09305,59.34365],[18.09304,59.3451]]]},"properties":{"zone":0,"cell_type":"inclusion","proximity":4411,"opportunity":10527.5,"population":894}},{"type":"Feature","id":2223,"geometry":{"type":"Polygon","coordinates":[[[17.97563,59.2923],[17.9785,59.29309],[17.98138,59.29243],[17.98139,59.29097],[17.97853,59.29018],[17.97565,59.29084],[17.97563,59.2923]]]},"properties":{"zone":3,"cell_type":"total isolation","proximity":2268.8,"opportunity":8434.3,"population":663}},{"type":"Feature","id":2224,"geometry":{"type":"Polygon","coordinates":[[[18.08261,59.26612],[18.08507,59.2668],[18.08751,59.26623],[18.08752,59.26504],[18.08506,59.26436],[18.08262,59.26493],[18.08261,59.26612]]]},"properties":{"zone":3,"cell_type":"total isolation","proximity":2401.7,"opportunity":7982.6,"population":242}},{"type":"Feature","id":2225,"geometry":{"type":"Polygon","coordinates":[[[17.81632,59.39115],[17.81914,59.39193],[17.82198,59.39129],[17.822,59.38987],[17.81917,59.38909],[17.81634,59.38973],[17.81632,59.39115]]]},"properties":{"zone":3,"cell_type":"total isolation","proximity":644.6,"opportunity":2706.5,"population":523}},{"type":"Feature","id":2226,"geometry":{"type":"Polygon","coordinates":[[[17.8945,59.36894],[17.89714,59.36967],[17.89977,59.36907],[17.89979,59.36776],[17.89715,59.36704],[17.89451,59.36764],[17.8945,59.36894]]]},"properties":{"zone":3,"cell_type":"total isolation","proximity":1545.5,"opportunity":6279.5,"population":352}},{"type":"Feature","id":2227,"geometry":{"type":"Polygon","coordinates":[[[17.9666,59.34662],[17.96931,59.34737],[17.97203,59.34674],[17.97204,59.34539],[17.96933,59.34464],[17.96662,59.34527],[17.9666,59.34662]]]},"properties":{"zone":3,"cell_type":"total isolation","proximity":2123.5,"opportunity":8369.2,"population":412}},{"type":"Feature","id":2228,"geometry":{"type":"Polygon","coordinates":[[[18.17713,59.2413],[18.17725,59.24133],[18.17725,59.24133],[18.17713,59.2413]]]},"properties":{"zone":3,"cell_type":"total isolation","proximity":293.8,"opportunity":9.3,"population":0}},{"type":"Feature","id":2229,"geometry":{"type":"Polygon","coordinates":[[[18.07901,59.30332],[18.08187,59.30411],[18.08476,59.30344],[18.08477,59.30199],[18.0819,59.3012],[18.07902,59.30186],[18.07901,59.30332]]]},"properties":{"zone":0,"cell_type":"inclusion","proximity":4744,"opportunity":11969.5,"population":1215}},{"type":"Feature","id":2230,"geometry":{"type":"Polygon","coordinates":[[[17.96139,59.29411],[17.96412,59.29487],[17.96685,59.29424],[17.96686,59.29288],[17.96413,59.29212],[17.96141,59.29275],[17.96139,59.29411]]]},"properties":{"zone":2,"cell_type":"social isolation","proximity":2123.1,"opportunity":9369.5,"population":428}},{"type":"Feature","id":2231,"geometry":{"type":"Polygon","coordinates":[[[17.88989,59.27714],[17.89248,59.27786],[17.89506,59.27726],[17.89508,59.27599],[17.89249,59.27527],[17.88991,59.27586],[17.88989,59.27714]]]},"properties":{"zone":3,"cell_type":"total isolation","proximity":577.3,"opportunity":6799.9,"population":319}},{"type":"Feature","id":2232,"geometry":{"type":"Polygon","coordinates":[[[18.13528,59.3236],[18.13642,59.32391],[18.13744,59.32367],[18.13744,59.32336],[18.1363,59.32304],[18.13528,59.32328],[18.13528,59.3236]]]},"properties":{"zone":3,"cell_type":"total isolation","proximity":2209.2,"opportunity":6845.7,"population":14}},{"type":"Feature","id":2233,"geometry":{"type":"Polygon","coordinates":[[[18.03547,59.34821],[18.03834,59.349],[18.04122,59.34833],[18.04124,59.34688],[18.03837,59.34609],[18.03548,59.34675],[18.03547,59.34821]]]},"properties":{"zone":0,"cell_type":"inclusion","proximity":5130.7,"opportunity":11762.8,"population":1981}},{"type":"Feature","id":2234,"geometry":{"type":"Polygon","coordinates":[[[17.93071,59.3214],[17.93225,59.32182],[17.93369,59.32149],[17.9337,59.32091],[17.93216,59.32049],[17.93072,59.32082],[17.93071,59.3214]]]},"properties":{"zone":3,"cell_type":"total isolation","proximity":1213.1,"opportunity":5282.2,"population":33}},{"type":"Feature","id":2235,"geometry":{"type":"Polygon","coordinates":[[[17.98261,59.31382],[17.98408,59.31423],[17.98546,59.31391],[17.98547,59.31337],[17.98399,59.31297],[17.98261,59.31328],[17.98261,59.31382]]]},"properties":{"zone":3,"cell_type":"total isolation","proximity":2794,"opportunity":6942.9,"population":29}},{"type":"Feature","id":2236,"geometry":{"type":"Polygon","coordinates":[[[17.86254,59.38784],[17.86524,59.38859],[17.86795,59.38797],[17.86797,59.38663],[17.86527,59.38588],[17.86256,59.3865],[17.86254,59.38784]]]},"properties":{"zone":3,"cell_type":"total isolation","proximity":1085.3,"opportunity":4022,"population":406}},{"type":"Feature","id":2237,"geometry":{"type":"Polygon","coordinates":[[[18.06146,59.33787],[18.06433,59.33866],[18.06721,59.33799],[18.06722,59.33654],[18.06435,59.33575],[18.06147,59.33641],[18.06146,59.33787]]]},"properties":{"zone":0,"cell_type":"inclusion","proximity":6809.8,"opportunity":15485.4,"population":1778}},{"type":"Feature","id":2238,"geometry":{"type":"Polygon","coordinates":[[[17.90912,59.36703],[17.91156,59.3677],[17.91398,59.36715],[17.91399,59.36598],[17.91155,59.3653],[17.90913,59.36586],[17.90912,59.36703]]]},"properties":{"zone":3,"cell_type":"total isolation","proximity":1535.8,"opportunity":4563.8,"population":229}},{"type":"Feature","id":2239,"geometry":{"type":"Polygon","coordinates":[[[18.10207,59.29508],[18.10494,59.29587],[18.10782,59.29521],[18.10783,59.29375],[18.10496,59.29296],[18.10208,59.29363],[18.10207,59.29508]]]},"properties":{"zone":0,"cell_type":"inclusion","proximity":3329.3,"opportunity":11914.6,"population":1040}},{"type":"Feature","id":2240,"geometry":{"type":"Polygon","coordinates":[[[17.81701,59.36924],[17.81945,59.36992],[17.82187,59.36936],[17.82189,59.36819],[17.81945,59.36751],[17.81702,59.36807],[17.81701,59.36924]]]},"properties":{"zone":3,"cell_type":"total isolation","proximity":766.6,"opportunity":4329.1,"population":231}},{"type":"Feature","id":2241,"geometry":{"type":"Polygon","coordinates":[[[18.05015,59.31579],[18.05302,59.31658],[18.0559,59.31592],[18.05591,59.31446],[18.05304,59.31367],[18.05016,59.31434],[18.05015,59.31579]]]},"properties":{"zone":0,"cell_type":"inclusion","proximity":5540.8,"opportunity":13424.5,"population":1478}},{"type":"Feature","id":2242,"geometry":{"type":"Polygon","coordinates":[[[18.08478,59.35133],[18.08724,59.35201],[18.08969,59.35144],[18.0897,59.35026],[18.08723,59.34958],[18.08479,59.35014],[18.08478,59.35133]]]},"properties":{"zone":1,"cell_type":"spatial isolation","proximity":4277.1,"opportunity":9032.8,"population":241}},{"type":"Feature","id":2243,"geometry":{"type":"Polygon","coordinates":[[[18.09687,59.30786],[18.09911,59.30848],[18.10132,59.30797],[18.10133,59.30693],[18.09908,59.30631],[18.09688,59.30682],[18.09687,59.30786]]]},"properties":{"zone":0,"cell_type":"inclusion","proximity":3817.8,"opportunity":9849,"population":151}},{"type":"Feature","id":2244,"geometry":{"type":"Polygon","coordinates":[[[18.14336,59.27383],[18.14537,59.27438],[18.14732,59.27392],[18.14733,59.27303],[18.14532,59.27248],[18.14337,59.27293],[18.14336,59.27383]]]},"properties":{"zone":3,"cell_type":"total isolation","proximity":1351,"opportunity":5299.9,"population":91}},{"type":"Feature","id":2245,"geometry":{"type":"Polygon","coordinates":[[[18.01565,59.31503],[18.01852,59.31582],[18.0214,59.31516],[18.02141,59.3137],[18.01855,59.31291],[18.01566,59.31358],[18.01565,59.31503]]]},"properties":{"zone":0,"cell_type":"inclusion","proximity":4141.1,"opportunity":12334.5,"population":748}},{"type":"Feature","id":2246,"geometry":{"type":"Polygon","coordinates":[[[17.87992,59.39689],[17.88241,59.39758],[17.88489,59.39702],[17.88491,59.39581],[17.88242,59.39512],[17.87994,59.39569],[17.87992,59.39689]]]},"properties":{"zone":3,"cell_type":"total isolation","proximity":889.1,"opportunity":5953.1,"population":257}},{"type":"Feature","id":2247,"geometry":{"type":"Polygon","coordinates":[[[17.87844,59.34211],[17.88023,59.3426],[17.88196,59.34221],[17.88197,59.34146],[17.88017,59.34096],[17.87845,59.34136],[17.87844,59.34211]]]},"properties":{"zone":3,"cell_type":"total isolation","proximity":1171,"opportunity":6283.9,"population":58}},{"type":"Feature","id":2248,"geometry":{"type":"Polygon","coordinates":[[[17.91956,59.33843],[17.92057,59.33871],[17.92146,59.33851],[17.92146,59.33827],[17.92044,59.33799],[17.91956,59.33819],[17.91956,59.33843]]]},"properties":{"zone":3,"cell_type":"total isolation","proximity":1472,"opportunity":7615.8,"population":11}},{"type":"Feature","id":2249,"geometry":{"type":"Polygon","coordinates":[[[18.04474,59.28507],[18.04754,59.28585],[18.05035,59.2852],[18.05036,59.28379],[18.04756,59.28301],[18.04476,59.28366],[18.04474,59.28507]]]},"properties":{"zone":3,"cell_type":"total isolation","proximity":2808.8,"opportunity":7589.1,"population":501}},{"type":"Feature","id":2250,"geometry":{"type":"Polygon","coordinates":[[[17.8998,59.28783],[17.90103,59.28817],[17.90214,59.28791],[17.90214,59.28754],[17.90092,59.2872],[17.89981,59.28745],[17.8998,59.28783]]]},"properties":{"zone":3,"cell_type":"total isolation","proximity":840.4,"opportunity":3276.8,"population":17}},{"type":"Feature","id":2251,"geometry":{"type":"Polygon","coordinates":[[[18.10013,59.3187],[18.10192,59.31919],[18.10363,59.31879],[18.10364,59.31805],[18.10185,59.31756],[18.10014,59.31795],[18.10013,59.3187]]]},"properties":{"zone":1,"cell_type":"spatial isolation","proximity":3771.5,"opportunity":8597.2,"population":56}},{"type":"Feature","id":2252,"geometry":{"type":"Polygon","coordinates":[[[17.92611,59.37185],[17.92876,59.37259],[17.93141,59.37198],[17.93143,59.37067],[17.92877,59.36993],[17.92612,59.37054],[17.92611,59.37185]]]},"properties":{"zone":3,"cell_type":"total isolation","proximity":1339.8,"opportunity":3883.7,"population":363}},{"type":"Feature","id":2253,"geometry":{"type":"Polygon","coordinates":[[[17.89891,59.33595],[17.90045,59.33638],[17.9019,59.33604],[17.90191,59.33546],[17.90037,59.33503],[17.89891,59.33537],[17.89891,59.33595]]]},"properties":{"zone":3,"cell_type":"total isolation","proximity":1242.3,"opportunity":6783.4,"population":33}},{"type":"Feature","id":2254,"geometry":{"type":"Polygon","coordinates":[[[17.96676,59.32482],[17.96954,59.32559],[17.97232,59.32495],[17.97234,59.32355],[17.96956,59.32279],[17.96678,59.32343],[17.96676,59.32482]]]},"properties":{"zone":3,"cell_type":"total isolation","proximity":2154.5,"opportunity":7222.6,"population":475}},{"type":"Feature","id":2255,"geometry":{"type":"Polygon","coordinates":[[[17.80238,59.37548],[17.80497,59.3762],[17.80756,59.37561],[17.80757,59.37434],[17.80498,59.37362],[17.8024,59.37421],[17.80238,59.37548]]]},"properties":{"zone":3,"cell_type":"total isolation","proximity":657.9,"opportunity":2726.3,"population":318}},{"type":"Feature","id":2256,"geometry":{"type":"Polygon","coordinates":[[[18.05921,59.26575],[18.06208,59.26654],[18.06496,59.26587],[18.06497,59.26442],[18.0621,59.26362],[18.05923,59.26429],[18.05921,59.26575]]]},"properties":{"zone":3,"cell_type":"total isolation","proximity":2312.9,"opportunity":7678.1,"population":666}},{"type":"Feature","id":2257,"geometry":{"type":"Polygon","coordinates":[[[17.99938,59.26209],[18.0018,59.26276],[18.00422,59.26221],[18.00423,59.26104],[18.0018,59.26037],[17.99939,59.26092],[17.99938,59.26209]]]},"properties":{"zone":3,"cell_type":"total isolation","proximity":1349.3,"opportunity":7111.2,"population":227}},{"type":"Feature","id":2258,"geometry":{"type":"Polygon","coordinates":[[[18.04725,59.31791],[18.05012,59.3187],[18.053,59.31804],[18.05302,59.31658],[18.05015,59.31579],[18.04727,59.31646],[18.04725,59.31791]]]},"properties":{"zone":0,"cell_type":"inclusion","proximity":5610.4,"opportunity":15059.2,"population":2103}},{"type":"Feature","id":2259,"geometry":{"type":"Polygon","coordinates":[[[17.96717,59.3421],[17.96938,59.34271],[17.97156,59.34221],[17.97157,59.34119],[17.96936,59.34057],[17.96718,59.34107],[17.96717,59.3421]]]},"properties":{"zone":2,"cell_type":"social isolation","proximity":2189.4,"opportunity":10463.7,"population":142}},{"type":"Feature","id":2260,"geometry":{"type":"Polygon","coordinates":[[[17.91841,59.35616],[17.92033,59.3567],[17.9222,59.35627],[17.92221,59.35543],[17.92028,59.3549],[17.91842,59.35533],[17.91841,59.35616]]]},"properties":{"zone":3,"cell_type":"total isolation","proximity":1637.6,"opportunity":5946.1,"population":76}},{"type":"Feature","id":2261,"geometry":{"type":"Polygon","coordinates":[[[18.02516,59.26487],[18.02763,59.26555],[18.03009,59.26498],[18.0301,59.26378],[18.02762,59.2631],[18.02517,59.26367],[18.02516,59.26487]]]},"properties":{"zone":3,"cell_type":"total isolation","proximity":1905.9,"opportunity":6624.4,"population":249}},{"type":"Feature","id":2262,"geometry":{"type":"Polygon","coordinates":[[[18.09432,59.25322],[18.09667,59.25387],[18.099,59.25333],[18.09901,59.25221],[18.09666,59.25156],[18.09433,59.2521],[18.09432,59.25322]]]},"properties":{"zone":3,"cell_type":"total isolation","proximity":1784.7,"opportunity":5586.2,"population":193}},{"type":"Feature","id":2263,"geometry":{"type":"Polygon","coordinates":[[[17.94079,59.33949],[17.9435,59.34024],[17.94622,59.33961],[17.94623,59.33826],[17.94352,59.33751],[17.9408,59.33814],[17.94079,59.33949]]]},"properties":{"zone":2,"cell_type":"social isolation","proximity":2124.3,"opportunity":9902.8,"population":414}},{"type":"Feature","id":2264,"geometry":{"type":"Polygon","coordinates":[[[17.92277,59.40884],[17.92546,59.40959],[17.92815,59.40897],[17.92816,59.40764],[17.92548,59.4069],[17.92279,59.40751],[17.92277,59.40884]]]},"properties":{"zone":3,"cell_type":"total isolation","proximity":814,"opportunity":6251.4,"population":390}},{"type":"Feature","id":2265,"geometry":{"type":"Polygon","coordinates":[[[17.93256,59.28914],[17.93543,59.28993],[17.93831,59.28927],[17.93832,59.28781],[17.93546,59.28702],[17.93258,59.28768],[17.93256,59.28914]]]},"properties":{"zone":3,"cell_type":"total isolation","proximity":1427.9,"opportunity":6988.1,"population":720}},{"type":"Feature","id":2266,"geometry":{"type":"Polygon","coordinates":[[[17.96208,59.27649],[17.96432,59.27711],[17.96653,59.2766],[17.96654,59.27556],[17.9643,59.27494],[17.96209,59.27544],[17.96208,59.27649]]]},"properties":{"zone":3,"cell_type":"total isolation","proximity":1505.8,"opportunity":5927.3,"population":150}},{"type":"Feature","id":2267,"geometry":{"type":"Polygon","coordinates":[[[18.01552,59.32813],[18.01839,59.32892],[18.02127,59.32825],[18.02129,59.3268],[18.01842,59.32601],[18.01554,59.32667],[18.01552,59.32813]]]},"properties":{"zone":0,"cell_type":"inclusion","proximity":4996.7,"opportunity":12825.1,"population":1481}},{"type":"Feature","id":2268,"geometry":{"type":"Polygon","coordinates":[[[17.90261,59.39753],[17.90543,59.39831],[17.90826,59.39766],[17.90827,59.39624],[17.90546,59.39546],[17.90263,59.39611],[17.90261,59.39753]]]},"properties":{"zone":3,"cell_type":"total isolation","proximity":1067,"opportunity":6961.6,"population":517}},{"type":"Feature","id":2269,"geometry":{"type":"Polygon","coordinates":[[[18.07579,59.25013],[18.07665,59.25036],[18.07737,59.2502],[18.07737,59.25006],[18.07651,59.24983],[18.07579,59.24999],[18.07579,59.25013]]]},"properties":{"zone":3,"cell_type":"total isolation","proximity":1734.4,"opportunity":3765.2,"population":8}},{"type":"Feature","id":2270,"geometry":{"type":"Polygon","coordinates":[[[17.91999,59.38921],[17.9228,59.38999],[17.92562,59.38934],[17.92564,59.38792],[17.92283,59.38715],[17.92,59.38779],[17.91999,59.38921]]]},"properties":{"zone":3,"cell_type":"total isolation","proximity":1171,"opportunity":7199.6,"population":513}},{"type":"Feature","id":2271,"geometry":{"type":"Polygon","coordinates":[[[18.10889,59.26873],[18.11093,59.26929],[18.11292,59.26883],[18.11292,59.26792],[18.11088,59.26736],[18.10889,59.26782],[18.10889,59.26873]]]},"properties":{"zone":3,"cell_type":"total isolation","proximity":2042.7,"opportunity":5925.5,"population":98}},{"type":"Feature","id":2272,"geometry":{"type":"Polygon","coordinates":[[[18.08888,59.32273],[18.09039,59.32314],[18.09181,59.32281],[18.09182,59.32225],[18.09031,59.32184],[18.08888,59.32216],[18.08888,59.32273]]]},"properties":{"zone":0,"cell_type":"inclusion","proximity":3997.7,"opportunity":9416.1,"population":31}},{"type":"Feature","id":2273,"geometry":{"type":"Polygon","coordinates":[[[18.08175,59.31866],[18.08462,59.31945],[18.0875,59.31879],[18.08752,59.31733],[18.08465,59.31654],[18.08177,59.31721],[18.08175,59.31866]]]},"properties":{"zone":0,"cell_type":"inclusion","proximity":4959.4,"opportunity":12595.6,"population":684}},{"type":"Feature","id":2274,"geometry":{"type":"Polygon","coordinates":[[[18.00394,59.3366],[18.00681,59.33739],[18.00969,59.33673],[18.0097,59.33527],[18.00683,59.33448],[18.00395,59.33514],[18.00394,59.3366]]]},"properties":{"zone":0,"cell_type":"inclusion","proximity":3812.8,"opportunity":12336.1,"population":1056}},{"type":"Feature","id":2275,"geometry":{"type":"Polygon","coordinates":[[[17.93751,59.36345],[17.94036,59.36424],[17.94321,59.36358],[17.94323,59.36215],[17.94039,59.36136],[17.93753,59.36202],[17.93751,59.36345]]]},"properties":{"zone":3,"cell_type":"total isolation","proximity":1564.6,"opportunity":5861,"population":548}},{"type":"Feature","id":2276,"geometry":{"type":"Polygon","coordinates":[[[18.07641,59.28357],[18.07917,59.28433],[18.08194,59.28369],[18.08195,59.2823],[18.07919,59.28154],[18.07642,59.28218],[18.07641,59.28357]]]},"properties":{"zone":0,"cell_type":"inclusion","proximity":3417.2,"opportunity":9721.2,"population":464}},{"type":"Feature","id":2277,"geometry":{"type":"Polygon","coordinates":[[[18.01062,59.27985],[18.01312,59.28054],[18.01561,59.27997],[18.01562,59.27875],[18.01312,59.27806],[18.01063,59.27863],[18.01062,59.27985]]]},"properties":{"zone":2,"cell_type":"social isolation","proximity":2495.5,"opportunity":10638.1,"population":266}},{"type":"Feature","id":2278,"geometry":{"type":"Polygon","coordinates":[[[18.01572,59.31066],[18.01856,59.31144],[18.02141,59.31078],[18.02143,59.30934],[18.01859,59.30856],[18.01573,59.30922],[18.01572,59.31066]]]},"properties":{"zone":0,"cell_type":"inclusion","proximity":4177.4,"opportunity":13108.3,"population":547}},{"type":"Feature","id":2279,"geometry":{"type":"Polygon","coordinates":[[[18.114,59.2734],[18.11661,59.27412],[18.11922,59.27352],[18.11923,59.27223],[18.11662,59.27151],[18.11401,59.27211],[18.114,59.2734]]]},"properties":{"zone":3,"cell_type":"total isolation","proximity":2152.2,"opportunity":6278.7,"population":336}},{"type":"Feature","id":2280,"geometry":{"type":"Polygon","coordinates":[[[17.90354,59.3625],[17.90586,59.36314],[17.90815,59.36261],[17.90816,59.36152],[17.90584,59.36088],[17.90355,59.36141],[17.90354,59.3625]]]},"properties":{"zone":3,"cell_type":"total isolation","proximity":1661.8,"opportunity":5909.5,"population":177}},{"type":"Feature","id":2281,"geometry":{"type":"Polygon","coordinates":[[[18.06515,59.29196],[18.06761,59.29264],[18.07006,59.29207],[18.07007,59.29089],[18.06761,59.29021],[18.06516,59.29077],[18.06515,59.29196]]]},"properties":{"zone":0,"cell_type":"inclusion","proximity":3893.2,"opportunity":11274.7,"population":242}},{"type":"Feature","id":2282,"geometry":{"type":"Polygon","coordinates":[[[17.96719,59.29858],[17.96982,59.29931],[17.97245,59.2987],[17.97246,59.2974],[17.96983,59.29668],[17.96721,59.29728],[17.96719,59.29858]]]},"properties":{"zone":3,"cell_type":"total isolation","proximity":2281.2,"opportunity":7777.1,"population":347}},{"type":"Feature","id":2283,"geometry":{"type":"Polygon","coordinates":[[[18.09942,59.32762],[18.10182,59.32828],[18.1042,59.32773],[18.10421,59.32658],[18.10181,59.32592],[18.09943,59.32647],[18.09942,59.32762]]]},"properties":{"zone":1,"cell_type":"spatial isolation","proximity":4407,"opportunity":9287.8,"population":212}},{"type":"Feature","id":2284,"geometry":{"type":"Polygon","coordinates":[[[17.85391,59.38547],[17.85664,59.38622],[17.85937,59.3856],[17.85939,59.38424],[17.85666,59.38348],[17.85393,59.38411],[17.85391,59.38547]]]},"properties":{"zone":3,"cell_type":"total isolation","proximity":1063.6,"opportunity":5907.6,"population":426}},{"type":"Feature","id":2285,"geometry":{"type":"Polygon","coordinates":[[[18.11078,59.28435],[18.11365,59.28514],[18.11653,59.28447],[18.11654,59.28301],[18.11367,59.28222],[18.11079,59.28289],[18.11078,59.28435]]]},"properties":{"zone":2,"cell_type":"social isolation","proximity":2669.2,"opportunity":11915,"population":618}},{"type":"Feature","id":2286,"geometry":{"type":"Polygon","coordinates":[[[18.16167,59.25642],[18.16276,59.25672],[18.16374,59.25649],[18.16374,59.2562],[18.16264,59.2559],[18.16167,59.25613],[18.16167,59.25642]]]},"properties":{"zone":3,"cell_type":"total isolation","proximity":697.8,"opportunity":5185.8,"population":13}},{"type":"Feature","id":2287,"geometry":{"type":"Polygon","coordinates":[[[17.84248,59.3678],[17.84535,59.3686],[17.84823,59.36794],[17.84825,59.36649],[17.84538,59.36569],[17.8425,59.36635],[17.84248,59.3678]]]},"properties":{"zone":3,"cell_type":"total isolation","proximity":1194.9,"opportunity":6846.4,"population":584}},{"type":"Feature","id":2288,"geometry":{"type":"Polygon","coordinates":[[[17.91812,59.33016],[17.92061,59.33085],[17.92308,59.33028],[17.92309,59.32908],[17.92061,59.32839],[17.91814,59.32896],[17.91812,59.33016]]]},"properties":{"zone":3,"cell_type":"total isolation","proximity":1392.2,"opportunity":7128.5,"population":255}},{"type":"Feature","id":2289,"geometry":{"type":"Polygon","coordinates":[[[17.87571,59.27893],[17.8781,59.27959],[17.88048,59.27905],[17.88049,59.2779],[17.8781,59.27724],[17.87572,59.27778],[17.87571,59.27893]]]},"properties":{"zone":3,"cell_type":"total isolation","proximity":393.3,"opportunity":2276,"population":210}},{"type":"Feature","id":2290,"geometry":{"type":"Polygon","coordinates":[[[17.86811,59.39238],[17.87094,59.39316],[17.87379,59.39251],[17.87381,59.39108],[17.87097,59.3903],[17.86812,59.39095],[17.86811,59.39238]]]},"properties":{"zone":3,"cell_type":"total isolation","proximity":1026.2,"opportunity":6243.9,"population":537}},{"type":"Feature","id":2291,"geometry":{"type":"Polygon","coordinates":[[[18.06717,59.34236],[18.07004,59.34315],[18.07292,59.34248],[18.07294,59.34103],[18.07007,59.34024],[18.06718,59.3409],[18.06717,59.34236]]]},"properties":{"zone":0,"cell_type":"inclusion","proximity":6319.5,"opportunity":12835.4,"population":629}},{"type":"Feature","id":2292,"geometry":{"type":"Polygon","coordinates":[[[18.05306,59.36589],[18.05546,59.36655],[18.05785,59.366],[18.05786,59.36485],[18.05545,59.36419],[18.05307,59.36474],[18.05306,59.36589]]]},"properties":{"zone":0,"cell_type":"inclusion","proximity":2992.3,"opportunity":11711.4,"population":213}},{"type":"Feature","id":2293,"geometry":{"type":"Polygon","coordinates":[[[18.07315,59.31629],[18.07602,59.31708],[18.0789,59.31642],[18.07891,59.31496],[18.07604,59.31417],[18.07316,59.31484],[18.07315,59.31629]]]},"properties":{"zone":0,"cell_type":"inclusion","proximity":5926.9,"opportunity":15322.7,"population":2273}},{"type":"Feature","id":2294,"geometry":{"type":"Polygon","coordinates":[[[17.89555,59.41205],[17.89668,59.41237],[17.8977,59.41213],[17.8977,59.41182],[17.89657,59.41151],[17.89555,59.41174],[17.89555,59.41205]]]},"properties":{"zone":3,"cell_type":"total isolation","proximity":452,"opportunity":4239.6,"population":14}},{"type":"Feature","id":2295,"geometry":{"type":"Polygon","coordinates":[[[18.11125,59.28856],[18.11363,59.28922],[18.11599,59.28867],[18.116,59.28754],[18.11362,59.28688],[18.11126,59.28743],[18.11125,59.28856]]]},"properties":{"zone":3,"cell_type":"total isolation","proximity":2738.3,"opportunity":8581.1,"population":203}},{"type":"Feature","id":2296,"geometry":{"type":"Polygon","coordinates":[[[18.01309,59.29528],[18.01584,59.29604],[18.01859,59.2954],[18.0186,59.29403],[18.01585,59.29327],[18.0131,59.2939],[18.01309,59.29528]]]},"properties":{"zone":1,"cell_type":"spatial isolation","proximity":3215.3,"opportunity":8888.1,"population":446}},{"type":"Feature","id":2297,"geometry":{"type":"Polygon","coordinates":[[[17.94704,59.30031],[17.94968,59.30104],[17.95232,59.30043],[17.95233,59.29913],[17.9497,59.2984],[17.94706,59.299],[17.94704,59.30031]]]},"properties":{"zone":3,"cell_type":"total isolation","proximity":1744.3,"opportunity":8218.1,"population":356}},{"type":"Feature","id":2298,"geometry":{"type":"Polygon","coordinates":[[[17.97062,59.27017],[17.973,59.27083],[17.97536,59.27029],[17.97537,59.26915],[17.97299,59.26849],[17.97063,59.26903],[17.97062,59.27017]]]},"properties":{"zone":3,"cell_type":"total isolation","proximity":1393.3,"opportunity":5902.6,"population":204}},{"type":"Feature","id":2299,"geometry":{"type":"Polygon","coordinates":[[[17.88829,59.38632],[17.89116,59.38711],[17.89405,59.38645],[17.89407,59.385],[17.8912,59.3842],[17.88831,59.38486],[17.88829,59.38632]]]},"properties":{"zone":3,"cell_type":"total isolation","proximity":1253.5,"opportunity":7679.7,"population":644}},{"type":"Feature","id":2300,"geometry":{"type":"Polygon","coordinates":[[[18.01544,59.33685],[18.01831,59.33765],[18.02119,59.33698],[18.02121,59.33553],[18.01834,59.33474],[18.01545,59.3354],[18.01544,59.33685]]]},"properties":{"zone":0,"cell_type":"inclusion","proximity":4748.5,"opportunity":13229.4,"population":860}},{"type":"Feature","id":2301,"geometry":{"type":"Polygon","coordinates":[[[17.90001,59.29212],[17.90099,59.29239],[17.90183,59.29219],[17.90183,59.29198],[17.90086,59.29171],[17.90001,59.29191],[17.90001,59.29212]]]},"properties":{"zone":3,"cell_type":"total isolation","proximity":772.7,"opportunity":2501.2,"population":10}},{"type":"Feature","id":2302,"geometry":{"type":"Polygon","coordinates":[[[18.09085,59.35571],[18.09298,59.35629],[18.09505,59.35581],[18.09506,59.35485],[18.09294,59.35427],[18.09086,59.35475],[18.09085,59.35571]]]},"properties":{"zone":0,"cell_type":"inclusion","proximity":3441.8,"opportunity":9617.8,"population":116}},{"type":"Feature","id":2303,"geometry":{"type":"Polygon","coordinates":[[[18.00138,59.30379],[18.00425,59.30459],[18.00713,59.30392],[18.00715,59.30247],[18.00428,59.30168],[18.0014,59.30234],[18.00138,59.30379]]]},"properties":{"zone":0,"cell_type":"inclusion","proximity":3491.5,"opportunity":10727.8,"population":665}},{"type":"Feature","id":2304,"geometry":{"type":"Polygon","coordinates":[[[18.11633,59.34551],[18.11894,59.34623],[18.12154,59.34563],[18.12155,59.34435],[18.11894,59.34363],[18.11634,59.34423],[18.11633,59.34551]]]},"properties":{"zone":3,"cell_type":"total isolation","proximity":2824.7,"opportunity":7382.7,"population":330}},{"type":"Feature","id":2305,"geometry":{"type":"Polygon","coordinates":[[[17.88863,59.39056],[17.89113,59.39125],[17.89362,59.39068],[17.89363,59.38947],[17.89113,59.38878],[17.88864,59.38935],[17.88863,59.39056]]]},"properties":{"zone":3,"cell_type":"total isolation","proximity":1089.2,"opportunity":6427.6,"population":261}},{"type":"Feature","id":2306,"geometry":{"type":"Polygon","coordinates":[[[17.86809,59.35021],[17.86867,59.35037],[17.8691,59.35027],[17.86851,59.35011],[17.86809,59.35021]]]},"properties":{"zone":3,"cell_type":"total isolation","proximity":1198.8,"opportunity":5747.9,"population":5}},{"type":"Feature","id":2307,"geometry":{"type":"Polygon","coordinates":[[[17.92686,59.3325],[17.92921,59.33315],[17.93155,59.33262],[17.93156,59.3315],[17.9292,59.33085],[17.92687,59.33138],[17.92686,59.3325]]]},"properties":{"zone":3,"cell_type":"total isolation","proximity":1516.6,"opportunity":5560.5,"population":193}},{"type":"Feature","id":2308,"geometry":{"type":"Polygon","coordinates":[[[18.07622,59.29234],[18.07909,59.29313],[18.08197,59.29246],[18.08198,59.29101],[18.07912,59.29022],[18.07624,59.29088],[18.07622,59.29234]]]},"properties":{"zone":0,"cell_type":"inclusion","proximity":3879.9,"opportunity":11315.9,"population":601}},{"type":"Feature","id":2309,"geometry":{"type":"Polygon","coordinates":[[[17.92829,59.41339],[17.93116,59.41418],[17.93405,59.41352],[17.93407,59.41207],[17.93119,59.41128],[17.92831,59.41194],[17.92829,59.41339]]]},"properties":{"zone":3,"cell_type":"total isolation","proximity":821.7,"opportunity":6899,"population":734}},{"type":"Feature","id":2310,"geometry":{"type":"Polygon","coordinates":[[[18.05052,59.28955],[18.05325,59.2903],[18.05599,59.28967],[18.056,59.2883],[18.05327,59.28755],[18.05053,59.28818],[18.05052,59.28955]]]},"properties":{"zone":1,"cell_type":"spatial isolation","proximity":3441,"opportunity":9157.5,"population":432}},{"type":"Feature","id":2311,"geometry":{"type":"Polygon","coordinates":[[[18.05335,59.37015],[18.05544,59.37072],[18.05748,59.37025],[18.05749,59.36931],[18.0554,59.36874],[18.05336,59.36921],[18.05335,59.37015]]]},"properties":{"zone":3,"cell_type":"total isolation","proximity":2457.4,"opportunity":8472.7,"population":108}},{"type":"Feature","id":2312,"geometry":{"type":"Polygon","coordinates":[[[18.03065,59.26943],[18.03332,59.27016],[18.036,59.26955],[18.03601,59.26822],[18.03334,59.26748],[18.03066,59.2681],[18.03065,59.26943]]]},"properties":{"zone":3,"cell_type":"total isolation","proximity":2177.4,"opportunity":7543.5,"population":383}},{"type":"Feature","id":2313,"geometry":{"type":"Polygon","coordinates":[[[17.89825,59.27524],[17.90111,59.27603],[17.90399,59.27537],[17.90401,59.27392],[17.90114,59.27312],[17.89826,59.27378],[17.89825,59.27524]]]},"properties":{"zone":3,"cell_type":"total isolation","proximity":662.9,"opportunity":6522.3,"population":620}},{"type":"Feature","id":2314,"geometry":{"type":"Polygon","coordinates":[[[17.90383,59.34502],[17.90607,59.34564],[17.90826,59.34514],[17.90828,59.3441],[17.90604,59.34349],[17.90385,59.34399],[17.90383,59.34502]]]},"properties":{"zone":3,"cell_type":"total isolation","proximity":1604.8,"opportunity":8406.7,"population":147}},{"type":"Feature","id":2315,"geometry":{"type":"Polygon","coordinates":[[[18.08472,59.30781],[18.08759,59.3086],[18.09047,59.30794],[18.09048,59.30648],[18.08761,59.30569],[18.08473,59.30636],[18.08472,59.30781]]]},"properties":{"zone":0,"cell_type":"inclusion","proximity":4683.3,"opportunity":11779.8,"population":855}},{"type":"Feature","id":2316,"geometry":{"type":"Polygon","coordinates":[[[17.90454,59.34046],[17.90614,59.34091],[17.90766,59.34056],[17.90767,59.33994],[17.90607,59.33949],[17.90455,59.33984],[17.90454,59.34046]]]},"properties":{"zone":3,"cell_type":"total isolation","proximity":1479.7,"opportunity":8738.3,"population":38}},{"type":"Feature","id":2317,"geometry":{"type":"Polygon","coordinates":[[[17.97821,59.31782],[17.97833,59.31786],[17.97833,59.31786],[17.97821,59.31782]]]},"properties":{"zone":3,"cell_type":"total isolation","proximity":2438,"opportunity":7322.9,"population":2}},{"type":"Feature","id":2318,"geometry":{"type":"Polygon","coordinates":[[[17.97258,59.34668],[17.97508,59.34737],[17.97755,59.3468],[17.97757,59.34559],[17.97507,59.3449],[17.9726,59.34547],[17.97258,59.34668]]]},"properties":{"zone":3,"cell_type":"total isolation","proximity":1864.7,"opportunity":7845.7,"population":258}},{"type":"Feature","id":2319,"geometry":{"type":"Polygon","coordinates":[[[17.80784,59.38005],[17.81065,59.38083],[17.81348,59.38018],[17.8135,59.37877],[17.81069,59.37799],[17.80786,59.37863],[17.80784,59.38005]]]},"properties":{"zone":3,"cell_type":"total isolation","proximity":767.3,"opportunity":4415.1,"population":513}},{"type":"Feature","id":2320,"geometry":{"type":"Polygon","coordinates":[[[18.06807,59.25932],[18.07076,59.26007],[18.07345,59.25944],[18.07346,59.2581],[18.07077,59.25736],[18.06808,59.25798],[18.06807,59.25932]]]},"properties":{"zone":3,"cell_type":"total isolation","proximity":1890.5,"opportunity":7619.5,"population":396}},{"type":"Feature","id":2321,"geometry":{"type":"Polygon","coordinates":[[[17.99198,59.31161],[17.99276,59.31183],[17.99339,59.31168],[17.99339,59.3116],[17.99261,59.31139],[17.99198,59.31153],[17.99198,59.31161]]]},"properties":{"zone":1,"cell_type":"spatial isolation","proximity":3145.6,"opportunity":9023.2,"population":6}}]}